gene,p,endpoint,fold
ATAD1_3,3.426032567626733e-07,DFI,1
FMO5_3,3.836706976694282e-07,DFI,1
CYP4V2_3,3.979231149850422e-07,DFI,1
STAMBPL1_3,2.6265780060269967e-06,DFI,1
PTEN_3,4.463583112500215e-06,DFI,1
SGMS1_3,5.247123243334333e-06,DFI,1
APOBEC3Z3_4,6.2682126066905645e-06,DFI,1
MINPP1_3,8.486589679051854e-06,DFI,1
IL34_3,9.094396042339395e-06,DFI,1
CD8B_3,2.2780011687740235e-05,DFI,1
MEX3A_3,2.7864166400267957e-05,DFI,1
GPSM3_3,2.7983566268605496e-05,DFI,1
SQOR_3,3.1295917187343914e-05,DFI,1
SPSB4_3,3.277804143822286e-05,DFI,1
PTK2B_3,3.344374153067591e-05,DFI,1
SYTL1_3,4.28927767644443e-05,DFI,1
CBX7_3,4.4172607657164377e-05,DFI,1
ZMAT1_3,4.5001559694077534e-05,DFI,1
FAS_3,4.617679569107335e-05,DFI,1
RCOR2_3,4.908240536590007e-05,DFI,1
TAPBPL_3,5.42238415287743e-05,DFI,1
ENPP5_3,6.126809873440917e-05,DFI,1
OSBPL3_3,6.195901393301888e-05,DFI,1
NIBAN1_3,6.227728202073172e-05,DFI,1
MOSPD2_3,6.361421034947119e-05,DFI,1
HNMT_3,7.506601308830103e-05,DFI,1
ADGRF1_3,9.003440757077833e-05,DFI,1
LOC477699_3,9.782420488319963e-05,DFI,1
LOC476816_3,9.784767618025415e-05,DFI,1
TNFAIP8L2_3,0.00010245206354308488,DFI,1
EVI2B_3,0.00010603317643426479,DFI,1
TRIP13_3,0.00010824610307838972,DFI,1
BLNK_3,0.00011280006093833648,DFI,1
IFI30_3,0.00012205083000010358,DFI,1
RETSAT_3,0.0001257538587139964,DFI,1
ADGRG6_3,0.00012731215778822048,DFI,1
ASAH1_3,0.0001357330763029735,DFI,1
VWA5A_3,0.00013646477033428674,DFI,1
PRDM1_3,0.0001470972061479271,DFI,1
KCTD12_3,0.00015369671582559383,DFI,1
ACOD1_3,0.0001627477084738782,DFI,1
MAB21L2_3,0.00016665617788777422,DFI,1
ANXA3_3,0.00016813108306579382,DFI,1
FGL2_3,0.0001698063568268771,DFI,1
CYP2S1_3,0.00017540154101936933,DFI,1
TSPAN33_3,0.00017690900977467754,DFI,1
BATF2_3,0.00018166981510577964,DFI,1
TLR3_3,0.0001891731449268321,DFI,1
ANKRD22_3,0.00019033710363788913,DFI,1
DENND1C_3,0.0002045634566824284,DFI,1
MEST_3,0.00020516176152299463,DFI,1
LOC119877688,0.00020845694590264228,DFI,1
STUM_3,0.0002092999569559474,DFI,1
SLAMF7_3,0.00021493816341705476,DFI,1
PRRT4_3,0.00022164915610165458,DFI,1
LHX2_3,0.000221914591939638,DFI,1
PIANP_3,0.0002224892083056785,DFI,1
LOC119874749_2,0.00022415845006819684,DFI,1
ACSS3_3,0.00023802943579755463,DFI,1
CSRP1_3,0.00023832359761052403,DFI,1
TMEM86A_3,0.0002466954676452635,DFI,1
SPN_3,0.0002556137105059978,DFI,1
TLR7_3,0.00026638429890137624,DFI,1
PYCARD_3,0.0002677578163671589,DFI,1
LOC111097086_3,0.000281125821679228,DFI,1
LMO2_3,0.00029947808016013623,DFI,1
NCKAP1L_3,0.0003003595274903269,DFI,1
XG_3,0.0003085796719346555,DFI,1
LAPTM5_3,0.00031185552999537505,DFI,1
DNA2_3,0.00032401894242500286,DFI,1
NETO1_3,0.0003243717184008831,DFI,1
PIK3AP1_3,0.0003364585556088946,DFI,1
SERPING1_3,0.0003399301788556766,DFI,1
MAP1LC3C_3,0.0003444353222217847,DFI,1
PID1_3,0.0003471591899704961,DFI,1
PARP15_3,0.0003520765992473153,DFI,1
GPR34_3,0.00036014381678957125,DFI,1
CHPT1_3,0.00036468890312625445,DFI,1
EPHA2_3,0.00036639386053157673,DFI,1
P2RX7_3,0.00036687217497705137,DFI,1
DAPP1_3,0.0004015998057606864,DFI,1
SCML2_3,0.00040305829537319,DFI,1
GRAP2_3,0.0004116552377330083,DFI,1
LOC612325_3,0.00042208906371725814,DFI,1
PAPSS2_3,0.00044032777230685233,DFI,1
TYROBP_3,0.00046572708567721595,DFI,1
GPR183_3,0.00046982678987890286,DFI,1
BTK_3,0.00047268918262964203,DFI,1
CENPV_3,0.0004937795745087954,DFI,1
HACD4_3,0.0004939354647084518,DFI,1
TBC1D9_3,0.0005117585239626019,DFI,1
SELENOP_3,0.0005215464107829384,DFI,1
APOBR_3,0.0005281721046159055,DFI,1
TMEM140_3,0.0005415384768048895,DFI,1
STXBP2_3,0.0005468843775175544,DFI,1
INPP5D_3,0.0005520131323664678,DFI,1
PIK3IP1_3,0.0005577032753497595,DFI,1
LOC119876408,0.0005600329907594404,DFI,1
B2M_3,0.0005699259193188829,DFI,1
TNFRSF14_3,0.0005727883787921303,DFI,1
SLC6A6_3,0.000574029946698073,DFI,1
ADA2_3,0.000579169008755218,DFI,1
CSF1R_3,0.0005812442195642566,DFI,1
BIRC3_3,0.0005878365173238009,DFI,1
SPC24_3,0.0005925207663185526,DFI,1
CASP8_3,0.0006057135998026987,DFI,1
POLE2_3,0.0006070924249367293,DFI,1
TAGAP_3,0.0006131142836019161,DFI,1
SCRN2_3,0.0006243231588973545,DFI,1
PTPRC_4,0.0006453843209594013,DFI,1
SAMD9L_3,0.0006616974658817972,DFI,1
CYTH4_3,0.0006884798540755671,DFI,1
SERTM1_3,0.0006888317306512292,DFI,1
KIAA0040_3,0.0006931575813114868,DFI,1
NCF4_3,0.0007005731934039166,DFI,1
RAB29_3,0.0007019445028521097,DFI,1
ITGBL1_3,0.0007077041950851487,DFI,1
GNA15_3,0.0007082709145321606,DFI,1
PAG1_3,0.000710169203885948,DFI,1
TRANK1_3,0.0007120307913001378,DFI,1
GBP6_3,0.0007186318855648771,DFI,1
MAOB_3,0.0007272443007089295,DFI,1
LOC106559497_3,0.0007287693624092522,DFI,1
ARHGDIB_3,0.0007314085581728942,DFI,1
SELPLG_3,0.000732206908251266,DFI,1
JCHAIN_3,0.0007393108675729418,DFI,1
RAC2_3,0.0007451991083285336,DFI,1
ADAMTS4_3,0.0007464678935799333,DFI,1
PTPN6_3,0.0007813870480511092,DFI,1
SLCO3A1_3,0.0007857334616936781,DFI,1
RGS18_3,0.0007869830903826345,DFI,1
CARD9_3,0.0007875684054394506,DFI,1
FCMR_3,0.0007971688222144187,DFI,1
DOK2_3,0.0008113476067443131,DFI,1
PTTG1_3,0.0008183381125513368,DFI,1
PTAFR_3,0.0008250784754515212,DFI,1
EPAS1_3,0.0008370851183940214,DFI,1
LPXN_3,0.0008408341813168509,DFI,1
CSF2RB_3,0.000852486447630482,DFI,1
LOC119879410,0.0008667445007412959,DFI,1
MCM5_3,0.0008750520727273463,DFI,1
E2F1_3,0.0008847972269655889,DFI,1
CTSH_3,0.0009121609239281234,DFI,1
LAT_3,0.0009161351008822736,DFI,1
CDK2AP1_3,0.0009502052051590878,DFI,1
PGAP1_3,0.0009628893839930256,DFI,1
ARRB1_3,0.0009720579316260682,DFI,1
PARP12_3,0.0009740109565854268,DFI,1
CST7_3,0.0009778345637264394,DFI,1
ST6GALNAC3_3,0.001000139613907954,DFI,1
MCTP1_3,0.0010030181317646914,DFI,1
EVA1C_3,0.0010063050967245618,DFI,1
HHIP_3,0.0010087701563527194,DFI,1
INPP4B_3,0.0010186510789955477,DFI,1
FAM107A_3,0.0010507337895707806,DFI,1
SMIM22_3,0.0010532531897141195,DFI,1
FERMT3_3,0.0010952097222214378,DFI,1
SPI1_3,0.0011244452311986826,DFI,1
LOC119868251_3,0.0011419643486301053,DFI,1
FANCM_3,0.0011581878147580674,DFI,1
EGR1_3,0.0011786206793652947,DFI,1
IFIT3_3,0.0011828447615783077,DFI,1
LOC119877532,0.0011879560350015414,DFI,1
ADORA2B_3,0.0012012127193652225,DFI,1
WAS_3,0.0012027429576256367,DFI,1
MPIG6B_3,0.001203546488410348,DFI,1
SUSD1_3,0.0012165231205541526,DFI,1
IRX1_3,0.0012322305663738568,DFI,1
TBC1D10C_3,0.0012579483615187614,DFI,1
ALOX5_3,0.0012698760255670347,DFI,1
VAV1_3,0.0012832060249715282,DFI,1
TFEC_3,0.0012953150173858887,DFI,1
RELN_3,0.0013096107716875994,DFI,1
DLA-79_3,0.0013261655077590052,DFI,1
CLCN5_3,0.0013408583405682187,DFI,1
CA5B_3,0.0013505923476822132,DFI,1
STING1_3,0.0013755131317256897,DFI,1
MARCHF1_3,0.0013761881930504773,DFI,1
LCP1_3,0.0013801762128194896,DFI,1
C9H17orf99_3,0.0013912362722986486,DFI,1
TYMS_3,0.0013939097357788992,DFI,1
LOC119869021_2,0.00141108420893967,DFI,1
MYO1G_3,0.0014227568522229394,DFI,1
FKBP7_3,0.0014366400989755624,DFI,1
MCM4_3,0.001437087805084992,DFI,1
EPHB3_3,0.001445264528924698,DFI,1
ELOVL4_3,0.0014486783389319534,DFI,1
SLC6A11_3,0.0014695686434919588,DFI,1
GSC_3,0.0014738355212585326,DFI,1
CYSLTR2_3,0.0014764734659766605,DFI,1
MCM10_3,0.001477524601379675,DFI,1
SLC13A5_3,0.001495694219090127,DFI,1
DDIT4_3,0.0015180897030467558,DFI,1
SYK_3,0.0015318703848826707,DFI,1
SERPINB8_3,0.0015348035541680606,DFI,1
LOC119878872,0.001547243136244577,DFI,1
CYTIP_3,0.0015524306341626836,DFI,1
POLE_3,0.0015543624918782604,DFI,1
RBMS3_3,0.0015585351970225018,DFI,1
AQP5_3,0.0015806555906667718,DFI,1
SELL_3,0.001592441081997667,DFI,1
GMFG_3,0.00159812143044999,DFI,1
DNPH1_3,0.0016187105239302269,DFI,1
GIMAP6_3,0.00164683141107009,DFI,1
LGR4_3,0.001661199341579599,DFI,1
PIK3CG_3,0.0016632903883964482,DFI,1
SULT1C4_3,0.0016725259282161925,DFI,1
SHCBP1_3,0.0016866300426149623,DFI,1
LOC487476_3,0.0016871362065013315,DFI,1
SMPDL3A_3,0.0016879078504792627,DFI,1
CCR2_3,0.0016931985149439336,DFI,1
SMO_3,0.001696185268777571,DFI,1
CRLF2_3,0.0017019203606398131,DFI,1
YIF1B_3,0.0017044136646590655,DFI,1
MIS18A_3,0.001718828644343941,DFI,1
DOK3_3,0.0017213105486073132,DFI,1
UPP1_3,0.0017218204330091615,DFI,1
IL4R_3,0.0017291626052701465,DFI,1
RBPMS2_3,0.0017330868426790546,DFI,1
ARL4D_3,0.0017445578418244952,DFI,1
CFB_3,0.0017578875913411567,DFI,1
GLIPR1_3,0.0017748485887206043,DFI,1
LOC106559420_3,0.0018046586017418523,DFI,1
RGS10_3,0.001810190924731495,DFI,1
PARVG_3,0.001820048589283759,DFI,1
PTPRJ_3,0.0018427361537337456,DFI,1
GBP1_3,0.0018446321363061954,DFI,1
TDRD7_3,0.0018454253283630294,DFI,1
MCAM_3,0.0018454951789842488,DFI,1
LOC119875957_1,0.0018456164971754482,DFI,1
LOC100855995_3,0.001851575289532825,DFI,1
EVI2A_3,0.0018620313544621592,DFI,1
NEURL3_3,0.0018815294251156639,DFI,1
ARHGAP45_3,0.0018945581037617192,DFI,1
TNFAIP3_3,0.0018989196102658689,DFI,1
LY96_3,0.0019114196455553344,DFI,1
IL32_3,0.0019333073582286488,DFI,1
IGFBP5_3,0.0019572850496199375,DFI,1
LOC484309_3,0.0019711326126138655,DFI,1
FGR_3,0.001981839595157489,DFI,1
LOC478384_3,0.0019842658031398877,DFI,1
MILR1_3,0.0020164280826616286,DFI,1
ARHGAP9_3,0.002016443627218787,DFI,1
TONSL_3,0.0020868489134669528,DFI,1
KIT_3,0.002099472374324453,DFI,1
ORC6_3,0.00209972168003949,DFI,1
TNFSF10_3,0.002106856769464155,DFI,1
SERF1A_3,0.0021419153878701144,DFI,1
DOCK8_3,0.0021425131884521354,DFI,1
SLC9A2_3,0.0021588840567939595,DFI,1
ADAM19_3,0.0021690984406815524,DFI,1
GPRC5C_3,0.0021709310817338684,DFI,1
PPP1R1B_3,0.002209283047526836,DFI,1
SCTR_3,0.0022171402892935048,DFI,1
TRIM13_3,0.0022188445209847516,DFI,1
CD244_3,0.002265350312602124,DFI,1
PARP4_3,0.0022700212545319473,DFI,1
RECQL4_3,0.0022825569888268193,DFI,1
C2_3,0.0022854991738421766,DFI,1
PLD4_3,0.0023042438729465485,DFI,1
LOC119864445_3,0.002305220754297403,DFI,1
MYOF_3,0.0023320094872088634,DFI,1
FAM81A_3,0.002333602390401831,DFI,1
IL18_3,0.002348532792149378,DFI,1
PIM1_3,0.0023493088988606713,DFI,1
DOCK5_3,0.002358072209911023,DFI,1
HCLS1_3,0.0023594826223607484,DFI,1
CDCA5_3,0.0023674043285014782,DFI,1
DBF4B_3,0.0023813616649776843,DFI,1
RAB30_3,0.002392678414702258,DFI,1
TRIM34_3,0.002396376599014716,DFI,1
ABCA3_3,0.0023967293439898186,DFI,1
TLR2_3,0.0024173030199491127,DFI,1
TMEM59L_3,0.002422070782810427,DFI,1
ECT2_3,0.002430560048173423,DFI,1
POLQ_3,0.002431828014385868,DFI,1
P2RY14_3,0.0024376103887699804,DFI,1
SLC43A2_3,0.002461079410698408,DFI,1
DOCK2_3,0.002468641196370549,DFI,1
TMCC3_3,0.0024692404376084483,DFI,1
XCR1_3,0.002475581613264658,DFI,1
LOC119878234,0.0024774140145892975,DFI,1
FANCA_3,0.0024875061465023177,DFI,1
DOCK10_3,0.0025657344247563218,DFI,1
MAP3K13_3,0.00258248333828518,DFI,1
MCOLN2_3,0.002594611939518963,DFI,1
TNFAIP8_3,0.002609045017632578,DFI,1
SIT1_3,0.0026539332023250116,DFI,1
STX3_3,0.0026604148181783305,DFI,1
SPDL1_3,0.002686410246913084,DFI,1
RENBP_3,0.0027041276427954733,DFI,1
IDS_3,0.002723384566121892,DFI,1
E2F7_3,0.0027240849325581066,DFI,1
DLA-DOA_3,0.0027621843651655406,DFI,1
SHTN1_3,0.0027729394835896014,DFI,1
ATP8B4_3,0.002782112318359666,DFI,1
BUB1_3,0.002785758382911939,DFI,1
JAML_3,0.0028143172452751337,DFI,1
MAL_3,0.0028290821659797583,DFI,1
FAM131C_3,0.0028320295279061092,DFI,1
ST8SIA5_3,0.0028796382618424487,DFI,1
BIN2_3,0.0028916122469514797,DFI,1
PHGDH_2,0.0028950710380052118,DFI,1
SLC31A2_3,0.0028994275461359633,DFI,1
ALDH2_3,0.0029026136657083848,DFI,1
PSMB8_3,0.0029433049149513732,DFI,1
BTLA_3,0.00294814683414624,DFI,1
GAB2_3,0.0029875400066583097,DFI,1
F5_3,0.003010709050132789,DFI,1
HOXD11_3,0.003074530468906348,DFI,1
ITGAX_3,0.003087576922311551,DFI,1
SPC25_3,0.0030958742200848776,DFI,1
KYNU_3,0.003109342351418502,DFI,1
FAM180A_3,0.0031118420574624468,DFI,1
FOLH1B_3,0.003112481256023538,DFI,1
PEG10_3,0.0031270698148689905,DFI,1
AURKA_3,0.003157384176843959,DFI,1
NFAM1_3,0.003174766528789561,DFI,1
OSR2_3,0.003197481459038992,DFI,1
IRF5_3,0.003218083397438199,DFI,1
PSAT1_3,0.003238791801604654,DFI,1
CEP72_3,0.003258711340026859,DFI,1
LAG3_3,0.003271884539420851,DFI,1
GAMT_3,0.003273227489442572,DFI,1
PLK4_3,0.0032775947244658528,DFI,1
C6H16orf54_3,0.003299497956668674,DFI,1
IL15RA_3,0.0033630616365907065,DFI,1
TASL_3,0.0034019234337901135,DFI,1
GIMAP2_3,0.0034270672438760624,DFI,1
FGFR3_3,0.0034296941015044755,DFI,1
OLFML1_3,0.0034626331598087406,DFI,1
LOC111092837_3,0.0034711724685921957,DFI,1
LPAR5_3,0.0035098089072428335,DFI,1
ENPP3_3,0.0035333124046428954,DFI,1
COL4A5_3,0.0035477836935021495,DFI,1
IRF1_3,0.0035873986435953657,DFI,1
PTPRO_3,0.003600485178533128,DFI,1
CD48_3,0.0036240388820404793,DFI,1
GSDMD_3,0.0036664665272244283,DFI,1
ARHGAP30_3,0.0036722553682189446,DFI,1
LOC611446_3,0.0037027669009582122,DFI,1
KBTBD12_3,0.003703696207530867,DFI,1
THEMIS2_3,0.0037711889234158923,DFI,1
SNX10_3,0.0038187645405752322,DFI,1
NR1H3_3,0.0038263026892529353,DFI,1
RNASEL_3,0.003837229746681829,DFI,1
CASP4_3,0.0038567698628893077,DFI,1
CDCA8_3,0.0039035124528546553,DFI,1
LOC119878294,0.003928285528866838,DFI,1
RASSF5_3,0.003928657362751384,DFI,1
TMEM117_3,0.003934322601496458,DFI,1
CSTF2T_3,0.003953575359779538,DFI,1
LOC608379_3,0.003956499491655462,DFI,1
TMEM144_3,0.00397712798965821,DFI,1
GLUL_3,0.004005604306569986,DFI,1
TTC39C_3,0.004031441114972656,DFI,1
FANCD2_3,0.004062984724480635,DFI,1
LOC119877400,0.004096738918285744,DFI,1
GLRX_3,0.004115130667907404,DFI,1
EMB_3,0.0042004385085246156,DFI,1
LOC119878257,0.004224441581299775,DFI,1
CLEC12A_3,0.004262302003959785,DFI,1
ECM1_3,0.00428609116968926,DFI,1
DENND2D_3,0.004323295528086541,DFI,1
LOC484343_3,0.004324974362986293,DFI,1
CARD11_3,0.004384034173292351,DFI,1
CLTCL1_3,0.004432160664207133,DFI,1
GJB2_3,0.004442084955261663,DFI,1
MYBL2_3,0.004464023251803388,DFI,1
CASP12_3,0.004551318416340396,DFI,1
SP100_3,0.0045549128325817955,DFI,1
P3H2_3,0.004570606515889464,DFI,1
BTG2_3,0.004577988627736303,DFI,1
ATP8A1_3,0.004604271193993305,DFI,1
MYO1F_3,0.004606629277186388,DFI,1
CAPG_3,0.004618096052742567,DFI,1
IGFBP7_3,0.004618547193029938,DFI,1
LOC489911_3,0.004666390140437513,DFI,1
TRIM14_3,0.004676607355301567,DFI,1
TLR1_3,0.004696342257032802,DFI,1
CLEC2B_3,0.004700704671019105,DFI,1
TAF9B_3,0.004716337024989896,DFI,1
IL2RG_3,0.004771613527422175,DFI,1
LOC119878923,0.004822396684231096,DFI,1
CRLF1_3,0.004825001754461544,DFI,1
CFI_3,0.004826142685591135,DFI,1
GPR156_3,0.004828110454408736,DFI,1
UBE2S_3,0.004831858407075151,DFI,1
LURAP1L_3,0.004900115567179555,DFI,1
SAMSN1_3,0.00490039692504303,DFI,1
IL15_3,0.0049036675324111096,DFI,1
IL2RB_3,0.004907935876993271,DFI,1
CD2_3,0.004917510965130118,DFI,1
WNT5B_3,0.004955407773895908,DFI,1
P4HA1_3,0.0049588477973658215,DFI,1
LOC100686511_3,0.004971189877432586,DFI,1
PLPP2_3,0.004985165663728521,DFI,1
PDE10A_3,0.004995700109782162,DFI,1
CA14_3,0.005032512611454928,DFI,1
PER1_3,0.005065168768517791,DFI,1
LOC606863_3,0.005157489367409835,DFI,1
CSRP2_3,0.005169298311946488,DFI,1
LIPA_3,0.005177551012113584,DFI,1
LOC119876150,0.005190314460696894,DFI,1
DLA-DMB_3,0.0052313372312351725,DFI,1
GATA6_3,0.0052514651272078374,DFI,1
LOC119869019_2,0.005254910889966359,DFI,1
KLHL9_3,0.005260999844158313,DFI,1
SASH3_3,0.005265371355877955,DFI,1
LOC102156332_4,0.0052687093347093435,DFI,1
KCNA3_3,0.005284671680375208,DFI,1
MATN4_3,0.005312965671598738,DFI,1
TNFSF8_3,0.00531461934851986,DFI,1
EHD3_3,0.005315768369163502,DFI,1
KIAA1549L_3,0.005380147898928349,DFI,1
UNC13D_3,0.005382213515344868,DFI,1
EGR2_3,0.005386327431207946,DFI,1
C1RL_3,0.005396825682360327,DFI,1
LOC111090004_3,0.005396959150963813,DFI,1
GIMAP8_3,0.005451019568365538,DFI,1
CD40_3,0.0054712777890948095,DFI,1
DEPDC1_3,0.005474768253292831,DFI,1
NCF1_3,0.005481351719760695,DFI,1
RGS4_3,0.005485834597836309,DFI,1
LOC100688849_3,0.0055125134946218774,DFI,1
RNLS_3,0.005609418002789861,DFI,1
WWC1_3,0.005642987825412514,DFI,1
IL1RN_3,0.00572480267878808,DFI,1
LAT2_3,0.005751888024982337,DFI,1
LOC100687459_3,0.005756998036630647,DFI,1
CCL5_3,0.00579791679026733,DFI,1
MZB1_3,0.005867991417303581,DFI,1
LOC100856137_3,0.005871209542645824,DFI,1
LOC102157159_3,0.0059730397893813176,DFI,1
DRAM1_3,0.005974736493982638,DFI,1
FAM83D_3,0.006013297171194708,DFI,1
HLA-DRB1_3,0.006026843986910417,DFI,1
LAMA3_3,0.006041133346247159,DFI,1
MGST2_3,0.006059645422328519,DFI,1
DSN1_3,0.006077781555335729,DFI,1
DTX3L_3,0.006085054251022659,DFI,1
CCR7_3,0.006141356589733606,DFI,1
SEPTIN1_3,0.006150520340196363,DFI,1
TMEM150B_3,0.006152580336297796,DFI,1
C1S_3,0.006154602234443312,DFI,1
PRKCH_3,0.006164406390723729,DFI,1
COL4A6_3,0.006241931456850954,DFI,1
CENPW_3,0.006316959132254719,DFI,1
SLC46A3_3,0.00635279531360885,DFI,1
IFI35_3,0.006355891072201846,DFI,1
MACROH2A2_3,0.006360902078729731,DFI,1
ORC1_3,0.006413485855147793,DFI,1
CD53_3,0.0064423721315671565,DFI,1
PSMB9_3,0.0064472839784256225,DFI,1
GALNT6_3,0.006459355374631924,DFI,1
AURKB_3,0.0064816141515741605,DFI,1
DUSP2_3,0.00654166925380613,DFI,1
ABCC3_3,0.006544588312945936,DFI,1
LOC119866215_2,0.006555079901016579,DFI,1
DLGAP5_3,0.006604704354073982,DFI,1
CD74_3,0.006606793310095468,DFI,1
DLA-DRA_3,0.00661626331636569,DFI,1
DPF1_3,0.006617809965938178,DFI,1
CENPK_3,0.006622697932311474,DFI,1
ADAMTS1_3,0.006657433187756603,DFI,1
ABHD2_3,0.006672057923280598,DFI,1
BARX1_3,0.006773519309365087,DFI,1
DOCK11_3,0.006807593449904388,DFI,1
WNT16_2,0.006838299786204563,DFI,1
HYAL1_3,0.0068669472063314285,DFI,1
APCDD1_3,0.006901913527812788,DFI,1
IFIT2_3,0.006922854167042143,DFI,1
LOC111092892_3,0.006923436207382058,DFI,1
TROAP_3,0.006925672775341607,DFI,1
CTSZ_3,0.006943470901472137,DFI,1
TNFSF4_3,0.006946573581742651,DFI,1
ABCB1_3,0.006950435218739274,DFI,1
SIVA1_3,0.006973869127973218,DFI,1
FOXF1_3,0.007006732814677885,DFI,1
BACE2_3,0.007038442715871371,DFI,1
SKP2_3,0.007043033417754216,DFI,1
CMKLR1_3,0.007128616461914124,DFI,1
IGSF6_3,0.0071797927790661735,DFI,1
RBM44_3,0.0071948599153616385,DFI,1
SEMA4D_3,0.00724665268596862,DFI,1
YPEL3_3,0.007271173765194617,DFI,1
SLC9A3R1_3,0.007330323210271609,DFI,1
UCP2_3,0.007355094059394323,DFI,1
SDK2_3,0.007390972788364411,DFI,1
IL21R_3,0.00742977253256217,DFI,1
FGD3_3,0.00743965542933949,DFI,1
SPTLC3_3,0.007460868766490445,DFI,1
CLNK_3,0.007485738973227224,DFI,1
LOC119866222_1,0.007540949327476576,DFI,1
TMEM176B_3,0.00756969833168643,DFI,1
CD68_3,0.0075862555328593505,DFI,1
ARHGEF3_3,0.007586913315981491,DFI,1
STRADB_3,0.007618194235458662,DFI,1
TTC38_3,0.0076424365957878295,DFI,1
GTSE1_3,0.007724707038976875,DFI,1
LAMP3_3,0.007769326082934156,DFI,1
GZMK_3,0.007784210867799295,DFI,1
NCAPH_3,0.007838879125815696,DFI,1
OCIAD2_3,0.0078661900278637,DFI,1
LRRC25_3,0.007874715721714168,DFI,1
CTSC_3,0.007880018960846828,DFI,1
TMEM71_3,0.007902918071497046,DFI,1
RAB38_3,0.007907179401300403,DFI,1
NDRG1_3,0.007924066249808322,DFI,1
FYB1_3,0.007971158593604174,DFI,1
SLC8A1_3,0.007989707079134009,DFI,1
LRFN4_3,0.00803432452923775,DFI,1
PTPRE_3,0.008187743793210902,DFI,1
CCR5_3,0.008217835685936821,DFI,1
FMNL1_3,0.00823336358256154,DFI,1
ATP6V0C_3,0.008244486159697638,DFI,1
PRKAR2B_3,0.008276384642402483,DFI,1
CD86_3,0.00828953241056214,DFI,1
LOC119879511,0.00833580595670111,DFI,1
LOC119877599,0.008353148001310836,DFI,1
GPX7_3,0.00836644873060716,DFI,1
GPR68_3,0.008439589178154431,DFI,1
ADRA1D_3,0.008444060893080899,DFI,1
SEMA4A_3,0.008467902435152556,DFI,1
CD84_3,0.008575451168670579,DFI,1
EPHB2_3,0.008607180558413372,DFI,1
FAM83G_3,0.008618609348776993,DFI,1
MSI1_3,0.00861921221244091,DFI,1
SLAMF8_3,0.008644979538331736,DFI,1
IL1R2_3,0.008669326963680881,DFI,1
EMILIN3_3,0.008673127230815609,DFI,1
SLC25A48_3,0.008704246923576119,DFI,1
MEGF6_3,0.008732023293140755,DFI,1
FCER1G_2,0.008746538833410275,DFI,1
CCR1_3,0.00876247073891758,DFI,1
LOC102152083_3,0.008769618209039232,DFI,1
ETV1_3,0.00878977811466333,DFI,1
FNBP1_3,0.008806295900167323,DFI,1
BHLHE40_3,0.008822725958686828,DFI,1
TLR8_3,0.008827178308039415,DFI,1
NUDT19_3,0.008840458399152273,DFI,1
PLPPR5_3,0.008843459824741152,DFI,1
CA11_3,0.00886578021239053,DFI,1
GPSM2_3,0.008954418493095329,DFI,1
CDCA7_3,0.008964230347133851,DFI,1
S100A4_3,0.008995991463620161,DFI,1
LOC119869063_2,0.00899898589281396,DFI,1
PDE1C_3,0.009020965423535383,DFI,1
MCM2_3,0.009085969561552007,DFI,1
S1PR3_3,0.009090720915078617,DFI,1
SERPINH1_3,0.009091491692299898,DFI,1
LY9_3,0.009103068267951344,DFI,1
PTPN22_3,0.009147629387810628,DFI,1
DUSP10_3,0.009151316755738334,DFI,1
ALDH3B1_3,0.009162227415158038,DFI,1
DERL3_3,0.009204461215253673,DFI,1
RND1_3,0.009230712522945822,DFI,1
FGF23_3,0.00925537220702864,DFI,1
IRAG2_3,0.00926234790914876,DFI,1
MATK_3,0.009338343734357282,DFI,1
PCED1B_3,0.009366185106038186,DFI,1
HSD11B1_3,0.009403071262381912,DFI,1
PLAAT4_3,0.009437814611000996,DFI,1
TRABD2A_3,0.009516876322364292,DFI,1
BCL11A_3,0.009542996465460824,DFI,1
GIMAP7_3,0.009544925900858588,DFI,1
SH3TC1_3,0.009625269966728429,DFI,1
FAXDC2_3,0.009708953008714013,DFI,1
CD3E_3,0.009723403118781655,DFI,1
KCNQ1_3,0.009731947345782236,DFI,1
LOC100684769_3,0.00978608734990129,DFI,1
ANGPTL4_3,0.009851313847899728,DFI,1
NCAPG_3,0.009853494817206501,DFI,1
CSTB_3,0.009937496496780787,DFI,1
ATAD2_3,0.009974569832731246,DFI,1
TMC6_3,0.009983005900208624,DFI,1
DMTN_3,0.009991209054286238,DFI,1
STK39_3,0.010003806715269887,DFI,1
IFITM5_3,0.010009564413258884,DFI,1
CCNB3_3,0.010031281575027659,DFI,1
CPE_3,0.01018569126928958,DFI,1
CXCL14_3,0.010186739309451198,DFI,1
TAP1_3,0.01021123592927514,DFI,1
LOC102154760_3,0.010264996321777761,DFI,1
IRF8_3,0.01037666905218213,DFI,1
GYPC_3,0.010380732033235307,DFI,1
PRKX_3,0.010404061626945937,DFI,1
POFUT2_3,0.010493176857030023,DFI,1
GPR65_3,0.010526032657465878,DFI,1
CTNNAL1_3,0.010527192040225022,DFI,1
LOC119877031_2,0.010547770896494734,DFI,1
IKZF1_3,0.010551160240721504,DFI,1
SLC36A2_3,0.010559783085220762,DFI,1
AFAP1_3,0.01057724960361783,DFI,1
LOC102151830_3,0.010579701080365999,DFI,1
UHRF1_3,0.010593253014192255,DFI,1
CYSLTR1_3,0.010621208252142564,DFI,1
GLIPR2_3,0.010630162083150678,DFI,1
STMN1_3,0.010635563176192806,DFI,1
LOC119866233_1,0.010701321918683263,DFI,1
LOC488622_3,0.010741935300608215,DFI,1
SLIT1_3,0.010776522807875118,DFI,1
LOC106557828_3,0.010841208528803848,DFI,1
DLA-DMA_3,0.010861005381902215,DFI,1
CD80_3,0.010952045860724256,DFI,1
SUCNR1_3,0.010970617695600109,DFI,1
DLA-DQA1_3,0.010980485009249181,DFI,1
MMP17_3,0.010998604299793205,DFI,1
CLEC2D_3,0.011012736437854184,DFI,1
HSD11B2_3,0.011029345719685748,DFI,1
TMEM97_3,0.011038544882073915,DFI,1
MBP_3,0.011040653494919225,DFI,1
KLKB1_3,0.011062748020128875,DFI,1
LOC102154658_3,0.011065395153419434,DFI,1
CPN2_3,0.011072026491974378,DFI,1
LOC475935_2,0.011097743178467517,DFI,1
ARHGAP25_3,0.011141883992477845,DFI,1
SEPTIN6_3,0.011142875918461614,DFI,1
TFEB_3,0.011196593724135243,DFI,1
ATP6V1B2_3,0.011259287764268034,DFI,1
PAPPA_3,0.01134379378599329,DFI,1
DUSP5_3,0.011407297845395011,DFI,1
RIPOR2_3,0.011418466558853731,DFI,1
HHIPL1_3,0.011450612561498156,DFI,1
ZBP1_3,0.01146674117461055,DFI,1
FRRS1_3,0.011567677469029345,DFI,1
UBE2T_3,0.011654633611571347,DFI,1
LOC481472_3,0.011663111636699705,DFI,1
FKBP10_3,0.011675049052707144,DFI,1
LOC612422_3,0.011690784169284131,DFI,1
PAQR9_3,0.011723556412494647,DFI,1
RRM2_3,0.011727433157235635,DFI,1
IGFBP3_3,0.011748603591449292,DFI,1
CCDC3_3,0.011782802896095937,DFI,1
PDE7B_3,0.011834098862407846,DFI,1
TPP1_3,0.011911798368206444,DFI,1
ALDH4A1_3,0.011924866928293119,DFI,1
KIF4A_3,0.011934157019681849,DFI,1
LOC483396_2,0.011995402133518794,DFI,1
PSTPIP1_3,0.012003270519254435,DFI,1
H2AX_3,0.012007169017988066,DFI,1
ATP2A3_3,0.012037740904480709,DFI,1
GAREM2_3,0.012045691707340215,DFI,1
RASAL3_3,0.012052711621603361,DFI,1
FZD9_3,0.012075953179226282,DFI,1
MOB3B_3,0.012107286976696018,DFI,1
CDA_3,0.012150292475406981,DFI,1
SLAMF6_3,0.012189646135250457,DFI,1
KIF18B_3,0.012194467387031036,DFI,1
LOC119876563,0.012206283304462212,DFI,1
SCIMP_3,0.012235547089746538,DFI,1
LOC119875975_2,0.0122765918881875,DFI,1
LOC119875994_2,0.012291923354360128,DFI,1
FOXP1_3,0.01235676547309285,DFI,1
CD82_3,0.012371166003400028,DFI,1
CENPQ_3,0.012402445129288299,DFI,1
ITGB7_3,0.012443765300902774,DFI,1
LFNG_3,0.012484407910655715,DFI,1
NMNAT3_3,0.012536342630666782,DFI,1
CCDC85A_3,0.01257773572290344,DFI,1
SYCE2_3,0.01257810491239448,DFI,1
SIRPB2_3,0.01257944292658662,DFI,1
APBB1IP_3,0.012591743871783237,DFI,1
C20H19orf38_3,0.012623833211029908,DFI,1
LOC119870962_3,0.01263936149673347,DFI,1
CENPN_3,0.012667268922143074,DFI,1
ITGB2_3,0.012742366104428922,DFI,1
CDC20_3,0.012791619368162184,DFI,1
ARHGAP4_3,0.012793030254495425,DFI,1
CA13_3,0.01280838166983753,DFI,1
LOC611538_3,0.012841932816268912,DFI,1
LCK_3,0.012864275604230797,DFI,1
KCNJ16_3,0.012951460467549226,DFI,1
LOC119876202,0.013063172153082852,DFI,1
NR2F1_3,0.013063836159896407,DFI,1
RAB37_3,0.013083484593163124,DFI,1
LOC608238_2,0.013089590050575759,DFI,1
KIF15_3,0.013183928503611265,DFI,1
ITGAL_3,0.013187826569451925,DFI,1
FGF11_3,0.013222040919365467,DFI,1
E2F8_3,0.013225354564668253,DFI,1
SLC7A7_3,0.013242953686775983,DFI,1
LOC111094052_3,0.013252318776351494,DFI,1
CDC6_3,0.013265474178598738,DFI,1
SPAG5_3,0.013304908725144783,DFI,1
TOP2A_3,0.013338511637401533,DFI,1
SPHKAP_3,0.013344856515115326,DFI,1
LOC102154610_3,0.013348227478825215,DFI,1
LOC119866080_2,0.013355371394235194,DFI,1
MTFR2_3,0.013392104445650728,DFI,1
CSF1_3,0.013436590177409427,DFI,1
SPSB1_3,0.013462673419410435,DFI,1
LOC111092051_3,0.013466895043607808,DFI,1
LOC612173_3,0.013493165417685705,DFI,1
SLC24A3_3,0.013514813017318461,DFI,1
N4BP2L1_3,0.013541073049577385,DFI,1
CXCR3_3,0.01354183880657803,DFI,1
CD44_3,0.013618283568741204,DFI,1
LRRC8C_3,0.013621854476646409,DFI,1
PIK3R6_3,0.013672362827902554,DFI,1
LOC119877604,0.013702171360686126,DFI,1
WDFY4_3,0.013774003675252347,DFI,1
CLSPN_3,0.013840021541089993,DFI,1
UBA7_3,0.013911920336288911,DFI,1
ZBED2_3,0.013945753313586065,DFI,1
PCSK6_3,0.014028997660950381,DFI,1
CD27_3,0.01411923193427001,DFI,1
FLT3_3,0.01411945171298582,DFI,1
SOAT2_3,0.014167809848647486,DFI,1
H2BC8_3,0.014209544844114045,DFI,1
KLHL6_3,0.01436447981658164,DFI,1
FAT3_3,0.014378848931095546,DFI,1
GBP5_3,0.01438513581954664,DFI,1
PIK3R5_3,0.014406167302988014,DFI,1
KIF22_3,0.014505919678590318,DFI,1
CIITA_3,0.014561644877926693,DFI,1
FRMD4B_3,0.01459719279531408,DFI,1
MBOAT2_3,0.01461321698215109,DFI,1
KIF23_3,0.01461482572061569,DFI,1
IL6R_3,0.014618967396269302,DFI,1
LOC487172_3,0.014626021619339808,DFI,1
CRYBG1_3,0.014684995561035738,DFI,1
ARHGAP15_3,0.014696147948649346,DFI,1
AKNA_3,0.014739494665322045,DFI,1
CHST8_3,0.014793377352891822,DFI,1
IDO1_3,0.014922327672835462,DFI,1
CRIP1_3,0.014924109407396876,DFI,1
CCNA2_3,0.014958064866325331,DFI,1
PLEK_3,0.015009721743487133,DFI,1
RCAN1_3,0.01503105757799052,DFI,1
COL17A1_3,0.015116711880074582,DFI,1
YES1_3,0.015213888478709449,DFI,1
LOC100686484_3,0.015222298389578144,DFI,1
ARHGAP32_3,0.01524449229197781,DFI,1
PLA2G4A_3,0.015311276256111986,DFI,1
CENPI_3,0.015319452221899562,DFI,1
MCTP2_3,0.015324782232275565,DFI,1
REXO5_3,0.015497230109168356,DFI,1
LOC102153619_3,0.01552555111303455,DFI,1
STC1_3,0.015578288495694011,DFI,1
CCDC69_3,0.015587575076622525,DFI,1
PTBP2_3,0.01569031613955011,DFI,1
ADGRE3_3,0.015703014381699167,DFI,1
SERPINB9_3,0.01571189619592018,DFI,1
HAAO_3,0.01584135976195628,DFI,1
RCN3_3,0.015847294513392788,DFI,1
SLC39A8_3,0.01585185237436174,DFI,1
SLC4A4_3,0.015887509951097088,DFI,1
SNX20_3,0.015913168017429064,DFI,1
LDLRAD4_3,0.01594321149125568,DFI,1
DUSP9_3,0.015955875141157816,DFI,1
ECRG4_3,0.016097471267598022,DFI,1
LOC484356_3,0.016101414487599577,DFI,1
FUT1_3,0.01614972049903237,DFI,1
CD37_3,0.01639728513629684,DFI,1
ADCY7_3,0.0163991648056168,DFI,1
GASK1B_3,0.016416306455937692,DFI,1
RUNDC3B_3,0.016449163332784632,DFI,1
ANKH_3,0.01651204913050827,DFI,1
UBE2C_3,0.016553429732328314,DFI,1
GALNT15_3,0.016620540367749168,DFI,1
LOC119869150_1,0.01666430991037448,DFI,1
LOC119869101_1,0.016668606839919456,DFI,1
PLAC8A_3,0.016668919411289333,DFI,1
C3AR1_3,0.016734529615353152,DFI,1
NOX4_3,0.016735390614510934,DFI,1
TMEM123_3,0.016830120239112404,DFI,1
CBLN3_3,0.016841242622223206,DFI,1
TRPV4_3,0.01690899517084743,DFI,1
TMEM176A_3,0.0169414269617779,DFI,1
PARP9_3,0.016976881784024917,DFI,1
RGS14_3,0.017026982997619164,DFI,1
DLA-DOB_3,0.01721051054014382,DFI,1
LOC102154334_3,0.017238584947925545,DFI,1
LOC608379_6,0.017277564971386675,DFI,1
PLSCR1_3,0.017308830631487474,DFI,1
SRGAP3_3,0.017390285104490418,DFI,1
PLEKHM1_3,0.01743571582352019,DFI,1
CTSD_3,0.017511907107139922,DFI,1
NLRC5_3,0.017544519046355973,DFI,1
NCF2_3,0.01756740974291662,DFI,1
TNFSF13_3,0.017626379474303656,DFI,1
LOC488248_3,0.01762989488190829,DFI,1
CD180_3,0.017630127401275873,DFI,1
CDH1_3,0.017687514914867607,DFI,1
DNMT3B_3,0.01773409416077462,DFI,1
ACSL5_3,0.01787114219585645,DFI,1
LOC119878087,0.017877858249552597,DFI,1
CD8A_3,0.01790491049815207,DFI,1
CD14_3,0.01792019213163633,DFI,1
FANCI_3,0.018038180958775712,DFI,1
LOC102156785_2,0.018096551794134063,DFI,1
PIM2_3,0.01810797202564599,DFI,1
LCP2_3,0.01811145246751437,DFI,1
GADD45GIP1_3,0.018164385067434227,DFI,1
SV2A_3,0.018164971227309465,DFI,1
TNFRSF9_3,0.01819776862200781,DFI,1
THEMIS_3,0.01820950125422341,DFI,1
CORO1A_3,0.018347951475551322,DFI,1
CYBB_3,0.018366285457902722,DFI,1
DLL4_3,0.018416828093831647,DFI,1
LOC106557516_2,0.018425771681848033,DFI,1
PCDH19_3,0.018472712332804165,DFI,1
PLCB2_3,0.018561403171476684,DFI,1
GPRIN1_3,0.018688596545016038,DFI,1
SELENOH_3,0.018808954782737634,DFI,1
TMA7_3,0.01881041126104554,DFI,1
SLC46A2_3,0.01881305258196472,DFI,1
PKP2_3,0.01883092483871102,DFI,1
IFGGB2_3,0.018868133166272453,DFI,1
IFGGC1_3,0.018935893119666904,DFI,1
LOC111089962_3,0.01895228829417135,DFI,1
HAVCR1_3,0.018954461946491977,DFI,1
C1R_3,0.01897043364328874,DFI,1
CKAP2L_3,0.018986258306010643,DFI,1
NMRAL1_3,0.019125761602216535,DFI,1
PKMYT1_3,0.01925902422860802,DFI,1
GPR137B_3,0.019285981738455978,DFI,1
ISYNA1_3,0.019343118838685596,DFI,1
LOC119866113_2,0.01943283713730308,DFI,1
SCUBE3_3,0.019454795236282428,DFI,1
LOC119869118_1,0.019589121294160905,DFI,1
GXYLT1_3,0.019610843758486096,DFI,1
MOXD1_3,0.019614714741063657,DFI,1
CD226_3,0.019681405271891262,DFI,1
CRYM_3,0.019711181500513323,DFI,1
CTSK_3,0.01974017075853657,DFI,1
TMEM178A_3,0.01982715196116627,DFI,1
LOC611075_3,0.0199235249839632,DFI,1
PCOLCE2_3,0.019932849172527536,DFI,1
PACSIN3_3,0.019956787857274685,DFI,1
RAB20_3,0.0199801424138257,DFI,1
LOC102155737_3,0.02009690788959567,DFI,1
ADRA1B_3,0.02011991953448927,DFI,1
HOXB9_3,0.020199277557210214,DFI,1
GNPTAB_3,0.02022902337363065,DFI,1
PIMREG_3,0.02027219215961016,DFI,1
CP_3,0.020310824409468423,DFI,1
CIRBP_3,0.020397188066988328,DFI,1
STX11_3,0.020447662016599664,DFI,1
PDE4D_3,0.020568301088841435,DFI,1
SRGN_3,0.020656371695847255,DFI,1
LOC119876551_1,0.020657730587693945,DFI,1
CD3G_3,0.020661472366051682,DFI,1
PPA1_3,0.020685881395043616,DFI,1
AOAH_3,0.020714341107326967,DFI,1
BEX3_3,0.02073152928245288,DFI,1
FST_3,0.02075341715569097,DFI,1
LOC403631_3,0.020791068401177427,DFI,1
LOC490399_3,0.020893691458064818,DFI,1
PKDCC_3,0.02097257393553106,DFI,1
FCRL5_3,0.021009189914489634,DFI,1
CD200_3,0.021027496224424385,DFI,1
LOC119873395_3,0.021099881913765755,DFI,1
AIF1_3,0.021123617052546152,DFI,1
ANO2_3,0.021244308038081323,DFI,1
MAD2L1_3,0.021281602132482716,DFI,1
TCIRG1_3,0.02131856645329951,DFI,1
PRSS22_3,0.021370974213493946,DFI,1
COL3A1_3,0.021428584146937848,DFI,1
CD96_3,0.02155186671784759,DFI,1
LOC119879337,0.021575128243228037,DFI,1
HTATIP2_3,0.02158386844471687,DFI,1
EPHA4_3,0.021655095101722605,DFI,1
HOXD13_3,0.021686078480929776,DFI,1
SLA_3,0.021810170925777653,DFI,1
NECTIN1_3,0.021851320199703532,DFI,1
DRD1_3,0.021877052261769732,DFI,1
CXCR6_3,0.021927707354279225,DFI,1
POU2AF1_3,0.021998186408165605,DFI,1
EOMES_3,0.02219085913823624,DFI,1
LOC490269_3,0.022194781471088918,DFI,1
HSP70_3,0.02221515051591406,DFI,1
HOXD10_3,0.022297707628905997,DFI,1
PIK3CD_3,0.022372869643748985,DFI,1
POSTN_3,0.022644879309674973,DFI,1
EBI3_3,0.02270185847944018,DFI,1
RACGAP1_3,0.02270378236186186,DFI,1
LOC119876868_1,0.02276319561408069,DFI,1
GLT1D1_3,0.022856909633539476,DFI,1
SIGLEC15_3,0.022865018779935926,DFI,1
SIGLEC11_3,0.022927688110262946,DFI,1
CBX2_3,0.022992863824637524,DFI,1
LOC119876786,0.02302168701420606,DFI,1
LOC119863953_3,0.02314705110473146,DFI,1
LOC119869014_2,0.023207787273750443,DFI,1
BIRC5_3,0.02322101395013042,DFI,1
NR1D1_3,0.02323982472054852,DFI,1
RAB39A_3,0.02333905055419183,DFI,1
SLC6A9_3,0.023595003992129913,DFI,1
CENPF_3,0.023616880126294645,DFI,1
ITGA3_3,0.023632556940788904,DFI,1
GNLY_3,0.0236409253702154,DFI,1
MS4A7_3,0.02364954197970916,DFI,1
TRIM46_3,0.02366453220129925,DFI,1
GPM6A_3,0.02373648208648275,DFI,1
LOC484897_3,0.023775527092399336,DFI,1
GABRE_3,0.02380103979035265,DFI,1
ESPL1_3,0.023871075595704262,DFI,1
LOC102156027_3,0.02391664169858102,DFI,1
IKZF2_3,0.023928515198669176,DFI,1
LCAT_3,0.02396454321440729,DFI,1
SLC25A10_3,0.024010625591323047,DFI,1
NLRP3_3,0.0240270283814033,DFI,1
TBX20_3,0.024106466854421027,DFI,1
TIMD4_3,0.024110546791095352,DFI,1
GAL3ST4_3,0.02415908780119295,DFI,1
TENT5A_3,0.02428257019449183,DFI,1
ZDHHC2_3,0.02432190081389382,DFI,1
LOC111092148_2,0.0243786196630346,DFI,1
TXNIP_3,0.024443230795519136,DFI,1
CDK18_3,0.02452915852462576,DFI,1
CDK1_3,0.024570383651330185,DFI,1
LOC119869028_3,0.024579868552633402,DFI,1
HMGB3_3,0.02462347598958086,DFI,1
SLCO2B1_3,0.024727790109503666,DFI,1
GNAI1_3,0.02474909405254822,DFI,1
LOC608379_5,0.024791781420942835,DFI,1
SNAP91_3,0.024845909643980257,DFI,1
LOC100682670_3,0.024850768126793103,DFI,1
MXRA5_3,0.024976435227062027,DFI,1
TRIM22_3,0.025000538884045735,DFI,1
LOC119876518,0.025069699184786166,DFI,1
CLEC5A_3,0.025235468804725367,DFI,1
PLXNA3_3,0.02529291427815692,DFI,1
LY6E_3,0.02531618477982069,DFI,1
S100A2_3,0.025488698443022043,DFI,1
CLIC3_3,0.0255568423624688,DFI,1
ACTA2_3,0.02556123260905542,DFI,1
CHADL_3,0.02565509843202331,DFI,1
LPAR1_3,0.02580746371975181,DFI,1
POU2F2_3,0.025903052714335476,DFI,1
ENOSF1_3,0.025903444098830324,DFI,1
LOC102153143_2,0.02596684209532202,DFI,1
GJC1_3,0.026245352153636086,DFI,1
PTGR1_3,0.02628808710680142,DFI,1
SLITRK2_3,0.026296136498673274,DFI,1
KIF14_3,0.026326778728082388,DFI,1
FADS2_3,0.026364880051408603,DFI,1
MFSD6_3,0.026506971119430872,DFI,1
DCSTAMP_3,0.02651117184052099,DFI,1
LOC119875780_3,0.026530206301800818,DFI,1
EEPD1_3,0.026542916972235143,DFI,1
DIPK1C_3,0.02669391911645371,DFI,1
SLC49A3_3,0.02692928344374437,DFI,1
ZCCHC3_3,0.027006583966737663,DFI,1
NTRK3_3,0.02703816550301086,DFI,1
PLAC8B_3,0.02704475475179529,DFI,1
CD5_3,0.02704684657773537,DFI,1
RHOH_3,0.027047123429069803,DFI,1
SEL1L3_3,0.02704890233808304,DFI,1
LOC119877559,0.027062031274786687,DFI,1
MAP2K6_3,0.027110258701832344,DFI,1
MYO7A_3,0.027155301971151027,DFI,1
PAQR8_3,0.02732442087991274,DFI,1
ADAM22_3,0.02733529409777458,DFI,1
IL2RA_3,0.027533957849980258,DFI,1
LOC100856518_3,0.027550007626835002,DFI,1
PCLAF_3,0.02755994894444395,DFI,1
SIM2_3,0.027563818178324758,DFI,1
LOC480788_2,0.027597518111429253,DFI,1
NKG7_3,0.02759792666574119,DFI,1
CYP27C1_3,0.02760297632494887,DFI,1
APOL6_3,0.027694628434045646,DFI,1
HELLS_3,0.027762180807334287,DFI,1
CENPT_3,0.02778841024744908,DFI,1
JUNB_3,0.027901169944485694,DFI,1
LOC102151792_3,0.02794166636049519,DFI,1
LOC102155122_3,0.028033082725323805,DFI,1
NLRC3_3,0.028112858054328674,DFI,1
LOC119869020_2,0.0282153717265809,DFI,1
HYOU1_3,0.02827889543115661,DFI,1
CD22_3,0.028342762323500165,DFI,1
CD3D_3,0.028372667503955437,DFI,1
LOC119864503_3,0.02837654553312785,DFI,1
SLC37A2_3,0.02838637609889323,DFI,1
NES_3,0.028545163740001628,DFI,1
LTB_3,0.028595093642581938,DFI,1
SH2D2A_3,0.028628849119817584,DFI,1
CRISPLD2_3,0.02877154945351085,DFI,1
LOC119877603,0.02889293161383158,DFI,1
FREM2_3,0.028921389425660117,DFI,1
LOC119869140_3,0.02898948937657563,DFI,1
SHANK1_3,0.029154959592189243,DFI,1
LOC119866898_3,0.02918843433195048,DFI,1
CXCR1_3,0.029201507737708757,DFI,1
BAIAP2L2_3,0.02925881842735255,DFI,1
SH2D1A_3,0.02925933233409367,DFI,1
RINL_3,0.029382708297053403,DFI,1
ZAP70_3,0.02938977361466882,DFI,1
FZD6_3,0.029403891544246222,DFI,1
LOC612177_3,0.02940703479313334,DFI,1
B4GALNT3_3,0.029416174697490652,DFI,1
LOC106559121_2,0.029662610460834123,DFI,1
LOC119871549_3,0.029686816950800617,DFI,1
CD274_3,0.029777753101585706,DFI,1
LOC106559612_3,0.0298446417022026,DFI,1
USP46_3,0.029877369200542157,DFI,1
CCNB2_3,0.02990691962201006,DFI,1
C12H6orf132_3,0.02991411605417086,DFI,1
CYP4V2_3,1.9027988998924332e-07,DFI,2
GPR34_3,5.1773550961111345e-06,DFI,2
PTTG1_3,6.517358365302683e-06,DFI,2
TLR3_3,7.040378257633242e-06,DFI,2
STUM_3,1.1380732139689889e-05,DFI,2
MEX3A_3,1.2088410333817567e-05,DFI,2
LOC477699_3,1.346661144049301e-05,DFI,2
ADAMTS4_3,1.394552051513473e-05,DFI,2
HHIP_3,1.574779999810908e-05,DFI,2
SUGCT_3,1.7804910202804733e-05,DFI,2
LOC111097086_3,1.8779150074491704e-05,DFI,2
FMO5_3,2.0513376476259928e-05,DFI,2
UBE2S_3,2.173448770424321e-05,DFI,2
RECQL4_3,2.2073411546233775e-05,DFI,2
SAMD9L_3,2.2932593824198916e-05,DFI,2
CBX7_3,2.310232721336745e-05,DFI,2
NIBAN1_3,2.6643157244320177e-05,DFI,2
DNA2_3,2.6735055547670563e-05,DFI,2
APOBEC3Z3_4,2.7088006322596698e-05,DFI,2
PTEN_3,3.27100394498181e-05,DFI,2
ALOX5_3,3.4856118883859415e-05,DFI,2
HACD4_3,3.502973001292361e-05,DFI,2
P2RX7_3,3.683609233994317e-05,DFI,2
IFIT3_3,3.765977899071446e-05,DFI,2
EVI2B_3,4.151146387211505e-05,DFI,2
ATAD1_3,4.279107944390577e-05,DFI,2
CENPW_3,4.2836254312341864e-05,DFI,2
LHX2_3,5.013514404257041e-05,DFI,2
ZMAT1_3,5.058979927197665e-05,DFI,2
TLR7_3,5.126288077371531e-05,DFI,2
SPC24_3,5.341340146051123e-05,DFI,2
TRANK1_3,6.137910620270312e-05,DFI,2
ENPP5_3,6.543384589280693e-05,DFI,2
PIK3IP1_3,6.601583081522991e-05,DFI,2
ST6GALNAC3_3,7.075254255967642e-05,DFI,2
RCOR2_3,7.332557850313925e-05,DFI,2
SUSD1_3,7.73910375810214e-05,DFI,2
CENPV_3,7.846230749796766e-05,DFI,2
ACSS3_3,8.261865894281748e-05,DFI,2
TAPBPL_3,8.346632708798872e-05,DFI,2
PARP15_3,8.986900749404571e-05,DFI,2
TNFAIP8L2_3,9.08389451168577e-05,DFI,2
IFIT2_3,9.36823861793044e-05,DFI,2
FANCM_3,0.00011322652798405875,DFI,2
RGS18_3,0.00011438323029575816,DFI,2
LOC100855995_3,0.00012049434451418664,DFI,2
TTC39B_3,0.00013250192470768226,DFI,2
SERF1A_3,0.0001336481145502243,DFI,2
FANCA_3,0.00013392888428393637,DFI,2
JCHAIN_3,0.0001371160846755372,DFI,2
STC1_3,0.00013837393935896584,DFI,2
E2F1_3,0.0001405429307578184,DFI,2
FKBP4_3,0.0001409368869288199,DFI,2
MOSPD2_3,0.0001452886068401529,DFI,2
TRIP13_3,0.0001484561783269097,DFI,2
SRM_3,0.0001589908123543917,DFI,2
KCTD12_3,0.0001680363780066112,DFI,2
LOC119866898_3,0.00017825817198339369,DFI,2
MCM10_3,0.00018101527571687037,DFI,2
CENPK_3,0.00018721429257973418,DFI,2
LOC106557828_3,0.00018986512308260753,DFI,2
BATF2_3,0.0001907077575536525,DFI,2
POLE2_3,0.00019905935972563995,DFI,2
FANCD2_3,0.00020390849294723957,DFI,2
SPC25_3,0.00020516062234991126,DFI,2
CARD9_3,0.00021462791548636332,DFI,2
ADAMTS1_3,0.00021773510742980888,DFI,2
DLGAP5_3,0.0002184188680453795,DFI,2
STON1_3,0.00021894673400645864,DFI,2
CA5B_3,0.0002313555487975297,DFI,2
MYBL2_3,0.00023218841294181936,DFI,2
SERPINH1_3,0.00023312454511962912,DFI,2
SCRN2_3,0.000245436148193793,DFI,2
ACOD1_3,0.0002599438004189462,DFI,2
MPIG6B_3,0.00026049995988081885,DFI,2
PLK4_3,0.00026342261305053116,DFI,2
CCNA2_3,0.0002748735130904632,DFI,2
CREBRF_3,0.00028349899305899634,DFI,2
PRKX_3,0.0002848754538200207,DFI,2
PARP4_3,0.00028596943314434283,DFI,2
FAXDC2_3,0.00029075061675949167,DFI,2
LOC476816_3,0.00029446077155623,DFI,2
MINPP1_3,0.0002963025297956826,DFI,2
ADGRG6_3,0.00029649747409127975,DFI,2
UBE2C_3,0.0002990280698460068,DFI,2
LOC119875957_1,0.000306943566893231,DFI,2
ABCC3_3,0.00031840990188950564,DFI,2
ADGRF1_3,0.0003205985130038584,DFI,2
TBC1D9_3,0.00032232689026847965,DFI,2
EPAS1_3,0.0003232137861655346,DFI,2
FAM180A_3,0.0003251025194921411,DFI,2
SERPING1_3,0.0003290466579652835,DFI,2
SLC6A11_3,0.00036344470586884453,DFI,2
PAG1_3,0.00036600154083125453,DFI,2
PTPN6_3,0.0003705037074062096,DFI,2
HSP90AA1_3,0.00037733589243439745,DFI,2
CSF1R_3,0.00038868165494797957,DFI,2
KIAA0040_3,0.0003887522614821123,DFI,2
OSR2_3,0.00040187337370978097,DFI,2
SELENOP_3,0.0004112226563513036,DFI,2
CD8B_3,0.00041834196483630723,DFI,2
RBM44_3,0.00043068794838287784,DFI,2
TAGAP_3,0.00044001423008472565,DFI,2
TSPAN33_3,0.000444582522575478,DFI,2
OLFML1_3,0.00044539485632235715,DFI,2
NR2F1_3,0.00045225184094188403,DFI,2
TIMD4_3,0.00045720642916112806,DFI,2
PARP9_3,0.00046093098616532726,DFI,2
CDCA5_3,0.00046438813484295276,DFI,2
LRRTM3_3,0.00046825166375161925,DFI,2
RASSF5_3,0.0004797565450953886,DFI,2
SELPLG_3,0.0004837166264718582,DFI,2
SPAG5_3,0.0004944124681232699,DFI,2
ATP8A1_3,0.0005009680989250002,DFI,2
CDCA8_3,0.0005044028655005945,DFI,2
NCKAP1L_3,0.0005046157670126314,DFI,2
P3H2_3,0.0005079322931036365,DFI,2
MCM5_3,0.0005090880531842261,DFI,2
PTPRJ_3,0.0005167068495053874,DFI,2
GBP6_3,0.0005176922380226269,DFI,2
LOC119878234,0.0005199349913018496,DFI,2
LOC612325_3,0.0005412346651297072,DFI,2
PBK_3,0.0005762880402552944,DFI,2
FCMR_3,0.0005785291314634733,DFI,2
PIK3AP1_3,0.0005807775975145195,DFI,2
HSP70_3,0.0005833588480978909,DFI,2
LAMA3_3,0.0005840109182965939,DFI,2
GADD45GIP1_3,0.0005986444727551683,DFI,2
SIVA1_3,0.0006084887161829179,DFI,2
EHD3_3,0.0006087843469250203,DFI,2
BLNK_3,0.0006100539730978686,DFI,2
CHST2_3,0.0006168160754248608,DFI,2
SH3D19_3,0.0006310270043059347,DFI,2
ECT2_3,0.0006511471215095832,DFI,2
LOC119876044,0.000652645647184477,DFI,2
ECRG4_3,0.0006543200306809764,DFI,2
DNPH1_3,0.0006637287440594167,DFI,2
HSPH1_3,0.0006654832725599785,DFI,2
STX3_3,0.0006763052033316617,DFI,2
LOC489911_3,0.0006779891043096908,DFI,2
HSD11B1_3,0.0006796518414124131,DFI,2
BARX1_3,0.0006813939118537907,DFI,2
IGF2BP1_3,0.000681607619883535,DFI,2
POLE_3,0.0006879086571004661,DFI,2
BIRC5_3,0.0006931330679879274,DFI,2
HNMT_3,0.00069329830294785,DFI,2
SGMS1_3,0.0006947741262324115,DFI,2
TONSL_3,0.0007002480567006938,DFI,2
SHCBP1_3,0.0007019033591111425,DFI,2
TNFSF10_3,0.0007092631451018668,DFI,2
FAM83D_3,0.0007161987150822677,DFI,2
ARHGEF6_3,0.0007199297945369456,DFI,2
MAB21L2_3,0.0007209293067094981,DFI,2
DSN1_3,0.0007218929550306392,DFI,2
ELOVL4_3,0.0007242581261168931,DFI,2
CSRP2_3,0.0007281051702697593,DFI,2
SCML2_3,0.000732118682722734,DFI,2
E2F7_3,0.000739966575559812,DFI,2
ASAH1_3,0.0007476540618590477,DFI,2
RAB30_3,0.0007587921094028342,DFI,2
CA14_3,0.0007622717342099117,DFI,2
AMOTL2_3,0.0007684356465121878,DFI,2
HELLS_3,0.0007697703965660535,DFI,2
GSAP_3,0.0007759165062475095,DFI,2
JAML_3,0.0008002341005221488,DFI,2
RNASEL_3,0.0008010080761421906,DFI,2
LRFN4_3,0.0008057396193606372,DFI,2
BUB1_3,0.0008082980219111263,DFI,2
LURAP1L_3,0.0008212979698460502,DFI,2
GBP1_3,0.0008219597460818597,DFI,2
APOBR_3,0.0008248451866914593,DFI,2
DNAH10_3,0.0008269029002218393,DFI,2
GMFG_3,0.0008337094469501409,DFI,2
P4HA1_3,0.0008622626130386773,DFI,2
PER2_3,0.0008682819349190029,DFI,2
TPCN1_3,0.0008682844768996028,DFI,2
KBTBD12_3,0.0008790338585556892,DFI,2
FYCO1_3,0.0008840474539159513,DFI,2
GLT1D1_3,0.0008880334254688341,DFI,2
CDC6_3,0.0008968852815317202,DFI,2
STING1_3,0.0008974743118560878,DFI,2
LEPR_3,0.0009070892499482275,DFI,2
CSRP1_3,0.000912627687533002,DFI,2
LOC106559420_3,0.0009179298816179174,DFI,2
PYCARD_3,0.0009344743989982412,DFI,2
SLC5A6_3,0.0009415164472550607,DFI,2
LOC119877532,0.0009461746608514205,DFI,2
CASP8_3,0.0009635811065915056,DFI,2
IGFBP5_3,0.0009724094441795646,DFI,2
UBE2T_3,0.0009851504260616427,DFI,2
SCEL_3,0.0009871789471710116,DFI,2
CDCA3_3,0.0010033538596421955,DFI,2
LOC119864445_3,0.001020471005241776,DFI,2
IFI35_3,0.0010326566250293942,DFI,2
OAS3_3,0.0010339013517684243,DFI,2
SLC13A5_3,0.001037184699875756,DFI,2
ANGPT2_3,0.0010407247358021766,DFI,2
TK1_3,0.0010441352360899116,DFI,2
GAB2_3,0.0010457928015976258,DFI,2
SMO_3,0.0010558052301175415,DFI,2
LOC119877688,0.0010697314568131632,DFI,2
NETO1_3,0.00107065326099187,DFI,2
INPP5D_3,0.0010711658851571297,DFI,2
LAG3_3,0.0010732975694841406,DFI,2
CD244_3,0.0010894716292939107,DFI,2
MEST_3,0.0011202077355923683,DFI,2
TRIM34_3,0.0011298064668979228,DFI,2
LOC111090004_3,0.001175134411682214,DFI,2
ADORA2B_3,0.0011852446394278115,DFI,2
GPSM3_3,0.0011860944299457946,DFI,2
DTX3L_3,0.0011942346765309276,DFI,2
CCNB2_3,0.0012078449002531756,DFI,2
DENND1C_3,0.0012134343013544663,DFI,2
TMEM123_3,0.0012179216844840665,DFI,2
UHRF1_3,0.0012267323850406343,DFI,2
GRK7_3,0.0012370185296863155,DFI,2
SKA3_3,0.0012378388070247615,DFI,2
FKBP7_3,0.001243731861284766,DFI,2
GTSE1_3,0.0012618407863460332,DFI,2
B2M_3,0.0012650061573836263,DFI,2
LOC102152083_3,0.001270231287802999,DFI,2
FLT3_3,0.0012829751489441552,DFI,2
LOC487476_3,0.0012835853135217644,DFI,2
PRRT4_3,0.0012869351836722572,DFI,2
LMO2_3,0.0012968201674293826,DFI,2
SERPINB9_3,0.0012983119535199944,DFI,2
ARSD_3,0.0012987176020928782,DFI,2
H2AX_3,0.001310122859043402,DFI,2
GPR183_3,0.0013283631692304436,DFI,2
NCF4_3,0.0013334796026608696,DFI,2
RNF213_3,0.0013455521860503334,DFI,2
TMEM140_3,0.0013512683187697516,DFI,2
CLSTN3_3,0.0013619824494863755,DFI,2
SULT1C4_3,0.0013666055674418772,DFI,2
ORC6_3,0.0013667449707679,DFI,2
PTGES3L_3,0.0013839946999484778,DFI,2
TMEM86A_3,0.0013959919281079218,DFI,2
DHX58_3,0.0013962718534114445,DFI,2
RETSAT_3,0.0014024903309202573,DFI,2
MIS18A_3,0.0014043490977937382,DFI,2
CLEC12A_3,0.001406767111219933,DFI,2
LOC606863_3,0.0014137392315445125,DFI,2
ST8SIA5_3,0.0014434749286483034,DFI,2
PTAFR_3,0.0014472171982536084,DFI,2
LPXN_3,0.0014479555859112344,DFI,2
CDT1_3,0.0014482392345970482,DFI,2
FAM107A_3,0.0014692230184936348,DFI,2
PTPRO_3,0.001480882680647418,DFI,2
IGFBP3_3,0.0014849411385899885,DFI,2
IRF1_3,0.0014910841024983348,DFI,2
SAMD5_3,0.0015027534390937972,DFI,2
TOP2A_3,0.0015096773872143637,DFI,2
TMCC3_3,0.0015356522012867125,DFI,2
NCAPG_3,0.0015572149738519562,DFI,2
DOCK2_3,0.0015680619232725827,DFI,2
ARRB1_3,0.0015725338498791153,DFI,2
ENPP3_3,0.0016001170588005257,DFI,2
GSC_3,0.0016017261119278556,DFI,2
BTK_3,0.0016184316369347407,DFI,2
CLMP_3,0.001619522747137379,DFI,2
ABHD2_3,0.0016278167507826791,DFI,2
LOC102154334_3,0.0016286917198298425,DFI,2
EGR1_3,0.0016537398092035444,DFI,2
C29H8orf88_3,0.001678454691485425,DFI,2
C1S_3,0.0016903480011583498,DFI,2
MCM2_3,0.0016991105093059006,DFI,2
RENBP_3,0.0017311175993825136,DFI,2
CDC20_3,0.0017329239019649141,DFI,2
AURKA_3,0.001744721058969491,DFI,2
GPRC5C_3,0.001745621434501174,DFI,2
CDCA7_3,0.0017551743611255426,DFI,2
AKNA_3,0.0017644199564372902,DFI,2
MTFR2_3,0.0017974333564843464,DFI,2
LOC100686484_3,0.0018114290428843341,DFI,2
LDLRAD4_3,0.0018379336631687878,DFI,2
RRM2_3,0.0018492470407983255,DFI,2
DRAM1_3,0.0018530005351844751,DFI,2
STMN1_3,0.0018655200243044429,DFI,2
KIF22_3,0.0018677160875663456,DFI,2
RCN3_3,0.0018840314937250823,DFI,2
ADA2_3,0.0018885085400503993,DFI,2
CXCL14_3,0.0018958386888234297,DFI,2
SP100_3,0.0019002920428104675,DFI,2
PIK3CG_3,0.001920016429602867,DFI,2
CENPH_3,0.0019242577800335377,DFI,2
CBLN3_3,0.001951371904539972,DFI,2
HORMAD1_3,0.001972999320189176,DFI,2
APBB1IP_3,0.0020011772933483784,DFI,2
SIM2_3,0.0020354698793776218,DFI,2
TMEM178A_3,0.002058072475577798,DFI,2
RBMS3_3,0.0021048887981094527,DFI,2
CTSH_3,0.002120758363829765,DFI,2
UBA7_3,0.0021267343920292102,DFI,2
SPN_3,0.0021341994644946613,DFI,2
GAREM2_3,0.002146157154837614,DFI,2
E2F8_3,0.00217576291522556,DFI,2
MYO1G_3,0.0021864956857833985,DFI,2
LAPTM5_3,0.00218954911434453,DFI,2
SCTR_3,0.0022038422277393254,DFI,2
CASP12_3,0.002205354729098988,DFI,2
PRDM1_3,0.002206557876676712,DFI,2
MCF2L_3,0.0022405784516556443,DFI,2
PTPRC_4,0.002242460860227617,DFI,2
CKS2_3,0.0022517292755027812,DFI,2
ATP8B4_3,0.00231596984237017,DFI,2
CRYBG1_3,0.0023204024914266277,DFI,2
NALCN_3,0.0023641257072539354,DFI,2
SLC6A6_3,0.0023767015669797224,DFI,2
APCDD1_3,0.0024005494637972585,DFI,2
C3AR1_3,0.0024861387802170253,DFI,2
VWA5A_3,0.002490163258531596,DFI,2
LOC484343_3,0.002516688510510583,DFI,2
KIF23_3,0.0025323106561110096,DFI,2
CD86_3,0.0025557918444627866,DFI,2
SLC8A1_3,0.0025626945740275507,DFI,2
CTH_3,0.0025681360011167538,DFI,2
ANKH_3,0.0025902252704960295,DFI,2
CYTH4_3,0.002601480682118926,DFI,2
RAC2_3,0.002605974444208682,DFI,2
ARHGDIB_3,0.002607770860606442,DFI,2
LOC119876150,0.0026291671861543484,DFI,2
CYSLTR1_3,0.002638907130035967,DFI,2
GLUL_3,0.002648788728810566,DFI,2
CDCA2_3,0.002659539682640408,DFI,2
IL18_3,0.002666786165626977,DFI,2
MYOF_3,0.0026730326989404486,DFI,2
DNASE1L3_3,0.002733144571636317,DFI,2
LPAR5_3,0.0027740268042914817,DFI,2
PLAAT4_3,0.002775996109295529,DFI,2
SYTL1_3,0.0028043883870265255,DFI,2
ATAD2_3,0.00280675944048751,DFI,2
LOC478384_3,0.002833714280233386,DFI,2
GPRIN1_3,0.002841806419861233,DFI,2
TYROBP_3,0.0028513404614769196,DFI,2
CEP72_3,0.0028548064760347113,DFI,2
POFUT2_3,0.002865040442654429,DFI,2
ORC1_3,0.0028722727648659327,DFI,2
PCLAF_3,0.0028829805641121904,DFI,2
MOB3B_3,0.002887867049451408,DFI,2
PTK2B_3,0.0029102965908233353,DFI,2
CPED1_3,0.002921933914865033,DFI,2
ERAP1_3,0.0029255583544547346,DFI,2
ITGBL1_3,0.0029336490058205615,DFI,2
SERTM1_3,0.0029606841461231282,DFI,2
RELN_3,0.002972584849238554,DFI,2
SLC4A4_3,0.0029741661099568126,DFI,2
CENPI_3,0.0030023750182250155,DFI,2
FN1_3,0.003044977744399902,DFI,2
FERMT3_3,0.003070092645414339,DFI,2
TROAP_3,0.003100080382845913,DFI,2
RAD51AP1_3,0.003111693255259234,DFI,2
SHTN1_3,0.0031255929414256652,DFI,2
PTPN22_3,0.003125759728114634,DFI,2
NCAPH_3,0.0031278934962799686,DFI,2
LOC119876737,0.0031364600322464275,DFI,2
CENPA_3,0.0031556505344278772,DFI,2
MTURN_3,0.0031613312865796527,DFI,2
LOC100684769_3,0.003162933991335522,DFI,2
NSMCE2_3,0.003218094715211749,DFI,2
PARVG_3,0.0032264220627895653,DFI,2
TYMS_3,0.0032789145787909587,DFI,2
TNFSF8_3,0.0032854195149108587,DFI,2
RAD51_3,0.003288771323949322,DFI,2
PLPPR4_3,0.0032965511176775994,DFI,2
RBPMS2_3,0.0032977833518598545,DFI,2
SFMBT2_3,0.003380869290510292,DFI,2
KIF18B_3,0.00338092482440126,DFI,2
POLQ_3,0.0033912794895840904,DFI,2
NHSL2_3,0.0034166816411255615,DFI,2
XG_3,0.003434538105920402,DFI,2
P3H4_3,0.003454908714095457,DFI,2
SLC46A2_3,0.003465172105831347,DFI,2
C1QTNF1_3,0.003465230582117163,DFI,2
CENPT_3,0.003492767427223505,DFI,2
AVPR1A_3,0.003502022884535818,DFI,2
REXO5_3,0.003529921220420328,DFI,2
MCTP1_3,0.003552141615825157,DFI,2
GIMAP6_3,0.0035671020777186175,DFI,2
IFI44L_3,0.0035761621853410753,DFI,2
CHST8_3,0.0035895975123942667,DFI,2
LOC488622_3,0.003593373363372076,DFI,2
PKMYT1_3,0.003597456884186753,DFI,2
CYSLTR2_3,0.003620681599724889,DFI,2
FGF23_3,0.0036431348302030184,DFI,2
DEPDC1_3,0.003650144252775258,DFI,2
NFAM1_3,0.0036641983119998444,DFI,2
LOC488947_3,0.0036777048820697987,DFI,2
TXNIP_3,0.0036784937857723007,DFI,2
ARHGEF3_3,0.00371819152644726,DFI,2
SYK_3,0.003723581442370487,DFI,2
AURKB_3,0.0037260637770309573,DFI,2
LOC119874749_2,0.0037265945791448156,DFI,2
ANKRD37_3,0.00374630021242362,DFI,2
MLC1_3,0.00375947589087016,DFI,2
GABRA2_3,0.0037879738229839675,DFI,2
KLHL9_3,0.0038024069266254183,DFI,2
CSF1_3,0.0038183797110553155,DFI,2
IRF5_3,0.0038245233986495724,DFI,2
PAPSS2_3,0.0038505939043464066,DFI,2
HILPDA_3,0.0038608251624772916,DFI,2
LOC102153396_3,0.0038644978322376696,DFI,2
FKBP10_3,0.003872584334276194,DFI,2
C1R_3,0.003958980754265574,DFI,2
FLRT3_3,0.004011095924780637,DFI,2
DBF4B_3,0.004069579405850831,DFI,2
ITGAX_3,0.004072293341563145,DFI,2
CCNB1_3,0.004072439156251392,DFI,2
KIRREL2_3,0.004077195981311457,DFI,2
GPSM2_3,0.004097167307952142,DFI,2
NMNAT3_3,0.004098289779273597,DFI,2
FYB1_3,0.00410411382543276,DFI,2
DDX43_3,0.004110898387556439,DFI,2
ADM_3,0.004133803410641946,DFI,2
DLA-DQA1_3,0.00415429135060952,DFI,2
ARL4D_3,0.004160694588037078,DFI,2
ADAM19_3,0.004164937544374658,DFI,2
CLTCL1_3,0.004178456921178587,DFI,2
WAS_3,0.004181483711705562,DFI,2
EVI2A_3,0.004200999546706287,DFI,2
DLEC1_3,0.004218659818780637,DFI,2
IGF2BP3_3,0.004232082531146413,DFI,2
XCR1_3,0.004247423918436616,DFI,2
GRIA2_3,0.0042617028300124355,DFI,2
DLA-DOA_3,0.004264400830548243,DFI,2
C6H16orf54_3,0.004328573498785025,DFI,2
CDK1_3,0.004340916163327943,DFI,2
NDUFB9_3,0.004403432444519367,DFI,2
DLG3_3,0.004408330803855214,DFI,2
H2AC6_3,0.004423713481941941,DFI,2
DOCK8_3,0.004428313584300435,DFI,2
VSIR_3,0.004445744882627287,DFI,2
ENC1_3,0.004450825780695053,DFI,2
ATP2A3_3,0.004518881148096616,DFI,2
KIF15_3,0.004522982214876582,DFI,2
CCR2_3,0.0045457377283551785,DFI,2
PACSIN3_3,0.0045655372141389285,DFI,2
LOC111092892_3,0.004596444491728345,DFI,2
SRGAP3_3,0.004640077481473209,DFI,2
PLD4_3,0.004691063186079175,DFI,2
DLA-DRA_3,0.004698762605903492,DFI,2
OSM_3,0.004727277923283999,DFI,2
SLAMF7_3,0.00475975965259802,DFI,2
PLCB2_3,0.0048369615384123085,DFI,2
MAD2L1_3,0.004855868365481877,DFI,2
LAT_3,0.004870436447315208,DFI,2
VAV1_3,0.004873049712616,DFI,2
IFGGC1_3,0.004891213057863297,DFI,2
SLC43A2_3,0.004898304017233222,DFI,2
LOC608379_3,0.004934858914533878,DFI,2
STK39_3,0.004936379728239577,DFI,2
TNFRSF14_3,0.004944389717442524,DFI,2
GLI1_3,0.004961708875436123,DFI,2
FMNL1_3,0.004963502754426569,DFI,2
KIF4A_3,0.004977553431000151,DFI,2
LOC119864981_2,0.0049824585315458225,DFI,2
SELENOH_3,0.004994325908243849,DFI,2
DOCK10_3,0.005006836463924387,DFI,2
ECM1_3,0.005018388589943162,DFI,2
CCNB3_3,0.00505772177089422,DFI,2
SEMA4A_3,0.005118867255284993,DFI,2
PID1_3,0.005119400264469371,DFI,2
PEG10_3,0.005137470528630626,DFI,2
APELA_3,0.005151895035666876,DFI,2
LOC119878869,0.005189390470107394,DFI,2
CYBB_3,0.005230161260422278,DFI,2
LOC119869021_2,0.005246527269514659,DFI,2
SLCO2B1_3,0.005288452405765202,DFI,2
IGF2_3,0.0052965539105873285,DFI,2
BEX3_3,0.0053639414845717244,DFI,2
IL34_3,0.00538759127098601,DFI,2
DLA-DMB_3,0.00541259305460129,DFI,2
PSMB8_3,0.005438966143568579,DFI,2
ZBP1_3,0.00545719941861681,DFI,2
GLIPR1_3,0.005461393248172816,DFI,2
ANTXR1_3,0.005534575892016812,DFI,2
NXN_3,0.005535355641289351,DFI,2
SNX10_3,0.005570716001655015,DFI,2
PLK1_3,0.005578162093776592,DFI,2
GJC1_3,0.005582031761392641,DFI,2
LOC106557817_2,0.005585022132355235,DFI,2
ZBED2_3,0.005735000990357317,DFI,2
EPHA2_3,0.005735391663663306,DFI,2
SLCO3A1_3,0.005738321278275921,DFI,2
COL4A5_3,0.0057522990616150635,DFI,2
PPA1_3,0.005754199188863478,DFI,2
SLC25A10_3,0.005760914478893474,DFI,2
EPHB2_3,0.005844461871732249,DFI,2
CGREF1_3,0.005863170300725942,DFI,2
SLC25A48_3,0.005892124585791799,DFI,2
FRMD4B_3,0.005892311738308789,DFI,2
LOC111094227_3,0.0059033981896888365,DFI,2
GPR65_3,0.005929157414937414,DFI,2
LOC475831_3,0.005935491977115916,DFI,2
ANKRD22_3,0.0059602711254841045,DFI,2
CD80_3,0.006000127324226169,DFI,2
FGR_3,0.006033604392229788,DFI,2
CDC45_3,0.006036555676297218,DFI,2
LOC609817_3,0.006052627881514795,DFI,2
MBP_3,0.006096661648169844,DFI,2
PSAT1_3,0.0061136618289141294,DFI,2
MACROH2A2_3,0.006124348581486623,DFI,2
GLDN_3,0.0061356580656725225,DFI,2
IKZF1_3,0.006139565108458428,DFI,2
CFI_3,0.00616198109502013,DFI,2
INPP4B_3,0.006175058558549947,DFI,2
LOC119877191,0.006176356894442912,DFI,2
TTC38_3,0.00621429133862877,DFI,2
MCAM_3,0.00630520893715284,DFI,2
IRX1_3,0.006371022898223597,DFI,2
TFEC_3,0.006384116303968329,DFI,2
ST14_3,0.006421424522976469,DFI,2
IL17B_3,0.0064424440852968185,DFI,2
MAP1LC3C_3,0.006469740473887731,DFI,2
PLCXD2_3,0.006502634178781598,DFI,2
KLKB1_3,0.0065116292888115586,DFI,2
LOC111091730_3,0.006540850287059928,DFI,2
TSTD1_3,0.006569866265833582,DFI,2
BIRC3_3,0.006596374818415835,DFI,2
HLA-DRB1_3,0.00661446051661264,DFI,2
DOHH_3,0.006616304562215645,DFI,2
LCP1_3,0.0066343557181140975,DFI,2
B4GALNT1_3,0.0066477051043098605,DFI,2
CSF2RB_3,0.00666591182829871,DFI,2
IL17RB_3,0.006703144890025521,DFI,2
SASH3_3,0.006714771332314516,DFI,2
ARHGAP30_3,0.006742591703517247,DFI,2
GAS6_3,0.006793677308335582,DFI,2
ZC3HAV1_3,0.006797345704159944,DFI,2
GINS4_3,0.006809233750430478,DFI,2
RTP4_3,0.006874822376393962,DFI,2
BANK1_3,0.006886354687019486,DFI,2
LOC119873925_3,0.006893511714177657,DFI,2
DAPP1_3,0.006923653684077566,DFI,2
PCDH19_3,0.006926868218842489,DFI,2
DDIT4_3,0.006977612134915074,DFI,2
OAS2_3,0.006980581826896184,DFI,2
FOXM1_3,0.006998943198603804,DFI,2
HAVCR1_3,0.007011025833742632,DFI,2
CCR1_3,0.00701285173388177,DFI,2
MEGF6_3,0.007037031720783049,DFI,2
CD53_3,0.007037755589108304,DFI,2
TMEM144_3,0.007045872743368564,DFI,2
TLR2_3,0.007055207019571905,DFI,2
PIANP_3,0.007058576489841944,DFI,2
CD74_3,0.007078600307652764,DFI,2
IKZF2_3,0.00708809334403093,DFI,2
TBC1D10C_3,0.007099133869622585,DFI,2
RGS10_3,0.007128770455253895,DFI,2
GSDMD_3,0.007129765166569255,DFI,2
SFRP4_3,0.007207764308033108,DFI,2
IGSF6_3,0.0072212525999655695,DFI,2
SIGLEC11_3,0.0072285942366513405,DFI,2
MXRA5_3,0.0072378424393510395,DFI,2
EHBP1_3,0.007240022844466751,DFI,2
CKAP4_3,0.007287281802052199,DFI,2
SIRPB2_3,0.007297563754783747,DFI,2
KIFC1_3,0.007308045142391949,DFI,2
MSRB3_3,0.007320200993801445,DFI,2
ANO2_3,0.007333217278989309,DFI,2
CLSPN_3,0.007343152638289751,DFI,2
CENPN_3,0.007424872933993625,DFI,2
CD84_3,0.007428239170000332,DFI,2
FAM81A_3,0.007444015464501142,DFI,2
COL23A1_3,0.007487553326037809,DFI,2
LOC111096175_3,0.007517360108230142,DFI,2
LONRF3_3,0.0075347218855048945,DFI,2
TASL_3,0.007587244803382179,DFI,2
PDE1C_3,0.007606418690610626,DFI,2
P2RY14_3,0.00761770760542139,DFI,2
CFB_3,0.0076303078500476705,DFI,2
TRABD2A_3,0.007675732180955542,DFI,2
PLIN1_3,0.007715885884688904,DFI,2
ACOT7_3,0.007748671837720148,DFI,2
LOC119869726_3,0.007776699586525931,DFI,2
SERPINB8_3,0.007806378278894448,DFI,2
OSBPL3_3,0.007808917745246111,DFI,2
LGR4_3,0.007861534559733657,DFI,2
LY96_3,0.007916212095773504,DFI,2
PIK3R5_3,0.007954364679134839,DFI,2
FGL2_3,0.00809777400465403,DFI,2
HAAO_3,0.008160248521252264,DFI,2
IFI44_3,0.008210066066884765,DFI,2
LOC100688849_3,0.008291778769696032,DFI,2
RAI2_3,0.008297328766322777,DFI,2
PIK3R6_3,0.008301697253145168,DFI,2
MATN4_3,0.008304971776500063,DFI,2
MGARP_3,0.008338152525310604,DFI,2
LOC119877181,0.008347282204884772,DFI,2
LOC102157159_3,0.00839460186700001,DFI,2
KIF14_3,0.008401539172608804,DFI,2
OAS1_3,0.008414443330839539,DFI,2
LOC119877926,0.00842456673963738,DFI,2
TRIM22_3,0.008426712242491132,DFI,2
IFGGB2_3,0.008437401830769502,DFI,2
CENPF_3,0.008511556178042208,DFI,2
ABCA3_3,0.008533502450656535,DFI,2
HCLS1_3,0.0085341407015617,DFI,2
TPX2_3,0.00853439320432229,DFI,2
CD200_3,0.008573170673395856,DFI,2
LOC106559497_3,0.008617487983243095,DFI,2
PARP14_3,0.008638101000488256,DFI,2
CCDC3_3,0.008685937456892457,DFI,2
KLHL6_3,0.008705063474885267,DFI,2
LOC119878923,0.0087119666493766,DFI,2
HJURP_3,0.008726765412111467,DFI,2
PODXL2_3,0.008737039672269478,DFI,2
LOC119879221,0.008785519254149348,DFI,2
CASP4_3,0.008892337804494924,DFI,2
BUB1B_3,0.008893444233664564,DFI,2
STRA6_3,0.008903874087584182,DFI,2
LAPTM4B_3,0.008929703699563968,DFI,2
NLRP3_3,0.008963387391323274,DFI,2
CARD11_3,0.008980673909039666,DFI,2
ACE_3,0.008986075175223979,DFI,2
ARHGAP25_3,0.008997993334598914,DFI,2
GPR146_3,0.009015023830743972,DFI,2
LOC119877400,0.009025466948018796,DFI,2
MARCHF1_3,0.009042039718487771,DFI,2
TMEM71_3,0.009148973591483941,DFI,2
SPSB4_3,0.00917617671062831,DFI,2
SPHKAP_3,0.009209796185257597,DFI,2
CSPG5_3,0.009240183954924156,DFI,2
HELZ2_2,0.009280912170816828,DFI,2
LOC119869063_2,0.009300393914083022,DFI,2
C3_3,0.009302821736917087,DFI,2
SLC24A3_3,0.009338720965513636,DFI,2
LOC608379_5,0.009352162645144156,DFI,2
MYO1F_3,0.009407729202617204,DFI,2
DRD1_3,0.009512044801259776,DFI,2
LAT2_3,0.009548347747189729,DFI,2
YES1_3,0.009680778294079328,DFI,2
NIPAL2_3,0.009692671559950055,DFI,2
NR1D1_3,0.009712175908406536,DFI,2
SPATA13_3,0.009718153050949254,DFI,2
LOC100682670_3,0.009736077987529526,DFI,2
SLC16A1_3,0.009748641919155115,DFI,2
NAPRT_3,0.009776166639158432,DFI,2
LOC100686511_3,0.009891148143598445,DFI,2
ENPP4_3,0.009911680184741097,DFI,2
RAB29_3,0.009949059352772713,DFI,2
TLR1_3,0.009967533954562595,DFI,2
EMB_3,0.010027815784520649,DFI,2
LOC119875994_2,0.010039387762162039,DFI,2
MILR1_3,0.010044223531170998,DFI,2
DOK2_3,0.010078145733615856,DFI,2
ZFP69B_3,0.010185969588274502,DFI,2
LGALS9_3,0.010212703914195065,DFI,2
SIT1_3,0.010245281796071544,DFI,2
CENPP_3,0.010251342364992158,DFI,2
CP_3,0.01025623970772264,DFI,2
PTGES_3,0.010261796362625298,DFI,2
ARHGAP45_3,0.010268757083806026,DFI,2
ACYP2_3,0.010273806146094605,DFI,2
ETV5_3,0.01028655607375585,DFI,2
LOC119876690,0.010298573785924114,DFI,2
TTK_3,0.010316359677205088,DFI,2
LCP2_3,0.010417178704069607,DFI,2
LHFPL4_3,0.010452697603788214,DFI,2
FOXF1_3,0.010463426476879624,DFI,2
ACSL5_3,0.010467278861793293,DFI,2
TMOD1_3,0.010478625267478213,DFI,2
LOC102156428_3,0.01049570210648199,DFI,2
TMEM59L_3,0.01052085461489296,DFI,2
SAMSN1_3,0.010526976506533052,DFI,2
LOC119869118_1,0.010560932559979872,DFI,2
IL15RA_3,0.010619390847581737,DFI,2
LOC609621_3,0.010633413311164774,DFI,2
PARD3B_3,0.010697177470477505,DFI,2
C2_3,0.01069796661093817,DFI,2
DST_3,0.010713062407114674,DFI,2
GASK1B_3,0.010714094282543347,DFI,2
NAP1L3_3,0.010938161933596409,DFI,2
CLCN5_3,0.010954661383638988,DFI,2
VCAM1_3,0.011209238261814336,DFI,2
LOC119877031_2,0.01121395562393145,DFI,2
LCAT_3,0.011259551388924588,DFI,2
ADCY7_3,0.011352777267949206,DFI,2
MOCOS_3,0.01138319487493635,DFI,2
MAOB_3,0.011389703606478873,DFI,2
CRISPLD2_3,0.011411619808418092,DFI,2
LOC102155122_3,0.011474936703561988,DFI,2
EFCC1_3,0.011558018227008561,DFI,2
ABCA6_3,0.011588772420668251,DFI,2
MBOAT2_3,0.011601927996444071,DFI,2
EXPH5_3,0.01160767570648758,DFI,2
FGD4_3,0.01163990599329867,DFI,2
HK2_3,0.011641728477611395,DFI,2
ANXA3_3,0.011752112896810527,DFI,2
GALNT15_3,0.011766060977531497,DFI,2
CYS1_3,0.011766717520115731,DFI,2
THEMIS2_3,0.011780919921645313,DFI,2
ERO1A_3,0.011790419787039484,DFI,2
IRAG2_3,0.011826498865889566,DFI,2
PRR11_3,0.011844885017599362,DFI,2
DUSP9_3,0.011856803273485705,DFI,2
SCIMP_3,0.011871086302173928,DFI,2
SPI1_3,0.011898687441438838,DFI,2
PDE10A_3,0.011954989285063635,DFI,2
MYO7A_3,0.011959324612090143,DFI,2
LOC111095048_3,0.011965288670369197,DFI,2
MX2_3,0.011970914501139096,DFI,2
ABCB1_3,0.011976200340137466,DFI,2
ATP6V0A4_3,0.011999268388103852,DFI,2
BVES_3,0.012077190727471106,DFI,2
RYR2_3,0.012138172951980148,DFI,2
LOC119879410,0.012139811839692717,DFI,2
PLEKHA6_3,0.012163640680649618,DFI,2
WNT5B_3,0.012220768933535246,DFI,2
VGLL2_3,0.012248729739403509,DFI,2
LOC119878351,0.012335350193256938,DFI,2
KCNA3_3,0.012373241702495989,DFI,2
ETV7_3,0.012408420492367499,DFI,2
LOC484897_3,0.012441126101994994,DFI,2
LOC119869290_3,0.012510899992060263,DFI,2
IFITM5_3,0.012541487978096854,DFI,2
CX3CR1_3,0.012666063306510279,DFI,2
DOCK5_3,0.012691850015646858,DFI,2
TRIB3_3,0.012739426839048542,DFI,2
CYBRD1_3,0.012747812391666636,DFI,2
RIPOR2_3,0.012837214015637888,DFI,2
STRADB_3,0.012880711728971598,DFI,2
MCM3_3,0.012941634958806451,DFI,2
COX4I2_3,0.012945279724104142,DFI,2
NEURL3_3,0.013003682393642977,DFI,2
RASSF2_3,0.01301283636665744,DFI,2
CHRDL2_3,0.01303758349029627,DFI,2
TAP1_3,0.013138680889759068,DFI,2
C1QA_3,0.013146145806804337,DFI,2
HERC6_3,0.013234942818185907,DFI,2
LOC119878872,0.013275093624358558,DFI,2
POLR1C_3,0.013283768955126743,DFI,2
FRMD6_3,0.013308130977167116,DFI,2
IFIH1_3,0.013386342894818926,DFI,2
CD180_3,0.013399309830369988,DFI,2
NAGLU_3,0.013443772531231041,DFI,2
CDC25C_3,0.013444720013498435,DFI,2
BIN2_3,0.013459638675905978,DFI,2
LOC100856137_3,0.013462435188946341,DFI,2
GABRB2_3,0.013519836870801502,DFI,2
RASAL3_3,0.01356451047500286,DFI,2
FLVCR2_3,0.013589993698514971,DFI,2
SYT13_3,0.013604673576608287,DFI,2
NDC80_3,0.013635331733801076,DFI,2
FAM131C_3,0.013649851065922203,DFI,2
JAZF1_3,0.013756942288299346,DFI,2
FGD3_3,0.013846543424785382,DFI,2
LOC119869019_2,0.01385946288807046,DFI,2
SSTR2_3,0.013954349286328839,DFI,2
IL32_3,0.014000069620009055,DFI,2
ISYNA1_3,0.014173619159843097,DFI,2
ANKLE1_3,0.014198232383450686,DFI,2
AQP5_3,0.014217623823318414,DFI,2
ACVRL1_3,0.014229901894888717,DFI,2
MCOLN2_3,0.014230177476806041,DFI,2
CD226_3,0.014263675330532834,DFI,2
EPHB3_3,0.014269852011979995,DFI,2
COL17A1_3,0.0142783844769682,DFI,2
CRACD_3,0.01429820924350019,DFI,2
SYNGR1_3,0.01438193969757035,DFI,2
HYAL1_3,0.014395751658998049,DFI,2
MAL_3,0.01446187613744379,DFI,2
TMEM64_3,0.014488071616666445,DFI,2
DLA-DMA_3,0.014514545276628186,DFI,2
CLEC2B_3,0.01454199103791795,DFI,2
CIRBP_3,0.014544207448239184,DFI,2
LOC119874670_3,0.014555130946446858,DFI,2
PLEKHM1_3,0.014583837801867663,DFI,2
GIMAP2_3,0.014613237163427726,DFI,2
DLA-79_3,0.014634717730901218,DFI,2
LOC119878294,0.014649141508018392,DFI,2
IRF8_3,0.014657785673873592,DFI,2
GPR137B_3,0.014685840986216838,DFI,2
PDE7B_3,0.01469243570485242,DFI,2
SLAMF8_3,0.014699636169083086,DFI,2
HERC5_3,0.014763888632971076,DFI,2
MS4A7_3,0.014783863285837437,DFI,2
CD68_3,0.014840822698596623,DFI,2
DDX58_3,0.014883980744449606,DFI,2
FGD2_3,0.014939705954113877,DFI,2
N4BP2L1_3,0.014952651950047026,DFI,2
TLR8_3,0.014989438829199597,DFI,2
LOC106559121_2,0.015212851716103157,DFI,2
DOK3_3,0.015246880217591706,DFI,2
CD40_3,0.015290530310222289,DFI,2
PM20D2_3,0.015325297773338862,DFI,2
PAMR1_3,0.015333964230564476,DFI,2
H2BC8_3,0.015342190235923031,DFI,2
LOC102154760_3,0.015350599554382711,DFI,2
SMTNL2_3,0.015392116050826502,DFI,2
LOC119868251_3,0.015427224173810684,DFI,2
F8_3,0.015516186204750685,DFI,2
LOC119869101_1,0.015540333786871521,DFI,2
LOC607405_3,0.015684711402992033,DFI,2
MPEG1_3,0.01574938835525465,DFI,2
CYP19A1_3,0.015780309524307288,DFI,2
PKDCC_3,0.015791443231736396,DFI,2
OSMR_3,0.015791979997906002,DFI,2
BBOX1_3,0.015804437515370542,DFI,2
GCAT_3,0.015858251708784014,DFI,2
TTC9_3,0.01593513934049243,DFI,2
LOC119867957_3,0.015973459071591662,DFI,2
MFSD6_3,0.01597427545486977,DFI,2
NUF2_3,0.01598647552054731,DFI,2
TSPYL2_3,0.01599053706475246,DFI,2
SGO1_3,0.01601963406445056,DFI,2
DOCK11_3,0.016066156659489052,DFI,2
LOC612177_3,0.016157999108596843,DFI,2
LOC481472_3,0.016198349851527804,DFI,2
LAMP3_3,0.01620301336136765,DFI,2
CD37_3,0.016207138788506912,DFI,2
TP53INP1_3,0.01627107185850777,DFI,2
SKP2_3,0.016317014644942646,DFI,2
NUP210_3,0.016352148837407335,DFI,2
CRACDL_3,0.016352671000337455,DFI,2
DTL_3,0.016595732606429492,DFI,2
LOC102155737_3,0.016632887672335405,DFI,2
LRRC8C_3,0.01670664645956774,DFI,2
TPP1_3,0.016714041222788766,DFI,2
ADAMTSL3_3,0.01671506237700107,DFI,2
NR3C2_3,0.01676279061160484,DFI,2
SEMA3A_3,0.016814571849735407,DFI,2
PHGDH_2,0.016856675313784993,DFI,2
GPR156_3,0.01686571058248365,DFI,2
TRARG1_3,0.016901248089240605,DFI,2
CST7_3,0.0169344987003945,DFI,2
RUNDC3B_3,0.017076496468828285,DFI,2
WNT16_2,0.017132114143974555,DFI,2
AIF1_3,0.01718604150683007,DFI,2
LOC119866222_1,0.01734906502327003,DFI,2
ADAMTS14_3,0.0173557048825418,DFI,2
LOC111094052_3,0.017399724897921076,DFI,2
FREM2_3,0.01745192722403196,DFI,2
TLR5_3,0.017497392357788057,DFI,2
ITPR3_3,0.01752460331295938,DFI,2
C1H19orf33_3,0.0175461142562332,DFI,2
HOXB3_3,0.017580293589579642,DFI,2
BST2_3,0.017623357639044376,DFI,2
LOC100686073_3,0.01769328400447857,DFI,2
LOC100856518_3,0.017774723640009336,DFI,2
RAB15_3,0.01783570566684845,DFI,2
FCER1G_2,0.017869734181251307,DFI,2
FNBP1_3,0.017911811496287164,DFI,2
EPHA6_3,0.017946011852204947,DFI,2
ADGRE3_3,0.01800132249586267,DFI,2
RPTN_3,0.018015152694347152,DFI,2
UNC13D_3,0.018046329219233825,DFI,2
RAB37_3,0.01811496681247446,DFI,2
ZNF804B_3,0.018122174063234336,DFI,2
RBP1_3,0.018127501524066766,DFI,2
PAPPA_3,0.018137172010285856,DFI,2
LOC102154610_3,0.01816055173551712,DFI,2
JUN_3,0.018294279801830727,DFI,2
CYP27C1_3,0.018347599077328566,DFI,2
PIK3CD_3,0.018425565279444642,DFI,2
C9H17orf99_3,0.0184318500762036,DFI,2
STXBP2_3,0.018432520437586062,DFI,2
LOC119866110_2,0.018669620175518133,DFI,2
SEPTIN1_3,0.018702883499352226,DFI,2
EPDR1_3,0.01872289179031774,DFI,2
LOC608379_6,0.018793906088709938,DFI,2
L3MBTL4_3,0.018891749678333913,DFI,2
DOK6_3,0.018927745185323464,DFI,2
MX1_3,0.018947378283340414,DFI,2
BCAS4_3,0.018971473817526636,DFI,2
RACGAP1_3,0.018986796411975915,DFI,2
SLC46A3_3,0.019044478336814885,DFI,2
XAF1_3,0.019134439285832718,DFI,2
FAS_3,0.01927549954326021,DFI,2
FIBIN_3,0.019322432641485063,DFI,2
TNFAIP8_3,0.01933837473852486,DFI,2
WDFY4_3,0.019418831263741138,DFI,2
BAIAP2L2_3,0.019452587872727498,DFI,2
CCDC69_3,0.019469023903187038,DFI,2
CA11_3,0.019495089443868404,DFI,2
LOC119877844,0.01950386178731445,DFI,2
BHLHB9_3,0.019597570162178002,DFI,2
LOC487172_3,0.019602015329986122,DFI,2
LIMS2_3,0.019664876995986173,DFI,2
ZDHHC2_3,0.01972656132105334,DFI,2
DENND2D_3,0.01973444711331786,DFI,2
LIMCH1_3,0.019866054293069587,DFI,2
RNLS_3,0.019889183261668962,DFI,2
POU2F2_3,0.019922275976708936,DFI,2
DIAPH3_3,0.019968003742672196,DFI,2
CCR5_3,0.01998478078791754,DFI,2
LOC479668_3,0.020035870481244337,DFI,2
TMEM106A_3,0.020105250019473362,DFI,2
LOC119877599,0.02018582886220452,DFI,2
ESPL1_3,0.020226490850842042,DFI,2
PTPRZ1_3,0.020237912602945128,DFI,2
PARPBP_3,0.020288930991679034,DFI,2
CMSS1_4,0.02032885934186744,DFI,2
ARSI_3,0.02038983904547143,DFI,2
PLBD1_3,0.020613348344857414,DFI,2
LOC119878257,0.02063895467488331,DFI,2
ARSB_3,0.020655761651317488,DFI,2
LOC102156332_4,0.020667709935547358,DFI,2
IQGAP3_3,0.020687018196235606,DFI,2
ID1_3,0.020741539292214194,DFI,2
CDS1_3,0.02084297641230896,DFI,2
FAM149A_3,0.020868778297945714,DFI,2
EFNA3_3,0.020888994019335905,DFI,2
LOC119876966,0.02089840839689964,DFI,2
LOC119869028_3,0.020898696441257518,DFI,2
EGLN3_3,0.02091185121355032,DFI,2
ARHGAP9_3,0.020960052245123744,DFI,2
MYO5B_3,0.021027925224417786,DFI,2
C1QC_3,0.021057330147610843,DFI,2
CD48_3,0.02114493947701797,DFI,2
LOC119869150_1,0.021241199847169902,DFI,2
LOC106557516_2,0.021268647543497336,DFI,2
BRCA1_3,0.021309594679555198,DFI,2
ARHGAP15_3,0.02143408456497467,DFI,2
LOC119866113_2,0.02144762498429765,DFI,2
NPL_3,0.02148495124309239,DFI,2
PI16_3,0.021566764948514987,DFI,2
ZNF512_3,0.021649726748918297,DFI,2
LOC102155710_3,0.021665326810899974,DFI,2
NEK2_3,0.02170777824364509,DFI,2
BCL11A_3,0.0217129311443376,DFI,2
CAMK4_3,0.02179065588182088,DFI,2
CRYBA4_3,0.02194137397453547,DFI,2
PCSK1N_3,0.021975749272099502,DFI,2
LPAR1_3,0.02199251076597052,DFI,2
PSTPIP1_3,0.022011549454520826,DFI,2
DLL4_3,0.022041339031183074,DFI,2
HEY2_3,0.022062435372300734,DFI,2
KIAA2012_3,0.02209465469531991,DFI,2
BMP2_3,0.022161280554991114,DFI,2
CD2_3,0.0222067807944697,DFI,2
UCHL1_3,0.022213917616082757,DFI,2
PEX5L_3,0.022214820645290016,DFI,2
GPX7_3,0.022231251644263466,DFI,2
CTSZ_3,0.022384120758142948,DFI,2
NCF1_3,0.02242324099159893,DFI,2
LOC611446_3,0.022458712309869205,DFI,2
KYNU_3,0.022486577947546566,DFI,2
C12H6orf132_3,0.022545049217040408,DFI,2
DPP4_3,0.02256290254712287,DFI,2
DPF1_3,0.022565983329934845,DFI,2
TTC34_3,0.02260926936255205,DFI,2
CPN2_3,0.02269623161425741,DFI,2
VWF_3,0.022791265005569106,DFI,2
TERT_3,0.02282224084319054,DFI,2
LOC612173_3,0.022886297026179253,DFI,2
SH3TC1_3,0.022903818529003247,DFI,2
DEPDC1B_3,0.02291570575426113,DFI,2
CSMD3_3,0.02293266170944834,DFI,2
GIMAP7_3,0.022934864349771458,DFI,2
LOC484309_3,0.022993832204663212,DFI,2
TRAPPC3L_3,0.023031486504610673,DFI,2
SLC30A3_3,0.023035766086776592,DFI,2
EMILIN3_3,0.023095975203069857,DFI,2
IL6R_3,0.02314710807696037,DFI,2
PLPPR5_3,0.023247774566110137,DFI,2
NEURL1B_3,0.023375096209997025,DFI,2
CSDC2_3,0.023439443977348342,DFI,2
FAM169A_3,0.023446764738568108,DFI,2
KIF20A_3,0.02351488955175544,DFI,2
TSPAN15_3,0.023555998303787275,DFI,2
AJAP1_3,0.023655093380776846,DFI,2
DENND11_3,0.023708040260301926,DFI,2
TNS3_3,0.02381446797009393,DFI,2
KIAA1671_3,0.023923759420511715,DFI,2
PTGFR_3,0.02403170191730603,DFI,2
ELOVL7_3,0.02407257719490556,DFI,2
MIF_3,0.02410102416980504,DFI,2
LOC102157078_3,0.024181726994509406,DFI,2
GRAP2_3,0.02420976106816706,DFI,2
SLC35F1_3,0.024331277048417234,DFI,2
ALDH1L2_3,0.02440988691916237,DFI,2
ROR2_3,0.024429513736591087,DFI,2
MANBA_3,0.02444941317012199,DFI,2
WFDC1_3,0.024457899856630647,DFI,2
FAT3_3,0.024523479931163404,DFI,2
KCNJ5_3,0.024531115823843604,DFI,2
NCF2_3,0.02463473258277822,DFI,2
BTG2_3,0.02488441147845358,DFI,2
EDA_3,0.024917654303103002,DFI,2
LOC480552_3,0.024962134216838964,DFI,2
S1PR3_3,0.02498594702541464,DFI,2
STAC_3,0.025053416982548635,DFI,2
C37H2orf88_3,0.02511178993980543,DFI,2
NELL2_3,0.025174624503077423,DFI,2
DCK_3,0.025235937237923278,DFI,2
GIMAP8_3,0.025248078442214095,DFI,2
ATF7IP2_3,0.02533910284894888,DFI,2
SOX9_3,0.025403389053606756,DFI,2
KCNQ1_3,0.025420429187905193,DFI,2
ZNF229_3,0.025440255237805347,DFI,2
TMEM229B_3,0.025528028651082026,DFI,2
LTBP2_3,0.025595213828325455,DFI,2
KIF11_3,0.025670033994813303,DFI,2
PRKAR1B_3,0.025715492469150045,DFI,2
LOC119866360_3,0.025725818583289636,DFI,2
LOC106558903_3,0.025891644502948858,DFI,2
PLXDC2_3,0.025972431380727926,DFI,2
IHH_3,0.025992300987542415,DFI,2
RGS7BP_3,0.02606767555941934,DFI,2
LRRN3_3,0.026146299918919876,DFI,2
KLHL9_3,7.619061983651879e-07,DFI,3
ST6GALNAC3_3,1.3026048761731559e-05,DFI,3
HHIP_3,1.3841071555566916e-05,DFI,3
HACD4_3,2.2974363831301347e-05,DFI,3
CYP4V2_3,3.2108950882046704e-05,DFI,3
LOC477699_3,3.31597392204642e-05,DFI,3
MEX3A_3,4.879009883927906e-05,DFI,3
STUM_3,5.5153452551213794e-05,DFI,3
GPR34_3,7.180022473844176e-05,DFI,3
APOBEC3Z3_4,7.254140850504536e-05,DFI,3
TRIP13_3,7.895263066533107e-05,DFI,3
KCTD12_3,8.141614079077915e-05,DFI,3
OSR2_3,0.00010074513523557546,DFI,3
NET1_3,0.00010430835597054963,DFI,3
LOC102154334_3,0.00011114162960324805,DFI,3
PRRT4_3,0.00011757504351166924,DFI,3
CENPV_3,0.00015093042417770142,DFI,3
DNA2_3,0.00015176162692095424,DFI,3
EVI2B_3,0.00019610397603904336,DFI,3
APELA_3,0.00020136102830602934,DFI,3
CTSH_3,0.0002086758513509213,DFI,3
CSRP1_3,0.00021312885326793418,DFI,3
LOC476816_3,0.00022847528960744923,DFI,3
DNPH1_3,0.0002348456793694288,DFI,3
MAB21L2_3,0.00023589943986371823,DFI,3
ACOD1_3,0.00023951928400587822,DFI,3
BLNK_3,0.0002534271514306937,DFI,3
TLR7_3,0.0002541186542123473,DFI,3
EPAS1_3,0.0002838064853346972,DFI,3
PYCARD_3,0.00030013741554738623,DFI,3
CBX7_3,0.0003146727306638753,DFI,3
ANKRD66_3,0.00033255131487419247,DFI,3
LOC612325_3,0.0003339961562297373,DFI,3
DSCC1_3,0.0003342105081721873,DFI,3
PARP9_3,0.00038432722681229313,DFI,3
ALOX5_3,0.00039313340777140707,DFI,3
DLA-79_3,0.0003963414966846462,DFI,3
LRRTM3_3,0.00040717840530477315,DFI,3
TBC1D9_3,0.00041316366096960373,DFI,3
RNF213_3,0.0004153377376250306,DFI,3
SCRN2_3,0.00042296327137756825,DFI,3
SAMD9L_3,0.00043241942838579555,DFI,3
SELPLG_3,0.0004850924367646193,DFI,3
SCTR_3,0.000493982704498771,DFI,3
RBM44_3,0.0005001041744697195,DFI,3
DTX3L_3,0.0005161665008933321,DFI,3
HSP70_3,0.0005165315647954464,DFI,3
ADGRF1_3,0.0005330786471521867,DFI,3
FANCA_3,0.0005455297568175649,DFI,3
DRD1_3,0.0005593187094535336,DFI,3
TMEM59L_3,0.0005595646744116016,DFI,3
UBA7_3,0.0005728936832746709,DFI,3
CA14_3,0.0005806953769475203,DFI,3
TLR3_3,0.0005903422446345135,DFI,3
ADORA2B_3,0.0005967885018758523,DFI,3
BATF2_3,0.000641675340732718,DFI,3
ADAMTS4_3,0.0006851696849190878,DFI,3
SLC5A6_3,0.0006905328369100739,DFI,3
MEST_3,0.0006915216611061725,DFI,3
CBLN3_3,0.0006943434600234956,DFI,3
LOC119877688,0.0007103047997793004,DFI,3
NIBAN1_3,0.0007400840161435806,DFI,3
LOC119866898_3,0.0007447646912303272,DFI,3
PDE1C_3,0.0007451109548696783,DFI,3
HSP90AA1_3,0.0007457271391789442,DFI,3
OLFML1_3,0.0007495914336492986,DFI,3
FAM180A_3,0.0007698791144726757,DFI,3
GAS6_3,0.0008085401759762732,DFI,3
ASAH1_3,0.0008489403149171065,DFI,3
IFIT3_3,0.0008551832223648952,DFI,3
LAG3_3,0.0008612231167999272,DFI,3
DHX58_3,0.0008625972122281763,DFI,3
ATP8B4_3,0.0008641347001708429,DFI,3
RECQL4_3,0.0008706138973769898,DFI,3
PARP15_3,0.0009020465472012269,DFI,3
INPP5D_3,0.0009500477609011138,DFI,3
SERF1A_3,0.000979191173818422,DFI,3
PARP14_3,0.0009833722931751345,DFI,3
CENPW_3,0.0009888743407951072,DFI,3
P2RX7_3,0.0009914974338595206,DFI,3
PLCXD2_3,0.0010074935309073963,DFI,3
TAPBPL_3,0.0010105776933260408,DFI,3
NR2F1_3,0.0010296428241616921,DFI,3
LOC607470_1,0.0010554544091798577,DFI,3
CD8B_3,0.001060288905422856,DFI,3
B2M_3,0.001095544740235922,DFI,3
TAGAP_3,0.00110042781407714,DFI,3
CSF1R_3,0.0011156935988150274,DFI,3
FCMR_3,0.001133631672842351,DFI,3
POLE2_3,0.0011357584623319403,DFI,3
MCM10_3,0.0011479859928523594,DFI,3
ABCC3_3,0.001176465878996505,DFI,3
ZBED2_3,0.0012179519603475284,DFI,3
REXO5_3,0.0012291360662101175,DFI,3
TAF9B_3,0.001253838084125929,DFI,3
PRKAR2B_3,0.0012564692883448528,DFI,3
TNFAIP8L2_3,0.0013547880905619139,DFI,3
PAPPA_3,0.0013841708074699163,DFI,3
ADA2_3,0.0013910555777068379,DFI,3
TDRD7_3,0.0014420254745341043,DFI,3
TSPAN33_3,0.0014443486393312624,DFI,3
TSPAN15_3,0.0014485757984835804,DFI,3
TRIM22_3,0.0014508731628384986,DFI,3
SQOR_3,0.0014584073064756648,DFI,3
FANCM_3,0.001474748163871837,DFI,3
LOC111091730_3,0.001476860957614722,DFI,3
LOC119866360_3,0.0014962958016331949,DFI,3
LPAR5_3,0.0015196894255774293,DFI,3
LURAP1L_3,0.0015207824227457699,DFI,3
NETO1_3,0.0015293407028404188,DFI,3
DENND1C_3,0.0015518700658092332,DFI,3
XG_3,0.0015605347383447897,DFI,3
SERPINB9_3,0.0015647657575009774,DFI,3
CCNA2_3,0.0015823389012807653,DFI,3
CYTH4_3,0.0015949979858121436,DFI,3
SPN_3,0.0016213548371451507,DFI,3
TNFRSF14_3,0.001629814541165495,DFI,3
NCKAP1L_3,0.0016309284773502743,DFI,3
ITGAX_3,0.0016476547536882656,DFI,3
LOC488622_3,0.0016504916961115697,DFI,3
HSPH1_3,0.0016540427454333302,DFI,3
CIART_3,0.0016575184670169826,DFI,3
RAB3C_3,0.0017587052063333726,DFI,3
PARP12_3,0.0017916040926906373,DFI,3
LOC100684769_3,0.0018158597574950525,DFI,3
CARD9_3,0.001817504753934766,DFI,3
PLK4_3,0.0018194101515023218,DFI,3
STC1_3,0.0018194784280152717,DFI,3
MRI1_3,0.0018466940016053904,DFI,3
MCM5_3,0.0018483302165734211,DFI,3
LOC487476_3,0.0018576617625050945,DFI,3
ST14_3,0.0018728072023685752,DFI,3
IGFBP5_3,0.0018867487114289066,DFI,3
RGS18_3,0.0019029504683871813,DFI,3
E2F7_3,0.0019113412256515831,DFI,3
MIS18A_3,0.0019156403116709698,DFI,3
PGAP1_3,0.0019344969559260234,DFI,3
SMO_3,0.002005027266511393,DFI,3
CSMD3_3,0.002009653791791456,DFI,3
GPR183_3,0.002019535762836353,DFI,3
POLE_3,0.0020197581700405996,DFI,3
LOC119877532,0.002023997783746244,DFI,3
ECT2_3,0.002028866440445588,DFI,3
DLA-DOA_3,0.0020374490684712805,DFI,3
LMO2_3,0.002040137512532055,DFI,3
ADAMTS1_3,0.0020478692872095243,DFI,3
CTH_3,0.0020585302591746703,DFI,3
FAS_3,0.0020622916611090776,DFI,3
C3AR1_3,0.0020654441870626,DFI,3
GPSM3_3,0.0020708627194415616,DFI,3
SERPING1_3,0.0021239183498347304,DFI,3
PDLIM5_3,0.00212488986594145,DFI,3
UBE2S_3,0.0021284601335856235,DFI,3
SIVA1_3,0.0021312889450147057,DFI,3
KIAA0040_3,0.0021581198664475942,DFI,3
GLI1_3,0.002208513685260875,DFI,3
LOC606863_3,0.002214529533921655,DFI,3
E2F1_3,0.0022150755428830874,DFI,3
NCF4_3,0.0022800746268482504,DFI,3
PTPN6_3,0.002334444425372092,DFI,3
MCM2_3,0.002366874126424158,DFI,3
ZIC1_3,0.0023940323148079227,DFI,3
TMEM178A_3,0.0024102086893701105,DFI,3
DOCK8_3,0.0024284991911253336,DFI,3
GMFG_3,0.0024340810162221597,DFI,3
IL34_3,0.0024933279566076764,DFI,3
TONSL_3,0.0024978652898676357,DFI,3
LAPTM5_3,0.002544058131016019,DFI,3
LPXN_3,0.0025533397102620653,DFI,3
CENPK_3,0.002604379367540025,DFI,3
PLD4_3,0.002607918822540336,DFI,3
LOC119875994_2,0.00261704890026964,DFI,3
APCDD1_3,0.002655075504783766,DFI,3
PRDM1_3,0.0026782627222309376,DFI,3
SHCBP1_3,0.002682478589950381,DFI,3
RHPN2_3,0.0026845167760657764,DFI,3
HELLS_3,0.002705710775237853,DFI,3
DSN1_3,0.002766347923641288,DFI,3
STING1_3,0.0027863513823449394,DFI,3
JCHAIN_3,0.0027871576006335895,DFI,3
PIK3CG_3,0.0027878771309759465,DFI,3
SCML2_3,0.0027889764799844978,DFI,3
USP2_3,0.0028257265185410983,DFI,3
FANCD2_3,0.002834986371397159,DFI,3
ATAD1_3,0.0028406826600876384,DFI,3
CTSZ_3,0.00285884408486787,DFI,3
DOCK2_3,0.0029011003346200263,DFI,3
ENPP5_3,0.0029028890515679774,DFI,3
ACSS3_3,0.002924784032363698,DFI,3
ATAD2_3,0.0029290097979591443,DFI,3
CDCA8_3,0.002964455388923808,DFI,3
DNAJB1_3,0.002967373249763836,DFI,3
PRKX_3,0.0029921074086568123,DFI,3
PTTG1_3,0.0030245706256759246,DFI,3
SLC6A11_3,0.0030306794701634387,DFI,3
POLR1C_3,0.0030684759324968343,DFI,3
SUSD1_3,0.0030733177682533237,DFI,3
CHST2_3,0.0030858450255688563,DFI,3
DDX58_3,0.0030863099224125107,DFI,3
BUB1_3,0.003118911504041137,DFI,3
ADGRG6_3,0.0031197032121197707,DFI,3
LOC100855995_3,0.0031243966896263636,DFI,3
RBMS3_3,0.0031485394501986176,DFI,3
IGFBP3_3,0.003249943330570716,DFI,3
ARRB1_3,0.003266592028884241,DFI,3
FN1_3,0.0032759211143974947,DFI,3
UHRF1_3,0.003281002176427583,DFI,3
SUGCT_3,0.003297147461423331,DFI,3
PTPRC_4,0.0033458586105028104,DFI,3
PTPRO_3,0.0033592983699566445,DFI,3
VWA5A_3,0.003383943128979022,DFI,3
TMEM86A_3,0.0033899630625262894,DFI,3
CD244_3,0.003398043580026305,DFI,3
PIK3AP1_3,0.003429759316168845,DFI,3
DDX60_3,0.003444700645382519,DFI,3
FLVCR2_3,0.003466920566061366,DFI,3
PARVG_3,0.0034858437964092603,DFI,3
SULT1C4_3,0.0034916549434458937,DFI,3
MARCHF1_3,0.003516574322264848,DFI,3
MOSPD2_3,0.0036401415549610684,DFI,3
LGALS9_3,0.0036587663460739884,DFI,3
PSAT1_3,0.003665264989105085,DFI,3
OAS3_3,0.0036836541795109414,DFI,3
CASP12_3,0.003718405974032851,DFI,3
PSMB8_3,0.0038076412519072087,DFI,3
VAV1_3,0.0038165838573752903,DFI,3
MACROH2A2_3,0.003824962115966159,DFI,3
SIRPB2_3,0.0038388491979036597,DFI,3
SYK_3,0.0038429535321611984,DFI,3
IFGGC1_3,0.003915434919071152,DFI,3
TIMD4_3,0.003923836355912098,DFI,3
RAB29_3,0.003978980215055222,DFI,3
DTX1_3,0.003981481583253838,DFI,3
ZBP1_3,0.004002101872302828,DFI,3
OAS1_3,0.004031953258840636,DFI,3
RNASEL_3,0.004058747148505465,DFI,3
TASL_3,0.004106761383988117,DFI,3
IL18_3,0.004159559903393117,DFI,3
CSRP2_3,0.004204160819170225,DFI,3
IFGGB2_3,0.004208525151516098,DFI,3
NMRAL1_3,0.004209873282352606,DFI,3
CDC6_3,0.0042340904991439565,DFI,3
NSMCE2_3,0.004244271861321487,DFI,3
NFAM1_3,0.004252255889612523,DFI,3
TMEM140_3,0.004262319455693695,DFI,3
IFIT2_3,0.004266397161587108,DFI,3
LOC488947_3,0.004273008014478655,DFI,3
CARD11_3,0.004308146832364518,DFI,3
RCOR2_3,0.004315754722975686,DFI,3
CEP72_3,0.004321619449249461,DFI,3
DEPDC1_3,0.004354150858620307,DFI,3
EPHA2_3,0.0043662158259905656,DFI,3
FGF7_3,0.0043859712613568665,DFI,3
SIT1_3,0.004417846263140831,DFI,3
ANXA3_3,0.0044283667995729074,DFI,3
STX3_3,0.004460382927651442,DFI,3
LOC119864445_3,0.004474156540502868,DFI,3
ARL4D_3,0.004484161949789172,DFI,3
LY96_3,0.004537425894736618,DFI,3
SYTL1_3,0.004540253885370357,DFI,3
CLEC12A_3,0.004540660886807896,DFI,3
LIPA_3,0.004604413082393106,DFI,3
IFI35_3,0.00463563451359888,DFI,3
ORC6_3,0.004665880890622059,DFI,3
GABBR2_3,0.004708756023169686,DFI,3
ADAMTS2_3,0.004716922971148794,DFI,3
TRIM34_3,0.004733407540402622,DFI,3
YES1_3,0.0047577445602221035,DFI,3
DBF4B_3,0.004758884521436509,DFI,3
MYO1G_3,0.004760943401939741,DFI,3
SPC24_3,0.0048106677005282416,DFI,3
LOC111097086_3,0.0048260163487557975,DFI,3
MCM3_3,0.004840759121567268,DFI,3
IGF2BP1_3,0.004917081076130146,DFI,3
FERMT3_3,0.004959483073313991,DFI,3
SIM2_3,0.004988073760685498,DFI,3
CDT1_3,0.005007400871883647,DFI,3
SLC7A5_3,0.005063250549588184,DFI,3
TNFSF8_3,0.005071667414224148,DFI,3
TYROBP_3,0.00511135963035288,DFI,3
ANKRD22_3,0.005202150746217712,DFI,3
MS4A7_3,0.005247107619143655,DFI,3
BRCA1_3,0.005291480277612115,DFI,3
FAM81A_3,0.005329343131575873,DFI,3
GLT1D1_3,0.005346722986026692,DFI,3
SLC16A1_3,0.0054439773006219536,DFI,3
DLGAP5_3,0.005515834374747214,DFI,3
OASL_3,0.0055681414512400475,DFI,3
GJC1_3,0.005580048271700115,DFI,3
LHX2_3,0.005584171769596145,DFI,3
FAM167A_3,0.005612487053164432,DFI,3
LOC489911_3,0.005614136111403857,DFI,3
DAPP1_3,0.00562315160185127,DFI,3
LOC119878234,0.005631702432744388,DFI,3
SPC25_3,0.005645076011443554,DFI,3
GBP1_3,0.005646917510467207,DFI,3
GBP6_3,0.005648700447444914,DFI,3
SEMA4A_3,0.005652506063392628,DFI,3
TFEC_3,0.005666112801713548,DFI,3
SERTM1_3,0.005787996208975151,DFI,3
XCR1_3,0.005799848687160428,DFI,3
SKA3_3,0.00580257653131624,DFI,3
LOC102151830_3,0.005822192809995137,DFI,3
MFSD2A_3,0.00589483568864441,DFI,3
IFI44L_3,0.00594245019199475,DFI,3
TPCN1_3,0.006014472890628351,DFI,3
USP46_3,0.006014695136832598,DFI,3
ADAM22_3,0.006058981319187239,DFI,3
AKNA_3,0.0060957039461834745,DFI,3
SLC25A48_3,0.006103437854635516,DFI,3
SAMSN1_3,0.0061077723883671544,DFI,3
DDIT4_3,0.006145031488301052,DFI,3
STRA6_3,0.006166232455720086,DFI,3
ARHGAP30_3,0.006184806210866911,DFI,3
GTSE1_3,0.0061871264783973975,DFI,3
MCTP1_3,0.006248123509340734,DFI,3
PBK_3,0.0062560862426315825,DFI,3
FOXD1_3,0.006296547606642891,DFI,3
PODXL2_3,0.00636490771265881,DFI,3
FKBP4_3,0.00643425139514382,DFI,3
RAB30_3,0.006463263887762402,DFI,3
MCAM_3,0.006496051514392964,DFI,3
MBP_3,0.006498994953400047,DFI,3
TOP2A_3,0.006546984035654543,DFI,3
SELENOP_3,0.006603352460543586,DFI,3
LCAT_3,0.006625655441778371,DFI,3
HILPDA_3,0.00664612564191609,DFI,3
SLCO2B1_3,0.0066524583470365965,DFI,3
ASAP3_3,0.006660416470737908,DFI,3
PON2_3,0.006697912559213453,DFI,3
XAF1_3,0.006706049461476492,DFI,3
SP100_3,0.0067288287928856765,DFI,3
FAM131C_3,0.006759306794457953,DFI,3
NCAPH_3,0.006766786453008871,DFI,3
MREG_3,0.006835488114644026,DFI,3
CALHM5_3,0.006853331436969458,DFI,3
C1QTNF1_3,0.006902437088331197,DFI,3
FAM83D_3,0.006904420857623418,DFI,3
CYSLTR1_3,0.006918766763030616,DFI,3
ISYNA1_3,0.007005625387228224,DFI,3
PTPRJ_3,0.0070292529824264455,DFI,3
SASH3_3,0.007054804812867142,DFI,3
PIANP_3,0.007075356329631497,DFI,3
LOC484897_3,0.007150769379627303,DFI,3
PID1_3,0.007169345630635034,DFI,3
RRM2_3,0.007239275553541243,DFI,3
LOC119874749_2,0.007262959581141463,DFI,3
C9H17orf99_3,0.007339643145192469,DFI,3
TROAP_3,0.007347359929560112,DFI,3
GIMAP6_3,0.007380753845460328,DFI,3
CSF2RB_3,0.007386069026681675,DFI,3
NAP1L3_3,0.007401783223243245,DFI,3
JUN_3,0.007404498042565837,DFI,3
KCNQ4_3,0.007409705027559114,DFI,3
OAS2_3,0.00743850835411427,DFI,3
CLTCL1_3,0.007449218047815595,DFI,3
CD2_3,0.007473983520588787,DFI,3
JAML_3,0.00751550379297361,DFI,3
WAS_3,0.007519877126386508,DFI,3
KLHL6_3,0.0075232002277282346,DFI,3
CD86_3,0.007529707609225371,DFI,3
GPRIN1_3,0.007530805422197923,DFI,3
CMPK2_3,0.007567696159664321,DFI,3
PLAAT4_3,0.007622395001098057,DFI,3
PAG1_3,0.007712431468177852,DFI,3
UNC13D_3,0.007713316864757312,DFI,3
CFLAR_3,0.007722507292810304,DFI,3
CDCA7_3,0.007804696322321796,DFI,3
LOC111094227_3,0.007828194380223757,DFI,3
PPM1L_3,0.00783264112340938,DFI,3
MYBL2_3,0.00785492785492747,DFI,3
RGS10_3,0.007930845960255367,DFI,3
HIC1_3,0.007962772180339136,DFI,3
PSMB9_3,0.00796415428336702,DFI,3
ELOVL4_3,0.007982609816060207,DFI,3
SLAMF7_3,0.00803201909447114,DFI,3
CPT1C_3,0.008075368540157437,DFI,3
BIN2_3,0.008153820796068797,DFI,3
SLC13A5_3,0.008172925758885794,DFI,3
TTC39B_3,0.008297824522187974,DFI,3
TMEM144_3,0.008325990097944734,DFI,3
BIRC5_3,0.008328476417192856,DFI,3
FGD3_3,0.008338297470754718,DFI,3
GPSM2_3,0.008340406772699828,DFI,3
PEG10_3,0.008394616256483526,DFI,3
GIMAP2_3,0.008454187237052596,DFI,3
MBOAT2_3,0.008497978275623064,DFI,3
GPR65_3,0.008501348358929295,DFI,3
ORC1_3,0.008509831976150045,DFI,3
LOC481472_3,0.008521179799884947,DFI,3
BTK_3,0.008523912745835267,DFI,3
DOK3_3,0.008548047582911635,DFI,3
KIF15_3,0.008549525579945996,DFI,3
LOC479758_3,0.00857793372975651,DFI,3
SLC25A10_3,0.008617487273882422,DFI,3
MX1_3,0.008637774013751903,DFI,3
BMP7_3,0.008638122169908394,DFI,3
LOC100686511_3,0.008663686504615768,DFI,3
IFI44_3,0.008725896970150646,DFI,3
IRF7_3,0.008803758198817733,DFI,3
MYO1F_3,0.00887406546781616,DFI,3
LOC100682670_3,0.008892095457641015,DFI,3
LCP1_3,0.008906190591794969,DFI,3
PTEN_3,0.008921163705006665,DFI,3
CLNK_3,0.008946298484373326,DFI,3
DRAM1_3,0.009015743152284037,DFI,3
CD74_3,0.009041661231330796,DFI,3
STMN1_3,0.009058635616043767,DFI,3
MINPP1_3,0.009063827047493566,DFI,3
DMTN_3,0.009065285708746604,DFI,3
CD320_3,0.009104186100892012,DFI,3
EHD3_3,0.009204808383480078,DFI,3
LOC484343_3,0.009205752000833352,DFI,3
FGR_3,0.009239640018883083,DFI,3
ATP2A3_3,0.009246976353438937,DFI,3
ANGPT2_3,0.009250108516614357,DFI,3
MEIS2_3,0.009374831013658385,DFI,3
CENPT_3,0.009396809511697449,DFI,3
LOC102155122_3,0.009491428589517974,DFI,3
NLRC5_3,0.009510277559073752,DFI,3
ECRG4_3,0.009514308764204426,DFI,3
LOC119876408,0.009567314235410636,DFI,3
LOC111096175_3,0.009626620095685238,DFI,3
MILR1_3,0.00965670604112575,DFI,3
IGF2BP3_3,0.009670478322131977,DFI,3
MX2_3,0.009737284659299827,DFI,3
MED20_3,0.00978554539681969,DFI,3
PLAGL1_3,0.009807445120089991,DFI,3
CCNB2_3,0.009811498795436685,DFI,3
SLC6A6_3,0.009878364092311133,DFI,3
IKZF1_3,0.00990418102155966,DFI,3
FOXG1_3,0.010005611438985124,DFI,3
LOC106559420_3,0.010022761105666108,DFI,3
GAREM2_3,0.010027385390819724,DFI,3
HERC6_3,0.01005014914886783,DFI,3
TRANK1_3,0.010076820409944048,DFI,3
BIRC3_3,0.010087619130227033,DFI,3
ARHGDIB_3,0.01012187964607976,DFI,3
HELZ2_2,0.01017431665662203,DFI,3
PTAFR_3,0.010235968824511265,DFI,3
CDCA5_3,0.01024255011822863,DFI,3
RASAL3_3,0.01027505686249852,DFI,3
CYSLTR2_3,0.010288924934016647,DFI,3
FAM107A_3,0.010341000275384373,DFI,3
LOC119878084,0.01035492644969893,DFI,3
PTK7_3,0.010391240929610074,DFI,3
NLRP3_3,0.010413015882726584,DFI,3
LPAR1_3,0.010417505580115956,DFI,3
NCAPG_3,0.01042561154124748,DFI,3
CHST1_3,0.010513743559685939,DFI,3
C1QA_3,0.010573689062184788,DFI,3
ITGBL1_3,0.010664679647764927,DFI,3
TBC1D10C_3,0.01066652467326052,DFI,3
SMIM22_3,0.01069782086883696,DFI,3
CNTNAP5_3,0.01073703364802844,DFI,3
TOX_3,0.010789733312107546,DFI,3
IRF1_3,0.01085784017392126,DFI,3
CDK1_3,0.010894542883271578,DFI,3
EXO1_3,0.010906043238782073,DFI,3
FMNL1_3,0.01092115525984924,DFI,3
KIF22_3,0.010926860740908251,DFI,3
ADAMTS20_3,0.010928676528101602,DFI,3
ADAMTSL3_3,0.010935612851177839,DFI,3
DERL3_3,0.011044273978448472,DFI,3
HCLS1_3,0.011084340944386524,DFI,3
HLA-DRB1_3,0.011152978871032166,DFI,3
CD53_3,0.01115813774960674,DFI,3
HERC5_3,0.011242991498921086,DFI,3
LNX1_3,0.011321159372228324,DFI,3
MAOB_3,0.01144077265810537,DFI,3
ATP8A1_3,0.011456539994173825,DFI,3
LDLRAD4_3,0.011460909297180563,DFI,3
GSC_3,0.011477587678512336,DFI,3
GASK1B_3,0.01163777620050014,DFI,3
LGR4_3,0.011637784150434701,DFI,3
LOC609817_3,0.011682285136864564,DFI,3
PHGDH_2,0.011713309145878842,DFI,3
SEPTIN1_3,0.011726953385886545,DFI,3
LOC119878351,0.011846424083910213,DFI,3
FAM184A_3,0.011871004794354337,DFI,3
HAVCR1_3,0.011891392034501345,DFI,3
P2RY14_3,0.011899366400952766,DFI,3
KIF18B_3,0.01194578271065206,DFI,3
GAB2_3,0.011966938477306259,DFI,3
LOC119877043,0.011971379856826099,DFI,3
DLA-DMA_3,0.012128855728891505,DFI,3
IRF5_3,0.012175186982590082,DFI,3
PCSK1N_3,0.01217699133289318,DFI,3
SPI1_3,0.012291309859399583,DFI,3
GAREM1_3,0.012295929718301873,DFI,3
CA5B_3,0.012296293550715454,DFI,3
C3_3,0.012296791630148917,DFI,3
FYB1_3,0.012297339615423944,DFI,3
CENPI_3,0.01233756181610878,DFI,3
DOK6_3,0.012373844791743308,DFI,3
DLA-DRA_3,0.012387922505122025,DFI,3
TAP1_3,0.012439294620394739,DFI,3
SLC2A1_3,0.012477641987047103,DFI,3
LOC119876150,0.012507410469918564,DFI,3
LOC475831_3,0.012516385969288725,DFI,3
TYMS_3,0.012532900432940083,DFI,3
SLC46A3_3,0.01260442631931279,DFI,3
PTK2B_3,0.012641989484889747,DFI,3
LOC106559497_3,0.012644542040153486,DFI,3
SELL_3,0.012655817881533521,DFI,3
IGSF6_3,0.012672341091966953,DFI,3
PLEKHA6_3,0.012722951977142303,DFI,3
FGF12_3,0.01273124080710723,DFI,3
NELL2_3,0.012806142855308743,DFI,3
MTFR2_3,0.012840288563358015,DFI,3
LAMA3_3,0.012884572696020165,DFI,3
DLA-DMB_3,0.012894364181103393,DFI,3
RAD51AP1_3,0.012904371806173221,DFI,3
HK2_3,0.012981685967015724,DFI,3
LOC119876786,0.0130678605305132,DFI,3
CD80_3,0.013090355763890702,DFI,3
JAKMIP2_3,0.013091382314065187,DFI,3
H2AX_3,0.013093693193718224,DFI,3
RUNX1T1_3,0.013098144031130136,DFI,3
CCDC73_3,0.013103513705001865,DFI,3
LOC102157159_3,0.013181628638068984,DFI,3
COX4I2_3,0.013262273724503363,DFI,3
UBE2T_3,0.013272470372972004,DFI,3
PAIP2B_3,0.013322569745575857,DFI,3
LOC611446_3,0.013380719913568635,DFI,3
CPQ_3,0.013386384127124267,DFI,3
LOC119879410,0.013407546952756495,DFI,3
IFIH1_3,0.01341846660173946,DFI,3
HIF3A_3,0.013429053168161075,DFI,3
CST7_3,0.013498892057845427,DFI,3
CCR5_3,0.013531606542285777,DFI,3
MCF2L_3,0.013595249992352452,DFI,3
ZIC2_3,0.01359561342420007,DFI,3
PIK3CD_3,0.01363285461305839,DFI,3
BST2_3,0.013726713348648577,DFI,3
TRIB3_3,0.013733643397938483,DFI,3
LOC608379_3,0.013756176092869818,DFI,3
RTP4_3,0.013781918366816833,DFI,3
NOVA1_3,0.013791059238617459,DFI,3
TNS3_3,0.0138425258699484,DFI,3
PAPSS2_3,0.013856544527441828,DFI,3
PNMA2_3,0.013869190637716348,DFI,3
SMTNL2_3,0.013870663347460127,DFI,3
C1QC_3,0.01388225659309461,DFI,3
ANGPTL4_3,0.01388466372077299,DFI,3
RAB37_3,0.013938881904464673,DFI,3
PPA1_3,0.01396825355957282,DFI,3
TFPI2_3,0.013998432758944667,DFI,3
LOC102151812_3,0.014123318146540359,DFI,3
ARHGAP45_3,0.014136623724124026,DFI,3
CD69_3,0.014219853292751683,DFI,3
GAL3ST4_3,0.014278224628265912,DFI,3
LOC119878923,0.014279564915422068,DFI,3
OCA2_3,0.01429874390428034,DFI,3
HTRA4_3,0.014321496670185924,DFI,3
LOC119876551_1,0.014337349193169032,DFI,3
IL7R_3,0.01435073606439156,DFI,3
LOC119873925_3,0.01439145821788125,DFI,3
MXRA5_3,0.01445332047961205,DFI,3
AKAP12_3,0.014472788742521808,DFI,3
LAIR1_3,0.0144851141204836,DFI,3
KIF4A_3,0.014531500903843617,DFI,3
LOC119877031_2,0.01456767952013785,DFI,3
LOC487172_3,0.014582494190764683,DFI,3
LOC119869118_1,0.014632895697209379,DFI,3
LOC119869063_2,0.014663924977872344,DFI,3
SHTN1_3,0.014665330799429341,DFI,3
LOC119869021_2,0.014686377017809124,DFI,3
PRND_3,0.014722093667121587,DFI,3
APOBR_3,0.014746999221894161,DFI,3
AMOTL2_3,0.014770600727654513,DFI,3
DTL_3,0.014788546723115314,DFI,3
SLIT1_3,0.015031661328168222,DFI,3
GXYLT1_3,0.01504052025184187,DFI,3
SEMA3A_3,0.015079311125715637,DFI,3
GNA15_3,0.015084818683308205,DFI,3
RAD51_3,0.01510050334577039,DFI,3
AURKA_3,0.015149504201488036,DFI,3
CCNB3_3,0.015213625982629762,DFI,3
DENND2D_3,0.01526842698995892,DFI,3
CLSPN_3,0.01531352947252453,DFI,3
DOK2_3,0.015372331715449453,DFI,3
WNT16_2,0.015404381555255357,DFI,3
UBE2C_3,0.015465301594466437,DFI,3
LOC119869014_2,0.015467300839674038,DFI,3
PTGES_3,0.015512361043039451,DFI,3
CP_3,0.015583888125304902,DFI,3
RYR2_3,0.015658272859092923,DFI,3
HMGB3_3,0.015672123679654718,DFI,3
GPRC5C_3,0.015868874208207935,DFI,3
TK1_3,0.015916204755014436,DFI,3
HUNK_3,0.01594521795475037,DFI,3
FCER1G_2,0.01595893628399865,DFI,3
NEURL1B_3,0.01596117285295071,DFI,3
LOC100856137_3,0.016016338264949227,DFI,3
LEPR_3,0.016159482982097944,DFI,3
IFITM10_3,0.016166630859823044,DFI,3
ETV7_3,0.01620781873294193,DFI,3
GINS4_3,0.01622069668036035,DFI,3
SMPDL3A_3,0.016229663466009826,DFI,3
LOC119876517,0.01634428720421918,DFI,3
LOC100688849_3,0.01640577227250289,DFI,3
RNLS_3,0.0164849981656498,DFI,3
JAZF1_3,0.016488267716162557,DFI,3
SLC8A1_3,0.016602819302278395,DFI,3
SFRP4_3,0.016663509819428175,DFI,3
BYSL_3,0.01674772477511409,DFI,3
TERT_3,0.01682203284014013,DFI,3
C1QB_3,0.016835998901127698,DFI,3
CASP4_3,0.016887970022701,DFI,3
CXCL14_3,0.016894884013851984,DFI,3
SNX20_3,0.0170219350961151,DFI,3
GINS2_3,0.017092092042965773,DFI,3
KCNQ1_3,0.017137307962640274,DFI,3
SYCE2_3,0.017197067830522772,DFI,3
RGS7BP_3,0.017210179500428496,DFI,3
LAT2_3,0.017240856316015143,DFI,3
IL6R_3,0.01725831521755604,DFI,3
EDNRA_3,0.01726984083909711,DFI,3
LOC478384_3,0.017353497619666217,DFI,3
ENPP3_3,0.0174972851826999,DFI,3
FAM184B_3,0.017501113129609606,DFI,3
GAMT_3,0.017557575989837818,DFI,3
LY6E_3,0.017598694121216434,DFI,3
CRACD_3,0.01766384268137795,DFI,3
LOC609621_3,0.01767212986306535,DFI,3
CRLF1_3,0.017679522441211036,DFI,3
EPHA6_3,0.01775106988214499,DFI,3
GLDN_3,0.017810185632358314,DFI,3
GNAI1_3,0.01794502025886209,DFI,3
PIK3IP1_3,0.017962629580316514,DFI,3
GSDMD_3,0.01805291979568895,DFI,3
LOC488248_3,0.018087008832891403,DFI,3
GIMAP8_3,0.018099706479975483,DFI,3
ADAM28_3,0.01810278681118847,DFI,3
CD200_3,0.018110679075281907,DFI,3
CYP26A1_3,0.018352178534045287,DFI,3
DEPP1_3,0.01845390376759771,DFI,3
EDARADD_3,0.018483676060484247,DFI,3
FGF23_3,0.01848467179361567,DFI,3
ST8SIA5_3,0.01849759052019797,DFI,3
CDCA2_3,0.018511258187465435,DFI,3
LOC119877400,0.018521869982790283,DFI,3
ATF5_3,0.01853408238824731,DFI,3
CDC20_3,0.018585132612465124,DFI,3
TSTD1_3,0.018586466472728706,DFI,3
ESPL1_3,0.018728027565986623,DFI,3
RACGAP1_3,0.018804006994788652,DFI,3
GADD45GIP1_3,0.01882595504520543,DFI,3
LOC102156498_3,0.018965597775903262,DFI,3
CD300LF_3,0.01901729137573572,DFI,3
DNASE1L3_3,0.019035365832278075,DFI,3
DDIT3_3,0.019093450860011615,DFI,3
MGAT4A_3,0.019094828659749288,DFI,3
GRM8_3,0.01910629995370231,DFI,3
KIT_3,0.01914293009299334,DFI,3
IL1RN_3,0.019151924998169173,DFI,3
PLSCR1_3,0.019173819609266375,DFI,3
PRKAR1B_3,0.019236691887447074,DFI,3
LAMB1_3,0.01926518076966805,DFI,3
CDCA3_3,0.019378173683271216,DFI,3
ASB9_3,0.019409420025924887,DFI,3
ZCCHC3_3,0.019484898993974285,DFI,3
SLC46A2_3,0.01954675869388769,DFI,3
FGL2_3,0.01962653696693756,DFI,3
RAI2_3,0.019647155478398418,DFI,3
TTC38_3,0.019813621787787002,DFI,3
HAAO_3,0.019843236397163448,DFI,3
LOC111092051_3,0.019988136334688784,DFI,3
E2F8_3,0.02000264202525273,DFI,3
CYS1_3,0.02000882358323533,DFI,3
CTNNA3_3,0.02002283833642922,DFI,3
AARS2_3,0.020041862585658564,DFI,3
FOXF1_3,0.020056011168687733,DFI,3
TNFSF13_3,0.020092199094043594,DFI,3
C29H8orf88_3,0.020143502453450746,DFI,3
HNMT_3,0.020236372110268373,DFI,3
TNFAIP8_3,0.0203441767108486,DFI,3
ELOVL2_3,0.02048335801364651,DFI,3
SSTR2_3,0.02058774361345721,DFI,3
EVI2A_3,0.020604040297775916,DFI,3
CCDC85A_3,0.02063131843725274,DFI,3
CCL5_3,0.02067793718140331,DFI,3
HSP90AB1_3,0.02073759515908935,DFI,3
CD302_3,0.020746604026461047,DFI,3
LOC612177_3,0.020748225074663555,DFI,3
DMRT2_3,0.020813506143284578,DFI,3
PIK3R5_3,0.02087016409929084,DFI,3
CLEC2B_3,0.02090691639239797,DFI,3
LOC119876518,0.021102331298589384,DFI,3
KYNU_3,0.02111655494713842,DFI,3
LOC612422_3,0.02113866963523065,DFI,3
POLQ_3,0.02119545246904566,DFI,3
CD37_3,0.021201027897021357,DFI,3
CYBRD1_3,0.021228825201463727,DFI,3
ISLR_3,0.021237570768886254,DFI,3
SPAG5_3,0.021254194642044682,DFI,3
AGPAT3_3,0.021261015780472996,DFI,3
ADM_3,0.02128680753134846,DFI,3
CYTIP_3,0.02134362344646273,DFI,3
LRRC6_3,0.02140100101955511,DFI,3
CDC45_3,0.021498699238755973,DFI,3
NCF1_3,0.021736492806912082,DFI,3
LOC119869011_2,0.021837987280589655,DFI,3
RHOH_3,0.021847609597497753,DFI,3
CPXM2_3,0.021902514414773252,DFI,3
WNT5B_3,0.021915361619887552,DFI,3
CD48_3,0.021975676937378983,DFI,3
RPL7L1_3,0.022176515353883965,DFI,3
LOC119866222_1,0.022180738534957223,DFI,3
IRAG2_3,0.02218299623246462,DFI,3
RAD54L_3,0.022344248908999022,DFI,3
WNT5A_3,0.022378424617191008,DFI,3
TMEM123_3,0.02238715063722224,DFI,3
KIF23_3,0.022389394528607016,DFI,3
ABCA3_3,0.02239041538331465,DFI,3
ISG20_3,0.02244085269614114,DFI,3
MCOLN2_3,0.022523946941302223,DFI,3
CKS2_3,0.022524051635253728,DFI,3
RAC2_3,0.02293046512593389,DFI,3
HSD11B1_3,0.023009658377524788,DFI,3
FMOD_3,0.023013101081027283,DFI,3
FLRT3_3,0.02301416862359711,DFI,3
DLEC1_3,0.02307711416564739,DFI,3
DTNBP1_3,0.023088563105152848,DFI,3
TMA7_3,0.02311120825645633,DFI,3
TKTL1_3,0.023230998741744596,DFI,3
LOC106559768_3,0.023254398505396283,DFI,3
DLL4_3,0.0232754890443795,DFI,3
S1PR3_3,0.023366295783274368,DFI,3
IL15RA_3,0.023392835448869137,DFI,3
LOC119864503_3,0.02340448731081724,DFI,3
POU2F2_3,0.023455039230408294,DFI,3
PIK3R6_3,0.023507975665643964,DFI,3
LAMP3_3,0.023531279693756804,DFI,3
NALCN_3,0.023566927637097248,DFI,3
CYBB_3,0.02358143925062483,DFI,3
ENPEP_3,0.023668010626220252,DFI,3
ADCY7_3,0.023680042326707475,DFI,3
KLHL30_3,0.02369663161217018,DFI,3
ADORA3_3,0.02370089708794292,DFI,3
PARP3_3,0.023704426417659685,DFI,3
NES_3,0.023719750368772597,DFI,3
ARHGEF6_3,0.02381929652842787,DFI,3
CCR2_3,0.023863014616934065,DFI,3
LOC100856339_3,0.02389079597639831,DFI,3
GABRA2_3,0.024054281354153245,DFI,3
GIMAP7_3,0.024063661385236097,DFI,3
LOC119879425,0.024163810791125583,DFI,3
MFSD6_3,0.024186049713026042,DFI,3
CDA_3,0.02429150487249733,DFI,3
HOXA4_3,0.02432985423781008,DFI,3
FKBP10_3,0.024351657270120185,DFI,3
TPX2_3,0.024438551005577375,DFI,3
IL32_3,0.024463992865914986,DFI,3
DLA-DQA1_3,0.024514554326318595,DFI,3
TP53INP1_3,0.024665526022548245,DFI,3
DOHH_3,0.024717754867770815,DFI,3
TMCC3_3,0.024727062504187543,DFI,3
LINGO1_3,0.024795333126809625,DFI,3
LOC119866113_2,0.024812549851335415,DFI,3
SLA_3,0.024832564035108213,DFI,3
PM20D2_3,0.024844780128178312,DFI,3
IL2RB_3,0.024879043112880583,DFI,3
LOC106557516_2,0.024911974580621013,DFI,3
LOC119873846_3,0.025025273331439703,DFI,3
TWIST1_3,0.0250446789298064,DFI,3
MLLT3_3,0.025115814016280682,DFI,3
MRPS18A_3,0.02527976718417781,DFI,3
CFB_3,0.025360703260239585,DFI,3
LOC111094052_3,0.0253834865481192,DFI,3
ADRA1B_3,0.025414586607751866,DFI,3
SLAMF8_3,0.025555335762700953,DFI,3
COL26A1_3,0.025590471154670023,DFI,3
SRM_3,0.02564584639474917,DFI,3
LOC102154760_3,0.025709959894708784,DFI,3
TTK_3,0.025746817404084833,DFI,3
SLCO3A1_3,0.0257477536836701,DFI,3
APOC1_3,0.025748173054772117,DFI,3
EPHB3_3,0.02578367358050633,DFI,3
EFCC1_3,0.02578382040243252,DFI,3
GPR31_3,0.025818872097909708,DFI,3
SLCO5A1_3,0.025865776205451045,DFI,3
SEPTIN3_3,0.025881816134152066,DFI,3
DIAPH3_3,0.025888981718354517,DFI,3
PAMR1_3,0.025903541565363498,DFI,3
CTSC_3,0.026108873064099085,DFI,3
PCLAF_3,0.026207436564360035,DFI,3
APOB_3,0.026314401140863936,DFI,3
MLC1_3,0.026398899209329186,DFI,3
HMGCLL1_3,0.026437780422121405,DFI,3
SLC43A2_3,0.026472138566010436,DFI,3
ENC1_3,0.026570796124976963,DFI,3
LOC102154005_3,0.02663251206074907,DFI,3
CD180_3,0.02667396660154653,DFI,3
MEGF6_3,0.02674272792411572,DFI,3
INPP4B_3,0.02681077344234404,DFI,3
LOC106557828_3,0.027011738973895656,DFI,3
CHRNE_3,0.02708482164363341,DFI,3
TLR8_3,0.027100119420082985,DFI,3
LOC119878872,0.02720540536161817,DFI,3
CD59_3,0.02721638011671655,DFI,3
HHIPL1_3,0.027314677931075657,DFI,3
P4HA1_3,0.027330314845474716,DFI,3
SCEL_3,0.02734175898131701,DFI,3
LOC119876541,0.02735000968688758,DFI,3
PDZRN4_3,0.0274052972195003,DFI,3
CENPQ_3,0.027430630034245552,DFI,3
ADARB1_3,0.027441595658293558,DFI,3
LOC119876653,0.02747411414041848,DFI,3
LOC119869016_1,0.027545831348238348,DFI,3
AQP5_3,0.027677599917721268,DFI,3
NPL_3,0.027774720922939596,DFI,3
LOC102153619_3,0.0278230550124974,DFI,3
LOC119876202,0.027835594256977472,DFI,3
MAD2L1_3,0.02795999529253608,DFI,3
ACYP2_3,0.02805153598627736,DFI,3
SGMS1_3,0.028126095028872575,DFI,3
CSPG5_3,0.028133098264967352,DFI,3
RASGRP1_3,0.028167924753095132,DFI,3
FAM171B_3,0.028224086359779268,DFI,3
LRFN4_3,0.028302280206427503,DFI,3
LY9_3,0.028386082459442186,DFI,3
ARHGAP9_3,0.028458556955823684,DFI,3
ANKRD37_3,0.028524624208335254,DFI,3
ARHGAP25_3,0.02857511376696644,DFI,3
GRID2IP_3,0.028605138156210193,DFI,3
CHST8_3,0.028620229899873242,DFI,3
PTGES3L_3,0.02863717304887054,DFI,3
LOC102155568_3,0.028807994308934375,DFI,3
POFUT2_3,0.028820765801349416,DFI,3
IRX1_3,0.02892072902114308,DFI,3
PLXNA4_3,0.02894076089113423,DFI,3
CLCN5_3,0.028959131481638093,DFI,3
VCAM1_3,0.029011087373871924,DFI,3
LOC119869101_1,0.02905178097843334,DFI,3
KIFC1_3,0.029057882866798702,DFI,3
PPP1R3C_3,0.029061968304877082,DFI,3
LOC483396_2,0.029069760224498507,DFI,3
SYT9_3,0.029126836754782715,DFI,3
MDGA1_3,0.029228712206794252,DFI,3
PARPBP_3,0.029275914991309385,DFI,3
CCDC18_3,0.029451363161601123,DFI,3
LOC102153143_2,0.02948033170867977,DFI,3
UPP1_3,0.02954797043045944,DFI,3
DCK_3,0.029586515623992313,DFI,3
DPEP1_3,0.029600918022996938,DFI,3
LOC484969_3,0.029615267109967047,DFI,3
ASIC3_3,0.029621761635736286,DFI,3
MOB3B_3,0.029760775981613394,DFI,3
CENPN_3,0.029919955739546568,DFI,3
PCDH9_3,0.029958236646980323,DFI,3
PVRIG_3,0.03005228054770996,DFI,3
F5_3,0.030183771944926958,DFI,3
TLR1_3,0.030284682382023698,DFI,3
LOC119869050_2,0.030366945626068346,DFI,3
LOC102152872_3,0.030387770516208758,DFI,3
KLRG1_3,0.030399816125953927,DFI,3
NOD2_3,0.03048671958196888,DFI,3
ZSCAN32_2,0.030515523354610632,DFI,3
CD40_3,0.030711241040060254,DFI,3
FLNC_3,0.030795828064090112,DFI,3
LUM_3,0.03092209371333447,DFI,3
LOC478984_3,0.030954009028398122,DFI,3
PLA2G3_3,0.0309691991025117,DFI,3
HEYL_3,0.031093183696938875,DFI,3
FAXDC2_3,0.03117476397617839,DFI,3
ROR2_3,0.031224696237200842,DFI,3
DLA-DOB_3,0.03125676887716993,DFI,3
ANO2_3,0.03146520231891251,DFI,3
ZFP69B_3,0.031493104368053845,DFI,3
IRF8_3,0.03163904701951285,DFI,3
MTAP_3,0.03173752144206966,DFI,3
AIF1_3,0.03178183538257346,DFI,3
LAT_3,0.03188074598666208,DFI,3
KCNIP1_3,0.031989028102580745,DFI,3
ANKS1B_3,0.03205944301060051,DFI,3
HSPA4L_3,0.03206520576733257,DFI,3
LOC119877599,0.032134303268665954,DFI,3
RBM20_3,0.0321953094006186,DFI,3
CMKLR1_3,0.0322936589956666,DFI,3
TMEM106A_3,0.03230425052573855,DFI,3
LOC484309_3,0.03239137954557418,DFI,3
PALD1_3,0.032442501615883156,DFI,3
LOC611075_3,0.03253484356852369,DFI,3
PEX5L_3,0.032578305161525954,DFI,3
SLC49A3_3,0.03261970796170339,DFI,3
RENBP_3,0.03272650988567927,DFI,3
CELF4_3,0.03273495520818315,DFI,3
DLA88_3,0.03280461777419984,DFI,3
EMILIN3_3,0.03281013395805417,DFI,3
VWF_3,0.03282265010455508,DFI,3
GCNA_3,0.03294311033813488,DFI,3
PHLDB2_3,0.03303465737495625,DFI,3
CCR1_3,0.033168422415023026,DFI,3
SIX2_3,0.03319348523256932,DFI,3
ADGRL2_3,0.03325055911269296,DFI,3
CDK15_3,0.03328363117776436,DFI,3
TRPC4_3,0.033304889303442685,DFI,3
LOC119869028_3,0.03339248015850572,DFI,3
AHRR_3,0.033520938832544846,DFI,3
CRABP2_3,0.0335596336535578,DFI,3
DNAH10_3,0.03362318734313064,DFI,3
LOC119869019_2,0.03376320862606956,DFI,3
LOC119869150_1,0.033784135377689956,DFI,3
ZIC5_3,0.033811276389968246,DFI,3
CD27_3,0.03382500756746935,DFI,3
ACSL5_3,0.03385416895029979,DFI,3
ITGAL_3,0.03386376918735249,DFI,3
FGFR3_3,0.033866326271636354,DFI,3
DACH1_3,0.03408282119841183,DFI,3
KLKB1_3,0.034110018358835786,DFI,3
PTCH1_3,0.03415611716351267,DFI,3
KIF14_3,0.034176837313444244,DFI,3
EXPH5_3,0.03428584008482403,DFI,3
CENPA_3,0.034346934987293694,DFI,3
BUB1B_3,0.03446723468057199,DFI,3
PRPH_3,0.03463963474692784,DFI,3
CRACDL_3,0.034708272624755246,DFI,3
CCDC80_3,0.03481305790420047,DFI,3
LOC119876561,0.034927425725394166,DFI,3
MATN4_3,0.034985669019350324,DFI,3
LOC119879073,0.03507848466520337,DFI,3
SELENOH_3,0.0351232142664058,DFI,3
PDE10A_3,0.03521468444137826,DFI,3
PLEK2_3,0.03524579318559749,DFI,3
AURKB_3,0.035248179981117636,DFI,3
PGF_3,0.03525756321722072,DFI,3
IL12RB1_3,0.03527087269908039,DFI,3
SLC48A1_3,0.03530671559211272,DFI,3
DLG2_3,0.0353933646800875,DFI,3
MLLT11_3,0.035413420309015814,DFI,3
BCL11A_3,0.03550689810706289,DFI,3
LRRC25_3,0.03564206178415842,DFI,3
NDC80_3,0.03570323092406268,DFI,3
CPN2_3,0.035767835643416825,DFI,3
DGKH_3,0.035769291079031276,DFI,3
ADORA1_3,0.03581816236770751,DFI,3
MPIG6B_3,0.03603338349781091,DFI,3
LOC100856518_3,0.0361694663007315,DFI,3
MICAL2_3,0.03620207174634858,DFI,3
SCIMP_3,0.03638256009302769,DFI,3
CMSS1_3,0.03646085206081596,DFI,3
RCN3_3,0.0364669371052059,DFI,3
GLI2_3,0.03650363136751611,DFI,3
TBXAS1_3,0.03666200312989776,DFI,3
LOC607405_3,0.03674859632419594,DFI,3
SVIP_3,0.036880186903765946,DFI,3
LIMS2_3,0.0369695324126576,DFI,3
EGLN3_3,0.0369935060902168,DFI,3
ARHGAP15_3,0.03701268627292165,DFI,3
CTSD_3,0.03714120936420499,DFI,3
LRRN3_3,0.03718819365526541,DFI,3
HYAL1_3,0.03726506557642231,DFI,3
CLSTN3_3,0.03744873085264065,DFI,3
PLEKHM1_3,0.03748094635570013,DFI,3
NAGLU_3,0.03754430297280742,DFI,3
STAT1_3,0.03755498086786324,DFI,3
HOXA9_3,0.03759106291149695,DFI,3
CLEC2D_3,0.03765871454428166,DFI,3
SNAI1_3,0.037907879472131534,DFI,3
PTPRD_3,0.03791920937064461,DFI,3
MZB1_3,0.03799595803476215,DFI,3
CD84_3,0.03805209760263514,DFI,3
INSR_3,0.038444423779908664,DFI,3
LOC479911_3,0.03846102753097761,DFI,3
LOC111090004_3,0.03846323558160439,DFI,3
CRYBA4_3,0.03846791308255486,DFI,3
LOC612173_3,0.03860821499019049,DFI,3
LCK_3,0.038633175633443345,DFI,3
CTSS_3,0.03874503079061986,DFI,3
EPHB2_3,0.03881722886762404,DFI,3
CIITA_3,0.039002269456918044,DFI,3
SIM1_3,0.03907012524215799,DFI,3
LOC119878294,0.039171596555827935,DFI,3
RASSF2_3,0.03917654376290888,DFI,3
FLT3_3,0.0391937123691536,DFI,3
CD83_3,0.039279302796135056,DFI,3
NLRC3_3,0.03939067309892102,DFI,3
DOCK5_3,0.03951453808609255,DFI,3
MFGE8_3,0.0395608573581856,DFI,3
ACTA2_3,0.03969630804903017,DFI,3
SOAT2_3,0.03975600112417946,DFI,3
MAP9_3,0.03977369645539853,DFI,3
CXCR6_3,0.03988843644519014,DFI,3
SIPA1L2_3,0.03994935054414303,DFI,3
C1S_3,0.040043844173663766,DFI,3
THEMIS2_3,0.04004588453610826,DFI,3
SLC30A3_3,0.04009799078616895,DFI,3
ARSI_3,0.04010686082375908,DFI,3
LOC611835_3,0.04025993374785434,DFI,3
GPX7_3,0.04028417293614259,DFI,3
HORMAD1_3,0.040301362252426746,DFI,3
SKP2_3,0.04031144201371908,DFI,3
SH3TC1_3,0.040357153689592376,DFI,3
LOC106559121_2,0.04036100321964502,DFI,3
CD14_3,0.04037853302800384,DFI,3
FGD2_3,0.04060734320800082,DFI,3
LOC119866215_2,0.04061280131615506,DFI,3
ADCY3_3,0.04064611515680251,DFI,3
TSPAN33_3,2.4869443997633676e-07,DFI,4
TRIP13_3,4.817893304057719e-07,DFI,4
CYP4V2_3,8.13426059332324e-07,DFI,4
PTTG1_3,1.015209963745079e-06,DFI,4
MCM10_3,2.602228286922861e-06,DFI,4
DNA2_3,2.9729806512024023e-06,DFI,4
PSAT1_3,3.139146153175852e-06,DFI,4
POLE2_3,4.761720214046057e-06,DFI,4
SPC25_3,4.891495248586872e-06,DFI,4
LOC100855995_3,5.197198780702967e-06,DFI,4
DNPH1_3,5.916463408164359e-06,DFI,4
MEX3A_3,6.79420352006586e-06,DFI,4
STUM_3,8.189361335732359e-06,DFI,4
MYBL2_3,9.05779598344292e-06,DFI,4
LOC487476_3,9.569185906538674e-06,DFI,4
ECT2_3,1.0034137582051594e-05,DFI,4
CENPK_3,1.1287245072709109e-05,DFI,4
CENPW_3,1.1535647694680994e-05,DFI,4
FANCA_3,1.1919100316262559e-05,DFI,4
SRM_3,1.3417214578052784e-05,DFI,4
DLGAP5_3,1.3846286954123521e-05,DFI,4
GPR34_3,1.4785558150177947e-05,DFI,4
ZMAT1_3,1.5152741552593113e-05,DFI,4
SHCBP1_3,1.66328106834258e-05,DFI,4
FANCM_3,1.7321923631004774e-05,DFI,4
MIS18A_3,1.734600730623669e-05,DFI,4
STK39_3,1.7463034837038428e-05,DFI,4
ENPP5_3,1.9150813595868307e-05,DFI,4
FMO5_3,1.9896168755088426e-05,DFI,4
ALOX5_3,2.0330302183452367e-05,DFI,4
CDCA5_3,2.2089772617857118e-05,DFI,4
MCM5_3,2.363258621546998e-05,DFI,4
E2F1_3,2.3666977698187204e-05,DFI,4
LOC476816_3,2.3810420627595936e-05,DFI,4
RCOR2_3,2.407798142939282e-05,DFI,4
DSCC1_3,2.4478568596722615e-05,DFI,4
BUB1_3,2.7044388162085574e-05,DFI,4
SERF1A_3,2.8000627816196823e-05,DFI,4
LOC111097086_3,2.8016857360462645e-05,DFI,4
LOC477699_3,3.0464566907689766e-05,DFI,4
UBE2C_3,3.2838402622395506e-05,DFI,4
PIK3IP1_3,3.4591651306293594e-05,DFI,4
CBX7_3,3.493291379617179e-05,DFI,4
SUGCT_3,4.264832265159461e-05,DFI,4
AURKA_3,4.395640281014727e-05,DFI,4
TLR3_3,4.468598582689236e-05,DFI,4
STMN1_3,4.795524029024617e-05,DFI,4
RECQL4_3,5.086615888368258e-05,DFI,4
KIAA0040_3,5.185594218136877e-05,DFI,4
SERPING1_3,5.639701038092904e-05,DFI,4
SKA3_3,5.648871370336584e-05,DFI,4
SCRN2_3,6.354582836839097e-05,DFI,4
DSN1_3,6.378977421009998e-05,DFI,4
FAM83D_3,6.439777669237204e-05,DFI,4
KCTD12_3,6.555431382962463e-05,DFI,4
SCML2_3,6.937392192473924e-05,DFI,4
LOC119877688,6.962067270657744e-05,DFI,4
MINPP1_3,7.211859696501005e-05,DFI,4
E2F8_3,7.227407098090649e-05,DFI,4
ATAD1_3,7.530184791956459e-05,DFI,4
GMNN_3,7.541494163642828e-05,DFI,4
MAP1LC3C_3,8.176866485245692e-05,DFI,4
TROAP_3,8.501181211345888e-05,DFI,4
RRM2_3,8.704841426810681e-05,DFI,4
FAM107A_3,8.729676523108228e-05,DFI,4
TYMS_3,9.022708746445899e-05,DFI,4
RENBP_3,9.05897981077266e-05,DFI,4
CTSH_3,9.291967993737489e-05,DFI,4
GTSE1_3,9.405964895783041e-05,DFI,4
APOBEC3Z3_4,9.474461481831933e-05,DFI,4
CENPT_3,9.815721547344937e-05,DFI,4
MTFR2_3,9.876337688278926e-05,DFI,4
MCM4_3,9.932937980736103e-05,DFI,4
NIBAN1_3,0.00010435354603765859,DFI,4
CDCA8_3,0.00010663078037058078,DFI,4
GPRC5C_3,0.00010913067535473312,DFI,4
EVI2B_3,0.00010972660179210347,DFI,4
CDC6_3,0.00011817312588065035,DFI,4
E2F7_3,0.00011864993403766681,DFI,4
ACSS3_3,0.0001206013161300432,DFI,4
PPA1_3,0.0001223165928813171,DFI,4
UBE2S_3,0.00012337845741110712,DFI,4
SPC24_3,0.00013046561370940086,DFI,4
NR2F1_3,0.00013139791639847474,DFI,4
TLR7_3,0.00013758322124193527,DFI,4
LOC119875957_1,0.000138582713827434,DFI,4
FANCD2_3,0.00014016299477622867,DFI,4
DEPDC1_3,0.00014457871796730708,DFI,4
REXO5_3,0.00014517853367132432,DFI,4
ORC6_3,0.0001498831654494671,DFI,4
LURAP1L_3,0.00015160683121697392,DFI,4
CCNB1_3,0.0001561634077491694,DFI,4
ADAMTS4_3,0.0001562529866363586,DFI,4
P2RX7_3,0.00015667816001827412,DFI,4
CA5B_3,0.00016513061767439485,DFI,4
MEST_3,0.00016550577204442119,DFI,4
PRRT4_3,0.00016679778606159087,DFI,4
KIF18B_3,0.0001709544561264558,DFI,4
UBE2T_3,0.00017337332747584033,DFI,4
POLE_3,0.0001743446321217326,DFI,4
NETO1_3,0.00017483812140538382,DFI,4
CDT1_3,0.00017490247274006755,DFI,4
CCNB3_3,0.00017683240389751025,DFI,4
MOSPD2_3,0.00018461555818131145,DFI,4
KIF22_3,0.0001871020979994865,DFI,4
CENPV_3,0.00019001922893237283,DFI,4
BIRC5_3,0.00019107830317641208,DFI,4
TK1_3,0.00019175172562696126,DFI,4
KIF14_3,0.00019190588898238255,DFI,4
TMEM59L_3,0.00019819627850419468,DFI,4
UHRF1_3,0.00020741210636779486,DFI,4
LOC106557828_3,0.0002094113992950011,DFI,4
CSF1R_3,0.0002096102988056027,DFI,4
PBK_3,0.00021150958686040416,DFI,4
KIF15_3,0.0002130805812183627,DFI,4
PLK4_3,0.00021432745207951103,DFI,4
FAXDC2_3,0.00021586590229971209,DFI,4
KIF23_3,0.00021836635919239472,DFI,4
SELENOP_3,0.00022344710598514245,DFI,4
CDCA2_3,0.00022568109420844075,DFI,4
RBMS3_3,0.0002266578350848082,DFI,4
BLNK_3,0.000234488313532278,DFI,4
CENPI_3,0.0002381936751870467,DFI,4
CENPN_3,0.00023993561686346386,DFI,4
FAM180A_3,0.00024382999703888707,DFI,4
RACGAP1_3,0.0002526560253870129,DFI,4
HELLS_3,0.0002535848326679922,DFI,4
ST6GALNAC3_3,0.0002550553388833601,DFI,4
OLFML1_3,0.00026108576576276525,DFI,4
CCNB2_3,0.0002627311203534233,DFI,4
ADAM19_3,0.00026548099584459,DFI,4
NCAPH_3,0.00026554850157112047,DFI,4
MCM2_3,0.0002719631480808272,DFI,4
STX3_3,0.0002778629859139117,DFI,4
KIF4A_3,0.0002781487209454526,DFI,4
CDC20_3,0.0002834939773254308,DFI,4
TMCC3_3,0.0002861475491006826,DFI,4
RAB30_3,0.00028875430187354494,DFI,4
MPIG6B_3,0.0002891121569819987,DFI,4
TMEM86A_3,0.00029207635735465276,DFI,4
TRIB3_3,0.0002995024137691431,DFI,4
ABCC3_3,0.0003003999086961532,DFI,4
MAD2L1_3,0.00031169217934432473,DFI,4
PGAP1_3,0.00031497970245402925,DFI,4
CCNA2_3,0.00031718235968644306,DFI,4
TAPBPL_3,0.00034800674687980907,DFI,4
MAB21L2_3,0.0003599048204083661,DFI,4
SFRP4_3,0.00036225298064866516,DFI,4
SIVA1_3,0.0003627917328072346,DFI,4
SYNE1_3,0.0003633531254430772,DFI,4
LOC612325_3,0.0003637800516796508,DFI,4
SCTR_3,0.00036585462595191756,DFI,4
RASSF5_3,0.0003712310169119603,DFI,4
CDCA7_3,0.0003854201830823203,DFI,4
CA14_3,0.00039630416544778426,DFI,4
POLQ_3,0.0003994594644993198,DFI,4
DBF4B_3,0.0004120091595986892,DFI,4
TBC1D9_3,0.00041587741053576005,DFI,4
SLC13A5_3,0.0004164870794685606,DFI,4
ITGBL1_3,0.00041827732231138667,DFI,4
CD8B_3,0.00042742909044355575,DFI,4
LOC119866898_3,0.0004290439716775733,DFI,4
H2AX_3,0.0004372225132978865,DFI,4
EPHA2_3,0.00043833661714713944,DFI,4
ELOVL4_3,0.0004386815348452956,DFI,4
RAD51_3,0.0004473947770054226,DFI,4
XG_3,0.00044753145662363103,DFI,4
TOP2A_3,0.00045485752799341263,DFI,4
LOC119878084,0.0004637892369613534,DFI,4
DMRTA1_3,0.0004682830352572469,DFI,4
LDLRAD4_3,0.000470469665390826,DFI,4
PCLAF_3,0.000471445618818844,DFI,4
NSMCE2_3,0.00048694514191424736,DFI,4
AURKB_3,0.0004887152533183436,DFI,4
SPAG5_3,0.0005051987799001861,DFI,4
PTEN_3,0.0005054582584084003,DFI,4
NCAPG_3,0.0005122338729673743,DFI,4
TPX2_3,0.000533354165854941,DFI,4
CLSPN_3,0.0005342031534948812,DFI,4
HJURP_3,0.0005375279683141308,DFI,4
FKBP10_3,0.0005377883169897229,DFI,4
CENPA_3,0.0005413223225119667,DFI,4
NDC80_3,0.0005621437140774466,DFI,4
PYCARD_3,0.0005663879515225631,DFI,4
EVI2A_3,0.0005666894430646674,DFI,4
EPAS1_3,0.0005705707334788777,DFI,4
SELPLG_3,0.0005706167844388895,DFI,4
LHX2_3,0.0005776106110940913,DFI,4
TMEM140_3,0.000581741235180865,DFI,4
HNMT_3,0.0005835760403309002,DFI,4
ASAH1_3,0.000598378652155083,DFI,4
ORC1_3,0.000600491067940884,DFI,4
CENPH_3,0.0006075673470149762,DFI,4
ADORA2B_3,0.0006174724627717107,DFI,4
GPR183_3,0.0006233582582300275,DFI,4
HSD11B1_3,0.0006354027618575968,DFI,4
MELK_3,0.0006661515904680844,DFI,4
TNFAIP8L2_3,0.0006810040681612423,DFI,4
DRAM1_3,0.0006826199307981405,DFI,4
TTC39B_3,0.0006833835406497703,DFI,4
STC1_3,0.0006840871420554659,DFI,4
RAD54B_3,0.0006917819470131795,DFI,4
PIK3AP1_3,0.0006928840785543781,DFI,4
LMO2_3,0.0007073695090517526,DFI,4
ATAD2_3,0.0007152191205357865,DFI,4
RAI2_3,0.0007154277901167584,DFI,4
STON1_3,0.0007155099036690201,DFI,4
CSRP1_3,0.0007181406964038389,DFI,4
TONSL_3,0.0007191735188955081,DFI,4
CDCA3_3,0.0007194067519701341,DFI,4
TAGAP_3,0.0007283010778644424,DFI,4
CHST2_3,0.0007284583491023119,DFI,4
LOC111091730_3,0.0007289284463823559,DFI,4
GPRIN1_3,0.0007292238302236399,DFI,4
PLCXD2_3,0.0007304396487393516,DFI,4
ATP8B4_3,0.0007470707645321936,DFI,4
LOC106559420_3,0.0007499022803801335,DFI,4
RGS18_3,0.0007545520810953065,DFI,4
YES1_3,0.0007549276643843237,DFI,4
INPP5D_3,0.0007624256423766437,DFI,4
STAMBPL1_3,0.0007633817932178578,DFI,4
PLK1_3,0.0007725478628227087,DFI,4
CBLN3_3,0.0008027599188832334,DFI,4
GASK1B_3,0.0008121783056315865,DFI,4
IFI30_3,0.0008250521707075163,DFI,4
LOC119877532,0.0008344039963509126,DFI,4
SLC6A6_3,0.000840265652615769,DFI,4
ESPL1_3,0.0008551097541941027,DFI,4
TTK_3,0.0008710735914642373,DFI,4
PAPSS2_3,0.0008756435716027543,DFI,4
SERTM1_3,0.0008792418392952683,DFI,4
SAMD9L_3,0.0008826691715853945,DFI,4
ACOD1_3,0.0008838299951233629,DFI,4
CARD9_3,0.0008879299695353361,DFI,4
PKMYT1_3,0.0008971097037931962,DFI,4
SGMS1_3,0.0009075394000170484,DFI,4
ADAMTSL3_3,0.0009136101779031515,DFI,4
ZBED2_3,0.0009153277355943778,DFI,4
FAM81A_3,0.0009249421512433576,DFI,4
FEN1_3,0.0009252722428748039,DFI,4
CDK1_3,0.000980578932443938,DFI,4
NMRAL1_3,0.000987707068035829,DFI,4
SLCO3A1_3,0.0009887147391860686,DFI,4
MTURN_3,0.0009951466863361048,DFI,4
ANKH_3,0.0009977423216558576,DFI,4
RETSAT_3,0.0009990661372376516,DFI,4
CENPF_3,0.0010432294306343918,DFI,4
SLC6A11_3,0.0010601842424826941,DFI,4
ADGRG6_3,0.0010735859038427775,DFI,4
PTPN6_3,0.001129507614879744,DFI,4
C1S_3,0.0011380149302343905,DFI,4
TRABD2A_3,0.0011484928759714315,DFI,4
IFIT3_3,0.0011697939440615565,DFI,4
PRR11_3,0.0011721899466450528,DFI,4
BUB1B_3,0.0011747582857851667,DFI,4
LOC102152083_3,0.001176692969957826,DFI,4
FN1_3,0.0011940725598503495,DFI,4
MCM3_3,0.001215920684099566,DFI,4
SMO_3,0.0012197763769932922,DFI,4
MACROH2A2_3,0.0012223872032855166,DFI,4
HACD4_3,0.001231841827475355,DFI,4
LPAR1_3,0.0012431951000407794,DFI,4
CHTF18_3,0.0012449194738962334,DFI,4
POLR1C_3,0.0012520098237309486,DFI,4
IDS_3,0.0012570444289717927,DFI,4
GPSM3_3,0.0012580525958025132,DFI,4
C1RL_3,0.001261312602551749,DFI,4
ASPM_3,0.0012666000203060543,DFI,4
BATF2_3,0.001268364995945941,DFI,4
CDH10_3,0.0012701798706088623,DFI,4
FKBP7_3,0.0012776499051747772,DFI,4
LOC102154334_3,0.0013305539529162185,DFI,4
RAD51AP1_3,0.0013504356052603218,DFI,4
RBM44_3,0.001351595178630666,DFI,4
NCF4_3,0.0013624763821048172,DFI,4
SULT1C4_3,0.0013951962273772666,DFI,4
ABHD2_3,0.0013953621195131926,DFI,4
GPSM2_3,0.0013980940492554503,DFI,4
NCKAP1L_3,0.0014080343442829078,DFI,4
PODXL2_3,0.0014324878244446533,DFI,4
LOC119879410,0.0014476032236550378,DFI,4
KIFC1_3,0.001470059879998764,DFI,4
HSP70_3,0.0014742937540148631,DFI,4
ATF5_3,0.0014755587611382241,DFI,4
LOC119874749_2,0.0014777268088951743,DFI,4
PARP15_3,0.0014837575054075995,DFI,4
IGFBP5_3,0.0015121484584630588,DFI,4
STING1_3,0.0015205896667260955,DFI,4
MND1_3,0.0015228464468616165,DFI,4
ST8SIA5_3,0.0015322494154413795,DFI,4
ANKRD22_3,0.0015386631190134593,DFI,4
LOC119866360_3,0.0015436957343013984,DFI,4
C1R_3,0.0015655366002604294,DFI,4
SLC16A1_3,0.0015664000857780688,DFI,4
SH3D19_3,0.001589050524473243,DFI,4
NALCN_3,0.0016143402337861614,DFI,4
CYTH4_3,0.0016157396791015184,DFI,4
RNASEL_3,0.0016445717759658491,DFI,4
HHIP_3,0.00165060923493363,DFI,4
LAPTM5_3,0.0016694515859036543,DFI,4
ARHGDIB_3,0.0017163605309960474,DFI,4
SLC8A1_3,0.0017257349751114077,DFI,4
SGO1_3,0.0017298069188660498,DFI,4
PAPPA_3,0.0017430458340721856,DFI,4
BRCA1_3,0.0017489933115243759,DFI,4
CDC45_3,0.001751665571516345,DFI,4
LOC119863969_3,0.0017611156286752362,DFI,4
APOBR_3,0.001762031305058109,DFI,4
PARPBP_3,0.0017846531941231854,DFI,4
CSRP2_3,0.0017882010309406124,DFI,4
LOC111090004_3,0.0018134936120879656,DFI,4
FMOD_3,0.0018469046187814023,DFI,4
MXRA5_3,0.0019177315677801278,DFI,4
IFIT2_3,0.0019355389821921292,DFI,4
DEPDC1B_3,0.001956435404945852,DFI,4
PRKAR2B_3,0.0019686844560759106,DFI,4
PLPPR5_3,0.0019710204728313205,DFI,4
TYROBP_3,0.0019828221819738036,DFI,4
ARRB1_3,0.001994250576810268,DFI,4
PABPC5_3,0.0020034262842912416,DFI,4
CLTCL1_3,0.0020280767152639637,DFI,4
LOC610632_3,0.00203349430553515,DFI,4
RYR2_3,0.002046880959177759,DFI,4
CCDC73_3,0.0020613062902512494,DFI,4
CFI_3,0.0020640856262736777,DFI,4
EHD3_3,0.002090724615279373,DFI,4
NUF2_3,0.0021032991014001156,DFI,4
IQGAP3_3,0.002149161342334352,DFI,4
PTPRJ_3,0.0021535569794582836,DFI,4
GAB2_3,0.0021728450221536314,DFI,4
BCL11A_3,0.0021766150729385573,DFI,4
CD200_3,0.002194674855974642,DFI,4
ITGAX_3,0.002209889540673031,DFI,4
IL34_3,0.002227396556524975,DFI,4
LOC119876150,0.002228124849135238,DFI,4
CCN2_3,0.0022622271514922184,DFI,4
LOC106559497_3,0.002281210815609546,DFI,4
PRDM1_3,0.0023157182356322893,DFI,4
SLC5A6_3,0.0023408782340621085,DFI,4
SQOR_3,0.002346265128963779,DFI,4
CXCL14_3,0.00235223467887853,DFI,4
RBPMS2_3,0.002398257381767099,DFI,4
HK2_3,0.002420226011045137,DFI,4
DTL_3,0.0024250727321014046,DFI,4
DENND1C_3,0.002471766454562715,DFI,4
RCN3_3,0.002484634355168532,DFI,4
SYK_3,0.0025315420422425154,DFI,4
GJC1_3,0.002552516560615583,DFI,4
PHGDH_2,0.0025528780631956026,DFI,4
ANXA3_3,0.002559070034826055,DFI,4
ARL4D_3,0.0025636487115048407,DFI,4
LOC119878234,0.002590091359016469,DFI,4
RAB29_3,0.0025957339290141467,DFI,4
GMFG_3,0.0026237390927748147,DFI,4
SPN_3,0.0026285154174488143,DFI,4
TRANK1_3,0.0026487288733068885,DFI,4
ARRDC2_3,0.0026735576547577615,DFI,4
CD86_3,0.002686165945095281,DFI,4
DLEC1_3,0.0027186093570883032,DFI,4
LAG3_3,0.002720505745458373,DFI,4
MCAM_3,0.0027487702537508482,DFI,4
CEP72_3,0.0027815472271697284,DFI,4
PID1_3,0.0028260461918524797,DFI,4
TNFRSF14_3,0.0028442815366329093,DFI,4
HYAL1_3,0.0028822185234742273,DFI,4
IRX1_3,0.0029042481971706005,DFI,4
HSPH1_3,0.002920626043479604,DFI,4
LTBP1_3,0.002955652028711669,DFI,4
FGL2_3,0.0029907447344504384,DFI,4
USP2_3,0.003010320624952833,DFI,4
GINS2_3,0.003012318034496593,DFI,4
DDX43_3,0.0030127102785385304,DFI,4
NAGLU_3,0.003031356499982035,DFI,4
BARX1_3,0.0030671208026694856,DFI,4
HHIPL1_3,0.0030960153909973497,DFI,4
PARP4_3,0.003124502911400194,DFI,4
ENPP3_3,0.0031458983272316557,DFI,4
LOC489911_3,0.00314901323768582,DFI,4
FOXM1_3,0.0031752608369107643,DFI,4
NOP58_3,0.0032595221803522474,DFI,4
GABRA2_3,0.0032696524344878594,DFI,4
GLUL_3,0.003335717347150474,DFI,4
SKP2_3,0.0033421825113445014,DFI,4
PRKX_3,0.003367427993472471,DFI,4
FERMT3_3,0.0034302479414814262,DFI,4
TLR2_3,0.003434582554785863,DFI,4
LOC119877177,0.003440169960254279,DFI,4
LOC102156428_3,0.0034472292858043346,DFI,4
IFI35_3,0.0034521645510010865,DFI,4
MFGE8_3,0.0034602598296490207,DFI,4
LOC119869726_3,0.0034819754340883187,DFI,4
HSP90AA1_3,0.003489273862188763,DFI,4
H2BC8_3,0.003503133890344812,DFI,4
ENC1_3,0.0035161716201111233,DFI,4
KIF11_3,0.0035377156576465027,DFI,4
MYRF_3,0.00354731777683338,DFI,4
SERPINH1_3,0.003583247893958556,DFI,4
VWA5A_3,0.0036364420479539717,DFI,4
LOC119873395_3,0.0036494481247471965,DFI,4
ADAMTS1_3,0.0036791742087212112,DFI,4
CHAC1_3,0.0036807259785164785,DFI,4
ACOT7_3,0.003736381772926064,DFI,4
TRIM13_3,0.0037472026894652993,DFI,4
SPSB4_3,0.003750036648508459,DFI,4
LOC119877031_2,0.0037919021464609378,DFI,4
LOC119878294,0.0038374480990239416,DFI,4
LOC119876737,0.003871905667571073,DFI,4
PTPRC_4,0.003923654457049166,DFI,4
IRF5_3,0.003937954300939431,DFI,4
PARP9_3,0.003950975589044613,DFI,4
PPP1R1B_3,0.004033575004391807,DFI,4
LCP1_3,0.0040921984206471855,DFI,4
ABCB1_3,0.004141512403485772,DFI,4
BTK_3,0.0041491599551922356,DFI,4
NEK2_3,0.004162726749020941,DFI,4
IL32_3,0.0041644680950687785,DFI,4
FAS_3,0.0041693118169599365,DFI,4
LOC119877181,0.004192062964393591,DFI,4
ETV1_3,0.004245136036167051,DFI,4
NAP1L3_3,0.0042615951199809765,DFI,4
ADCY7_3,0.004277317398776771,DFI,4
SLC36A2_3,0.0042849523773430265,DFI,4
OSR2_3,0.004298785863025604,DFI,4
APCDD1_3,0.004309870094317455,DFI,4
WNT5B_3,0.004334313558858923,DFI,4
LOC119876044,0.00434128512631155,DFI,4
SNX10_3,0.004344285827812826,DFI,4
PRUNE2_3,0.00445965203793833,DFI,4
JCHAIN_3,0.00445978064705973,DFI,4
IGFBP3_3,0.0044948238953716625,DFI,4
TXNIP_3,0.0044992728648093816,DFI,4
KIF20A_3,0.004514123347309208,DFI,4
LOC478384_3,0.004520471620871432,DFI,4
TNFSF10_3,0.0045366671458925275,DFI,4
RGS10_3,0.004544764716056574,DFI,4
LRFN4_3,0.004566855477332579,DFI,4
CCDC3_3,0.004587349201017228,DFI,4
MYOF_3,0.004592586714209117,DFI,4
LRRC15_3,0.004614601080549711,DFI,4
PIK3CG_3,0.00461654841399636,DFI,4
LOC119877878,0.004617567363831151,DFI,4
MCF2L_3,0.0046383763703472525,DFI,4
TRIM34_3,0.004639448790316072,DFI,4
F5_3,0.004657042602425605,DFI,4
DUSP9_3,0.004683969378551393,DFI,4
GADD45GIP1_3,0.004746523945183747,DFI,4
SRGAP3_3,0.004796275185221413,DFI,4
IFITM5_3,0.0048226552552722134,DFI,4
LOC119878351,0.004856111635248691,DFI,4
SMTNL2_3,0.004881861180813131,DFI,4
NR1D1_3,0.004898908034548063,DFI,4
SERPINB8_3,0.004922044679477242,DFI,4
KBTBD12_3,0.004938000465960531,DFI,4
VAV1_3,0.005013134251795899,DFI,4
DTX3L_3,0.0050178392621658425,DFI,4
AMOTL2_3,0.0052388493304270185,DFI,4
LOC475831_3,0.00525095995068412,DFI,4
LDLRAD3_3,0.005256683776609983,DFI,4
CP_3,0.00529356640571775,DFI,4
CYS1_3,0.0053383052028181345,DFI,4
GNA15_3,0.005340830578992223,DFI,4
CASP12_3,0.005343476686330951,DFI,4
ADA2_3,0.005368669288056035,DFI,4
TAF9B_3,0.0054131656391165845,DFI,4
LOC119875994_2,0.0054153460259059065,DFI,4
ASF1B_3,0.005429859396218964,DFI,4
TDRD7_3,0.00543152032841158,DFI,4
SUSD1_3,0.005450593033836085,DFI,4
LOC106557817_2,0.005461733815390762,DFI,4
LAMA3_3,0.005507557908629884,DFI,4
FKBP4_3,0.00552900124359335,DFI,4
PARP12_3,0.005537083985298102,DFI,4
LOC111096175_3,0.005540793463788557,DFI,4
PTK2B_3,0.005566964593663331,DFI,4
CENPE_3,0.005575085716543106,DFI,4
GRAP2_3,0.005587309689910483,DFI,4
PLD4_3,0.005592285122730654,DFI,4
CASP8_3,0.005630855296140183,DFI,4
MLC1_3,0.005674073987980397,DFI,4
CILP_3,0.005698474428579947,DFI,4
PIANP_3,0.005726244820210215,DFI,4
CD84_3,0.005743857345828545,DFI,4
EGLN3_3,0.005774788419413949,DFI,4
GPR137B_3,0.005793808638299892,DFI,4
SIM2_3,0.0057997055558103895,DFI,4
FAM149A_3,0.005824264864453374,DFI,4
C3AR1_3,0.005837569248586373,DFI,4
C29H8orf88_3,0.005876611277510888,DFI,4
CLSTN3_3,0.005891092385552974,DFI,4
ATP8A1_3,0.0059643042477509605,DFI,4
PCDH19_3,0.006045669347251398,DFI,4
RAB15_3,0.00605466353759972,DFI,4
CPED1_3,0.006056723456971894,DFI,4
DOK3_3,0.006077088628108366,DFI,4
TP53INP1_3,0.006125847650227626,DFI,4
UBA7_3,0.006126033672362642,DFI,4
HMMR_3,0.006172883696799312,DFI,4
BYSL_3,0.006181881875121122,DFI,4
DRD1_3,0.0061894899251487626,DFI,4
LGR4_3,0.006209955583356903,DFI,4
GAREM1_3,0.006238111585649025,DFI,4
LOC102153396_3,0.006257134820238159,DFI,4
PER2_3,0.0062801693548594495,DFI,4
TSC22D3_3,0.006287170313732543,DFI,4
GBP6_3,0.006296641168988819,DFI,4
LPXN_3,0.006307624547152825,DFI,4
JAML_3,0.0063214271037247164,DFI,4
GSC_3,0.006378336586957208,DFI,4
CYBRD1_3,0.006391467240807445,DFI,4
LOC119879221,0.0064022937118831435,DFI,4
TNFSF8_3,0.006414055912514988,DFI,4
ZSCAN12_3,0.006426065970395035,DFI,4
RAB38_3,0.0064342271959073,DFI,4
P3H2_3,0.00644454376765358,DFI,4
DIAPH3_3,0.006512217485971048,DFI,4
CSF2RB_3,0.00651480088967103,DFI,4
MBOAT2_3,0.006536988328646436,DFI,4
C1QTNF1_3,0.006577858825375505,DFI,4
CRYBG1_3,0.0065852879096567375,DFI,4
C6H16orf54_3,0.006595606372177851,DFI,4
SLC31A2_3,0.006621057403614838,DFI,4
RAB3C_3,0.006631306000200248,DFI,4
LY96_3,0.006665800364312858,DFI,4
FCMR_3,0.006683576794680288,DFI,4
GXYLT1_3,0.00669021008601052,DFI,4
GBP1_3,0.006740578451240798,DFI,4
FOXF1_3,0.006826738363505353,DFI,4
LEPR_3,0.0068270337918011174,DFI,4
MARCHF1_3,0.006907247188381503,DFI,4
MOB3B_3,0.006908456344342258,DFI,4
PRKAR1B_3,0.006909964126220385,DFI,4
CPN2_3,0.006956873120223793,DFI,4
CPQ_3,0.006983591127803399,DFI,4
ECRG4_3,0.006984522146890392,DFI,4
ALDH1L2_3,0.007014825827397608,DFI,4
TRIL_3,0.007021928724851331,DFI,4
OSBPL3_3,0.007037352822686687,DFI,4
SPI1_3,0.0070380931201326855,DFI,4
PAQR9_3,0.0070544318230934145,DFI,4
DAPP1_3,0.00715614957898609,DFI,4
SYTL1_3,0.007170130914024781,DFI,4
GPR156_3,0.007223721203451702,DFI,4
HMGB3_3,0.007224465331466491,DFI,4
CD244_3,0.007233962797232066,DFI,4
KIAA1549L_3,0.007262393545320725,DFI,4
TIMD4_3,0.007317597486849261,DFI,4
SLCO5A1_3,0.007338658769249073,DFI,4
PARVG_3,0.00738952986938484,DFI,4
CLEC12A_3,0.00741275580771665,DFI,4
LOC488622_3,0.007416979957022521,DFI,4
KCNJ5_3,0.007442910928225808,DFI,4
PTGES3L_3,0.0075201087349157205,DFI,4
MGST2_3,0.007590594737792062,DFI,4
TMEM144_3,0.007620111309790556,DFI,4
ARHGAP45_3,0.007639420781459206,DFI,4
MILR1_3,0.00764588804685739,DFI,4
LAT_3,0.007658405736524542,DFI,4
HDAC9_3,0.007680104959061049,DFI,4
BVES_3,0.007693562036501307,DFI,4
SHTN1_3,0.007715409877280085,DFI,4
SLC25A10_3,0.007716740338860461,DFI,4
CRYM_3,0.007736326688769176,DFI,4
SRPX2_3,0.007748790385368231,DFI,4
GSDMD_3,0.007779947437679351,DFI,4
ENOSF1_3,0.00782884054601435,DFI,4
B2M_3,0.00787300159112376,DFI,4
NGEF_3,0.00787562246214783,DFI,4
NFAM1_3,0.007898928762355978,DFI,4
KCND1_3,0.007901645282896913,DFI,4
JAZF1_3,0.007938223030307928,DFI,4
SCUBE3_3,0.008039467958753719,DFI,4
XCR1_3,0.008045416031332443,DFI,4
CNTFR_3,0.008092882945478759,DFI,4
CD320_3,0.008178282679871019,DFI,4
DOCK2_3,0.00821108483070389,DFI,4
MYO1F_3,0.008256181569239586,DFI,4
RASGRF2_3,0.008295847790578395,DFI,4
CAPG_3,0.008301523148340196,DFI,4
RAC2_3,0.008334282326425657,DFI,4
WNT16_2,0.008343533195722294,DFI,4
PEX5L_3,0.008367364419793003,DFI,4
IGF2_3,0.00837865740296489,DFI,4
DLG2_3,0.008413414100229506,DFI,4
CLCN5_3,0.008510816542286801,DFI,4
ANKLE1_3,0.008571991019406042,DFI,4
SELENOH_3,0.008575169336293837,DFI,4
LOC119878869,0.008619468604854205,DFI,4
BIRC3_3,0.008718021009200081,DFI,4
APOL6_3,0.00872606902282956,DFI,4
GNPTAB_3,0.008831388688027832,DFI,4
NT5DC2_3,0.0088424558966034,DFI,4
CRLF1_3,0.008870484172548482,DFI,4
SP100_3,0.008875290537858275,DFI,4
PDGFC_3,0.008882953907820923,DFI,4
UPP1_3,0.008927364611147903,DFI,4
TMEM97_3,0.008931580732415739,DFI,4
MRPL21_2,0.008945108435337065,DFI,4
NAPRT_3,0.008946616165932487,DFI,4
EPHA6_3,0.00895477674450633,DFI,4
EMILIN3_3,0.009052014939826583,DFI,4
LOC111092892_3,0.009054728348309584,DFI,4
RUNDC3B_3,0.009097578025530288,DFI,4
LPAR5_3,0.009161378314634401,DFI,4
TFEC_3,0.009222817613780406,DFI,4
LOC119877191,0.009230048790739876,DFI,4
DNMT3B_3,0.009268986261823075,DFI,4
CTSK_3,0.009327516723045296,DFI,4
PSTPIP1_3,0.009337898942052206,DFI,4
SLC10A6_3,0.009375246724408594,DFI,4
CD80_3,0.009434324805127852,DFI,4
PTPRO_3,0.009503365801101088,DFI,4
HORMAD1_3,0.009509539978661392,DFI,4
GABRA3_3,0.009582897584444992,DFI,4
PTAFR_3,0.009725336646131521,DFI,4
MAOB_3,0.009729242071046121,DFI,4
P2RY14_3,0.009798540971617245,DFI,4
SLC43A2_3,0.009847270246502799,DFI,4
C3_3,0.009856951772350983,DFI,4
PAG1_3,0.009958113142433715,DFI,4
LOC484356_3,0.010009891980339495,DFI,4
ACYP2_3,0.0100383420016632,DFI,4
SMPDL3A_3,0.010125127039458762,DFI,4
EGR1_3,0.010126449018143042,DFI,4
CSF1_3,0.010156459354063571,DFI,4
CD14_3,0.010199234202933092,DFI,4
ASIC3_3,0.010217096981136549,DFI,4
PKP1_3,0.010259892112826883,DFI,4
LOC119877926,0.010285838798131858,DFI,4
MYO1G_3,0.01030858387293558,DFI,4
MYO1D_3,0.010333226998290646,DFI,4
EDARADD_3,0.010493886449464931,DFI,4
RNLS_3,0.010509223665519951,DFI,4
AQP5_3,0.010537215823814743,DFI,4
CD68_3,0.010545998951236889,DFI,4
YIF1B_3,0.010556963386497288,DFI,4
TTC38_3,0.010568986310813759,DFI,4
GAS6_3,0.010601944120128796,DFI,4
H2AC6_3,0.010616261643105904,DFI,4
DHX58_3,0.010664134571030524,DFI,4
SLC24A3_3,0.010708860084677927,DFI,4
SLC37A2_3,0.010711098235530908,DFI,4
LRRC66_3,0.010719050697803848,DFI,4
GLT1D1_3,0.010732317360437529,DFI,4
FOXD1_3,0.010771502455446714,DFI,4
LOC119868251_3,0.010908938059214229,DFI,4
CMSS1_3,0.010939358149130609,DFI,4
EMB_3,0.010968815965940636,DFI,4
OSMR_3,0.011043317951522443,DFI,4
CALHM5_3,0.011121490488196502,DFI,4
GRID2IP_3,0.011221479828659623,DFI,4
GLIPR1_3,0.011234165231915802,DFI,4
RPTN_3,0.011273969728808791,DFI,4
GIMAP2_3,0.011317370088071857,DFI,4
BTG2_3,0.011574296705749278,DFI,4
SLC46A3_3,0.011624628743567157,DFI,4
FGF23_3,0.011650696510847183,DFI,4
CARD11_3,0.01167689188524295,DFI,4
TENT5A_3,0.011683626121801634,DFI,4
ESCO2_3,0.011754846746544586,DFI,4
CSPG5_3,0.011859170112721154,DFI,4
WFDC1_3,0.011970814916626937,DFI,4
EFCC1_3,0.01197140653587293,DFI,4
CCR1_3,0.011974880797461243,DFI,4
NEURL3_3,0.01197527457403301,DFI,4
GIMAP6_3,0.011983082732370696,DFI,4
CIT_3,0.01200346129022227,DFI,4
PTPN22_3,0.01209115860772302,DFI,4
ECM1_3,0.012096982702446597,DFI,4
TRIM14_3,0.012124335739456813,DFI,4
APOL5_3,0.012163553782288474,DFI,4
MATK_3,0.012176665034103857,DFI,4
DLA-DRA_3,0.012197987003408914,DFI,4
TSPAN15_3,0.012216332687778475,DFI,4
CSMD3_3,0.012240665196184221,DFI,4
ST14_3,0.01225322497775614,DFI,4
TCIM_3,0.012281507053963877,DFI,4
NEURL1B_3,0.01228659830755149,DFI,4
IFI44L_3,0.012293926700873294,DFI,4
SIGLEC11_3,0.012398910511559943,DFI,4
ADAM28_3,0.01242854869318477,DFI,4
ANO2_3,0.012508031322586195,DFI,4
N4BP2L1_3,0.012508202985939491,DFI,4
MCTP1_3,0.012520697898630116,DFI,4
KLHL6_3,0.012527440040037488,DFI,4
LOC102157078_3,0.012540307765826774,DFI,4
DOK2_3,0.01263350057080413,DFI,4
COL4A5_3,0.012638682157244712,DFI,4
MAL_3,0.012760213512126948,DFI,4
LOC102155146_3,0.012795779354341294,DFI,4
GLDN_3,0.01282005617104599,DFI,4
CKAP4_3,0.012861954670095188,DFI,4
IGSF6_3,0.012936403571914643,DFI,4
LOC484897_3,0.01304273760462109,DFI,4
L1CAM_3,0.01308019691081114,DFI,4
LOC111095048_3,0.01315959387251148,DFI,4
ASNS_3,0.013345268610937013,DFI,4
LOC119877400,0.013363004703140561,DFI,4
LOC480552_3,0.013406847390574017,DFI,4
PARP14_3,0.013417050656129283,DFI,4
LOC111094227_3,0.013437788678150129,DFI,4
PDE7B_3,0.013519602365925382,DFI,4
C1H19orf33_3,0.013579069796651862,DFI,4
CTH_3,0.013596963045651986,DFI,4
IL15RA_3,0.013606258574461634,DFI,4
DOCK5_3,0.013637512641691088,DFI,4
ZWINT_3,0.013672988584152548,DFI,4
GAREM2_3,0.013676560631714801,DFI,4
HAAO_3,0.013699869998021173,DFI,4
WAS_3,0.013771520962170691,DFI,4
EXO1_3,0.013791400172561915,DFI,4
MBP_3,0.01386937799716524,DFI,4
PIMREG_3,0.013886543317281393,DFI,4
TLR8_3,0.013910481987794397,DFI,4
SLC46A2_3,0.013928683545181716,DFI,4
CENPP_3,0.01393524893711065,DFI,4
MS4A7_3,0.01402795873774875,DFI,4
SLC7A5_3,0.014098631380824475,DFI,4
LOC607470_1,0.014106016909575086,DFI,4
LOC102156370_3,0.014186305544780337,DFI,4
LOC119864445_3,0.014229640478271157,DFI,4
FANCI_3,0.014305797927329006,DFI,4
FUT4_3,0.014310503165597066,DFI,4
PRSS22_3,0.014420816027499958,DFI,4
FKBP11_3,0.01443079939543637,DFI,4
BACH2_3,0.01445752418888106,DFI,4
SASH3_3,0.014535292604522977,DFI,4
CPE_3,0.014546463955707046,DFI,4
DHCR7_3,0.014622465453368982,DFI,4
KCNJ16_3,0.014688088580866714,DFI,4
SERPINB9_3,0.014736484545157325,DFI,4
PDLIM5_3,0.0147729458656936,DFI,4
VCAM1_3,0.014796478523665033,DFI,4
LOC119875975_2,0.014868697485342496,DFI,4
FOXP1_3,0.014914070812987444,DFI,4
FLRT3_3,0.014923656112190146,DFI,4
SLAMF7_3,0.014953902985783836,DFI,4
LOC102151830_3,0.01506656864258361,DFI,4
CRACDL_3,0.015142316376926604,DFI,4
PPM1L_3,0.015168191887896684,DFI,4
SLC9A2_3,0.015201274123257632,DFI,4
BEX3_3,0.015349057525263434,DFI,4
CABCOCO1_3,0.015400466501233223,DFI,4
LOC102155122_3,0.015404281351683152,DFI,4
LOC119869021_2,0.015431776711968052,DFI,4
SNED1_3,0.015453859412834961,DFI,4
ANGPT2_3,0.015543420583519369,DFI,4
STXBP2_3,0.01570452595412719,DFI,4
CD74_3,0.015705723168460563,DFI,4
COX4I2_3,0.01575879351450479,DFI,4
CHRM2_3,0.015794861128923556,DFI,4
PLEKHM1_3,0.015822017763711577,DFI,4
CDA_3,0.015866642453257026,DFI,4
NRARP_3,0.015942419939633645,DFI,4
PMEPA1_3,0.016123671955284767,DFI,4
HCLS1_3,0.01621088631937365,DFI,4
MOXD1_3,0.01628794958296562,DFI,4
MATN4_3,0.016304358379627397,DFI,4
TSTD1_3,0.016323966077994554,DFI,4
CYSLTR1_3,0.01636246221064883,DFI,4
IGF2BP1_3,0.01636464321226849,DFI,4
SYCE2_3,0.0163909814275496,DFI,4
CLIC3_3,0.016480237922748536,DFI,4
PTGFR_3,0.016532390901652323,DFI,4
LOC102154658_3,0.016607109419924205,DFI,4
FAM131C_3,0.01673075313477414,DFI,4
ADAMTS2_3,0.01680800800023097,DFI,4
MRPS10_3,0.016883757807382754,DFI,4
ISYNA1_3,0.016957725224646582,DFI,4
ANTXR1_3,0.01695877111736504,DFI,4
SIRPB2_3,0.01700266816308111,DFI,4
EPDR1_3,0.017118553338670156,DFI,4
LOC102151699_3,0.01714685657902932,DFI,4
SCEL_3,0.017157192485027582,DFI,4
C37H2orf88_3,0.0171735114569404,DFI,4
SPHKAP_3,0.017178884055058317,DFI,4
LOC111097903_3,0.017205831300333183,DFI,4
MED20_3,0.017211462949087573,DFI,4
VASH2_3,0.017243622242788484,DFI,4
LOC111096211_3,0.01726485892211173,DFI,4
MED12L_3,0.017368319897276923,DFI,4
PACSIN3_3,0.017398236013574576,DFI,4
DCK_3,0.01744369923926133,DFI,4
SOAT2_3,0.017461217165115298,DFI,4
SLC6A9_3,0.017488992861899467,DFI,4
LOC119876110,0.01752035506267657,DFI,4
GAMT_3,0.01752187431791924,DFI,4
PON2_3,0.017532345672657695,DFI,4
IGF2BP3_3,0.017548873881145708,DFI,4
DCSTAMP_3,0.017585787271465574,DFI,4
DLA-DOA_3,0.01771893375807145,DFI,4
MAOA_3,0.017722104894697416,DFI,4
COL4A6_3,0.01780686264016939,DFI,4
NINJ2_3,0.017879539508546243,DFI,4
SPSB1_3,0.01790717840087283,DFI,4
CRLF2_3,0.017919049830386478,DFI,4
FRRS1_3,0.017942644327554557,DFI,4
EPHB2_3,0.018003364010752917,DFI,4
EMP1_3,0.01800712852188816,DFI,4
RBM20_3,0.01806957610705281,DFI,4
MRAP2_3,0.01817262360513066,DFI,4
PTPRZ1_3,0.018185326440247816,DFI,4
LOC111092051_3,0.01819464721887859,DFI,4
POLH_3,0.01830628052756443,DFI,4
MEGF6_3,0.018368361242455264,DFI,4
LOC119867047_3,0.018404957562003107,DFI,4
KLKB1_3,0.01842751925859621,DFI,4
NTRK3_3,0.018505472618972812,DFI,4
NAA11_3,0.01853871779442002,DFI,4
HAVCR1_3,0.01856714411601197,DFI,4
LAT2_3,0.01857194191177211,DFI,4
RCN1_3,0.018604416814514007,DFI,4
ENPEP_3,0.018610303267125525,DFI,4
IL18_3,0.018834395830439155,DFI,4
DLL4_3,0.018864177432665864,DFI,4
SLC13A2_3,0.018887913784793146,DFI,4
LIPC_3,0.018955988809549573,DFI,4
CSTB_3,0.01900514755776367,DFI,4
GPR68_3,0.019012938618979208,DFI,4
LOC484309_3,0.01906385698078305,DFI,4
PTGES_3,0.019075732940443877,DFI,4
NRGN_3,0.019119492493586295,DFI,4
ASAP3_3,0.019164377990918226,DFI,4
TNFAIP3_3,0.019169064176983327,DFI,4
KLHL9_3,0.019233315466312788,DFI,4
CPXM2_3,0.01924861621271958,DFI,4
SMIM22_3,0.0192565208122638,DFI,4
HERC5_3,0.019379758780720745,DFI,4
C2_3,0.019413899413247497,DFI,4
PLXDC2_3,0.0195156963707639,DFI,4
THEMIS2_3,0.019530367090624376,DFI,4
NLRP3_3,0.019547314884860965,DFI,4
BBOX1_3,0.019600815402735432,DFI,4
ARHGAP30_3,0.019633477892724193,DFI,4
CLMP_3,0.019667704398753233,DFI,4
SYNGR1_3,0.01967588393595642,DFI,4
LTBP2_3,0.019677203973066944,DFI,4
PAWR_3,0.019708460582168425,DFI,4
AARS2_3,0.01973333140201541,DFI,4
PSMB8_3,0.01973587501089677,DFI,4
LOC102155568_3,0.01986093666436179,DFI,4
TBC1D10C_3,0.019884266845388868,DFI,4
LOC100684769_3,0.02001916140632723,DFI,4
CD59_3,0.020161390320241324,DFI,4
PRELP_3,0.020181488223840017,DFI,4
LOC606863_3,0.02023532850721154,DFI,4
LMCD1_3,0.02029092877149463,DFI,4
KAZALD1_3,0.02039502788381652,DFI,4
KCNH5_3,0.020462405277103284,DFI,4
LOC111096774_3,0.020463767801672365,DFI,4
BIN2_3,0.02048869425268654,DFI,4
STAC_3,0.02050019975500341,DFI,4
TRIM22_3,0.020589744408855973,DFI,4
CST7_3,0.020598058370864404,DFI,4
PRC1_3,0.02060405409365369,DFI,4
DLA-DMB_3,0.020751145602861402,DFI,4
CRABP2_3,0.020801088599757146,DFI,4
TASL_3,0.020823950950152978,DFI,4
AVPR1A_3,0.02091514246516324,DFI,4
KIT_3,0.02100372910792937,DFI,4
CMKLR1_3,0.021046054148074513,DFI,4
NCALD_3,0.02110993457540898,DFI,4
ATP6V0A4_3,0.021120575317236927,DFI,4
NOX4_3,0.02114894892730618,DFI,4
FCER1G_2,0.021149568270807585,DFI,4
CCDC18_3,0.021150266014370565,DFI,4
BMP7_3,0.021244787721359234,DFI,4
LOC487176_3,0.02128096267474667,DFI,4
NECTIN1_3,0.02128282105125877,DFI,4
MYO7A_3,0.021327647369376795,DFI,4
GPR65_3,0.021363986497982844,DFI,4
FST_3,0.021464761804335358,DFI,4
FLVCR2_3,0.02151455350521475,DFI,4
JUNB_3,0.021529751288256637,DFI,4
BCAT1_3,0.02168842890799305,DFI,4
IFI44_3,0.02172639300676707,DFI,4
HUNK_3,0.02173060449493621,DFI,4
SPNS2_3,0.021821247142733483,DFI,4
PDZK1IP1_3,0.021884441964232764,DFI,4
LAMB2_3,0.021916400795155583,DFI,4
CTSZ_3,0.021931934234055078,DFI,4
CDS1_3,0.021971339888142448,DFI,4
RNF213_3,0.0220024524711547,DFI,4
ZBP1_3,0.022045745819190974,DFI,4
LOC100686484_3,0.02205808220522458,DFI,4
C9H17orf99_3,0.0221110289257687,DFI,4
DPF1_3,0.02212089422254792,DFI,4
LOC608379_3,0.022141332392829557,DFI,4
LOC484343_3,0.02222272349940217,DFI,4
RTP4_3,0.022244737746417817,DFI,4
LOC488947_3,0.022352726453625647,DFI,4
PWWP2B_3,0.02238984358696622,DFI,4
CREB3L1_3,0.022390692441085783,DFI,4
TBXAS1_3,0.0223959541681765,DFI,4
SDSL_3,0.022506630603474128,DFI,4
GNAI1_3,0.022512258671975042,DFI,4
PLXNA2_3,0.02261873402492873,DFI,4
RAD54L_3,0.02279638255339218,DFI,4
APELA_3,0.022891529303510415,DFI,4
SLC25A48_3,0.022898489414528305,DFI,4
LOC102153619_3,0.022914607041632826,DFI,4
LOC119878487,0.023096731668814843,DFI,4
LOC102157159_3,0.023111023302463767,DFI,4
ZNF804B_3,0.023117634039378273,DFI,4
HLA-DRB1_3,0.02325394729926952,DFI,4
APBB1IP_3,0.02336751311541189,DFI,4
VWF_3,0.023372465953950296,DFI,4
SAMSN1_3,0.023492835963944365,DFI,4
ADORA1_3,0.02349727095986817,DFI,4
STRADB_3,0.023525465320037662,DFI,4
KLHDC3_3,0.02360471024965759,DFI,4
CDK18_3,0.02368568167249485,DFI,4
NID2_3,0.023701696954672894,DFI,4
PDE10A_3,0.023741459746251036,DFI,4
IL17RB_3,0.023742110057222727,DFI,4
CSTF2T_3,0.023757764090993845,DFI,4
HILPDA_3,0.02382824424135495,DFI,4
MKI67_3,0.024002874177408953,DFI,4
KCNQ1_3,0.024041138328391536,DFI,4
PPL_3,0.02408631864673385,DFI,4
AEBP1_3,0.024124083124377388,DFI,4
TRAPPC3L_3,0.02414179988200552,DFI,4
ADRA1B_3,0.02422511692351982,DFI,4
ATP6V1B2_3,0.024282047379775157,DFI,4
LOC119867957_3,0.02428632802440057,DFI,4
LOC102153193_2,0.02440693180916797,DFI,4
C12H6orf132_3,0.02441718939847252,DFI,4
FRMD4B_3,0.02443989170318752,DFI,4
SIGLEC15_3,0.024554358760762663,DFI,4
CD53_3,0.024769966822702334,DFI,4
DLA-79_3,0.024802471024202143,DFI,4
LUM_3,0.02492832570201805,DFI,4
FGR_3,0.024945746071050483,DFI,4
DOCK8_3,0.025116752346550694,DFI,4
OCIAD2_3,0.02513159926570822,DFI,4
LOC119878257,0.02514753692988311,DFI,4
GLI1_3,0.025174143160623226,DFI,4
LOC119878872,0.02520502927235258,DFI,4
STRA6_3,0.025216401472210853,DFI,4
LOC111092148_2,0.025219991876529232,DFI,4
EXPH5_3,0.025266510758693846,DFI,4
TFPI2_3,0.025276903108038266,DFI,4
PEG10_3,0.025278456620854796,DFI,4
E2F2_3,0.025294325451013993,DFI,4
LOC608051_3,0.025351915823603875,DFI,4
PLAAT4_3,0.025355783535260353,DFI,4
JDP2_3,0.025375455619793732,DFI,4
IL1RN_3,0.025378135883642405,DFI,4
LTBP3_3,0.025405395665515373,DFI,4
SEMA3A_3,0.025501057045327142,DFI,4
LOC102152872_3,0.025553381126434464,DFI,4
LMNB1_3,0.025577432694755417,DFI,4
GPLD1_3,0.025729154619203713,DFI,4
LOC119867172_3,0.025758993971492398,DFI,4
PLEKHG1_3,0.02576786543237857,DFI,4
ZNF229_3,0.025801123595364562,DFI,4
RASSF2_3,0.025850921411864104,DFI,4
PAMR1_3,0.02596671185182349,DFI,4
PXDNL_3,0.026041142408110382,DFI,4
CA11_3,0.026086566894477203,DFI,4
INPP4B_3,0.02613073822646262,DFI,4
UNC13D_3,0.02616787164695879,DFI,4
LOC611446_3,0.026262484643066214,DFI,4
ABCA3_3,0.026348437427143174,DFI,4
NAV3_3,0.0263820927888505,DFI,4
NXN_3,0.026430578872394517,DFI,4
OCLN_3,0.026545107988554834,DFI,4
MS4A13_3,0.026555231965424978,DFI,4
ELOVL2_3,0.026621855668779705,DFI,4
NT5E_3,0.02664949796869463,DFI,4
CHMP4C_3,0.02672262269447317,DFI,4
LOC119871961_3,0.026725763302998407,DFI,4
LOC102151812_3,0.026776330763642865,DFI,4
AKNA_3,0.026776784253709947,DFI,4
GAL3ST4_3,0.026783412106374856,DFI,4
PLPP2_3,0.026899009096751872,DFI,4
BMP5_3,0.026978722344001237,DFI,4
LOC100856382_3,0.027053857032271655,DFI,4
LRRC25_3,0.027203091038518097,DFI,4
CNTNAP5_3,0.02728947243790623,DFI,4
NES_3,0.027376354759072262,DFI,4
FGF11_3,0.027396236555093125,DFI,4
PPM1J_3,0.027429681310306833,DFI,4
FYB1_3,0.027536368294443746,DFI,4
NGFR_3,0.027676604267629624,DFI,4
SLC4A4_3,0.027876288889917538,DFI,4
L3MBTL4_3,0.02790533695864432,DFI,4
PLIN1_3,0.02797277508954442,DFI,4
IKZF1_3,0.027987604338904758,DFI,4
LOC489082_2,0.028054939371619608,DFI,4
APOE_3,0.02807170549560047,DFI,4
HYOU1_3,0.028084750460002507,DFI,4
STMN3_3,0.028094534426984258,DFI,4
SYT9_3,0.028231977623087594,DFI,4
DACH1_3,0.028396704866025486,DFI,4
DUSP10_3,0.0284559897353751,DFI,4
LIMS2_3,0.028482784598814075,DFI,4
SLCO2B1_3,0.02858508525803199,DFI,4
FMNL1_3,0.028589693649727927,DFI,4
SBSPON_3,0.028681579206500232,DFI,4
LOC611835_3,0.028737531071313167,DFI,4
CYP4V2_3,2.2437011447801222e-05,DFI,5
CBX7_3,5.502187996228894e-05,DFI,5
LOC111097086_3,7.586493928573857e-05,DFI,5
SUGCT_3,9.49667244947408e-05,DFI,5
MEX3A_3,9.90359003056004e-05,DFI,5
TRIP13_3,0.00010057154579900977,DFI,5
LDLRAD4_3,0.00011162276432022084,DFI,5
CA14_3,0.00013331745948367565,DFI,5
RCOR2_3,0.00013534984790361147,DFI,5
DNA2_3,0.00014637678361432467,DFI,5
TSPAN33_3,0.00014915673267853607,DFI,5
APOBEC3Z3_4,0.00017028209783941185,DFI,5
GPR34_3,0.00017119621566847928,DFI,5
CENPV_3,0.00017708577712467695,DFI,5
LOC100855995_3,0.00019101386037795998,DFI,5
PTTG1_3,0.00019153418005771812,DFI,5
ANKRD29_3,0.00019828540753449647,DFI,5
SKA3_3,0.00022761583362278462,DFI,5
PRRT4_3,0.00024218472401459808,DFI,5
SYCE2_3,0.0002540988163990971,DFI,5
DSCC1_3,0.0002730440329491193,DFI,5
POLE2_3,0.0002940086796979101,DFI,5
ZMAT1_3,0.0003010283220982227,DFI,5
SPC24_3,0.0003114648420950359,DFI,5
FMO5_3,0.0003268661024447518,DFI,5
MCM10_3,0.000350451114880538,DFI,5
SULT1C4_3,0.0003558934769113744,DFI,5
DYNLT3_3,0.00038783874048384264,DFI,5
RBMS3_3,0.00040550978413766547,DFI,5
TLR3_3,0.0004141322881379476,DFI,5
MCM4_3,0.0004176464484626597,DFI,5
ACSS3_3,0.0004267930392584928,DFI,5
CALHM2_3,0.0004295033083611958,DFI,5
ALOX5_3,0.0004301746281658394,DFI,5
TTC39B_3,0.0004361791353204427,DFI,5
SMO_3,0.0004530400432896155,DFI,5
HSD17B11_3,0.0004621852444304717,DFI,5
CDT1_3,0.00047064817655415427,DFI,5
SQOR_3,0.0004785540243707445,DFI,5
LOC477699_3,0.0004786583538128382,DFI,5
ATAD1_3,0.00048698635608199355,DFI,5
LOC102154334_3,0.000490563863803575,DFI,5
SH3D19_3,0.0004940638868391159,DFI,5
FN1_3,0.0004955748159345076,DFI,5
CD8B_3,0.0004983797914845565,DFI,5
MPIG6B_3,0.0005146399536911014,DFI,5
SCRN2_3,0.0005322236713536833,DFI,5
ECT2_3,0.0005665272233191012,DFI,5
CENPW_3,0.0006072922816987963,DFI,5
LOC476816_3,0.0006212096340553334,DFI,5
NIBAN1_3,0.000625717473250348,DFI,5
UBE2S_3,0.0006507564305397959,DFI,5
MCM5_3,0.0006731205702671089,DFI,5
UHRF1_3,0.0006798641664246808,DFI,5
CDCA8_3,0.0006854824144185024,DFI,5
E2F1_3,0.0007062870710351448,DFI,5
WNT5B_3,0.0007147374523068129,DFI,5
LOC106559497_3,0.0007212170095449389,DFI,5
FANCD2_3,0.0007889448834782459,DFI,5
PTPRZ1_3,0.0008015832975991296,DFI,5
CA5B_3,0.000813412639278833,DFI,5
CDCA5_3,0.0008232071503928855,DFI,5
EVI2B_3,0.0008813058580978036,DFI,5
EGR1_3,0.0009691495968682664,DFI,5
DLGAP5_3,0.0009820602772257622,DFI,5
LOC119877181,0.000988336820216044,DFI,5
DNPH1_3,0.0010187509916007,DFI,5
FANCA_3,0.0010204626732088404,DFI,5
MCM2_3,0.0010277722669270108,DFI,5
TBC1D9_3,0.0010347309409743256,DFI,5
LOC612325_3,0.0010353527716415096,DFI,5
CDH10_3,0.0010410078518567133,DFI,5
LURAP1L_3,0.0010426816420411314,DFI,5
ADGRF1_3,0.0010436696959889474,DFI,5
CHPT1_3,0.001044073336056596,DFI,5
LOC119875957_1,0.0010683787419239886,DFI,5
PLCXD2_3,0.0010709349998249886,DFI,5
ENPP5_3,0.0010710431303169803,DFI,5
GSAP_3,0.0010740653252685438,DFI,5
MOSPD2_3,0.0010747993279294785,DFI,5
MAB21L2_3,0.0011168256033323902,DFI,5
CA11_3,0.001127080852345371,DFI,5
MEST_3,0.0011296600462109767,DFI,5
MYBL2_3,0.0011353189467666073,DFI,5
SAMD9L_3,0.0011586909577183948,DFI,5
NR2F1_3,0.0011748065893424531,DFI,5
SHCBP1_3,0.0011754103736201127,DFI,5
FANCM_3,0.0012066900266670727,DFI,5
ANGPT2_3,0.0012224206159765292,DFI,5
LOC119868838_2,0.0012645717536081467,DFI,5
STMN1_3,0.001288197863535603,DFI,5
RECQL4_3,0.001301071746805369,DFI,5
TMEM59L_3,0.001315033482864922,DFI,5
CARD6_3,0.0013366650027834418,DFI,5
KCNMB4_3,0.001395651603989423,DFI,5
E2F8_3,0.001447879246134746,DFI,5
GTSE1_3,0.001452215186012973,DFI,5
STUM_3,0.0014648296199263216,DFI,5
CCNB3_3,0.0014700674374958644,DFI,5
BLNK_3,0.0015079541494988468,DFI,5
CD200_3,0.001511166467070269,DFI,5
DMRTA1_3,0.0015196171837738703,DFI,5
GPSM3_3,0.0015684021866500376,DFI,5
SELENOP_3,0.0015736118920942287,DFI,5
POLE_3,0.0015773370773341838,DFI,5
C1QTNF1_3,0.001580324328352225,DFI,5
LOC119876408,0.0016268886169064941,DFI,5
MINPP1_3,0.0016583614203167815,DFI,5
LOC119874749_2,0.0016695032098255741,DFI,5
IFIT3_3,0.00167352675409357,DFI,5
SCML2_3,0.0017157513750492208,DFI,5
CSRP1_3,0.0017191881436754524,DFI,5
IL34_3,0.0017339866393216777,DFI,5
DLG2_3,0.0017829335187426033,DFI,5
BATF2_3,0.0018119252597747115,DFI,5
SERF1A_3,0.0018260749982035233,DFI,5
ADORA2B_3,0.001833789784367214,DFI,5
PIK3IP1_3,0.0018523031695028358,DFI,5
TMCC3_3,0.0018550395535222644,DFI,5
ITGBL1_3,0.0018577966431506299,DFI,5
PTEN_3,0.0018624076674070543,DFI,5
ORC6_3,0.0018889658771958486,DFI,5
HACD4_3,0.0019101342504424582,DFI,5
PAPSS2_3,0.0019795373879755787,DFI,5
LOC610632_3,0.002029974022416725,DFI,5
LOC119879410,0.0020368784997585733,DFI,5
KLHL9_3,0.0020592650759223307,DFI,5
KCTD12_3,0.0020600670220011982,DFI,5
ADAMTS4_3,0.0020857297690488365,DFI,5
LOC119879073,0.0021967236935103046,DFI,5
HSP70_3,0.0022127188668036057,DFI,5
AURKA_3,0.0022294128411518475,DFI,5
MIS18A_3,0.002236778822993851,DFI,5
PRKAR2B_3,0.002238399418607631,DFI,5
TNFAIP8L2_3,0.0022495310808864364,DFI,5
H2AX_3,0.002287691437542986,DFI,5
ORC1_3,0.002298877305707737,DFI,5
SLC6A11_3,0.0023954441607090663,DFI,5
LHX2_3,0.002395872625837575,DFI,5
IFIT2_3,0.002408415323292123,DFI,5
KIAA0040_3,0.0024132597110668595,DFI,5
PLBD1_3,0.0024297243117935526,DFI,5
TAPBPL_3,0.0024345377924309634,DFI,5
EPAS1_3,0.0024460828371936846,DFI,5
DMTN_3,0.002456042931928271,DFI,5
LOC487476_3,0.0024592919286153306,DFI,5
ABCC3_3,0.0025063892205676626,DFI,5
TMEM178A_3,0.0025290879663980967,DFI,5
ADGRG6_3,0.002542128450871061,DFI,5
ADAM19_3,0.0025804278242936357,DFI,5
RGS18_3,0.00258143008045646,DFI,5
PAPPA_3,0.0025918193126733802,DFI,5
CSF1R_3,0.0026520702271851243,DFI,5
NCAPG_3,0.002692284774343704,DFI,5
GPRIN1_3,0.002708090108415401,DFI,5
NSMCE2_3,0.0027659162708353574,DFI,5
TLR7_3,0.0028052165294672033,DFI,5
BUB1_3,0.002823441293733965,DFI,5
TDRD7_3,0.002835282240445655,DFI,5
LOC119866898_3,0.002840973340950911,DFI,5
UBE2C_3,0.0028571444518540306,DFI,5
ST8SIA5_3,0.0028730088774448267,DFI,5
PBK_3,0.002929980705331697,DFI,5
DEPDC1_3,0.0029820254703558768,DFI,5
GPR183_3,0.003063594473560359,DFI,5
PLK4_3,0.003083762770428896,DFI,5
LOC119876044,0.0030848214896273362,DFI,5
DLEC1_3,0.0031431287675816886,DFI,5
HHIP_3,0.003161656646663765,DFI,5
CDCA2_3,0.0031785991940693693,DFI,5
SGMS1_3,0.003215173851857987,DFI,5
LOC111090004_3,0.0032789890189311955,DFI,5
CLTCL1_3,0.0033217333020931377,DFI,5
KIF15_3,0.003373546792002759,DFI,5
H2AC6_3,0.0034210709078864587,DFI,5
LAMA3_3,0.0034364806290017825,DFI,5
PIANP_3,0.003441024440020505,DFI,5
STX3_3,0.0034783974546199925,DFI,5
CDC20_3,0.003488408505138948,DFI,5
GINS4_3,0.003495836939680791,DFI,5
MCF2L_3,0.003497429265006564,DFI,5
B2M_3,0.00355255700933744,DFI,5
LOC119877532,0.0035530229358577098,DFI,5
RNASEL_3,0.003592126349885544,DFI,5
RFC4_3,0.0036927201685876035,DFI,5
KIF22_3,0.003738827835786534,DFI,5
CCNA2_3,0.0037856902714085414,DFI,5
C1S_3,0.0037889473475650384,DFI,5
E2F7_3,0.003805716637812551,DFI,5
GLIPR2_3,0.0038306602666473835,DFI,5
HSD11B1_3,0.0038395271205269275,DFI,5
ELOVL4_3,0.0038429906310163114,DFI,5
SUSD1_3,0.003974194720726648,DFI,5
KIF4A_3,0.003979892598062905,DFI,5
FAM107A_3,0.0039803840323780855,DFI,5
SLC5A6_3,0.004038839735524776,DFI,5
NMRAL1_3,0.004045454505624373,DFI,5
CHST2_3,0.004073120952036415,DFI,5
ACOD1_3,0.004130793922698476,DFI,5
OLFML1_3,0.004146286840958545,DFI,5
LOC119877688,0.004158439183272089,DFI,5
DSN1_3,0.0042162649332436655,DFI,5
CFLAR_3,0.00423583494430096,DFI,5
CENPT_3,0.004262711084467473,DFI,5
TRANK1_3,0.004268106074117544,DFI,5
CABCOCO1_3,0.004270445457910073,DFI,5
CTSH_3,0.0043133389062976505,DFI,5
SERPING1_3,0.004475444471704785,DFI,5
ANXA3_3,0.00453804897361683,DFI,5
LOC106557828_3,0.004544857569909726,DFI,5
PARP15_3,0.0045913697700817775,DFI,5
FAM83D_3,0.004631530701235663,DFI,5
UBE2T_3,0.0046937291202337784,DFI,5
FAXDC2_3,0.004833270437517568,DFI,5
TAGAP_3,0.0048482669847713525,DFI,5
RBM44_3,0.0048724719590839995,DFI,5
EVI2A_3,0.004968834075541626,DFI,5
CLSPN_3,0.005020720062309765,DFI,5
ST8SIA6_3,0.005035722909409529,DFI,5
LOC102153143_2,0.00503606496129834,DFI,5
PSAT1_3,0.005067759620714816,DFI,5
EPHA2_3,0.005090341263714881,DFI,5
TMEM117_3,0.005153734131471371,DFI,5
DNAJB1_3,0.005155273789320625,DFI,5
PYCARD_3,0.005204668783402771,DFI,5
DENND1C_3,0.005207864969316137,DFI,5
GPRC5C_3,0.005210932056062316,DFI,5
FGL2_3,0.005216319659132528,DFI,5
STON1_3,0.005223977725887843,DFI,5
SCTR_3,0.005230276254117171,DFI,5
CENPI_3,0.005271019367294248,DFI,5
DRD1_3,0.005344657291992434,DFI,5
STC1_3,0.005367003334983677,DFI,5
IFI44L_3,0.005455473621958907,DFI,5
POLQ_3,0.005539404471240921,DFI,5
TOP2A_3,0.005545812866568012,DFI,5
XG_3,0.00560799139266891,DFI,5
TONSL_3,0.00568562132542433,DFI,5
SRM_3,0.005689759627703897,DFI,5
ASAH1_3,0.005737123569176572,DFI,5
JCHAIN_3,0.005809855485060472,DFI,5
LOC488622_3,0.0058166429655844365,DFI,5
NAP1L3_3,0.005865692328048779,DFI,5
TMEM123_3,0.005928664408088826,DFI,5
LOC119869021_2,0.00597542563164703,DFI,5
CYS1_3,0.005990081419862682,DFI,5
BIRC5_3,0.0059923766707187616,DFI,5
SPDL1_3,0.00604704365703903,DFI,5
DHX58_3,0.006124128626769093,DFI,5
P2RX7_3,0.006158021347722877,DFI,5
CRLF1_3,0.006169745304800956,DFI,5
PRDM1_3,0.00617135597398943,DFI,5
REXO5_3,0.006194579929980333,DFI,5
HELLS_3,0.006198903215928397,DFI,5
TMEM86A_3,0.006225247519385578,DFI,5
SFRP4_3,0.0062688770465025336,DFI,5
TROAP_3,0.006270840615249417,DFI,5
RRM2_3,0.006271239791925996,DFI,5
SIVA1_3,0.006290144358431417,DFI,5
FGF23_3,0.006316278126011053,DFI,5
FAM180A_3,0.006349348482514194,DFI,5
TK1_3,0.006389712217575268,DFI,5
ABCB1_3,0.006441971495479287,DFI,5
SOCS2_3,0.006531499035184469,DFI,5
ADRA1B_3,0.006574624776689741,DFI,5
CARD9_3,0.006636944542512689,DFI,5
SERTM1_3,0.006638733136647003,DFI,5
GNAI1_3,0.006643379622988353,DFI,5
LAG3_3,0.006655908890821797,DFI,5
SPN_3,0.006685079957899427,DFI,5
IFI30_3,0.00670656827382353,DFI,5
MCAM_3,0.006755056517906547,DFI,5
LOC111091730_3,0.006774740278487419,DFI,5
IFI35_3,0.006781426810382987,DFI,5
KLHL38_3,0.006863145960602791,DFI,5
CENPK_3,0.006874961779382458,DFI,5
SPHKAP_3,0.006875530143902532,DFI,5
GMFG_3,0.006881722567379229,DFI,5
ARL4D_3,0.006888349984512214,DFI,5
AMOTL2_3,0.006921443026448713,DFI,5
LOC106559420_3,0.006938587840533064,DFI,5
TYMS_3,0.006938761716403187,DFI,5
LMO2_3,0.006986040191078889,DFI,5
RUNDC3B_3,0.00703897456563238,DFI,5
GPR156_3,0.007073319138586902,DFI,5
ARRB1_3,0.007136137928146099,DFI,5
TSTD1_3,0.007209818015650405,DFI,5
LOC106559768_3,0.007296116656819139,DFI,5
ST6GALNAC3_3,0.007407637922507343,DFI,5
KIF18B_3,0.007422762393782077,DFI,5
VWA5A_3,0.00742550455476929,DFI,5
PDE7B_3,0.007442515431239525,DFI,5
ATAD2_3,0.0074472318467262225,DFI,5
SERPINB9_3,0.007453526626388658,DFI,5
IFI44_3,0.00746864664979109,DFI,5
RAI2_3,0.007489284676113389,DFI,5
IGFBP3_3,0.007552724235269983,DFI,5
HSPH1_3,0.007568545607331448,DFI,5
SELPLG_3,0.007656166420999206,DFI,5
TNFRSF14_3,0.007666630231426812,DFI,5
PARP9_3,0.0076730097076271,DFI,5
LOC119878234,0.007697534223202201,DFI,5
ZNF608_3,0.007708301983625379,DFI,5
TMEM140_3,0.007744939861675092,DFI,5
ANKH_3,0.007817308627299648,DFI,5
LOC119877159,0.007843850803518787,DFI,5
HSD3B7_3,0.00785261198065913,DFI,5
MCTP1_3,0.007861677741123419,DFI,5
BBOX1_3,0.007874885317415458,DFI,5
LOC102153396_3,0.00790308526326343,DFI,5
TAF9B_3,0.007948548277938543,DFI,5
CDC6_3,0.008031533891732874,DFI,5
KLKB1_3,0.008138443468831219,DFI,5
LPAR1_3,0.008185633869861715,DFI,5
PARP12_3,0.008216143107836773,DFI,5
CYBRD1_3,0.00829573937635894,DFI,5
TIMD4_3,0.008379532430879433,DFI,5
PLIN1_3,0.008468875023596579,DFI,5
TRIM13_3,0.00848457713299911,DFI,5
TRIM14_3,0.008533590167986074,DFI,5
LGR4_3,0.008633785329441254,DFI,5
PTK2B_3,0.008785636221510318,DFI,5
P3H2_3,0.008827303240682914,DFI,5
C1R_3,0.008918496554931085,DFI,5
NETO1_3,0.009010714706312841,DFI,5
GLT1D1_3,0.00902401993094276,DFI,5
LOC102152083_3,0.009031024628241327,DFI,5
MCM3_3,0.009033908038259356,DFI,5
CLMP_3,0.009035478838171192,DFI,5
ANKLE1_3,0.009047691600530386,DFI,5
TNFSF11_3,0.009049204915070308,DFI,5
GLDN_3,0.009227980020640436,DFI,5
RAB38_3,0.009256650987511968,DFI,5
RETSAT_3,0.009290438820540993,DFI,5
CDCA7_3,0.009380157461873864,DFI,5
PTPN6_3,0.009392954387417708,DFI,5
FCMR_3,0.009433807315428172,DFI,5
SPAG5_3,0.009488441382172665,DFI,5
FRRS1_3,0.009499845929283638,DFI,5
NCAPH_3,0.009566584987787825,DFI,5
OSR2_3,0.009574299617871117,DFI,5
MAD2L1_3,0.00958042093055637,DFI,5
KIF23_3,0.009590564218838598,DFI,5
MTFR2_3,0.009648985482102601,DFI,5
RNF213_3,0.00965689332403506,DFI,5
UBA7_3,0.009715810524758286,DFI,5
SLC16A1_3,0.009897382522234944,DFI,5
MOCOS_3,0.009905230147740906,DFI,5
H2BC4_3,0.009906526501392569,DFI,5
CTH_3,0.009990744877583384,DFI,5
SPC25_3,0.010133473216549432,DFI,5
CSRP2_3,0.010168984739406247,DFI,5
SNX10_3,0.01025351963294637,DFI,5
CXCL14_3,0.010256812472547816,DFI,5
CLSTN3_3,0.010338131413800272,DFI,5
RAB30_3,0.010344110416462625,DFI,5
JAML_3,0.010370802065103926,DFI,5
RGL1_3,0.010477434776322568,DFI,5
TNFSF8_3,0.010534090338420845,DFI,5
FRMD6_3,0.010591521589727254,DFI,5
LOC119875994_2,0.010646086207879591,DFI,5
MYO1D_3,0.010646616343159285,DFI,5
DTX3L_3,0.010660208997051866,DFI,5
PLK1_3,0.010669017757690408,DFI,5
FAM149A_3,0.010719536843334026,DFI,5
LOC119866360_3,0.010880060853216144,DFI,5
CYTH4_3,0.0108935991350072,DFI,5
AURKB_3,0.011053678320586334,DFI,5
LY96_3,0.01113652838990085,DFI,5
BVES_3,0.011138104835586998,DFI,5
HJURP_3,0.011175198726182996,DFI,5
MAP3K8_3,0.01120427455690688,DFI,5
INPP5D_3,0.011236121995042396,DFI,5
GSDMD_3,0.011337869429517596,DFI,5
CCNB2_3,0.011357320599758886,DFI,5
XCR1_3,0.011516364836184442,DFI,5
ZDHHC2_3,0.011532690856127448,DFI,5
SELENOH_3,0.011637199848086404,DFI,5
LEPR_3,0.011708682498346756,DFI,5
TRABD2A_3,0.01171851365735956,DFI,5
NALCN_3,0.011789562460408295,DFI,5
MRPL21_2,0.01181976566535724,DFI,5
PHGDH_2,0.011846906029628382,DFI,5
HILPDA_3,0.011951379078558961,DFI,5
LRFN4_3,0.011987911413260128,DFI,5
LOC119867957_3,0.012059243686543436,DFI,5
CCNB1_3,0.012119594992796925,DFI,5
LOC102157078_3,0.012150640899183331,DFI,5
NCKAP1L_3,0.012204385734504601,DFI,5
P2RY14_3,0.01229217082533601,DFI,5
CASP8_3,0.012330959866270768,DFI,5
IGF2BP3_3,0.012352706308648405,DFI,5
ZBED2_3,0.012391586945806781,DFI,5
PPA1_3,0.012451224195577643,DFI,5
SLC9B2_3,0.01246912546168648,DFI,5
SLC6A6_3,0.012475780525630866,DFI,5
PON2_3,0.012506257851763729,DFI,5
EXO1_3,0.01252223108053136,DFI,5
LOC119864981_2,0.012587877589705362,DFI,5
IGFBP6_3,0.012661631895779462,DFI,5
CDC45_3,0.012693633107492134,DFI,5
RENBP_3,0.012755243909554124,DFI,5
LOC119876150,0.012840983456755085,DFI,5
DBF4B_3,0.012861769264134112,DFI,5
OSMR_3,0.012919298676538061,DFI,5
HMGB2_3,0.013061700653867586,DFI,5
LOC119867047_3,0.013375359119465292,DFI,5
C1RL_3,0.013398801933595073,DFI,5
H2BC8_3,0.013498650334245715,DFI,5
GBP6_3,0.01360243552843235,DFI,5
SERPINB8_3,0.013675415166917927,DFI,5
LOC477570_3,0.013689052823041736,DFI,5
STK39_3,0.013722399272024469,DFI,5
LOC608379_3,0.013749303459686698,DFI,5
LOC489911_3,0.013906080079902404,DFI,5
CCN2_3,0.014004049525478896,DFI,5
PTPRC_4,0.014091223662290812,DFI,5
CENPF_3,0.014111026781479477,DFI,5
RCN3_3,0.01423912484295229,DFI,5
HK2_3,0.014239961736551619,DFI,5
SKP2_3,0.014515704137736198,DFI,5
CKAP2L_3,0.01454844848195051,DFI,5
DLA-79_3,0.014651501297002396,DFI,5
OCA2_3,0.014754890311327274,DFI,5
IRF5_3,0.014828057732504967,DFI,5
TRIM34_3,0.014982373177911248,DFI,5
GIMAP6_3,0.015009194722064466,DFI,5
GAB2_3,0.015063799609438227,DFI,5
CD244_3,0.015099949050745728,DFI,5
CD86_3,0.015164100539109009,DFI,5
ENPP3_3,0.015194702329669733,DFI,5
CRYBG1_3,0.015229860245299933,DFI,5
PLAC8A_3,0.015375804423416463,DFI,5
SLCO3A1_3,0.015414887457662852,DFI,5
LOC475831_3,0.015476905689716346,DFI,5
CD109_3,0.015488151268974976,DFI,5
IQGAP3_3,0.015525879380999153,DFI,5
DOHH_3,0.015548418712378123,DFI,5
LOC119877400,0.015561111169524047,DFI,5
MXRA5_3,0.015601479142756017,DFI,5
LXN_3,0.015616307960157474,DFI,5
COL4A6_3,0.0156407573657319,DFI,5
ATP8B4_3,0.015661730461271464,DFI,5
CP_3,0.015795556521260704,DFI,5
LOC111096175_3,0.01580843621330455,DFI,5
ISYNA1_3,0.015939565578475524,DFI,5
CCDC3_3,0.015939646034643744,DFI,5
LOC608051_3,0.015999232641950013,DFI,5
ASAP3_3,0.0160339611885633,DFI,5
DLA-DOA_3,0.016143820234404187,DFI,5
HYAL1_3,0.016164686828405612,DFI,5
PDLIM5_3,0.016238461996988297,DFI,5
PTPRD_3,0.016379488741399405,DFI,5
SNAP91_3,0.01652821828072365,DFI,5
HIC1_3,0.016545995740795308,DFI,5
TMA7_3,0.016638008328455942,DFI,5
GYPC_3,0.016812450441459164,DFI,5
C6H16orf54_3,0.016816654282357645,DFI,5
HNMT_3,0.01691186214845011,DFI,5
PTPRJ_3,0.01707720846422099,DFI,5
HSD11B2_3,0.017086893856987813,DFI,5
MAP1LC3C_3,0.017088398371922695,DFI,5
MS4A7_3,0.01709312738038551,DFI,5
TPX2_3,0.01715132808516261,DFI,5
ANKRD37_3,0.017180192664145104,DFI,5
ANKRD22_3,0.017182594010567525,DFI,5
PAMR1_3,0.01730763758351449,DFI,5
LOC119878294,0.01732538905268986,DFI,5
FMNL1_3,0.01732932560730396,DFI,5
GAMT_3,0.01734222567224225,DFI,5
LOC100684769_3,0.017385229041203397,DFI,5
LOC488947_3,0.01752329400734564,DFI,5
FREM2_3,0.017544030344089766,DFI,5
PHLDB2_3,0.017555966703803702,DFI,5
GBP1_3,0.01758691798961348,DFI,5
PEG10_3,0.01758704652747329,DFI,5
RELN_3,0.017654220041173337,DFI,5
ADA2_3,0.017656952894602566,DFI,5
STING1_3,0.017724982390396608,DFI,5
RTP4_3,0.017872825322805732,DFI,5
MYO1G_3,0.017905693606234698,DFI,5
LY6E_3,0.017933632100584643,DFI,5
KIF14_3,0.018004072947985183,DFI,5
RAD51_3,0.01803244035681509,DFI,5
C29H8orf88_3,0.018160807813061394,DFI,5
ECRG4_3,0.018175989460430173,DFI,5
POLR1C_3,0.018228115197792726,DFI,5
MYOF_3,0.01823913763170794,DFI,5
SPSB4_3,0.018462503533724924,DFI,5
IL32_3,0.01847925115209004,DFI,5
PTPN22_3,0.018504090611508265,DFI,5
APOBR_3,0.018559180802454812,DFI,5
ARHGDIB_3,0.01858085361155244,DFI,5
MBOAT2_3,0.01870131947258455,DFI,5
GPR137B_3,0.01873544559967024,DFI,5
DOK2_3,0.01885342833817667,DFI,5
NAGLU_3,0.01891910574797863,DFI,5
GPSM2_3,0.018985488071777253,DFI,5
SMPDL3A_3,0.01900078455100817,DFI,5
TP53INP1_3,0.019037044453394047,DFI,5
TSPAN11_3,0.01917909987809361,DFI,5
RAB3C_3,0.01924071503798151,DFI,5
GASK1B_3,0.019247572240580057,DFI,5
LAPTM5_3,0.019395887305684516,DFI,5
DOCK5_3,0.019401886092327503,DFI,5
ZBP1_3,0.01947376941188239,DFI,5
ITGAX_3,0.01947571754794532,DFI,5
PSMB8_3,0.019490160186641278,DFI,5
NR1D1_3,0.0194956798026446,DFI,5
CD80_3,0.01952625362509021,DFI,5
CBX2_3,0.019565802522125298,DFI,5
OAS2_3,0.019638745866328473,DFI,5
GAREM2_3,0.019683619939598915,DFI,5
FLRT3_3,0.01975109642155546,DFI,5
NYAP2_3,0.01977088875373628,DFI,5
LPXN_3,0.019783025813529052,DFI,5
MND1_3,0.019812049410840124,DFI,5
SCUBE3_3,0.01988488528035719,DFI,5
GADD45GIP1_3,0.019906162173277855,DFI,5
ACHE_3,0.0199082891952432,DFI,5
RAB29_3,0.019950239592926914,DFI,5
EVA1C_3,0.020168043125532515,DFI,5
PTAFR_3,0.02026042516073821,DFI,5
CEP72_3,0.02026191316852787,DFI,5
CENPA_3,0.020266634758938733,DFI,5
CDCA3_3,0.02026847275908344,DFI,5
KLHL30_3,0.020286723481131242,DFI,5
PCLAF_3,0.020335300342114466,DFI,5
RACGAP1_3,0.02038819516238295,DFI,5
ESPL1_3,0.020423569060838226,DFI,5
PIK3AP1_3,0.02049603246270161,DFI,5
C3AR1_3,0.020543418346019676,DFI,5
PKMYT1_3,0.02060844881135249,DFI,5
EDARADD_3,0.02065791204071896,DFI,5
NCF4_3,0.020662454404662054,DFI,5
COX4I2_3,0.020703556313558656,DFI,5
UPP1_3,0.020786394012512747,DFI,5
SYK_3,0.020799175695652296,DFI,5
MFGE8_3,0.020892834983936424,DFI,5
HHIPL1_3,0.020903586519226493,DFI,5
SIGLEC11_3,0.02091112042382384,DFI,5
ATP8A1_3,0.02093166260777864,DFI,5
LTBP2_3,0.020993931736659668,DFI,5
RRAD_3,0.021047107781172525,DFI,5
LOC484897_3,0.021117598237029852,DFI,5
AKNA_3,0.021155092500662824,DFI,5
IFIH1_3,0.02116455101820916,DFI,5
EPDR1_3,0.021193612897187897,DFI,5
EMB_3,0.021194775841334414,DFI,5
TMEM144_3,0.021201938416866104,DFI,5
CASP12_3,0.021230916289467883,DFI,5
NAPRT_3,0.021417673942587777,DFI,5
DTL_3,0.021458383212035304,DFI,5
ATP6V0A4_3,0.021602194521711613,DFI,5
TYROBP_3,0.021713150856517448,DFI,5
NRP2_3,0.021773749982788852,DFI,5
CDK1_3,0.021901206804398877,DFI,5
RNASE4_3,0.021943111493605737,DFI,5
TTC9_3,0.022053003017744464,DFI,5
LGALS9_3,0.022070062220470553,DFI,5
PSMB9_3,0.022098384440185796,DFI,5
BIRC3_3,0.022197663066745647,DFI,5
PID1_3,0.022218203304926267,DFI,5
EMP1_3,0.022297909143694263,DFI,5
GCAT_3,0.022333262562919516,DFI,5
ANO2_3,0.022333367710504783,DFI,5
DOCK2_3,0.02237087457459168,DFI,5
PIP5K1B_3,0.022385893588039822,DFI,5
SYTL1_3,0.022578211577120505,DFI,5
LOC606863_3,0.022610309262272355,DFI,5
HERC5_3,0.02265994059383037,DFI,5
CD84_3,0.022711170976936878,DFI,5
MOB3B_3,0.022785583398964086,DFI,5
ADM_3,0.02280160764700536,DFI,5
FAM217B_3,0.022848119683478305,DFI,5
OAS1_3,0.02292216660690259,DFI,5
DAPP1_3,0.022951040819437798,DFI,5
CLCN5_3,0.02298820794910013,DFI,5
DLA-DRA_3,0.023138006834531863,DFI,5
CALHM5_3,0.023397357257630067,DFI,5
SLC4A4_3,0.02346406870873275,DFI,5
NEK2_3,0.02349189250096589,DFI,5
LOC119869290_3,0.023557991850356425,DFI,5
KIFC1_3,0.023619715824961397,DFI,5
LOC106557817_2,0.02363934044451197,DFI,5
SLC13A5_3,0.023754686476070992,DFI,5
MICAL2_3,0.024047757976791498,DFI,5
MYH15_3,0.024056196420304543,DFI,5
ADAMTS1_3,0.024059954829161897,DFI,5
CRYBA4_3,0.024221825982363537,DFI,5
LOC100686484_3,0.0244068564418621,DFI,5
EHD3_3,0.024439459888825083,DFI,5
LOC111092892_3,0.024446324991523702,DFI,5
EMILIN3_3,0.024494245030427134,DFI,5
FKBP4_3,0.024504131602628428,DFI,5
GJC1_3,0.02471176975873123,DFI,5
AKAP6_3,0.024740872771866065,DFI,5
BCAR3_3,0.024803425066053073,DFI,5
CLCN4_3,0.024938662830868402,DFI,5
BACH2_3,0.024941747685361823,DFI,5
FGD4_3,0.02498456833496371,DFI,5
DLK2_3,0.025158221092575754,DFI,5
FST_3,0.025237126477613652,DFI,5
LAT_3,0.025353867078868265,DFI,5
CIRBP_3,0.025456799275611394,DFI,5
MRAP2_3,0.02546503391696603,DFI,5
MELK_3,0.02552125589781968,DFI,5
COL4A5_3,0.02565384354211357,DFI,5
GPR65_3,0.025754759078349558,DFI,5
GCG_3,0.0257554954561917,DFI,5
RAB39A_3,0.025807357070950956,DFI,5
PTPRO_3,0.02589381714568474,DFI,5
ITGB7_3,0.025911656558762815,DFI,5
CPN2_3,0.025913509745926613,DFI,5
MATK_3,0.02602360194994209,DFI,5
TRAPPC3L_3,0.026181864597374052,DFI,5
RBPMS2_3,0.02626628141852203,DFI,5
ATP6V0D2_3,0.026338925564138208,DFI,5
DPP4_3,0.026354886055792025,DFI,5
SP100_3,0.026514084312509595,DFI,5
BEND6_3,0.026595264377777417,DFI,5
NFAM1_3,0.026655117485489398,DFI,5
CFB_3,0.026857379374629477,DFI,5
GAS6_3,0.02690749269936054,DFI,5
IL15RA_3,0.02703665654123985,DFI,5
LOC478384_3,0.02708461431054736,DFI,5
HORMAD1_3,0.027106800002836568,DFI,5
LOC119877844,0.027152532050887714,DFI,5
PARP14_3,0.02716255680125342,DFI,5
TRIM22_3,0.027237153203366764,DFI,5
LPAR5_3,0.027539507444435927,DFI,5
TMTC1_3,0.027584390288785673,DFI,5
CYSLTR1_3,0.02759089393507525,DFI,5
PPM1L_3,0.02761909417337673,DFI,5
EPHA6_3,0.027658497994550908,DFI,5
CARD11_3,0.02768154310942126,DFI,5
IL17B_3,0.02780723693923597,DFI,5
BUB1B_3,0.027824465045262224,DFI,5
DRAM1_3,0.027947619570841135,DFI,5
LOC100688849_3,0.02822791566413522,DFI,5
ETV1_3,0.028279355234186114,DFI,5
DNASE1L3_3,0.02834132482155634,DFI,5
IGF2BP1_3,0.02838841795542854,DFI,5
JAKMIP2_3,0.028401097408240327,DFI,5
ANGPTL4_3,0.028407686055435998,DFI,5
KCNH5_3,0.02849287910383172,DFI,5
H2BC19_3,0.028510933931257674,DFI,5
FLT3_3,0.02856596214102942,DFI,5
ABHD2_3,0.028696448852252112,DFI,5
PIK3R6_3,0.02882874199950472,DFI,5
MILR1_3,0.028919344824530163,DFI,5
MAOB_3,0.02903595890975211,DFI,5
LOC119868251_3,0.02911827062667862,DFI,5
SIRPB2_3,0.02924662283049326,DFI,5
CDK18_3,0.029333925892718368,DFI,5
LOC487172_3,0.02933939112666749,DFI,5
KCNA3_3,0.029403575122066823,DFI,5
TRIB3_3,0.029533802973394824,DFI,5
LOC102151812_3,0.02954176702963064,DFI,5
PIK3CG_3,0.029554397048441386,DFI,5
RGS10_3,0.02963942047932757,DFI,5
RGS4_3,0.029712262014939223,DFI,5
LOC100686511_3,0.029766999630237278,DFI,5
PTHLH_3,0.029813757796435324,DFI,5
IGF2_3,0.029826321394056478,DFI,5
APOL5_3,0.02985663332109343,DFI,5
TMEM236_3,0.029905817884228823,DFI,5
FIBIN_3,0.03007616523049795,DFI,5
LOC102151699_3,0.03012241704288808,DFI,5
ARG1_3,0.030124704717228078,DFI,5
PAWR_3,0.030251694972977954,DFI,5
IFGGC1_3,0.03025614414965152,DFI,5
ENC1_3,0.030272682436174963,DFI,5
SAT2_3,0.030427310939575514,DFI,5
LOC476453_3,0.03044844553317598,DFI,5
LOC119877177,0.030450301376361347,DFI,5
GLUL_3,0.030516768982845173,DFI,5
KCNC3_3,0.03069412037465362,DFI,5
DNAH10_3,0.03073879819921558,DFI,5
ECHDC2_3,0.030804296430282364,DFI,5
GATA6_3,0.03080582264716465,DFI,5
PARVG_3,0.03082431999194774,DFI,5
ATF7IP2_3,0.031052549013955807,DFI,5
CSF2RB_3,0.031079794100947963,DFI,5
CHRM2_3,0.031148940757931034,DFI,5
TLR2_3,0.031180532816892398,DFI,5
JDP2_3,0.031205416407243124,DFI,5
NFATC4_3,0.03132958649050396,DFI,5
POP1_3,0.03134279374320628,DFI,5
PODXL2_3,0.03151572425323745,DFI,5
PMEPA1_3,0.031572857358644936,DFI,5
CMSS1_3,0.0316589875493645,DFI,5
VAV1_3,0.031675099673832315,DFI,5
CCDC73_3,0.0317599463668978,DFI,5
PRR11_3,0.03177962633463034,DFI,5
CLEC12A_3,0.03210147041869424,DFI,5
RNF149_3,0.03211462418425362,DFI,5
PDZK1IP1_3,0.03213714185397134,DFI,5
NOP58_3,0.03217790874845933,DFI,5
SCEL_3,0.03235567516218973,DFI,5
ADAMTS2_3,0.032409312455785315,DFI,5
ECM1_3,0.03241802088097792,DFI,5
CYP27C1_3,0.032490495737477185,DFI,5
TBC1D10C_3,0.0325773597938029,DFI,5
PGAP1_3,0.03260721573697436,DFI,5
FERMT3_3,0.03266783872536459,DFI,5
BRCA1_3,0.032794189390178086,DFI,5
FGR_3,0.033004267250345415,DFI,5
LDLRAD3_3,0.03306588694207761,DFI,5
BTK_3,0.03317368208835832,DFI,5
IRF1_3,0.0335154618991023,DFI,5
LOC119863969_3,0.03363046269556279,DFI,5
SOAT2_3,0.03381149751448967,DFI,5
MARCHF1_3,0.033854805839601765,DFI,5
ZFP41_3,0.03400062676925164,DFI,5
DDX58_3,0.03411096014739156,DFI,5
CENPH_3,0.03413159608892571,DFI,5
CST7_3,0.034229917798500584,DFI,5
PLA2R1_3,0.034347114940647905,DFI,5
LOC119869019_2,0.03440662488037568,DFI,5
SCN2A_3,0.03441654256017781,DFI,5
VCAM1_3,0.03447166776770829,DFI,5
HDAC9_3,0.03448306944851066,DFI,5
ZNF662_3,0.03448706307421222,DFI,5
MTURN_3,0.03460325699114942,DFI,5
LCP1_3,0.03463439874493323,DFI,5
CFI_3,0.03467053160000323,DFI,5
ACYP2_3,0.03467854834582776,DFI,5
LOC111097339_3,0.03472536504592556,DFI,5
LRRC15_3,0.034821928632262425,DFI,5
HLA-DRB1_3,0.03482279718947226,DFI,5
MX1_3,0.03483269028621731,DFI,5
LOC102154711_3,0.03490530379932777,DFI,5
PSTPIP1_3,0.034918929150153634,DFI,5
ADCY7_3,0.034946835838424874,DFI,5
TRARG1_3,0.03514052891703613,DFI,5
GABRA2_3,0.03519599816242039,DFI,5
CKS2_3,0.03528493879938852,DFI,5
NRK_3,0.035443864636542824,DFI,5
TAP1_3,0.03554227477582478,DFI,5
ABCA3_3,0.03566216459401885,DFI,5
LOC119879511,0.035739684052470876,DFI,5
OSBPL3_3,0.03583276979966225,DFI,5
NDUFB9_3,0.035902367258873455,DFI,5
GINS2_3,0.03604929946823824,DFI,5
LUM_3,0.0360756729239438,DFI,5
PTGFR_3,0.03611143617077374,DFI,5
FAM83G_3,0.03617910933862053,DFI,5
IGSF6_3,0.036226739370982246,DFI,5
TMEM71_3,0.03624090355890761,DFI,5
RNLS_3,0.03626524319205483,DFI,5
ATP2A3_3,0.036317012669025074,DFI,5
MACROH2A2_3,0.03640135977049734,DFI,5
F5_3,0.036491102226833376,DFI,5
MMP9_3,0.03654184845662648,DFI,5
TRIL_3,0.036852448731363105,DFI,5
L3MBTL4_3,0.037073800822521326,DFI,5
GABRA3_3,0.037086417576137204,DFI,5
DEPDC1B_3,0.03709552835364321,DFI,5
CD74_3,0.037176949585498706,DFI,5
GAL3ST4_3,0.03720415465964404,DFI,5
CYP19A1_3,0.0372556852755424,DFI,5
TAPBP_3,0.03733288663850018,DFI,5
CCN6_3,0.03749569335186579,DFI,5
LOC119877191,0.03749967371562778,DFI,5
NDC80_3,0.03754506593435498,DFI,5
KLHL6_3,0.03774275420659594,DFI,5
CASQ1_3,0.037948954743813164,DFI,5
LOC100856382_3,0.038016675928468344,DFI,5
SLC43A2_3,0.038047921229776786,DFI,5
LOC119879231,0.03804809432016523,DFI,5
SLC26A5_3,0.03810897578040823,DFI,5
LCAT_3,0.03820445901794365,DFI,5
DNAH1_3,0.038488934874965644,DFI,5
CRYM_3,0.03850948768173695,DFI,5
NLRC5_3,0.03851679817924352,DFI,5
WNT2B_3,0.03862230798035387,DFI,5
PRKX_3,0.03863472550701464,DFI,5
KLHL8_3,0.03863803520393964,DFI,5
S100A2_3,0.03873036516127109,DFI,5
CCR2_3,0.03873956192133723,DFI,5
SLIT1_3,0.03883479508732936,DFI,5
BYSL_3,0.038885461136508086,DFI,5
SLC8A1_3,0.03891698875033917,DFI,5
LRRC66_3,0.03918458909994622,DFI,5
ASF1B_3,0.039298072030622404,DFI,5
CCR1_3,0.039306851249617136,DFI,5
CD68_3,0.039307186106579683,DFI,5
IGFBP5_3,0.039533404767936924,DFI,5
DLL4_3,0.03960269517552026,DFI,5
PLD4_3,0.03963217668404819,DFI,5
ZNF804A_3,0.03976503301722882,DFI,5
SASH3_3,0.0397857730831492,DFI,5
LOC119873925_3,0.039787432678389516,DFI,5
RBP1_3,0.039802495485490766,DFI,5
ADRA1D_3,0.03980468511171281,DFI,5
ABRA_3,0.03983304089998647,DFI,5
IRX1_3,0.0398578636642279,DFI,5
LOC106559304_3,0.039903724716648895,DFI,5
PRUNE2_3,0.03994878550760743,DFI,5
PAG1_3,0.04004126606960413,DFI,5
LIMS2_3,0.040270636209139336,DFI,5
NGFR_3,0.04042042673821954,DFI,5
SLC25A10_3,0.04050380606371141,DFI,5
TNFSF10_3,0.04054960255535442,DFI,5
CALCR_3,0.040686297965568774,DFI,5
TTK_3,0.040809482847179904,DFI,5
VWF_3,0.04084057382220623,DFI,5
ALDH1L2_3,0.040900342463123934,DFI,5
GRIA2_3,0.040952962636264384,DFI,5
SAMSN1_3,0.04095451743414839,DFI,5
GRK7_3,0.04101365205534302,DFI,5
KCTD16_3,0.04101676678803168,DFI,5
ARHGAP30_3,0.04154361599938484,DFI,5
SIGLEC15_3,0.041562103252078784,DFI,5
CRACDL_3,0.04161961174460743,DFI,5
ADH4_3,0.04177017987824016,DFI,5
TMEM63A_3,0.04183347621814347,DFI,5
RUNX1T1_3,0.041889528718922056,DFI,5
NOD2_3,0.04192604062516558,DFI,5
OCIAD2_3,0.04198033677676278,DFI,5
EFCC1_3,0.0420681606003326,DFI,5
SLC46A3_3,0.0420900022862342,DFI,5
NPDC1_3,0.04228849616793597,DFI,5
LTBP1_3,0.04236079765653764,DFI,5
CRIP1_3,0.042469233439251415,DFI,5
SRGAP3_3,0.04262549943345424,DFI,5
IGFBP7_3,0.042636065458488734,DFI,5
LAT2_3,0.04272924184190728,DFI,5
CYP2D15_3,0.04274931682354361,DFI,5
RAPH1_3,0.04286416168975418,DFI,5
TLR5_3,0.04296440987382671,DFI,5
CFH_3,0.04306660785767822,DFI,5
GPR68_3,0.04322231449815678,DFI,5
TRIM67_3,0.04327517690081695,DFI,5
STK38L_3,0.04333175315546953,DFI,5
PLEKHG1_3,0.04339156136459591,DFI,5
LOC119867172_3,0.04349198975984481,DFI,5
CCL5_3,0.04355200086314094,DFI,5
ACKR2_3,0.043679596830704784,DFI,5
LOC119866222_1,0.04384534691119417,DFI,5
KLK1_3,0.04384609033830834,DFI,5
IFGGB2_3,0.043984678867521436,DFI,5
NEURL3_3,0.044132596810390286,DFI,5
FAM167A_3,0.04420167060061508,DFI,5
LOC119877472,0.04423420772390918,DFI,5
SPINK5_3,0.0443199842496246,DFI,5
LOC484343_3,0.04434833922337067,DFI,5
HOXC8_3,0.04438427189615499,DFI,5
GSC_3,0.044464985227663005,DFI,5
CFAP300_3,0.04447711404588822,DFI,5
SLAMF7_3,0.04449563667436109,DFI,5
IL7R_3,0.044542765531837024,DFI,5
C3_3,0.044653147779702085,DFI,5
CCL23_3,0.04465903372704004,DFI,5
SPI1_3,0.04473206491894417,DFI,5
SLC25A48_3,0.044803697995535616,DFI,5
GCNA_3,0.04493840717341547,DFI,5
NWD1_3,0.04506840870587254,DFI,5
CDC42EP3_3,0.04525522374565567,DFI,5
DCSTAMP_3,0.04535720769855946,DFI,5
LOC119876690,0.0454184173098305,DFI,5
IL18_3,0.0454675526627535,DFI,5
LOC119875975_2,0.0456776265503006,DFI,5
SIT1_3,0.045783145152931484,DFI,5
CIT_3,0.045915330744418774,DFI,5
ITGA8_3,0.046170152646510094,DFI,5
TMEM200A_3,0.046419308970800745,DFI,5
LOC119878257,0.046595381298420814,DFI,5
TOM1L1_3,0.04667282092213541,DFI,5
LOC102151393_3,0.046776794479211396,DFI,5
CA13_3,0.04683943704137624,DFI,5
DST_3,0.04700383747272035,DFI,5
LOC119870834_3,0.04726930504912761,DFI,5
SGO1_3,0.04735610639584641,DFI,5
HERC6_3,0.048165960905941746,DFI,5
NES_3,0.04819322770209758,DFI,5
HELZ2_2,0.048207023183442235,DFI,5
RAC2_3,0.04838679990702472,DFI,5
TCIM_3,0.048407398444964604,DFI,5
PRSS22_3,0.04841674460539668,DFI,5
PPP1R26_3,0.04860957064640416,DFI,5
GIMAP2_3,0.048699556857530656,DFI,5
LOC609817_3,0.04873533332795678,DFI,5
LOC119878213,0.04878469273258886,DFI,5
PCDH19_3,0.04883699686346754,DFI,5
C2_3,0.04888156834824757,DFI,5
PLAAT4_3,0.04897579264926194,DFI,5
SLCO2B1_3,0.04899000039909284,DFI,5
H2BC11_3,0.04904370701959776,DFI,5
HMGB3_3,0.04907980362572116,DFI,5
VEGFD_3,0.04908936554637437,DFI,5
YES1_3,0.04920585052820677,DFI,5
PPP1R27_3,0.04927347370892124,DFI,5
TASL_3,0.04933573661777165,DFI,5
AQP5_3,0.049550261417990314,DFI,5
HAVCR1_3,0.0496088359396528,DFI,5
SMAD7_3,0.049646415239119224,DFI,5
COL17A1_3,0.04967325538454665,DFI,5
FYB1_3,0.04983779609680077,DFI,5
LOC119878467,0.04985659051194727,DFI,5
CD53_3,0.04989464274869241,DFI,5
ADAMTS6_3,0.04991372991937524,DFI,5
HTATIP2_3,0.05003940779666227,DFI,5
MBP_3,0.05031143293653146,DFI,5
ARHGAP45_3,0.050551822417956256,DFI,5
PRKAR1B_3,0.050554026923256466,DFI,5
GATM_3,0.05063587528373612,DFI,5
ARHGEF3_3,0.05063891675865585,DFI,5
GLIPR1_3,0.05067570318828932,DFI,5
NLRP3_3,0.050719192950329464,DFI,5
MED12L_3,0.05076251721990799,DFI,5
PEX5L_3,0.05117079858660637,DFI,5
CSF1_3,0.05133548703827236,DFI,5
GALNT15_3,0.051411339620304315,DFI,5
LOC479668_3,0.051589300176423936,DFI,5
LOC481472_3,0.05160247645269179,DFI,5
GGT5_3,0.05181097293183924,DFI,5
FPR2_3,0.051823440521425714,DFI,5
PDE1C_3,0.051842057299113536,DFI,5
TFCP2L1_3,0.05188435824504377,DFI,5
CTSK_3,0.05190076255935382,DFI,5
DHCR7_3,0.05201836047303217,DFI,5
MYO1F_3,0.052073420716201274,DFI,5
ADIPOQ_3,0.05223422308170114,DFI,5
IL4R_3,0.05224239985422038,DFI,5
PPEF1_3,0.052273789033217395,DFI,5
LOC102156332_4,0.05239485382090331,DFI,5
GNPTAB_3,0.05243691400781723,DFI,5
MOXD1_3,0.05248266592567801,DFI,5
DPM3_3,0.05251949332547957,DFI,5
ATP6V1A_3,0.05252661429037289,DFI,5
PIK3R5_3,0.052694822049915734,DFI,5
HCLS1_3,0.05273480182540317,DFI,5
OCLN_3,0.0527635448749697,DFI,5
EBF2_3,0.05276642291324849,DFI,5
LOC111092051_3,0.052816801093076494,DFI,5
PDE4D_3,0.0528646697022244,DFI,5
AGTRAP_3,0.052883513708052124,DFI,5
BCL11A_3,0.05298422125911329,DFI,5
ITPR3_3,0.05307935846638368,DFI,5
USP13_3,0.05320467944749473,DFI,5
GXYLT1_3,0.05334377212557539,DFI,5
DENND2D_3,0.053361215193786705,DFI,5
TMEM106A_3,0.05356688300182972,DFI,5
GRAP2_3,0.053903751980834025,DFI,5
LOC484309_3,0.05394722997787831,DFI,5
SHTN1_3,0.05403428094835363,DFI,5
CYP7B1_3,0.05410675646682274,DFI,5
MIF_3,0.05446547303076186,DFI,5
APOL6_3,0.054535044786609956,DFI,5
LOC111094054_3,0.05462301540707493,DFI,5
PLEKHM1_3,0.05468575011784634,DFI,5
LOC102154610_3,0.05471425377952679,DFI,5
PRDM8_3,0.054755917231920415,DFI,5
DOK3_3,0.05492801543557058,DFI,5
LOC484356_3,0.05507461118059295,DFI,5
LOC111095048_3,0.05520359763955134,DFI,5
ARHGEF6_3,0.05531928985961375,DFI,5
IFI6_3,0.0553885408040427,DFI,5
LOC119869118_1,0.05588642045133706,DFI,5
FAM81A_3,0.05592834350564276,DFI,5
ADAM28_3,0.05595362456726603,DFI,5
FGF7_3,0.05598714455331424,DFI,5
SLCO5A1_3,0.056159920871883685,DFI,5
GPLD1_3,0.056174108563597294,DFI,5
HPSE_3,0.05618669359350781,DFI,5
IRAG2_3,0.056191536799847085,DFI,5
IKZF1_3,0.05625302791493578,DFI,5
SDSL_3,0.05626058576386736,DFI,5
TMOD1_3,0.056298769910354415,DFI,5
MYO6_3,0.05629999560408131,DFI,5
RASSF8_3,0.05639817925446241,DFI,5
RAD54L_3,0.05640839270408929,DFI,5
LOC119877838,0.056425640520174465,DFI,5
LOC119877161,0.056456660964128796,DFI,5
TRERF1_3,0.0565065965727458,DFI,5
ZNF512_3,0.05662762206716717,DFI,5
LOC119864503_3,0.05686534913820779,DFI,5
NRGN_3,0.05696594148663872,DFI,5
CCND2_3,0.05706169054827219,DFI,5
KHDRBS3_3,0.057067581145563026,DFI,5
CD69_3,0.057100998173216164,DFI,5
PLA2G4A_3,0.057366525767567546,DFI,5
MRC1_3,0.05739855558995721,DFI,5
SLC24A3_3,0.05740700389643822,DFI,5
ADAMTS17_3,0.0574275241656618,DFI,5
LOC119878465,0.05756179180153187,DFI,5
WAS_3,0.057714538907409026,DFI,5
SIM2_3,0.05781272251046025,DFI,5
DUSP2_3,0.057826687936473144,DFI,5
ADGRE3_3,0.05782674912423748,DFI,5
LOC100686073_3,0.05785565078768865,DFI,5
C1QTNF7_3,0.058033677496487114,DFI,5
PWWP2B_3,0.05807557437256731,DFI,5
EPHB3_3,0.05818141792026049,DFI,5
VGLL2_3,0.05824975452085955,DFI,5
MED20_3,0.05828755183686867,DFI,5
CENPN_3,0.05831989829925347,DFI,5
GPHA2_3,0.0585538854232944,DFI,5
CYP4V2_3,1.3744146966227597e-05,OS,1
FGL2_3,5.8769935686899766e-05,OS,1
NIBAN1_3,8.483935625418008e-05,OS,1
SELENOP_3,0.0002899421068747665,OS,1
CIRBP_3,0.0003608549642176062,OS,1
TRIM14_3,0.00038539817402630434,OS,1
EVI2B_3,0.000486065767153715,OS,1
TRIP13_3,0.0005069859705203271,OS,1
GPSM3_3,0.0005457341848875696,OS,1
GPRC5C_3,0.0006315077535493277,OS,1
TNFAIP8L2_3,0.0007344937376822364,OS,1
MBOAT1_3,0.0009137282016673589,OS,1
GPR34_3,0.0009148927398001944,OS,1
INPP5D_3,0.0009279231782073812,OS,1
TSPAN33_3,0.0009635297282694418,OS,1
UPP1_3,0.0010646308925728325,OS,1
LMO2_3,0.001089488397158772,OS,1
TLR7_3,0.0010899337677255745,OS,1
ALOX5_3,0.0012217996701172054,OS,1
LOC119878294,0.0013547684764553245,OS,1
GIMAP6_3,0.001365086517232574,OS,1
PYCARD_3,0.0013713495072348895,OS,1
SAMD9L_3,0.0014136554149527874,OS,1
APOBEC3Z3_4,0.0015362697424823066,OS,1
CSRP1_3,0.0015605759937813372,OS,1
DENND1C_3,0.0015820983838452372,OS,1
BATF2_3,0.0016626827636950932,OS,1
MOCOS_3,0.0017141738667468818,OS,1
CCL23_3,0.001849515021499752,OS,1
ADGRF1_3,0.001971176184935866,OS,1
PTPN6_3,0.0019808102108092927,OS,1
CNTNAP5_3,0.0021609749174143597,OS,1
CD86_3,0.0021850040331956007,OS,1
VWA5A_3,0.002225959572194401,OS,1
LOC119877688,0.002291410045091596,OS,1
BLNK_3,0.002317301863305917,OS,1
PARP15_3,0.0026184761884819503,OS,1
B2M_3,0.00269211553465033,OS,1
IGFN1_3,0.0027481445286947235,OS,1
PTPRZ1_3,0.0028452706313993447,OS,1
MARCHF1_3,0.0028669267877932786,OS,1
KCTD12_3,0.0029870732171540055,OS,1
ACSS3_3,0.003068497169971966,OS,1
NCKAP1L_3,0.0031520501538506583,OS,1
SULT1C4_3,0.003239970807487788,OS,1
ANXA3_3,0.0033572440376852274,OS,1
GYPC_3,0.0033969569940479213,OS,1
SGMS1_3,0.0034045005905889133,OS,1
PTPRC_4,0.00345999520803278,OS,1
LIPA_3,0.0034894876623335572,OS,1
SLC46A2_3,0.0035031261147655908,OS,1
KLK1_3,0.003521995085046073,OS,1
STING1_3,0.0035363843295987724,OS,1
LOC119877532,0.0036222401606487587,OS,1
LAG3_3,0.003658466927843567,OS,1
DOCK2_3,0.0037212037108842115,OS,1
DSCC1_3,0.003729639397985388,OS,1
VGLL2_3,0.0037672349749740303,OS,1
CBX7_3,0.003982008172364204,OS,1
STUM_3,0.004116389738129296,OS,1
PAG1_3,0.004142103926070111,OS,1
SUGCT_3,0.004276940365862624,OS,1
LOC119877400,0.00433554807884444,OS,1
FAM180A_3,0.0043366382683868296,OS,1
DOK2_3,0.004379864466452584,OS,1
FCER1G_2,0.004461028513128464,OS,1
LPXN_3,0.004480439273716503,OS,1
CCR2_3,0.004585212309686461,OS,1
KCNQ1_3,0.004592312723303605,OS,1
CTSH_3,0.004603085288906328,OS,1
JAML_3,0.0047249538686848875,OS,1
SELPLG_3,0.0048970010531569725,OS,1
TNFRSF21_3,0.004953294831909712,OS,1
FGR_3,0.0050123501171315315,OS,1
MILR1_3,0.0050235640740232766,OS,1
OSBPL3_3,0.005151286152112681,OS,1
ADAMTS4_3,0.005189577158801848,OS,1
TLR8_3,0.00531552352063746,OS,1
UCP2_3,0.005319760880237067,OS,1
CCNB3_3,0.005337499666294005,OS,1
TTC39B_3,0.005366548076275754,OS,1
HAVCR1_3,0.005446046335198795,OS,1
PTK2B_3,0.0055032676615484385,OS,1
H2AX_3,0.005523579133501563,OS,1
LAPTM5_3,0.00554299903213846,OS,1
ST8SIA5_3,0.005544241891770685,OS,1
ITGBL1_3,0.005579725752288452,OS,1
MPEG1_3,0.005610310577223218,OS,1
LOC610632_3,0.005697593941848072,OS,1
TAGAP_3,0.005775189415572123,OS,1
CD244_3,0.005880308170015029,OS,1
ADA2_3,0.006061828479673737,OS,1
LOC611538_3,0.006089124722576485,OS,1
CASP8_3,0.006101691096239246,OS,1
CD80_3,0.006133746409822852,OS,1
TLR1_3,0.0063212983759866545,OS,1
MAP1LC3C_3,0.006341491067745797,OS,1
FAM107A_3,0.00635406943076457,OS,1
PID1_3,0.0064313174862694715,OS,1
RCOR2_3,0.006447407168693706,OS,1
ATF7IP2_3,0.006568685249733884,OS,1
RGS18_3,0.006595652708410288,OS,1
TNFRSF14_3,0.006646607006323413,OS,1
HCLS1_3,0.006655567213622289,OS,1
TMEM106A_3,0.006665370087811698,OS,1
CD8B_3,0.006785681130533045,OS,1
HACD4_3,0.007106687451926737,OS,1
XG_3,0.0072201937194452,OS,1
P2RX7_3,0.00722166821645579,OS,1
PTTG1_3,0.007280144615629154,OS,1
PIK3CD_3,0.007361146696369606,OS,1
MEX3A_3,0.007510000968487192,OS,1
BTK_3,0.0075336525499993005,OS,1
MSI1_3,0.00764113001086679,OS,1
PHGDH_2,0.0076437906236391465,OS,1
LOC119876150,0.007689133245818926,OS,1
HLA-DRB1_3,0.007740284700600372,OS,1
PIK3AP1_3,0.0077822672930519645,OS,1
IGSF6_3,0.007874003115249996,OS,1
DLA-DMB_3,0.007878727421959773,OS,1
SMPDL3A_3,0.008017742003432131,OS,1
VAV1_3,0.008033126633172353,OS,1
TYROBP_3,0.008050822307880666,OS,1
MBOAT2_3,0.00811245419461216,OS,1
LOC119864503_3,0.00817472756074673,OS,1
DAPP1_3,0.008240860604987483,OS,1
PTGFR_3,0.0082626886835822,OS,1
FAS_3,0.00826579984411839,OS,1
SMO_3,0.008316930426889413,OS,1
ATAD1_3,0.008353179135061034,OS,1
LOC607405_3,0.008425397057234456,OS,1
CD44_3,0.00844101785025157,OS,1
LOC484897_3,0.008448841224321933,OS,1
C6H16orf54_3,0.008520358547594064,OS,1
IL1RN_3,0.0085622607496356,OS,1
GABRA2_3,0.008570993937599384,OS,1
ZBP1_3,0.00857674150491743,OS,1
CD2_3,0.008578067593502705,OS,1
GBP6_3,0.00861814311796343,OS,1
FYB1_3,0.008717013650937773,OS,1
MYO1F_3,0.00876142458214718,OS,1
ADAMTSL3_3,0.0087747918120652,OS,1
SPSB4_3,0.008821309341969192,OS,1
LOC100688849_3,0.008893078421022788,OS,1
CYTIP_3,0.00890205875644129,OS,1
LCP1_3,0.008958605758570886,OS,1
ELOVL4_3,0.009119080400776105,OS,1
DOCK8_3,0.009169499131585499,OS,1
SASH3_3,0.009233002877097092,OS,1
PARVG_3,0.00923467295905927,OS,1
ASAH1_3,0.009263675578118295,OS,1
DLA-DRA_3,0.009284651745284042,OS,1
CYTH4_3,0.00929015553238681,OS,1
SLC6A6_3,0.009365885637955568,OS,1
CSF1R_3,0.009751175610452282,OS,1
TMEM86A_3,0.009772983540915204,OS,1
CD74_3,0.009778095429241018,OS,1
MYOF_3,0.009915175960236158,OS,1
TNFRSF6B_3,0.00994671506858207,OS,1
PTEN_3,0.010003308371795971,OS,1
EPAS1_3,0.010006896891304613,OS,1
TLR3_3,0.0100474871862834,OS,1
ALDH3B1_3,0.010181820153398425,OS,1
SCML2_3,0.01018425925816786,OS,1
CXCL14_3,0.010206137656438593,OS,1
CD53_3,0.010224778767188821,OS,1
CYSLTR1_3,0.01022913738802788,OS,1
CD48_3,0.010246013467505463,OS,1
SCTR_3,0.010291105466287065,OS,1
LOC612422_3,0.010378911050476268,OS,1
C32H4orf54_3,0.010430755744397651,OS,1
ARHGAP30_3,0.010433452208275748,OS,1
CENPW_3,0.010473757063837028,OS,1
C3AR1_3,0.010491776599404114,OS,1
TMEM59L_3,0.010613185575465343,OS,1
SLC36A2_3,0.010633196712919245,OS,1
SLIT1_3,0.010657265640380335,OS,1
PTPRO_3,0.01066860844051617,OS,1
DLA-DQA1_3,0.010823457698922578,OS,1
CENPV_3,0.01086946177740338,OS,1
MS4A7_3,0.010906807053302395,OS,1
HSD11B2_3,0.010930391506765325,OS,1
SLC43A2_3,0.01105169551272202,OS,1
CA14_3,0.011083952785698346,OS,1
GLRX_3,0.011111202290318515,OS,1
AKNA_3,0.01111135262278835,OS,1
CASQ1_3,0.011119068461686055,OS,1
INPP4B_3,0.011180721826014012,OS,1
CSF2RB_3,0.011195866920004216,OS,1
MOSPD2_3,0.011197928685154976,OS,1
CARD9_3,0.011408421987305885,OS,1
XAF1_3,0.011455078151726169,OS,1
SPN_3,0.011462271759210226,OS,1
FMNL1_3,0.011468788760739876,OS,1
TONSL_3,0.011483787137155957,OS,1
RAB30_3,0.011581489713165846,OS,1
CTSS_3,0.011581618231270829,OS,1
NFAM1_3,0.011668471648954749,OS,1
PARP9_3,0.011736782912651416,OS,1
IFIT3_3,0.011972214156549995,OS,1
USP13_3,0.012039560375576446,OS,1
TASL_3,0.012055838920675788,OS,1
CHPT1_3,0.012092455206151601,OS,1
NOD2_3,0.012107300528124313,OS,1
DTX3L_3,0.012156261193630481,OS,1
SIRPB2_3,0.01220958976413968,OS,1
PAQR9_3,0.012228466589194185,OS,1
KLHL9_3,0.012253841015462882,OS,1
MLIP_3,0.012342154240730048,OS,1
DNA2_3,0.01241099535008133,OS,1
MAT1A_3,0.012421377667235558,OS,1
LOC476816_3,0.012507445162936056,OS,1
SLC7A7_3,0.012589763643046132,OS,1
UBE2S_3,0.012716057277307924,OS,1
ANKRD22_3,0.0127949765903461,OS,1
TREM1_3,0.012803514579720416,OS,1
EPHA2_3,0.012851298165652655,OS,1
ZMAT1_3,0.012878964859332263,OS,1
DENND2D_3,0.012886988776716173,OS,1
LOC478984_3,0.01290952814357221,OS,1
SAMSN1_3,0.012962048016325566,OS,1
MXRA5_3,0.012971918236328407,OS,1
FOLH1B_3,0.013123307895468695,OS,1
RAB39A_3,0.01318686164029753,OS,1
RECQL4_3,0.013236017040787822,OS,1
C20H19orf38_3,0.013543440464553568,OS,1
ECT2_3,0.013613605848499253,OS,1
ABCC3_3,0.013645655787803886,OS,1
MPIG6B_3,0.01371287386974136,OS,1
SLCO5A1_3,0.013774685610604647,OS,1
OAS2_3,0.013788525485572524,OS,1
SQOR_3,0.014117244197012272,OS,1
CD72_3,0.014171638380449325,OS,1
NDUFB9_3,0.014252355604233094,OS,1
TRIM22_3,0.014356810304176272,OS,1
TNFSF8_3,0.014449524912221075,OS,1
LOC100687459_3,0.01446486758360632,OS,1
MAB21L2_3,0.014586831351644153,OS,1
LOC119879511,0.014660541052151725,OS,1
MFNG_3,0.014667247874429079,OS,1
PSMB8_3,0.014730846580094513,OS,1
SLC25A10_3,0.014750547157000167,OS,1
LGR4_3,0.014787933556297867,OS,1
MCTP1_3,0.014841041750688731,OS,1
OLFM2_3,0.014858488731558251,OS,1
TNFSF13_3,0.01495823545318843,OS,1
CCR5_3,0.015021073878935545,OS,1
CYP2S1_3,0.01504814168616124,OS,1
IFITM5_3,0.015091907371355531,OS,1
CASP4_3,0.01514743631012877,OS,1
DNPH1_3,0.01515672757449988,OS,1
WAS_3,0.015164574283406486,OS,1
LGALS9_3,0.015174876203260058,OS,1
GAS7_3,0.015265614417940184,OS,1
CDA_3,0.015464962242239649,OS,1
SDK2_3,0.015484976657920816,OS,1
LNX1_3,0.015544924975014585,OS,1
RGS1_3,0.015558726446667991,OS,1
LOC606863_3,0.015588457617478377,OS,1
NPL_3,0.01563042287109871,OS,1
PIM1_3,0.01567707710959935,OS,1
FANCA_3,0.015790322416624664,OS,1
ADGRE3_3,0.015797197196768083,OS,1
SIT1_3,0.015918110880229965,OS,1
PGAM2_3,0.015927844644794766,OS,1
SLAMF8_3,0.01608137301260223,OS,1
CST7_3,0.016089901929026516,OS,1
SLCO2B1_3,0.01612443525300943,OS,1
GNA15_3,0.016164128232439883,OS,1
ENPP5_3,0.016267355973258568,OS,1
ATAD2_3,0.016304465529168137,OS,1
GBP1_3,0.0163601176684724,OS,1
RBPMS2_3,0.01644435696193674,OS,1
GRID2IP_3,0.016537541174774566,OS,1
SLC12A8_3,0.01667869970559577,OS,1
ST6GALNAC3_3,0.01678446882196265,OS,1
LOC119866898_3,0.016843577525583193,OS,1
FAM241A_3,0.016947950726170453,OS,1
RASAL3_3,0.016949640531643457,OS,1
TMEM144_3,0.01706407185268743,OS,1
DLA-79_3,0.017191064205385027,OS,1
BPI_3,0.017282720360631103,OS,1
LOC481472_3,0.01732605386302937,OS,1
MRI1_3,0.01743967228051633,OS,1
MRC1_3,0.017677854785182096,OS,1
GIMAP8_3,0.017702213050798547,OS,1
MYO1G_3,0.01774205075900843,OS,1
IRF5_3,0.017819461346903497,OS,1
CRYBG1_3,0.017838495881360543,OS,1
RAB29_3,0.01795447953390314,OS,1
CPN2_3,0.01815265573109823,OS,1
PTAFR_3,0.018349476633907413,OS,1
LOC119873395_3,0.018368356598610705,OS,1
LOC119878872,0.018429780519685742,OS,1
HSP70_3,0.018475699077785835,OS,1
FAM131C_3,0.018615760580564585,OS,1
DSN1_3,0.018667845114454743,OS,1
IL18_3,0.018709421563862065,OS,1
CCL5_3,0.018741177941280922,OS,1
HNMT_3,0.018749557996972446,OS,1
WDFY4_3,0.018817376015212647,OS,1
LOC111095048_3,0.018908189878280867,OS,1
DLA-DMA_3,0.018984790633519794,OS,1
SEMA4A_3,0.01904581401025867,OS,1
FKBP7_3,0.019117357022156042,OS,1
PARP12_3,0.01912360739563038,OS,1
CALD1_3,0.019273489597048284,OS,1
KLHL40_3,0.01928072398064383,OS,1
IQGAP2_3,0.01928239811316136,OS,1
DRAM1_3,0.019408880740931448,OS,1
LOC100686511_3,0.01941006189657514,OS,1
IFI44_3,0.01955242123042032,OS,1
MSR1_3,0.01957998971306417,OS,1
AIF1_3,0.019626650772764535,OS,1
LOC100686271_3,0.01966048093434277,OS,1
PTGES3L_3,0.019684338740181277,OS,1
TTC39C_3,0.0197554980018106,OS,1
CASP12_3,0.019768567125581324,OS,1
PAPSS2_3,0.0197796793678382,OS,1
NCF2_3,0.020029761237088325,OS,1
CYBB_3,0.020077005710129228,OS,1
LOC102156938_3,0.02010020541625142,OS,1
HSPH1_3,0.020132236416567265,OS,1
F5_3,0.020138485168442282,OS,1
OAS1_3,0.02018071822520367,OS,1
TIMD4_3,0.020228964354915335,OS,1
SH3D19_3,0.020248758855662907,OS,1
TMEM140_3,0.02031540949040869,OS,1
PGAP1_3,0.020320927015594688,OS,1
SIM2_3,0.020344831563166643,OS,1
PTPRJ_3,0.020412621825189513,OS,1
CREB5_3,0.02044275899854994,OS,1
XCR1_3,0.020456809440113025,OS,1
PLD4_3,0.02048990391364018,OS,1
CLTCL1_3,0.020623680940040176,OS,1
DDIT4_3,0.020656182351668544,OS,1
GADD45GIP1_3,0.02072389958456894,OS,1
NLRC5_3,0.020838647606155898,OS,1
KCNA3_3,0.020951896624676055,OS,1
FERMT3_3,0.021012691191039105,OS,1
MCM10_3,0.021046681833605498,OS,1
LOC488622_3,0.021052128651009364,OS,1
MEST_3,0.021185753209216115,OS,1
RIPOR2_3,0.021366071490033677,OS,1
TNIP3_3,0.021419085386212625,OS,1
MDFI_3,0.021455478463110935,OS,1
LIMS2_3,0.021481611834038936,OS,1
POFUT2_3,0.021574086586601027,OS,1
FGD3_3,0.0215945215226732,OS,1
BUB1_3,0.021604122517130425,OS,1
GSDME_3,0.02164157362183464,OS,1
LRRC8C_3,0.02164484585032649,OS,1
FANCM_3,0.021669674921160693,OS,1
EVI2A_3,0.021693258055230175,OS,1
NES_3,0.021722623881311114,OS,1
NOX4_3,0.021844791243721233,OS,1
PDE4D_3,0.021932056856420613,OS,1
GIMAP2_3,0.022348198755984015,OS,1
PIK3R6_3,0.022393427251611548,OS,1
RNF213_3,0.022437248856174666,OS,1
PCSK1N_3,0.022446412381174737,OS,1
LPAR1_3,0.022457753976100416,OS,1
IRF8_3,0.022575573199532316,OS,1
TROAP_3,0.022590380514804602,OS,1
IL7R_3,0.022880714930726322,OS,1
GPR146_3,0.02299309464557339,OS,1
ADORA3_3,0.023062405058041142,OS,1
OLFML1_3,0.02306952637067091,OS,1
BIN2_3,0.02315738594793508,OS,1
DLGAP5_3,0.023218056844489368,OS,1
LY9_3,0.023307277497648517,OS,1
CHRNG_3,0.02332542801639719,OS,1
IKZF1_3,0.023340486478622587,OS,1
LOC611446_3,0.023397424435761257,OS,1
SHOX2_3,0.023404250433166535,OS,1
RRAD_3,0.02357811699441132,OS,1
LOC119877844,0.02368170416717564,OS,1
LST1_3,0.023684451399846068,OS,1
RANBP3L_3,0.023713615599370203,OS,1
LOC106559497_3,0.023845257614088726,OS,1
IL15RA_3,0.023940762199531677,OS,1
STMN1_3,0.024105073350931032,OS,1
SLC25A34_3,0.024237249005136997,OS,1
TBXAS1_3,0.024345102083539346,OS,1
ARL4D_3,0.024403121308082493,OS,1
IFI44L_3,0.024523782824810082,OS,1
SEPTIN6_3,0.02453760407390889,OS,1
DPYD_3,0.024735357893555774,OS,1
CD163_3,0.02494920508974784,OS,1
LOC119876044,0.025065728438068723,OS,1
TAPBPL_3,0.025131248891099384,OS,1
LOC102155122_3,0.025147998534021478,OS,1
CCL22_3,0.02524008317115523,OS,1
ATF5_3,0.025300354080828757,OS,1
OASL_3,0.025571266758843785,OS,1
MAEL_3,0.02573321097886545,OS,1
KIF4A_3,0.025846675470179464,OS,1
ANKRD29_3,0.025859207239823333,OS,1
CAMK1D_3,0.02601395507840981,OS,1
SRGN_3,0.02601931280693443,OS,1
POLE2_3,0.02616720091232322,OS,1
PRDM1_3,0.02627040771780748,OS,1
KIAA2012_3,0.026275770653971596,OS,1
MYOM3_3,0.026279070974067478,OS,1
FNBP1_3,0.026314218672681487,OS,1
IGSF3_3,0.02633750243239562,OS,1
ARRB1_3,0.026399007083740197,OS,1
BACE2_3,0.026399225283547302,OS,1
CMKLR1_3,0.026473792732798273,OS,1
KLHL30_3,0.026545444677755024,OS,1
ADAP2_3,0.02656897692529203,OS,1
CTNNAL1_3,0.02668061332582565,OS,1
IL1R2_3,0.02672555662677481,OS,1
PIK3CG_3,0.026733288801258227,OS,1
LAIR1_3,0.026770998799824662,OS,1
HSD11B1_3,0.02701517434955035,OS,1
SP100_3,0.02705878460694596,OS,1
PILRA_3,0.02716252894366786,OS,1
SLC13A5_3,0.027183125498225987,OS,1
CPE_3,0.02737509961359985,OS,1
SLC8A1_3,0.027375318581820955,OS,1
FLT3_3,0.0273793446048884,OS,1
SCRN2_3,0.02743347113799906,OS,1
P2RY14_3,0.027465571656927566,OS,1
LOC102156473_3,0.02760402718719368,OS,1
CD37_3,0.027604920083735558,OS,1
CD226_3,0.02773194560534579,OS,1
PBK_3,0.02773806121209404,OS,1
GAREM2_3,0.027827980999992154,OS,1
SPC24_3,0.02785220087050051,OS,1
GPR65_3,0.027891933434692137,OS,1
IRAG2_3,0.027897886795128342,OS,1
PLK4_3,0.027919764760629937,OS,1
SNX20_3,0.02799568317165695,OS,1
PRR7_3,0.028280565616003797,OS,1
GIMAP7_3,0.028430569522873084,OS,1
LOC484309_3,0.02846685680214358,OS,1
FGD2_3,0.02848741251707074,OS,1
LOC484356_3,0.028546260320104138,OS,1
CDK6_3,0.028618183904701763,OS,1
BOK_3,0.02863222261417212,OS,1
EPB41_3,0.02871557352570584,OS,1
NCF1_3,0.02898465196543079,OS,1
GIMAP4_3,0.029185385006973177,OS,1
EVA1C_3,0.029196090352358938,OS,1
LURAP1L_3,0.029316660468247727,OS,1
CRIP1_3,0.029347742620279782,OS,1
TLR4_3,0.029367964329827898,OS,1
SLC16A6_3,0.029477769448277298,OS,1
CLEC12A_3,0.029573894482384264,OS,1
ID1_3,0.029633824803179495,OS,1
TPCN1_3,0.02965183580836258,OS,1
CDCA8_3,0.029689968274354554,OS,1
LAGE3_3,0.029746740524772924,OS,1
HUNK_3,0.029790070648060163,OS,1
EXPH5_3,0.029804915043262263,OS,1
PARP14_3,0.029813872543827915,OS,1
GAL3ST4_3,0.029950196189908736,OS,1
LOC119875994_2,0.030391120484776057,OS,1
LOC100856518_3,0.030406765891269304,OS,1
LOC489911_3,0.03047122559102727,OS,1
LOC102155568_3,0.030560144544873328,OS,1
HOXD13_3,0.030686157885126148,OS,1
AMBN_3,0.030764004502581467,OS,1
UBA7_3,0.03081530922802523,OS,1
TOX_3,0.030928499352629923,OS,1
PLEKHG1_3,0.031014259825807473,OS,1
SLAMF7_3,0.031187381082139774,OS,1
IFI35_3,0.03119367403494982,OS,1
TFEC_3,0.031307229837378284,OS,1
LOC100855995_3,0.031360058762486834,OS,1
SLA_3,0.03154228913186674,OS,1
PLXNA3_3,0.031574541834130665,OS,1
PSMB9_3,0.031576804331312304,OS,1
FAT3_3,0.03160270779435326,OS,1
ADGRF3_3,0.03162691527416704,OS,1
RELN_3,0.031739620264736194,OS,1
LOC119878257,0.03177557131764175,OS,1
RPS6KA1_3,0.03181102207672281,OS,1
KYNU_3,0.031979909733242044,OS,1
C2_3,0.032008203320317716,OS,1
PLBD1_3,0.03214813200379031,OS,1
LOC119876730,0.0322760447503994,OS,1
ITGB2_3,0.032295883040813995,OS,1
AOAH_3,0.03235296455786579,OS,1
FANCD2_3,0.032527831203483355,OS,1
ADGRG6_3,0.032716653380519475,OS,1
LPAR5_3,0.03278803068646952,OS,1
NR1D1_3,0.03280493308801749,OS,1
LOC488947_3,0.03282982516478692,OS,1
SLC9A2_3,0.032935900838629094,OS,1
ARHGDIB_3,0.03302526593873134,OS,1
NLRP1_3,0.033441027951653886,OS,1
IL2RG_3,0.03358685964624275,OS,1
RAB42_3,0.033591531812274374,OS,1
IRX1_3,0.03373239611968667,OS,1
RBM3_3,0.03378176995221397,OS,1
DENND11_3,0.033894960200608476,OS,1
SRPK3_3,0.033905356577026334,OS,1
MAOB_3,0.03391076506600659,OS,1
LOC611536_3,0.03395842521131163,OS,1
MIS18A_3,0.03396898600431757,OS,1
MOXD1_3,0.03399096348477323,OS,1
JAZF1_3,0.03413003315873339,OS,1
APOBEC2_3,0.0343275166052119,OS,1
ECM1_3,0.034382269923101734,OS,1
CORO2A_3,0.03442356466708546,OS,1
TLR2_3,0.034440584442664054,OS,1
SPNS2_3,0.03453973938493963,OS,1
MYPN_3,0.03454485416262042,OS,1
UNC45B_3,0.0345964465942248,OS,1
CENPK_3,0.03460838553051335,OS,1
LOC106559420_3,0.034608763920642584,OS,1
PLXNC1_3,0.03462071448159918,OS,1
CCND2_3,0.034916186528340144,OS,1
RAB37_3,0.034923208827473164,OS,1
CCDC3_3,0.03503016923135806,OS,1
ADCY7_3,0.03504624252136135,OS,1
PCOLCE2_3,0.0350985404975567,OS,1
CDCA2_3,0.035203928075701885,OS,1
CRLF2_3,0.03522888679045912,OS,1
MAP2K6_3,0.03525846603364595,OS,1
MGST2_3,0.03535059913583966,OS,1
ACVRL1_3,0.03547103456630154,OS,1
LOC102154658_3,0.03556705726661355,OS,1
LOC119877181,0.03557034127585521,OS,1
LOC119877177,0.03582866502246713,OS,1
FGD4_3,0.03595537908868814,OS,1
NUDT19_3,0.03618814657393287,OS,1
PHLDB2_3,0.03623484427454714,OS,1
GPR183_3,0.0363670701792263,OS,1
RETSAT_3,0.036369669328186846,OS,1
CLEC5A_3,0.036427655435402724,OS,1
ABHD2_3,0.03644620048511037,OS,1
MCM5_3,0.0365269950128083,OS,1
LOC119878398,0.036619677782948265,OS,1
CHST8_3,0.03683302954342987,OS,1
PRELP_3,0.036949435598103084,OS,1
FCMR_3,0.036976009645880506,OS,1
SYTL1_3,0.03725091838100569,OS,1
LOC111096980_3,0.037313033242148075,OS,1
LOC111097086_3,0.037403165993812604,OS,1
PIK3R5_3,0.03761076681841409,OS,1
FCGR1A_3,0.03762204607619095,OS,1
RYR2_3,0.03771455848145787,OS,1
IFIT2_3,0.03782121533130795,OS,1
CIITA_3,0.03789473966723994,OS,1
IL10RA_3,0.037951149891202754,OS,1
PPP1R27_3,0.037958761957229525,OS,1
POU2F2_3,0.03807134639002818,OS,1
VSIG4_3,0.03823556527802317,OS,1
LMCD1_3,0.03825219740848887,OS,1
SLC25A48_3,0.03835152637199543,OS,1
ADSS1_3,0.03837601909095996,OS,1
NLRP3_3,0.03844871193167045,OS,1
CAVIN4_3,0.03846843243885737,OS,1
LOC102152083_3,0.03852491435943125,OS,1
BARX1_3,0.03878470715776463,OS,1
LOC489231_3,0.03898561076655409,OS,1
PON2_3,0.03922381392356082,OS,1
SYCE2_3,0.039236270871625366,OS,1
ITGAL_3,0.03928938921105948,OS,1
SPC25_3,0.03934018031540936,OS,1
ACKR2_3,0.03939417339472235,OS,1
B4GALNT3_3,0.03941103027296471,OS,1
NETO1_3,0.03944041247897133,OS,1
MYO7A_3,0.03948638919212988,OS,1
BCL11A_3,0.04000938465388719,OS,1
IDS_3,0.04003406022433775,OS,1
RCN3_3,0.040121190570886,OS,1
ARAP2_3,0.04024641927493939,OS,1
MICAL2_3,0.040369661512352016,OS,1
TCAP_3,0.04039577102574657,OS,1
ACCS_3,0.04042704088433966,OS,1
SERF1A_3,0.0404626407708889,OS,1
ESPL1_3,0.040790447880189845,OS,1
S1PR3_3,0.04082981763733354,OS,1
CD8A_3,0.04084060535494182,OS,1
CTSC_3,0.04103576283559155,OS,1
H2AC6_3,0.04103848270041436,OS,1
GPRC5A_3,0.04109475992987423,OS,1
TAP1_3,0.041097874170676826,OS,1
MYBL2_3,0.04112097934156086,OS,1
PIK3IP1_3,0.04133290188036956,OS,1
LOC119878576,0.04145929651442087,OS,1
PTPRK_3,0.0415704611174894,OS,1
CEP72_3,0.04166759109503598,OS,1
IL6R_3,0.04166804787137099,OS,1
TENT5A_3,0.04170510666533314,OS,1
UBE2C_3,0.04179853608120264,OS,1
FAM83D_3,0.04185010404050595,OS,1
CFAP410_3,0.04202727594180152,OS,1
TNFSF4_3,0.042043696829959266,OS,1
GAB2_3,0.042064739603027534,OS,1
ANGPTL4_3,0.0423415973374389,OS,1
DLA-DQB1_3,0.0423763939228467,OS,1
ABCA3_3,0.0423767262388244,OS,1
IL34_3,0.04247582059524615,OS,1
PIANP_3,0.04253484401102948,OS,1
RASSF2_3,0.04254034858696062,OS,1
KLRG1_3,0.042750417869454334,OS,1
EMILIN1_3,0.042771855451000436,OS,1
CORO1A_3,0.042967598985771044,OS,1
IL2RA_3,0.043243705416068305,OS,1
RTP4_3,0.04327107666472509,OS,1
CD180_3,0.043382420645261446,OS,1
ADGRV1_3,0.043392406867277154,OS,1
GLUL_3,0.043470146121228674,OS,1
NCF4_3,0.04359098149225635,OS,1
TIFAB_3,0.04381954231847301,OS,1
MYF6_3,0.04391226096056667,OS,1
LOC119876690,0.04398415897026196,OS,1
TBC1D10C_3,0.04402592388192712,OS,1
LPCAT2_3,0.04404801050820705,OS,1
AURKA_3,0.04425841978108258,OS,1
CD40_3,0.044271885433124894,OS,1
ORC6_3,0.044281009640998216,OS,1
CRYBA4_3,0.044463522476789905,OS,1
LOC111098122_2,0.04458671755167133,OS,1
SLCO3A1_3,0.044639689556559684,OS,1
TMEM63B_3,0.04482841690411909,OS,1
GSDMD_3,0.04505831594267547,OS,1
ITGB7_3,0.04509760547625642,OS,1
LOC106557817_2,0.045208567954506854,OS,1
SKA3_3,0.04526915693745668,OS,1
RASL11A_3,0.045339430944236495,OS,1
TNFRSF1B_3,0.04537566764646523,OS,1
LAMP3_3,0.04543595397679294,OS,1
LOC487977_3,0.04549340444059121,OS,1
FMOD_3,0.0456332298101841,OS,1
DDX60_3,0.04563991686845863,OS,1
LOC102154610_3,0.045659239489229266,OS,1
PDGFRA_3,0.04567073552001345,OS,1
DDX58_3,0.045807842483664436,OS,1
WWC1_3,0.04585744757857312,OS,1
PHOSPHO1_3,0.045887721946670276,OS,1
DBF4B_3,0.046202753303586135,OS,1
STK32B_3,0.04640010944524428,OS,1
LOC100682670_3,0.04673829498926796,OS,1
ATP8A1_3,0.04681392324606689,OS,1
NCAPH_3,0.046982351516686824,OS,1
RAI2_3,0.04711653210730028,OS,1
TNNI1_3,0.04731111942535771,OS,1
HAAO_3,0.047326646225932675,OS,1
ACOD1_3,0.04746291985004292,OS,1
SLC49A3_3,0.047589190668169905,OS,1
IRF1_3,0.04761161343744256,OS,1
THEMIS2_3,0.047629904375069865,OS,1
LY96_3,0.04773475841724042,OS,1
STK38L_3,0.047799998541727215,OS,1
FAM189A2_3,0.04788897314994539,OS,1
MCM4_3,0.048013234767111536,OS,1
CXCR6_3,0.04804037189763796,OS,1
SAMD11_3,0.048057436667208735,OS,1
IFI30_3,0.048092627389940884,OS,1
SERTM1_3,0.04826482195993346,OS,1
SUCNR1_3,0.04827440152635903,OS,1
TRIB3_3,0.048519438502602624,OS,1
AQP1_3,0.04866582222039414,OS,1
GRAP2_3,0.04867641054577616,OS,1
MTURN_3,0.04881389403675606,OS,1
HOXD11_3,0.04899102598869598,OS,1
P3H2_3,0.04911281592397099,OS,1
LOC119879221,0.049328506637205685,OS,1
CLEC7A_3,0.049568323666293566,OS,1
AFF2_3,0.0496218785111836,OS,1
RN7SL1_2,0.049651265058669486,OS,1
ADPRHL1_3,0.04980887807518234,OS,1
LOC102155917_3,0.05002587598575538,OS,1
LOC111090004_3,0.050031228665935665,OS,1
MYOZ1_3,0.05017190389358799,OS,1
GTSE1_3,0.05029394809071887,OS,1
TRIM34_3,0.050297618956355525,OS,1
TFPI2_3,0.05032094752955322,OS,1
CPM_3,0.050590666240834324,OS,1
CSDC2_3,0.05072280641261712,OS,1
MINPP1_3,0.05078141698174099,OS,1
LCK_3,0.050818458973283576,OS,1
CELF2_3,0.05083954570478146,OS,1
GZMK_3,0.05090169627302254,OS,1
PCDH19_3,0.05103713755572828,OS,1
ACSL5_3,0.05104647626592562,OS,1
GABRE_3,0.051063059023135356,OS,1
CCN1_3,0.05117486422706679,OS,1
ID3_3,0.051250288176225275,OS,1
SERPING1_3,0.05129426714384277,OS,1
CSRP3_3,0.05134645826441281,OS,1
NR2F1_3,0.05140344331699958,OS,1
FAM120C_3,0.05169358339737669,OS,1
GAS6_3,0.05176319627253824,OS,1
TNFSF10_3,0.0518653896859433,OS,1
PPL_3,0.05197219498900615,OS,1
LRRC25_3,0.051979755646887116,OS,1
CYB561A3_3,0.052138061284057215,OS,1
SPI1_3,0.05237331496317185,OS,1
TMEM51_3,0.052561236900631206,OS,1
ICAM2_3,0.0526828784477205,OS,1
PLAC8A_3,0.052751010674003854,OS,1
KERA_3,0.05285524613989409,OS,1
ERAP2_3,0.052939832119421264,OS,1
LOC102153058_3,0.05299712524193012,OS,1
GNG11_3,0.05303575536712669,OS,1
CSF2RA_3,0.053133677525012954,OS,1
LHX2_3,0.05313638015945497,OS,1
UHRF1_3,0.05324082305295074,OS,1
LOC102153175_3,0.05331275596918554,OS,1
DNAJB1_3,0.05335134623159358,OS,1
XDH_3,0.053568436093420733,OS,1
SPDL1_3,0.05357607225990502,OS,1
LOC609753_3,0.05419642714240405,OS,1
TNNI2_3,0.05429428841039021,OS,1
GRIA2_3,0.05432947311042042,OS,1
ATP1B4_3,0.05442694031772486,OS,1
PSAT1_3,0.05468039195669072,OS,1
IGFBP7_3,0.05478232861773714,OS,1
LDB3_3,0.05479125657819579,OS,1
ATP2A3_3,0.05485135649606451,OS,1
SYK_3,0.055048526039572,OS,1
DNASE1L3_3,0.05533866671398608,OS,1
PLCG2_3,0.055666297509987174,OS,1
LOC111089962_3,0.05581559856819518,OS,1
ABCA6_3,0.05625265662197262,OS,1
RBMS3_3,0.056261703086791535,OS,1
SELL_3,0.05632232599334442,OS,1
H2BC8_3,0.056362832321479345,OS,1
CDK1_3,0.05654181814790517,OS,1
LOC100856339_3,0.056740111260380754,OS,1
ENO3_3,0.056906046517559,OS,1
LOC119868972_2,0.057294057764408296,OS,1
SUSD1_3,0.057307875849378874,OS,1
SCIMP_3,0.057359219084803584,OS,1
LOC119877252,0.057516416116216135,OS,1
CHRNA1_3,0.05753685600019485,OS,1
ARHGAP9_3,0.057595876739244385,OS,1
TBC1D9_3,0.057663428593805126,OS,1
PLEK_3,0.05771641457721108,OS,1
LUM_3,0.057758290016900145,OS,1
GINS4_3,0.057814130771372436,OS,1
IL16_3,0.058079534120501285,OS,1
ADAM8_3,0.058184000549421244,OS,1
SLC9A5_3,0.0581840862795984,OS,1
POLE_3,0.05838929275158807,OS,1
IFGGB2_3,0.05850702761085497,OS,1
DLA-DOA_3,0.05852527130437975,OS,1
RGS7_3,0.05885394233811989,OS,1
PAIP2B_3,0.05893577526982332,OS,1
LOC100686047_3,0.05906041253097019,OS,1
HEYL_3,0.059194688048291845,OS,1
LOC477699_3,0.059202018014901464,OS,1
CD3E_3,0.05934350192372715,OS,1
FGD1_3,0.0594926014738105,OS,1
SLC46A3_3,0.05952380651962535,OS,1
RNASEL_3,0.05957701292214624,OS,1
LOC100855449_3,0.059614120801446104,OS,1
ADAP1_3,0.05985251476685962,OS,1
TK1_3,0.059987089875718824,OS,1
LOC119878577,0.06005327943685137,OS,1
LOC119878234,0.060093028783051235,OS,1
DHX58_3,0.060200252685789685,OS,1
SERPINB8_3,0.06023202303595122,OS,1
CD27_3,0.060304858110546096,OS,1
LOC487172_3,0.06036807413385154,OS,1
SMTNL2_3,0.060383503358949125,OS,1
MTFR2_3,0.06045174651746386,OS,1
GLT1D1_3,0.06045301947801087,OS,1
DDIT3_3,0.06058918444525358,OS,1
PM20D2_3,0.06087955170701527,OS,1
LOC612325_3,0.06101629142372876,OS,1
KIAA1671_3,0.06107232687303209,OS,1
GMNN_3,0.06141541379491225,OS,1
IL31RA_3,0.06142897376506636,OS,1
ASB5_3,0.0616056227419138,OS,1
NGFR_3,0.061811552325794834,OS,1
LOC484306_3,0.061897543255721665,OS,1
RNLS_3,0.06214761182063465,OS,1
PI16_3,0.06231539657693686,OS,1
CD300A_3,0.062318295510206595,OS,1
IFGGC1_3,0.0627574562224122,OS,1
AURKB_3,0.06275828187160033,OS,1
LYPD6_3,0.06277820059445881,OS,1
CASQ2_3,0.06285193988103638,OS,1
SIVA1_3,0.06290713330600194,OS,1
CLIC2_3,0.06302582410387292,OS,1
CENPT_3,0.06326211523782714,OS,1
CLCN4_3,0.06343786983076906,OS,1
ACTN3_3,0.0637148953914768,OS,1
SMYD1_3,0.0637338002585396,OS,1
LOC119878575,0.06399548887343819,OS,1
NKD2_3,0.06420893291354578,OS,1
PLAAT4_3,0.0642428849881328,OS,1
ANOS1_3,0.06430808750770545,OS,1
FGF10_3,0.06444658699709059,OS,1
CACNB1_3,0.0644546425592282,OS,1
CNTNAP1_3,0.06467683126158055,OS,1
LOC100686484_3,0.06471820191266496,OS,1
POLQ_3,0.06477883144877322,OS,1
SH2D1A_3,0.06504928834768804,OS,1
TRIM13_3,0.06517597798613427,OS,1
HPSE_3,0.06521581576428791,OS,1
IDO1_3,0.06528352386906937,OS,1
ITGB1BP2_3,0.06532078302612157,OS,1
TRANK1_3,0.06540397764556333,OS,1
RCSD1_3,0.06544710723920813,OS,1
FN1_3,0.065508552752543,OS,1
ASIC2_3,0.06563529647165743,OS,1
VANGL2_3,0.0658044069022882,OS,1
PHACTR1_3,0.06592153400685914,OS,1
P2RY13_3,0.0659224780709773,OS,1
GBP5_3,0.06596216285343705,OS,1
MBP_3,0.06635330672088628,OS,1
MYH3_3,0.06645783063906024,OS,1
FLRT3_3,0.06649534233100789,OS,1
CA13_3,0.06659739145238892,OS,1
SCUBE3_3,0.06683493406999765,OS,1
ARHGAP15_3,0.06715431984749651,OS,1
RGS10_3,0.06724008769774388,OS,1
TNNT3_3,0.06728558201329046,OS,1
LOC119876408,0.06730945267235858,OS,1
LY86_3,0.06742519347202577,OS,1
DLA-DOB_3,0.06756551122442037,OS,1
CCNB1_3,0.06761945351531497,OS,1
SLC4A11_3,0.0676440876985537,OS,1
COL13A1_3,0.06829974154481107,OS,1
TMEM182_3,0.06851354951435318,OS,1
ABCB1_3,0.0690614557412621,OS,1
ATP8B4_3,0.06911560606743819,OS,1
PRKCH_3,0.06919112984007846,OS,1
CACNA1C_3,0.06956092763168967,OS,1
CD96_3,0.06974246208379008,OS,1
IL2RB_3,0.06975496398023302,OS,1
LAMA3_3,0.06977459168571487,OS,1
LOC119863906_3,0.0699122793127343,OS,1
DKK1_3,0.06995867022447064,OS,1
HHATL_3,0.07013405029614056,OS,1
CCR7_3,0.07016921875194045,OS,1
SLAMF6_3,0.0701775377564509,OS,1
GASK1A_3,0.07050070043409733,OS,1
LOC488190_3,0.07054677895126686,OS,1
SEPTIN1_3,0.07066250223584623,OS,1
TNFSF9_3,0.07076412883263318,OS,1
KLHDC3_3,0.0708713903673326,OS,1
GALNT15_3,0.07092395011219875,OS,1
PDLIM1_3,0.07093007840793703,OS,1
LOC119873404_3,0.07099397999969817,OS,1
CD209_3,0.07129273598275955,OS,1
LYZ_3,0.07129566975058947,OS,1
LOC119877638,0.07133458718061468,OS,1
MX2_3,0.0714501467111633,OS,1
KCNIP3_3,0.07163083379361691,OS,1
HELLS_3,0.07193587173436101,OS,1
LOC119878508,0.0720782851287523,OS,1
LAT_3,0.07220283812537574,OS,1
HES4_3,0.07227962765996894,OS,1
IRF7_3,0.07235144730030908,OS,1
LOC119874749_2,0.07242544341743548,OS,1
TMEM117_3,0.07256455707973686,OS,1
LOC489534_3,0.07272339438789471,OS,1
TMEM97_3,0.0727904778050977,OS,1
LOC483396_2,0.07294265186300387,OS,1
PRRX1_3,0.07318083875911628,OS,1
CDT1_3,0.07318375054132974,OS,1
TMCC3_3,0.07335225007163117,OS,1
P2RY12_3,0.07343316565740748,OS,1
AFAP1_3,0.07348356309296145,OS,1
RASGEF1B_3,0.07388684930965111,OS,1
LOC119879332,0.07395596899829841,OS,1
FZD6_3,0.07423101842327817,OS,1
CHST2_3,0.07423426290533859,OS,1
CENPA_3,0.07455222688667114,OS,1
CCNA2_3,0.07464261206599433,OS,1
DAPK1_3,0.07485113529140057,OS,1
HILPDA_3,0.07485129930644949,OS,1
LOC119876202,0.07486166393340223,OS,1
ADGRE1_3,0.07487533114408232,OS,1
COX6A2_3,0.07502109335691673,OS,1
CDC20_3,0.07504487221501711,OS,1
HERC6_3,0.07509208839268985,OS,1
PANX1_3,0.07542319721183709,OS,1
PLAC8B_3,0.07543802635563614,OS,1
ADAMTS5_3,0.07561020719684278,OS,1
RAPSN_3,0.07563087448827815,OS,1
CXCL10_3,0.0757512956462445,OS,1
LOC119876786,0.07582970813046579,OS,1
C10H12orf75_3,0.07591559731460022,OS,1
COL4A5_3,0.07595357039090982,OS,1
TFCP2L1_3,0.07604429713972066,OS,1
ADRA1D_3,0.07638892668740221,OS,1
CCDC69_3,0.07675760144427693,OS,1
TMEM176B_3,0.07680512748289942,OS,1
UNC13D_3,0.07722419258368103,OS,1
TENM4_3,0.0772741213033741,OS,1
MCOLN2_3,0.07741679524995458,OS,1
RENBP_3,0.0774288407267083,OS,1
CYSLTR2_3,0.07746462497152529,OS,1
HOXC4_3,0.07774822146049211,OS,1
LOC475935_2,0.07775224909601398,OS,1
SFRP4_3,0.07776015223521109,OS,1
C1S_3,0.07779618691751608,OS,1
GABRA3_3,0.07783270304077279,OS,1
CYBRD1_3,0.07814637860944833,OS,1
CLCN5_3,0.0781809041821276,OS,1
APOL5_3,0.07819252667189286,OS,1
CHAC1_3,0.07839834589476412,OS,1
PDE7B_3,0.07842089266174004,OS,1
LOC119870962_3,0.07846920233322766,OS,1
ASIC3_3,0.0788828257101036,OS,1
LOC119866360_3,0.07892876757129602,OS,1
PCDH20_3,0.07895784060965981,OS,1
CD109_3,0.07896925991124333,OS,1
LOC111090339_3,0.0791278814482297,OS,1
EBI3_3,0.07937206295766253,OS,1
CEP131_3,0.07949692858921681,OS,1
TMEM176A_3,0.07953350103885969,OS,1
LOC608848_3,0.0796659103343089,OS,1
MEFV_3,0.07971110220656545,OS,1
COL23A1_3,0.07972309825520871,OS,1
LOC119866299_3,0.07977701680485397,OS,1
DEPDC1_3,0.07981750184453659,OS,1
MACROH2A2_3,0.08007698697896432,OS,1
LOC102153193_2,0.080151627492652,OS,1
LOC100684769_3,0.08031076233366606,OS,1
APOL6_3,0.0806833698650524,OS,1
KLHL38_3,0.08085343888934442,OS,1
OAS3_3,0.08100465843730356,OS,1
HOXA7_3,0.08131964722020137,OS,1
LOC119868251_3,0.08141724700103894,OS,1
POLR1C_3,0.08150470399244304,OS,1
SV2A_3,0.08162947488181686,OS,1
NKG7_3,0.08169633289793393,OS,1
ISG20_3,0.08174214373531223,OS,1
LOC119873925_3,0.08187636832033994,OS,1
TNNT2_3,0.08207850309741532,OS,1
LOC119879445,0.08227288382877285,OS,1
GATA6_3,0.08241628040660649,OS,1
LOC609817_3,0.08251361089965491,OS,1
OSR2_3,0.08262187455453081,OS,1
ZBED2_3,0.08282969194693096,OS,1
GNGT2_3,0.08285828876320776,OS,1
TGFBR2_3,0.08294014030229256,OS,1
CACNA1S_3,0.08295331045051765,OS,1
ADAMTS9_3,0.08311983150917844,OS,1
LOC119877926,0.08324943550443475,OS,1
ECHDC2_3,0.08345350196295369,OS,1
DENND2A_3,0.08353548639138057,OS,1
NPDC1_3,0.08361015428330659,OS,1
LOC119864445_3,0.08364911978523039,OS,1
LOC119869063_2,0.08379315412551076,OS,1
ST6GAL1_3,0.08379400411493096,OS,1
RUBCNL_3,0.0838540083715252,OS,1
E2F1_3,0.08389433866430925,OS,1
PAPPA_3,0.08403615885870767,OS,1
CD3D_3,0.0840731835548263,OS,1
RAB20_3,0.08409128581781042,OS,1
ACTC1_3,0.0841185373860818,OS,1
LMOD3_3,0.0842328533237826,OS,1
IGFBP5_3,0.0842336376252032,OS,1
CA5B_3,0.08441096857535257,OS,1
STC1_3,0.08441955814058573,OS,1
PLCXD2_3,0.08463244216983172,OS,1
SH2D2A_3,0.08467761434348159,OS,1
RGS14_3,0.0849737823945902,OS,1
LYN_3,0.0850345597873343,OS,1
AHR_3,0.08520819358692333,OS,1
CAPG_3,0.08522854005256829,OS,1
SEMA3E_3,0.08527128868439754,OS,1
MYH8_3,0.08566827755128732,OS,1
MRAP2_3,0.08574511803168754,OS,1
SYNDIG1_3,0.08602120592227142,OS,1
VXN_3,0.0860878192506344,OS,1
LOC119878256,0.08654838742797864,OS,1
GZMA_3,0.08666694709128221,OS,1
PPP1R3A_3,0.08672342707703513,OS,1
SP7_3,0.08676084393297681,OS,1
VCAM1_3,0.08688145603543543,OS,1
CAV3_3,0.08704419511751538,OS,1
PARD3B_3,0.08707492314364812,OS,1
LOC100856137_3,0.08717372920168708,OS,1
ABCA8_3,0.0873656450987806,OS,1
PDLIM5_3,0.08737138464199216,OS,1
SLC39A8_3,0.08742551430440632,OS,1
UBE2QL1_3,0.08775060661801523,OS,1
LRFN4_3,0.08781147400913661,OS,1
SORCS2_3,0.08785845682561201,OS,1
LOC119876653,0.08823210838471826,OS,1
SLAMF9_3,0.088333982153762,OS,1
LOC119878869,0.0883574662819735,OS,1
LOC119868876_2,0.08839204497774132,OS,1
LOC480926_3,0.0887586673106056,OS,1
CXCL16_3,0.0887678597925416,OS,1
ATP2A1_3,0.08907468296217055,OS,1
SEL1L3_3,0.08925859587612676,OS,1
PLAAT3_3,0.08926244681578771,OS,1
OSMR_3,0.08945273580525935,OS,1
C17H1orf162_3,0.08946734495380894,OS,1
PLPP1_3,0.08953986060133672,OS,1
RPL36_3,0.08961709221516843,OS,1
IL18RAP_3,0.08997022685145838,OS,1
CLEC2D_3,0.08997576673620696,OS,1
SOX9_3,0.09011224407659753,OS,1
THNSL2_3,0.09016758076070266,OS,1
NIBAN1_3,2.0854898450257623e-05,OS,2
KCTD12_3,2.9324386890357288e-05,OS,2
PTEN_3,3.379822416914139e-05,OS,2
TNFRSF6B_3,0.00010422007570151669,OS,2
CYP4V2_3,0.00010638339093105292,OS,2
GPRC5C_3,0.00010752067233819807,OS,2
TONSL_3,0.0001339976132099452,OS,2
CSRP1_3,0.00013802296932588295,OS,2
ATAD1_3,0.00027636472483918094,OS,2
ADAMTS4_3,0.0002797672065678618,OS,2
H2AX_3,0.000314463865478107,OS,2
RECQL4_3,0.0003573870727348226,OS,2
SGMS1_3,0.00042389686260570957,OS,2
ACSS3_3,0.0004258557319928692,OS,2
ALOX5_3,0.00044121313406783705,OS,2
CCNB3_3,0.0004651335679865162,OS,2
GPR34_3,0.0005348141958218525,OS,2
ZMAT1_3,0.0005394848231444579,OS,2
SELENOP_3,0.0005452916243077984,OS,2
RCOR2_3,0.0005501221716557008,OS,2
TDRD7_3,0.0005595809193855976,OS,2
GABRA2_3,0.0006995665555974205,OS,2
SULT1C4_3,0.0007105779852112217,OS,2
TLR7_3,0.0007339140293499684,OS,2
MYOF_3,0.000794311018292666,OS,2
PTTG1_3,0.0008063492859628632,OS,2
TSPAN33_3,0.0008867083968172488,OS,2
LRFN4_3,0.0008911009015070737,OS,2
STON1_3,0.0009338548028822367,OS,2
FMO5_3,0.0009763420958006926,OS,2
ELOVL4_3,0.0009780531903303402,OS,2
FAS_3,0.0010083101249378692,OS,2
LOC119877181,0.0010326375355282774,OS,2
CA14_3,0.0010404917601838065,OS,2
TRIP13_3,0.001051762831492688,OS,2
MINPP1_3,0.0010623716752315847,OS,2
MAP1LC3C_3,0.0011562963023183227,OS,2
LOC476816_3,0.0011926531356477585,OS,2
RAB30_3,0.001241709920843073,OS,2
PAG1_3,0.0012840324537253375,OS,2
CIRBP_3,0.0013338202230770417,OS,2
FGL2_3,0.0013735389784909277,OS,2
BLNK_3,0.001403772684619091,OS,2
LOC119877191,0.0014071929727944822,OS,2
SH3D19_3,0.0015641048901632712,OS,2
UBE2S_3,0.0015810908296216785,OS,2
DENND2B_3,0.0015861584538906343,OS,2
SAMD9L_3,0.001645237231412418,OS,2
ARRB1_3,0.0016563826118391647,OS,2
JAZF1_3,0.0016743739020322378,OS,2
SERTM1_3,0.0017171391740418093,OS,2
PHLDB2_3,0.0017423411805204693,OS,2
FAM107A_3,0.0017901151076616416,OS,2
CSF1R_3,0.0018036475629221059,OS,2
TBC1D9_3,0.0018204578006849788,OS,2
EVI2B_3,0.0018832465958007695,OS,2
LEPR_3,0.0018932179884522645,OS,2
STAMBPL1_3,0.00191087381775009,OS,2
SLC8A1_3,0.001914408461033033,OS,2
AFAP1_3,0.0019153553162213725,OS,2
MTURN_3,0.0020846923301933865,OS,2
FAM180A_3,0.0021072966990124064,OS,2
SMTNL2_3,0.002134622159993987,OS,2
TMEM86A_3,0.002318616783289676,OS,2
CARD6_3,0.002322273752017745,OS,2
TNFAIP8L2_3,0.002329705455670981,OS,2
MEX3A_3,0.0023987403439087365,OS,2
DDIT4_3,0.0024074478426420977,OS,2
ACP3_3,0.002413585410316248,OS,2
HACD4_3,0.0024165455177819774,OS,2
CBX7_3,0.0024552487014314656,OS,2
GPR183_3,0.00248050849248471,OS,2
VGLL2_3,0.0026326930323558166,OS,2
ADAMTSL3_3,0.0026596637766109167,OS,2
PHGDH_2,0.002699751270086688,OS,2
LOC100855995_3,0.0027448804692298155,OS,2
LOC119874749_2,0.0028427172251147144,OS,2
SIVA1_3,0.002892402631575572,OS,2
DNPH1_3,0.0029339866407668974,OS,2
ADGRF1_3,0.002940745107958568,OS,2
BARX1_3,0.0029544717477403733,OS,2
POFUT2_3,0.003007224002111653,OS,2
PIK3AP1_3,0.003047746920727387,OS,2
IRX1_3,0.003059984727579205,OS,2
SCUBE3_3,0.0031336174881171765,OS,2
CASP8_3,0.0031401058118270685,OS,2
PRKAR2B_3,0.003140133954342394,OS,2
SLC12A8_3,0.0031932453474222073,OS,2
ENPP5_3,0.0033412610633072885,OS,2
MGST2_3,0.0033635728977365943,OS,2
TRIB3_3,0.0033786808769414958,OS,2
HSP70_3,0.0034362584057635753,OS,2
EPHA2_3,0.0034379080215959034,OS,2
SLC6A6_3,0.003457780624879927,OS,2
ECT2_3,0.0034805613107062104,OS,2
NETO1_3,0.0034922518226469658,OS,2
INPP5D_3,0.0035128621451328283,OS,2
P2RX7_3,0.0036207944026931047,OS,2
CYTH4_3,0.0036511500713702367,OS,2
CDCA5_3,0.003657931715744121,OS,2
POLE2_3,0.003715327222161892,OS,2
STC1_3,0.0037245610627493018,OS,2
CDCA8_3,0.0037572899410859314,OS,2
EPAS1_3,0.003772658903808889,OS,2
TROAP_3,0.0038122270666847294,OS,2
ADGRG6_3,0.0038482664120999418,OS,2
ADGRE3_3,0.003914869396612348,OS,2
LOC111091730_3,0.00397319681763122,OS,2
GSAP_3,0.004006656670511654,OS,2
EFNA3_3,0.004032127022713773,OS,2
ABHD2_3,0.0040465429072946354,OS,2
SIM2_3,0.004100668560206084,OS,2
CARD9_3,0.0042815676676943755,OS,2
STING1_3,0.004297661032036437,OS,2
SERPINB8_3,0.004463909314763263,OS,2
MIS18A_3,0.004501505689392564,OS,2
PLK4_3,0.004535314806345037,OS,2
NCKAP1L_3,0.004600352840224044,OS,2
LAGE3_3,0.004630815996637784,OS,2
OSBPL3_3,0.004672813290676082,OS,2
DLGAP5_3,0.004717600028788576,OS,2
FAM131C_3,0.00477298771719609,OS,2
MICAL2_3,0.004798793756726836,OS,2
LMO2_3,0.004851753915800943,OS,2
LOC119873395_3,0.004905139432522196,OS,2
NELL2_3,0.004921777267745682,OS,2
CDT1_3,0.004927741121469593,OS,2
LOC119875957_1,0.00499209892954307,OS,2
LAPTM5_3,0.005159508595734975,OS,2
LOC106559420_3,0.005162567653165838,OS,2
RBPMS2_3,0.005186682889820907,OS,2
LOC111097086_3,0.005262105640501629,OS,2
PARP15_3,0.005283523945771511,OS,2
PRDM1_3,0.005301725166790295,OS,2
RNLS_3,0.0054787061340794046,OS,2
VSIR_3,0.005484568647194626,OS,2
MEST_3,0.005492473809481555,OS,2
LOC477699_3,0.005517589838570827,OS,2
CENPV_3,0.005564147104645241,OS,2
SCML2_3,0.005577659324262965,OS,2
SPC25_3,0.005808153933594337,OS,2
BTK_3,0.005841292896045484,OS,2
NUDT19_3,0.00584439318195718,OS,2
MYBL2_3,0.005858193678090736,OS,2
AURKA_3,0.005941503183966268,OS,2
LOC102155122_3,0.005983164313920769,OS,2
PAPSS2_3,0.005993174082001951,OS,2
KIF18B_3,0.00614325155076868,OS,2
RGS18_3,0.006184976130984818,OS,2
LIPA_3,0.006204477354891723,OS,2
ESPL1_3,0.0063231626816418205,OS,2
TENT5A_3,0.006327943456144269,OS,2
STUM_3,0.00649903201951486,OS,2
KIAA0040_3,0.006555558681170184,OS,2
NCAPH_3,0.006591351226001717,OS,2
SDK2_3,0.006600010922159229,OS,2
RETSAT_3,0.006685268050758106,OS,2
UBE2C_3,0.0066864006893926275,OS,2
GALNT15_3,0.006704048963744102,OS,2
PPA1_3,0.006777332845439973,OS,2
LURAP1L_3,0.006826828771389861,OS,2
TYROBP_3,0.006860005856866215,OS,2
CTSH_3,0.006968469722204034,OS,2
NPL_3,0.006996730674611202,OS,2
LOC119878310,0.007065591469659994,OS,2
MAB21L2_3,0.007110358432846033,OS,2
PYCARD_3,0.007128384181034684,OS,2
ATP8B4_3,0.007155002641582687,OS,2
DSN1_3,0.007173301292341353,OS,2
LOC119876150,0.0072219849207002,OS,2
HNMT_3,0.0072261802413608744,OS,2
PID1_3,0.0072550900967508995,OS,2
LOC119877688,0.007315732781306035,OS,2
PTPN6_3,0.0074090283325289686,OS,2
DPM3_3,0.007410293116886805,OS,2
PIK3CG_3,0.007413934641688089,OS,2
DNAH10_3,0.007503098749990329,OS,2
H2BC19_3,0.0075367953837945445,OS,2
TMCC3_3,0.007547966766280867,OS,2
PTPRC_4,0.007587226278742704,OS,2
HK2_3,0.007726019529922331,OS,2
LTBP1_3,0.007786797648092265,OS,2
MXRA5_3,0.0078124587841179515,OS,2
RENBP_3,0.007842482723672507,OS,2
DBF4B_3,0.007868380649850855,OS,2
ABCC3_3,0.00790603543892742,OS,2
STK39_3,0.007932983065794885,OS,2
LOC102157159_3,0.008173070216041255,OS,2
CEP72_3,0.00817784039873564,OS,2
ORC6_3,0.008227536445841017,OS,2
APOBEC3Z3_4,0.008373182737840679,OS,2
RBM44_3,0.00837534640032116,OS,2
FANCA_3,0.00845249737095421,OS,2
PGAM2_3,0.008481663796393092,OS,2
PON3_3,0.008526144799915219,OS,2
LOC119877532,0.008635704598800375,OS,2
ASAH1_3,0.008657907453659481,OS,2
LOC119868838_2,0.00865991293191793,OS,2
FGF23_3,0.008690323075379505,OS,2
GADD45GIP1_3,0.008749468538655287,OS,2
GAB2_3,0.008751823474688095,OS,2
CALD1_3,0.008820518074134292,OS,2
TLR3_3,0.008880027019111272,OS,2
DNA2_3,0.008880069876570624,OS,2
SELENOH_3,0.008907228276769479,OS,2
CHAC1_3,0.009003333320899807,OS,2
PTGFR_3,0.009216843269538649,OS,2
GLRX_3,0.009249129455697476,OS,2
SPAG5_3,0.009274691382868103,OS,2
ADAMTS1_3,0.0095232257264449,OS,2
LOC102156473_3,0.009552895779849496,OS,2
FRRS1_3,0.0095839449011224,OS,2
KLHL30_3,0.009593244454566144,OS,2
LOC111095048_3,0.009646726432852368,OS,2
SQOR_3,0.00965868397132869,OS,2
CSTF2T_3,0.009665222926661263,OS,2
SLC36A2_3,0.009678185189678378,OS,2
CD86_3,0.009732491206869701,OS,2
SCTR_3,0.009743254293227173,OS,2
RASSF5_3,0.009782992604878861,OS,2
ATAD2_3,0.009789448327808288,OS,2
MAL_3,0.009802475077348828,OS,2
FSTL1_3,0.009829466572496559,OS,2
ATF5_3,0.009833208956840733,OS,2
NDUFB9_3,0.009869302112939947,OS,2
PIM1_3,0.01005970334736699,OS,2
NSMCE2_3,0.01010474362850324,OS,2
GTSE1_3,0.010108458872282896,OS,2
LOC102152083_3,0.010138816970483449,OS,2
CCNA2_3,0.010239496381560954,OS,2
MILR1_3,0.010244888745727824,OS,2
GYPC_3,0.010432326018281972,OS,2
LDLRAD3_3,0.010480978909377242,OS,2
RRAD_3,0.010524530195916542,OS,2
MAEL_3,0.010527597252345132,OS,2
CHRNG_3,0.010632329553996822,OS,2
FN1_3,0.010705241878760534,OS,2
LOC487476_3,0.010718918247210012,OS,2
C6H16orf54_3,0.010810160738000537,OS,2
MYF6_3,0.010860216119671959,OS,2
TFPI2_3,0.010907786574321206,OS,2
C32H4orf54_3,0.010925847792793559,OS,2
LHX2_3,0.010974403692846834,OS,2
DUSP10_3,0.011136466478517694,OS,2
LCP1_3,0.011302165372237456,OS,2
MARCHF1_3,0.011349902944070057,OS,2
PARP4_3,0.011440986355541465,OS,2
KIF4A_3,0.011464130074335086,OS,2
LAMA3_3,0.011467892587319364,OS,2
TAGAP_3,0.011489142834011874,OS,2
GLT1D1_3,0.01150621031010526,OS,2
SELPLG_3,0.01155476049645292,OS,2
LOC119878234,0.011609636145470623,OS,2
IL34_3,0.01162548650447632,OS,2
FANCD2_3,0.011732307700281497,OS,2
C3AR1_3,0.011827505650463522,OS,2
TRIM14_3,0.011888412179084427,OS,2
H2AC6_3,0.01196401270090855,OS,2
ANXA3_3,0.012016596588648693,OS,2
SLC13A5_3,0.012026783655876836,OS,2
MOSPD2_3,0.012074402697221383,OS,2
GNG11_3,0.01211450825329749,OS,2
LGR4_3,0.012201643273170842,OS,2
PSAT1_3,0.012221947520536606,OS,2
CXCL14_3,0.01222447207088815,OS,2
UHRF1_3,0.012474897443354938,OS,2
TRANK1_3,0.012505565207467737,OS,2
RYR2_3,0.012657909343423349,OS,2
DENND1C_3,0.012718945468905611,OS,2
KLHL40_3,0.012732662768835166,OS,2
XG_3,0.012738822640280872,OS,2
PAPPA_3,0.012781678990007731,OS,2
LOC119878294,0.012810471097381173,OS,2
GMFG_3,0.01286014248385925,OS,2
ANKRD37_3,0.012904539879913954,OS,2
PIK3IP1_3,0.013041741552029395,OS,2
UBE2T_3,0.013062192509691924,OS,2
LOC119878351,0.01318426481019559,OS,2
DUSP9_3,0.013394467527227118,OS,2
MS4A7_3,0.013431452344257319,OS,2
IGFBP5_3,0.013475149788613621,OS,2
GASK1A_3,0.0135227314640969,OS,2
ITGBL1_3,0.013642769355806179,OS,2
CDCA3_3,0.013657320038406032,OS,2
MPIG6B_3,0.013698930178075167,OS,2
H2BC8_3,0.013717572668562725,OS,2
OSR2_3,0.013783748422430193,OS,2
CABCOCO1_3,0.013786175328245729,OS,2
IGSF6_3,0.013810426839990082,OS,2
E2F8_3,0.013821624095730314,OS,2
HIC1_3,0.01384712042652477,OS,2
LOC478384_3,0.01385382662055709,OS,2
BUB1_3,0.013890094904565537,OS,2
SLC9A2_3,0.013928033813645145,OS,2
MCM10_3,0.014107008204259718,OS,2
CALHM5_3,0.01424473567537883,OS,2
LINGO1_3,0.014290585439239101,OS,2
PTPRJ_3,0.014449862808853046,OS,2
LOC610632_3,0.014682596533176172,OS,2
POLQ_3,0.014754354168680105,OS,2
ZBED2_3,0.01477751921942181,OS,2
GINS4_3,0.014780430042626245,OS,2
CENPT_3,0.014795864297641936,OS,2
FAM83D_3,0.014805644456116152,OS,2
CSF2RB_3,0.014945056525094149,OS,2
INPP4B_3,0.015058160781171453,OS,2
CMSS1_3,0.01506729272744416,OS,2
PPP1R27_3,0.01514771065770032,OS,2
IFITM5_3,0.01528247726017734,OS,2
F5_3,0.015382006984197132,OS,2
SKA3_3,0.015425922582984601,OS,2
LOC119876690,0.015434154647022354,OS,2
PLCXD2_3,0.015568864878101227,OS,2
GPSM3_3,0.015645610363987913,OS,2
KIF22_3,0.015670490216563856,OS,2
SRM_3,0.015684624154217425,OS,2
LOC119866898_3,0.015771639244253788,OS,2
NUF2_3,0.015783067007197015,OS,2
CEP170B_3,0.015834041453612613,OS,2
PRKX_3,0.015872808926348063,OS,2
PLEKHG1_3,0.01591935367964036,OS,2
CCNB2_3,0.01594003795209427,OS,2
MCM5_3,0.015947665209497655,OS,2
BEGAIN_3,0.01601727951368814,OS,2
SPATA6_3,0.016034509740920484,OS,2
SYK_3,0.016045260266238023,OS,2
LAG3_3,0.01609046470455397,OS,2
LOC106559497_3,0.01609141226050008,OS,2
TK1_3,0.016109411474448988,OS,2
CREB5_3,0.01637113465677786,OS,2
SLCO3A1_3,0.01637869667122678,OS,2
GASK1B_3,0.01648090591893243,OS,2
VCAM1_3,0.016527950527019837,OS,2
MMP17_3,0.016683730795065552,OS,2
E2F1_3,0.016761950944216678,OS,2
CMKLR1_3,0.01679085274065774,OS,2
KCNQ1_3,0.01690743825700373,OS,2
TNNI1_3,0.01693000175493795,OS,2
RCN3_3,0.016937400352866915,OS,2
LOC119877161,0.016966365138588364,OS,2
LY96_3,0.0170022393997134,OS,2
LOC119877844,0.017045065891370514,OS,2
APOBEC2_3,0.017061619851847367,OS,2
VAV1_3,0.01706738675218387,OS,2
ACOD1_3,0.01715273659774616,OS,2
PTPRZ1_3,0.017392694581653666,OS,2
NR4A1_3,0.017469238566286304,OS,2
LOC489911_3,0.01755168172498852,OS,2
PTAFR_3,0.0175986465014408,OS,2
FANCM_3,0.017645770269604583,OS,2
PKDCC_3,0.0176517189886935,OS,2
LOC119868444_2,0.017652509773206662,OS,2
IFIT3_3,0.01765721105145744,OS,2
LOC484897_3,0.017707191454420644,OS,2
FCER1G_2,0.017756057502667778,OS,2
LOC111094227_3,0.017787568006565804,OS,2
NRK_3,0.01786586064321328,OS,2
FERMT3_3,0.018013127740434377,OS,2
CRYBA4_3,0.018069440583412335,OS,2
CDC6_3,0.018223484368344065,OS,2
LRRC4B_3,0.01825752919352318,OS,2
CDCA2_3,0.018274149277940358,OS,2
LOC612325_3,0.0183155320225879,OS,2
SLC43A2_3,0.018326326572956873,OS,2
DEPDC1_3,0.01849012422241429,OS,2
GLIPR1_3,0.01857922682746628,OS,2
NCF4_3,0.01861167593685441,OS,2
IGFN1_3,0.01887957936815957,OS,2
TMEM170A_3,0.018914340943566622,OS,2
RASSF2_3,0.018952267425270355,OS,2
MLIP_3,0.018960392009902106,OS,2
POLR1C_3,0.019050878697228622,OS,2
DLK2_3,0.01922578233665171,OS,2
GIMAP6_3,0.019236473588352843,OS,2
MIF_3,0.01931248725641584,OS,2
IL18_3,0.019813409391229338,OS,2
SPSB4_3,0.019817514208453683,OS,2
MSI1_3,0.01996258432169368,OS,2
IFI30_3,0.019968388487690933,OS,2
ADORA3_3,0.020094361188324052,OS,2
DOCK8_3,0.020100359770877676,OS,2
CYP2S1_3,0.02011025196796013,OS,2
TLR1_3,0.020234968280924238,OS,2
TMEM97_3,0.02023550592964305,OS,2
IL4R_3,0.02029000741150532,OS,2
GAREM2_3,0.020414492195191283,OS,2
JAML_3,0.020478714602101288,OS,2
MOCOS_3,0.02049455303255995,OS,2
LURAP1_3,0.020601204257384594,OS,2
SMYD1_3,0.020604821677388523,OS,2
LOC119877400,0.020904498327688537,OS,2
TMEM106A_3,0.02090458324300099,OS,2
BYSL_3,0.020954066154710967,OS,2
ANKRD22_3,0.021001607290219645,OS,2
CCR1_3,0.021143558679919214,OS,2
CCDC3_3,0.02114648180735804,OS,2
ATF7IP2_3,0.021172771182939372,OS,2
KIAA1671_3,0.02122847374767599,OS,2
RGS10_3,0.02126672755595667,OS,2
C20H19orf38_3,0.021302812081468277,OS,2
TMEM123_3,0.021304169738052624,OS,2
RNF149_3,0.021361656323792638,OS,2
SHTN1_3,0.021383902925756884,OS,2
VWA5A_3,0.021414195730585284,OS,2
MYOM2_3,0.021757054340949614,OS,2
SMO_3,0.02180154990565132,OS,2
OLFML1_3,0.021924680201888168,OS,2
CCL23_3,0.02194790907356019,OS,2
LNX1_3,0.02196859649346831,OS,2
ARL4D_3,0.0220383250663954,OS,2
LPAR1_3,0.022070637135344098,OS,2
PARVG_3,0.022184433941762144,OS,2
FKBP10_3,0.022237692651620997,OS,2
CBLN3_3,0.02224362190428086,OS,2
ENPP3_3,0.02235839516140428,OS,2
CFI_3,0.02242177593276299,OS,2
LOC119869290_3,0.022461521543098918,OS,2
KCNA3_3,0.022483888854137775,OS,2
GAL3ST4_3,0.022534569950803666,OS,2
DNAJB1_3,0.022538566591761604,OS,2
PLA2R1_3,0.022577310577913526,OS,2
DPYSL3_3,0.022616262877553434,OS,2
ST8SIA6_3,0.02262947407138495,OS,2
KIF23_3,0.022687953459308664,OS,2
HOXB3_3,0.022750930522160373,OS,2
DPF1_3,0.022801348728198462,OS,2
CA5B_3,0.02286388735746573,OS,2
CDC20_3,0.022894963742219374,OS,2
SPI1_3,0.02299764703065918,OS,2
LOC484356_3,0.023053029583134356,OS,2
TMEM59L_3,0.02312925746872216,OS,2
PKMYT1_3,0.023159218083237107,OS,2
SLC7A5_3,0.023180475559956,OS,2
LOC119876408,0.023380366386569557,OS,2
PLXNA3_3,0.02338290371784261,OS,2
IGFBP3_3,0.023387179666289823,OS,2
ID3_3,0.02356256773398218,OS,2
CDK2AP1_3,0.023636161293872325,OS,2
TFEC_3,0.023665855789096427,OS,2
ECHDC2_3,0.02370215523026949,OS,2
KLK1_3,0.02385781418946404,OS,2
CPN2_3,0.02393076698304212,OS,2
MYPN_3,0.023960253206554497,OS,2
CLSPN_3,0.023995494625655242,OS,2
GINS2_3,0.024049756648159507,OS,2
HSPH1_3,0.02411425772999433,OS,2
WNT5B_3,0.02413008754200172,OS,2
CSRP3_3,0.02413076826575054,OS,2
NFAM1_3,0.02423001338458261,OS,2
PPP1R3A_3,0.02430830855533279,OS,2
MAD2L1_3,0.02433021130431083,OS,2
ACKR2_3,0.0243401140906043,OS,2
BVES_3,0.024489318697277728,OS,2
HOXC10_3,0.02457333130989756,OS,2
HAVCR1_3,0.024823878315434676,OS,2
TNFRSF14_3,0.024877098868295738,OS,2
TPP1_3,0.0249481233047815,OS,2
CDCA7_3,0.025024772867594226,OS,2
GNAI1_3,0.02515879175336703,OS,2
CYBRD1_3,0.025213261574683874,OS,2
HCLS1_3,0.02521991144399545,OS,2
PBK_3,0.025295922539955776,OS,2
PAMR1_3,0.025451598546250825,OS,2
MTFR2_3,0.02554506126092591,OS,2
SUV39H1_3,0.025570070873661702,OS,2
SPC24_3,0.025719082532589994,OS,2
LOC119879511,0.02573609429220894,OS,2
TLR2_3,0.02577253861997128,OS,2
IRF5_3,0.025772858252297463,OS,2
B2M_3,0.025796247347244016,OS,2
RAB39A_3,0.02587333231394483,OS,2
ENC1_3,0.026001365908267893,OS,2
ARHGDIB_3,0.026035098943060414,OS,2
EHD3_3,0.02604987282019637,OS,2
PAWR_3,0.026104652314195908,OS,2
ID1_3,0.02612643739200847,OS,2
TOP2A_3,0.0261897560349328,OS,2
KIF15_3,0.02621090264500059,OS,2
MOXD1_3,0.026224995831895935,OS,2
CENPA_3,0.02638657910209594,OS,2
ECM2_3,0.02639379693358598,OS,2
ADA2_3,0.026467598177237636,OS,2
ANO2_3,0.02653436707975478,OS,2
NCAPG_3,0.026556837516903315,OS,2
TTC38_3,0.026753775244024145,OS,2
LAT2_3,0.026848744915580296,OS,2
PDLIM5_3,0.02736692048576188,OS,2
PACSIN3_3,0.027417171218647233,OS,2
MDFI_3,0.027504543890058467,OS,2
GABRE_3,0.02754033304450128,OS,2
SERF1A_3,0.02764259444251567,OS,2
TMEM144_3,0.027652153276225923,OS,2
LOC106558903_3,0.027666191460124827,OS,2
NEDD9_3,0.027703703727251457,OS,2
MBOAT1_3,0.027821641281319698,OS,2
MYC_3,0.02792089078999178,OS,2
SYNGR1_3,0.028051465343410506,OS,2
AURKB_3,0.028054334499432624,OS,2
SLC31A2_3,0.028124386434585133,OS,2
GRIA2_3,0.028141594173916856,OS,2
LOC106557828_3,0.02823567500043954,OS,2
HSD11B2_3,0.02835723198279309,OS,2
THEMIS2_3,0.028446390492063486,OS,2
BCL11A_3,0.028671577835548676,OS,2
LOC119877044,0.028760533768570705,OS,2
PARP9_3,0.02880293107432548,OS,2
ANTXR1_3,0.02882242579975745,OS,2
ADCY7_3,0.02884429524940767,OS,2
PCLAF_3,0.028909250427859193,OS,2
GPRC5A_3,0.028918239922910025,OS,2
GLUL_3,0.028947588112108843,OS,2
PAQR9_3,0.029001471239987205,OS,2
EMB_3,0.02903336875955081,OS,2
RAB38_3,0.029102785474391935,OS,2
DMTN_3,0.02910611283885691,OS,2
ESR2_3,0.029156681725582306,OS,2
DLEC1_3,0.02918028597032286,OS,2
KLHL9_3,0.029188123418091443,OS,2
CDA_3,0.029190102478341758,OS,2
PARP12_3,0.029313311091388856,OS,2
CASQ1_3,0.029727173450673834,OS,2
ADORA2B_3,0.029781650098278125,OS,2
PLPPR5_3,0.029913443543552843,OS,2
UNC45B_3,0.030002778536244036,OS,2
LOC487977_3,0.03033719424553307,OS,2
LRRC25_3,0.03042613812890551,OS,2
CDC45_3,0.030524539761585538,OS,2
LOC100686271_3,0.030544329208126712,OS,2
ZNF608_3,0.030846199454526803,OS,2
RAB3C_3,0.030855194143288564,OS,2
CP_3,0.03086682728544866,OS,2
FOXP1_3,0.03088171452320062,OS,2
NINJ2_3,0.03091120360748416,OS,2
KIF1A_3,0.030915038702896018,OS,2
FBLN7_3,0.030938276935142627,OS,2
EPHB3_3,0.03099144711685818,OS,2
FRMD6_3,0.03105798725540766,OS,2
TLR8_3,0.03108407651720691,OS,2
PDE4D_3,0.03140485517972866,OS,2
NCALD_3,0.03142105489676688,OS,2
LOC111096175_3,0.0315659243696414,OS,2
SLC16A1_3,0.03166492310176267,OS,2
LOC119878257,0.03173604157818945,OS,2
PHOSPHO1_3,0.03187847513365411,OS,2
MCM2_3,0.03192172996697897,OS,2
CCNB1_3,0.03196108531613185,OS,2
LOC119879410,0.031984521431963515,OS,2
USP13_3,0.03203438132735781,OS,2
AQP5_3,0.03210518240868012,OS,2
MAP3K5_3,0.03215594281035142,OS,2
SULF1_3,0.032337634870900786,OS,2
DOCK5_3,0.032395106031678174,OS,2
DNASE1L3_3,0.03242527001710749,OS,2
TGFBR2_3,0.032478156399589404,OS,2
ADPRHL1_3,0.03260186060165102,OS,2
LOC607405_3,0.03260910473450548,OS,2
MRPS34_3,0.03266847560462008,OS,2
RUNDC3B_3,0.03272831067158481,OS,2
PTK2B_3,0.032786976378436396,OS,2
LOC484309_3,0.03288608079806351,OS,2
C10H12orf75_3,0.03299216913889303,OS,2
COL17A1_3,0.03301514700574929,OS,2
POLH_3,0.033079124785719075,OS,2
HOGA1_3,0.033091606053581565,OS,2
RAI2_3,0.03314575525253258,OS,2
LOC119879231,0.03329958149397154,OS,2
CEP131_3,0.03347683681144285,OS,2
POLE_3,0.03368333425465868,OS,2
EVI2A_3,0.03368946974141394,OS,2
DRAM1_3,0.03369240740522863,OS,2
RBMS3_3,0.03372355472021,OS,2
PLA2G4A_3,0.034041322277362354,OS,2
BATF2_3,0.0341328612005421,OS,2
PTP4A3_3,0.034188356829346664,OS,2
CNTNAP5_3,0.034272865329310245,OS,2
LIMS2_3,0.03433874846455743,OS,2
CENPF_3,0.03434657116797908,OS,2
APOBR_3,0.03439553682089622,OS,2
SNX10_3,0.03445544934906997,OS,2
MBP_3,0.0344874070746422,OS,2
P2RY12_3,0.03450703105818071,OS,2
CLTCL1_3,0.034711155589413366,OS,2
ARHGAP30_3,0.03471864170206489,OS,2
LOC119877177,0.03476666251546614,OS,2
FOXM1_3,0.03489582431482798,OS,2
CA4_3,0.03501026615139438,OS,2
SHCBP1_3,0.03510676468937763,OS,2
CLCN4_3,0.03514304545989995,OS,2
ADAMTS17_3,0.035161265953351166,OS,2
DLG2_3,0.03527572378143585,OS,2
LOC119878577,0.03543455904643091,OS,2
GSDME_3,0.03554614156542307,OS,2
PTPRO_3,0.035555816084025374,OS,2
RANBP3L_3,0.03556539615183717,OS,2
GIMAP2_3,0.03556918985191337,OS,2
KIF14_3,0.035571502532278594,OS,2
ACTA2_3,0.035591606715622774,OS,2
CD8B_3,0.03566720160890595,OS,2
LMCD1_3,0.03587486776441193,OS,2
ABCB1_3,0.03597188256257189,OS,2
OLFM1_3,0.035990562128414935,OS,2
DOK2_3,0.03599634038639983,OS,2
MCM4_3,0.03600482568768465,OS,2
GRID2IP_3,0.03604505384070542,OS,2
EYA2_3,0.036047685052580096,OS,2
MFGE8_3,0.03608704976010214,OS,2
SH3TC1_3,0.03620851123661401,OS,2
MRAP2_3,0.03631657714143825,OS,2
LUM_3,0.03649181848635187,OS,2
C12H6orf132_3,0.036567980990256564,OS,2
TNFSF8_3,0.036694314720212555,OS,2
LOC102154658_3,0.03669927241796387,OS,2
SMIM22_3,0.03671753630798763,OS,2
TIMD4_3,0.03676570316890354,OS,2
MRC1_3,0.0368834841536995,OS,2
SPN_3,0.03688574289530913,OS,2
ABRA_3,0.03705638438917094,OS,2
HEY2_3,0.037143746627751405,OS,2
LHFPL6_3,0.03716740752057324,OS,2
ATP8A1_3,0.037177751975798146,OS,2
GLIPR2_3,0.03749589312638717,OS,2
IL1RN_3,0.03751932696077894,OS,2
MLC1_3,0.037664683567841355,OS,2
REXO5_3,0.03766834907826567,OS,2
TMEM140_3,0.03768760864608746,OS,2
STMN1_3,0.03772683461162547,OS,2
STK32B_3,0.03789381318158071,OS,2
GALM_3,0.03796261176166736,OS,2
BIN2_3,0.03803199359117598,OS,2
NRP2_3,0.038343765154581,OS,2
LRRC66_3,0.038598190251585215,OS,2
CDK1_3,0.0387027319675466,OS,2
HILPDA_3,0.03891630066594613,OS,2
USP46_3,0.03892552741896474,OS,2
AARS2_3,0.0390912171785135,OS,2
LOC111090004_3,0.03926268144850862,OS,2
RNASEL_3,0.03952441164237217,OS,2
FKBP4_3,0.03977491765087348,OS,2
PLEKHA6_3,0.03978451065345709,OS,2
DOCK2_3,0.03980485341061444,OS,2
DTX3L_3,0.03980607754910294,OS,2
UBA7_3,0.03983342156161312,OS,2
IER5L_3,0.0398438963035179,OS,2
STXBP2_3,0.0399249653551573,OS,2
UPP1_3,0.040076454860500564,OS,2
SFRP4_3,0.04015598127779834,OS,2
ST6GALNAC3_3,0.040197890835318155,OS,2
PARD3B_3,0.040340439308932954,OS,2
CAMK4_3,0.04062883773705159,OS,2
CKS2_3,0.04090162638068861,OS,2
PSMB9_3,0.04094312445193598,OS,2
SLC22A17_3,0.040969588970450645,OS,2
CLEC7A_3,0.04103602396118472,OS,2
SBSPON_3,0.04103623776891979,OS,2
SLC6A9_3,0.041074987479322735,OS,2
MYOM3_3,0.0413084528257412,OS,2
CRLF2_3,0.04131766757021363,OS,2
LRRC8C_3,0.04132206811865888,OS,2
RAC2_3,0.04153084285073982,OS,2
BIRC3_3,0.04192737386430333,OS,2
TANC1_3,0.041959694466904444,OS,2
LUZP4_3,0.042086671269707165,OS,2
NEK2_3,0.04211720986892307,OS,2
KYNU_3,0.04217433099099875,OS,2
CD180_3,0.04233141352279518,OS,2
AMOTL2_3,0.04239198417162492,OS,2
KCNMB4_3,0.04246061069363381,OS,2
MARK1_3,0.04258108564827706,OS,2
CDC42EP3_3,0.042812247778167174,OS,2
RACGAP1_3,0.0433455021068164,OS,2
ICAM2_3,0.04345636851001132,OS,2
CRYBG1_3,0.04359915437683985,OS,2
LPXN_3,0.04368404941543829,OS,2
ARSB_3,0.043717105734319674,OS,2
SPNS2_3,0.04374600246571941,OS,2
FGR_3,0.043759773687864885,OS,2
NOP2_3,0.04395391824408707,OS,2
SELL_3,0.044052868738860856,OS,2
FKBP7_3,0.044077860497276786,OS,2
LOC102153396_3,0.04410613292380079,OS,2
CD163_3,0.0442523232707325,OS,2
C2_3,0.044341033917282384,OS,2
TP53INP1_3,0.04448309980372576,OS,2
RASGRF2_3,0.04452487284513141,OS,2
SAMSN1_3,0.04465529634580822,OS,2
NCF2_3,0.044706620368337835,OS,2
BOK_3,0.04482495648264858,OS,2
CDH1_3,0.044966555751758334,OS,2
MANBA_3,0.044973919010100206,OS,2
LTBP2_3,0.045301134467033856,OS,2
HHATL_3,0.04538720331328969,OS,2
FAM189A2_3,0.04538772548392959,OS,2
SMPDL3A_3,0.045405173955123175,OS,2
ITGAX_3,0.04544099940796048,OS,2
WAS_3,0.04547146985674176,OS,2
SNRPN_3,0.045667425380837255,OS,2
TRABD2A_3,0.04568682458007016,OS,2
DLA-DMB_3,0.04573189795913388,OS,2
WDFY4_3,0.04573721014895775,OS,2
MGAT4A_3,0.04575019172276107,OS,2
IFI44_3,0.04583593288921782,OS,2
CD244_3,0.04588241616827787,OS,2
L3HYPDH_3,0.04600299136075726,OS,2
CSF1_3,0.04644183666934189,OS,2
SUSD1_3,0.04651488685384556,OS,2
SRGAP3_3,0.04666240740907127,OS,2
BIRC5_3,0.04681294597808,OS,2
HOXD13_3,0.04684493997252579,OS,2
GPR156_3,0.04691213410489961,OS,2
JCHAIN_3,0.04693474961081385,OS,2
TASL_3,0.047067718117449406,OS,2
ZDHHC2_3,0.04711880355875749,OS,2
HUNK_3,0.04715641716770637,OS,2
GPRIN1_3,0.0472483649987419,OS,2
IFI35_3,0.047248686002773245,OS,2
RAD51AP1_3,0.04732227182542063,OS,2
CLCN5_3,0.04732368997150388,OS,2
SLC37A2_3,0.0473519549873708,OS,2
KAZALD1_3,0.04766171979425055,OS,2
DAPP1_3,0.04768867253966112,OS,2
SLC25A10_3,0.04774156003621525,OS,2
CCR2_3,0.04800927452528293,OS,2
CD48_3,0.04811545060214897,OS,2
MYO1D_3,0.048150894066269205,OS,2
RCAN1_3,0.04854267761171173,OS,2
CHST8_3,0.04858454001526837,OS,2
TRIM13_3,0.048589877281226115,OS,2
RGS7BP_3,0.04861359591467946,OS,2
FMOD_3,0.04862332216337365,OS,2
SLCO2B1_3,0.04863363830277695,OS,2
DRD1_3,0.04867814032268188,OS,2
E2F7_3,0.04867933445282907,OS,2
TRIM34_3,0.04878504768647705,OS,2
TNNT2_3,0.04882698688012609,OS,2
HELLS_3,0.048916284969572385,OS,2
ARHGEF3_3,0.04893514354690241,OS,2
LOC119868251_3,0.0491991949872616,OS,2
MRPS18A_3,0.049238082196323904,OS,2
NALCN_3,0.049300139090204406,OS,2
PDE7B_3,0.04934810731269682,OS,2
CAP2_3,0.04943220049722418,OS,2
HJURP_3,0.04957213977032148,OS,2
TMEM63B_3,0.04957727215697852,OS,2
LXN_3,0.049597357903212985,OS,2
LOC100856429_3,0.04969799828887275,OS,2
LAIR1_3,0.049709996108094734,OS,2
KLHDC3_3,0.04979899453986238,OS,2
SRPX2_3,0.04987148374976661,OS,2
SASH3_3,0.049935620063213185,OS,2
SRPK3_3,0.05005936716597606,OS,2
ATP6AP1L_3,0.050357737405939795,OS,2
ESRP1_3,0.05055070364206754,OS,2
BCAR3_3,0.05062517413694159,OS,2
CD200_3,0.05065282693211795,OS,2
FGF11_3,0.05071058751146007,OS,2
LOC111092051_3,0.05074498383655148,OS,2
NMRAL1_3,0.0508014424848356,OS,2
LOC119878773,0.05084887542960688,OS,2
ACTN3_3,0.05085504506892273,OS,2
WWC1_3,0.050954095195908204,OS,2
KIT_3,0.050961085089066535,OS,2
TBXAS1_3,0.051493132415089474,OS,2
SLCO5A1_3,0.05162425935962379,OS,2
OAS1_3,0.05165293978099175,OS,2
VANGL2_3,0.05165390083685958,OS,2
CHRNA1_3,0.051972586723019645,OS,2
SOCS2_3,0.05201102065023824,OS,2
ISLR2_3,0.052136970396443834,OS,2
TCAP_3,0.05214083119498604,OS,2
ASS1_3,0.05220108605763473,OS,2
HSD3B7_3,0.05228096485505301,OS,2
ATP6V1B2_3,0.052351199380445544,OS,2
MPEG1_3,0.052450160438676875,OS,2
GAS6_3,0.05260253477742607,OS,2
KIF26A_3,0.05286009583091858,OS,2
LOC119868239_3,0.052868185604067114,OS,2
LOC611835_3,0.05287367967373947,OS,2
ORC1_3,0.0530744375344576,OS,2
OBSL1_3,0.053186394636658293,OS,2
FHL2_3,0.05324120380497179,OS,2
P2RY14_3,0.05329237028745451,OS,2
EXPH5_3,0.053566142293425024,OS,2
ATP6V1H_3,0.05371726053101292,OS,2
OAS2_3,0.053915390440821054,OS,2
BRCA1_3,0.05394267122457714,OS,2
EEPD1_3,0.05396915526281954,OS,2
LRRC15_3,0.05399607431303194,OS,2
DLA-DRA_3,0.054062879386432755,OS,2
PRRT4_3,0.05426428743565768,OS,2
SCRN2_3,0.054291339828374495,OS,2
WFDC1_3,0.05434129978931071,OS,2
CD80_3,0.05462106956417736,OS,2
TAPBPL_3,0.054730493389088204,OS,2
ATP6V1A_3,0.05480885308864844,OS,2
CNTN2_3,0.05502962481850225,OS,2
PLEK_3,0.05510392970504483,OS,2
BAIAP2L2_3,0.055340597397134664,OS,2
PRUNE2_3,0.05535875345875815,OS,2
PM20D2_3,0.05579845886343922,OS,2
ABCA1_3,0.056051985847284255,OS,2
LOC119864445_3,0.056113695206468486,OS,2
HMGB2_3,0.056114479272432446,OS,2
CENPI_3,0.05618400656730427,OS,2
MCF2L_3,0.05634233829011229,OS,2
STRADB_3,0.05643640981492075,OS,2
LMOD2_3,0.05675040898178651,OS,2
CLEC12A_3,0.05702041023717361,OS,2
CD53_3,0.05702878160979091,OS,2
IFIT2_3,0.05712353863447726,OS,2
CASQ2_3,0.057175501400492386,OS,2
ASF1B_3,0.0573599514501499,OS,2
PARP14_3,0.057392574373954695,OS,2
MYH3_3,0.05802489247315506,OS,2
RAB29_3,0.05806387296243456,OS,2
MAOB_3,0.05811735183075307,OS,2
IRX2_3,0.05841544996225478,OS,2
EMILIN1_3,0.058561755629182095,OS,2
AIF1_3,0.058615745312791734,OS,2
CLDN4_3,0.058793704472820875,OS,2
LOC119877878,0.05880534240552368,OS,2
TNFAIP8_3,0.05887904938003147,OS,2
SPSB1_3,0.05894208264142807,OS,2
HORMAD1_3,0.05907565594415498,OS,2
ANGPTL4_3,0.059192015188883805,OS,2
LOC100686511_3,0.05930616400180048,OS,2
PTPRK_3,0.05939384505908483,OS,2
MYO7A_3,0.05947635482892121,OS,2
HAAO_3,0.059482188247257754,OS,2
FAM155B_3,0.05971593015396895,OS,2
NLRP3_3,0.05971781062579103,OS,2
NAGLU_3,0.059766764158964744,OS,2
FAXDC2_3,0.059859036346563144,OS,2
SLC7A7_3,0.05995055551202764,OS,2
BAG3_3,0.060082720043726556,OS,2
SLAMF7_3,0.060180317191012855,OS,2
MYO1F_3,0.06026561652956504,OS,2
CYTIP_3,0.06035878905207998,OS,2
ADAM19_3,0.06046884089038188,OS,2
SLC26A11_3,0.060521432617716454,OS,2
ALDH3B1_3,0.060533010543592496,OS,2
LOC611446_3,0.060565092043442105,OS,2
CSDC2_3,0.060799150657939574,OS,2
PLK1_3,0.06102571779135416,OS,2
GBP6_3,0.06107918316371484,OS,2
LOC119873925_3,0.061367402094226885,OS,2
CPE_3,0.06152728630092598,OS,2
LOC111094852_3,0.06170979401624673,OS,2
TYMS_3,0.06171048838635243,OS,2
HDAC9_3,0.061712642273085525,OS,2
PEBP4_3,0.06186378761826729,OS,2
IL1R2_3,0.06193136678079211,OS,2
STMN3_3,0.06195314923660163,OS,2
SLC5A6_3,0.061953471058962324,OS,2
MCM3_3,0.06197490175025752,OS,2
LOC477570_3,0.06219104661142751,OS,2
C1QTNF1_3,0.062193811938783955,OS,2
SLC39A8_3,0.062205050953144415,OS,2
CTSK_3,0.062312416911531034,OS,2
LOC611538_3,0.062315721457369126,OS,2
GRM8_3,0.062382064540027295,OS,2
BUB1B_3,0.062384673265204985,OS,2
CFLAR_3,0.062406745999661555,OS,2
CHRM2_3,0.06264558982987233,OS,2
FLT3_3,0.06316990643732281,OS,2
WNT2B_3,0.06327033357149303,OS,2
FYB1_3,0.06327168508337083,OS,2
PLXNC1_3,0.06328487397069209,OS,2
TMEM74_3,0.06328930766466127,OS,2
ZBP1_3,0.06329028700810624,OS,2
LOC119878447,0.0633672946761727,OS,2
LOC102152872_3,0.06338623521304357,OS,2
PLEKHM1_3,0.0634603360643339,OS,2
MCOLN2_3,0.06355248133792143,OS,2
NXPH4_2,0.0636844383410446,OS,2
COX6A2_3,0.06368774209088263,OS,2
ST6GAL1_3,0.06369571040684596,OS,2
CLDN1_3,0.06412620519473425,OS,2
H19_3,0.06415637940295907,OS,2
PLBD1_3,0.06425670956997578,OS,2
GPR65_3,0.06431745680881447,OS,2
RAB20_3,0.06451396620993308,OS,2
LRRC39_3,0.064631429101742,OS,2
COL1A1_3,0.06492599221443093,OS,2
FIBIN_3,0.06506474629464223,OS,2
IFI44L_3,0.06514953545923229,OS,2
VNN1_4,0.0651597883586954,OS,2
LOC102151812_3,0.0652149471305355,OS,2
AMBN_3,0.06523429188230931,OS,2
MACROH2A2_3,0.06532423129059362,OS,2
CAPG_3,0.06551161347082275,OS,2
RPTN_3,0.06563508745928513,OS,2
PTGES_3,0.06572114485127685,OS,2
LRRC3B_3,0.06584977447436237,OS,2
TAGLN_3,0.06592366914912365,OS,2
LOC111092892_3,0.06593174706766758,OS,2
PCDH19_3,0.06595296498504209,OS,2
TNFRSF11A_3,0.06607180548623162,OS,2
LOC119867957_3,0.0661417623394064,OS,2
LOC119876730,0.06622264197356663,OS,2
PRR11_3,0.06633915096046397,OS,2
TAF9B_3,0.06634089373332755,OS,2
CCR5_3,0.06643795623422037,OS,2
ATP1B4_3,0.06675130162473834,OS,2
UNC13D_3,0.06696347173151479,OS,2
PTPRE_3,0.06699523888194962,OS,2
RBM20_3,0.06703407219418488,OS,2
IGFBPL1_3,0.06709422450964864,OS,2
PIK3CD_3,0.06719026429663182,OS,2
CYBB_3,0.06719750694514263,OS,2
NTRK3_3,0.06725427534585152,OS,2
COL18A1_3,0.06740714304076716,OS,2
HMGA2_3,0.067467225005704,OS,2
LOC119875975_2,0.06750945675908893,OS,2
SCIMP_3,0.06770895900337669,OS,2
LYN_3,0.06771414826032604,OS,2
ASB5_3,0.0677616466587844,OS,2
XCR1_3,0.06776189854730968,OS,2
EMILIN3_3,0.0677836046453397,OS,2
WNK2_3,0.06788645857251012,OS,2
IL15RA_3,0.06805336446426676,OS,2
STX3_3,0.06806546900386974,OS,2
MCTP1_3,0.06817448941724208,OS,2
MYL5_3,0.0682273307089517,OS,2
MSR1_3,0.06860337841160194,OS,2
CLEC5A_3,0.06870854978075905,OS,2
GNPTAB_3,0.0687837855039097,OS,2
PIANP_3,0.06900914714645931,OS,2
FMNL1_3,0.06903364728690367,OS,2
PARP3_3,0.06914695326440887,OS,2
LOC119878766,0.06915327885091457,OS,2
PRKCH_3,0.06917993408964226,OS,2
TPGS1_3,0.0691969822291661,OS,2
LOC119876358_1,0.0695341779087331,OS,2
FAM149A_3,0.06966797152482447,OS,2
IGFBP7_3,0.06973007308434265,OS,2
TNFSF10_3,0.06986770055280316,OS,2
CHST2_3,0.06992398889572272,OS,2
APOL6_3,0.07005809018910923,OS,2
LOC119877159,0.07010150077901241,OS,2
LOC119878213,0.07011605837041182,OS,2
PTPN22_3,0.07032778752853432,OS,2
TTK_3,0.07062891577634406,OS,2
MATK_3,0.07068271086331755,OS,2
CD74_3,0.07073456489362495,OS,2
LOC111097339_3,0.0707942927521016,OS,2
PBX1_3,0.07104354156757482,OS,2
STK38L_3,0.07111830178375524,OS,2
TNFSF11_3,0.07117085838937078,OS,2
LOC100688849_3,0.07126637411273304,OS,2
SP100_3,0.07127804133899232,OS,2
CYP7B1_3,0.07129503288405098,OS,2
MYH8_3,0.0713788434102157,OS,2
SMTNL1_3,0.07139788472013302,OS,2
IL32_3,0.07151823166720174,OS,2
GPR160_3,0.07167326328337187,OS,2
KL_3,0.07182980116392457,OS,2
SEMA3A_3,0.07201375029812776,OS,2
LOC111093520_3,0.07204566061058372,OS,2
KLHL13_3,0.07207231066892641,OS,2
KCNQ4_3,0.07207685146394119,OS,2
RRM2_3,0.07250683979009626,OS,2
ITPR3_3,0.07277901056799432,OS,2
SERPINB9_3,0.07285638094349947,OS,2
IGF1R_3,0.0728740852983319,OS,2
HYAL1_3,0.07294147311671698,OS,2
SLC24A3_3,0.07313940550228798,OS,2
SYTL1_3,0.07333684285751647,OS,2
SHANK1_3,0.07339914850258476,OS,2
BACH2_3,0.07393015643045248,OS,2
CSRP2_3,0.07413089845153979,OS,2
CD84_3,0.07432337752586,OS,2
H1-2_3,0.07437721942643415,OS,2
MFNG_3,0.07437927733715803,OS,2
ENPEP_3,0.07452011459650609,OS,2
LDB3_3,0.07465099005060015,OS,2
MYO1G_3,0.07472491372079614,OS,2
DOK3_3,0.07473555634496563,OS,2
FOXF1_3,0.07492452456398078,OS,2
CADM4_3,0.07500470381798212,OS,2
CIART_3,0.07543813670100923,OS,2
RPL3L_3,0.07622189599048372,OS,2
LOC475831_3,0.07622871855100834,OS,2
TRIM55_3,0.07627582111003015,OS,2
GPT2_3,0.07644981588441367,OS,2
MSC_3,0.07649510809208601,OS,2
TRPV4_3,0.07665606781720981,OS,2
IL6R_3,0.07667571516193356,OS,2
TPX2_3,0.07670983274268127,OS,2
ISYNA1_3,0.07678416377291616,OS,2
APOL5_3,0.07680629181595869,OS,2
LOC119869726_3,0.07690745561472462,OS,2
JDP2_3,0.07696997246637344,OS,2
ADSS1_3,0.07699010531856326,OS,2
KREMEN1_3,0.07699172335038518,OS,2
IRF1_3,0.07732545316459742,OS,2
DPYD_3,0.07749955888719251,OS,2
RGS7_3,0.07792574681755553,OS,2
LOC102153619_3,0.07797819444595042,OS,2
CHN1_3,0.07829887944417152,OS,2
GABRA4_3,0.07832265504400682,OS,2
HCN4_3,6.243019437278973e-07,OS,3
TDRD7_3,1.1659523325666288e-05,OS,3
KCTD12_3,1.5459880702183408e-05,OS,3
ATAD1_3,1.743732986814531e-05,OS,3
CYP4V2_3,2.069779893854581e-05,OS,3
RNLS_3,2.4304799606694252e-05,OS,3
CARD9_3,2.7602842903218185e-05,OS,3
LOC476816_3,3.094414032506281e-05,OS,3
TTC39B_3,3.181248530318412e-05,OS,3
ZNF608_3,6.869119477977777e-05,OS,3
DLG2_3,8.337885771699338e-05,OS,3
MINPP1_3,8.738923384217959e-05,OS,3
CSF1R_3,8.796311120641292e-05,OS,3
CYTH4_3,0.00010380860795754328,OS,3
FAM107A_3,0.00012092644713250392,OS,3
KLHL9_3,0.0001520760948395907,OS,3
HACD4_3,0.0001574771951874712,OS,3
BLNK_3,0.00016211543320000525,OS,3
GPR183_3,0.0001687383580657657,OS,3
TSPAN33_3,0.0001763815896530581,OS,3
TLR7_3,0.0001873587272057676,OS,3
GPR34_3,0.00019274966589845677,OS,3
LEPR_3,0.00020588212442605112,OS,3
FAS_3,0.00021874863927366645,OS,3
TBC1D9_3,0.00023257777752213512,OS,3
SAMD9L_3,0.00023612693953641763,OS,3
PRDM1_3,0.00025704911586409016,OS,3
STING1_3,0.00026032875340540197,OS,3
LOC111091730_3,0.00029341871362205114,OS,3
TNFAIP8L2_3,0.00029474977454514907,OS,3
ATP8B4_3,0.0003041697238736824,OS,3
PTEN_3,0.00030597916152164334,OS,3
PHLDB2_3,0.0003165444580730361,OS,3
IL34_3,0.0003701055028007206,OS,3
FRRS1_3,0.0003736010803135084,OS,3
PPA1_3,0.00037499131356742813,OS,3
MAL_3,0.00040214174222703565,OS,3
NETO1_3,0.00040510312566391756,OS,3
LAPTM5_3,0.0004149808784383521,OS,3
LOC119864981_2,0.0004215552127864557,OS,3
LURAP1L_3,0.00047038150056308005,OS,3
ALOX5_3,0.0004785610131538796,OS,3
LOC119866898_3,0.000506376225513786,OS,3
PYCARD_3,0.0005238019774231895,OS,3
SULT1C4_3,0.0005503412774803248,OS,3
ACOD1_3,0.0006037468901010445,OS,3
RGS10_3,0.000606391930646926,OS,3
TMEM86A_3,0.0006072291300203452,OS,3
SUGCT_3,0.0006130842018083101,OS,3
PAPPA_3,0.000615483968180533,OS,3
SLC7A5_3,0.0006322148811835454,OS,3
DDIT4_3,0.0006374108294829002,OS,3
NIBAN1_3,0.0006448509394301127,OS,3
KIAA0040_3,0.0007150938445977549,OS,3
ZBED2_3,0.0007466394305313575,OS,3
BATF2_3,0.0007726469704228037,OS,3
MCF2L_3,0.0007776930410361077,OS,3
DENND1C_3,0.0007936616566456484,OS,3
NRK_3,0.0007948073083659838,OS,3
TYROBP_3,0.0008083888538878502,OS,3
CENPV_3,0.0008637176503528311,OS,3
CD200_3,0.0008759077571759167,OS,3
MYO1D_3,0.0008975600341938045,OS,3
ZMAT1_3,0.0009458279337859082,OS,3
SYK_3,0.00095341732663045,OS,3
MIS18A_3,0.0009701490471676203,OS,3
PLK4_3,0.0010306037283333098,OS,3
CCNB3_3,0.001129300874021731,OS,3
FAM180A_3,0.0011342439751073753,OS,3
EVI2B_3,0.001150529020110007,OS,3
ABCC3_3,0.0011552054463548748,OS,3
ECRG4_3,0.0011755648274236257,OS,3
ADGRF1_3,0.0012072786943872597,OS,3
SCUBE3_3,0.0012578641051862042,OS,3
TRIM14_3,0.0012679462579926264,OS,3
LMO2_3,0.0012686443219853023,OS,3
NCKAP1L_3,0.0012705411670062177,OS,3
CSRP1_3,0.0012786102442810111,OS,3
LOC477699_3,0.001383706667644345,OS,3
AFAP1_3,0.0013895824748986804,OS,3
INPP5D_3,0.0014073802725858375,OS,3
ARRB1_3,0.0014095778053183215,OS,3
CIRBP_3,0.0014209854844301716,OS,3
PIANP_3,0.0014209896200121184,OS,3
FERMT3_3,0.0014763022646994582,OS,3
LOC100855995_3,0.0014788601282386391,OS,3
LOC119874749_2,0.0014955381748676725,OS,3
TRIP13_3,0.0014981759654809311,OS,3
PIK3IP1_3,0.001504145411065483,OS,3
FANCM_3,0.0015250282985130104,OS,3
BTK_3,0.001541304804628591,OS,3
DNA2_3,0.0015587129827294161,OS,3
LOC106559497_3,0.0015853854784900442,OS,3
IFI44_3,0.001596163501115123,OS,3
GPRIN1_3,0.0015969316533659315,OS,3
APOBEC3Z3_4,0.0016007922944771802,OS,3
STUM_3,0.0016290508666289788,OS,3
PTTG1_3,0.001643400051650857,OS,3
LOC106559420_3,0.0016519365733071198,OS,3
DTX3L_3,0.001670346056194052,OS,3
CD8B_3,0.0016934268860215576,OS,3
ECT2_3,0.0017740884140231882,OS,3
PIK3CG_3,0.0017821734033867203,OS,3
RECQL4_3,0.0018434461636417038,OS,3
ENPP5_3,0.0018500523213539762,OS,3
SERPINB8_3,0.0018911971446762584,OS,3
CA14_3,0.0018960573893007416,OS,3
ADGRG6_3,0.001902500790261994,OS,3
LOC119878234,0.0019100225640315278,OS,3
RENBP_3,0.0019191529158060232,OS,3
GABRA2_3,0.0019263159649484127,OS,3
PARP9_3,0.001976446399093788,OS,3
LIPA_3,0.002008245431483259,OS,3
ADAMTSL3_3,0.0020376005031684445,OS,3
SELPLG_3,0.002037736379984291,OS,3
SERTM1_3,0.0020427440399701487,OS,3
MEX3A_3,0.0020826512235286696,OS,3
P2RX7_3,0.002083918498444589,OS,3
SYTL1_3,0.002111272207387044,OS,3
LOC111092051_3,0.0021238584592439772,OS,3
DOK3_3,0.0021257597534627974,OS,3
LOC119875957_1,0.0021696473763421933,OS,3
NCF4_3,0.002172647395672302,OS,3
JDP2_3,0.002200025268174912,OS,3
RBMS3_3,0.0022228626224472425,OS,3
LOC100683650_3,0.002227907938545426,OS,3
SELENOP_3,0.0022639822874091007,OS,3
IFIT3_3,0.0022667901338674023,OS,3
CRYBA4_3,0.0022838465590594554,OS,3
PAG1_3,0.0023001023973427286,OS,3
ENPP3_3,0.00230552725963943,OS,3
SCRN2_3,0.0023239238704331542,OS,3
SLC8A1_3,0.002331581570595056,OS,3
CDK18_3,0.0024022173654495,OS,3
TFPI2_3,0.0024265200122518442,OS,3
HNMT_3,0.002431377697209018,OS,3
TAPBPL_3,0.002441865565241681,OS,3
LY96_3,0.0024883049096071533,OS,3
LOC119877532,0.0025143198809757404,OS,3
SPI1_3,0.0025428007158082677,OS,3
MYOF_3,0.002550728597994466,OS,3
GPRC5C_3,0.0025724624868694473,OS,3
GAL3ST4_3,0.0026306861578776213,OS,3
PRKAR2B_3,0.0026354841757741366,OS,3
PAPSS2_3,0.00269742216212895,OS,3
LOC119879410,0.002714769587794857,OS,3
SYNE1_3,0.0027394724750823716,OS,3
LRRC66_3,0.0028334031371930663,OS,3
MPIG6B_3,0.0028350514842872313,OS,3
IFI44L_3,0.002846704042243592,OS,3
DNPH1_3,0.0028484466783717855,OS,3
MOSPD2_3,0.002855871775420932,OS,3
OAS1_3,0.002870322143665519,OS,3
NUDT19_3,0.002886653223642992,OS,3
DOCK10_3,0.0028981543554657922,OS,3
DENND2B_3,0.0029090067621119504,OS,3
ELOVL4_3,0.002917892186553909,OS,3
CENPW_3,0.002949450259131411,OS,3
SHTN1_3,0.0029518975110513386,OS,3
LOC119877400,0.002972799516786572,OS,3
GYPC_3,0.0029733590474798183,OS,3
TLR3_3,0.0029855373804402357,OS,3
EPHA2_3,0.0030149850482750745,OS,3
LOC102152083_3,0.003042737572401312,OS,3
IFI30_3,0.003060968573044027,OS,3
NFAM1_3,0.003070781548699202,OS,3
SGMS1_3,0.0031408222133416444,OS,3
IFI35_3,0.0031504132241840744,OS,3
LOC119879231,0.0032559503797539727,OS,3
RAB30_3,0.0032567874583809965,OS,3
MAB21L2_3,0.003298406246975699,OS,3
SKA3_3,0.003320862817988026,OS,3
PLEKHM1_3,0.0033527485985672934,OS,3
THEMIS2_3,0.0033648647587749283,OS,3
ARHGAP45_3,0.003370826129353082,OS,3
LAT2_3,0.003381745129775673,OS,3
VAV1_3,0.0034014721858278514,OS,3
LOC102153619_3,0.0034161521968802,OS,3
PTPN6_3,0.0034311381609524716,OS,3
SPC25_3,0.003434675982993447,OS,3
PARP15_3,0.003521858640726338,OS,3
FGF7_3,0.0035495264881888694,OS,3
NAGLU_3,0.003560529343054151,OS,3
LRRC25_3,0.003579623311663823,OS,3
PARP14_3,0.003631393449724497,OS,3
RAC2_3,0.0036435651714062387,OS,3
LOC489911_3,0.0036480612629911074,OS,3
CALHM5_3,0.0036545754994206565,OS,3
C3AR1_3,0.0036867969628835598,OS,3
CSF1_3,0.003688664072653468,OS,3
LOC484897_3,0.003707583829114737,OS,3
GMFG_3,0.003716009971793743,OS,3
GNG11_3,0.003727403871132296,OS,3
CNTNAP5_3,0.003793132326516683,OS,3
ADORA2B_3,0.0037997033262289746,OS,3
LOC111094227_3,0.003828441250105545,OS,3
ADA2_3,0.003892248384393003,OS,3
PIK3AP1_3,0.003909114398462039,OS,3
PARVG_3,0.003983550023700197,OS,3
WNT5B_3,0.003986111165740754,OS,3
VCAM1_3,0.004079618388189733,OS,3
CCNA2_3,0.004107125655371884,OS,3
SLC37A2_3,0.0041471517112373875,OS,3
PTPRC_4,0.004165358621159002,OS,3
TTC38_3,0.004186675460716735,OS,3
FAM167A_3,0.0041945330545299295,OS,3
ASAH1_3,0.004200105722147443,OS,3
PIK3R6_3,0.004205982826830793,OS,3
ANXA3_3,0.004242999162472513,OS,3
MILR1_3,0.0042683706496610555,OS,3
ARSD_3,0.004310949306286286,OS,3
OSR2_3,0.004351447701723125,OS,3
RNASEL_3,0.004355374182603013,OS,3
UBE2S_3,0.004366976580259181,OS,3
LOC102153396_3,0.004417977982637803,OS,3
LOC111097086_3,0.004441461291951693,OS,3
HK2_3,0.004486134197946698,OS,3
PID1_3,0.004555564288381194,OS,3
NEDD9_3,0.004648111191295636,OS,3
DOCK8_3,0.004649973628788605,OS,3
GLT1D1_3,0.0046933144717016245,OS,3
SIGLEC11_3,0.004697797187599707,OS,3
RGS18_3,0.004793927864011827,OS,3
LHX2_3,0.004838621958139123,OS,3
GASK1A_3,0.004852938652494866,OS,3
LOC610632_3,0.004864899717642229,OS,3
KCNQ1_3,0.004888827089325747,OS,3
JAML_3,0.004901569321165607,OS,3
PLEKHG1_3,0.004912365091151976,OS,3
ANKRD37_3,0.004937836864364131,OS,3
LOC119877191,0.004958231323624416,OS,3
GASK1B_3,0.004995481074701615,OS,3
FAM131C_3,0.00500253225147849,OS,3
PTGFR_3,0.005085455593359408,OS,3
GLIPR1_3,0.00508678538938577,OS,3
LCAT_3,0.005098526877726897,OS,3
STK39_3,0.005103104695362415,OS,3
XG_3,0.005122238558477741,OS,3
CBX7_3,0.005130455278029934,OS,3
DLGAP5_3,0.005167286823260511,OS,3
POLE2_3,0.005180121845777591,OS,3
CSTF2T_3,0.005284906017237819,OS,3
CP_3,0.005287929015471087,OS,3
MCM10_3,0.005289060583014755,OS,3
LOC119879073,0.005327440839799111,OS,3
TMEM106A_3,0.005382077278925986,OS,3
LOC119877844,0.00539824028061127,OS,3
LAG3_3,0.005445857910214349,OS,3
PSTPIP1_3,0.005464979304739891,OS,3
MATK_3,0.005474940824242599,OS,3
PLEKHA6_3,0.0055218652516678905,OS,3
LAMA3_3,0.005531661015633951,OS,3
ATP6V1A_3,0.005550744185752157,OS,3
LOC609621_3,0.005560481772812887,OS,3
CD68_3,0.00556190978799841,OS,3
LOC119874806_3,0.005589481596209925,OS,3
UNC13D_3,0.0056750328047098526,OS,3
IFIT2_3,0.005680391602613131,OS,3
SLC16A1_3,0.005704628892960092,OS,3
LOC119873428_3,0.0058337317250580995,OS,3
DRD1_3,0.005873451366794623,OS,3
ADAMTS4_3,0.005912505829966747,OS,3
TNFRSF14_3,0.005916069463480027,OS,3
CLEC12A_3,0.005956127635882774,OS,3
CDCA2_3,0.005959280624260884,OS,3
SPN_3,0.005984524278649699,OS,3
UBA7_3,0.006009655879768984,OS,3
MYO1G_3,0.006016999486720851,OS,3
DLEC1_3,0.00604108201325919,OS,3
RCOR2_3,0.006085485308171611,OS,3
TONSL_3,0.00614322648423574,OS,3
LOC119877181,0.006175298638002355,OS,3
GINS4_3,0.006210484173151579,OS,3
EPAS1_3,0.0062273322540200736,OS,3
DHX58_3,0.006319540559834163,OS,3
EMB_3,0.006487273905976496,OS,3
TAGAP_3,0.006526787027983118,OS,3
GALM_3,0.006711966501446885,OS,3
LOC119866360_3,0.006723397691076079,OS,3
LCP1_3,0.006762484531944367,OS,3
ITGAX_3,0.006763022060641834,OS,3
GPSM3_3,0.006806916910569228,OS,3
CD84_3,0.0068783404266186685,OS,3
GTSE1_3,0.0068784184316712065,OS,3
RAB3C_3,0.006880914530906953,OS,3
KIF15_3,0.006987624196921239,OS,3
MYBL2_3,0.006987637227679702,OS,3
GPR68_3,0.007024121200622035,OS,3
APOBR_3,0.007028435922995058,OS,3
ARHGDIB_3,0.0070328996495219115,OS,3
PLCXD2_3,0.0070881851070003,OS,3
CCR1_3,0.007207105810843635,OS,3
CPN2_3,0.007276110283487815,OS,3
SCTR_3,0.007300608237407541,OS,3
DPF1_3,0.007367671525555251,OS,3
B2M_3,0.0074008027788009705,OS,3
TRANK1_3,0.007404547562178996,OS,3
DOCK5_3,0.007406795177531756,OS,3
VNN1_4,0.0074224051489208045,OS,3
RETSAT_3,0.007541284779002693,OS,3
ATP6AP1L_3,0.007601152319474816,OS,3
MCOLN2_3,0.007636652599347894,OS,3
RGS7BP_3,0.007648804017671598,OS,3
ARSB_3,0.007810237718907883,OS,3
GPLD1_3,0.007810358247094192,OS,3
PTPN22_3,0.00781907545286416,OS,3
CYP2S1_3,0.00783005177957231,OS,3
TMEM140_3,0.007830185328613824,OS,3
CSF2RB_3,0.007865652484835945,OS,3
IL1RN_3,0.007873850855676883,OS,3
LOC111092837_3,0.007903702063598835,OS,3
TMCC3_3,0.00790794467640828,OS,3
LNX1_3,0.007975798700119784,OS,3
FGL2_3,0.008038778751224713,OS,3
ACSS3_3,0.008052743158536935,OS,3
LGALS9_3,0.008143572206993377,OS,3
GSDMD_3,0.008161431058051283,OS,3
SERF1A_3,0.008174892825385931,OS,3
GNA15_3,0.008208787007707979,OS,3
MAP1LC3C_3,0.008249120578332523,OS,3
CENPK_3,0.00826953160230553,OS,3
RTP4_3,0.008289966835290714,OS,3
ACTA2_3,0.0083373314184536,OS,3
CA4_3,0.008350929787923855,OS,3
LOC487476_3,0.008386241171766898,OS,3
NRP2_3,0.008395448212939563,OS,3
AURKA_3,0.008410030851962744,OS,3
E2F8_3,0.008450300163526023,OS,3
KIAA1671_3,0.008484660580051805,OS,3
GNPTAB_3,0.00850401557110843,OS,3
FUT1_3,0.008549370988775139,OS,3
IGF1R_3,0.008596862928680518,OS,3
CBLN3_3,0.008608114747089675,OS,3
DNASE1L3_3,0.008612443088594966,OS,3
FBLN7_3,0.008626025991825641,OS,3
MLC1_3,0.00866346987022366,OS,3
RBM44_3,0.00874291209412758,OS,3
CD86_3,0.00874641415971659,OS,3
CTSH_3,0.008779735360686807,OS,3
PTPRJ_3,0.008890272718555888,OS,3
MTTP_3,0.008913781695374332,OS,3
LOC119873925_3,0.008915391902222085,OS,3
PTPRZ1_3,0.008956939805113435,OS,3
CABCOCO1_3,0.008979464017757571,OS,3
RAB39A_3,0.00898992832414817,OS,3
EXO1_3,0.00899892116100011,OS,3
RYR2_3,0.009033939846183213,OS,3
PTPRO_3,0.009063033908450063,OS,3
RRAD_3,0.009175110220567917,OS,3
PHGDH_2,0.009196956483214879,OS,3
FANCD2_3,0.009251330733013487,OS,3
TNS3_3,0.009319122687678458,OS,3
S100A2_3,0.00932490913780558,OS,3
ITGBL1_3,0.009328246837084494,OS,3
KCNA3_3,0.009330627562607807,OS,3
NSMCE2_3,0.009408798394597481,OS,3
ATP6V0A4_3,0.009415387832417375,OS,3
SPSB4_3,0.009436749716925746,OS,3
SDK2_3,0.009460336639050701,OS,3
AMBN_3,0.009505591226992906,OS,3
SH3D19_3,0.009510150994250175,OS,3
LOC119875975_2,0.009511944242409592,OS,3
OCLN_3,0.009552639379281408,OS,3
JAZF1_3,0.00957691713658043,OS,3
HCLS1_3,0.0095804680135227,OS,3
STRADB_3,0.009625224297533588,OS,3
RBPMS2_3,0.009634755872734423,OS,3
RGS4_3,0.009687930894217454,OS,3
IRF5_3,0.009729702586011782,OS,3
ARG1_3,0.009880017226991592,OS,3
LOC119868318_3,0.009895958478748574,OS,3
SEPTIN4_3,0.009919025127802471,OS,3
HERC5_3,0.009981942921510967,OS,3
RAB38_3,0.010022891435958704,OS,3
ANKRD22_3,0.01005973574831757,OS,3
CLSTN3_3,0.010153832744089647,OS,3
SLC43A2_3,0.010182142498509598,OS,3
OAS2_3,0.010195565496873726,OS,3
HSPH1_3,0.010369394415194664,OS,3
SLCO3A1_3,0.010441331157916553,OS,3
ARHGAP25_3,0.01044158704641064,OS,3
SNX10_3,0.010459684850672966,OS,3
ST6GALNAC5_3,0.010498998871765627,OS,3
LDLRAD4_3,0.01051303382589702,OS,3
TIMD4_3,0.01056268026238677,OS,3
CYB5R2_3,0.010588935857211797,OS,3
MSI1_3,0.010659665731131493,OS,3
ICAM2_3,0.010688106091245191,OS,3
GCG_3,0.010738312774115315,OS,3
MPDZ_3,0.010845667588565195,OS,3
LOC111094852_3,0.010925078002092246,OS,3
LOC111090004_3,0.010942204016428963,OS,3
SLC6A6_3,0.011059359531752735,OS,3
YES1_3,0.011071388176031247,OS,3
CA5B_3,0.011086097646690128,OS,3
IGFBP5_3,0.011163601644382156,OS,3
LOC478384_3,0.011192872678567552,OS,3
H2AX_3,0.011204335533547754,OS,3
GIMAP6_3,0.01125847498575928,OS,3
KCNN4_3,0.011270930611570876,OS,3
PTK2B_3,0.011300191180207482,OS,3
PTGES3L_3,0.011351000952533517,OS,3
CPED1_3,0.011352153242363732,OS,3
NCALD_3,0.01137542779667822,OS,3
LOC612325_3,0.011390067744270448,OS,3
ATF7IP2_3,0.011595556757256131,OS,3
PLAC8A_3,0.01161694713630696,OS,3
HSP70_3,0.01163869044953087,OS,3
TASL_3,0.011688738171028527,OS,3
MGARP_3,0.011751078082848091,OS,3
CLEC7A_3,0.011751736331058136,OS,3
SUSD5_3,0.011857615204693844,OS,3
ORC6_3,0.011904461509433788,OS,3
MGST2_3,0.011918111849977743,OS,3
CTSD_3,0.012072138651227401,OS,3
TP53INP1_3,0.012072454539065545,OS,3
TNFRSF11A_3,0.012072510131284743,OS,3
CDCA8_3,0.01207762786777341,OS,3
ZBP1_3,0.01209606107883066,OS,3
DEPDC1_3,0.012166518352181547,OS,3
TNFSF8_3,0.012176882049740245,OS,3
PLD4_3,0.01218854628018825,OS,3
LTBP1_3,0.012190657314565062,OS,3
SH3TC1_3,0.01226651133664366,OS,3
ECM2_3,0.012321911164225782,OS,3
BVES_3,0.012374244032553917,OS,3
KLHL6_3,0.012437931708382031,OS,3
CMKLR1_3,0.012461503137801762,OS,3
NEURL3_3,0.012581105863752275,OS,3
BARX1_3,0.0126089534553837,OS,3
CD80_3,0.01262919140844581,OS,3
TFEC_3,0.01272336336876499,OS,3
FCER1G_2,0.012904694592200444,OS,3
LOC100856382_3,0.012941158249371077,OS,3
LGR4_3,0.013013698838969719,OS,3
OLFML1_3,0.013125442958362816,OS,3
SMIM22_3,0.013127348669391107,OS,3
FST_3,0.013140168100755035,OS,3
PRSS22_3,0.013148520723444445,OS,3
ARHGAP18_3,0.013207536709166324,OS,3
DUSP10_3,0.013231686469119522,OS,3
LOC119866667_3,0.013250487225817753,OS,3
GREM1_3,0.013289588952966171,OS,3
IL18_3,0.013333860521940622,OS,3
C1QTNF1_3,0.01337614771024633,OS,3
PBK_3,0.013381547417231692,OS,3
GIMAP2_3,0.01339227124273086,OS,3
C32H4orf54_3,0.013406238450050295,OS,3
LOC111096175_3,0.013407623873434448,OS,3
TSPOAP1_3,0.013451398867140998,OS,3
GNAI1_3,0.013572635039498352,OS,3
MTAP_3,0.013612892059491047,OS,3
POLQ_3,0.013654293629719337,OS,3
DSN1_3,0.013676387856032136,OS,3
SHC3_3,0.013699121528989177,OS,3
KLK1_3,0.013877866320137908,OS,3
NOVA1_3,0.013974478873188548,OS,3
ATP6V1B2_3,0.014097387352026204,OS,3
TERT_3,0.014146508455338165,OS,3
PTPN5_3,0.014302703488446304,OS,3
DPP4_3,0.014337981653457555,OS,3
KIF4A_3,0.01442607815323285,OS,3
FAM83G_3,0.014531930859048314,OS,3
CARD6_3,0.014563793891941141,OS,3
LOC102153193_2,0.014600235366751226,OS,3
CASP8_3,0.01466567885144814,OS,3
PARP12_3,0.014688334873264496,OS,3
MX2_3,0.014704057500889309,OS,3
STON1_3,0.01471393418319987,OS,3
HOXC12_3,0.014753278360648395,OS,3
ESRP1_3,0.014786414363073376,OS,3
PCSK1N_3,0.01481566908800777,OS,3
LOC119868444_2,0.014850439952887422,OS,3
SLC36A2_3,0.014932453579602219,OS,3
NINJ2_3,0.014961831186109347,OS,3
NYAP2_3,0.014962143768573183,OS,3
LAMC3_3,0.015066699822676525,OS,3
MEST_3,0.015085746905495504,OS,3
MBP_3,0.015234122924416442,OS,3
PAMR1_3,0.015312788038534236,OS,3
F5_3,0.015404608563973262,OS,3
CMSS1_3,0.01542931969422922,OS,3
DUSP2_3,0.015434550222996104,OS,3
TMEM144_3,0.015529100060989174,OS,3
SLC13A2_3,0.01561197433115736,OS,3
HYAL1_3,0.015741778102045342,OS,3
SRGAP3_3,0.015858069640389126,OS,3
ATP8A1_3,0.015906172152526887,OS,3
EDARADD_3,0.01593915722343439,OS,3
OSCAR_3,0.01595706724585285,OS,3
CDC6_3,0.015965597973197982,OS,3
KIF18B_3,0.0159693714181764,OS,3
DPYSL3_3,0.015973147441947656,OS,3
CENPT_3,0.015998869584874474,OS,3
SLC9B2_3,0.016101495034772192,OS,3
CD14_3,0.016105844626340463,OS,3
LOC106557828_3,0.016106444450018645,OS,3
EYA2_3,0.016124949855724158,OS,3
SIGLEC15_3,0.016189512652514407,OS,3
TRIB3_3,0.016199632418075097,OS,3
SHCBP1_3,0.016200236863514128,OS,3
CHST8_3,0.016235576619929755,OS,3
LOC119878087,0.016241617657021985,OS,3
EEPD1_3,0.016242475383870702,OS,3
LAT_3,0.016255292118685167,OS,3
ST6GALNAC3_3,0.016281854279138128,OS,3
CDK15_3,0.01629420740958799,OS,3
SLCO2B1_3,0.016306818656054434,OS,3
CTSK_3,0.016372126009771684,OS,3
LAIR1_3,0.016438711664125152,OS,3
FMOD_3,0.016452307903429175,OS,3
LOC477570_3,0.01645418658102737,OS,3
LOC102155122_3,0.016502837207730672,OS,3
STEAP2_3,0.016619065528989965,OS,3
TMEM59L_3,0.016771868511414975,OS,3
MS4A7_3,0.01682329595147142,OS,3
SLC6A11_3,0.016829876834591032,OS,3
LOC119869290_3,0.016863867982927265,OS,3
EMX2_3,0.017025815656757436,OS,3
DDX4_3,0.017093782670822275,OS,3
CCN1_3,0.017125284928487652,OS,3
CDC42EP3_3,0.017145629299736436,OS,3
SUSD1_3,0.01715331726622123,OS,3
UBE2T_3,0.017163332721981547,OS,3
XAF1_3,0.01723031810322327,OS,3
CCDC3_3,0.017232924018261386,OS,3
CHST2_3,0.017274304525336934,OS,3
RAB20_3,0.017332380854770655,OS,3
PCLAF_3,0.01740686757970526,OS,3
MICAL2_3,0.017420847369488998,OS,3
PHETA1_3,0.01745660029670383,OS,3
SAMSN1_3,0.017510675398088118,OS,3
IL4R_3,0.017524605196557533,OS,3
CCR5_3,0.0175889068501418,OS,3
PGAP1_3,0.017616471439119,OS,3
ADORA3_3,0.0176448657147467,OS,3
LOC102156473_3,0.017654393615554695,OS,3
LOC100856339_3,0.017660147521748704,OS,3
UBE2C_3,0.017705420082527724,OS,3
RASA4B_3,0.017826117224186575,OS,3
RFTN2_3,0.017870245521878006,OS,3
GAS6_3,0.018117603530607602,OS,3
IRF7_3,0.018171328561117025,OS,3
PDLIM5_3,0.01819210641435384,OS,3
MARCHF1_3,0.018224315208942583,OS,3
CRYBG1_3,0.018305442637817398,OS,3
BCAR3_3,0.01843960082342211,OS,3
EFCC1_3,0.018637646520220884,OS,3
HAAO_3,0.018711680313001654,OS,3
ADAM28_3,0.018728732568993458,OS,3
VGLL2_3,0.0187294820440255,OS,3
MFGE8_3,0.018752669695980717,OS,3
NUF2_3,0.018780645991490326,OS,3
TCIRG1_3,0.0188869394491583,OS,3
BST2_3,0.018904242661307753,OS,3
CEP170B_3,0.018935928338876817,OS,3
MKRN2OS_3,0.018959212521111556,OS,3
P4HA3_3,0.0190206106404039,OS,3
LOC119875994_2,0.019179588065417204,OS,3
BIN2_3,0.019297036619274125,OS,3
AMOTL2_3,0.019302274150160538,OS,3
PAWR_3,0.019352529975184177,OS,3
TNFAIP8_3,0.01950611938917337,OS,3
TENT5A_3,0.01952695527232438,OS,3
SCML2_3,0.019564508242389776,OS,3
IFIH1_3,0.019613057918822795,OS,3
PLA2G4A_3,0.019693755405577038,OS,3
UHRF1_3,0.01982673058243415,OS,3
DDAH1_3,0.019839554316669686,OS,3
GAREM2_3,0.019970198856958173,OS,3
LOC606863_3,0.020164148461790155,OS,3
CAPG_3,0.020356209020057813,OS,3
CCR2_3,0.02037351959147203,OS,3
HUNK_3,0.02039313233479124,OS,3
BMP3_3,0.020415468786165316,OS,3
DUSP6_3,0.020456427993530337,OS,3
CD244_3,0.020507392319430263,OS,3
TRABD2A_3,0.020560570208203892,OS,3
EBI3_3,0.020577032054916497,OS,3
PTAFR_3,0.020591077822073072,OS,3
STRA6_3,0.020591093815976087,OS,3
GLDN_3,0.020595307697985253,OS,3
KLHL8_3,0.02063656402456911,OS,3
MAD2L1_3,0.020715691475139984,OS,3
ASAP3_3,0.020778274166148778,OS,3
IFITM10_3,0.02079185204973779,OS,3
LOC488947_3,0.02080218166608836,OS,3
SRM_3,0.02082703782688536,OS,3
GPR146_3,0.021053929639910606,OS,3
PLA2G15_3,0.02124512289398711,OS,3
IGSF6_3,0.021281145674352298,OS,3
ADCY7_3,0.021295740626354143,OS,3
WWC1_3,0.021339176135808206,OS,3
SERPINB12_3,0.021366420469557158,OS,3
STMN1_3,0.021382914353342376,OS,3
TLR1_3,0.021437775393680678,OS,3
CYSLTR2_3,0.021468218201908956,OS,3
PLCB2_3,0.02147417807015119,OS,3
IL32_3,0.021573989790617816,OS,3
CALD1_3,0.02167240983402049,OS,3
WIF1_3,0.021735293997847457,OS,3
CCNB2_3,0.021835824292897658,OS,3
PKDCC_3,0.02189921678526696,OS,3
FNBP1_3,0.021907974576186002,OS,3
TRIM22_3,0.021910843244863937,OS,3
LOC611446_3,0.021964526860131534,OS,3
LOC611835_3,0.02215664174818846,OS,3
NEURL1_3,0.022452348171568798,OS,3
BIRC3_3,0.02245824967527596,OS,3
BIRC5_3,0.022470106793325013,OS,3
CD82_3,0.022477364603332124,OS,3
PRKAR1B_3,0.02248751817806521,OS,3
PRKX_3,0.022502753529159255,OS,3
FNDC1_3,0.02254701563086775,OS,3
IGF2_3,0.022643516372894842,OS,3
PDE10A_3,0.02275833272177699,OS,3
IGFN1_3,0.0228284690164569,OS,3
LMCD1_3,0.02285270273604852,OS,3
DIAPH3_3,0.022929781927140222,OS,3
OAS3_3,0.022934864916630816,OS,3
AQP5_3,0.023022042936871667,OS,3
CLEC5A_3,0.02302255600324531,OS,3
TNFSF11_3,0.023081318852468793,OS,3
PLBD1_3,0.02317341261096014,OS,3
LOC607405_3,0.023272209711058058,OS,3
DOCK2_3,0.02334893912803334,OS,3
ARHGAP30_3,0.023411622042764455,OS,3
DBF4B_3,0.023521554126504637,OS,3
LOC119873395_3,0.023591979713350163,OS,3
NPL_3,0.023927719397398843,OS,3
PEBP4_3,0.02393214731270455,OS,3
RUFY4_3,0.023992754969902733,OS,3
ATP6V0C_3,0.02406933287884909,OS,3
SP100_3,0.024124181289329458,OS,3
FAM83D_3,0.024191252369115186,OS,3
MXRA5_3,0.024277743541747387,OS,3
KCNH1_3,0.024347071466536696,OS,3
DUSP9_3,0.02443776219073799,OS,3
LPXN_3,0.024481242405674324,OS,3
CYSLTR1_3,0.024554272128221342,OS,3
RUNDC3B_3,0.024737418064526017,OS,3
TXNIP_3,0.024756873322559634,OS,3
PLSCR1_3,0.025026819817534456,OS,3
IL7R_3,0.025049736631622306,OS,3
IRX5_3,0.0251558568914664,OS,3
FAT2_3,0.025166408932775653,OS,3
RNF213_3,0.025171518862052517,OS,3
CYP26A1_3,0.025262158656978728,OS,3
SIVA1_3,0.02531670544821358,OS,3
CD40_3,0.025390476203112824,OS,3
HSP90AA1_3,0.025494965135453455,OS,3
SASH3_3,0.02567956585011094,OS,3
CDT1_3,0.025863383088806664,OS,3
SLC13A5_3,0.025895824569005223,OS,3
WAS_3,0.025936090661428265,OS,3
ESPL1_3,0.02609226482449628,OS,3
RRM2_3,0.02617289109541975,OS,3
SFRP4_3,0.02619377905181877,OS,3
CD59_3,0.026647781041582615,OS,3
MYO1F_3,0.02669935152955851,OS,3
BCL11A_3,0.026742083106237248,OS,3
MGAT4A_3,0.026798206661672406,OS,3
GCA_3,0.026910593341359364,OS,3
CD48_3,0.026999915368441273,OS,3
GNGT2_3,0.027302058816287503,OS,3
AKNA_3,0.027315466848525642,OS,3
HSD11B2_3,0.027350816645958134,OS,3
LOC119877688,0.02738711030280003,OS,3
SIM2_3,0.027397580872509014,OS,3
HERC6_3,0.02741563731926502,OS,3
FN1_3,0.027483293427789,OS,3
BUB1_3,0.02792819258524665,OS,3
EXPH5_3,0.027964191915642776,OS,3
ATF5_3,0.028000844163884462,OS,3
LUM_3,0.028055037471102592,OS,3
MX1_3,0.028055695357614513,OS,3
NDUFB9_3,0.028099281799721085,OS,3
SPC24_3,0.02829220216069908,OS,3
CXCL14_3,0.028366238503530476,OS,3
DNAH10_3,0.0284024821593339,OS,3
PMEPA1_3,0.02847391257854904,OS,3
E2F2_3,0.028485067670960665,OS,3
LOC102156046_3,0.028520838331669445,OS,3
DCSTAMP_3,0.02859410062159411,OS,3
TMEM132A_3,0.028605406030219972,OS,3
SIRPB2_3,0.02862633908603946,OS,3
C2_3,0.02864297031975558,OS,3
YIF1B_3,0.02871499754697961,OS,3
GPR65_3,0.02874424459223189,OS,3
RGS7_3,0.02879914027131909,OS,3
SRPX2_3,0.028848597549893187,OS,3
CD2_3,0.028855540785242988,OS,3
SBSPON_3,0.02888169076837805,OS,3
LPAR1_3,0.0288886911817339,OS,3
DDX43_3,0.028901750752338317,OS,3
BAIAP2L1_3,0.028952355561388567,OS,3
ALDH3B1_3,0.02899459382668664,OS,3
SLC49A3_3,0.029059340298307666,OS,3
C6H16orf54_3,0.029240847330181466,OS,3
TMA7_3,0.02929038710598439,OS,3
HDAC9_3,0.029309273164688673,OS,3
PSMB8_3,0.02935231957008061,OS,3
COL11A1_3,0.029408213652022574,OS,3
SEMA4D_3,0.029448936967875424,OS,3
DDX60_3,0.029467398334329754,OS,3
DDX58_3,0.029475451084923065,OS,3
NTRK3_3,0.02949704841523302,OS,3
CDKN2A_1,0.029580546405914076,OS,3
FAXDC2_3,0.02985601164696108,OS,3
SOAT2_3,0.029868890063006352,OS,3
CCDC73_3,0.029908126020865487,OS,3
PDE7B_3,0.03006924257046834,OS,3
TNFSF10_3,0.030095992839201273,OS,3
DLA-DMB_3,0.030348120525876116,OS,3
FGD4_3,0.03039470234502539,OS,3
ANKH_3,0.030433268352892597,OS,3
ST14_3,0.030501079138981174,OS,3
ABCA3_3,0.03058121862033856,OS,3
FAM171B_3,0.030651457917626707,OS,3
C20H19orf38_3,0.0308195666790556,OS,3
MAOB_3,0.0308307892606265,OS,3
LOC102157159_3,0.03102434618464167,OS,3
CD74_3,0.031165776387646067,OS,3
OASL_3,0.03116929923764804,OS,3
FKBP7_3,0.03130283572583951,OS,3
AURKB_3,0.03130430846781521,OS,3
CSPG4B_3,0.03131756842366156,OS,3
LOC609817_3,0.031380630183349696,OS,3
USP54_3,0.03139179093460653,OS,3
ARL4D_3,0.03139955257211701,OS,3
MMP11_3,0.031568445827384745,OS,3
SMAD7_3,0.031569356011772236,OS,3
GAB2_3,0.0315735503968541,OS,3
MOXD1_3,0.031578427257060344,OS,3
ATP6AP1_3,0.031582525236361354,OS,3
ETV1_3,0.03165410736943644,OS,3
LOC100686511_3,0.03177287941989559,OS,3
DCK_3,0.031801206363518277,OS,3
REXO5_3,0.03182462627024388,OS,3
LOC100855450_3,0.03183892308550302,OS,3
ADAMTS12_3,0.03184259555562266,OS,3
HJURP_3,0.03186227139375931,OS,3
HHIPL1_3,0.03192057694482227,OS,3
KLHL40_3,0.03192989266049257,OS,3
PSMB9_3,0.03196068715739497,OS,3
DNAJB1_3,0.032007249825826284,OS,3
PAQR9_3,0.03208857173646433,OS,3
SNAI1_3,0.03213813323669535,OS,3
PM20D2_3,0.032209176086284756,OS,3
DOK2_3,0.03225272981392347,OS,3
CAMK4_3,0.03238255020011029,OS,3
GINS2_3,0.0324219036546635,OS,3
ILDR2_3,0.03250343582532127,OS,3
SERPING1_3,0.032553923624480244,OS,3
MCM5_3,0.03266767054203016,OS,3
TOP2A_3,0.032833153283036376,OS,3
ADGRE5_3,0.03290987303118362,OS,3
NKX3-2_3,0.032911768602013856,OS,3
EPHB3_3,0.033428829175579135,OS,3
ATAD2_3,0.03347351198018412,OS,3
NR1H3_3,0.03352178228124496,OS,3
TROAP_3,0.033625394083417234,OS,3
EVI2A_3,0.033637129813988156,OS,3
ZNF280B_3,0.03370393458038381,OS,3
USP13_3,0.034095678228901236,OS,3
UPP1_3,0.034143705682745086,OS,3
FGR_3,0.03417156265885704,OS,3
FCMR_3,0.03430836021100641,OS,3
RAB29_3,0.03432788769740327,OS,3
CHRNG_3,0.034355555517355564,OS,3
PPP2R2B_3,0.03438267144287108,OS,3
CDCA5_3,0.034491020915835204,OS,3
PLXNA2_3,0.03454382220825359,OS,3
PARP4_3,0.034558936328312875,OS,3
FAM155B_3,0.03470220247991667,OS,3
GDPD5_3,0.03476071173268481,OS,3
SLC6A8_3,0.034980048049090245,OS,3
LOC607470_1,0.03500428510447188,OS,3
LRFN4_3,0.03505582096263327,OS,3
GPR156_3,0.03508388431453265,OS,3
PLAAT4_3,0.03518171501460129,OS,3
HMGB2_3,0.03520469451271519,OS,3
TK1_3,0.0352889822943833,OS,3
CDK6_3,0.03536310595291499,OS,3
ACSL5_3,0.035510550838001496,OS,3
KIF22_3,0.035603069240137494,OS,3
LOC488622_3,0.03564161134845496,OS,3
TAP1_3,0.03580970684670969,OS,3
ATP6V0D2_3,0.03581679897853319,OS,3
ESYT3_3,0.035819859445040396,OS,3
LOC484309_3,0.03589388137217851,OS,3
TGFBR2_3,0.03596268729071213,OS,3
MREG_3,0.036088222664514204,OS,3
DLA-DMA_3,0.03609489111566203,OS,3
PIK3CD_3,0.03611908535566818,OS,3
DAPP1_3,0.036305055868715005,OS,3
E2F1_3,0.036314159303169176,OS,3
CD53_3,0.03632012865610195,OS,3
RASGRF2_3,0.036432977001076595,OS,3
DLK2_3,0.036472965159882104,OS,3
CSRP3_3,0.03648419731714817,OS,3
IRF1_3,0.03648772933039727,OS,3
VWA5A_3,0.03665037781668786,OS,3
SLC24A3_3,0.03668290294463108,OS,3
TYMS_3,0.03671223732477309,OS,3
PCSK6_3,0.036809795311488425,OS,3
MCM2_3,0.03687558034863669,OS,3
EML6_3,0.036903716300041155,OS,3
NRGN_3,0.03690502684721407,OS,3
AEBP1_3,0.03693901280155805,OS,3
PTPRD_3,0.03696146973989387,OS,3
HLA-DRB1_3,0.03704012969641333,OS,3
FAM184B_3,0.037069092609863526,OS,3
LOC119864445_3,0.03730795661657537,OS,3
EHD3_3,0.037455949230463026,OS,3
CFB_3,0.03748172447820288,OS,3
SPATA6_3,0.03749173450497364,OS,3
NCAPG_3,0.0377165519502915,OS,3
LOC100684769_3,0.037740711965946395,OS,3
MANEAL_3,0.037779076962684004,OS,3
PSAT1_3,0.03814377041533547,OS,3
CDCA3_3,0.038192129518182794,OS,3
SLAMF8_3,0.03823564753257136,OS,3
E2F7_3,0.03837178146307037,OS,3
TRIM34_3,0.03841976586256077,OS,3
CD37_3,0.03848514318118421,OS,3
P2RY14_3,0.038503687115600385,OS,3
SLC25A48_3,0.03850892249352842,OS,3
PRKCH_3,0.03854872546144581,OS,3
SCEL_3,0.03893181727204919,OS,3
LOC102155710_3,0.039059375841416416,OS,3
SH3GL3_3,0.03920805590924647,OS,3
LMO7_3,0.039213044588822785,OS,3
BUB1B_3,0.039267133831690136,OS,3
CPXM2_3,0.03936544461314372,OS,3
PLEK_3,0.0393750501618036,OS,3
CX3CR1_3,0.03938644644646053,OS,3
FYB1_3,0.03961524709954958,OS,3
ARHGAP36_3,0.03983159716002341,OS,3
MYO16_3,0.03985721581812547,OS,3
MYF6_3,0.039919112658285835,OS,3
P4HA1_3,0.04006898779701864,OS,3
CDK1_3,0.04014443005309833,OS,3
LOC119878773,0.0402500297002778,OS,3
LOC100686271_3,0.040299234427485134,OS,3
LOC119879270,0.040395621583047936,OS,3
CYBRD1_3,0.0404308637395401,OS,3
GBP1_3,0.04044689990334939,OS,3
LOC611538_3,0.04049386460894591,OS,3
CRLF2_3,0.040544037549432005,OS,3
MPEG1_3,0.040642469218237824,OS,3
C1RL_3,0.040666496952395305,OS,3
EFNA3_3,0.04069794718317771,OS,3
ANOS1_3,0.040778446109628136,OS,3
LOC476396_3,0.040798338825314154,OS,3
CPA6_3,0.04081780831300061,OS,3
KCNMA1_3,0.04083292591756515,OS,3
CCN2_3,0.04087495034268273,OS,3
ECHDC2_3,0.04093964409580304,OS,3
CALCR_3,0.041008311409823646,OS,3
CCND2_3,0.04101671210991668,OS,3
FLT3_3,0.04108832259105034,OS,3
RACGAP1_3,0.04114929426239795,OS,3
PLPPR5_3,0.04115848820668332,OS,3
TMEFF2_3,0.0411846170031866,OS,3
LOC102151812_3,0.04124482045291173,OS,3
HELZ2_2,0.04132363634394617,OS,3
LINGO1_3,0.04133916952272859,OS,3
CLSPN_3,0.04135825370671977,OS,3
SPAG5_3,0.041433744012083024,OS,3
GBA_3,0.04186612369567905,OS,3
LOC608051_3,0.04193576558791737,OS,3
CENPN_3,0.04206663292680298,OS,3
KCNJ16_3,0.04218957410772478,OS,3
PTGES_3,0.04220678681985173,OS,3
REPS2_3,0.04224019936885421,OS,3
CSTB_3,0.04257611537586099,OS,3
TANC1_3,0.04266919081056133,OS,3
FGD6_3,0.04271509125060561,OS,3
INPP4B_3,0.04280806117655938,OS,3
TMEM74_3,0.0428426014239754,OS,3
FREM2_3,0.04288402559613814,OS,3
ADAM19_3,0.04298316590242071,OS,3
ADARB1_3,0.0430094166817588,OS,3
TRPC3_3,0.04307067102190409,OS,3
TLR8_3,0.04312044641365428,OS,3
LOC100684448_3,0.04327983169861986,OS,3
MAP3K5_3,0.043286633210048275,OS,3
STC1_3,0.043547322050431415,OS,3
IL1R2_3,0.04358882626835377,OS,3
SLC22A17_3,0.043640756501492954,OS,3
FMNL1_3,0.04364398377817432,OS,3
SYCE2_3,0.043843609635138364,OS,3
CENPI_3,0.04435619294361761,OS,3
PLA2R1_3,0.04436728270403416,OS,3
ADAMTS1_3,0.044529929589194384,OS,3
EMILIN2_3,0.04460353173046386,OS,3
MCM4_3,0.04461200008055115,OS,3
LOC611908_3,0.044613246078092306,OS,3
APOL5_3,0.044668125154552825,OS,3
ANTXR1_3,0.04493758707034044,OS,3
LOC487172_3,0.04503070046918821,OS,3
IDS_3,0.04503171368506633,OS,3
CYP7B1_3,0.045032390545907366,OS,3
ACSF2_3,0.0452113531034414,OS,3
HAVCR1_3,0.0453143845686399,OS,3
AIF1_3,0.04544848355370143,OS,3
RAI2_3,0.04550567111475822,OS,3
MOB3B_3,0.04552291254437545,OS,3
GADD45GIP1_3,0.04579140809073806,OS,3
RND1_3,0.045853659506912677,OS,3
FGD3_3,0.045984268356499006,OS,3
CLDN4_3,0.04608035856582293,OS,3
MRAP2_3,0.046095621710274134,OS,3
FGD2_3,0.04617459250972183,OS,3
KLRG1_3,0.04622644049815909,OS,3
APOBEC2_3,0.04634938354209627,OS,3
ADAM8_3,0.046689199863431556,OS,3
MPP7_3,0.04677025223135171,OS,3
IFGGB2_3,0.04680676890749251,OS,3
SLAMF7_3,0.046945167954349144,OS,3
C1QA_3,0.047271314328497564,OS,3
NLRP3_3,0.0473035793872118,OS,3
LOC106558903_3,0.04732214906305852,OS,3
GBP6_3,0.047429036812129156,OS,3
CSPG5_3,0.04752562804830597,OS,3
MLIP_3,0.04763106605294017,OS,3
CDC45_3,0.04771358020420037,OS,3
CD109_3,0.04777082857469148,OS,3
COL17A1_3,0.04779901259968436,OS,3
LOC119866157_2,0.047904428951147854,OS,3
LOC111097339_3,0.04802606518445086,OS,3
DLA-DRA_3,0.04811907556452099,OS,3
CD300LG_3,0.04826673271957952,OS,3
RGS3_3,0.048366113560132686,OS,3
LTBP2_3,0.04838843242930306,OS,3
CCL23_3,0.04840327024247802,OS,3
SLC48A1_3,0.04848197037971996,OS,3
ABHD2_3,0.04864543961654974,OS,3
NXPH2_3,0.04864586294966061,OS,3
LAGE3_3,0.04877156567160195,OS,3
CENPF_3,0.04877795322988307,OS,3
LYL1_3,0.04882978733003446,OS,3
PPM1L_3,0.04893380992237408,OS,3
MFNG_3,0.04931962848377345,OS,3
FSTL1_3,0.04950672899736221,OS,3
KLKB1_3,0.04993651173235299,OS,3
LOC119868251_3,0.05001201805178748,OS,3
LOC111096774_3,0.050177532145632,OS,3
LPAR5_3,0.050267727694972834,OS,3
ARHGAP9_3,0.05031734815820394,OS,3
ACP5_3,0.05036347824193776,OS,3
ADAMTS17_3,0.05049629622792851,OS,3
GALNT6_3,0.05050514584936525,OS,3
CASP12_3,0.05062418832064372,OS,3
LOC481472_3,0.050638259024002444,OS,3
LOC484343_3,0.05069056863219978,OS,3
PPP1R3B_3,0.050882764204330945,OS,3
BRCA1_3,0.05091951824516222,OS,3
NLRC5_3,0.050935530651822,OS,3
SNAP91_3,0.05113773442325273,OS,3
ORC1_3,0.05126706242862226,OS,3
SPNS2_3,0.05129111251214735,OS,3
KIF14_3,0.05130519112128197,OS,3
NACAD_3,0.05132939291911702,OS,3
RAD51_3,0.051416132151687534,OS,3
RNASE4_3,0.05150197687122972,OS,3
CDCA7_3,0.051570955182701245,OS,3
PGAM2_3,0.05224342841120435,OS,3
HILPDA_3,0.05248548344115621,OS,3
TPP1_3,0.05268339826541634,OS,3
MANSC4_3,0.0527026830406345,OS,3
OCSTAMP_3,0.05276816027535735,OS,3
TBXAS1_3,0.053141958294024086,OS,3
NDC80_3,0.0533473639221863,OS,3
LOC119870834_3,0.05348779557473655,OS,3
SARDH_3,0.05349097198899394,OS,3
ABCB1_3,0.05368614111507073,OS,3
MYPN_3,0.05396893166530623,OS,3
CD180_3,0.053986674138881356,OS,3
DPYD_3,0.054107349706670575,OS,3
IRX1_3,0.05421242947339892,OS,3
LYN_3,0.0544566257231857,OS,3
SLC46A3_3,0.05461000283596799,OS,3
POLE_3,0.05462697779621844,OS,3
LIF_3,0.0546399312725488,OS,3
REEP4_3,0.05465374969487905,OS,3
ZNF385D_3,0.05477436898027528,OS,3
PIP5K1B_3,0.05492605626733557,OS,3
FJX1_2,0.05493415734258543,OS,3
NR2F1_3,0.05495478850120945,OS,3
IFGGC1_3,0.05500996747825524,OS,3
LONRF3_3,0.05502158958675697,OS,3
GPR137B_3,0.05502241835988814,OS,3
ESCO2_3,0.05513257373530543,OS,3
TSPAN11_3,0.05513276513707941,OS,3
CDC20_3,0.0553538682185164,OS,3
IFITM5_3,0.055386452719107075,OS,3
TNFAIP3_3,0.055469736065830715,OS,3
SLC7A7_3,0.055478167574340057,OS,3
CSRP1_3,1.85408393109383e-05,OS,4
CA14_3,2.5538132786898944e-05,OS,4
SAMD9L_3,4.561888151858296e-05,OS,4
CYP4V2_3,5.608118363690986e-05,OS,4
PTPRZ1_3,5.822393238692582e-05,OS,4
PTEN_3,8.02867206172168e-05,OS,4
TDRD7_3,8.77115386792319e-05,OS,4
MSI1_3,0.00011280745873942482,OS,4
NIBAN1_3,0.00012667089917448094,OS,4
MEX3A_3,0.00018061403519654859,OS,4
RECQL4_3,0.00022083100435081176,OS,4
LOC476816_3,0.00022985081852190667,OS,4
GPRC5C_3,0.0002445483039390099,OS,4
LMO2_3,0.00029046641473539785,OS,4
LOC111091730_3,0.00030159289974919295,OS,4
BATF2_3,0.00034436408997511265,OS,4
SULT1C4_3,0.0003614712535518938,OS,4
IFIT3_3,0.00037556819956972214,OS,4
IL34_3,0.00040063566343677756,OS,4
TSPAN33_3,0.00042742059280944365,OS,4
TONSL_3,0.00042897332160510905,OS,4
ALOX5_3,0.00043016451270548595,OS,4
EVI2B_3,0.000502684884918812,OS,4
ARRB1_3,0.0005142607932619172,OS,4
MIS18A_3,0.0005156182962272281,OS,4
BARX1_3,0.0005485923081685926,OS,4
FANCD2_3,0.0005636385403455835,OS,4
CCNB3_3,0.0005897113958097175,OS,4
SH3D19_3,0.0006018075467448673,OS,4
IFI44_3,0.0006098263707616497,OS,4
ATAD2_3,0.0006715852844974301,OS,4
SELENOP_3,0.0006838707707320083,OS,4
FAM180A_3,0.0006845190649071465,OS,4
AMBN_3,0.0006887375654462761,OS,4
SDK2_3,0.000711250908694885,OS,4
PRKAR2B_3,0.0007265056216724438,OS,4
B2M_3,0.0007432836539499768,OS,4
FAM131C_3,0.0007456923684936352,OS,4
PHGDH_2,0.00075621584679963,OS,4
SKA3_3,0.0007634049747034841,OS,4
RTP4_3,0.0008061080341953873,OS,4
HERC6_3,0.0008141211370385104,OS,4
DDX58_3,0.0008262750351866748,OS,4
DSCC1_3,0.0008316044261839354,OS,4
CBX7_3,0.0008341376709237859,OS,4
ATAD1_3,0.0008587445947711943,OS,4
GAREM2_3,0.0008862881212822432,OS,4
SQOR_3,0.0008882474371892223,OS,4
OAS2_3,0.0008904252351503657,OS,4
IFI44L_3,0.000902598578045741,OS,4
POLQ_3,0.0009190304371026667,OS,4
OAS1_3,0.000983505320941096,OS,4
PYCARD_3,0.0009957029782836494,OS,4
SLC13A5_3,0.0009977828099073964,OS,4
INPP5D_3,0.0010012388395495236,OS,4
LOC612422_3,0.0010056378043206025,OS,4
PARP9_3,0.0010291594302262626,OS,4
HACD4_3,0.0010305209156529465,OS,4
CENPW_3,0.0010820423312460443,OS,4
KCTD12_3,0.0010974083808076172,OS,4
FGL2_3,0.0011108890396906226,OS,4
SCML2_3,0.0011231447242152125,OS,4
NCAPH_3,0.0011577723939245042,OS,4
LOC102155122_3,0.0011960825281839373,OS,4
LOC119866898_3,0.001205048391660224,OS,4
NELL2_3,0.0012411420138064367,OS,4
KIF1A_3,0.0012594285481297956,OS,4
GMFG_3,0.0012777002550384406,OS,4
RRAD_3,0.0012995448596528128,OS,4
TLR7_3,0.001311029162589542,OS,4
LIMS2_3,0.0013682021686016082,OS,4
DNA2_3,0.0013798965106341604,OS,4
CHAC1_3,0.0013806690266647524,OS,4
GPR34_3,0.0013964234399743804,OS,4
RNF213_3,0.0014365641030692506,OS,4
DSN1_3,0.0014538140300547678,OS,4
NETO1_3,0.0014652355423400208,OS,4
ARHGDIB_3,0.0014662861580451063,OS,4
ELOVL4_3,0.001469503258034907,OS,4
GAS6_3,0.0015235886306526091,OS,4
TBC1D9_3,0.0015434340425145056,OS,4
CYTH4_3,0.0015548350595490116,OS,4
TRIB3_3,0.0016136835249127384,OS,4
GTSE1_3,0.0016201331200283444,OS,4
CSF2RB_3,0.001646647258112378,OS,4
PTTG1_3,0.0016634420161413272,OS,4
BTK_3,0.0016984987706193722,OS,4
CSF1R_3,0.0017486858986526083,OS,4
PLPP1_3,0.001754411919278555,OS,4
SIM2_3,0.0017591516483328217,OS,4
IFIT2_3,0.0017607465284110448,OS,4
CDCA8_3,0.0017706489356827636,OS,4
TROAP_3,0.0018187694511114046,OS,4
DDIT4_3,0.0018524031224111132,OS,4
BMP7_3,0.0018616367087804996,OS,4
DUSP9_3,0.0018787035725433036,OS,4
STING1_3,0.0018805025295330034,OS,4
RGS7_3,0.0019092987935513226,OS,4
EPAS1_3,0.0019099577030216423,OS,4
ST8SIA6_3,0.0019142338356516163,OS,4
ADSS1_3,0.0019164789502914403,OS,4
IFI35_3,0.0021143167903717518,OS,4
LOC488622_3,0.002193094273532818,OS,4
CXCL14_3,0.0022219302002052057,OS,4
LOC488947_3,0.0022592723491785286,OS,4
DHX58_3,0.0022641100723201375,OS,4
SMTNL2_3,0.002268689721481501,OS,4
VGLL2_3,0.0022712341908191673,OS,4
MRI1_3,0.002272259388422962,OS,4
TLR3_3,0.002310031991623644,OS,4
GLT1D1_3,0.0023366299002722645,OS,4
APOL5_3,0.002382311901979618,OS,4
ADAMTSL3_3,0.0023826762406693306,OS,4
TTC39B_3,0.002412857853564875,OS,4
NCKAP1L_3,0.002439327018223833,OS,4
CDC45_3,0.002439802598884275,OS,4
LGALS9_3,0.0025093119811447386,OS,4
BLNK_3,0.0025218629128509664,OS,4
GYPC_3,0.0025343801655470424,OS,4
HK2_3,0.0025561620891008875,OS,4
FAM241A_3,0.0025689302671406383,OS,4
EXPH5_3,0.002597810781238446,OS,4
ATF5_3,0.0026123809920991937,OS,4
PBK_3,0.002628253499564155,OS,4
UHRF1_3,0.0026369211583218435,OS,4
LOC119877177,0.0026427080883446802,OS,4
RAB30_3,0.002650563507102135,OS,4
TRIP13_3,0.002662503902912412,OS,4
PTPRC_4,0.00269016456279978,OS,4
SGMS1_3,0.0027786507252271445,OS,4
ZBP1_3,0.0028405074392073883,OS,4
TNFAIP8L2_3,0.002865336156892994,OS,4
FAM107A_3,0.0028779251383523204,OS,4
UBE2S_3,0.0028814727117906025,OS,4
ZMAT1_3,0.0029169598340768417,OS,4
RNASEL_3,0.0029230039954580705,OS,4
ASAH1_3,0.0029266494121909735,OS,4
CARD9_3,0.002951148431559243,OS,4
CIRBP_3,0.0029645345779109804,OS,4
GAB2_3,0.0029915274744207582,OS,4
TYROBP_3,0.0030108278737104627,OS,4
IFIH1_3,0.003093014706844787,OS,4
HNMT_3,0.0031251839493995934,OS,4
MYBL2_3,0.0031849821741376646,OS,4
PCBP3_3,0.003194960448632724,OS,4
PTPN6_3,0.0031967615942972106,OS,4
CADM4_3,0.0032044835319976423,OS,4
DBF4B_3,0.0032344476022829758,OS,4
C1H9orf3_3,0.0032511064792314736,OS,4
PARP14_3,0.0032771428489059133,OS,4
RNLS_3,0.003296590596812412,OS,4
SMO_3,0.003310583586521977,OS,4
RGS18_3,0.0033206408363406956,OS,4
DLGAP5_3,0.003322403414863921,OS,4
LNX1_3,0.0033472317477294933,OS,4
ECT2_3,0.0033651848999913902,OS,4
MAP1LC3C_3,0.0033786127845618625,OS,4
CHPT1_3,0.0034399315998707007,OS,4
FAS_3,0.003521382334277368,OS,4
TRIM22_3,0.003564100252923884,OS,4
PPP1R27_3,0.0035805672075068643,OS,4
LOC612325_3,0.003583611924303111,OS,4
PARP15_3,0.003586861117241412,OS,4
DENND1C_3,0.0036371207293467503,OS,4
CDC6_3,0.0036382554263562723,OS,4
FMO5_3,0.0036464821849075185,OS,4
USP46_3,0.0036655708765359098,OS,4
GPR183_3,0.0037187440190681693,OS,4
MACROH2A2_3,0.003770799242568388,OS,4
XG_3,0.0037822863748572136,OS,4
IRF7_3,0.0037921377656844495,OS,4
DEPDC1_3,0.00380850250682863,OS,4
ST6GALNAC3_3,0.003829986041411294,OS,4
CDT1_3,0.003849793568324289,OS,4
SFRP4_3,0.003888873275076984,OS,4
DTX3L_3,0.003928135450839418,OS,4
PSAT1_3,0.00392907182590558,OS,4
KIF4A_3,0.003946508626176216,OS,4
LRRC4B_3,0.003956519036398308,OS,4
BUB1_3,0.003980178215776861,OS,4
CDCA2_3,0.004036371101718917,OS,4
KLHL30_3,0.00407407488055023,OS,4
DDX60_3,0.004080419295501788,OS,4
ACSS3_3,0.004102681133897312,OS,4
ENPP5_3,0.004105862745766863,OS,4
VWA5A_3,0.00412142619555537,OS,4
POLE2_3,0.004165379791353236,OS,4
PARP12_3,0.004199265984353725,OS,4
LOC102153396_3,0.00425225937660952,OS,4
SLC25A10_3,0.004264031710329257,OS,4
GNG11_3,0.004288459504587935,OS,4
STAMBPL1_3,0.004355736390190349,OS,4
SYK_3,0.004379990296113893,OS,4
LHX2_3,0.004467369631082853,OS,4
PSMB8_3,0.004487085617409858,OS,4
NSMCE2_3,0.004535536142084259,OS,4
DNASE1L3_3,0.004566582075358473,OS,4
LY96_3,0.004654309693089439,OS,4
LAPTM5_3,0.004663014875215031,OS,4
CLTCL1_3,0.004685242274677816,OS,4
CENPV_3,0.004694327938203131,OS,4
TFCP2L1_3,0.004716871266068988,OS,4
ADGRG6_3,0.0047193147358133535,OS,4
LOC119877400,0.004723868141749583,OS,4
PALMD_3,0.004738182110267345,OS,4
ITGBL1_3,0.0047406967816713145,OS,4
KIF18B_3,0.0047652556929166645,OS,4
ATF7IP2_3,0.004774626018088622,OS,4
PIK3AP1_3,0.004778714289877523,OS,4
LGR4_3,0.004792981687306418,OS,4
AURKB_3,0.004895694596800345,OS,4
TNFRSF14_3,0.004928319208597759,OS,4
VANGL2_3,0.004943159542096732,OS,4
PLXNA3_3,0.004963736561777439,OS,4
SPSB4_3,0.004965960703315784,OS,4
SPAG5_3,0.004980424070176824,OS,4
RBM44_3,0.005021422974993639,OS,4
TOP2A_3,0.0050710609770151975,OS,4
XAF1_3,0.005074147353653176,OS,4
INPP4B_3,0.005116447864783947,OS,4
PRDM1_3,0.005150912355105137,OS,4
TMEM86A_3,0.005162194589021198,OS,4
UBE2C_3,0.005166916541036801,OS,4
TMEM140_3,0.005172256571097003,OS,4
FANCM_3,0.005204325305239364,OS,4
BCL11A_3,0.005205213423337437,OS,4
CMPK2_3,0.0052110292794717,OS,4
PTGFR_3,0.0052699469329895365,OS,4
CCL23_3,0.0053095560312224266,OS,4
UBE2T_3,0.005319238143759595,OS,4
GASK1B_3,0.005328214281072974,OS,4
GLIPR2_3,0.0053906295525977055,OS,4
PAQR9_3,0.005409174639753149,OS,4
P3H2_3,0.005458507645078629,OS,4
LOC119877532,0.005471021409032749,OS,4
MILR1_3,0.005503642694025749,OS,4
TNFRSF6B_3,0.005518739942554364,OS,4
PLK4_3,0.005564588757326635,OS,4
E2F1_3,0.005570424793224899,OS,4
CHST2_3,0.00566041614552589,OS,4
PRKCH_3,0.005668590986806959,OS,4
SPC25_3,0.005682622600314697,OS,4
CALHM5_3,0.005688268616451551,OS,4
LOC487476_3,0.005721841349394998,OS,4
LOC119877926,0.005726701373139188,OS,4
MINPP1_3,0.005767735914841245,OS,4
LOC606863_3,0.0057842454702923774,OS,4
RCOR2_3,0.005810797211863992,OS,4
MYOF_3,0.005838045571523839,OS,4
WNT5A_3,0.005848383449352188,OS,4
PLPPR2_3,0.005854866905009163,OS,4
SP100_3,0.005950205930748484,OS,4
HCLS1_3,0.006016146693471887,OS,4
MX2_3,0.006018597131025667,OS,4
SELPLG_3,0.006042401400712357,OS,4
EPHA2_3,0.006064141904279053,OS,4
LOC477699_3,0.006144951946668351,OS,4
CCNB2_3,0.0061583470800531765,OS,4
IDS_3,0.006158353462100785,OS,4
SH3TC1_3,0.006206408031610307,OS,4
PLAAT4_3,0.006218833276960956,OS,4
BST2_3,0.006236897579358998,OS,4
AURKA_3,0.006244669819837217,OS,4
SERPINB8_3,0.006287168280712426,OS,4
ACSL5_3,0.006310484813789148,OS,4
NLRC5_3,0.006331401100387175,OS,4
KIF15_3,0.00633468101729763,OS,4
P2RX7_3,0.006365189793357849,OS,4
CYTIP_3,0.006381154650628008,OS,4
GABRA2_3,0.006588253836215185,OS,4
LOC111096175_3,0.0066981388458316185,OS,4
GBP6_3,0.006704701168586928,OS,4
MBOAT2_3,0.006744385766653725,OS,4
LOC102157159_3,0.00675943549891321,OS,4
B4GALNT1_3,0.006773346680306666,OS,4
UPP1_3,0.006774211652924522,OS,4
SLC43A2_3,0.006802802676203323,OS,4
POLE_3,0.006868417599556119,OS,4
GIMAP6_3,0.006911513980857716,OS,4
FOXF1_3,0.006961536908631063,OS,4
LOC100855995_3,0.006992350664181312,OS,4
ACOD1_3,0.007042289767744861,OS,4
PTK2B_3,0.007173479773581634,OS,4
MCM10_3,0.0071809834600987665,OS,4
EFNA3_3,0.007182221593135271,OS,4
MX1_3,0.007190211091861267,OS,4
NXPH4_2,0.007220738645734145,OS,4
LIPA_3,0.007234590794363397,OS,4
FANCA_3,0.007257477757346263,OS,4
SHANK1_3,0.007325637767150287,OS,4
KCNC3_3,0.007340025998629534,OS,4
CDCA5_3,0.007373136891062898,OS,4
CENPT_3,0.007558088784330693,OS,4
FRRS1_3,0.007618837958351366,OS,4
JAZF1_3,0.007624132315512671,OS,4
HERC5_3,0.007675953049172841,OS,4
F5_3,0.0077156556927684555,OS,4
CLSPN_3,0.007726035674453926,OS,4
DNPH1_3,0.007771106882327527,OS,4
GPR146_3,0.007815649479471186,OS,4
MCM4_3,0.007855661596785123,OS,4
SERTM1_3,0.00788251014061553,OS,4
IFITM5_3,0.007916554431946651,OS,4
HILPDA_3,0.007920798397323745,OS,4
GINS4_3,0.00794258585250694,OS,4
DPF1_3,0.008032926492566246,OS,4
CYBRD1_3,0.008038268156323818,OS,4
FGF23_3,0.008119506509238754,OS,4
ADORA2B_3,0.008119715294854429,OS,4
LOC111097086_3,0.008210481621177585,OS,4
TGFBR2_3,0.008212885314269516,OS,4
LOC106559420_3,0.008223828781052413,OS,4
SPC24_3,0.008236402209063395,OS,4
PTPRJ_3,0.008243351365730539,OS,4
LOC475831_3,0.008276542644846596,OS,4
DDX43_3,0.008284681780619937,OS,4
ESPL1_3,0.008294772452848443,OS,4
MBOAT1_3,0.008351205310128725,OS,4
BUB1B_3,0.00836582527989654,OS,4
RAI2_3,0.008384247403707228,OS,4
NDUFB9_3,0.008407094507056652,OS,4
HAVCR1_3,0.008522137893864879,OS,4
IFGGC1_3,0.008537068882913381,OS,4
LOC484309_3,0.00854460991614087,OS,4
LOC610632_3,0.008649511226524374,OS,4
ADA2_3,0.008717505306521794,OS,4
BIRC5_3,0.008726393495743634,OS,4
GPSM3_3,0.00874883302013463,OS,4
FERMT3_3,0.008844276119744962,OS,4
OASL_3,0.008911326644541206,OS,4
LOC119873395_3,0.008952068380646975,OS,4
DNMT3B_3,0.008989954123344794,OS,4
SLC36A2_3,0.009002817565109173,OS,4
KIF22_3,0.009006020104776037,OS,4
LPXN_3,0.009029545246780209,OS,4
APOB_3,0.009044880157285946,OS,4
RENBP_3,0.009062508221321156,OS,4
MGST2_3,0.009081069202236062,OS,4
LMCD1_3,0.009091784530365458,OS,4
LOC611835_3,0.009094663015377966,OS,4
ARHGEF3_3,0.009143352509583555,OS,4
TENT5A_3,0.009155534297115558,OS,4
IGFBP7_3,0.009166154020401525,OS,4
BRCA1_3,0.00918575504464309,OS,4
NCALD_3,0.00919122680742644,OS,4
IGF2BP1_3,0.009206225263468842,OS,4
SREBF1_3,0.009231700397060661,OS,4
CDC42EP2_3,0.009314699145297142,OS,4
NPL_3,0.00944844105449399,OS,4
RYR2_3,0.009508728987621966,OS,4
SLC9A2_3,0.009523189122802651,OS,4
CDCA3_3,0.00955133768402881,OS,4
PIK3CG_3,0.00959274137751797,OS,4
GRIA2_3,0.00962274401306146,OS,4
ATP8B4_3,0.009655765047551597,OS,4
LCP1_3,0.009671139271077371,OS,4
LOC119877878,0.009678378434982584,OS,4
LOC111097339_3,0.009683718326929233,OS,4
STRA6_3,0.009714676887662876,OS,4
KIAA1671_3,0.00977350081348871,OS,4
COL17A1_3,0.00980665573678722,OS,4
TRIM34_3,0.009869671302347043,OS,4
CDK1_3,0.009910271969957743,OS,4
MCTP1_3,0.00991332393320134,OS,4
SPI1_3,0.009919017619590175,OS,4
CEP72_3,0.009964051444404959,OS,4
LOC100684769_3,0.00997402011864223,OS,4
HSPH1_3,0.009996240914135075,OS,4
SCN4A_3,0.01005223491997377,OS,4
TNFSF10_3,0.010062434175664072,OS,4
CD86_3,0.010091255468506737,OS,4
LURAP1L_3,0.010191387183782173,OS,4
CDCA7_3,0.010241293386115449,OS,4
LOC111098122_2,0.010295995246835181,OS,4
IRF5_3,0.010296419070512406,OS,4
LUZP4_3,0.010307110641267539,OS,4
STMN1_3,0.010432499969498932,OS,4
GSAP_3,0.010486442283685374,OS,4
GLIPR1_3,0.010492544568032404,OS,4
MCM2_3,0.010615952678223316,OS,4
LOC119879231,0.010671776830377282,OS,4
LINGO1_3,0.01068125005974504,OS,4
OSBPL3_3,0.010705071070753788,OS,4
MCM5_3,0.010720810779322782,OS,4
DOCK9_3,0.010723957677721769,OS,4
MYC_3,0.010764712466720746,OS,4
DENND2B_3,0.01078173765252673,OS,4
VAV1_3,0.01082111925411307,OS,4
GBP1_3,0.010916528315276678,OS,4
TASL_3,0.010916748281544878,OS,4
CTSH_3,0.010989800898977248,OS,4
SPDL1_3,0.010993082562173576,OS,4
PSMB9_3,0.010998452307273735,OS,4
TAGAP_3,0.01112771535658656,OS,4
MARCHF1_3,0.011373159756848926,OS,4
LOC106557828_3,0.011408135602927558,OS,4
GASK1A_3,0.011476015169702999,OS,4
LOC106558903_3,0.011488585106195522,OS,4
C3AR1_3,0.011616352859247005,OS,4
LOC119875957_1,0.0116318844554552,OS,4
IGFBP5_3,0.011659569171195417,OS,4
EMB_3,0.01167918060974162,OS,4
RAD51_3,0.011715455731070981,OS,4
LOC102152083_3,0.011747363872044553,OS,4
LOC102152275_3,0.011792117473884825,OS,4
THEMIS2_3,0.011795733580120853,OS,4
FLRT3_3,0.011815387798487533,OS,4
ORC1_3,0.012032605325616934,OS,4
EVI2A_3,0.012073983645304624,OS,4
HSP90AA1_3,0.012103324377029325,OS,4
CMSS1_3,0.012176222127117829,OS,4
LAT2_3,0.012240705122715021,OS,4
BBOX1_3,0.012257022708586718,OS,4
CENPA_3,0.012294403660982944,OS,4
TK1_3,0.01234912070429373,OS,4
DLA88_3,0.012466554369081175,OS,4
LOC119879221,0.012473482016980692,OS,4
MYF6_3,0.012482338788275692,OS,4
MOSPD2_3,0.01249325973291805,OS,4
E2F7_3,0.012497241454673009,OS,4
PARVG_3,0.012502213911986122,OS,4
CENPK_3,0.012518122875914068,OS,4
PM20D2_3,0.012520377611424457,OS,4
HUNK_3,0.012625112702755422,OS,4
LOC481472_3,0.01263081604995244,OS,4
LOC119879410,0.012657285268362361,OS,4
ECHDC2_3,0.012660117060270116,OS,4
PRUNE2_3,0.0126989415412659,OS,4
ADAMTS4_3,0.01271308136600763,OS,4
GNGT2_3,0.012726408827669036,OS,4
LOC102152016_3,0.01276097401907534,OS,4
CRYBG1_3,0.012771614497784016,OS,4
ANXA3_3,0.012833954305561,OS,4
RANBP3L_3,0.012961083751048121,OS,4
CD59_3,0.012986583147222298,OS,4
IGSF6_3,0.013057575027375016,OS,4
FGR_3,0.013073696522982148,OS,4
NFAM1_3,0.013089888370438679,OS,4
TEK_3,0.013118991852462538,OS,4
REXO5_3,0.01314409372999085,OS,4
DOCK8_3,0.013209020148934877,OS,4
UBA7_3,0.013330797839757925,OS,4
JAML_3,0.01347973682839984,OS,4
FAM189A2_3,0.013622698231158735,OS,4
MTURN_3,0.013670865053551062,OS,4
APOBEC3Z3_4,0.013676595940109807,OS,4
BEGAIN_3,0.013685753883002888,OS,4
LOC106559768_3,0.013750974025839881,OS,4
LGI3_3,0.013781416303935385,OS,4
AQP5_3,0.013788477311845562,OS,4
MGAT4A_3,0.013856040768686786,OS,4
SERPING1_3,0.013875223312970664,OS,4
CCR2_3,0.01397663482264288,OS,4
CCNA2_3,0.014035926591421182,OS,4
DLA-79_3,0.014041978037286986,OS,4
CASQ1_3,0.014060494096692244,OS,4
KLHL6_3,0.014113337965780364,OS,4
NOSTRIN_3,0.014181028845077905,OS,4
LAG3_3,0.014237828575319366,OS,4
CABCOCO1_3,0.014284726523805791,OS,4
CA5B_3,0.014302862829760347,OS,4
IL1RN_3,0.014345559825225247,OS,4
ECM2_3,0.014363288634117382,OS,4
ARHGAP30_3,0.014384525192814452,OS,4
DOCK10_3,0.014463202754970204,OS,4
LOC119878773,0.014476445980207678,OS,4
RBPMS2_3,0.014517217575837885,OS,4
STMN3_3,0.014556861227360152,OS,4
MFNG_3,0.014595279689370069,OS,4
SUGCT_3,0.014620422996337713,OS,4
FAM83D_3,0.014688244221996266,OS,4
MEST_3,0.014689632692813991,OS,4
STC1_3,0.014690809111644386,OS,4
RAB38_3,0.014690987862667303,OS,4
RACGAP1_3,0.014696096344847184,OS,4
IFGGB2_3,0.01475352559176685,OS,4
MS4A7_3,0.014759498666624484,OS,4
GIMAP2_3,0.014843804478143758,OS,4
TFEC_3,0.014847402388819915,OS,4
TMCC3_3,0.014885426041107848,OS,4
GRK7_3,0.014949868045196612,OS,4
DAPP1_3,0.014975155627389854,OS,4
CALD1_3,0.014994265482614129,OS,4
CBLN3_3,0.015002475063016859,OS,4
DBNDD1_3,0.01502635744021294,OS,4
IL18_3,0.0151029375627468,OS,4
ISG15_3,0.015110646108867426,OS,4
LOC119876150,0.015112588871054693,OS,4
ARL4D_3,0.015143508000340746,OS,4
KIF23_3,0.015145909514819977,OS,4
SUSD1_3,0.015428441207481283,OS,4
OLFML1_3,0.015475650290486984,OS,4
PKMYT1_3,0.015516949689051771,OS,4
LOC100688849_3,0.015518524967213804,OS,4
RETSAT_3,0.015570794995014011,OS,4
CDA_3,0.01557629199619775,OS,4
TRPV4_3,0.01561197039191648,OS,4
E2F8_3,0.015664179887724502,OS,4
SLC6A9_3,0.015840712340877916,OS,4
TIMD4_3,0.01589913334538767,OS,4
C29H8orf88_3,0.015925347237929894,OS,4
RAB29_3,0.015961789192843766,OS,4
NCAPG_3,0.015978982867785423,OS,4
ZIC1_3,0.015981868335158824,OS,4
RGS10_3,0.016010485854782746,OS,4
FKBP4_3,0.01602310214033852,OS,4
CASP8_3,0.01603477361344798,OS,4
SLC16A1_3,0.016165505603377497,OS,4
SLC7A5_3,0.016283486233980012,OS,4
ALDH3B1_3,0.016303280011949774,OS,4
IL7R_3,0.016353365459069624,OS,4
TMEM106A_3,0.01637362623818814,OS,4
TERT_3,0.016382420942147667,OS,4
KLHL40_3,0.016426295524175856,OS,4
CHST8_3,0.016430447718645103,OS,4
BIN2_3,0.01652346390511287,OS,4
LOC119878234,0.016571023723503536,OS,4
DOK2_3,0.016595865080701593,OS,4
LRFN4_3,0.01669072520506728,OS,4
VCAM1_3,0.0167491917105761,OS,4
ALS2CL_3,0.016804164104361863,OS,4
H2BC8_3,0.016927491687046978,OS,4
GPRIN1_3,0.016947243959087945,OS,4
HELLS_3,0.01705555877274926,OS,4
PARP4_3,0.01706193978877613,OS,4
TRANK1_3,0.017080974972463737,OS,4
PLPPR4_3,0.017083123895653453,OS,4
HJURP_3,0.0171045214138496,OS,4
OAS3_3,0.017118935812899853,OS,4
MAP2K6_3,0.017194319767693363,OS,4
PAIP2B_3,0.017202033776756647,OS,4
ABCC3_3,0.017261547135643086,OS,4
LOC119879073,0.01730322774046004,OS,4
CYSLTR1_3,0.017306828304708467,OS,4
DLA-DMB_3,0.017307340174009273,OS,4
HSP70_3,0.017324192416595854,OS,4
DKK1_3,0.01736608568711774,OS,4
TAP1_3,0.017434647694774194,OS,4
PIP4P2_3,0.017542077823182785,OS,4
LOC100686271_3,0.01756587379378609,OS,4
TAGLN_3,0.017666399265678232,OS,4
LOC119877688,0.01775643276995393,OS,4
FYB1_3,0.017859180903659122,OS,4
BIRC3_3,0.017973962855298713,OS,4
TCAF1_3,0.018019156043936706,OS,4
ELFN2_3,0.01806961477862772,OS,4
SLC46A3_3,0.018077741658868718,OS,4
DLG2_3,0.01811919470160557,OS,4
TLR8_3,0.018168973168540513,OS,4
ARHGAP6_3,0.01821309652971384,OS,4
SLCO3A1_3,0.018218543664639084,OS,4
FGF11_3,0.01827494841626968,OS,4
PLBD1_3,0.018328055420789382,OS,4
KIAA0040_3,0.018350813020315587,OS,4
CEP170B_3,0.01841357494430955,OS,4
ADCY7_3,0.01862290559773287,OS,4
C32H4orf54_3,0.01869848824351559,OS,4
ISLR2_3,0.018708255862936604,OS,4
GPR65_3,0.018774195514772236,OS,4
RAB39A_3,0.018788768995390445,OS,4
USP13_3,0.01895164543286391,OS,4
PAPSS2_3,0.019107605353413867,OS,4
LAGE3_3,0.01914518142683216,OS,4
TMEM97_3,0.01917570644862342,OS,4
GPR156_3,0.019238517725846713,OS,4
SELL_3,0.01926520666645248,OS,4
MCF2L_3,0.019360506097291112,OS,4
CD48_3,0.01936621939179409,OS,4
HORMAD1_3,0.019472825274885794,OS,4
FKBP10_3,0.019513610661406736,OS,4
C20H19orf38_3,0.019537096395674615,OS,4
H2AX_3,0.019619731814697016,OS,4
GNAI1_3,0.01981817726512124,OS,4
ZC3HAV1_3,0.01982648533404215,OS,4
SERPINB9_3,0.019845234085726225,OS,4
TNNI1_3,0.019850852843378824,OS,4
MYO1G_3,0.01987307285366341,OS,4
OBSL1_3,0.019897088759628236,OS,4
MBP_3,0.019918026015753387,OS,4
CDC20_3,0.020004629926581603,OS,4
STUM_3,0.020030987188582143,OS,4
LOC102156428_3,0.02005120031207523,OS,4
MYCT1_3,0.020113907832505693,OS,4
C1QL4_3,0.020165094545562146,OS,4
PDE7B_3,0.020198997514058688,OS,4
RCN3_3,0.02019930663991406,OS,4
SLC46A2_3,0.02022576485362636,OS,4
DOCK2_3,0.020237916823383724,OS,4
PRRT4_3,0.020328868531337925,OS,4
ENPP3_3,0.02037836445944643,OS,4
PTAFR_3,0.020433394936172973,OS,4
TPX2_3,0.020445686235533805,OS,4
CLEC12A_3,0.02050180490222927,OS,4
FOXG1_3,0.020503168521631625,OS,4
PIK3IP1_3,0.02051386015969348,OS,4
RBMS3_3,0.02058283465179384,OS,4
TMEM236_3,0.020743145177511677,OS,4
MAB21L2_3,0.020789423314887517,OS,4
LOC119877181,0.02096462682101692,OS,4
PAG1_3,0.021004243832154143,OS,4
E2F2_3,0.021006903747470378,OS,4
ABCA6_3,0.02100716526512294,OS,4
MANEAL_3,0.021106756552648466,OS,4
KIF14_3,0.021122779775116764,OS,4
NACAD_3,0.021267361982797547,OS,4
WAS_3,0.021430752278323407,OS,4
MRC1_3,0.02147506719352709,OS,4
RSAD2_3,0.0215689486790675,OS,4
ARHGAP36_3,0.021574160079739373,OS,4
CENPF_3,0.02158269402058527,OS,4
RASGRF2_3,0.021602621083059374,OS,4
GSDMD_3,0.021886889597291702,OS,4
RASA4B_3,0.02192169141315763,OS,4
DIAPH3_3,0.021933362150420854,OS,4
COL26A1_3,0.02204836646797204,OS,4
RASSF5_3,0.022056063896301707,OS,4
DNAI4_3,0.02209277490876435,OS,4
NCF4_3,0.022136001677730593,OS,4
TFAP2A_3,0.02217067064079173,OS,4
EVA1C_3,0.02217383369645878,OS,4
TAF9B_3,0.022249084935557304,OS,4
FMOD_3,0.022400911315457333,OS,4
MGAT4C_3,0.022436226222212936,OS,4
SNX10_3,0.022495466916721517,OS,4
GNA15_3,0.022556591235566283,OS,4
LOC100686047_3,0.02259638020188498,OS,4
UGT8_3,0.022678501030295405,OS,4
SIVA1_3,0.022821120360591196,OS,4
SPN_3,0.02292499614174935,OS,4
NUF2_3,0.023094979178674587,OS,4
OSR2_3,0.023108643108349328,OS,4
AOAH_3,0.023121913506795336,OS,4
PAWR_3,0.02313904308040449,OS,4
APCDD1_3,0.02321312896300538,OS,4
STOX2_3,0.02328913099707016,OS,4
P4HA1_3,0.023362205787358356,OS,4
ACKR2_3,0.023451547705178835,OS,4
EMILIN3_3,0.023597478567396666,OS,4
TNFSF8_3,0.023622149863495995,OS,4
KLHL38_3,0.023635719695127608,OS,4
STK32B_3,0.023659553999948898,OS,4
DRAM1_3,0.023729539811247966,OS,4
LOC607405_3,0.02375505087883828,OS,4
CEP131_3,0.02382627787743636,OS,4
LOC478984_3,0.02391223836040393,OS,4
EFCC1_3,0.024038994668672375,OS,4
LOC119876408,0.024141563278250667,OS,4
KAZALD1_3,0.024255150171231928,OS,4
CAVIN4_3,0.02425618294007463,OS,4
DTX1_3,0.024496998658526094,OS,4
SIRPB2_3,0.024581054846775804,OS,4
NOX4_3,0.02464130649495089,OS,4
KCNQ1_3,0.02469350987705957,OS,4
CCR1_3,0.024760781055654803,OS,4
TFPI2_3,0.024774237007469516,OS,4
SLC5A6_3,0.024777632774263286,OS,4
RHPN2_3,0.024796019056328406,OS,4
PAMR1_3,0.02482252490986138,OS,4
ETV7_3,0.02482434568342292,OS,4
ATP6V0A4_3,0.024980951265251565,OS,4
DOK3_3,0.025025282925085837,OS,4
ADAM19_3,0.025046147603970764,OS,4
CLDN23_3,0.025049830754773524,OS,4
LOC102156473_3,0.025092520817609935,OS,4
CCDC3_3,0.02516653855413298,OS,4
ORC6_3,0.025178320647072122,OS,4
CASP12_3,0.025281453980304677,OS,4
LOC484897_3,0.025343361445457346,OS,4
LRRC8C_3,0.025396589612852873,OS,4
HSD11B2_3,0.025560505169119573,OS,4
RAC2_3,0.025580014544021923,OS,4
CRIP1_3,0.025613193110808057,OS,4
VAX2_2,0.025780977941255848,OS,4
ADGRV1_3,0.025781919334236663,OS,4
HLA-DRB1_3,0.025862283917461714,OS,4
CD244_3,0.02586699223936446,OS,4
SASH3_3,0.025873167347900183,OS,4
AIF1_3,0.02588171447330665,OS,4
CYS1_3,0.025984679113901805,OS,4
NDC80_3,0.02598702084255762,OS,4
PDLIM5_3,0.026185978316748796,OS,4
DLK2_3,0.026225375162713227,OS,4
MXRA5_3,0.026259101607090284,OS,4
CRACD_3,0.02634809218959372,OS,4
DDIT3_3,0.02636449343295484,OS,4
SYNGR1_3,0.02639041956994135,OS,4
L1CAM_3,0.026418272784758525,OS,4
ARMC12_3,0.026544779770009536,OS,4
C1QTNF1_3,0.026548729981342785,OS,4
LOC111093520_3,0.02665976559316887,OS,4
CD53_3,0.026718051201652018,OS,4
FCER1G_2,0.026740028840445944,OS,4
HOXA4_3,0.026880421538445835,OS,4
LRRC25_3,0.02693346944596719,OS,4
PGAP1_3,0.026986643468833244,OS,4
MEIS2_3,0.027049757361319357,OS,4
LRP12_3,0.027091429734605457,OS,4
DTL_3,0.0271482339633872,OS,4
APOBR_3,0.027228861062069377,OS,4
CENPI_3,0.027264039884104443,OS,4
SLC2A1_3,0.027286178596937494,OS,4
ENC1_3,0.027452198453340362,OS,4
EHD3_3,0.027568765543548365,OS,4
CD72_3,0.02767861833834776,OS,4
LOC119878294,0.027734390427085726,OS,4
SHCBP1_3,0.027885963536906925,OS,4
TKTL1_3,0.02799130881570084,OS,4
GRM8_3,0.02800387705481622,OS,4
LOC119867346_3,0.02820667655440471,OS,4
ADD2_3,0.02820760773235728,OS,4
ACTA2_3,0.028254810793556344,OS,4
CSDC2_3,0.028330260629263738,OS,4
IGSF3_3,0.028358163113299657,OS,4
MFSD2A_3,0.0284308718773326,OS,4
COL23A1_3,0.028449412544383185,OS,4
RGS7BP_3,0.028481878791877094,OS,4
TAPBPL_3,0.02862693200807773,OS,4
HOXB3_3,0.028691994092477406,OS,4
MTFR2_3,0.028707740940420123,OS,4
ANKRD22_3,0.028711620436649717,OS,4
YES1_3,0.028712779638033127,OS,4
ACE_3,0.02873410111928491,OS,4
MICAL2_3,0.028891077443204526,OS,4
SCRN2_3,0.028910366993618226,OS,4
PHOSPHO1_3,0.029185494665579244,OS,4
RUNDC3B_3,0.0293135203053565,OS,4
LST1_3,0.029360805096043736,OS,4
DOCK5_3,0.029495517955459193,OS,4
SLC13A2_3,0.029520231873239523,OS,4
LEF1_3,0.02955645095953281,OS,4
LOC119874670_3,0.029560295708521738,OS,4
PARD3B_3,0.029685853630500112,OS,4
TLR1_3,0.029688960572494837,OS,4
KLHL9_3,0.029703637375709635,OS,4
STK39_3,0.029764647759310144,OS,4
SHOX2_3,0.029975405726705807,OS,4
LOC119873925_3,0.030096670164351955,OS,4
DLEC1_3,0.03015065059534357,OS,4
C2_3,0.030328596386736347,OS,4
ABRA_3,0.030358967358789405,OS,4
ADORA3_3,0.030375029670956216,OS,4
ROBO2_3,0.03042648789038731,OS,4
HTATIP2_3,0.030445639729749566,OS,4
LOC119874749_2,0.030473879337604756,OS,4
CD8B_3,0.03063468053260827,OS,4
LOC119876110,0.03065930144668366,OS,4
FOXM1_3,0.030799691292575922,OS,4
LOC119878551,0.030865147067486737,OS,4
ECSCR_3,0.03101817661772552,OS,4
ENPEP_3,0.031060405492732184,OS,4
FN1_3,0.03108784731677864,OS,4
MAMLD1_3,0.03110045098461737,OS,4
PLCXD2_3,0.031208462305557304,OS,4
FLT3_3,0.031334237963310245,OS,4
RASSF2_3,0.03138188075751478,OS,4
HELZ2_2,0.031411091971974434,OS,4
SLCO2B1_3,0.03155694665401649,OS,4
SAMSN1_3,0.03164086066673498,OS,4
DLA-DRA_3,0.03166700763029401,OS,4
IL6R_3,0.031719545809035854,OS,4
CFI_3,0.031742737262381776,OS,4
ARHGAP45_3,0.03182950116797116,OS,4
SLC25A48_3,0.031849012621701325,OS,4
PRR11_3,0.031900660296373264,OS,4
ADAP2_3,0.03208178069189507,OS,4
LEPR_3,0.03214302759662173,OS,4
PGAM2_3,0.032154921542271744,OS,4
PDE6H_3,0.032238756700004784,OS,4
APOBEC2_3,0.03231704324662786,OS,4
HOXC10_3,0.03238737453033685,OS,4
ZNF366_3,0.03255558137557381,OS,4
BMP2_3,0.03260388475268157,OS,4
CD74_3,0.03269990700538448,OS,4
NLRP3_3,0.03287695315710828,OS,4
LOC487977_3,0.03291278994197257,OS,4
ST8SIA5_3,0.03319485960714885,OS,4
CLEC14A_3,0.033275768583794565,OS,4
COL22A1_3,0.03332673518882504,OS,4
CCR5_3,0.03348620619468101,OS,4
PATJ_3,0.033543164683829695,OS,4
LOC102155629_3,0.03355308538236958,OS,4
CBX2_3,0.03358374054600807,OS,4
TMEM144_3,0.03361250495925171,OS,4
PCSK1N_3,0.03366218393081723,OS,4
SLC12A8_3,0.03383852861735205,OS,4
LOC119877191,0.03392720050515561,OS,4
SIGLEC11_3,0.03395846021701349,OS,4
PLAC8A_3,0.03395859616454185,OS,4
LOC609817_3,0.03407950257413858,OS,4
C1S_3,0.03408726596214838,OS,4
MPIG6B_3,0.03415295461375464,OS,4
ACVRL1_3,0.03419304105839269,OS,4
NEK2_3,0.03425258754504156,OS,4
CD300LG_3,0.03427310402678117,OS,4
MEIS3_3,0.0344751959680404,OS,4
LOC119876786,0.034528165073173016,OS,4
MCOLN2_3,0.034558810208624904,OS,4
EGLN3_3,0.03457229488677109,OS,4
LOC119878577,0.03461357998046254,OS,4
LAMA3_3,0.03470655326447076,OS,4
RBM20_3,0.03475962611897335,OS,4
CRLF2_3,0.03484888732938016,OS,4
CCDC141_3,0.03485403231128214,OS,4
SPINT2_3,0.03489581374179671,OS,4
CKAP4_3,0.03501244752851279,OS,4
SLC24A3_3,0.035017535573128505,OS,4
PCDH19_3,0.03506010120641798,OS,4
ACOT7_3,0.03507715257762537,OS,4
ITGB4_3,0.03530565269485073,OS,4
ACCS_3,0.03531331800363084,OS,4
ECM1_3,0.035384980885469174,OS,4
HOGA1_3,0.03543369124726839,OS,4
SIX4_3,0.03545849535402457,OS,4
KCTD16_3,0.035464524626737194,OS,4
H2AC6_3,0.03556942011151544,OS,4
CLCN4_3,0.03597279898623784,OS,4
CCL21_3,0.03609012387590392,OS,4
IL15RA_3,0.03618969988862552,OS,4
DCK_3,0.036300006811134086,OS,4
LOC611538_3,0.03641110906937847,OS,4
ADAMTS1_3,0.03660525736346943,OS,4
KIF20A_3,0.036803134677871885,OS,4
LOC100686484_3,0.0368530472448328,OS,4
LOC119876730,0.0368720615818142,OS,4
MYRF_3,0.036906801646104916,OS,4
GATA4_3,0.03692211301717323,OS,4
ADGRF1_3,0.03703046846631481,OS,4
TBC1D16_3,0.03706240475686701,OS,4
MATK_3,0.0370804718580647,OS,4
SGO1_3,0.03716381502636464,OS,4
SLC49A3_3,0.03729221114306953,OS,4
PLK1_3,0.037336625092974286,OS,4
TNFAIP8_3,0.037370377444991505,OS,4
GIMAP8_3,0.03741474146628199,OS,4
NHSL2_3,0.03757342373251471,OS,4
MMP17_3,0.037629812887644505,OS,4
CD80_3,0.03768957383542235,OS,4
KIT_3,0.03793863211417962,OS,4
FOXA1_3,0.03812370924495329,OS,4
ERCC6L_3,0.038258997358397995,OS,4
PTPRO_3,0.038276537920974275,OS,4
MELK_3,0.03829937981936675,OS,4
PARP3_3,0.038375498005955425,OS,4
ABCA8_3,0.03838949363435442,OS,4
C15H1orf216_3,0.03852428875720026,OS,4
PIK3R6_3,0.03855258622361253,OS,4
MDFI_3,0.03871091975345286,OS,4
LOC611446_3,0.03880029675912831,OS,4
GLI1_3,0.03880152056435802,OS,4
RAD51AP1_3,0.03881818118169425,OS,4
FAXDC2_3,0.03889505965032766,OS,4
ENOSF1_3,0.03904842613022296,OS,4
LOC119867957_3,0.03908300475623019,OS,4
MGARP_3,0.03914207285787047,OS,4
FNBP1_3,0.039188224999056734,OS,4
PI3_3,0.039255154626908595,OS,4
LOC100856429_3,0.03926345890864082,OS,4
CTSS_3,0.0394398018367099,OS,4
FAM171B_3,0.03944930447859528,OS,4
CTH_3,0.03946070326043087,OS,4
PLEK_3,0.03952346206119272,OS,4
NLRP1_3,0.039530585452095895,OS,4
WDFY4_3,0.039574600127785936,OS,4
ABHD2_3,0.03958638551942816,OS,4
ZNF662_3,0.03967064356636466,OS,4
DIPK1B_3,0.03968218307082397,OS,4
EDNRB_3,0.03974091502540232,OS,4
C13H8orf76_3,0.039755756080850274,OS,4
CRMP1_3,0.03981599866635196,OS,4
LOC119878330,0.039928877406792886,OS,4
LOC102155568_3,0.039942647892102064,OS,4
STON1_3,0.03994354266003859,OS,4
PRKAA2_3,0.03996440188510963,OS,4
LOC119877252,0.04004328936582393,OS,4
NR1H3_3,0.040054731667616646,OS,4
SYT13_3,0.040424317702175555,OS,4
CBS_3,0.04052946732132605,OS,4
TTC38_3,0.04055747332237182,OS,4
TNFSF13_3,0.04077860525238015,OS,4
GRHL1_3,0.04085829979545997,OS,4
PDGFRA_3,0.040954171134246355,OS,4
NOP2_3,0.04101191378508117,OS,4
LOC489231_3,0.041152884025737906,OS,4
CLCN5_3,0.041360384784678475,OS,4
IKZF1_3,0.04147099886729262,OS,4
CD180_3,0.0416073919529593,OS,4
ZCCHC3_3,0.041679366809079944,OS,4
TYMS_3,0.04170070120121707,OS,4
CLIC2_3,0.042173104291160016,OS,4
ZNF804A_3,0.04217901179666393,OS,4
LRRC66_3,0.04224562770553755,OS,4
IGFN1_3,0.04229216707974932,OS,4
LOC119868239_3,0.04240834632306414,OS,4
SEMA3E_3,0.042496261264674734,OS,4
MCM3_3,0.042556433595360744,OS,4
NAGLU_3,0.04281759398562163,OS,4
LOC119876653,0.04285522456468485,OS,4
ARG1_3,0.04296404562180618,OS,4
LOC102153619_3,0.04306035868540558,OS,4
BTNL9_3,0.04317370212591035,OS,4
GCA_3,0.04325646713904001,OS,4
KYNU_3,0.04329929738684264,OS,4
BEND6_3,0.04333633970462831,OS,4
PHLDB2_3,0.043404344532956385,OS,4
IGLON5_3,0.04373569578309358,OS,4
NCF2_3,0.04402378090104527,OS,4
CREB5_3,0.04425358185246544,OS,4
ADAMTS19_3,0.04426074627126869,OS,4
SKP2_3,0.044261938062899256,OS,4
CP_3,0.04434105680618351,OS,4
NUDT19_3,0.04466195930458642,OS,4
IFI6_3,0.044688478204700725,OS,4
PBX1_3,0.044841552744047705,OS,4
FCMR_3,0.04488836021841865,OS,4
DLA-DQA1_3,0.04494611956161668,OS,4
TRPC3_3,0.04509752808728,OS,4
PNMA2_3,0.04510906223603103,OS,4
P4HA3_3,0.04523395088159815,OS,4
LRRC3B_3,0.04527220636516697,OS,4
GAREM1_3,0.045366602009799105,OS,4
TTK_3,0.045510665029661695,OS,4
RBPMS_3,0.04551599053386886,OS,4
TMEM204_3,0.04573078533717202,OS,4
MYOM2_3,0.04575987125215549,OS,4
PID1_3,0.04591538578972725,OS,4
ID1_3,0.04594257441921661,OS,4
DCSTAMP_3,0.046005352103524,OS,4
PLEKHA6_3,0.04609624679182375,OS,4
CPE_3,0.0462061851608975,OS,4
SERF1A_3,0.046206965762650674,OS,4
FIBIN_3,0.04639275985812576,OS,4
MYBPC2_3,0.04643285374964256,OS,4
MYH11_3,0.04647286876331854,OS,4
PLA2G3_3,0.046474383270289986,OS,4
KCNG1_3,0.04648169904751432,OS,4
SLC26A7_3,0.046797781166713626,OS,4
LOC119877828,0.04687349788925784,OS,4
SPOCK1_3,0.047013872723940864,OS,4
GALNT15_3,0.04702261215206358,OS,4
LOC609621_3,0.04707117155275307,OS,4
GNG4_3,0.04708362376161317,OS,4
PRKX_3,0.047190617298470634,OS,4
ARSB_3,0.04732739762820659,OS,4
SIT1_3,0.047368686206941596,OS,4
S1PR3_3,0.0476396709170066,OS,4
LAIR1_3,0.04767672180480412,OS,4
SPEG_3,0.04774567463178982,OS,4
MARK1_3,0.04781306211247896,OS,4
ADGRE3_3,0.047882022135193686,OS,4
CD109_3,0.047954012006068705,OS,4
SRSF12_3,0.048015766759189046,OS,4
MFSD6_3,0.04804362710901063,OS,4
GUCY2D_3,0.04817992115690964,OS,4
MYO1F_3,0.04822890722242064,OS,4
SLAMF9_3,0.0483343300270982,OS,4
SLC6A6_3,0.048353409012193586,OS,4
NPAS3_3,0.048403074633517604,OS,4
GINS2_3,0.048459029028281746,OS,4
IRF1_3,0.048558710195178496,OS,4
SMIM22_3,0.048645419095596235,OS,4
CAV2_3,0.048746841244216875,OS,4
LOC100686511_3,0.04876344739266352,OS,4
SAMD11_3,0.04876744150316234,OS,4
IRAG2_3,0.04877251979699578,OS,4
CCNB1_3,0.04919006363635074,OS,4
ESCO2_3,0.049251365523721405,OS,4
LDLRAD3_3,0.049546162071984534,OS,4
H19_3,0.04960738523240077,OS,4
EXO1_3,0.0496109873103375,OS,4
TMOD1_3,0.049675911925384786,OS,4
STX11_3,0.049871619338730945,OS,4
IL17B_3,0.04994741948943304,OS,4
STAC3_3,0.0503856320540816,OS,4
FAM167A_3,0.050509347146873884,OS,4
PLEKHM1_3,0.05059869437780588,OS,4
ATP8A1_3,0.05077450466992467,OS,4
LOC119874806_3,0.05090152626038345,OS,4
ADRA1D_3,0.05096338884667475,OS,4
JCHAIN_3,0.05106546151791315,OS,4
SYTL1_3,0.05113798945459529,OS,4
SYP_3,0.05129358659339205,OS,4
ANGPTL4_3,0.05133106976749143,OS,4
PLA2G5_3,0.0513453966745732,OS,4
P2RY14_3,0.05169129132491053,OS,4
ROR2_3,0.05184438664857828,OS,4
MATN4_3,0.052061867736610576,OS,4
SLC10A4_3,0.05221417641956174,OS,4
PCDH9_3,0.05226333766029416,OS,4
CD320_3,0.05230437165098281,OS,4
CNTNAP5_3,0.05232014034215156,OS,4
PPM1L_3,0.052372143601215816,OS,4
ITGA1_3,0.052387074298439106,OS,4
DNAJB1_3,0.052557838279943446,OS,4
P2RY12_3,0.052767821015456705,OS,4
TMEM59L_3,0.05278784258169013,OS,4
GRID2IP_3,0.05284638548867756,OS,4
NCAM2_3,0.052876868194349336,OS,4
IRX1_3,0.05292285408543058,OS,4
MAEL_3,0.05294623351415144,OS,4
DLA-DMA_3,0.05295393744655664,OS,4
CYP4V2_3,9.113802343237604e-08,OS,5
GPR34_3,5.189358571766135e-07,OS,5
RGS18_3,8.080963618770343e-07,OS,5
EVI2B_3,1.5180984335759456e-06,OS,5
PRKAR2B_3,2.3341469986365955e-06,OS,5
TLR7_3,2.4648965109406895e-06,OS,5
CD86_3,3.396869481976894e-06,OS,5
SGMS1_3,4.70148532798658e-06,OS,5
FGL2_3,5.1273589715612234e-06,OS,5
UPP1_3,9.027762425532955e-06,OS,5
SULT1C4_3,1.5586542622076113e-05,OS,5
NIBAN1_3,2.0075807215108084e-05,OS,5
C3AR1_3,2.037185308378673e-05,OS,5
LOC119877688,2.2842105509827135e-05,OS,5
SAMD9L_3,2.4980123054835457e-05,OS,5
CBX7_3,2.660251344240979e-05,OS,5
BLNK_3,2.7515154408610396e-05,OS,5
DRAM1_3,2.902800729553776e-05,OS,5
CSRP1_3,3.237575599465883e-05,OS,5
LOC119877532,5.71418528671262e-05,OS,5
DLA-DMB_3,6.033774678677228e-05,OS,5
ALOX5_3,6.355055587117641e-05,OS,5
RASSF5_3,7.084210927475698e-05,OS,5
HLA-DRB1_3,8.185257224619126e-05,OS,5
LMO2_3,8.349214878675092e-05,OS,5
DLA-DRA_3,8.583366874310923e-05,OS,5
GPRC5C_3,8.81944808614744e-05,OS,5
ADGRG6_3,9.141389794496666e-05,OS,5
MEX3A_3,9.525904795580818e-05,OS,5
ALDH3B1_3,0.00010345961097048432,OS,5
PTPN6_3,0.00011014060985825846,OS,5
NPL_3,0.00011058855468860368,OS,5
TNFAIP8L2_3,0.00011200998569679567,OS,5
SMPDL3A_3,0.00011708867720569857,OS,5
MPEG1_3,0.00012010517153800615,OS,5
GAS7_3,0.0001301679784013651,OS,5
SELENOP_3,0.00013414722251470711,OS,5
GSDME_3,0.00013481379672056995,OS,5
MRC1_3,0.00013621431464700724,OS,5
SIRPB2_3,0.0001394440009891711,OS,5
BATF2_3,0.00015125247046864938,OS,5
CD80_3,0.00015765555771292988,OS,5
IL18_3,0.0001583248482492143,OS,5
LOC478984_3,0.00016029024907235895,OS,5
CLEC12A_3,0.00016050930470240773,OS,5
JAML_3,0.00016910048530934413,OS,5
INPP5D_3,0.00017293669949035865,OS,5
DSCC1_3,0.00017464597441646046,OS,5
CXCL14_3,0.00017528543771624467,OS,5
SUGCT_3,0.00017892916403795857,OS,5
CD74_3,0.0001792159424864275,OS,5
RYR2_3,0.00018971659073555358,OS,5
ATAD2_3,0.0001955560640020026,OS,5
LOC484897_3,0.00020305973601767607,OS,5
PYCARD_3,0.00020569972214138263,OS,5
MS4A7_3,0.00021274489539555746,OS,5
SCML2_3,0.00021355229670991826,OS,5
LPXN_3,0.00022087952102746,OS,5
SASH3_3,0.00022740761227744728,OS,5
CCL23_3,0.00022960069798726914,OS,5
PTEN_3,0.00023976391952617565,OS,5
TLR3_3,0.00024149250491671556,OS,5
MYOF_3,0.00024554355887130793,OS,5
MCTP1_3,0.0002490222562561257,OS,5
ELOVL4_3,0.0002603999393017482,OS,5
CIRBP_3,0.0002648635665302064,OS,5
TLR1_3,0.00026578474697640513,OS,5
TROAP_3,0.00026905293928890304,OS,5
UBA7_3,0.00027271896559197294,OS,5
TASL_3,0.0002835467531145769,OS,5
DENND1C_3,0.0002893271120806,OS,5
MILR1_3,0.0002930281260998596,OS,5
CDCA8_3,0.00029354912966411277,OS,5
AIF1_3,0.0002937269323257387,OS,5
ADCY7_3,0.00030560646761686807,OS,5
SAMSN1_3,0.00031253123446369917,OS,5
DNA2_3,0.00032965172898339554,OS,5
VSIG4_3,0.00033768330778189293,OS,5
TIMD4_3,0.0003377067216599128,OS,5
SLC46A2_3,0.0003432722770364349,OS,5
LIMS2_3,0.00034431020649382894,OS,5
CD180_3,0.00034814955851514414,OS,5
EPHA2_3,0.0003489076655831785,OS,5
HACD4_3,0.00035148647176857877,OS,5
CARD9_3,0.00035281821888698484,OS,5
ACSS3_3,0.0003681422803714197,OS,5
ARHGAP30_3,0.0003688367201896197,OS,5
XG_3,0.00037040899798091733,OS,5
MSR1_3,0.0003736927397203095,OS,5
TTC39B_3,0.0003760413435689088,OS,5
ATAD1_3,0.00037762640548938804,OS,5
ITGBL1_3,0.00037811123102441334,OS,5
IGSF6_3,0.0003980552250470952,OS,5
SFRP4_3,0.0004174164393599536,OS,5
DOCK2_3,0.0004216414510380156,OS,5
PARVG_3,0.00042378685866863787,OS,5
TRIP13_3,0.0004283130872861117,OS,5
DBF4B_3,0.00043087202303027956,OS,5
CYBB_3,0.00043710660483443377,OS,5
SELPLG_3,0.0004384103168833825,OS,5
IFIT3_3,0.00045334438964711525,OS,5
B2M_3,0.0004666640340672555,OS,5
ADORA3_3,0.0004713622322379613,OS,5
RAB30_3,0.0004719042178570352,OS,5
TONSL_3,0.00047458463759177875,OS,5
CRYBG1_3,0.0004911673305454216,OS,5
CALHM5_3,0.0005182444656159682,OS,5
FGD2_3,0.0005225013766765839,OS,5
FGR_3,0.0005372318099600706,OS,5
CTSS_3,0.0005486008090183582,OS,5
MARCHF1_3,0.0005526991762810127,OS,5
IFI44_3,0.0005585567435232329,OS,5
KCTD12_3,0.0005728195714972372,OS,5
PARP15_3,0.0005951436937785255,OS,5
MYO7A_3,0.0006433170133328898,OS,5
LOC611538_3,0.0006452591931687593,OS,5
LOC100686511_3,0.0006482206783887449,OS,5
DNASE1L3_3,0.0006675274997077735,OS,5
NETO1_3,0.000672691162312326,OS,5
FYB1_3,0.0006727783063799066,OS,5
CD53_3,0.0006737318916908438,OS,5
LOC119876150,0.0006787028591203392,OS,5
MYO1F_3,0.0006796627869877275,OS,5
CCNB3_3,0.0006810337868585114,OS,5
ADAP2_3,0.0006860716089672961,OS,5
PTPRO_3,0.000710970370862929,OS,5
LOC102157159_3,0.0007145569305596195,OS,5
STUM_3,0.0007153903082321499,OS,5
FAS_3,0.0007414832396214915,OS,5
TLR8_3,0.0007461773664765668,OS,5
SDK2_3,0.0007498368039509976,OS,5
TDRD7_3,0.0007561436392725363,OS,5
DNPH1_3,0.0007627255211370939,OS,5
TMEM140_3,0.0007661936424940348,OS,5
PARP9_3,0.0007684281434832751,OS,5
IFI44L_3,0.0007830310576168129,OS,5
GIMAP6_3,0.0007981680183169299,OS,5
SLCO2B1_3,0.0008158104970127975,OS,5
TMEM144_3,0.0008248877222022351,OS,5
CD163_3,0.0008505851362865703,OS,5
STK39_3,0.0008513463277488696,OS,5
LGALS9_3,0.0008660427519534735,OS,5
LOC488622_3,0.0008731401141762405,OS,5
FCER1G_2,0.0008751699473227329,OS,5
CASP4_3,0.0008779846006516393,OS,5
TNFAIP8_3,0.000884071666989697,OS,5
ADA2_3,0.0008963599361446487,OS,5
CD48_3,0.0008976899534085262,OS,5
LOC100855449_3,0.0009111005532666721,OS,5
PARP14_3,0.000915769039169926,OS,5
DOK2_3,0.0009270845492561057,OS,5
DLA-DQA1_3,0.0009348826878585409,OS,5
RCOR2_3,0.0009352504150109879,OS,5
ST8SIA6_3,0.0009505636513051277,OS,5
PLBD1_3,0.000959662279764511,OS,5
GPR65_3,0.0009628958475934918,OS,5
LOC111096175_3,0.0009834341264333153,OS,5
MFNG_3,0.0009975957781299112,OS,5
NOD2_3,0.000999501223244843,OS,5
POLE2_3,0.0009996961960405653,OS,5
TBXAS1_3,0.0010078076727445934,OS,5
TNFSF8_3,0.0010315207633541665,OS,5
PTAFR_3,0.0010349156833322404,OS,5
IFI35_3,0.0010443132191939476,OS,5
CHPT1_3,0.0010604461297867168,OS,5
FOXM1_3,0.0010643156338998308,OS,5
CSDC2_3,0.0010747084958544568,OS,5
NCF2_3,0.001080580031769577,OS,5
SP100_3,0.0010839051254567878,OS,5
ADAMTSL3_3,0.0010842229730547387,OS,5
SQOR_3,0.0010869943688643984,OS,5
ZMAT1_3,0.0010912610808553945,OS,5
STAMBPL1_3,0.0011086145925051495,OS,5
PTPRC_4,0.001114848077517517,OS,5
SLC36A2_3,0.0011349721248273843,OS,5
RTP4_3,0.0011387644795528295,OS,5
FCGR1A_3,0.0011399601775864863,OS,5
PTTG1_3,0.0011409950057096325,OS,5
DLA-DMA_3,0.0011812705111751338,OS,5
LOC100688849_3,0.0011843494627476615,OS,5
TAGAP_3,0.0012002887385703263,OS,5
OAS2_3,0.0012060876642471432,OS,5
VAV1_3,0.0012066207626486793,OS,5
TRIM34_3,0.0012087914964695413,OS,5
HAVCR1_3,0.0012094048392001509,OS,5
ESPL1_3,0.001225751490870154,OS,5
NLRP1_3,0.0012401466964730762,OS,5
EVI2A_3,0.0012588350550642965,OS,5
LOC607405_3,0.0012619428624191583,OS,5
DAPP1_3,0.0012830390222583665,OS,5
DDIT4_3,0.0012925045175960395,OS,5
TSPAN33_3,0.0012964307648242255,OS,5
IRF5_3,0.0013021196891892899,OS,5
LOC100686047_3,0.0013036634888314255,OS,5
TNFSF13_3,0.0013174856354283607,OS,5
PSMB8_3,0.0013191509996554492,OS,5
LGR4_3,0.0013256300726640284,OS,5
TMEM86A_3,0.0013417435191534221,OS,5
ZBP1_3,0.0013462552498318548,OS,5
LIPA_3,0.0013489596243890783,OS,5
EPAS1_3,0.00136043986267615,OS,5
TRIM22_3,0.0013605353012781708,OS,5
LST1_3,0.001362624900939211,OS,5
LOC612325_3,0.001364398942069364,OS,5
SERTM1_3,0.0013788999437137166,OS,5
IL34_3,0.0013993259487706214,OS,5
IFITM5_3,0.0014020627060991977,OS,5
GABRA2_3,0.0014049925563944718,OS,5
LOC119873404_3,0.0014493369645748495,OS,5
GLI1_3,0.0014566119132166306,OS,5
SCTR_3,0.001474763960740476,OS,5
GLIPR2_3,0.0014752485828130398,OS,5
FANCA_3,0.0015056933376884738,OS,5
LY9_3,0.0015163235206286409,OS,5
IL7R_3,0.0015350667484225154,OS,5
FAM241A_3,0.00153999944204552,OS,5
MINPP1_3,0.0015415405564078086,OS,5
LAMP3_3,0.0015428539327607658,OS,5
ECT2_3,0.0015433269083221944,OS,5
NLRP3_3,0.0015524056741254434,OS,5
CDCA3_3,0.0015819078096529452,OS,5
KIF18B_3,0.0016083294319529065,OS,5
SPC25_3,0.0016251659345252435,OS,5
LOC477699_3,0.001626202806395486,OS,5
CPE_3,0.0016427114434844662,OS,5
FGD4_3,0.0016514255396550995,OS,5
LOC111098122_2,0.0016669381717259162,OS,5
PLD4_3,0.0016725536716460819,OS,5
TNFRSF14_3,0.0016913225513998252,OS,5
IRF8_3,0.0017205678550127053,OS,5
RNLS_3,0.0017461154350462604,OS,5
CD72_3,0.0017494457708155824,OS,5
GPRC5A_3,0.0017511826283971963,OS,5
NDUFB9_3,0.001753526615598854,OS,5
CD244_3,0.0017646910777277174,OS,5
OAS1_3,0.0017695510785779827,OS,5
FNDC1_3,0.0017734896344235986,OS,5
MCM10_3,0.00178667922846545,OS,5
CYSLTR1_3,0.0017953496647883855,OS,5
PIK3AP1_3,0.0017963870526514281,OS,5
LAIR1_3,0.0018178988873499785,OS,5
RBM3_3,0.0018286788925440838,OS,5
CCR2_3,0.0018387953594591372,OS,5
APOBEC3Z3_4,0.0018460777145827133,OS,5
TRIM14_3,0.001869370656858104,OS,5
LMCD1_3,0.0018878355771727003,OS,5
FAM180A_3,0.0018927212016521114,OS,5
BPI_3,0.001914272253696617,OS,5
CA14_3,0.0019176927431879284,OS,5
BUB1_3,0.0019203371084277982,OS,5
PARP12_3,0.0019717058410076657,OS,5
SLC49A3_3,0.0019814256795238658,OS,5
MIS18A_3,0.0019951252326553507,OS,5
CD37_3,0.0020052464995745315,OS,5
GMFG_3,0.0020126297216553793,OS,5
RECQL4_3,0.002016382326509131,OS,5
GBP6_3,0.0020418603537655394,OS,5
POU2F2_3,0.0020437213699169847,OS,5
VWA5A_3,0.0020490109012449615,OS,5
BARX1_3,0.00205497139353237,OS,5
CA13_3,0.002061155099881557,OS,5
TLR4_3,0.0020649064272620656,OS,5
KCNQ1_3,0.0020793686311796782,OS,5
CASP8_3,0.002083417700951301,OS,5
BTK_3,0.0020847484924465852,OS,5
LOC119866898_3,0.0020926663998776956,OS,5
DTX3L_3,0.0021119041907416906,OS,5
PTGFR_3,0.0021153091142928323,OS,5
ARHGDIB_3,0.0021170440659227744,OS,5
CENPA_3,0.0021198991606939037,OS,5
MOXD1_3,0.0021204212771682666,OS,5
RAB29_3,0.0021205129179105724,OS,5
LOC119875957_1,0.0021460992225930163,OS,5
KIF4A_3,0.002180656900644734,OS,5
GTSE1_3,0.0021831622928896056,OS,5
SLC5A6_3,0.002189035061465197,OS,5
RNF213_3,0.0021917148845295342,OS,5
PLK4_3,0.002192354323822326,OS,5
STING1_3,0.0022178898747154062,OS,5
CCR5_3,0.0022683279142552653,OS,5
FANCD2_3,0.002276424064057453,OS,5
CASP12_3,0.002311467824181595,OS,5
C1QA_3,0.0023153016055098767,OS,5
PIK3CD_3,0.0023500944662153667,OS,5
ADAM28_3,0.0023539363610075013,OS,5
GAS6_3,0.002377675520407891,OS,5
NSMCE2_3,0.0024141366197833747,OS,5
CDCA2_3,0.002474480001987371,OS,5
RGS6_3,0.002477255933119003,OS,5
NCKAP1L_3,0.0024895308444096544,OS,5
TENT5A_3,0.0025057585559788895,OS,5
PGAP1_3,0.0025180952156132093,OS,5
IL1RN_3,0.0025245070367434902,OS,5
PILRA_3,0.0025493240564461975,OS,5
CTSH_3,0.0025495612562463337,OS,5
LOC119877828,0.002561844980406736,OS,5
LY96_3,0.0025676095727974984,OS,5
HCLS1_3,0.002608594989168306,OS,5
CARD6_3,0.0026107355548301626,OS,5
FLT3_3,0.0026109862561020675,OS,5
SLC43A2_3,0.0026214813953156966,OS,5
ADGRE3_3,0.0026299306632033195,OS,5
KLHL9_3,0.002632945391793759,OS,5
ZBED2_3,0.0026332086092295003,OS,5
DLGAP5_3,0.002662937882411362,OS,5
FMNL1_3,0.0027170943204935807,OS,5
MYO1G_3,0.0027279232822508214,OS,5
GSDMD_3,0.002733316008572262,OS,5
NCAPH_3,0.002795875357567119,OS,5
CENPW_3,0.0028060175950353583,OS,5
P2RY14_3,0.002806860364663908,OS,5
PLXNC1_3,0.002820521902193963,OS,5
CEBPA_3,0.002838457646980563,OS,5
PI16_3,0.0028887451562138212,OS,5
ADRA2B_3,0.0029057886625574727,OS,5
SERPINB9_3,0.0029095813710674867,OS,5
GBP1_3,0.002922066747835902,OS,5
ST6GALNAC3_3,0.002928857503771295,OS,5
LOC100686271_3,0.0029558408519159067,OS,5
HORMAD1_3,0.003035230634657522,OS,5
ACKR2_3,0.003036790228515217,OS,5
ITGB2_3,0.0030909551772779157,OS,5
LOC119877926,0.0030950701004594876,OS,5
TOP2A_3,0.0030966236297138142,OS,5
B4GALNT3_3,0.0031105799204448944,OS,5
SKP2_3,0.003136872801769557,OS,5
ANXA3_3,0.0031408893866150768,OS,5
IGFBP7_3,0.00314916760348814,OS,5
CSF2RB_3,0.0031512456406499936,OS,5
CHST3_3,0.0031691530018423324,OS,5
GNG11_3,0.003171571246466629,OS,5
ST8SIA5_3,0.003177007404512599,OS,5
RANBP3L_3,0.003179199105318669,OS,5
C20H19orf38_3,0.003187972049945963,OS,5
RENBP_3,0.0031965182446972826,OS,5
LHX2_3,0.0032034045637204787,OS,5
TYROBP_3,0.00321542290552255,OS,5
NBL1_3,0.0032247793192475365,OS,5
MAP3K13_3,0.0032387326225370595,OS,5
MSI1_3,0.003273722818825224,OS,5
CALD1_3,0.003322529564419491,OS,5
NCF1_3,0.003397505019210361,OS,5
DSN1_3,0.0034028119124029266,OS,5
FLT3LG_3,0.003403148968171477,OS,5
IRAG2_3,0.003403887278622187,OS,5
ACE_3,0.003406249448861327,OS,5
IKZF1_3,0.003421137251040774,OS,5
UHRF1_3,0.003448575288554459,OS,5
XAF1_3,0.0034644387825615974,OS,5
SLC12A8_3,0.0035141639856081344,OS,5
IGFBP5_3,0.003569051331558555,OS,5
APOL5_3,0.003681228478956058,OS,5
POLQ_3,0.003766808887450549,OS,5
ANKRD29_3,0.0037706730271832535,OS,5
TAF9B_3,0.003771469741839071,OS,5
LOC111097086_3,0.0037886236108715804,OS,5
ASAH1_3,0.003790361270129536,OS,5
C1S_3,0.003818500540150192,OS,5
AURKA_3,0.0038770230977514955,OS,5
GRM8_3,0.003907945642630571,OS,5
ADAMTS4_3,0.003912299193962123,OS,5
UBE2T_3,0.003921189372177939,OS,5
ATP8B4_3,0.003922721682374948,OS,5
GLT1D1_3,0.003928253173416332,OS,5
LOC476396_3,0.003942664008148589,OS,5
ARNTL2_3,0.003971673894983108,OS,5
GALNT15_3,0.004014042359001732,OS,5
N4BP2L1_3,0.0040480266301210375,OS,5
GNA15_3,0.00406064465766499,OS,5
P2RY12_3,0.004061807806905293,OS,5
FAT3_3,0.004084749215643616,OS,5
BAMBI_3,0.0041397752421762635,OS,5
MGST2_3,0.0041531773305074704,OS,5
SHCBP1_3,0.004166835452666458,OS,5
CDCA7_3,0.004194544334468108,OS,5
LURAP1L_3,0.004204425791812445,OS,5
MTURN_3,0.0042050074665192574,OS,5
E2F8_3,0.004250374649222028,OS,5
CEP72_3,0.0042862697998550265,OS,5
PTPRZ1_3,0.004302806932998344,OS,5
LRRC3B_3,0.004305184695012814,OS,5
FAM83D_3,0.004308674142522877,OS,5
CXCL16_3,0.004324218928150696,OS,5
CDK2AP1_3,0.004354681087358662,OS,5
BCL11A_3,0.004365640722506802,OS,5
IL15RA_3,0.004368775423144838,OS,5
CDC6_3,0.004392500952161205,OS,5
HAAO_3,0.0043962891012402855,OS,5
APOA1_3,0.0044025898969056905,OS,5
FKBP4_3,0.004437150388208459,OS,5
CIITA_3,0.00444036216568614,OS,5
ABCC3_3,0.004449265898241368,OS,5
A4GALT_3,0.004477461914865015,OS,5
ABCA8_3,0.004516357968241313,OS,5
S1PR3_3,0.004526053955938358,OS,5
MXRA5_3,0.004528619441343482,OS,5
FKBP10_3,0.004599904759710659,OS,5
SLC6A6_3,0.004600980962268845,OS,5
ENPP5_3,0.004600989230175654,OS,5
RASAL3_3,0.004621926128160107,OS,5
CNTNAP5_3,0.004649949360668895,OS,5
SLC7A7_3,0.004657125458161073,OS,5
ACSL5_3,0.004779052491360968,OS,5
SPAG5_3,0.004817668652125499,OS,5
ARL4D_3,0.004880536979609828,OS,5
LOC612422_3,0.0049100720754919275,OS,5
CYTIP_3,0.004952471843731199,OS,5
MAP1LC3C_3,0.004962551492511853,OS,5
LOC111090004_3,0.004980655379340312,OS,5
FBN1_3,0.004989677044394567,OS,5
F5_3,0.005008313444086502,OS,5
CSF1R_3,0.00502059378953612,OS,5
RAB7B_3,0.005035484339684916,OS,5
EMILIN1_3,0.005082401008232807,OS,5
SPDL1_3,0.005092346972799525,OS,5
C1QC_3,0.0051299834504002625,OS,5
PLXDC2_3,0.005130435280458098,OS,5
LOC611446_3,0.005145986136635532,OS,5
C2_3,0.005163864893382475,OS,5
CLIC2_3,0.005197130195538436,OS,5
HNMT_3,0.0052377102565387985,OS,5
ADRA1D_3,0.005249719181376355,OS,5
DOCK8_3,0.005250905492086822,OS,5
HUNK_3,0.005288569774788699,OS,5
WAS_3,0.005304481584109885,OS,5
SERPING1_3,0.005330938016939388,OS,5
EHBP1_3,0.005331263479016079,OS,5
RACGAP1_3,0.005369929423037971,OS,5
DLA-DQB1_3,0.005391352670579811,OS,5
PID1_3,0.005424629788061735,OS,5
UBE2C_3,0.005439534940720527,OS,5
BIN2_3,0.00546910940907702,OS,5
RAD51AP1_3,0.005494570441392914,OS,5
CD2_3,0.005502694678664502,OS,5
GRHL1_3,0.00551719687389351,OS,5
DPYD_3,0.005528244314302679,OS,5
AURKB_3,0.00553019404018193,OS,5
SNX20_3,0.005558749733942472,OS,5
MYBL2_3,0.005560722375550153,OS,5
LOC119876002_2,0.005564995445428512,OS,5
LYL1_3,0.005573446320807581,OS,5
TIFAB_3,0.005586955347330114,OS,5
H2BC8_3,0.0056002753546075725,OS,5
ORC6_3,0.005643715089866128,OS,5
LOC102152407_3,0.005647911676819222,OS,5
SKA3_3,0.0056647853160646505,OS,5
MBOAT1_3,0.005669243877879506,OS,5
IFIT2_3,0.005729782919777548,OS,5
FANCM_3,0.0057479122880744905,OS,5
LOC106559361_3,0.005789019443662288,OS,5
FAM107A_3,0.005816417860933008,OS,5
NFAM1_3,0.005830520327727916,OS,5
KYNU_3,0.005835758643729244,OS,5
DHX58_3,0.005840266035162117,OS,5
LOC119874670_3,0.005877589644640769,OS,5
LAPTM5_3,0.005878545904420865,OS,5
GYPC_3,0.005920338278173165,OS,5
LOC610632_3,0.005991651638703234,OS,5
TRIB3_3,0.005995952924674962,OS,5
IRX1_3,0.006005767167840622,OS,5
SLC13A5_3,0.006034179831057548,OS,5
EPS8_3,0.006039691218807324,OS,5
POLR1C_3,0.006052810971281918,OS,5
CHST2_3,0.006064478356806135,OS,5
RBPMS2_3,0.006108907657425718,OS,5
LOC106559420_3,0.00614977410345967,OS,5
ANKRD22_3,0.006152947080784657,OS,5
LUM_3,0.006166610392967341,OS,5
MCM4_3,0.006169571835983599,OS,5
CRIP1_3,0.0061810111852499,OS,5
LOC119864445_3,0.00627812768388929,OS,5
CLEC5A_3,0.006280360224258395,OS,5
P2RY1_3,0.006313032077248128,OS,5
SLC46A3_3,0.006318688121166717,OS,5
CCDC3_3,0.006348759503931258,OS,5
LOC100856137_3,0.0063579031001832495,OS,5
LRFN5_3,0.006367632447828417,OS,5
DEPDC1_3,0.006387039670105568,OS,5
ZDHHC2_3,0.006420281322011415,OS,5
MATN4_3,0.006436006530664564,OS,5
LOC100855995_3,0.00643763370926386,OS,5
CDC20_3,0.006452374382899567,OS,5
KIF22_3,0.006468666515896493,OS,5
DENND2A_3,0.006556271638189949,OS,5
P3H2_3,0.006559984997703474,OS,5
SRGN_3,0.00658145822760932,OS,5
LOC119876044,0.006594299686573763,OS,5
ORC1_3,0.006605458438143303,OS,5
RGS7BP_3,0.0066099711675181114,OS,5
SLC8A1_3,0.006612801643466354,OS,5
MDFI_3,0.0066454842533493035,OS,5
PALMD_3,0.006685173674441065,OS,5
PBK_3,0.006686861868011296,OS,5
AKNA_3,0.006692190544892696,OS,5
KLRG1_3,0.006735165941323474,OS,5
ABCA6_3,0.00676887509946877,OS,5
CCNA2_3,0.006769580459812022,OS,5
POLE_3,0.006816175108462641,OS,5
NCAPD2_3,0.006856723908097896,OS,5
CD300A_3,0.006903976356955248,OS,5
E2F1_3,0.0069266944850406645,OS,5
WDFY4_3,0.006931426560220295,OS,5
MCM5_3,0.007038666017750869,OS,5
CAMK1D_3,0.007087427463110607,OS,5
LOC611835_3,0.0070895153070661895,OS,5
SLC9A2_3,0.0071092560040122614,OS,5
ITGA8_3,0.007155404100651744,OS,5
UCP2_3,0.007184787305284437,OS,5
GLI2_3,0.007203085520618669,OS,5
STC1_3,0.007221765085107821,OS,5
LCP1_3,0.007238896361586977,OS,5
LOC100686848_3,0.007261462633324032,OS,5
CLSPN_3,0.0072698065466943445,OS,5
MBOAT2_3,0.007273010589460864,OS,5
SLAMF8_3,0.007282100327262287,OS,5
ANOS1_3,0.00730317013571173,OS,5
LYZ_3,0.007314357522573842,OS,5
TLR2_3,0.007316388051377932,OS,5
RHNO1_3,0.007345091793419983,OS,5
ECM1_3,0.007347684674965781,OS,5
MOSPD2_3,0.007394687257914099,OS,5
RETSAT_3,0.0074186722425572975,OS,5
TNFSF10_3,0.007498895868567671,OS,5
PHGDH_2,0.007506216857648295,OS,5
HSPH1_3,0.007516632443291079,OS,5
TMEM178A_3,0.007533054252812709,OS,5
LOC119877400,0.007564723512352754,OS,5
PAPPA_3,0.007575205787358676,OS,5
TAGLN_3,0.007610354711881127,OS,5
ABCA3_3,0.0076240904934798195,OS,5
P2RX7_3,0.007633665003829198,OS,5
MBP_3,0.0076355960893882404,OS,5
MAP2K6_3,0.007706852528059781,OS,5
DDX58_3,0.007775608851515918,OS,5
ZCCHC12_3,0.007777312937663534,OS,5
CELF2_3,0.007784217288893712,OS,5
CDCA5_3,0.007829822639425487,OS,5
LOC119876966,0.007888393088513185,OS,5
C3_3,0.007923163634259187,OS,5
ACOD1_3,0.00796220199341212,OS,5
NCF4_3,0.00801094734651698,OS,5
HHIPL1_3,0.008151471762781802,OS,5
SLC25A10_3,0.008197178811486327,OS,5
ADAM19_3,0.008214571651540667,OS,5
HELZ2_2,0.008269862302006038,OS,5
GAREM2_3,0.008270094603478191,OS,5
LOC102156428_3,0.00831699457265245,OS,5
AHR_3,0.008439801895167225,OS,5
PSMB9_3,0.008453944127687137,OS,5
CENPF_3,0.00849275864838904,OS,5
CSTF2T_3,0.00850804684625568,OS,5
PDLIM1_3,0.008562338461641856,OS,5
CYSLTR2_3,0.00864245982124261,OS,5
DPYSL3_3,0.008659616613337267,OS,5
KIF14_3,0.008706587192591047,OS,5
BST2_3,0.00872913766874246,OS,5
PIK3R5_3,0.008781824018619863,OS,5
NAP1L3_3,0.00884396108454003,OS,5
CYRIA_3,0.008895376955185264,OS,5
MTFR2_3,0.008949540023069944,OS,5
XPO5_3,0.008955662955857062,OS,5
SRPX2_3,0.00896588522658063,OS,5
CLTCL1_3,0.00897504904962635,OS,5
CA5B_3,0.008997426296591572,OS,5
LY86_3,0.009035250937340486,OS,5
KCNA3_3,0.009100781688867339,OS,5
TNFSF13B_3,0.009109490332014166,OS,5
RAB42_3,0.009125572933950301,OS,5
RAB20_3,0.00919211028123857,OS,5
RNASEL_3,0.009199181500199933,OS,5
KLHDC3_3,0.009233775766750269,OS,5
HK2_3,0.009273487659260083,OS,5
ALPL_3,0.009400341172651669,OS,5
ENPEP_3,0.009423782889474916,OS,5
SERPINH1_3,0.009487541842300402,OS,5
C1QB_3,0.009514200148914508,OS,5
FAM131C_3,0.009524600719858362,OS,5
LSP1_3,0.009527141475235042,OS,5
MMP17_3,0.009566964819656317,OS,5
PHACTR1_3,0.009603106553120973,OS,5
TMEM106A_3,0.009625155457170664,OS,5
COL22A1_3,0.00962690528809242,OS,5
KIF23_3,0.009649908686711324,OS,5
SMO_3,0.00965060240004382,OS,5
SUCNR1_3,0.009858898227510167,OS,5
OASL_3,0.009866651256173028,OS,5
RBM44_3,0.009893178790047918,OS,5
PLAAT4_3,0.009950606239620007,OS,5
FERMT3_3,0.00996286066702397,OS,5
GNGT2_3,0.010019969535540142,OS,5
HELLS_3,0.010152343935956891,OS,5
S100A6_3,0.01016772350816163,OS,5
IQGAP2_3,0.010176653630721294,OS,5
DRD1_3,0.010210880091375957,OS,5
LOC484306_3,0.010265009023344186,OS,5
HSP70_3,0.010284951043957706,OS,5
LOC606863_3,0.010320628779617803,OS,5
ARHGAP9_3,0.010328330260376155,OS,5
LOC487977_3,0.010337561471550662,OS,5
CCNB2_3,0.01035334467363996,OS,5
PLXNA3_3,0.010442250953595685,OS,5
SCRN2_3,0.010445325759372192,OS,5
OAS3_3,0.010506211969936452,OS,5
NFATC2_3,0.010535663072207376,OS,5
PIK3IP1_3,0.010574849709983413,OS,5
PHOSPHO1_3,0.010591310272492166,OS,5
LOC119877878,0.01059139192305061,OS,5
C9H17orf99_3,0.010676882341195982,OS,5
NOSTRIN_3,0.010690357058945908,OS,5
MACROH2A2_3,0.010808495047828211,OS,5
IGSF3_3,0.010812781188755886,OS,5
MRPS18A_3,0.01089822420685646,OS,5
UBE2S_3,0.010919394956816406,OS,5
LOC119875994_2,0.010966561920409724,OS,5
LOC481472_3,0.010972370727047546,OS,5
TYMS_3,0.011036164989911047,OS,5
IL6R_3,0.011040427373932554,OS,5
CENPT_3,0.011056536946889437,OS,5
NEK2_3,0.011060712096196032,OS,5
CTSC_3,0.011103930786663082,OS,5
MCM2_3,0.011135404973950028,OS,5
CENPV_3,0.011176423043007946,OS,5
FSTL1_3,0.011179645821006164,OS,5
FTH1_2,0.01123895672111665,OS,5
P4HA1_3,0.01127830362573029,OS,5
FGF23_3,0.01128954782385207,OS,5
CFD_3,0.011296569193955691,OS,5
PAQR9_3,0.011333913133540142,OS,5
CENPI_3,0.011339641416392942,OS,5
LOC119879231,0.011398468230876884,OS,5
CSF2RA_3,0.011402770534840657,OS,5
EMILIN3_3,0.01155033297100337,OS,5
NMRAL1_3,0.01159238745513059,OS,5
CCNB1_3,0.011653456429885498,OS,5
ACCS_3,0.011674929851034563,OS,5
VGLL2_3,0.011683119767472154,OS,5
IL15_3,0.011683609164377736,OS,5
LNX1_3,0.011716938439862106,OS,5
C10H12orf75_3,0.011724542299107722,OS,5
TFEC_3,0.011763980581739393,OS,5
COL23A1_3,0.011801479493616403,OS,5
PPL_3,0.01181147684352937,OS,5
IFGGC1_3,0.011836269030270245,OS,5
DUSP10_3,0.01185228025441648,OS,5
PSAT1_3,0.0118827867912241,OS,5
NHSL2_3,0.01191348107350833,OS,5
PLEKHA6_3,0.011925305731461196,OS,5
IFGGB2_3,0.011944687114748649,OS,5
LOC100684769_3,0.011978495680441268,OS,5
LOC487476_3,0.01201985717661159,OS,5
ATP8A1_3,0.01207224677425433,OS,5
SCIMP_3,0.012203179991642936,OS,5
MX1_3,0.012229665726938033,OS,5
APBB1IP_3,0.012361025067425317,OS,5
LOC100686484_3,0.012386195390049476,OS,5
POLH_3,0.012426148916634183,OS,5
APCDD1_3,0.01246612612354229,OS,5
NFKBIZ_3,0.012535385398906302,OS,5
CCL22_3,0.012593774195926437,OS,5
MEST_3,0.01262291571124823,OS,5
FAM163A_3,0.012631388592794378,OS,5
DTX1_3,0.012647651281004452,OS,5
CRLF2_3,0.012746825866575414,OS,5
SLC31A2_3,0.012749977369168051,OS,5
LOC102152016_3,0.012767772099096228,OS,5
HOXA9_3,0.012907004963045678,OS,5
IRF1_3,0.012907330574570448,OS,5
LOC119876408,0.01302052690177856,OS,5
ITGAL_3,0.013023694952339007,OS,5
LAG3_3,0.013046442281060068,OS,5
EFNA3_3,0.013196716847883963,OS,5
COL26A1_3,0.013256867317210324,OS,5
ENTPD1_3,0.013374584145129192,OS,5
E2F7_3,0.013385737535048492,OS,5
RAI2_3,0.01350729498230652,OS,5
PLK1_3,0.013563868834676649,OS,5
PLCXD2_3,0.013657289818104613,OS,5
TFEB_3,0.013678499107977,OS,5
CLEC7A_3,0.013702836384078564,OS,5
MAOA_3,0.013777352711180859,OS,5
PTCH1_3,0.01378922945283193,OS,5
LOC100682670_3,0.013806717790905422,OS,5
HERC6_3,0.013883239575580108,OS,5
SH3D19_3,0.013953267012208458,OS,5
IRF7_3,0.013976613581137885,OS,5
LOC100687459_3,0.014169833009264894,OS,5
GASK1A_3,0.014230252233068333,OS,5
STXBP2_3,0.014280446048653916,OS,5
PAG1_3,0.014355367283509448,OS,5
PDE10A_3,0.014421172598131006,OS,5
XCR1_3,0.014512739902550859,OS,5
ARHGAP45_3,0.014592333120878138,OS,5
LOC484343_3,0.01470272362295634,OS,5
BYSL_3,0.014719661755968744,OS,5
MTSS1_3,0.014755722000366492,OS,5
ATF7IP2_3,0.014810021077130716,OS,5
SPN_3,0.014860702697691266,OS,5
VIT_3,0.01497045350980423,OS,5
VGLL3_3,0.014994660856143078,OS,5
MAB21L2_3,0.015002312226190249,OS,5
TBC1D9_3,0.015097750026907305,OS,5
LOC102155122_3,0.015186775741534932,OS,5
LPAR5_3,0.015312750593385872,OS,5
PAPSS2_3,0.015320718766422412,OS,5
LOC488947_3,0.015386470755188333,OS,5
DENND2D_3,0.015493294603099667,OS,5
BRCA1_3,0.01552726320230323,OS,5
LOC119878234,0.015534644455608914,OS,5
NR2F1_3,0.015735697210553293,OS,5
CD226_3,0.015751752832212813,OS,5
GATA6_3,0.015786875465175355,OS,5
LRRC8C_3,0.015873881322336872,OS,5
GASK1B_3,0.015912638402413977,OS,5
NCAPG_3,0.015982089163121257,OS,5
NLRC5_3,0.015992745301863013,OS,5
NES_3,0.016053106995663313,OS,5
VCAM1_3,0.016118226936415292,OS,5
MAP3K8_3,0.016192623702441015,OS,5
TEK_3,0.016200208414180066,OS,5
MYH11_3,0.016250021419679635,OS,5
PCDH19_3,0.01626770386077806,OS,5
BBOX1_3,0.016275075363086464,OS,5
DLA-DOA_3,0.01632887872457048,OS,5
LOC111096956_3,0.016447753221897603,OS,5
GIMAP7_3,0.016463110611388762,OS,5
STMN1_3,0.01661022866941834,OS,5
LOC111094380_3,0.016617524469691575,OS,5
PKMYT1_3,0.01662132925539344,OS,5
GPSM3_3,0.01663971372452202,OS,5
CENPK_3,0.016704781188570928,OS,5
LOC111097339_3,0.016968090800416367,OS,5
SLC27A6_3,0.016974628434714697,OS,5
HSP90AB1_3,0.01697873456586653,OS,5
EPHA3_3,0.017004832915213257,OS,5
DDX60_3,0.017030491449641236,OS,5
GALR1_3,0.017047494369625184,OS,5
SYNDIG1_3,0.01707031093507164,OS,5
PROSER2_3,0.017127826494050084,OS,5
BACH2_3,0.0171709946644348,OS,5
RUNDC3B_3,0.017269053716814888,OS,5
SYTL1_3,0.017340481176802286,OS,5
CYTH4_3,0.017388978957170835,OS,5
LOC119873395_3,0.017422472648843255,OS,5
LOC403631_3,0.017427350803136277,OS,5
TAPBPL_3,0.017486805415454287,OS,5
CLDN1_3,0.017508104395875045,OS,5
PRKCB_3,0.01755968782515759,OS,5
CHAC1_3,0.017603856973254624,OS,5
CDC45_3,0.017636230809721265,OS,5
CADM4_3,0.01767047123448709,OS,5
SLC30A3_3,0.01774260586349264,OS,5
BRSK2_3,0.017763266772097337,OS,5
CD300LF_3,0.01780788843341293,OS,5
EDARADD_3,0.01783738657543583,OS,5
ZCCHC3_3,0.017920471875087846,OS,5
LOC119876513,0.01794079123866162,OS,5
REEP4_3,0.017951121629088105,OS,5
CTSZ_3,0.01795358397393607,OS,5
KCTD16_3,0.01801443352337053,OS,5
LOC476816_3,0.018027706914412207,OS,5
LOC111095048_3,0.018081219529095263,OS,5
ROBO2_3,0.01808401506406391,OS,5
PBX1_3,0.01810175021345016,OS,5
DTL_3,0.018303668045650506,OS,5
HHIP_3,0.018368250605008993,OS,5
TRIB2_3,0.018522829836949316,OS,5
KLKB1_3,0.018551318281015056,OS,5
FN1_3,0.01855499748868469,OS,5
NOX4_3,0.018623868282064845,OS,5
DDIT3_3,0.018683983336898257,OS,5
HTRA1_3,0.01869642862305379,OS,5
TREM1_3,0.018734310655973575,OS,5
FAM234B_3,0.018818629905824138,OS,5
FCMR_3,0.01882517029644582,OS,5
TRPV4_3,0.01890477297259858,OS,5
SYK_3,0.018924737113880055,OS,5
SFXN5_3,0.018985103595260715,OS,5
GIMAP2_3,0.019020941649864766,OS,5
ABAT_3,0.019071200453573797,OS,5
FGF18_3,0.01915922695316426,OS,5
CYB561A3_3,0.019221500936470588,OS,5
IL31RA_3,0.01931292196023144,OS,5
PIM1_3,0.01934280563757923,OS,5
LOC119868251_3,0.019353143991132096,OS,5
CRLF1_3,0.019375061515611913,OS,5
RUBCNL_3,0.019429756795032213,OS,5
TK1_3,0.019462460960518412,OS,5
PON2_3,0.019553367891864532,OS,5
LOC119873925_3,0.019618402464649493,OS,5
OSR2_3,0.019715967079375382,OS,5
SLCO3A1_3,0.019733951033009366,OS,5
C6H16orf54_3,0.019746118706309174,OS,5
NDC80_3,0.019782245000421673,OS,5
ITGB4_3,0.019826456444644765,OS,5
IQGAP3_3,0.019833888055798627,OS,5
C1R_3,0.019851735450339216,OS,5
RUNX1_3,0.01985901204141976,OS,5
RPS6KA1_3,0.019920054432172835,OS,5
PHLDB2_3,0.020002863469329973,OS,5
ADGRE1_3,0.020057933243563125,OS,5
DLA88_3,0.020126895513043523,OS,5
KLK1_3,0.020174527676812166,OS,5
WFDC1_3,0.020345981831397488,OS,5
CCDC80_3,0.02048735413074449,OS,5
CDT1_3,0.020531768793146502,OS,5
LOC489911_3,0.020610248198925374,OS,5
LOC119878294,0.020692092560935134,OS,5
CREB5_3,0.02076326395834943,OS,5
P2RY13_3,0.0207912387090082,OS,5
ME3_3,0.02083176788366398,OS,5
ELOVL7_3,0.02092200833686076,OS,5
DNAI4_3,0.020952619246718634,OS,5
RNF144B_3,0.021079610042246608,OS,5
LOC102155568_3,0.021101499592618235,OS,5
LOC102154610_3,0.02116942740794907,OS,5
TNFRSF1B_3,0.021191598608931578,OS,5
LOC119878213,0.021237462043691386,OS,5
H2AC6_3,0.021249559481765438,OS,5
ECHDC2_3,0.021286916824781534,OS,5
MNDA_3,0.0212914708325753,OS,5
SIM2_3,0.021369404337414806,OS,5
MRPS10_3,0.02140209467302404,OS,5
PAIP2B_3,0.021447844524697834,OS,5
GPSM2_3,0.02147014277047507,OS,5
LOC119876078,0.021489955132400766,OS,5
YES1_3,0.021538297458318825,OS,5
YIF1B_3,0.021540451109665806,OS,5
PLPPR5_3,0.021593228664442795,OS,5
LOC102155629_3,0.021935976592360636,OS,5
PPM1L_3,0.021966171716447068,OS,5
SLAMF7_3,0.02198059138897885,OS,5
CDK1_3,0.021986884051779534,OS,5
PIK3CG_3,0.022101132819711523,OS,5
BTNL9_3,0.0222841651039265,OS,5
LOC484309_3,0.022289949835381972,OS,5
FOXP1_3,0.022295164976828923,OS,5
TNIP3_3,0.022302516228151322,OS,5
DNMT3B_3,0.02235303948427519,OS,5
LOC611536_3,0.02256759965956276,OS,5
C5AR1_3,0.022631034142254224,OS,5
CLCN4_3,0.022680835150870927,OS,5
ARAP2_3,0.022993381182148876,OS,5
PTK2B_3,0.023032611350681916,OS,5
MMP19_3,0.02304687344208481,OS,5
LOC478384_3,0.02308831845617659,OS,5
DSEL_3,0.023103721665379662,OS,5
DAB2_3,0.02313485795905771,OS,5
GIMAP4_3,0.023219992118822454,OS,5
CLEC2B_3,0.023274998907615696,OS,5
DIAPH3_3,0.023348993308995373,OS,5
LOC102156473_3,0.02340746732178165,OS,5
ASPM_3,0.023437942252360417,OS,5
OLFML1_3,0.023447501821550927,OS,5
LOC489231_3,0.023465099697068927,OS,5
AQP5_3,0.023485810758193698,OS,5
HOXD13_3,0.023539275006291643,OS,5
SULF1_3,0.023570354905915785,OS,5
TPX2_3,0.023574333021644522,OS,5
IGFBP6_3,0.023692054494630122,OS,5
LOC102153396_3,0.02375954489835489,OS,5
PARPBP_3,0.023772957811604684,OS,5
LGI3_3,0.023828389907295702,OS,5
HMMR_3,0.023906253914339076,OS,5
DLA-79_3,0.024067018741962768,OS,5
GINS4_3,0.02409649676762724,OS,5
JUNB_3,0.024145419449920408,OS,5
P4HA3_3,0.024264066432363566,OS,5
DDX43_3,0.024281335922851914,OS,5
ZC3HAV1_3,0.024281802827863054,OS,5
SEMA4A_3,0.024319283618998083,OS,5
LOC106557828_3,0.02444986344864827,OS,5
NPDC1_3,0.024570435787340528,OS,5
DOK6_3,0.02459116646702703,OS,5
CNTNAP4_3,0.0246122089578175,OS,5
SP7_3,0.024661521863026052,OS,5
KIF15_3,0.024689922395004206,OS,5
RRM2_3,0.024709680631507306,OS,5
MLIP_3,0.024845913313658013,OS,5
E2F2_3,0.02494342041832215,OS,5
CCL5_3,0.024952252776874993,OS,5
LOC608848_3,0.02495514470604533,OS,5
CD109_3,0.02500948905625371,OS,5
SPC24_3,0.02501632007105412,OS,5
LOC119874749_2,0.025038080936802976,OS,5
HEYL_3,0.025067117222808282,OS,5
NALCN_3,0.025114026889241803,OS,5
FGF12_3,0.025182835307742533,OS,5
DUSP9_3,0.025252774108595753,OS,5
MX2_3,0.02531786627566443,OS,5
CARD19_3,0.025370089198948842,OS,5
CHRDL2_3,0.02550607903724497,OS,5
LOC119879221,0.025545732857648433,OS,5
EBI3_3,0.025595732383218276,OS,5
LOC111096980_3,0.025744574030503158,OS,5
EEPD1_3,0.02591337621360597,OS,5
SIGIRR_3,0.02593343662567117,OS,5
NRGN_3,0.025992041408612512,OS,5
NOP58_3,0.026123930599529468,OS,5
SLC48A1_3,0.026174558317928,OS,5
TMEM150B_3,0.02628979942277774,OS,5
EVA1C_3,0.026328201557338532,OS,5
RCN3_3,0.026407458234917334,OS,5
LOC102152872_3,0.02643415497269643,OS,5
STX11_3,0.026574450110691355,OS,5
OBSL1_3,0.026656471897110352,OS,5
JCHAIN_3,0.026668728994873766,OS,5
TMEM47_3,0.02669453115005018,OS,5
MCM3_3,0.026863618998027312,OS,5
LHX6_3,0.026985188999718874,OS,5
MGAT4A_3,0.027046920270390854,OS,5
CMPK2_3,0.027186696054174748,OS,5
PLAC8B_3,0.027470111616880746,OS,5
HJURP_3,0.027502581015575032,OS,5
FOXG1_3,0.027515932796181794,OS,5
GIMAP8_3,0.027550283216684197,OS,5
GPR183_3,0.027632741963191303,OS,5
RASGEF1B_3,0.027634883404561734,OS,5
BMP5_3,0.02765063613560265,OS,5
ARHGEF3_3,0.027708582552713683,OS,5
SLC25A48_3,0.02774763184411907,OS,5
CKAP2L_3,0.027752772221907057,OS,5
LOC119877161,0.027871748978056537,OS,5
CYP2S1_3,0.027878570903168524,OS,5
USP46_3,0.027901015023420062,OS,5
IFIH1_3,0.02804531788046707,OS,5
LOC119868972_2,0.028113257276832542,OS,5
TMEM97_3,0.028133142172578087,OS,5
FAM149A_3,0.028201055910643376,OS,5
CLEC14A_3,0.02844451340816278,OS,5
PDCD1LG2_3,0.028480128391037498,OS,5
TRANK1_3,0.02856108418067091,OS,5
GRIA2_3,0.02873798285822332,OS,5
ADAMTS2_3,0.02875319591893465,OS,5
MMP16_3,0.028780681206731457,OS,5
BTG2_3,0.028920950844083724,OS,5
REXO5_3,0.028930402848072946,OS,5
MAN1A1_3,0.029006968943285968,OS,5
LAMA3_3,0.02901096165137242,OS,5
FAM189A2_3,0.029047386912721424,OS,5
STEAP3_3,0.029142978559536993,OS,5
ATF5_3,0.029154420877444076,OS,5
ANGPTL4_3,0.02916971377050116,OS,5
BMP1_3,0.02922589841784571,OS,5
MFGE8_3,0.029238976119966474,OS,5
CD209_3,0.029241325336334407,OS,5
BATF_3,0.02934704531691191,OS,5
LRRN4CL_3,0.029373670363874612,OS,5
IL2RG_3,0.029422742362926947,OS,5
XDH_3,0.029448292515176715,OS,5
APOB_3,0.029504331433332164,OS,5
SRM_3,0.029559705347302553,OS,5
RELN_3,0.029766477481394372,OS,5
LOXL4_3,0.029927069845292916,OS,5
SOST_3,0.029984684556537914,OS,5
KERA_3,0.030012752138528314,OS,5
FAM171B_3,0.030093750924307248,OS,5
GPR146_3,0.03018658060552969,OS,5
GAL3ST4_3,0.030226867279790057,OS,5
RBP4_3,0.030269849925129735,OS,5
RIPOR2_3,0.030385064584737106,OS,5
KIAA2012_3,0.030389332013386332,OS,5
MLC1_3,0.030677500545530666,OS,5
CP_3,0.03069418627632969,OS,5
HPSE_3,0.03076106316148006,OS,5
CYBRD1_3,0.030946508125934396,OS,5
NMNAT3_3,0.030958910784559476,OS,5
SLC35F1_3,0.03097870621522962,OS,5
LOC119865898_3,0.031013387164071274,OS,5
SAMD11_3,0.03103526237066798,OS,5
CD59_3,0.03115138946961985,OS,5
LOC475935_2,0.031187505623689896,OS,5
BMP7_3,0.031202125305382262,OS,5
ANGPT1_3,0.03120359213195586,OS,5
PCBP3_3,0.031242121464855742,OS,5
ANKRD37_3,0.031248092935643734,OS,5
PLIN1_3,0.03135851024277236,OS,5
ARMCX1_3,0.03152204974542788,OS,5
CX3CR1_3,0.031533664516881,OS,5
TLR5_3,0.031544356715344786,OS,5
NUF2_3,0.031799024284047586,OS,5
DLK2_3,0.031799484736442875,OS,5
MED20_3,0.03181127763418732,OS,5
PKP2_3,0.03181446001912292,OS,5
ALCAM_3,0.03181727397081396,OS,5
H2BC19_3,0.031933035515063365,OS,5
GPR156_3,0.03210428411036578,OS,5
GABRA1_3,0.03214408768056725,OS,5
CFI_3,0.032227785345472965,OS,5
CD8B_3,0.03224126026797248,OS,5
STX3_3,0.032350738612431866,OS,5
HILPDA_3,0.032416529070462795,OS,5
DCN_3,0.032679390434661656,OS,5
STRA6_3,0.03273739599591651,OS,5
VANGL2_3,0.032851407381185416,OS,5
PTGR1_3,0.032902463043994294,OS,5
GREM1_3,0.03292282494475549,OS,5
RAB37_3,0.03299227326958938,OS,5
LEF1_3,0.03309321152852059,OS,5
LOC100856382_3,0.0331078670689081,OS,5
LPAR1_3,0.033193311395128856,OS,5
