source,candidate,n_nonempty,n_unique,n_overlap,overlap_fraction
expression,__index__,186,186,186,1.0
expression,A4GALT_3,186,186,0,0.0
expression,AAAS_3,186,186,0,0.0
expression,AACS_3,186,186,0,0.0
expression,AADAT_3,186,186,0,0.0
expression,AAGAB_3,186,186,0,0.0
expression,AAK1_3,186,186,0,0.0
expression,AAMDC_3,186,186,0,0.0
expression,AAMP_3,186,186,0,0.0
expression,AAR2_3,186,186,0,0.0
expression,AARS1_3,186,186,0,0.0
expression,AARS2_3,186,186,0,0.0
expression,AASDH_3,186,186,0,0.0
expression,AASDHPPT_3,186,186,0,0.0
expression,AATF_3,186,186,0,0.0
expression,ABAT_3,186,186,0,0.0
expression,ABCA1_3,186,186,0,0.0
expression,ABCA12_3,186,186,0,0.0
expression,ABCA2_3,186,186,0,0.0
expression,ABCA3_3,186,186,0,0.0
expression,ABCA5_3,186,186,0,0.0
expression,ABCA6_3,186,186,0,0.0
expression,ABCA8_3,186,186,0,0.0
expression,ABCB10_3,186,186,0,0.0
expression,ABCB4_3,186,186,0,0.0
expression,ABCB6_3,186,186,0,0.0
expression,ABCB7_3,186,186,0,0.0
expression,ABCB8_3,186,186,0,0.0
expression,ABCB9_3,186,186,0,0.0
expression,ABCC1_3,186,186,0,0.0
expression,ABCC10_3,186,186,0,0.0
expression,ABCC3_3,186,186,0,0.0
expression,ABCC4_3,186,186,0,0.0
expression,ABCC5_3,186,186,0,0.0
expression,ABCC9_3,186,186,0,0.0
expression,ABCD1_3,186,186,0,0.0
expression,ABCD3_3,186,186,0,0.0
expression,ABCD4_3,186,186,0,0.0
expression,ABCE1_3,186,186,0,0.0
expression,ABCF1_3,186,186,0,0.0
expression,ABCF2_3,186,186,0,0.0
expression,ABCF3_3,186,186,0,0.0
expression,ABCG1_3,186,186,0,0.0
expression,ABCG2_3,186,186,0,0.0
expression,ABCG2_4,186,186,0,0.0
expression,ABCG4_3,186,186,0,0.0
expression,ABHD1_3,186,186,0,0.0
expression,ABHD10_3,186,186,0,0.0
expression,ABHD11_3,186,186,0,0.0
expression,ABHD12_3,186,186,0,0.0
expression,ABHD12B_3,186,186,0,0.0
expression,ABHD13_3,186,186,0,0.0
expression,ABHD14A_3,186,186,0,0.0
expression,ABHD14B_3,186,186,0,0.0
expression,ABHD15_3,186,186,0,0.0
expression,ABHD16A_3,186,186,0,0.0
expression,ABHD17A_3,186,186,0,0.0
expression,ABHD17B_3,186,186,0,0.0
expression,ABHD17C_3,186,186,0,0.0
expression,ABHD18_3,186,186,0,0.0
expression,ABHD2_3,186,186,0,0.0
expression,ABHD3_3,186,186,0,0.0
expression,ABHD4_3,186,186,0,0.0
expression,ABHD5_3,186,186,0,0.0
expression,ABHD6_3,186,186,0,0.0
expression,ABHD8_3,186,186,0,0.0
expression,ABI1_3,186,186,0,0.0
expression,ABI2_3,186,186,0,0.0
expression,ABI3_3,186,186,0,0.0
expression,ABITRAM_3,186,186,0,0.0
expression,ABL1_3,186,186,0,0.0
expression,ABL2_3,186,186,0,0.0
expression,ABLIM1_3,186,186,0,0.0
expression,ABLIM3_3,186,186,0,0.0
expression,ABR_3,186,186,0,0.0
expression,ABRACL_3,186,186,0,0.0
expression,ABRAXAS1_3,186,186,0,0.0
expression,ABRAXAS2_3,186,186,0,0.0
expression,ABT1_3,186,186,0,0.0
expression,ABTB1_3,186,186,0,0.0
expression,ABTB2_3,186,186,0,0.0
expression,ACAA1_3,186,186,0,0.0
expression,ACAA2_3,186,186,0,0.0
expression,ACACA_3,186,186,0,0.0
expression,ACACB_3,186,186,0,0.0
expression,ACAD10_3,186,186,0,0.0
expression,ACAD11_3,186,186,0,0.0
expression,ACAD8_3,186,186,0,0.0
expression,ACAD9_4,186,186,0,0.0
expression,ACADL_3,186,186,0,0.0
expression,ACADM_3,186,186,0,0.0
expression,ACADS_3,186,186,0,0.0
expression,ACADSB_3,186,186,0,0.0
expression,ACADVL_3,186,186,0,0.0
expression,ACAN_3,186,186,0,0.0
expression,ACAP1_3,186,186,0,0.0
expression,ACAP2_3,186,186,0,0.0
expression,ACAP3_3,186,186,0,0.0
expression,ACAT1_3,186,186,0,0.0
expression,ACAT2_3,186,186,0,0.0
expression,ACBD3_3,186,186,0,0.0
expression,ACBD4_3,186,186,0,0.0
expression,ACBD5_3,186,186,0,0.0
expression,ACBD6_3,186,186,0,0.0
expression,ACCS_3,186,186,0,0.0
expression,ACD_3,186,186,0,0.0
expression,ACE_3,186,186,0,0.0
expression,ACER2_3,186,186,0,0.0
expression,ACER3_3,186,186,0,0.0
expression,ACHE_3,186,186,0,0.0
expression,ACIN1_3,186,186,0,0.0
expression,ACKR3_3,186,186,0,0.0
expression,ACLY_3,186,186,0,0.0
expression,ACO1_3,186,186,0,0.0
expression,ACO2_3,186,186,0,0.0
expression,ACOT13_3,186,186,0,0.0
expression,ACOT4_3,186,186,0,0.0
expression,ACOT6_3,186,186,0,0.0
expression,ACOT7_3,186,186,0,0.0
expression,ACOT8_3,186,186,0,0.0
expression,ACOT9_3,186,186,0,0.0
expression,ACOX1_3,186,186,0,0.0
expression,ACOX3_3,186,186,0,0.0
expression,ACP1_3,186,186,0,0.0
expression,ACP2_3,186,186,0,0.0
expression,ACP3_3,186,186,0,0.0
expression,ACP5_3,186,186,0,0.0
expression,ACP6_3,186,186,0,0.0
expression,ACSF2_3,186,186,0,0.0
expression,ACSF3_3,186,186,0,0.0
expression,ACSL1_3,186,186,0,0.0
expression,ACSL3_3,186,186,0,0.0
expression,ACSL4_3,186,186,0,0.0
expression,ACSL5_3,186,186,0,0.0
expression,ACSS1_3,186,186,0,0.0
expression,ACSS2_3,186,186,0,0.0
expression,ACSS3_3,186,186,0,0.0
expression,ACTA2_3,186,186,0,0.0
expression,ACTB_3,186,186,0,0.0
expression,ACTG1_3,186,186,0,0.0
expression,ACTG2_3,186,186,0,0.0
expression,ACTL6A_3,186,186,0,0.0
expression,ACTL7A_3,186,186,0,0.0
expression,ACTN1_3,186,186,0,0.0
expression,ACTN4_3,186,186,0,0.0
expression,ACTR10_3,186,186,0,0.0
expression,ACTR1A_3,186,186,0,0.0
expression,ACTR1B_3,186,186,0,0.0
expression,ACTR2_3,186,186,0,0.0
expression,ACTR3_3,186,186,0,0.0
expression,ACTR3B_3,186,186,0,0.0
expression,ACTR5_3,186,186,0,0.0
expression,ACTR6_3,186,186,0,0.0
expression,ACTR8_3,186,186,0,0.0
expression,ACVR1_3,186,186,0,0.0
expression,ACVR1B_3,186,186,0,0.0
expression,ACVR2A_3,186,186,0,0.0
expression,ACVR2B_3,186,186,0,0.0
expression,ACVRL1_3,186,186,0,0.0
expression,ACYP1_3,186,186,0,0.0
expression,ACYP2_3,186,186,0,0.0
expression,ADA_3,186,186,0,0.0
expression,ADA2_3,186,186,0,0.0
expression,ADAL_3,186,186,0,0.0
expression,ADAM10_3,186,186,0,0.0
expression,ADAM11_3,186,186,0,0.0
expression,ADAM12_3,186,186,0,0.0
expression,ADAM15_3,186,186,0,0.0
expression,ADAM17_3,186,186,0,0.0
expression,ADAM19_3,186,186,0,0.0
expression,ADAM28_3,186,186,0,0.0
expression,ADAM8_3,186,186,0,0.0
expression,ADAM9_3,186,186,0,0.0
expression,ADAMTS1_3,186,186,0,0.0
expression,ADAMTS10_3,186,186,0,0.0
expression,ADAMTS12_3,186,186,0,0.0
expression,ADAMTS14_3,186,186,0,0.0
expression,ADAMTS17_3,186,186,0,0.0
expression,ADAMTS2_3,186,186,0,0.0
expression,ADAMTS3_3,186,186,0,0.0
expression,ADAMTS4_3,186,186,0,0.0
expression,ADAMTS5_3,186,186,0,0.0
expression,ADAMTS6_3,186,186,0,0.0
expression,ADAMTS7_3,186,186,0,0.0
expression,ADAMTS9_3,186,186,0,0.0
expression,ADAMTSL2_3,186,186,0,0.0
expression,ADAMTSL3_3,186,186,0,0.0
expression,ADAMTSL4_3,186,186,0,0.0
expression,ADAP1_3,186,186,0,0.0
expression,ADAP2_3,186,186,0,0.0
expression,ADAR_3,186,186,0,0.0
expression,ADARB1_3,186,186,0,0.0
expression,ADAT1_3,186,186,0,0.0
expression,ADAT2_3,186,186,0,0.0
expression,ADCK1_3,186,186,0,0.0
expression,ADCK2_3,186,186,0,0.0
expression,ADCK5_3,186,186,0,0.0
expression,ADCY3_3,186,186,0,0.0
expression,ADCY4_3,186,186,0,0.0
expression,ADCY5_3,186,186,0,0.0
expression,ADCY6_3,186,186,0,0.0
expression,ADCY7_3,186,186,0,0.0
expression,ADCY9_3,186,186,0,0.0
expression,ADD1_3,186,186,0,0.0
expression,ADD3_3,186,186,0,0.0
expression,ADGRA2_3,186,186,0,0.0
expression,ADGRA3_3,186,186,0,0.0
expression,ADGRB2_3,186,186,0,0.0
expression,ADGRD1_3,186,186,0,0.0
expression,ADGRE1_3,186,186,0,0.0
expression,ADGRE3_3,186,186,0,0.0
expression,ADGRE5_3,186,186,0,0.0
expression,ADGRF5_3,186,186,0,0.0
expression,ADGRG1_3,186,186,0,0.0
expression,ADGRG6_3,186,186,0,0.0
expression,ADGRL1_3,186,186,0,0.0
expression,ADGRL2_3,186,186,0,0.0
expression,ADGRL3_3,186,186,0,0.0
expression,ADGRL4_3,186,186,0,0.0
expression,ADGRV1_3,186,186,0,0.0
expression,ADH4_3,186,186,0,0.0
expression,ADH5_3,186,186,0,0.0
expression,ADHFE1_3,186,186,0,0.0
expression,ADI1_3,186,186,0,0.0
expression,ADIPOR1_3,186,186,0,0.0
expression,ADIPOR2_3,186,186,0,0.0
expression,ADIRF_3,186,186,0,0.0
expression,ADK_3,186,186,0,0.0
expression,ADM_3,186,186,0,0.0
expression,ADNP_3,186,186,0,0.0
expression,ADNP2_3,186,186,0,0.0
expression,ADO_3,186,186,0,0.0
expression,ADORA2A_3,186,186,0,0.0
expression,ADORA2B_3,186,186,0,0.0
expression,ADPGK_3,186,186,0,0.0
expression,ADPRH_3,186,186,0,0.0
expression,ADPRM_3,186,186,0,0.0
expression,ADPRS_3,186,186,0,0.0
expression,ADRA1D_3,186,186,0,0.0
expression,ADRA2A_3,186,186,0,0.0
expression,ADRA2B_3,186,186,0,0.0
expression,ADRM1_3,186,186,0,0.0
expression,ADSL_3,186,186,0,0.0
expression,ADSS2_3,186,186,0,0.0
expression,AEBP1_3,186,186,0,0.0
expression,AEBP2_3,186,186,0,0.0
expression,AEN_3,186,186,0,0.0
expression,AFAP1_3,186,186,0,0.0
expression,AFAP1L1_3,186,186,0,0.0
expression,AFAP1L2_3,186,186,0,0.0
expression,AFDN_3,186,186,0,0.0
expression,AFF1_3,186,186,0,0.0
expression,AFF3_3,186,186,0,0.0
expression,AFF4_3,186,186,0,0.0
expression,AFG1L_3,186,186,0,0.0
expression,AFG3L2_3,186,186,0,0.0
expression,AFMID_3,186,186,0,0.0
expression,AFTPH_3,186,186,0,0.0
expression,AGA_3,186,186,0,0.0
expression,AGAP1_3,186,186,0,0.0
expression,AGAP2_3,186,186,0,0.0
expression,AGAP3_3,186,186,0,0.0
expression,AGBL2_3,186,186,0,0.0
expression,AGBL4_3,186,186,0,0.0
expression,AGBL5_3,186,186,0,0.0
expression,AGFG1_3,186,186,0,0.0
expression,AGFG2_3,186,186,0,0.0
expression,AGGF1_3,186,186,0,0.0
expression,AGK_3,186,186,0,0.0
expression,AGL_3,186,186,0,0.0
expression,AGO1_3,186,186,0,0.0
expression,AGO2_3,186,186,0,0.0
expression,AGO3_3,186,186,0,0.0
expression,AGO4_3,186,186,0,0.0
expression,AGPAT1_3,186,186,0,0.0
expression,AGPAT2_3,186,186,0,0.0
expression,AGPAT3_3,186,186,0,0.0
expression,AGPAT4_3,186,186,0,0.0
expression,AGPAT5_3,186,186,0,0.0
expression,AGPS_3,186,186,0,0.0
expression,AGRN_3,186,186,0,0.0
expression,AGTPBP1_3,186,186,0,0.0
expression,AGTR1_3,186,186,0,0.0
expression,AGTRAP_3,186,186,0,0.0
expression,AHCTF1_3,186,186,0,0.0
expression,AHCY_3,186,186,0,0.0
expression,AHCYL1_3,186,186,0,0.0
expression,AHCYL2_3,186,186,0,0.0
expression,AHDC1_3,186,186,0,0.0
expression,AHI1_3,186,186,0,0.0
expression,AHNAK_3,186,186,0,0.0
expression,AHNAK2_3,186,186,0,0.0
expression,AHR_3,186,186,0,0.0
expression,AHSA1_3,186,186,0,0.0
expression,AIDA_3,186,186,0,0.0
expression,AIF1_3,186,186,0,0.0
expression,AIF1L_3,186,186,0,0.0
expression,AIFM1_3,186,186,0,0.0
expression,AIFM2_3,186,186,0,0.0
expression,AIG1_3,186,186,0,0.0
expression,AIMP1_3,186,186,0,0.0
expression,AIMP2_3,186,186,0,0.0
expression,AIP_3,186,186,0,0.0
expression,AJUBA_3,186,186,0,0.0
expression,AK1_3,186,186,0,0.0
expression,AK2_3,186,186,0,0.0
expression,AK3_3,186,186,0,0.0
expression,AK4_3,186,186,0,0.0
expression,AK5_3,186,186,0,0.0
expression,AK6_3,186,186,0,0.0
expression,AKAP1_3,186,186,0,0.0
expression,AKAP10_3,186,186,0,0.0
expression,AKAP11_3,186,186,0,0.0
expression,AKAP12_3,186,186,0,0.0
expression,AKAP13_3,186,186,0,0.0
expression,AKAP17A_3,186,186,0,0.0
expression,AKAP5_3,186,186,0,0.0
expression,AKAP6_3,186,186,0,0.0
expression,AKAP7_3,186,186,0,0.0
expression,AKAP8_3,186,186,0,0.0
expression,AKAP8L_3,186,186,0,0.0
expression,AKAP9_3,186,186,0,0.0
expression,AKIP1_3,186,186,0,0.0
expression,AKIRIN1_3,186,186,0,0.0
expression,AKIRIN2_3,186,186,0,0.0
expression,AKNA_3,186,186,0,0.0
expression,AKR1A1_3,186,186,0,0.0
expression,AKR1B1_3,186,186,0,0.0
expression,AKR1E2_3,186,186,0,0.0
expression,AKR7A2_3,186,186,0,0.0
expression,AKT1_3,186,186,0,0.0
expression,AKT1S1_3,186,186,0,0.0
expression,AKT2_3,186,186,0,0.0
expression,AKT3_3,186,186,0,0.0
expression,AKTIP_3,186,186,0,0.0
expression,ALAD_3,186,186,0,0.0
expression,ALAS1_3,186,186,0,0.0
expression,ALCAM_3,186,186,0,0.0
expression,ALDH16A1_3,186,186,0,0.0
expression,ALDH18A1_3,186,186,0,0.0
expression,ALDH1A3_3,186,186,0,0.0
expression,ALDH1L2_3,186,186,0,0.0
expression,ALDH2_3,186,186,0,0.0
expression,ALDH3A2_3,186,186,0,0.0
expression,ALDH3B1_3,186,186,0,0.0
expression,ALDH4A1_3,186,186,0,0.0
expression,ALDH5A1_3,186,186,0,0.0
expression,ALDH6A1_3,186,186,0,0.0
expression,ALDH7A1_3,186,186,0,0.0
expression,ALDH9A1_3,186,186,0,0.0
expression,ALDOA_3,186,186,0,0.0
expression,ALDOC_3,186,186,0,0.0
expression,ALG1_3,186,186,0,0.0
expression,ALG11_3,186,186,0,0.0
expression,ALG12_3,186,186,0,0.0
expression,ALG13_3,186,186,0,0.0
expression,ALG14_3,186,186,0,0.0
expression,ALG2_3,186,186,0,0.0
expression,ALG3_3,186,186,0,0.0
expression,ALG5_3,186,186,0,0.0
expression,ALG6_3,186,186,0,0.0
expression,ALG8_3,186,186,0,0.0
expression,ALG9_3,186,186,0,0.0
expression,ALKBH1_3,186,186,0,0.0
expression,ALKBH2_3,186,186,0,0.0
expression,ALKBH3_3,186,186,0,0.0
expression,ALKBH4_3,186,186,0,0.0
expression,ALKBH5_3,186,186,0,0.0
expression,ALKBH6_3,186,186,0,0.0
expression,ALKBH7_3,186,186,0,0.0
expression,ALKBH8_3,186,186,0,0.0
expression,ALMS1_3,186,186,0,0.0
expression,ALOX15B_3,186,186,0,0.0
expression,ALOX5_3,186,186,0,0.0
expression,ALPK1_3,186,186,0,0.0
expression,ALPK3_3,186,186,0,0.0
expression,ALPL_3,186,186,0,0.0
expression,ALS2_3,186,186,0,0.0
expression,ALS2CL_3,186,186,0,0.0
expression,ALX1_3,186,186,0,0.0
expression,ALYREF_3,186,186,0,0.0
expression,AMACR_3,186,186,0,0.0
expression,AMBRA1_3,186,186,0,0.0
expression,AMD1_3,186,186,0,0.0
expression,AMDHD1_3,186,186,0,0.0
expression,AMDHD2_3,186,186,0,0.0
expression,AMER1_3,186,186,0,0.0
expression,AMFR_3,186,186,0,0.0
expression,AMIGO1_3,186,186,0,0.0
expression,AMIGO3_3,186,186,0,0.0
expression,AMMECR1_3,186,186,0,0.0
expression,AMMECR1L_3,186,186,0,0.0
expression,AMN1_3,186,186,0,0.0
expression,AMOT_3,186,186,0,0.0
expression,AMOTL1_3,186,186,0,0.0
expression,AMOTL2_3,186,186,0,0.0
expression,AMPD2_3,186,186,0,0.0
expression,AMT_3,186,186,0,0.0
expression,AMZ2_3,186,186,0,0.0
expression,ANAPC1_3,186,186,0,0.0
expression,ANAPC10_3,186,186,0,0.0
expression,ANAPC11_3,186,186,0,0.0
expression,ANAPC13_3,186,186,0,0.0
expression,ANAPC15_3,186,186,0,0.0
expression,ANAPC16_3,186,186,0,0.0
expression,ANAPC2_3,186,186,0,0.0
expression,ANAPC4_3,186,186,0,0.0
expression,ANAPC5_3,186,186,0,0.0
expression,ANAPC7_3,186,186,0,0.0
expression,ANGEL1_3,186,186,0,0.0
expression,ANGEL2_3,186,186,0,0.0
expression,ANGPT1_3,186,186,0,0.0
expression,ANGPT2_3,186,186,0,0.0
expression,ANGPT4_3,186,186,0,0.0
expression,ANGPTL2_3,186,186,0,0.0
expression,ANGPTL4_3,186,186,0,0.0
expression,ANGPTL6_3,186,186,0,0.0
expression,ANK1_3,186,186,0,0.0
expression,ANK2_3,186,186,0,0.0
expression,ANK3_3,186,186,0,0.0
expression,ANKFY1_3,186,186,0,0.0
expression,ANKH_3,186,186,0,0.0
expression,ANKHD1_3,186,186,0,0.0
expression,ANKIB1_3,186,186,0,0.0
expression,ANKLE1_3,186,186,0,0.0
expression,ANKLE2_3,186,186,0,0.0
expression,ANKMY2_3,186,186,0,0.0
expression,ANKRA2_3,186,186,0,0.0
expression,ANKRD10_3,186,186,0,0.0
expression,ANKRD11_3,186,186,0,0.0
expression,ANKRD12_3,186,186,0,0.0
expression,ANKRD13A_3,186,186,0,0.0
expression,ANKRD13B_3,186,186,0,0.0
expression,ANKRD13C_3,186,186,0,0.0
expression,ANKRD13D_3,186,186,0,0.0
expression,ANKRD16_3,186,186,0,0.0
expression,ANKRD17_3,186,186,0,0.0
expression,ANKRD2_3,186,186,0,0.0
expression,ANKRD22_3,186,186,0,0.0
expression,ANKRD23_3,186,186,0,0.0
expression,ANKRD26_6,186,186,0,0.0
expression,ANKRD27_3,186,186,0,0.0
expression,ANKRD28_3,186,186,0,0.0
expression,ANKRD29_3,186,186,0,0.0
expression,ANKRD33B_3,186,186,0,0.0
expression,ANKRD34A_3,186,186,0,0.0
expression,ANKRD37_3,186,186,0,0.0
expression,ANKRD39_3,186,186,0,0.0
expression,ANKRD40_3,186,186,0,0.0
expression,ANKRD42_3,186,186,0,0.0
expression,ANKRD44_3,186,186,0,0.0
expression,ANKRD46_3,186,186,0,0.0
expression,ANKRD49_3,186,186,0,0.0
expression,ANKRD50_3,186,186,0,0.0
expression,ANKRD52_3,186,186,0,0.0
expression,ANKRD54_3,186,186,0,0.0
expression,ANKRD6_3,186,186,0,0.0
expression,ANKRD9_3,186,186,0,0.0
expression,ANKS1A_3,186,186,0,0.0
expression,ANKS1B_3,186,186,0,0.0
expression,ANKS3_3,186,186,0,0.0
expression,ANKS4B_3,186,186,0,0.0
expression,ANKS6_3,186,186,0,0.0
expression,ANKZF1_3,186,186,0,0.0
expression,ANLN_3,186,186,0,0.0
expression,ANO1_3,186,186,0,0.0
expression,ANO10_2,186,186,0,0.0
expression,ANO5_3,186,186,0,0.0
expression,ANO6_3,186,186,0,0.0
expression,ANO8_3,186,186,0,0.0
expression,ANOS1_3,186,186,0,0.0
expression,ANP32A_3,186,186,0,0.0
expression,ANP32B_3,186,186,0,0.0
expression,ANP32E_3,186,186,0,0.0
expression,ANPEP_3,186,186,0,0.0
expression,ANTKMT_3,186,186,0,0.0
expression,ANTXR1_3,186,186,0,0.0
expression,ANTXR2_3,186,186,0,0.0
expression,ANXA1_3,186,186,0,0.0
expression,ANXA11_3,186,186,0,0.0
expression,ANXA2_3,186,186,0,0.0
expression,ANXA3_3,186,186,0,0.0
expression,ANXA4_3,186,186,0,0.0
expression,ANXA5_3,186,186,0,0.0
expression,ANXA6_3,186,186,0,0.0
expression,ANXA7_3,186,186,0,0.0
expression,ANXA9_3,186,186,0,0.0
expression,AOAH_3,186,186,0,0.0
expression,AOC2_3,186,186,0,0.0
expression,AOC3_4,186,186,0,0.0
expression,AP1AR_3,186,186,0,0.0
expression,AP1B1_3,186,186,0,0.0
expression,AP1G1_3,186,186,0,0.0
expression,AP1G2_3,186,186,0,0.0
expression,AP1M1_3,186,186,0,0.0
expression,AP1S1_3,186,186,0,0.0
expression,AP1S2_3,186,186,0,0.0
expression,AP2A1_3,186,186,0,0.0
expression,AP2A2_3,186,186,0,0.0
expression,AP2B1_3,186,186,0,0.0
expression,AP2M1_3,186,186,0,0.0
expression,AP2S1_3,186,186,0,0.0
expression,AP3B1_3,186,186,0,0.0
expression,AP3D1_3,186,186,0,0.0
expression,AP3M1_3,186,186,0,0.0
expression,AP3M2_3,186,186,0,0.0
expression,AP3S1_3,186,186,0,0.0
expression,AP3S2_3,186,186,0,0.0
expression,AP4B1_3,186,186,0,0.0
expression,AP4E1_3,186,186,0,0.0
expression,AP4M1_3,186,186,0,0.0
expression,AP4S1_3,186,186,0,0.0
expression,AP5B1_3,186,186,0,0.0
expression,AP5S1_3,186,186,0,0.0
expression,AP5Z1_3,186,186,0,0.0
expression,APAF1_3,186,186,0,0.0
expression,APBA1_3,186,186,0,0.0
expression,APBA3_3,186,186,0,0.0
expression,APBB1_3,186,186,0,0.0
expression,APBB1IP_3,186,186,0,0.0
expression,APBB2_3,186,186,0,0.0
expression,APBB3_3,186,186,0,0.0
expression,APC_3,186,186,0,0.0
expression,APCDD1_3,186,186,0,0.0
expression,APEH_3,186,186,0,0.0
expression,APEX1_3,186,186,0,0.0
expression,APEX2_3,186,186,0,0.0
expression,APH1A_3,186,186,0,0.0
expression,APH1B_3,186,186,0,0.0
expression,API5_3,186,186,0,0.0
expression,APIP_3,186,186,0,0.0
expression,APLF_3,186,186,0,0.0
expression,APLN_3,186,186,0,0.0
expression,APLNR_3,186,186,0,0.0
expression,APLP1_3,186,186,0,0.0
expression,APLP2_3,186,186,0,0.0
expression,APMAP_3,186,186,0,0.0
expression,APOBR_3,186,186,0,0.0
expression,APOC1_3,186,186,0,0.0
expression,APOD_3,186,186,0,0.0
expression,APOE_3,186,186,0,0.0
expression,APOL5_3,186,186,0,0.0
expression,APOL6_3,186,186,0,0.0
expression,APOLD1_3,186,186,0,0.0
expression,APOM_3,186,186,0,0.0
expression,APOO_3,186,186,0,0.0
expression,APOOL_3,186,186,0,0.0
expression,APP_3,186,186,0,0.0
expression,APPBP2_3,186,186,0,0.0
expression,APPL1_3,186,186,0,0.0
expression,APPL2_3,186,186,0,0.0
expression,APRT_3,186,186,0,0.0
expression,APTX_3,186,186,0,0.0
expression,AQP1_3,186,186,0,0.0
expression,AQP5_3,186,186,0,0.0
expression,AQR_3,186,186,0,0.0
expression,ARAF_3,186,186,0,0.0
expression,ARAP1_3,186,186,0,0.0
expression,ARAP2_3,186,186,0,0.0
expression,ARAP3_3,186,186,0,0.0
expression,ARCN1_3,186,186,0,0.0
expression,AREL1_3,186,186,0,0.0
expression,ARF1_3,186,186,0,0.0
expression,ARF3_3,186,186,0,0.0
expression,ARF4_3,186,186,0,0.0
expression,ARF5_3,186,186,0,0.0
expression,ARF6_3,186,186,0,0.0
expression,ARFGAP1_3,186,186,0,0.0
expression,ARFGAP2_3,186,186,0,0.0
expression,ARFGAP3_3,186,186,0,0.0
expression,ARFGEF1_3,186,186,0,0.0
expression,ARFGEF2_3,186,186,0,0.0
expression,ARFGEF3_3,186,186,0,0.0
expression,ARFIP1_3,186,186,0,0.0
expression,ARFIP2_3,186,186,0,0.0
expression,ARFRP1_3,186,186,0,0.0
expression,ARG1_3,186,186,0,0.0
expression,ARG2_3,186,186,0,0.0
expression,ARGLU1_3,186,186,0,0.0
expression,ARHGAP1_3,186,186,0,0.0
expression,ARHGAP10_3,186,186,0,0.0
expression,ARHGAP12_3,186,186,0,0.0
expression,ARHGAP15_3,186,186,0,0.0
expression,ARHGAP17_3,186,186,0,0.0
expression,ARHGAP18_3,186,186,0,0.0
expression,ARHGAP19_3,186,186,0,0.0
expression,ARHGAP20_3,186,186,0,0.0
expression,ARHGAP21_3,186,186,0,0.0
expression,ARHGAP22_3,186,186,0,0.0
expression,ARHGAP23_3,186,186,0,0.0
expression,ARHGAP24_3,186,186,0,0.0
expression,ARHGAP25_3,186,186,0,0.0
expression,ARHGAP26_3,186,186,0,0.0
expression,ARHGAP27_3,186,186,0,0.0
expression,ARHGAP28_3,186,186,0,0.0
expression,ARHGAP29_3,186,186,0,0.0
expression,ARHGAP30_3,186,186,0,0.0
expression,ARHGAP31_3,186,186,0,0.0
expression,ARHGAP32_3,186,186,0,0.0
expression,ARHGAP33_3,186,186,0,0.0
expression,ARHGAP35_3,186,186,0,0.0
expression,ARHGAP39_3,186,186,0,0.0
expression,ARHGAP4_3,186,186,0,0.0
expression,ARHGAP42_3,186,186,0,0.0
expression,ARHGAP44_3,186,186,0,0.0
expression,ARHGAP45_3,186,186,0,0.0
expression,ARHGAP5_3,186,186,0,0.0
expression,ARHGAP6_3,186,186,0,0.0
expression,ARHGAP9_3,186,186,0,0.0
expression,ARHGDIA_3,186,186,0,0.0
expression,ARHGDIB_3,186,186,0,0.0
expression,ARHGEF1_3,186,186,0,0.0
expression,ARHGEF10_3,186,186,0,0.0
expression,ARHGEF10L_3,186,186,0,0.0
expression,ARHGEF11_3,186,186,0,0.0
expression,ARHGEF12_3,186,186,0,0.0
expression,ARHGEF15_3,186,186,0,0.0
expression,ARHGEF17_3,186,186,0,0.0
expression,ARHGEF18_3,186,186,0,0.0
expression,ARHGEF19_3,186,186,0,0.0
expression,ARHGEF2_3,186,186,0,0.0
expression,ARHGEF25_3,186,186,0,0.0
expression,ARHGEF26_3,186,186,0,0.0
expression,ARHGEF28_3,186,186,0,0.0
expression,ARHGEF3_3,186,186,0,0.0
expression,ARHGEF33_3,186,186,0,0.0
expression,ARHGEF37_3,186,186,0,0.0
expression,ARHGEF39_3,186,186,0,0.0
expression,ARHGEF40_3,186,186,0,0.0
expression,ARHGEF5_3,186,186,0,0.0
expression,ARHGEF6_3,186,186,0,0.0
expression,ARHGEF7_3,186,186,0,0.0
expression,ARHGEF9_3,186,186,0,0.0
expression,ARID1A_3,186,186,0,0.0
expression,ARID1B_3,186,186,0,0.0
expression,ARID2_3,186,186,0,0.0
expression,ARID3A_3,186,186,0,0.0
expression,ARID3B_3,186,186,0,0.0
expression,ARID4A_3,186,186,0,0.0
expression,ARID4B_3,186,186,0,0.0
expression,ARID5A_3,186,186,0,0.0
expression,ARID5B_3,186,186,0,0.0
expression,ARIH1_3,186,186,0,0.0
expression,ARIH2_3,186,186,0,0.0
expression,ARL1_3,186,186,0,0.0
expression,ARL10_3,186,186,0,0.0
expression,ARL13B_3,186,186,0,0.0
expression,ARL14EP_3,186,186,0,0.0
expression,ARL15_3,186,186,0,0.0
expression,ARL16_3,186,186,0,0.0
expression,ARL17A_3,186,186,0,0.0
expression,ARL2_3,186,186,0,0.0
expression,ARL2BP_3,186,186,0,0.0
expression,ARL3_3,186,186,0,0.0
expression,ARL4A_3,186,186,0,0.0
expression,ARL4C_3,186,186,0,0.0
expression,ARL4D_3,186,186,0,0.0
expression,ARL5B_3,186,186,0,0.0
expression,ARL5C_3,186,186,0,0.0
expression,ARL6_3,186,186,0,0.0
expression,ARL6IP1_3,186,186,0,0.0
expression,ARL6IP4_3,186,186,0,0.0
expression,ARL6IP5_3,186,186,0,0.0
expression,ARL8A_3,186,186,0,0.0
expression,ARL8B_3,186,186,0,0.0
expression,ARL9_3,186,186,0,0.0
expression,ARMC1_3,186,186,0,0.0
expression,ARMC10_3,186,186,0,0.0
expression,ARMC12_3,186,186,0,0.0
expression,ARMC5_3,186,186,0,0.0
expression,ARMC6_3,186,186,0,0.0
expression,ARMC8_3,186,186,0,0.0
expression,ARMC9_3,186,186,0,0.0
expression,ARMCX1_3,186,186,0,0.0
expression,ARMCX3_3,186,186,0,0.0
expression,ARMCX4_3,186,186,0,0.0
expression,ARMCX5_3,186,186,0,0.0
expression,ARMH3_3,186,186,0,0.0
expression,ARMH4_3,186,186,0,0.0
expression,ARMT1_3,186,186,0,0.0
expression,ARNT_3,186,186,0,0.0
expression,ARNT2_3,186,186,0,0.0
expression,ARNTL_3,186,186,0,0.0
expression,ARNTL2_3,186,186,0,0.0
expression,ARPC1A_3,186,186,0,0.0
expression,ARPC1B_3,186,186,0,0.0
expression,ARPC2_3,186,186,0,0.0
expression,ARPC3_3,186,186,0,0.0
expression,ARPC4_3,186,186,0,0.0
expression,ARPC5_3,186,186,0,0.0
expression,ARPC5L_3,186,186,0,0.0
expression,ARPIN_3,186,186,0,0.0
expression,ARPP19_3,186,186,0,0.0
expression,ARRB1_3,186,186,0,0.0
expression,ARRB2_3,186,186,0,0.0
expression,ARRDC1_3,186,186,0,0.0
expression,ARRDC2_3,186,186,0,0.0
expression,ARRDC3_3,186,186,0,0.0
expression,ARRDC4_3,186,186,0,0.0
expression,ARSA_3,186,186,0,0.0
expression,ARSB_3,186,186,0,0.0
expression,ARSD_3,186,186,0,0.0
expression,ARSJ_3,186,186,0,0.0
expression,ARSK_3,186,186,0,0.0
expression,ARSL_3,186,186,0,0.0
expression,ART3_3,186,186,0,0.0
expression,ARV1_3,186,186,0,0.0
expression,ARVCF_3,186,186,0,0.0
expression,AS3MT_3,186,186,0,0.0
expression,ASAH1_3,186,186,0,0.0
expression,ASAP1_3,186,186,0,0.0
expression,ASAP2_3,186,186,0,0.0
expression,ASAP3_3,186,186,0,0.0
expression,ASB1_3,186,186,0,0.0
expression,ASB13_3,186,186,0,0.0
expression,ASB3_3,186,186,0,0.0
expression,ASB6_3,186,186,0,0.0
expression,ASB7_3,186,186,0,0.0
expression,ASB8_3,186,186,0,0.0
expression,ASB9_3,186,186,0,0.0
expression,ASCC1_3,186,186,0,0.0
expression,ASCC2_3,186,186,0,0.0
expression,ASCC3_3,186,186,0,0.0
expression,ASF1A_3,186,186,0,0.0
expression,ASF1B_3,186,186,0,0.0
expression,ASH1L_3,186,186,0,0.0
expression,ASH2L_3,186,186,0,0.0
expression,ASL_3,186,186,0,0.0
expression,ASMTL_3,186,186,0,0.0
expression,ASNS_3,186,186,0,0.0
expression,ASNSD1_3,186,186,0,0.0
expression,ASPH_3,186,186,0,0.0
expression,ASPHD2_3,186,186,0,0.0
expression,ASPM_3,186,186,0,0.0
expression,ASPN_3,186,186,0,0.0
expression,ASPSCR1_3,186,186,0,0.0
expression,ASRGL1_3,186,186,0,0.0
expression,ASTE1_3,186,186,0,0.0
expression,ASXL1_3,186,186,0,0.0
expression,ASXL2_3,186,186,0,0.0
expression,ATAD1_3,186,186,0,0.0
expression,ATAD2_3,186,186,0,0.0
expression,ATAD2B_3,186,186,0,0.0
expression,ATAD3A_3,186,186,0,0.0
expression,ATAD5_3,186,186,0,0.0
expression,ATAT1_3,186,186,0,0.0
expression,ATE1_3,186,186,0,0.0
expression,ATF1_3,186,186,0,0.0
expression,ATF2_3,186,186,0,0.0
expression,ATF3_3,186,186,0,0.0
expression,ATF4_3,186,186,0,0.0
expression,ATF5_3,186,186,0,0.0
expression,ATF6_3,186,186,0,0.0
expression,ATF6B_3,186,186,0,0.0
expression,ATF7IP_3,186,186,0,0.0
expression,ATF7IP2_3,186,186,0,0.0
expression,ATG10_3,186,186,0,0.0
expression,ATG101_3,186,186,0,0.0
expression,ATG12_3,186,186,0,0.0
expression,ATG13_3,186,186,0,0.0
expression,ATG14_3,186,186,0,0.0
expression,ATG16L1_3,186,186,0,0.0
expression,ATG16L2_3,186,186,0,0.0
expression,ATG2A_3,186,186,0,0.0
expression,ATG2B_3,186,186,0,0.0
expression,ATG3_3,186,186,0,0.0
expression,ATG4A_3,186,186,0,0.0
expression,ATG4B_3,186,186,0,0.0
expression,ATG4C_3,186,186,0,0.0
expression,ATG4D_3,186,186,0,0.0
expression,ATG5_3,186,186,0,0.0
expression,ATG7_3,186,186,0,0.0
expression,ATG9A_3,186,186,0,0.0
expression,ATIC_3,186,186,0,0.0
expression,ATL1_3,186,186,0,0.0
expression,ATL2_3,186,186,0,0.0
expression,ATL3_3,186,186,0,0.0
expression,ATM_3,186,186,0,0.0
expression,ATMIN_3,186,186,0,0.0
expression,ATN1_3,186,186,0,0.0
expression,ATOH8_3,186,186,0,0.0
expression,ATOX1_3,186,186,0,0.0
expression,ATP10A_3,186,186,0,0.0
expression,ATP10D_2,186,186,0,0.0
expression,ATP11A_3,186,186,0,0.0
expression,ATP11B_3,186,186,0,0.0
expression,ATP11C_3,186,186,0,0.0
expression,ATP13A1_3,186,186,0,0.0
expression,ATP13A2_3,186,186,0,0.0
expression,ATP13A3_3,186,186,0,0.0
expression,ATP1A1_3,186,186,0,0.0
expression,ATP1B1_3,186,186,0,0.0
expression,ATP1B3_3,186,186,0,0.0
expression,ATP23_3,186,186,0,0.0
expression,ATP2A1_3,186,186,0,0.0
expression,ATP2A2_3,186,186,0,0.0
expression,ATP2A3_3,186,186,0,0.0
expression,ATP2B1_3,186,186,0,0.0
expression,ATP2B4_3,186,186,0,0.0
expression,ATP2C1_3,186,186,0,0.0
expression,ATP5F1A_3,186,186,0,0.0
expression,ATP5F1B_3,186,186,0,0.0
expression,ATP5F1C_3,186,186,0,0.0
expression,ATP5F1D_3,186,186,0,0.0
expression,ATP5F1E_3,186,186,0,0.0
expression,ATP5IF1_3,186,186,0,0.0
expression,ATP5J2_3,186,186,0,0.0
expression,ATP5MC1_3,186,186,0,0.0
expression,ATP5MC2_3,186,186,0,0.0
expression,ATP5MC3_3,186,186,0,0.0
expression,ATP5MG_3,186,186,0,0.0
expression,ATP5MJ_3,186,186,0,0.0
expression,ATP5MK_3,186,186,0,0.0
expression,ATP5PF_3,186,186,0,0.0
expression,ATP5PO_3,186,186,0,0.0
expression,ATP6AP1_3,186,186,0,0.0
expression,ATP6AP2_3,186,186,0,0.0
expression,ATP6V0A1_3,186,186,0,0.0
expression,ATP6V0A2_3,186,186,0,0.0
expression,ATP6V0B_3,186,186,0,0.0
expression,ATP6V0C_3,186,186,0,0.0
expression,ATP6V0D1_3,186,186,0,0.0
expression,ATP6V0D2_3,186,186,0,0.0
expression,ATP6V0E1_3,186,186,0,0.0
expression,ATP6V0E2_3,186,186,0,0.0
expression,ATP6V1A_3,186,186,0,0.0
expression,ATP6V1B2_3,186,186,0,0.0
expression,ATP6V1C1_3,186,186,0,0.0
expression,ATP6V1D_3,186,186,0,0.0
expression,ATP6V1E1_3,186,186,0,0.0
expression,ATP6V1F_3,186,186,0,0.0
expression,ATP6V1G1_3,186,186,0,0.0
expression,ATP6V1H_3,186,186,0,0.0
expression,ATP7A_3,186,186,0,0.0
expression,ATP7B_3,186,186,0,0.0
expression,ATP8A1_3,186,186,0,0.0
expression,ATP8B1_3,186,186,0,0.0
expression,ATP8B2_3,186,186,0,0.0
expression,ATP8B4_3,186,186,0,0.0
expression,ATP9A_3,186,186,0,0.0
expression,ATP9B_3,186,186,0,0.0
expression,ATPAF1_3,186,186,0,0.0
expression,ATPAF2_3,186,186,0,0.0
expression,ATPSCKMT_3,186,186,0,0.0
expression,ATR_3,186,186,0,0.0
expression,ATRAID_3,186,186,0,0.0
expression,ATRIP_3,186,186,0,0.0
expression,ATRN_3,186,186,0,0.0
expression,ATRNL1_3,186,186,0,0.0
expression,ATRX_3,186,186,0,0.0
expression,ATXN1_3,186,186,0,0.0
expression,ATXN10_3,186,186,0,0.0
expression,ATXN1L_3,186,186,0,0.0
expression,ATXN2_3,186,186,0,0.0
expression,ATXN2L_3,186,186,0,0.0
expression,ATXN3_3,186,186,0,0.0
expression,ATXN7_3,186,186,0,0.0
expression,ATXN7L1_3,186,186,0,0.0
expression,ATXN7L2_3,186,186,0,0.0
expression,ATXN7L3_3,186,186,0,0.0
expression,ATXN7L3B_3,186,186,0,0.0
expression,AUH_3,186,186,0,0.0
expression,AUP1_3,186,186,0,0.0
expression,AURKA_3,186,186,0,0.0
expression,AURKAIP1_3,186,186,0,0.0
expression,AURKB_3,186,186,0,0.0
expression,AUTS2_3,186,186,0,0.0
expression,AVEN_3,186,186,0,0.0
expression,AVL9_3,186,186,0,0.0
expression,AVPI1_3,186,186,0,0.0
expression,AXIN1_3,186,186,0,0.0
expression,AXIN2_3,186,186,0,0.0
expression,AXL_3,186,186,0,0.0
expression,AZI2_3,186,186,0,0.0
expression,AZIN1_3,186,186,0,0.0
expression,AZIN2_3,186,186,0,0.0
expression,B2M_3,186,186,0,0.0
expression,B3GALNT1_3,186,186,0,0.0
expression,B3GALNT2_3,186,186,0,0.0
expression,B3GALT4_3,186,186,0,0.0
expression,B3GALT6_3,186,186,0,0.0
expression,B3GAT3_3,186,186,0,0.0
expression,B3GLCT_3,186,186,0,0.0
expression,B3GNT2_3,186,186,0,0.0
expression,B3GNT4_3,186,186,0,0.0
expression,B3GNT5_3,186,186,0,0.0
expression,B3GNT7_3,186,186,0,0.0
expression,B3GNT9_3,186,186,0,0.0
expression,B3GNTL1_3,186,186,0,0.0
expression,B4GALNT3_3,186,186,0,0.0
expression,B4GALT1_3,186,186,0,0.0
expression,B4GALT2_3,186,186,0,0.0
expression,B4GALT3_3,186,186,0,0.0
expression,B4GALT4_3,186,186,0,0.0
expression,B4GALT5_3,186,186,0,0.0
expression,B4GALT6_3,186,186,0,0.0
expression,B4GALT7_3,186,186,0,0.0
expression,B4GAT1_3,186,186,0,0.0
expression,B9D1_3,186,186,0,0.0
expression,B9D2_3,186,186,0,0.0
expression,BAALC_3,186,186,0,0.0
expression,BABAM1_3,186,186,0,0.0
expression,BABAM2_3,186,186,0,0.0
expression,BACE1_3,186,186,0,0.0
expression,BACE2_3,186,186,0,0.0
expression,BACH1_3,186,186,0,0.0
expression,BACH2_3,186,186,0,0.0
expression,BAD_3,186,186,0,0.0
expression,BAG1_3,186,186,0,0.0
expression,BAG2_3,186,186,0,0.0
expression,BAG3_3,186,186,0,0.0
expression,BAG4_3,186,186,0,0.0
expression,BAG5_3,186,186,0,0.0
expression,BAG6_3,186,186,0,0.0
expression,BAHCC1_3,186,186,0,0.0
expression,BAHD1_3,186,186,0,0.0
expression,BAIAP2_3,186,186,0,0.0
expression,BAK1_3,186,186,0,0.0
expression,BAMBI_3,186,186,0,0.0
expression,BANF1_3,186,186,0,0.0
expression,BANK1_3,186,186,0,0.0
expression,BANP_3,186,186,0,0.0
expression,BAP1_3,186,186,0,0.0
expression,BARD1_3,186,186,0,0.0
expression,BASP1_3,186,186,0,0.0
expression,BATF_3,186,186,0,0.0
expression,BATF2_3,186,186,0,0.0
expression,BAX_3,186,186,0,0.0
expression,BAZ1A_3,186,186,0,0.0
expression,BAZ1B_3,186,186,0,0.0
expression,BAZ2A_3,186,186,0,0.0
expression,BAZ2B_3,186,186,0,0.0
expression,BBC3_3,186,186,0,0.0
expression,BBIP1_3,186,186,0,0.0
expression,BBLN_3,186,186,0,0.0
expression,BBOF1_3,186,186,0,0.0
expression,BBS1_3,186,186,0,0.0
expression,BBS10_2,186,186,0,0.0
expression,BBS12_3,186,186,0,0.0
expression,BBS2_3,186,186,0,0.0
expression,BBS4_3,186,186,0,0.0
expression,BBS5_3,186,186,0,0.0
expression,BBS7_3,186,186,0,0.0
expression,BBS9_3,186,186,0,0.0
expression,BBX_3,186,186,0,0.0
expression,BCAM_3,186,186,0,0.0
expression,BCAP29_3,186,186,0,0.0
expression,BCAP31_3,186,186,0,0.0
expression,BCAR1_3,186,186,0,0.0
expression,BCAR3_3,186,186,0,0.0
expression,BCAS2_3,186,186,0,0.0
expression,BCAS3_3,186,186,0,0.0
expression,BCAS4_3,186,186,0,0.0
expression,BCAT1_3,186,186,0,0.0
expression,BCAT2_3,186,186,0,0.0
expression,BCCIP_3,186,186,0,0.0
expression,BCDIN3D_3,186,186,0,0.0
expression,BCHE_3,186,186,0,0.0
expression,BCKDHA_3,186,186,0,0.0
expression,BCKDHB_3,186,186,0,0.0
expression,BCKDK_3,186,186,0,0.0
expression,BCL10_3,186,186,0,0.0
expression,BCL2_3,186,186,0,0.0
expression,BCL2A1_3,186,186,0,0.0
expression,BCL2L1_3,186,186,0,0.0
expression,BCL2L11_3,186,186,0,0.0
expression,BCL2L12_3,186,186,0,0.0
expression,BCL2L13_3,186,186,0,0.0
expression,BCL2L2_3,186,186,0,0.0
expression,BCL3_3,186,186,0,0.0
expression,BCL6_3,186,186,0,0.0
expression,BCL6B_3,186,186,0,0.0
expression,BCL7A_3,186,186,0,0.0
expression,BCL7B_3,186,186,0,0.0
expression,BCL7C_3,186,186,0,0.0
expression,BCL9_3,186,186,0,0.0
expression,BCL9L_3,186,186,0,0.0
expression,BCLAF1_3,186,186,0,0.0
expression,BCLAF3_3,186,186,0,0.0
expression,BCO2_3,186,186,0,0.0
expression,BCOR_3,186,186,0,0.0
expression,BCORL1_3,186,186,0,0.0
expression,BCR_3,186,186,0,0.0
expression,BCS1L_3,186,186,0,0.0
expression,BDH1_3,186,186,0,0.0
expression,BDH2_3,186,186,0,0.0
expression,BDKRB2_3,186,186,0,0.0
expression,BDP1_3,186,186,0,0.0
expression,BECN1_3,186,186,0,0.0
expression,BEND3_3,186,186,0,0.0
expression,BEND6_3,186,186,0,0.0
expression,BEND7_3,186,186,0,0.0
expression,BET1_3,186,186,0,0.0
expression,BET1L_3,186,186,0,0.0
expression,BEX4_3,186,186,0,0.0
expression,BFAR_3,186,186,0,0.0
expression,BFSP1_3,186,186,0,0.0
expression,BGLAP_3,186,186,0,0.0
expression,BGN_3,186,186,0,0.0
expression,BHLHB9_3,186,186,0,0.0
expression,BHLHE40_3,186,186,0,0.0
expression,BHLHE41_3,186,186,0,0.0
expression,BICC1_3,186,186,0,0.0
expression,BICD2_3,186,186,0,0.0
expression,BICRA_3,186,186,0,0.0
expression,BICRAL_3,186,186,0,0.0
expression,BID_3,186,186,0,0.0
expression,BIN1_3,186,186,0,0.0
expression,BIN2_3,186,186,0,0.0
expression,BIN3_3,186,186,0,0.0
expression,BIRC2_3,186,186,0,0.0
expression,BIRC3_3,186,186,0,0.0
expression,BIRC5_3,186,186,0,0.0
expression,BIRC6_3,186,186,0,0.0
expression,BIVM_3,186,186,0,0.0
expression,BLCAP_3,186,186,0,0.0
expression,BLM_3,186,186,0,0.0
expression,BLMH_3,186,186,0,0.0
expression,BLNK_3,186,186,0,0.0
expression,BLOC1S1_3,186,186,0,0.0
expression,BLOC1S2_3,186,186,0,0.0
expression,BLOC1S3_3,186,186,0,0.0
expression,BLOC1S4_3,186,186,0,0.0
expression,BLOC1S5_3,186,186,0,0.0
expression,BLOC1S6_3,186,186,0,0.0
expression,BLVRA_3,186,186,0,0.0
expression,BLVRB_3,186,186,0,0.0
expression,BLZF1_3,186,186,0,0.0
expression,BMF_3,186,186,0,0.0
expression,BMI1_3,186,186,0,0.0
expression,BMP1_3,186,186,0,0.0
expression,BMP2_3,186,186,0,0.0
expression,BMP2K_3,186,186,0,0.0
expression,BMP4_3,186,186,0,0.0
expression,BMP6_3,186,186,0,0.0
expression,BMPER_3,186,186,0,0.0
expression,BMPR1A_3,186,186,0,0.0
expression,BMPR2_3,186,186,0,0.0
expression,BMS1_3,186,186,0,0.0
expression,BMT2_3,186,186,0,0.0
expression,BNC2_3,186,186,0,0.0
expression,BNIP1_3,186,186,0,0.0
expression,BNIP2_3,186,186,0,0.0
expression,BNIP3_3,186,186,0,0.0
expression,BNIP3L_3,186,186,0,0.0
expression,BOC_3,186,186,0,0.0
expression,BOD1_3,186,186,0,0.0
expression,BOD1L1_3,186,186,0,0.0
expression,BOK_3,186,186,0,0.0
expression,BOLA1_3,186,186,0,0.0
expression,BOLA2B_3,186,186,0,0.0
expression,BOLA3_3,186,186,0,0.0
expression,BOP1_3,186,186,0,0.0
expression,BORA_3,186,186,0,0.0
expression,BORCS5_3,186,186,0,0.0
expression,BORCS6_3,186,186,0,0.0
expression,BORCS7_3,186,186,0,0.0
expression,BORCS8_3,186,186,0,0.0
expression,BPGM_3,186,186,0,0.0
expression,BPHL_3,186,186,0,0.0
expression,BPI_3,186,186,0,0.0
expression,BPNT1_3,186,186,0,0.0
expression,BPNT2_3,186,186,0,0.0
expression,BPTF_3,186,186,0,0.0
expression,BRAF_3,186,186,0,0.0
expression,BRAP_3,186,186,0,0.0
expression,BRCA1_3,186,186,0,0.0
expression,BRCA2_3,186,186,0,0.0
expression,BRCC3_3,186,186,0,0.0
expression,BRD1_3,186,186,0,0.0
expression,BRD2_3,186,186,0,0.0
expression,BRD3_3,186,186,0,0.0
expression,BRD3OS_3,186,186,0,0.0
expression,BRD4_3,186,186,0,0.0
expression,BRD7_3,186,186,0,0.0
expression,BRD8_3,186,186,0,0.0
expression,BRD9_3,186,186,0,0.0
expression,BRF1_3,186,186,0,0.0
expression,BRF2_3,186,186,0,0.0
expression,BRI3_3,186,186,0,0.0
expression,BRI3BP_3,186,186,0,0.0
expression,BRIP1_3,186,186,0,0.0
expression,BRIX1_3,186,186,0,0.0
expression,BRK1_3,186,186,0,0.0
expression,BRMS1_3,186,186,0,0.0
expression,BRMS1L_3,186,186,0,0.0
expression,BROX_3,186,186,0,0.0
expression,BRPF1_3,186,186,0,0.0
expression,BRPF3_3,186,186,0,0.0
expression,BRSK1_3,186,186,0,0.0
expression,BRWD1_3,186,186,0,0.0
expression,BRWD3_3,186,186,0,0.0
expression,BSCL2_3,186,186,0,0.0
expression,BSDC1_3,186,186,0,0.0
expression,BSG_3,186,186,0,0.0
expression,BSN_3,186,186,0,0.0
expression,BST1_3,186,186,0,0.0
expression,BST2_3,186,186,0,0.0
expression,BTAF1_3,186,186,0,0.0
expression,BTBD1_3,186,186,0,0.0
expression,BTBD10_3,186,186,0,0.0
expression,BTBD11_3,186,186,0,0.0
expression,BTBD19_3,186,186,0,0.0
expression,BTBD2_3,186,186,0,0.0
expression,BTBD3_3,186,186,0,0.0
expression,BTBD6_3,186,186,0,0.0
expression,BTBD7_3,186,186,0,0.0
expression,BTBD8_3,186,186,0,0.0
expression,BTBD9_3,186,186,0,0.0
expression,BTD_3,186,186,0,0.0
expression,BTF3_3,186,186,0,0.0
expression,BTF3L4_3,186,186,0,0.0
expression,BTG1_3,186,186,0,0.0
expression,BTG2_3,186,186,0,0.0
expression,BTG3_3,186,186,0,0.0
expression,BTK_3,186,186,0,0.0
expression,BTRC_3,186,186,0,0.0
expression,BUB1_3,186,186,0,0.0
expression,BUB1B_3,186,186,0,0.0
expression,BUB3_3,186,186,0,0.0
expression,BUD13_3,186,186,0,0.0
expression,BUD23_3,186,186,0,0.0
expression,BUD31_3,186,186,0,0.0
expression,BVES_3,186,186,0,0.0
expression,BYSL_3,186,186,0,0.0
expression,BZW1_3,186,186,0,0.0
expression,BZW2_3,186,186,0,0.0
expression,C10H12orf45_3,186,186,0,0.0
expression,C10H12orf66_3,186,186,0,0.0
expression,C10H12orf75_3,186,186,0,0.0
expression,C10H22orf23_3,186,186,0,0.0
expression,C10H2orf42_3,186,186,0,0.0
expression,C10H2orf49_3,186,186,0,0.0
expression,C11H5orf15_3,186,186,0,0.0
expression,C11H5orf24_3,186,186,0,0.0
expression,C11H5orf63_3,186,186,0,0.0
expression,C11H9orf43_3,186,186,0,0.0
expression,C11H9orf72_3,186,186,0,0.0
expression,C12H6orf120_3,186,186,0,0.0
expression,C12H6orf136_3,186,186,0,0.0
expression,C12H6orf141_3,186,186,0,0.0
expression,C12H6orf226_3,186,186,0,0.0
expression,C12H6orf47_3,186,186,0,0.0
expression,C12H6orf89_3,186,186,0,0.0
expression,C13H8orf33_3,186,186,0,0.0
expression,C13H8orf76_3,186,186,0,0.0
expression,C14H1orf35_3,186,186,0,0.0
expression,C15H12orf29_3,186,186,0,0.0
expression,C15H12orf73_3,186,186,0,0.0
expression,C15H16orf87_3,186,186,0,0.0
expression,C15H1orf109_3,186,186,0,0.0
expression,C15H1orf122_2,186,186,0,0.0
expression,C15H1orf216_3,186,186,0,0.0
expression,C15H1orf50_3,186,186,0,0.0
expression,C15H4orf46_3,186,186,0,0.0
expression,C16H8orf48_2,186,186,0,0.0
expression,C17H1orf54_3,186,186,0,0.0
expression,C17H1orf56_3,186,186,0,0.0
expression,C17H2orf68_3,186,186,0,0.0
expression,C18H11orf24_3,186,186,0,0.0
expression,C18H11orf49_3,186,186,0,0.0
expression,C18H11orf68_3,186,186,0,0.0
expression,C18H11orf95_3,186,186,0,0.0
expression,C18H11orf98_3,186,186,0,0.0
expression,C18H7orf25_3,186,186,0,0.0
expression,C18H7orf57_3,186,186,0,0.0
expression,C19H2orf76_3,186,186,0,0.0
expression,C19H4orf33_3,186,186,0,0.0
expression,C1D_3,186,186,0,0.0
expression,C1GALT1_3,186,186,0,0.0
expression,C1GALT1C1_3,186,186,0,0.0
expression,C1H18orf54_3,186,186,0,0.0
expression,C1H19orf12_3,186,186,0,0.0
expression,C1H19orf47_3,186,186,0,0.0
expression,C1H19orf54_3,186,186,0,0.0
expression,C1H9orf3_3,186,186,0,0.0
expression,C1H9orf40_3,186,186,0,0.0
expression,C1H9orf64_3,186,186,0,0.0
expression,C1H9orf85_3,186,186,0,0.0
expression,C1QA_3,186,186,0,0.0
expression,C1QB_3,186,186,0,0.0
expression,C1QBP_3,186,186,0,0.0
expression,C1QC_3,186,186,0,0.0
expression,C1QTNF1_3,186,186,0,0.0
expression,C1QTNF2_3,186,186,0,0.0
expression,C1QTNF5_3,186,186,0,0.0
expression,C1QTNF6_3,186,186,0,0.0
expression,C1R_3,186,186,0,0.0
expression,C1RL_3,186,186,0,0.0
expression,C1S_3,186,186,0,0.0
expression,C2_3,186,186,0,0.0
expression,C20H19orf25_3,186,186,0,0.0
expression,C20H19orf38_3,186,186,0,0.0
expression,C20H19orf44_3,186,186,0,0.0
expression,C20H19orf53_3,186,186,0,0.0
expression,C20H3orf18_3,186,186,0,0.0
expression,C20H3orf62_3,186,186,0,0.0
expression,C21H11orf54_3,186,186,0,0.0
expression,C21H11orf58_3,186,186,0,0.0
expression,C23H3orf33_3,186,186,0,0.0
expression,C24H20orf194_3,186,186,0,0.0
expression,C24H20orf27_3,186,186,0,0.0
expression,C24H20orf96_3,186,186,0,0.0
expression,C25H8orf58_3,186,186,0,0.0
expression,C26H12orf43_3,186,186,0,0.0
expression,C26H12orf65_3,186,186,0,0.0
expression,C26H22orf39_3,186,186,0,0.0
expression,C27H12orf4_3,186,186,0,0.0
expression,C28H10orf143_1,186,186,0,0.0
expression,C28H10orf88_3,186,186,0,0.0
expression,C29H8orf37_3,186,186,0,0.0
expression,C2CD2_3,186,186,0,0.0
expression,C2CD2L_3,186,186,0,0.0
expression,C2CD3_3,186,186,0,0.0
expression,C2CD5_3,186,186,0,0.0
expression,C2H1orf167_3,186,186,0,0.0
expression,C3_3,186,186,0,0.0
expression,C30H15orf39_3,186,186,0,0.0
expression,C30H15orf61_3,186,186,0,0.0
expression,C30H15orf62_3,186,186,0,0.0
expression,C31H21orf58_3,186,186,0,0.0
expression,C31H21orf91_3,186,186,0,0.0
expression,C32H4orf3_3,186,186,0,0.0
expression,C33H3orf38_3,186,186,0,0.0
expression,C33H3orf38_4,186,186,0,0.0
expression,C34H3orf70_3,186,186,0,0.0
expression,C35H6orf62_3,186,186,0,0.0
expression,C37H2orf69_3,186,186,0,0.0
expression,C3AR1_3,186,186,0,0.0
expression,C3H15orf40_3,186,186,0,0.0
expression,C3H4orf48_3,186,186,0,0.0
expression,C4H1orf131_3,186,186,0,0.0
expression,C4H1orf198_3,186,186,0,0.0
expression,C4H5orf22_3,186,186,0,0.0
expression,C4H5orf34_3,186,186,0,0.0
expression,C4H5orf51_3,186,186,0,0.0
expression,C5AR1_3,186,186,0,0.0
expression,C5AR2_3,186,186,0,0.0
expression,C5H11orf1_3,186,186,0,0.0
expression,C5H11orf52_3,186,186,0,0.0
expression,C5H16orf46_3,186,186,0,0.0
expression,C5H16orf70_3,186,186,0,0.0
expression,C5H16orf95_3,186,186,0,0.0
expression,C5H17orf49_3,186,186,0,0.0
expression,C5H1orf159_3,186,186,0,0.0
expression,C5H1orf174_3,186,186,0,0.0
expression,C6H16orf54_3,186,186,0,0.0
expression,C6H16orf72_3,186,186,0,0.0
expression,C6H16orf91_3,186,186,0,0.0
expression,C6H1orf52_3,186,186,0,0.0
expression,C6H7orf26_3,186,186,0,0.0
expression,C6H7orf50_3,186,186,0,0.0
expression,C6H7orf61_3,186,186,0,0.0
expression,C7H18orf21_3,186,186,0,0.0
expression,C7H18orf25_3,186,186,0,0.0
expression,C7H18orf32_3,186,186,0,0.0
expression,C7H1orf112_3,186,186,0,0.0
expression,C7H1orf21_3,186,186,0,0.0
expression,C7H1orf43_3,186,186,0,0.0
expression,C7H1orf74_3,186,186,0,0.0
expression,C8H14orf119_3,186,186,0,0.0
expression,C8H14orf28_3,186,186,0,0.0
expression,C8H14orf93_3,186,186,0,0.0
expression,C9H17orf58_3,186,186,0,0.0
expression,C9H17orf64_3,186,186,0,0.0
expression,C9H17orf75_3,186,186,0,0.0
expression,C9H17orf80_3,186,186,0,0.0
expression,C9H9orf78_3,186,186,0,0.0
expression,CA11_3,186,186,0,0.0
expression,CA13_3,186,186,0,0.0
expression,CA2_3,186,186,0,0.0
expression,CA3_3,186,186,0,0.0
expression,CA5B_3,186,186,0,0.0
expression,CAAP1_3,186,186,0,0.0
expression,CAB39_3,186,186,0,0.0
expression,CAB39L_3,186,186,0,0.0
expression,CABCOCO1_3,186,186,0,0.0
expression,CABIN1_3,186,186,0,0.0
expression,CABLES1_3,186,186,0,0.0
expression,CABLES2_3,186,186,0,0.0
expression,CABP1_3,186,186,0,0.0
expression,CABYR_3,186,186,0,0.0
expression,CACFD1_3,186,186,0,0.0
expression,CACHD1_3,186,186,0,0.0
expression,CACNA1C_3,186,186,0,0.0
expression,CACNA1D_3,186,186,0,0.0
expression,CACNA2D1_3,186,186,0,0.0
expression,CACNA2D2_3,186,186,0,0.0
expression,CACNB1_3,186,186,0,0.0
expression,CACNB2_3,186,186,0,0.0
expression,CACNB3_3,186,186,0,0.0
expression,CACTIN_3,186,186,0,0.0
expression,CACUL1_3,186,186,0,0.0
expression,CACYBP_3,186,186,0,0.0
expression,CAD_3,186,186,0,0.0
expression,CADM1_3,186,186,0,0.0
expression,CADM4_3,186,186,0,0.0
expression,CADPS2_3,186,186,0,0.0
expression,CALCOCO1_3,186,186,0,0.0
expression,CALCOCO2_3,186,186,0,0.0
expression,CALCRL_3,186,186,0,0.0
expression,CALD1_3,186,186,0,0.0
expression,CALHM2_3,186,186,0,0.0
expression,CALHM5_3,186,186,0,0.0
expression,CALHM6_3,186,186,0,0.0
expression,CALM1_3,186,186,0,0.0
expression,CALM2_3,186,186,0,0.0
expression,CALM3_3,186,186,0,0.0
expression,CALML4_3,186,186,0,0.0
expression,CALML6_3,186,186,0,0.0
expression,CALR_3,186,186,0,0.0
expression,CALU_3,186,186,0,0.0
expression,CAMK1_3,186,186,0,0.0
expression,CAMK1D_3,186,186,0,0.0
expression,CAMK2A_3,186,186,0,0.0
expression,CAMK2D_3,186,186,0,0.0
expression,CAMK2G_3,186,186,0,0.0
expression,CAMK2N1_3,186,186,0,0.0
expression,CAMK4_3,186,186,0,0.0
expression,CAMKK1_3,186,186,0,0.0
expression,CAMKK2_3,186,186,0,0.0
expression,CAMKMT_3,186,186,0,0.0
expression,CAMLG_3,186,186,0,0.0
expression,CAMSAP1_3,186,186,0,0.0
expression,CAMSAP2_3,186,186,0,0.0
expression,CAMTA1_3,186,186,0,0.0
expression,CAMTA2_3,186,186,0,0.0
expression,CAND1_3,186,186,0,0.0
expression,CAND2_3,186,186,0,0.0
expression,CANT1_3,186,186,0,0.0
expression,CANX_3,186,186,0,0.0
expression,CAP1_3,186,186,0,0.0
expression,CAPG_3,186,186,0,0.0
expression,CAPN1_3,186,186,0,0.0
expression,CAPN10_3,186,186,0,0.0
expression,CAPN15_3,186,186,0,0.0
expression,CAPN2_3,186,186,0,0.0
expression,CAPN5_3,186,186,0,0.0
expression,CAPN7_3,186,186,0,0.0
expression,CAPNS1_3,186,186,0,0.0
expression,CAPRIN1_3,186,186,0,0.0
expression,CAPRIN2_3,186,186,0,0.0
expression,CAPS_3,186,186,0,0.0
expression,CAPZA1_3,186,186,0,0.0
expression,CAPZA2_3,186,186,0,0.0
expression,CAPZB_3,186,186,0,0.0
expression,CARD10_3,186,186,0,0.0
expression,CARD19_3,186,186,0,0.0
expression,CARD6_3,186,186,0,0.0
expression,CARD8_3,186,186,0,0.0
expression,CARD9_3,186,186,0,0.0
expression,CARF_3,186,186,0,0.0
expression,CARHSP1_3,186,186,0,0.0
expression,CARM1_3,186,186,0,0.0
expression,CARMIL1_3,186,186,0,0.0
expression,CARNMT1_3,186,186,0,0.0
expression,CARS1_3,186,186,0,0.0
expression,CARS2_3,186,186,0,0.0
expression,CASC3_3,186,186,0,0.0
expression,CASD1_3,186,186,0,0.0
expression,CASK_3,186,186,0,0.0
expression,CASKIN2_3,186,186,0,0.0
expression,CASP10_3,186,186,0,0.0
expression,CASP2_3,186,186,0,0.0
expression,CASP3_3,186,186,0,0.0
expression,CASP4_3,186,186,0,0.0
expression,CASP6_3,186,186,0,0.0
expression,CASP7_3,186,186,0,0.0
expression,CASP8_3,186,186,0,0.0
expression,CASP8AP2_3,186,186,0,0.0
expression,CASP9_3,186,186,0,0.0
expression,CAST_3,186,186,0,0.0
expression,CASTOR1_3,186,186,0,0.0
expression,CASTOR2_3,186,186,0,0.0
expression,CAT_3,186,186,0,0.0
expression,CATSPER3_3,186,186,0,0.0
expression,CAV1_3,186,186,0,0.0
expression,CAV2_3,186,186,0,0.0
expression,CAVIN1_3,186,186,0,0.0
expression,CAVIN2_3,186,186,0,0.0
expression,CAVIN3_3,186,186,0,0.0
expression,CBFA2T2_4,186,186,0,0.0
expression,CBFA2T3_3,186,186,0,0.0
expression,CBFB_3,186,186,0,0.0
expression,CBL_3,186,186,0,0.0
expression,CBLB_3,186,186,0,0.0
expression,CBLL1_3,186,186,0,0.0
expression,CBLN3_3,186,186,0,0.0
expression,CBR3_3,186,186,0,0.0
expression,CBR4_3,186,186,0,0.0
expression,CBS_3,186,186,0,0.0
expression,CBWD1_3,186,186,0,0.0
expression,CBX1_3,186,186,0,0.0
expression,CBX2_3,186,186,0,0.0
expression,CBX3_3,186,186,0,0.0
expression,CBX4_3,186,186,0,0.0
expression,CBX5_3,186,186,0,0.0
expression,CBX6_3,186,186,0,0.0
expression,CBX7_3,186,186,0,0.0
expression,CBX8_3,186,186,0,0.0
expression,CBY1_3,186,186,0,0.0
expression,CC2D1A_3,186,186,0,0.0
expression,CC2D1B_3,186,186,0,0.0
expression,CC2D2A_3,186,186,0,0.0
expression,CCAR1_3,186,186,0,0.0
expression,CCAR2_3,186,186,0,0.0
expression,CCBE1_3,186,186,0,0.0
expression,CCDC102A_3,186,186,0,0.0
expression,CCDC103_3,186,186,0,0.0
expression,CCDC106_3,186,186,0,0.0
expression,CCDC107_3,186,186,0,0.0
expression,CCDC112_3,186,186,0,0.0
expression,CCDC113_3,186,186,0,0.0
expression,CCDC115_3,186,186,0,0.0
expression,CCDC117_3,186,186,0,0.0
expression,CCDC12_3,186,186,0,0.0
expression,CCDC120_3,186,186,0,0.0
expression,CCDC124_3,186,186,0,0.0
expression,CCDC125_3,186,186,0,0.0
expression,CCDC126_3,186,186,0,0.0
expression,CCDC127_2,186,186,0,0.0
expression,CCDC130_3,186,186,0,0.0
expression,CCDC137_3,186,186,0,0.0
expression,CCDC138_3,186,186,0,0.0
expression,CCDC14_3,186,186,0,0.0
expression,CCDC141_3,186,186,0,0.0
expression,CCDC142_3,186,186,0,0.0
expression,CCDC146_3,186,186,0,0.0
expression,CCDC148_3,186,186,0,0.0
expression,CCDC149_3,186,186,0,0.0
expression,CCDC15_3,186,186,0,0.0
expression,CCDC150_3,186,186,0,0.0
expression,CCDC157_3,186,186,0,0.0
expression,CCDC158_3,186,186,0,0.0
expression,CCDC163_3,186,186,0,0.0
expression,CCDC167_3,186,186,0,0.0
expression,CCDC17_3,186,186,0,0.0
expression,CCDC171_3,186,186,0,0.0
expression,CCDC173_3,186,186,0,0.0
expression,CCDC174_3,186,186,0,0.0
expression,CCDC177_3,186,186,0,0.0
expression,CCDC18_3,186,186,0,0.0
expression,CCDC181_3,186,186,0,0.0
expression,CCDC184_3,186,186,0,0.0
expression,CCDC186_3,186,186,0,0.0
expression,CCDC191_3,186,186,0,0.0
expression,CCDC22_3,186,186,0,0.0
expression,CCDC25_3,186,186,0,0.0
expression,CCDC28A_3,186,186,0,0.0
expression,CCDC28B_3,186,186,0,0.0
expression,CCDC3_3,186,186,0,0.0
expression,CCDC30_3,186,186,0,0.0
expression,CCDC32_3,186,186,0,0.0
expression,CCDC43_3,186,186,0,0.0
expression,CCDC47_3,186,186,0,0.0
expression,CCDC50_3,186,186,0,0.0
expression,CCDC51_3,186,186,0,0.0
expression,CCDC56_3,186,186,0,0.0
expression,CCDC57_3,186,186,0,0.0
expression,CCDC59_3,186,186,0,0.0
expression,CCDC6_3,186,186,0,0.0
expression,CCDC61_3,186,186,0,0.0
expression,CCDC62_3,186,186,0,0.0
expression,CCDC66_3,186,186,0,0.0
expression,CCDC68_3,186,186,0,0.0
expression,CCDC69_3,186,186,0,0.0
expression,CCDC71_3,186,186,0,0.0
expression,CCDC77_3,186,186,0,0.0
expression,CCDC8_3,186,186,0,0.0
expression,CCDC80_3,186,186,0,0.0
expression,CCDC82_3,186,186,0,0.0
expression,CCDC85A_3,186,186,0,0.0
expression,CCDC85B_3,186,186,0,0.0
expression,CCDC85C_3,186,186,0,0.0
expression,CCDC86_3,186,186,0,0.0
expression,CCDC88A_3,186,186,0,0.0
expression,CCDC88B_3,186,186,0,0.0
expression,CCDC88C_3,186,186,0,0.0
expression,CCDC89_3,186,186,0,0.0
expression,CCDC9_3,186,186,0,0.0
expression,CCDC90B_3,186,186,0,0.0
expression,CCDC91_3,186,186,0,0.0
expression,CCDC92_3,186,186,0,0.0
expression,CCDC93_3,186,186,0,0.0
expression,CCDC97_3,186,186,0,0.0
expression,CCDC9B_3,186,186,0,0.0
expression,CCER2_3,186,186,0,0.0
expression,CCHCR1_3,186,186,0,0.0
expression,CCL14_3,186,186,0,0.0
expression,CCL2_3,186,186,0,0.0
expression,CCL23_3,186,186,0,0.0
expression,CCL5_3,186,186,0,0.0
expression,CCM2_3,186,186,0,0.0
expression,CCM2L_3,186,186,0,0.0
expression,CCN1_3,186,186,0,0.0
expression,CCN2_3,186,186,0,0.0
expression,CCN4_3,186,186,0,0.0
expression,CCN5_3,186,186,0,0.0
expression,CCN6_3,186,186,0,0.0
expression,CCNA2_3,186,186,0,0.0
expression,CCNB1_3,186,186,0,0.0
expression,CCNB1IP1_3,186,186,0,0.0
expression,CCNB2_3,186,186,0,0.0
expression,CCNB3_3,186,186,0,0.0
expression,CCNC_3,186,186,0,0.0
expression,CCND1_3,186,186,0,0.0
expression,CCND2_3,186,186,0,0.0
expression,CCND3_3,186,186,0,0.0
expression,CCNDBP1_3,186,186,0,0.0
expression,CCNE1_3,186,186,0,0.0
expression,CCNE2_3,186,186,0,0.0
expression,CCNF_3,186,186,0,0.0
expression,CCNG1_3,186,186,0,0.0
expression,CCNG2_3,186,186,0,0.0
expression,CCNH_3,186,186,0,0.0
expression,CCNI_3,186,186,0,0.0
expression,CCNJ_3,186,186,0,0.0
expression,CCNJL_3,186,186,0,0.0
expression,CCNK_3,186,186,0,0.0
expression,CCNL1_3,186,186,0,0.0
expression,CCNL2_3,186,186,0,0.0
expression,CCNQ_3,186,186,0,0.0
expression,CCNT1_3,186,186,0,0.0
expression,CCNT2_3,186,186,0,0.0
expression,CCNY_3,186,186,0,0.0
expression,CCNYL1_3,186,186,0,0.0
expression,CCP110_3,186,186,0,0.0
expression,CCPG1_3,186,186,0,0.0
expression,CCR1_3,186,186,0,0.0
expression,CCR2_3,186,186,0,0.0
expression,CCR5_3,186,186,0,0.0
expression,CCR7_3,186,186,0,0.0
expression,CCS_3,186,186,0,0.0
expression,CCSAP_3,186,186,0,0.0
expression,CCSER2_3,186,186,0,0.0
expression,CCT2_3,186,186,0,0.0
expression,CCT3_3,186,186,0,0.0
expression,CCT4_3,186,186,0,0.0
expression,CCT5_3,186,186,0,0.0
expression,CCT6A_3,186,186,0,0.0
expression,CCT7_3,186,186,0,0.0
expression,CCT8_3,186,186,0,0.0
expression,CD101_3,186,186,0,0.0
expression,CD109_3,186,186,0,0.0
expression,CD14_3,186,186,0,0.0
expression,CD151_3,186,186,0,0.0
expression,CD163_3,186,186,0,0.0
expression,CD164_3,186,186,0,0.0
expression,CD180_3,186,186,0,0.0
expression,CD2_3,186,186,0,0.0
expression,CD200_3,186,186,0,0.0
expression,CD209_3,186,186,0,0.0
expression,CD22_3,186,186,0,0.0
expression,CD24_3,186,186,0,0.0
expression,CD247_3,186,186,0,0.0
expression,CD248_3,186,186,0,0.0
expression,CD276_3,186,186,0,0.0
expression,CD2AP_3,186,186,0,0.0
expression,CD2BP2_3,186,186,0,0.0
expression,CD300A_3,186,186,0,0.0
expression,CD300LF_3,186,186,0,0.0
expression,CD300LG_3,186,186,0,0.0
expression,CD302_3,186,186,0,0.0
expression,CD320_3,186,186,0,0.0
expression,CD34_3,186,186,0,0.0
expression,CD36_3,186,186,0,0.0
expression,CD37_3,186,186,0,0.0
expression,CD38_3,186,186,0,0.0
expression,CD3E_3,186,186,0,0.0
expression,CD4_3,186,186,0,0.0
expression,CD40_3,186,186,0,0.0
expression,CD44_3,186,186,0,0.0
expression,CD47_3,186,186,0,0.0
expression,CD48_3,186,186,0,0.0
expression,CD53_3,186,186,0,0.0
expression,CD55_3,186,186,0,0.0
expression,CD58_3,186,186,0,0.0
expression,CD59_3,186,186,0,0.0
expression,CD6_3,186,186,0,0.0
expression,CD63_3,186,186,0,0.0
expression,CD68_3,186,186,0,0.0
expression,CD72_3,186,186,0,0.0
expression,CD74_3,186,186,0,0.0
expression,CD80_3,186,186,0,0.0
expression,CD81_3,186,186,0,0.0
expression,CD82_3,186,186,0,0.0
expression,CD83_3,186,186,0,0.0
expression,CD84_3,186,186,0,0.0
expression,CD86_3,186,186,0,0.0
expression,CD8B_3,186,186,0,0.0
expression,CD9_3,186,186,0,0.0
expression,CD93_3,186,186,0,0.0
expression,CD99_3,186,186,0,0.0
expression,CD99L2_3,186,186,0,0.0
expression,CDA_3,186,186,0,0.0
expression,CDADC1_3,186,186,0,0.0
expression,CDAN1_3,186,186,0,0.0
expression,CDC123_3,186,186,0,0.0
expression,CDC14A_3,186,186,0,0.0
expression,CDC14B_3,186,186,0,0.0
expression,CDC16_3,186,186,0,0.0
expression,CDC20_3,186,186,0,0.0
expression,CDC23_3,186,186,0,0.0
expression,CDC25A_3,186,186,0,0.0
expression,CDC25B_3,186,186,0,0.0
expression,CDC25C_3,186,186,0,0.0
expression,CDC26_3,186,186,0,0.0
expression,CDC27_3,186,186,0,0.0
expression,CDC34_3,186,186,0,0.0
expression,CDC37_3,186,186,0,0.0
expression,CDC37L1_3,186,186,0,0.0
expression,CDC40_3,186,186,0,0.0
expression,CDC42_3,186,186,0,0.0
expression,CDC42BPA_3,186,186,0,0.0
expression,CDC42BPB_3,186,186,0,0.0
expression,CDC42BPG_3,186,186,0,0.0
expression,CDC42EP1_3,186,186,0,0.0
expression,CDC42EP2_3,186,186,0,0.0
expression,CDC42EP3_3,186,186,0,0.0
expression,CDC42EP4_3,186,186,0,0.0
expression,CDC42EP5_3,186,186,0,0.0
expression,CDC42SE1_3,186,186,0,0.0
expression,CDC42SE2_3,186,186,0,0.0
expression,CDC45_3,186,186,0,0.0
expression,CDC5L_3,186,186,0,0.0
expression,CDC6_3,186,186,0,0.0
expression,CDC7_3,186,186,0,0.0
expression,CDC73_3,186,186,0,0.0
expression,CDCA2_3,186,186,0,0.0
expression,CDCA3_3,186,186,0,0.0
expression,CDCA4_3,186,186,0,0.0
expression,CDCA5_3,186,186,0,0.0
expression,CDCA7_3,186,186,0,0.0
expression,CDCA7L_3,186,186,0,0.0
expression,CDCA8_3,186,186,0,0.0
expression,CDH11_3,186,186,0,0.0
expression,CDH13_3,186,186,0,0.0
expression,CDH2_3,186,186,0,0.0
expression,CDH23_3,186,186,0,0.0
expression,CDH24_3,186,186,0,0.0
expression,CDH5_3,186,186,0,0.0
expression,CDIN1_3,186,186,0,0.0
expression,CDIP1_3,186,186,0,0.0
expression,CDIPT_3,186,186,0,0.0
expression,CDK1_3,186,186,0,0.0
expression,CDK10_3,186,186,0,0.0
expression,CDK12_3,186,186,0,0.0
expression,CDK13_3,186,186,0,0.0
expression,CDK14_3,186,186,0,0.0
expression,CDK16_3,186,186,0,0.0
expression,CDK17_3,186,186,0,0.0
expression,CDK18_3,186,186,0,0.0
expression,CDK19_3,186,186,0,0.0
expression,CDK2_3,186,186,0,0.0
expression,CDK20_3,186,186,0,0.0
expression,CDK2AP1_3,186,186,0,0.0
expression,CDK2AP2_3,186,186,0,0.0
expression,CDK4_3,186,186,0,0.0
expression,CDK5_3,186,186,0,0.0
expression,CDK5R1_3,186,186,0,0.0
expression,CDK5RAP1_3,186,186,0,0.0
expression,CDK5RAP2_3,186,186,0,0.0
expression,CDK5RAP3_3,186,186,0,0.0
expression,CDK6_3,186,186,0,0.0
expression,CDK7_3,186,186,0,0.0
expression,CDK8_3,186,186,0,0.0
expression,CDK9_3,186,186,0,0.0
expression,CDKAL1_3,186,186,0,0.0
expression,CDKL2_3,186,186,0,0.0
expression,CDKL3_3,186,186,0,0.0
expression,CDKL5_3,186,186,0,0.0
expression,CDKN1A_3,186,186,0,0.0
expression,CDKN1B_3,186,186,0,0.0
expression,CDKN1C_3,186,186,0,0.0
expression,CDKN2AIP_3,186,186,0,0.0
expression,CDKN2AIPNL_3,186,186,0,0.0
expression,CDKN2C_3,186,186,0,0.0
expression,CDKN2D_3,186,186,0,0.0
expression,CDKN3_3,186,186,0,0.0
expression,CDO1_3,186,186,0,0.0
expression,CDON_3,186,186,0,0.0
expression,CDPF1_3,186,186,0,0.0
expression,CDR2_3,186,186,0,0.0
expression,CDR2L_3,186,186,0,0.0
expression,CDRT1_3,186,186,0,0.0
expression,CDS1_3,186,186,0,0.0
expression,CDS2_3,186,186,0,0.0
expression,CDT1_3,186,186,0,0.0
expression,CDV3_3,186,186,0,0.0
expression,CDYL_3,186,186,0,0.0
expression,CDYL2_3,186,186,0,0.0
expression,CEACAM1_3,186,186,0,0.0
expression,CEBPA_3,186,186,0,0.0
expression,CEBPB_3,186,186,0,0.0
expression,CEBPD_3,186,186,0,0.0
expression,CEBPG_3,186,186,0,0.0
expression,CEBPZ_3,186,186,0,0.0
expression,CEBPZOS_3,186,186,0,0.0
expression,CECR2_3,186,186,0,0.0
expression,CELF1_3,186,186,0,0.0
expression,CELF2_3,186,186,0,0.0
expression,CELF4_3,186,186,0,0.0
expression,CELSR3_3,186,186,0,0.0
expression,CEMIP_3,186,186,0,0.0
expression,CEMIP2_3,186,186,0,0.0
expression,CENATAC_3,186,186,0,0.0
expression,CENPA_3,186,186,0,0.0
expression,CENPB_3,186,186,0,0.0
expression,CENPBD1_3,186,186,0,0.0
expression,CENPC_3,186,186,0,0.0
expression,CENPE_3,186,186,0,0.0
expression,CENPF_3,186,186,0,0.0
expression,CENPH_3,186,186,0,0.0
expression,CENPI_3,186,186,0,0.0
expression,CENPJ_3,186,186,0,0.0
expression,CENPK_3,186,186,0,0.0
expression,CENPL_3,186,186,0,0.0
expression,CENPM_3,186,186,0,0.0
expression,CENPN_3,186,186,0,0.0
expression,CENPO_3,186,186,0,0.0
expression,CENPP_3,186,186,0,0.0
expression,CENPQ_3,186,186,0,0.0
expression,CENPS_3,186,186,0,0.0
expression,CENPT_3,186,186,0,0.0
expression,CENPU_3,186,186,0,0.0
expression,CENPV_3,186,186,0,0.0
expression,CENPW_3,186,186,0,0.0
expression,CENPX_3,186,186,0,0.0
expression,CEP104_3,186,186,0,0.0
expression,CEP112_3,186,186,0,0.0
expression,CEP120_3,186,186,0,0.0
expression,CEP128_3,186,186,0,0.0
expression,CEP131_3,186,186,0,0.0
expression,CEP135_3,186,186,0,0.0
expression,CEP152_3,186,186,0,0.0
expression,CEP162_3,186,186,0,0.0
expression,CEP164_3,186,186,0,0.0
expression,CEP170_3,186,186,0,0.0
expression,CEP170B_3,186,186,0,0.0
expression,CEP19_3,186,186,0,0.0
expression,CEP192_3,186,186,0,0.0
expression,CEP20_3,186,186,0,0.0
expression,CEP250_3,186,186,0,0.0
expression,CEP290_3,186,186,0,0.0
expression,CEP295_3,186,186,0,0.0
expression,CEP350_3,186,186,0,0.0
expression,CEP41_3,186,186,0,0.0
expression,CEP43_3,186,186,0,0.0
expression,CEP44_3,186,186,0,0.0
expression,CEP55_3,186,186,0,0.0
expression,CEP57_3,186,186,0,0.0
expression,CEP57L1_3,186,186,0,0.0
expression,CEP63_3,186,186,0,0.0
expression,CEP68_3,186,186,0,0.0
expression,CEP70_3,186,186,0,0.0
expression,CEP72_3,186,186,0,0.0
expression,CEP76_3,186,186,0,0.0
expression,CEP78_3,186,186,0,0.0
expression,CEP83_3,186,186,0,0.0
expression,CEP85_3,186,186,0,0.0
expression,CEP85L_3,186,186,0,0.0
expression,CEP89_3,186,186,0,0.0
expression,CEP95_3,186,186,0,0.0
expression,CEP97_3,186,186,0,0.0
expression,CEPT1_3,186,186,0,0.0
expression,CERCAM_3,186,186,0,0.0
expression,CERK_3,186,186,0,0.0
expression,CERS2_3,186,186,0,0.0
expression,CERS4_3,186,186,0,0.0
expression,CERS5_3,186,186,0,0.0
expression,CERS6_3,186,186,0,0.0
expression,CERT1_3,186,186,0,0.0
expression,CES2_3,186,186,0,0.0
expression,CETN2_3,186,186,0,0.0
expression,CETN3_3,186,186,0,0.0
expression,CFAP20_3,186,186,0,0.0
expression,CFAP20DC_3,186,186,0,0.0
expression,CFAP221_3,186,186,0,0.0
expression,CFAP251_3,186,186,0,0.0
expression,CFAP298_3,186,186,0,0.0
expression,CFAP300_3,186,186,0,0.0
expression,CFAP36_3,186,186,0,0.0
expression,CFAP410_3,186,186,0,0.0
expression,CFAP53_3,186,186,0,0.0
expression,CFAP54_3,186,186,0,0.0
expression,CFAP61_3,186,186,0,0.0
expression,CFAP70_3,186,186,0,0.0
expression,CFAP91_3,186,186,0,0.0
expression,CFAP94_3,186,186,0,0.0
expression,CFAP97_3,186,186,0,0.0
expression,CFB_3,186,186,0,0.0
expression,CFD_3,186,186,0,0.0
expression,CFDP1_3,186,186,0,0.0
expression,CFI_3,186,186,0,0.0
expression,CFL1_3,186,186,0,0.0
expression,CFL2_3,186,186,0,0.0
expression,CFLAR_3,186,186,0,0.0
expression,CFP_3,186,186,0,0.0
expression,CGAS_3,186,186,0,0.0
expression,CGGBP1_3,186,186,0,0.0
expression,CGNL1_3,186,186,0,0.0
expression,CGREF1_3,186,186,0,0.0
expression,CGRRF1_3,186,186,0,0.0
expression,CH25H_3,186,186,0,0.0
expression,CHAC1_3,186,186,0,0.0
expression,CHAC2_3,186,186,0,0.0
expression,CHAD_3,186,186,0,0.0
expression,CHAF1A_3,186,186,0,0.0
expression,CHAF1B_3,186,186,0,0.0
expression,CHAMP1_3,186,186,0,0.0
expression,CHCHD1_3,186,186,0,0.0
expression,CHCHD10_3,186,186,0,0.0
expression,CHCHD2_3,186,186,0,0.0
expression,CHCHD3_3,186,186,0,0.0
expression,CHCHD4_3,186,186,0,0.0
expression,CHCHD5_3,186,186,0,0.0
expression,CHCHD6_3,186,186,0,0.0
expression,CHCHD7_3,186,186,0,0.0
expression,CHCHD8_3,186,186,0,0.0
expression,CHD1_3,186,186,0,0.0
expression,CHD1L_3,186,186,0,0.0
expression,CHD2_3,186,186,0,0.0
expression,CHD3_3,186,186,0,0.0
expression,CHD4_3,186,186,0,0.0
expression,CHD6_3,186,186,0,0.0
expression,CHD7_3,186,186,0,0.0
expression,CHD8_3,186,186,0,0.0
expression,CHD9_3,186,186,0,0.0
expression,CHDH_3,186,186,0,0.0
expression,CHEK1_3,186,186,0,0.0
expression,CHEK2_3,186,186,0,0.0
expression,CHERP_3,186,186,0,0.0
expression,CHFR_3,186,186,0,0.0
expression,CHGA_3,186,186,0,0.0
expression,CHI3L1_3,186,186,0,0.0
expression,CHIC1_3,186,186,0,0.0
expression,CHIC2_3,186,186,0,0.0
expression,CHID1_3,186,186,0,0.0
expression,CHKA_3,186,186,0,0.0
expression,CHKB_3,186,186,0,0.0
expression,CHM_3,186,186,0,0.0
expression,CHML_3,186,186,0,0.0
expression,CHMP1A_3,186,186,0,0.0
expression,CHMP1B_3,186,186,0,0.0
expression,CHMP2A_3,186,186,0,0.0
expression,CHMP2B_3,186,186,0,0.0
expression,CHMP3_3,186,186,0,0.0
expression,CHMP4A_3,186,186,0,0.0
expression,CHMP4B_3,186,186,0,0.0
expression,CHMP4C_3,186,186,0,0.0
expression,CHMP5_3,186,186,0,0.0
expression,CHMP6_3,186,186,0,0.0
expression,CHMP7_3,186,186,0,0.0
expression,CHN1_3,186,186,0,0.0
expression,CHN2_3,186,186,0,0.0
expression,CHORDC1_3,186,186,0,0.0
expression,CHP1_3,186,186,0,0.0
expression,CHPF_3,186,186,0,0.0
expression,CHPT1_3,186,186,0,0.0
expression,CHRAC1_3,186,186,0,0.0
expression,CHRD_3,186,186,0,0.0
expression,CHRNB1_3,186,186,0,0.0
expression,CHRNB2_3,186,186,0,0.0
expression,CHRNE_3,186,186,0,0.0
expression,CHST1_3,186,186,0,0.0
expression,CHST10_3,186,186,0,0.0
expression,CHST11_3,186,186,0,0.0
expression,CHST12_3,186,186,0,0.0
expression,CHST14_3,186,186,0,0.0
expression,CHST15_3,186,186,0,0.0
expression,CHST2_3,186,186,0,0.0
expression,CHST3_3,186,186,0,0.0
expression,CHST7_3,186,186,0,0.0
expression,CHSY1_3,186,186,0,0.0
expression,CHSY3_3,186,186,0,0.0
expression,CHTF18_3,186,186,0,0.0
expression,CHTF8_3,186,186,0,0.0
expression,CHTOP_3,186,186,0,0.0
expression,CHUK_3,186,186,0,0.0
expression,CHURC1_3,186,186,0,0.0
expression,CIAO1_3,186,186,0,0.0
expression,CIAO2A_3,186,186,0,0.0
expression,CIAO2B_3,186,186,0,0.0
expression,CIAO3_3,186,186,0,0.0
expression,CIAPIN1_3,186,186,0,0.0
expression,CIART_3,186,186,0,0.0
expression,CIB1_3,186,186,0,0.0
expression,CIB2_3,186,186,0,0.0
expression,CIBAR1_3,186,186,0,0.0
expression,CIC_3,186,186,0,0.0
expression,CIITA_3,186,186,0,0.0
expression,CILK1_3,186,186,0,0.0
expression,CILP_3,186,186,0,0.0
expression,CILP2_3,186,186,0,0.0
expression,CINP_3,186,186,0,0.0
expression,CIP2A_3,186,186,0,0.0
expression,CIPC_3,186,186,0,0.0
expression,CIR1_3,186,186,0,0.0
expression,CIRBP_3,186,186,0,0.0
expression,CISD1_3,186,186,0,0.0
expression,CISD2_3,186,186,0,0.0
expression,CISH_3,186,186,0,0.0
expression,CIT_3,186,186,0,0.0
expression,CITED2_3,186,186,0,0.0
expression,CIZ1_3,186,186,0,0.0
expression,CKAP2_3,186,186,0,0.0
expression,CKAP2L_3,186,186,0,0.0
expression,CKAP4_3,186,186,0,0.0
expression,CKAP5_3,186,186,0,0.0
expression,CKS1B_3,186,186,0,0.0
expression,CKS2_3,186,186,0,0.0
expression,CLASP1_3,186,186,0,0.0
expression,CLASP2_3,186,186,0,0.0
expression,CLCC1_3,186,186,0,0.0
expression,CLCF1_3,186,186,0,0.0
expression,CLCN2_3,186,186,0,0.0
expression,CLCN3_3,186,186,0,0.0
expression,CLCN4_3,186,186,0,0.0
expression,CLCN5_3,186,186,0,0.0
expression,CLCN6_3,186,186,0,0.0
expression,CLCN7_3,186,186,0,0.0
expression,CLDN11_3,186,186,0,0.0
expression,CLDN12_3,186,186,0,0.0
expression,CLDN15_3,186,186,0,0.0
expression,CLDN34_3,186,186,0,0.0
expression,CLDN5_3,186,186,0,0.0
expression,CLDND1_3,186,186,0,0.0
expression,CLEC11A_3,186,186,0,0.0
expression,CLEC12A_3,186,186,0,0.0
expression,CLEC14A_3,186,186,0,0.0
expression,CLEC16A_3,186,186,0,0.0
expression,CLEC1A_3,186,186,0,0.0
expression,CLEC5A_3,186,186,0,0.0
expression,CLEC7A_3,186,186,0,0.0
expression,CLIC1_3,186,186,0,0.0
expression,CLIC2_3,186,186,0,0.0
expression,CLIC4_3,186,186,0,0.0
expression,CLIC5_3,186,186,0,0.0
expression,CLINT1_3,186,186,0,0.0
expression,CLIP1_3,186,186,0,0.0
expression,CLIP2_3,186,186,0,0.0
expression,CLIP3_3,186,186,0,0.0
expression,CLIP4_3,186,186,0,0.0
expression,CLK1_3,186,186,0,0.0
expression,CLK2_3,186,186,0,0.0
expression,CLK3_3,186,186,0,0.0
expression,CLK4_3,186,186,0,0.0
expression,CLMN_3,186,186,0,0.0
expression,CLMP_3,186,186,0,0.0
expression,CLN3_3,186,186,0,0.0
expression,CLN5_3,186,186,0,0.0
expression,CLN6_3,186,186,0,0.0
expression,CLN8_3,186,186,0,0.0
expression,CLNS1A_3,186,186,0,0.0
expression,CLOCK_3,186,186,0,0.0
expression,CLP1_3,186,186,0,0.0
expression,CLPB_3,186,186,0,0.0
expression,CLPP_3,186,186,0,0.0
expression,CLPTM1_3,186,186,0,0.0
expression,CLPTM1L_3,186,186,0,0.0
expression,CLPX_3,186,186,0,0.0
expression,CLSPN_3,186,186,0,0.0
expression,CLSTN2_3,186,186,0,0.0
expression,CLSTN3_3,186,186,0,0.0
expression,CLTA_3,186,186,0,0.0
expression,CLTB_3,186,186,0,0.0
expression,CLTC_3,186,186,0,0.0
expression,CLTCL1_3,186,186,0,0.0
expression,CLU_3,186,186,0,0.0
expression,CLUAP1_3,186,186,0,0.0
expression,CLUH_3,186,186,0,0.0
expression,CLYBL_3,186,186,0,0.0
expression,CMAS_3,186,186,0,0.0
expression,CMBL_3,186,186,0,0.0
expression,CMC1_3,186,186,0,0.0
expression,CMC2_3,186,186,0,0.0
expression,CMC4_3,186,186,0,0.0
expression,CMIP_3,186,186,0,0.0
expression,CMKLR1_3,186,186,0,0.0
expression,CMPK1_3,186,186,0,0.0
expression,CMPK2_3,186,186,0,0.0
expression,CMSS1_3,186,186,0,0.0
expression,CMSS1_4,186,186,0,0.0
expression,CMTM3_3,186,186,0,0.0
expression,CMTM4_3,186,186,0,0.0
expression,CMTM6_3,186,186,0,0.0
expression,CMTM7_3,186,186,0,0.0
expression,CMTM8_3,186,186,0,0.0
expression,CMTR1_3,186,186,0,0.0
expression,CMTR2_3,186,186,0,0.0
expression,CNBP_3,186,186,0,0.0
expression,CNDP2_3,186,186,0,0.0
expression,CNEP1R1_3,186,186,0,0.0
expression,CNIH1_3,186,186,0,0.0
expression,CNIH2_3,186,186,0,0.0
expression,CNIH4_3,186,186,0,0.0
expression,CNKSR1_3,186,186,0,0.0
expression,CNKSR3_3,186,186,0,0.0
expression,CNN2_3,186,186,0,0.0
expression,CNN3_3,186,186,0,0.0
expression,CNNM2_3,186,186,0,0.0
expression,CNNM3_3,186,186,0,0.0
expression,CNNM4_3,186,186,0,0.0
expression,CNOT1_3,186,186,0,0.0
expression,CNOT10_3,186,186,0,0.0
expression,CNOT11_3,186,186,0,0.0
expression,CNOT2_3,186,186,0,0.0
expression,CNOT3_3,186,186,0,0.0
expression,CNOT4_3,186,186,0,0.0
expression,CNOT6_3,186,186,0,0.0
expression,CNOT6L_3,186,186,0,0.0
expression,CNOT7_3,186,186,0,0.0
expression,CNOT8_3,186,186,0,0.0
expression,CNOT9_3,186,186,0,0.0
expression,CNP_3,186,186,0,0.0
expression,CNPPD1_3,186,186,0,0.0
expression,CNPY2_3,186,186,0,0.0
expression,CNPY3_3,186,186,0,0.0
expression,CNPY4_3,186,186,0,0.0
expression,CNRIP1_3,186,186,0,0.0
expression,CNST_3,186,186,0,0.0
expression,CNTF_3,186,186,0,0.0
expression,CNTLN_3,186,186,0,0.0
expression,CNTNAP1_3,186,186,0,0.0
expression,CNTRL_3,186,186,0,0.0
expression,CNTROB_3,186,186,0,0.0
expression,COA1_3,186,186,0,0.0
expression,COA5_3,186,186,0,0.0
expression,COA6_3,186,186,0,0.0
expression,COA7_3,186,186,0,0.0
expression,COA8_3,186,186,0,0.0
expression,COASY_3,186,186,0,0.0
expression,COBLL1_3,186,186,0,0.0
expression,COCH_3,186,186,0,0.0
expression,COG1_3,186,186,0,0.0
expression,COG3_3,186,186,0,0.0
expression,COG4_3,186,186,0,0.0
expression,COG5_3,186,186,0,0.0
expression,COG6_3,186,186,0,0.0
expression,COG7_3,186,186,0,0.0
expression,COG8_3,186,186,0,0.0
expression,COIL_3,186,186,0,0.0
expression,COL11A1_3,186,186,0,0.0
expression,COL11A2_3,186,186,0,0.0
expression,COL12A1_3,186,186,0,0.0
expression,COL13A1_3,186,186,0,0.0
expression,COL14A1_3,186,186,0,0.0
expression,COL15A1_3,186,186,0,0.0
expression,COL16A1_3,186,186,0,0.0
expression,COL17A1_3,186,186,0,0.0
expression,COL18A1_3,186,186,0,0.0
expression,COL1A1_3,186,186,0,0.0
expression,COL1A2_3,186,186,0,0.0
expression,COL21A1_3,186,186,0,0.0
expression,COL24A1_3,186,186,0,0.0
expression,COL27A1_3,186,186,0,0.0
expression,COL3A1_3,186,186,0,0.0
expression,COL4A1_3,186,186,0,0.0
expression,COL4A2_3,186,186,0,0.0
expression,COL5A1_3,186,186,0,0.0
expression,COL5A2_3,186,186,0,0.0
expression,COL5A3_3,186,186,0,0.0
expression,COL6A1_3,186,186,0,0.0
expression,COL6A2_3,186,186,0,0.0
expression,COL6A3_3,186,186,0,0.0
expression,COL7A1_3,186,186,0,0.0
expression,COL8A2_3,186,186,0,0.0
expression,COL9A2_3,186,186,0,0.0
expression,COLEC12_3,186,186,0,0.0
expression,COLGALT1_3,186,186,0,0.0
expression,COLGALT2_3,186,186,0,0.0
expression,COMMD1_3,186,186,0,0.0
expression,COMMD10_3,186,186,0,0.0
expression,COMMD2_3,186,186,0,0.0
expression,COMMD3_3,186,186,0,0.0
expression,COMMD4_3,186,186,0,0.0
expression,COMMD5_3,186,186,0,0.0
expression,COMMD6_3,186,186,0,0.0
expression,COMMD7_3,186,186,0,0.0
expression,COMMD8_2,186,186,0,0.0
expression,COMMD9_3,186,186,0,0.0
expression,COMP_3,186,186,0,0.0
expression,COMT_3,186,186,0,0.0
expression,COMTD1_3,186,186,0,0.0
expression,COP1_3,186,186,0,0.0
expression,COPA_3,186,186,0,0.0
expression,COPB1_3,186,186,0,0.0
expression,COPB2_3,186,186,0,0.0
expression,COPE_3,186,186,0,0.0
expression,COPG1_3,186,186,0,0.0
expression,COPG2_3,186,186,0,0.0
expression,COPRS_3,186,186,0,0.0
expression,COPS2_3,186,186,0,0.0
expression,COPS3_3,186,186,0,0.0
expression,COPS4_3,186,186,0,0.0
expression,COPS5_3,186,186,0,0.0
expression,COPS6_3,186,186,0,0.0
expression,COPS7A_3,186,186,0,0.0
expression,COPS7B_3,186,186,0,0.0
expression,COPS8_3,186,186,0,0.0
expression,COPS9_3,186,186,0,0.0
expression,COPZ1_3,186,186,0,0.0
expression,COPZ2_3,186,186,0,0.0
expression,COQ10A_3,186,186,0,0.0
expression,COQ10B_3,186,186,0,0.0
expression,COQ2_3,186,186,0,0.0
expression,COQ3_4,186,186,0,0.0
expression,COQ4_3,186,186,0,0.0
expression,COQ5_3,186,186,0,0.0
expression,COQ6_3,186,186,0,0.0
expression,COQ7_3,186,186,0,0.0
expression,COQ8A_3,186,186,0,0.0
expression,COQ8B_3,186,186,0,0.0
expression,COQ9_3,186,186,0,0.0
expression,CORO1A_3,186,186,0,0.0
expression,CORO1B_3,186,186,0,0.0
expression,CORO1C_3,186,186,0,0.0
expression,CORO2A_3,186,186,0,0.0
expression,CORO2B_3,186,186,0,0.0
expression,CORO6_3,186,186,0,0.0
expression,COTL1_3,186,186,0,0.0
expression,COX10_3,186,186,0,0.0
expression,COX11_3,186,186,0,0.0
expression,COX14_3,186,186,0,0.0
expression,COX15_3,186,186,0,0.0
expression,COX17_3,186,186,0,0.0
expression,COX18_3,186,186,0,0.0
expression,COX19_3,186,186,0,0.0
expression,COX20_3,186,186,0,0.0
expression,COX4I1_3,186,186,0,0.0
expression,COX4I2_3,186,186,0,0.0
expression,COX5A_3,186,186,0,0.0
expression,COX5B_3,186,186,0,0.0
expression,COX7A1_3,186,186,0,0.0
expression,COX7A2L_3,186,186,0,0.0
expression,COX8A_3,186,186,0,0.0
expression,CPA2_3,186,186,0,0.0
expression,CPAMD8_3,186,186,0,0.0
expression,CPD_3,186,186,0,0.0
expression,CPE_3,186,186,0,0.0
expression,CPEB1_3,186,186,0,0.0
expression,CPEB2_3,186,186,0,0.0
expression,CPEB3_3,186,186,0,0.0
expression,CPEB4_3,186,186,0,0.0
expression,CPED1_3,186,186,0,0.0
expression,CPLANE1_3,186,186,0,0.0
expression,CPLANE2_3,186,186,0,0.0
expression,CPLX2_3,186,186,0,0.0
expression,CPM_3,186,186,0,0.0
expression,CPNE1_3,186,186,0,0.0
expression,CPNE2_3,186,186,0,0.0
expression,CPNE3_3,186,186,0,0.0
expression,CPNE8_3,186,186,0,0.0
expression,CPOX_3,186,186,0,0.0
expression,CPPED1_3,186,186,0,0.0
expression,CPQ_3,186,186,0,0.0
expression,CPSF1_3,186,186,0,0.0
expression,CPSF2_3,186,186,0,0.0
expression,CPSF3_3,186,186,0,0.0
expression,CPSF4_3,186,186,0,0.0
expression,CPSF6_3,186,186,0,0.0
expression,CPSF7_3,186,186,0,0.0
expression,CPT1A_3,186,186,0,0.0
expression,CPT1B_3,186,186,0,0.0
expression,CPT1C_3,186,186,0,0.0
expression,CPT2_3,186,186,0,0.0
expression,CPTP_3,186,186,0,0.0
expression,CPZ_3,186,186,0,0.0
expression,CRABP2_3,186,186,0,0.0
expression,CRACR2A_3,186,186,0,0.0
expression,CRACR2B_3,186,186,0,0.0
expression,CRADD_3,186,186,0,0.0
expression,CRAMP1_3,186,186,0,0.0
expression,CRAT_3,186,186,0,0.0
expression,CRBN_3,186,186,0,0.0
expression,CRCP_3,186,186,0,0.0
expression,CREB1_3,186,186,0,0.0
expression,CREB3_3,186,186,0,0.0
expression,CREB3L1_3,186,186,0,0.0
expression,CREB3L2_3,186,186,0,0.0
expression,CREB3L4_3,186,186,0,0.0
expression,CREB5_3,186,186,0,0.0
expression,CREBBP_3,186,186,0,0.0
expression,CREBL2_3,186,186,0,0.0
expression,CREBRF_3,186,186,0,0.0
expression,CREBZF_2,186,186,0,0.0
expression,CREG1_3,186,186,0,0.0
expression,CREG2_3,186,186,0,0.0
expression,CRELD1_3,186,186,0,0.0
expression,CRELD2_3,186,186,0,0.0
expression,CREM_3,186,186,0,0.0
expression,CRIM1_3,186,186,0,0.0
expression,CRIP1_3,186,186,0,0.0
expression,CRIP2_3,186,186,0,0.0
expression,CRIP3_5,186,186,0,0.0
expression,CRIPT_3,186,186,0,0.0
expression,CRISPLD2_3,186,186,0,0.0
expression,CRK_3,186,186,0,0.0
expression,CRKL_3,186,186,0,0.0
expression,CRLF1_3,186,186,0,0.0
expression,CRLF2_3,186,186,0,0.0
expression,CRLF3_3,186,186,0,0.0
expression,CRLS1_3,186,186,0,0.0
expression,CRNKL1_3,186,186,0,0.0
expression,CROCC_3,186,186,0,0.0
expression,CROT_3,186,186,0,0.0
expression,CRPPA_3,186,186,0,0.0
expression,CRTAC1_3,186,186,0,0.0
expression,CRTAP_3,186,186,0,0.0
expression,CRTC1_3,186,186,0,0.0
expression,CRTC2_3,186,186,0,0.0
expression,CRTC3_3,186,186,0,0.0
expression,CRY1_3,186,186,0,0.0
expression,CRY2_3,186,186,0,0.0
expression,CRYAB_3,186,186,0,0.0
expression,CRYBG1_3,186,186,0,0.0
expression,CRYBG3_3,186,186,0,0.0
expression,CRYL1_3,186,186,0,0.0
expression,CRYZ_3,186,186,0,0.0
expression,CRYZL1_3,186,186,0,0.0
expression,CS_3,186,186,0,0.0
expression,CSAD_3,186,186,0,0.0
expression,CSDC2_3,186,186,0,0.0
expression,CSDE1_3,186,186,0,0.0
expression,CSE1L_3,186,186,0,0.0
expression,CSF1_3,186,186,0,0.0
expression,CSF1R_3,186,186,0,0.0
expression,CSF2RA_3,186,186,0,0.0
expression,CSF2RB_3,186,186,0,0.0
expression,CSF3R_3,186,186,0,0.0
expression,CSGALNACT1_3,186,186,0,0.0
expression,CSGALNACT2_3,186,186,0,0.0
expression,CSK_3,186,186,0,0.0
expression,CSKMT_3,186,186,0,0.0
expression,CSNK1A1_3,186,186,0,0.0
expression,CSNK1D_3,186,186,0,0.0
expression,CSNK1E_3,186,186,0,0.0
expression,CSNK1G1_3,186,186,0,0.0
expression,CSNK1G2_3,186,186,0,0.0
expression,CSNK1G3_3,186,186,0,0.0
expression,CSNK2A1_3,186,186,0,0.0
expression,CSNK2A2_3,186,186,0,0.0
expression,CSNK2B_3,186,186,0,0.0
expression,CSPG4_3,186,186,0,0.0
expression,CSPG4B_3,186,186,0,0.0
expression,CSPG5_3,186,186,0,0.0
expression,CSPP1_3,186,186,0,0.0
expression,CSRNP1_3,186,186,0,0.0
expression,CSRNP2_3,186,186,0,0.0
expression,CSRP1_3,186,186,0,0.0
expression,CSRP2_3,186,186,0,0.0
expression,CST7_3,186,186,0,0.0
expression,CSTB_3,186,186,0,0.0
expression,CSTF1_3,186,186,0,0.0
expression,CSTF2_3,186,186,0,0.0
expression,CSTF2T_3,186,186,0,0.0
expression,CSTF3_3,186,186,0,0.0
expression,CTBP1_3,186,186,0,0.0
expression,CTBP2_3,186,186,0,0.0
expression,CTC1_3,186,186,0,0.0
expression,CTCF_3,186,186,0,0.0
expression,CTDNEP1_3,186,186,0,0.0
expression,CTDP1_3,186,186,0,0.0
expression,CTDSP1_3,186,186,0,0.0
expression,CTDSP2_3,186,186,0,0.0
expression,CTDSPL_3,186,186,0,0.0
expression,CTDSPL2_3,186,186,0,0.0
expression,CTH_3,186,186,0,0.0
expression,CTHRC1_3,186,186,0,0.0
expression,CTIF_3,186,186,0,0.0
expression,CTNNA1_3,186,186,0,0.0
expression,CTNNAL1_3,186,186,0,0.0
expression,CTNNB1_3,186,186,0,0.0
expression,CTNNBL1_3,186,186,0,0.0
expression,CTNND1_3,186,186,0,0.0
expression,CTNS_3,186,186,0,0.0
expression,CTPS1_3,186,186,0,0.0
expression,CTPS2_3,186,186,0,0.0
expression,CTR9_3,186,186,0,0.0
expression,CTSA_3,186,186,0,0.0
expression,CTSB_3,186,186,0,0.0
expression,CTSC_3,186,186,0,0.0
expression,CTSD_3,186,186,0,0.0
expression,CTSF_3,186,186,0,0.0
expression,CTSH_3,186,186,0,0.0
expression,CTSK_3,186,186,0,0.0
expression,CTSO_3,186,186,0,0.0
expression,CTSS_3,186,186,0,0.0
expression,CTSV_3,186,186,0,0.0
expression,CTSZ_3,186,186,0,0.0
expression,CTTN_3,186,186,0,0.0
expression,CTTNBP2_3,186,186,0,0.0
expression,CTU2_3,186,186,0,0.0
expression,CUBN_3,186,186,0,0.0
expression,CUEDC1_3,186,186,0,0.0
expression,CUEDC2_3,186,186,0,0.0
expression,CUL1_3,186,186,0,0.0
expression,CUL2_3,186,186,0,0.0
expression,CUL3_3,186,186,0,0.0
expression,CUL4A_3,186,186,0,0.0
expression,CUL4B_3,186,186,0,0.0
expression,CUL5_3,186,186,0,0.0
expression,CUL7_3,186,186,0,0.0
expression,CUL9_3,186,186,0,0.0
expression,CUTA_3,186,186,0,0.0
expression,CUTC_3,186,186,0,0.0
expression,CUX1_4,186,186,0,0.0
expression,CWC15_3,186,186,0,0.0
expression,CWC22_3,186,186,0,0.0
expression,CWC25_3,186,186,0,0.0
expression,CWC27_3,186,186,0,0.0
expression,CWF19L1_3,186,186,0,0.0
expression,CWF19L2_3,186,186,0,0.0
expression,CX3CL1_3,186,186,0,0.0
expression,CXADR_3,186,186,0,0.0
expression,CXCL12_3,186,186,0,0.0
expression,CXCL14_3,186,186,0,0.0
expression,CXCL16_3,186,186,0,0.0
expression,CXCL8_3,186,186,0,0.0
expression,CXHXorf38_3,186,186,0,0.0
expression,CXXC1_3,186,186,0,0.0
expression,CXXC5_3,186,186,0,0.0
expression,CYB561_3,186,186,0,0.0
expression,CYB561A3_3,186,186,0,0.0
expression,CYB561D1_3,186,186,0,0.0
expression,CYB561D2_3,186,186,0,0.0
expression,CYB5B_3,186,186,0,0.0
expression,CYB5D1_3,186,186,0,0.0
expression,CYB5D2_3,186,186,0,0.0
expression,CYB5R1_3,186,186,0,0.0
expression,CYB5R3_3,186,186,0,0.0
expression,CYB5R4_3,186,186,0,0.0
expression,CYB5RL_3,186,186,0,0.0
expression,CYBA_3,186,186,0,0.0
expression,CYBB_3,186,186,0,0.0
expression,CYBC1_3,186,186,0,0.0
expression,CYBRD1_3,186,186,0,0.0
expression,CYC1_3,186,186,0,0.0
expression,CYCS_3,186,186,0,0.0
expression,CYFIP1_3,186,186,0,0.0
expression,CYFIP2_3,186,186,0,0.0
expression,CYGB_3,186,186,0,0.0
expression,CYHR1_3,186,186,0,0.0
expression,CYLD_3,186,186,0,0.0
expression,CYP1B1_3,186,186,0,0.0
expression,CYP20A1_3,186,186,0,0.0
expression,CYP26B1_3,186,186,0,0.0
expression,CYP27A1_3,186,186,0,0.0
expression,CYP27C1_3,186,186,0,0.0
expression,CYP2S1_3,186,186,0,0.0
expression,CYP2U1_3,186,186,0,0.0
expression,CYP39A1_3,186,186,0,0.0
expression,CYP46A1_3,186,186,0,0.0
expression,CYP4V2_3,186,186,0,0.0
expression,CYP51A1_3,186,186,0,0.0
expression,CYP7B1_3,186,186,0,0.0
expression,CYREN_3,186,186,0,0.0
expression,CYRIA_3,186,186,0,0.0
expression,CYRIB_3,186,186,0,0.0
expression,CYS1_3,186,186,0,0.0
expression,CYSTM1_3,186,186,0,0.0
expression,CYTH1_3,186,186,0,0.0
expression,CYTH2_3,186,186,0,0.0
expression,CYTH3_3,186,186,0,0.0
expression,CYTH4_3,186,186,0,0.0
expression,CYTIP_3,186,186,0,0.0
expression,CYYR1_3,186,186,0,0.0
expression,CZIB_3,186,186,0,0.0
expression,D2HGDH_3,186,186,0,0.0
expression,DAAM1_3,186,186,0,0.0
expression,DAAM2_3,186,186,0,0.0
expression,DAB2_3,186,186,0,0.0
expression,DAB2IP_3,186,186,0,0.0
expression,DACH1_3,186,186,0,0.0
expression,DACT1_3,186,186,0,0.0
expression,DACT3_3,186,186,0,0.0
expression,DAD1_3,186,186,0,0.0
expression,DAG1_3,186,186,0,0.0
expression,DAGLA_3,186,186,0,0.0
expression,DAGLB_3,186,186,0,0.0
expression,DALRD3_3,186,186,0,0.0
expression,DAP3_3,186,186,0,0.0
expression,DAPK1_3,186,186,0,0.0
expression,DAPK2_3,186,186,0,0.0
expression,DAPK3_3,186,186,0,0.0
expression,DAPP1_3,186,186,0,0.0
expression,DARS1_3,186,186,0,0.0
expression,DARS2_3,186,186,0,0.0
expression,DAXX_3,186,186,0,0.0
expression,DAZAP1_3,186,186,0,0.0
expression,DAZAP2_3,186,186,0,0.0
expression,DBF4_3,186,186,0,0.0
expression,DBF4B_3,186,186,0,0.0
expression,DBI_3,186,186,0,0.0
expression,DBN1_3,186,186,0,0.0
expression,DBNDD2_3,186,186,0,0.0
expression,DBNL_3,186,186,0,0.0
expression,DBP_3,186,186,0,0.0
expression,DBR1_3,186,186,0,0.0
expression,DBT_3,186,186,0,0.0
expression,DCAF1_3,186,186,0,0.0
expression,DCAF10_3,186,186,0,0.0
expression,DCAF11_3,186,186,0,0.0
expression,DCAF12_3,186,186,0,0.0
expression,DCAF13_3,186,186,0,0.0
expression,DCAF15_3,186,186,0,0.0
expression,DCAF16_3,186,186,0,0.0
expression,DCAF17_3,186,186,0,0.0
expression,DCAF4_3,186,186,0,0.0
expression,DCAF5_3,186,186,0,0.0
expression,DCAF6_3,186,186,0,0.0
expression,DCAF7_3,186,186,0,0.0
expression,DCAF8_3,186,186,0,0.0
expression,DCAKD_3,186,186,0,0.0
expression,DCBLD1_3,186,186,0,0.0
expression,DCBLD2_3,186,186,0,0.0
expression,DCHS1_3,186,186,0,0.0
expression,DCK_3,186,186,0,0.0
expression,DCLK1_3,186,186,0,0.0
expression,DCLK2_3,186,186,0,0.0
expression,DCLRE1A_3,186,186,0,0.0
expression,DCLRE1B_3,186,186,0,0.0
expression,DCLRE1C_3,186,186,0,0.0
expression,DCN_3,186,186,0,0.0
expression,DCP1A_3,186,186,0,0.0
expression,DCP1B_3,186,186,0,0.0
expression,DCP2_3,186,186,0,0.0
expression,DCPS_3,186,186,0,0.0
expression,DCTN1_3,186,186,0,0.0
expression,DCTN2_3,186,186,0,0.0
expression,DCTN3_3,186,186,0,0.0
expression,DCTN4_3,186,186,0,0.0
expression,DCTN5_3,186,186,0,0.0
expression,DCTN6_3,186,186,0,0.0
expression,DCTPP1_3,186,186,0,0.0
expression,DCUN1D1_3,186,186,0,0.0
expression,DCUN1D2_3,186,186,0,0.0
expression,DCUN1D3_3,186,186,0,0.0
expression,DCUN1D4_3,186,186,0,0.0
expression,DCUN1D5_3,186,186,0,0.0
expression,DCXR_3,186,186,0,0.0
expression,DDA1_3,186,186,0,0.0
expression,DDAH1_3,186,186,0,0.0
expression,DDAH2_3,186,186,0,0.0
expression,DDB1_3,186,186,0,0.0
expression,DDB2_3,186,186,0,0.0
expression,DDHD1_3,186,186,0,0.0
expression,DDHD2_3,186,186,0,0.0
expression,DDI2_3,186,186,0,0.0
expression,DDIAS_3,186,186,0,0.0
expression,DDIT3_3,186,186,0,0.0
expression,DDIT4_3,186,186,0,0.0
expression,DDIT4L_3,186,186,0,0.0
expression,DDOST_3,186,186,0,0.0
expression,DDR1_3,186,186,0,0.0
expression,DDR2_3,186,186,0,0.0
expression,DDRGK1_3,186,186,0,0.0
expression,DDT_3,186,186,0,0.0
expression,DDX1_3,186,186,0,0.0
expression,DDX10_3,186,186,0,0.0
expression,DDX11_3,186,186,0,0.0
expression,DDX17_3,186,186,0,0.0
expression,DDX18_3,186,186,0,0.0
expression,DDX19A_3,186,186,0,0.0
expression,DDX19B_3,186,186,0,0.0
expression,DDX20_3,186,186,0,0.0
expression,DDX21_3,186,186,0,0.0
expression,DDX23_3,186,186,0,0.0
expression,DDX24_3,186,186,0,0.0
expression,DDX27_3,186,186,0,0.0
expression,DDX28_3,186,186,0,0.0
expression,DDX31_3,186,186,0,0.0
expression,DDX39A_3,186,186,0,0.0
expression,DDX39B_3,186,186,0,0.0
expression,DDX3X_3,186,186,0,0.0
expression,DDX41_3,186,186,0,0.0
expression,DDX42_3,186,186,0,0.0
expression,DDX46_3,186,186,0,0.0
expression,DDX47_3,186,186,0,0.0
expression,DDX49_3,186,186,0,0.0
expression,DDX5_3,186,186,0,0.0
expression,DDX50_3,186,186,0,0.0
expression,DDX51_3,186,186,0,0.0
expression,DDX52_3,186,186,0,0.0
expression,DDX54_3,186,186,0,0.0
expression,DDX55_3,186,186,0,0.0
expression,DDX56_3,186,186,0,0.0
expression,DDX58_3,186,186,0,0.0
expression,DDX59_3,186,186,0,0.0
expression,DDX6_3,186,186,0,0.0
expression,DDX60_3,186,186,0,0.0
expression,DEAF1_3,186,186,0,0.0
expression,DECR1_3,186,186,0,0.0
expression,DECR2_3,186,186,0,0.0
expression,DEDD_3,186,186,0,0.0
expression,DEDD2_3,186,186,0,0.0
expression,DEF6_3,186,186,0,0.0
expression,DEF8_3,186,186,0,0.0
expression,DEGS1_3,186,186,0,0.0
expression,DEK_3,186,186,0,0.0
expression,DELE1_3,186,186,0,0.0
expression,DENND10_3,186,186,0,0.0
expression,DENND11_3,186,186,0,0.0
expression,DENND1A_3,186,186,0,0.0
expression,DENND1B_3,186,186,0,0.0
expression,DENND1C_3,186,186,0,0.0
expression,DENND2A_3,186,186,0,0.0
expression,DENND2B_3,186,186,0,0.0
expression,DENND2C_3,186,186,0,0.0
expression,DENND2D_3,186,186,0,0.0
expression,DENND3_3,186,186,0,0.0
expression,DENND4A_3,186,186,0,0.0
expression,DENND4B_3,186,186,0,0.0
expression,DENND4C_3,186,186,0,0.0
expression,DENND5A_3,186,186,0,0.0
expression,DENND5B_3,186,186,0,0.0
expression,DENND6A_3,186,186,0,0.0
expression,DENND6B_3,186,186,0,0.0
expression,DENR_3,186,186,0,0.0
expression,DEPDC1_3,186,186,0,0.0
expression,DEPDC1B_3,186,186,0,0.0
expression,DEPDC5_3,186,186,0,0.0
expression,DEPP1_3,186,186,0,0.0
expression,DEPTOR_3,186,186,0,0.0
expression,DERA_3,186,186,0,0.0
expression,DERL1_3,186,186,0,0.0
expression,DERL2_3,186,186,0,0.0
expression,DERPC_3,186,186,0,0.0
expression,DES_3,186,186,0,0.0
expression,DESI1_3,186,186,0,0.0
expression,DESI2_3,186,186,0,0.0
expression,DET1_3,186,186,0,0.0
expression,DEXI_3,186,186,0,0.0
expression,DFFA_3,186,186,0,0.0
expression,DFFB_3,186,186,0,0.0
expression,DGAT1_3,186,186,0,0.0
expression,DGAT2_3,186,186,0,0.0
expression,DGCR2_3,186,186,0,0.0
expression,DGKA_3,186,186,0,0.0
expression,DGKD_3,186,186,0,0.0
expression,DGKE_3,186,186,0,0.0
expression,DGKH_3,186,186,0,0.0
expression,DGKI_3,186,186,0,0.0
expression,DGKQ_3,186,186,0,0.0
expression,DGKZ_3,186,186,0,0.0
expression,DGUOK_3,186,186,0,0.0
expression,DHCR24_3,186,186,0,0.0
expression,DHCR7_3,186,186,0,0.0
expression,DHDDS_3,186,186,0,0.0
expression,DHDH_3,186,186,0,0.0
expression,DHFR_3,186,186,0,0.0
expression,DHODH_3,186,186,0,0.0
expression,DHPS_3,186,186,0,0.0
expression,DHRS1_3,186,186,0,0.0
expression,DHRS11_3,186,186,0,0.0
expression,DHRS13_3,186,186,0,0.0
expression,DHRS3_3,186,186,0,0.0
expression,DHRS4_3,186,186,0,0.0
expression,DHRS7_3,186,186,0,0.0
expression,DHRS7B_3,186,186,0,0.0
expression,DHRSX_3,186,186,0,0.0
expression,DHTKD1_3,186,186,0,0.0
expression,DHX15_3,186,186,0,0.0
expression,DHX16_3,186,186,0,0.0
expression,DHX29_3,186,186,0,0.0
expression,DHX30_3,186,186,0,0.0
expression,DHX32_3,186,186,0,0.0
expression,DHX33_3,186,186,0,0.0
expression,DHX34_3,186,186,0,0.0
expression,DHX35_3,186,186,0,0.0
expression,DHX36_3,186,186,0,0.0
expression,DHX37_3,186,186,0,0.0
expression,DHX38_3,186,186,0,0.0
expression,DHX40_3,186,186,0,0.0
expression,DHX57_3,186,186,0,0.0
expression,DHX58_3,186,186,0,0.0
expression,DHX8_3,186,186,0,0.0
expression,DHX9_3,186,186,0,0.0
expression,DIABLO_3,186,186,0,0.0
expression,DIAPH1_3,186,186,0,0.0
expression,DIAPH2_3,186,186,0,0.0
expression,DIAPH3_3,186,186,0,0.0
expression,DICER1_3,186,186,0,0.0
expression,DIDO1_3,186,186,0,0.0
expression,DIMT1_3,186,186,0,0.0
expression,DIP2A_3,186,186,0,0.0
expression,DIP2B_3,186,186,0,0.0
expression,DIP2C_3,186,186,0,0.0
expression,DIPK1A_3,186,186,0,0.0
expression,DIPK2A_3,186,186,0,0.0
expression,DIPK2B_3,186,186,0,0.0
expression,DIS3_3,186,186,0,0.0
expression,DIS3L_3,186,186,0,0.0
expression,DIS3L2_3,186,186,0,0.0
expression,DISC1_3,186,186,0,0.0
expression,DISP1_3,186,186,0,0.0
expression,DISP3_3,186,186,0,0.0
expression,DIXDC1_3,186,186,0,0.0
expression,DKC1_3,186,186,0,0.0
expression,DKK2_3,186,186,0,0.0
expression,DKK3_3,186,186,0,0.0
expression,DKKL1_3,186,186,0,0.0
expression,DLA-64_3,186,186,0,0.0
expression,DLA-79_3,186,186,0,0.0
expression,DLA-DMA_3,186,186,0,0.0
expression,DLA-DMB_3,186,186,0,0.0
expression,DLA-DQA1_3,186,186,0,0.0
expression,DLA-DQB1_3,186,186,0,0.0
expression,DLA-DRA_3,186,186,0,0.0
expression,DLA88_3,186,186,0,0.0
expression,DLAT_3,186,186,0,0.0
expression,DLC1_3,186,186,0,0.0
expression,DLD_3,186,186,0,0.0
expression,DLEC1_3,186,186,0,0.0
expression,DLG1_3,186,186,0,0.0
expression,DLG2_3,186,186,0,0.0
expression,DLG4_3,186,186,0,0.0
expression,DLG5_3,186,186,0,0.0
expression,DLGAP4_3,186,186,0,0.0
expression,DLGAP5_3,186,186,0,0.0
expression,DLL1_3,186,186,0,0.0
expression,DLL4_3,186,186,0,0.0
expression,DLST_3,186,186,0,0.0
expression,DLX3_3,186,186,0,0.0
expression,DLX4_3,186,186,0,0.0
expression,DLX5_3,186,186,0,0.0
expression,DMAC1_3,186,186,0,0.0
expression,DMAC2_3,186,186,0,0.0
expression,DMAC2L_3,186,186,0,0.0
expression,DMAP1_3,186,186,0,0.0
expression,DMD_3,186,186,0,0.0
expression,DMPK_3,186,186,0,0.0
expression,DMTF1_3,186,186,0,0.0
expression,DMWD_3,186,186,0,0.0
expression,DMXL1_3,186,186,0,0.0
expression,DMXL2_3,186,186,0,0.0
expression,DNA2_3,186,186,0,0.0
expression,DNAAF2_3,186,186,0,0.0
expression,DNAAF3_3,186,186,0,0.0
expression,DNAAF4_3,186,186,0,0.0
expression,DNAAF5_3,186,186,0,0.0
expression,DNAH10_3,186,186,0,0.0
expression,DNAI4_3,186,186,0,0.0
expression,DNAJA2_3,186,186,0,0.0
expression,DNAJA3_3,186,186,0,0.0
expression,DNAJA4_3,186,186,0,0.0
expression,DNAJB1_3,186,186,0,0.0
expression,DNAJB11_3,186,186,0,0.0
expression,DNAJB12_3,186,186,0,0.0
expression,DNAJB14_3,186,186,0,0.0
expression,DNAJB2_3,186,186,0,0.0
expression,DNAJB4_3,186,186,0,0.0
expression,DNAJB5_3,186,186,0,0.0
expression,DNAJB6_3,186,186,0,0.0
expression,DNAJB9_3,186,186,0,0.0
expression,DNAJC1_3,186,186,0,0.0
expression,DNAJC10_3,186,186,0,0.0
expression,DNAJC11_3,186,186,0,0.0
expression,DNAJC13_3,186,186,0,0.0
expression,DNAJC14_3,186,186,0,0.0
expression,DNAJC15_3,186,186,0,0.0
expression,DNAJC16_3,186,186,0,0.0
expression,DNAJC17_3,186,186,0,0.0
expression,DNAJC18_3,186,186,0,0.0
expression,DNAJC19_3,186,186,0,0.0
expression,DNAJC2_3,186,186,0,0.0
expression,DNAJC21_3,186,186,0,0.0
expression,DNAJC24_3,186,186,0,0.0
expression,DNAJC25_3,186,186,0,0.0
expression,DNAJC27_3,186,186,0,0.0
expression,DNAJC28_3,186,186,0,0.0
expression,DNAJC3_3,186,186,0,0.0
expression,DNAJC30_3,186,186,0,0.0
expression,DNAJC4_3,186,186,0,0.0
expression,DNAJC7_3,186,186,0,0.0
expression,DNAJC8_3,186,186,0,0.0
expression,DNAJC9_3,186,186,0,0.0
expression,DNAL1_3,186,186,0,0.0
expression,DNAL4_3,186,186,0,0.0
expression,DNASE1L1_3,186,186,0,0.0
expression,DNASE1L3_3,186,186,0,0.0
expression,DNASE2_3,186,186,0,0.0
expression,DNLZ_3,186,186,0,0.0
expression,DNM1_3,186,186,0,0.0
expression,DNM1L_3,186,186,0,0.0
expression,DNM2_3,186,186,0,0.0
expression,DNM3_3,186,186,0,0.0
expression,DNMBP_3,186,186,0,0.0
expression,DNMT1_3,186,186,0,0.0
expression,DNMT3A_3,186,186,0,0.0
expression,DNMT3B_3,186,186,0,0.0
expression,DNPEP_3,186,186,0,0.0
expression,DNPH1_3,186,186,0,0.0
expression,DNTTIP1_3,186,186,0,0.0
expression,DNTTIP2_3,186,186,0,0.0
expression,DOC2B_3,186,186,0,0.0
expression,DOCK1_3,186,186,0,0.0
expression,DOCK10_3,186,186,0,0.0
expression,DOCK11_3,186,186,0,0.0
expression,DOCK2_3,186,186,0,0.0
expression,DOCK3_3,186,186,0,0.0
expression,DOCK4_3,186,186,0,0.0
expression,DOCK5_3,186,186,0,0.0
expression,DOCK6_3,186,186,0,0.0
expression,DOCK7_3,186,186,0,0.0
expression,DOCK8_3,186,186,0,0.0
expression,DOCK9_3,186,186,0,0.0
expression,DOHH_3,186,186,0,0.0
expression,DOK1_3,186,186,0,0.0
expression,DOK2_3,186,186,0,0.0
expression,DOK3_3,186,186,0,0.0
expression,DOK4_3,186,186,0,0.0
expression,DOLK_3,186,186,0,0.0
expression,DOLPP1_3,186,186,0,0.0
expression,DONSON_3,186,186,0,0.0
expression,DOP1A_3,186,186,0,0.0
expression,DOP1B_3,186,186,0,0.0
expression,DOT1L_3,186,186,0,0.0
expression,DPAGT1_3,186,186,0,0.0
expression,DPCD_3,186,186,0,0.0
expression,DPF2_3,186,186,0,0.0
expression,DPF3_3,186,186,0,0.0
expression,DPH1_3,186,186,0,0.0
expression,DPH2_3,186,186,0,0.0
expression,DPH3_3,186,186,0,0.0
expression,DPH5_3,186,186,0,0.0
expression,DPH6_3,186,186,0,0.0
expression,DPH7_3,186,186,0,0.0
expression,DPM1_3,186,186,0,0.0
expression,DPM2_3,186,186,0,0.0
expression,DPM3_3,186,186,0,0.0
expression,DPP3_3,186,186,0,0.0
expression,DPP4_3,186,186,0,0.0
expression,DPP7_3,186,186,0,0.0
expression,DPP8_3,186,186,0,0.0
expression,DPP9_3,186,186,0,0.0
expression,DPT_3,186,186,0,0.0
expression,DPY19L1_3,186,186,0,0.0
expression,DPY19L3_3,186,186,0,0.0
expression,DPY19L4_3,186,186,0,0.0
expression,DPY30_3,186,186,0,0.0
expression,DPYD_3,186,186,0,0.0
expression,DPYSL2_3,186,186,0,0.0
expression,DPYSL3_3,186,186,0,0.0
expression,DR1_3,186,186,0,0.0
expression,DRAM1_3,186,186,0,0.0
expression,DRAM2_3,186,186,0,0.0
expression,DRAP1_3,186,186,0,0.0
expression,DRC3_3,186,186,0,0.0
expression,DRG1_3,186,186,0,0.0
expression,DRG2_3,186,186,0,0.0
expression,DROSHA_3,186,186,0,0.0
expression,DSCC1_3,186,186,0,0.0
expression,DSE_3,186,186,0,0.0
expression,DSEL_3,186,186,0,0.0
expression,DSG2_3,186,186,0,0.0
expression,DSN1_3,186,186,0,0.0
expression,DSP_3,186,186,0,0.0
expression,DST_3,186,186,0,0.0
expression,DSTN_3,186,186,0,0.0
expression,DSTYK_3,186,186,0,0.0
expression,DTD1_3,186,186,0,0.0
expression,DTD2_3,186,186,0,0.0
expression,DTL_3,186,186,0,0.0
expression,DTNA_3,186,186,0,0.0
expression,DTNB_3,186,186,0,0.0
expression,DTNBP1_3,186,186,0,0.0
expression,DTWD1_3,186,186,0,0.0
expression,DTWD2_3,186,186,0,0.0
expression,DTX1_3,186,186,0,0.0
expression,DTX2_3,186,186,0,0.0
expression,DTX3_3,186,186,0,0.0
expression,DTX3L_3,186,186,0,0.0
expression,DTX4_3,186,186,0,0.0
expression,DTYMK_3,186,186,0,0.0
expression,DUS1L_3,186,186,0,0.0
expression,DUS2_3,186,186,0,0.0
expression,DUS3L_3,186,186,0,0.0
expression,DUS4L_3,186,186,0,0.0
expression,DUSP1_3,186,186,0,0.0
expression,DUSP10_3,186,186,0,0.0
expression,DUSP11_3,186,186,0,0.0
expression,DUSP14_3,186,186,0,0.0
expression,DUSP16_3,186,186,0,0.0
expression,DUSP18_3,186,186,0,0.0
expression,DUSP19_3,186,186,0,0.0
expression,DUSP2_3,186,186,0,0.0
expression,DUSP22_3,186,186,0,0.0
expression,DUSP23_4,186,186,0,0.0
expression,DUSP26_3,186,186,0,0.0
expression,DUSP3_3,186,186,0,0.0
expression,DUSP5_3,186,186,0,0.0
expression,DUSP6_3,186,186,0,0.0
expression,DUSP7_3,186,186,0,0.0
expression,DUSP8_3,186,186,0,0.0
expression,DUT_3,186,186,0,0.0
expression,DVL1_3,186,186,0,0.0
expression,DVL2_3,186,186,0,0.0
expression,DVL3_3,186,186,0,0.0
expression,DXO_3,186,186,0,0.0
expression,DYM_3,186,186,0,0.0
expression,DYNC1H1_3,186,186,0,0.0
expression,DYNC1I1_3,186,186,0,0.0
expression,DYNC1I2_3,186,186,0,0.0
expression,DYNC1LI1_3,186,186,0,0.0
expression,DYNC1LI2_3,186,186,0,0.0
expression,DYNC2H1_3,186,186,0,0.0
expression,DYNC2I1_3,186,186,0,0.0
expression,DYNC2I2_3,186,186,0,0.0
expression,DYNC2LI1_3,186,186,0,0.0
expression,DYNLL1_3,186,186,0,0.0
expression,DYNLL2_3,186,186,0,0.0
expression,DYNLRB1_3,186,186,0,0.0
expression,DYNLRB2_3,186,186,0,0.0
expression,DYNLT1_3,186,186,0,0.0
expression,DYNLT2B_3,186,186,0,0.0
expression,DYNLT3_3,186,186,0,0.0
expression,DYRK1A_3,186,186,0,0.0
expression,DYRK1B_3,186,186,0,0.0
expression,DYRK2_3,186,186,0,0.0
expression,DYRK3_3,186,186,0,0.0
expression,DYSF_3,186,186,0,0.0
expression,DZANK1_3,186,186,0,0.0
expression,DZIP1_3,186,186,0,0.0
expression,DZIP3_3,186,186,0,0.0
expression,E2F1_3,186,186,0,0.0
expression,E2F2_3,186,186,0,0.0
expression,E2F3_3,186,186,0,0.0
expression,E2F4_3,186,186,0,0.0
expression,E2F5_3,186,186,0,0.0
expression,E2F6_3,186,186,0,0.0
expression,E2F7_3,186,186,0,0.0
expression,E2F8_3,186,186,0,0.0
expression,E4F1_3,186,186,0,0.0
expression,EAF1_3,186,186,0,0.0
expression,EARS2_3,186,186,0,0.0
expression,EBAG9_3,186,186,0,0.0
expression,EBF1_3,186,186,0,0.0
expression,EBF3_3,186,186,0,0.0
expression,EBF4_3,186,186,0,0.0
expression,EBI3_3,186,186,0,0.0
expression,EBNA1BP2_3,186,186,0,0.0
expression,EBP_3,186,186,0,0.0
expression,EBPL_3,186,186,0,0.0
expression,ECD_3,186,186,0,0.0
expression,ECE1_3,186,186,0,0.0
expression,ECE2_3,186,186,0,0.0
expression,ECHDC1_3,186,186,0,0.0
expression,ECHDC2_3,186,186,0,0.0
expression,ECHDC3_3,186,186,0,0.0
expression,ECHS1_3,186,186,0,0.0
expression,ECI1_3,186,186,0,0.0
expression,ECI2_3,186,186,0,0.0
expression,ECM1_3,186,186,0,0.0
expression,ECM2_3,186,186,0,0.0
expression,ECPAS_3,186,186,0,0.0
expression,ECSCR_3,186,186,0,0.0
expression,ECSIT_3,186,186,0,0.0
expression,ECT2_3,186,186,0,0.0
expression,EDARADD_3,186,186,0,0.0
expression,EDC3_3,186,186,0,0.0
expression,EDC4_3,186,186,0,0.0
expression,EDEM1_3,186,186,0,0.0
expression,EDEM2_3,186,186,0,0.0
expression,EDEM3_3,186,186,0,0.0
expression,EDF1_3,186,186,0,0.0
expression,EDIL3_3,186,186,0,0.0
expression,EDNRA_3,186,186,0,0.0
expression,EDNRB_3,186,186,0,0.0
expression,EDRF1_3,186,186,0,0.0
expression,EEA1_3,186,186,0,0.0
expression,EED_3,186,186,0,0.0
expression,EEF1A1_3,186,186,0,0.0
expression,EEF1A2_3,186,186,0,0.0
expression,EEF1AKMT1_3,186,186,0,0.0
expression,EEF1AKMT2_3,186,186,0,0.0
expression,EEF1AKMT3_3,186,186,0,0.0
expression,EEF1AKNMT_3,186,186,0,0.0
expression,EEF1B2_3,186,186,0,0.0
expression,EEF1D_3,186,186,0,0.0
expression,EEF1E1_3,186,186,0,0.0
expression,EEF1G_3,186,186,0,0.0
expression,EEF2_3,186,186,0,0.0
expression,EEF2K_3,186,186,0,0.0
expression,EEF2KMT_3,186,186,0,0.0
expression,EEFSEC_3,186,186,0,0.0
expression,EEPD1_3,186,186,0,0.0
expression,EFCAB1_3,186,186,0,0.0
expression,EFCAB11_3,186,186,0,0.0
expression,EFCAB14_3,186,186,0,0.0
expression,EFCAB2_3,186,186,0,0.0
expression,EFCAB7_3,186,186,0,0.0
expression,EFCC1_3,186,186,0,0.0
expression,EFEMP1_3,186,186,0,0.0
expression,EFEMP2_3,186,186,0,0.0
expression,EFHC1_3,186,186,0,0.0
expression,EFHD1_3,186,186,0,0.0
expression,EFHD2_3,186,186,0,0.0
expression,EFL1_3,186,186,0,0.0
expression,EFNA1_3,186,186,0,0.0
expression,EFNA2_3,186,186,0,0.0
expression,EFNA3_3,186,186,0,0.0
expression,EFNA4_3,186,186,0,0.0
expression,EFNA5_3,186,186,0,0.0
expression,EFNB1_3,186,186,0,0.0
expression,EFNB2_3,186,186,0,0.0
expression,EFNB3_3,186,186,0,0.0
expression,EFR3A_3,186,186,0,0.0
expression,EFR3B_3,186,186,0,0.0
expression,EFS_3,186,186,0,0.0
expression,EFTUD2_3,186,186,0,0.0
expression,EGFL7_3,186,186,0,0.0
expression,EGFL8_3,186,186,0,0.0
expression,EGFLAM_3,186,186,0,0.0
expression,EGFR_3,186,186,0,0.0
expression,EGLN1_3,186,186,0,0.0
expression,EGLN2_3,186,186,0,0.0
expression,EGLN3_3,186,186,0,0.0
expression,EGR1_3,186,186,0,0.0
expression,EGR2_3,186,186,0,0.0
expression,EGR3_3,186,186,0,0.0
expression,EHBP1_3,186,186,0,0.0
expression,EHBP1L1_3,186,186,0,0.0
expression,EHD1_3,186,186,0,0.0
expression,EHD2_3,186,186,0,0.0
expression,EHD3_3,186,186,0,0.0
expression,EHD4_3,186,186,0,0.0
expression,EHHADH_3,186,186,0,0.0
expression,EHMT1_3,186,186,0,0.0
expression,EHMT2_3,186,186,0,0.0
expression,EI24_3,186,186,0,0.0
expression,EID1_3,186,186,0,0.0
expression,EID3_3,186,186,0,0.0
expression,EIF1_3,186,186,0,0.0
expression,EIF1AD_3,186,186,0,0.0
expression,EIF1AX_3,186,186,0,0.0
expression,EIF1B_3,186,186,0,0.0
expression,EIF2A_3,186,186,0,0.0
expression,EIF2AK1_3,186,186,0,0.0
expression,EIF2AK2_3,186,186,0,0.0
expression,EIF2AK3_3,186,186,0,0.0
expression,EIF2AK4_3,186,186,0,0.0
expression,EIF2B1_3,186,186,0,0.0
expression,EIF2B2_3,186,186,0,0.0
expression,EIF2B3_3,186,186,0,0.0
expression,EIF2B4_3,186,186,0,0.0
expression,EIF2B5_3,186,186,0,0.0
expression,EIF2D_3,186,186,0,0.0
expression,EIF2S1_3,186,186,0,0.0
expression,EIF2S2_3,186,186,0,0.0
expression,EIF2S3_3,186,186,0,0.0
expression,EIF3A_3,186,186,0,0.0
expression,EIF3B_3,186,186,0,0.0
expression,EIF3D_3,186,186,0,0.0
expression,EIF3E_3,186,186,0,0.0
expression,EIF3F_3,186,186,0,0.0
expression,EIF3G_3,186,186,0,0.0
expression,EIF3H_3,186,186,0,0.0
expression,EIF3I_3,186,186,0,0.0
expression,EIF3J_3,186,186,0,0.0
expression,EIF3K_3,186,186,0,0.0
expression,EIF3L_3,186,186,0,0.0
expression,EIF3M_3,186,186,0,0.0
expression,EIF4A1_3,186,186,0,0.0
expression,EIF4A2_3,186,186,0,0.0
expression,EIF4A3_3,186,186,0,0.0
expression,EIF4B_3,186,186,0,0.0
expression,EIF4E_3,186,186,0,0.0
expression,EIF4E2_3,186,186,0,0.0
expression,EIF4E3_3,186,186,0,0.0
expression,EIF4EBP1_3,186,186,0,0.0
expression,EIF4EBP2_3,186,186,0,0.0
expression,EIF4EBP3_3,186,186,0,0.0
expression,EIF4ENIF1_3,186,186,0,0.0
expression,EIF4G1_3,186,186,0,0.0
expression,EIF4G2_3,186,186,0,0.0
expression,EIF4G3_3,186,186,0,0.0
expression,EIF4H_3,186,186,0,0.0
expression,EIF5_3,186,186,0,0.0
expression,EIF5A_3,186,186,0,0.0
expression,EIF5A2_3,186,186,0,0.0
expression,EIF5B_3,186,186,0,0.0
expression,EIF6_3,186,186,0,0.0
expression,EIPR1_3,186,186,0,0.0
expression,ELAC1_3,186,186,0,0.0
expression,ELAC2_3,186,186,0,0.0
expression,ELAVL1_3,186,186,0,0.0
expression,ELF1_3,186,186,0,0.0
expression,ELF2_3,186,186,0,0.0
expression,ELF4_3,186,186,0,0.0
expression,ELFN1_3,186,186,0,0.0
expression,ELFN2_3,186,186,0,0.0
expression,ELK1_3,186,186,0,0.0
expression,ELK3_3,186,186,0,0.0
expression,ELK4_3,186,186,0,0.0
expression,ELL_3,186,186,0,0.0
expression,ELL2_3,186,186,0,0.0
expression,ELL3_3,186,186,0,0.0
expression,ELMO1_3,186,186,0,0.0
expression,ELMO2_3,186,186,0,0.0
expression,ELMOD2_3,186,186,0,0.0
expression,ELMOD3_3,186,186,0,0.0
expression,ELN_3,186,186,0,0.0
expression,ELOA_3,186,186,0,0.0
expression,ELOB_3,186,186,0,0.0
expression,ELOC_3,186,186,0,0.0
expression,ELOF1_3,186,186,0,0.0
expression,ELOVL1_3,186,186,0,0.0
expression,ELOVL4_3,186,186,0,0.0
expression,ELOVL5_3,186,186,0,0.0
expression,ELOVL6_3,186,186,0,0.0
expression,ELOVL7_3,186,186,0,0.0
expression,ELP1_3,186,186,0,0.0
expression,ELP2_3,186,186,0,0.0
expression,ELP3_3,186,186,0,0.0
expression,ELP4_3,186,186,0,0.0
expression,ELP5_3,186,186,0,0.0
expression,ELP6_3,186,186,0,0.0
expression,EMB_3,186,186,0,0.0
expression,EMC1_3,186,186,0,0.0
expression,EMC10_3,186,186,0,0.0
expression,EMC2_3,186,186,0,0.0
expression,EMC3_3,186,186,0,0.0
expression,EMC4_3,186,186,0,0.0
expression,EMC6_3,186,186,0,0.0
expression,EMC7_3,186,186,0,0.0
expression,EMC8_3,186,186,0,0.0
expression,EMC9_3,186,186,0,0.0
expression,EMCN_3,186,186,0,0.0
expression,EMD_3,186,186,0,0.0
expression,EME1_3,186,186,0,0.0
expression,EMG1_3,186,186,0,0.0
expression,EMID1_3,186,186,0,0.0
expression,EMILIN1_3,186,186,0,0.0
expression,EMILIN2_3,186,186,0,0.0
expression,EMILIN3_3,186,186,0,0.0
expression,EML1_3,186,186,0,0.0
expression,EML2_3,186,186,0,0.0
expression,EML3_3,186,186,0,0.0
expression,EML4_3,186,186,0,0.0
expression,EML6_3,186,186,0,0.0
expression,EMP1_3,186,186,0,0.0
expression,EMP2_3,186,186,0,0.0
expression,EMP3_3,186,186,0,0.0
expression,EMSY_3,186,186,0,0.0
expression,EN1_3,186,186,0,0.0
expression,ENAH_3,186,186,0,0.0
expression,ENC1_3,186,186,0,0.0
expression,ENDOD1_3,186,186,0,0.0
expression,ENDOG_3,186,186,0,0.0
expression,ENDOV_3,186,186,0,0.0
expression,ENG_3,186,186,0,0.0
expression,ENGASE_3,186,186,0,0.0
expression,ENHO_3,186,186,0,0.0
expression,ENKD1_3,186,186,0,0.0
expression,ENO1_3,186,186,0,0.0
expression,ENO2_3,186,186,0,0.0
expression,ENO3_3,186,186,0,0.0
expression,ENOPH1_3,186,186,0,0.0
expression,ENOSF1_3,186,186,0,0.0
expression,ENOX1_3,186,186,0,0.0
expression,ENOX2_3,186,186,0,0.0
expression,ENPEP_3,186,186,0,0.0
expression,ENPP1_3,186,186,0,0.0
expression,ENPP2_3,186,186,0,0.0
expression,ENPP4_3,186,186,0,0.0
expression,ENPP5_3,186,186,0,0.0
expression,ENSA_3,186,186,0,0.0
expression,ENTPD1_3,186,186,0,0.0
expression,ENTPD3_3,186,186,0,0.0
expression,ENTPD4_3,186,186,0,0.0
expression,ENTPD5_3,186,186,0,0.0
expression,ENTPD6_3,186,186,0,0.0
expression,ENTPD7_3,186,186,0,0.0
expression,ENTR1_3,186,186,0,0.0
expression,ENY2_3,186,186,0,0.0
expression,EOGT_3,186,186,0,0.0
expression,EOLA1_3,186,186,0,0.0
expression,EP300_3,186,186,0,0.0
expression,EP400_3,186,186,0,0.0
expression,EPAS1_3,186,186,0,0.0
expression,EPB41_3,186,186,0,0.0
expression,EPB41L1_3,186,186,0,0.0
expression,EPB41L2_3,186,186,0,0.0
expression,EPB41L3_3,186,186,0,0.0
expression,EPB41L4A_3,186,186,0,0.0
expression,EPB41L4B_3,186,186,0,0.0
expression,EPB41L5_3,186,186,0,0.0
expression,EPC1_3,186,186,0,0.0
expression,EPC2_3,186,186,0,0.0
expression,EPDR1_3,186,186,0,0.0
expression,EPG5_3,186,186,0,0.0
expression,EPHA2_3,186,186,0,0.0
expression,EPHA3_3,186,186,0,0.0
expression,EPHA4_3,186,186,0,0.0
expression,EPHB1_3,186,186,0,0.0
expression,EPHB3_3,186,186,0,0.0
expression,EPHB4_3,186,186,0,0.0
expression,EPHB6_3,186,186,0,0.0
expression,EPHX1_3,186,186,0,0.0
expression,EPHX2_3,186,186,0,0.0
expression,EPHX3_3,186,186,0,0.0
expression,EPM2A_3,186,186,0,0.0
expression,EPM2AIP1_3,186,186,0,0.0
expression,EPN1_3,186,186,0,0.0
expression,EPN2_3,186,186,0,0.0
expression,EPOP_3,186,186,0,0.0
expression,EPRS1_3,186,186,0,0.0
expression,EPS15_3,186,186,0,0.0
expression,EPS15L1_3,186,186,0,0.0
expression,EPS8_3,186,186,0,0.0
expression,EPSTI1_3,186,186,0,0.0
expression,ERAL1_3,186,186,0,0.0
expression,ERAP1_3,186,186,0,0.0
expression,ERAP2_3,186,186,0,0.0
expression,ERBB2_3,186,186,0,0.0
expression,ERBB3_3,186,186,0,0.0
expression,ERBIN_3,186,186,0,0.0
expression,ERC1_3,186,186,0,0.0
expression,ERCC1_3,186,186,0,0.0
expression,ERCC2_3,186,186,0,0.0
expression,ERCC3_3,186,186,0,0.0
expression,ERCC4_3,186,186,0,0.0
expression,ERCC5_3,186,186,0,0.0
expression,ERCC6_3,186,186,0,0.0
expression,ERCC6L_3,186,186,0,0.0
expression,ERCC6L2_3,186,186,0,0.0
expression,ERCC8_3,186,186,0,0.0
expression,ERF_3,186,186,0,0.0
expression,ERG_3,186,186,0,0.0
expression,ERG28_3,186,186,0,0.0
expression,ERGIC1_3,186,186,0,0.0
expression,ERGIC2_3,186,186,0,0.0
expression,ERGIC3_3,186,186,0,0.0
expression,ERH_3,186,186,0,0.0
expression,ERI1_3,186,186,0,0.0
expression,ERI2_3,186,186,0,0.0
expression,ERI3_3,186,186,0,0.0
expression,ERICH1_3,186,186,0,0.0
expression,ERICH5_3,186,186,0,0.0
expression,ERLEC1_3,186,186,0,0.0
expression,ERLIN1_3,186,186,0,0.0
expression,ERLIN2_3,186,186,0,0.0
expression,ERMARD_3,186,186,0,0.0
expression,ERMP1_3,186,186,0,0.0
expression,ERN1_3,186,186,0,0.0
expression,ERO1A_3,186,186,0,0.0
expression,ERO1B_3,186,186,0,0.0
expression,ERP29_3,186,186,0,0.0
expression,ERP44_3,186,186,0,0.0
expression,ERRFI1_3,186,186,0,0.0
expression,ESAM_3,186,186,0,0.0
expression,ESCO1_3,186,186,0,0.0
expression,ESCO2_3,186,186,0,0.0
expression,ESD_3,186,186,0,0.0
expression,ESF1_3,186,186,0,0.0
expression,ESM1_3,186,186,0,0.0
expression,ESPL1_3,186,186,0,0.0
expression,ESRRA_3,186,186,0,0.0
expression,ESS2_3,186,186,0,0.0
expression,ESYT1_3,186,186,0,0.0
expression,ESYT2_3,186,186,0,0.0
expression,ESYT3_3,186,186,0,0.0
expression,ETAA1_3,186,186,0,0.0
expression,ETF1_3,186,186,0,0.0
expression,ETFA_3,186,186,0,0.0
expression,ETFB_3,186,186,0,0.0
expression,ETFBKMT_3,186,186,0,0.0
expression,ETFDH_3,186,186,0,0.0
expression,ETFRF1_3,186,186,0,0.0
expression,ETHE1_3,186,186,0,0.0
expression,ETNK1_3,186,186,0,0.0
expression,ETNK2_3,186,186,0,0.0
expression,ETS1_3,186,186,0,0.0
expression,ETS2_3,186,186,0,0.0
expression,ETV1_3,186,186,0,0.0
expression,ETV3_3,186,186,0,0.0
expression,ETV4_3,186,186,0,0.0
expression,ETV5_3,186,186,0,0.0
expression,ETV6_3,186,186,0,0.0
expression,ETV7_3,186,186,0,0.0
expression,EVA1A_3,186,186,0,0.0
expression,EVA1B_3,186,186,0,0.0
expression,EVA1C_3,186,186,0,0.0
expression,EVC_3,186,186,0,0.0
expression,EVC2_3,186,186,0,0.0
expression,EVI2A_3,186,186,0,0.0
expression,EVI2B_3,186,186,0,0.0
expression,EVI5_3,186,186,0,0.0
expression,EVI5L_3,186,186,0,0.0
expression,EVL_3,186,186,0,0.0
expression,EVPL_3,186,186,0,0.0
expression,EWSR1_3,186,186,0,0.0
expression,EXD1_3,186,186,0,0.0
expression,EXD2_3,186,186,0,0.0
expression,EXD3_3,186,186,0,0.0
expression,EXO1_3,186,186,0,0.0
expression,EXO5_3,186,186,0,0.0
expression,EXOC1_3,186,186,0,0.0
expression,EXOC2_3,186,186,0,0.0
expression,EXOC3_3,186,186,0,0.0
expression,EXOC3L1_3,186,186,0,0.0
expression,EXOC3L2_3,186,186,0,0.0
expression,EXOC4_3,186,186,0,0.0
expression,EXOC5_3,186,186,0,0.0
expression,EXOC6_3,186,186,0,0.0
expression,EXOC6B_3,186,186,0,0.0
expression,EXOC7_3,186,186,0,0.0
expression,EXOC8_3,186,186,0,0.0
expression,EXOG_3,186,186,0,0.0
expression,EXOSC1_3,186,186,0,0.0
expression,EXOSC10_3,186,186,0,0.0
expression,EXOSC2_3,186,186,0,0.0
expression,EXOSC3_3,186,186,0,0.0
expression,EXOSC4_3,186,186,0,0.0
expression,EXOSC5_3,186,186,0,0.0
expression,EXOSC6_3,186,186,0,0.0
expression,EXOSC7_3,186,186,0,0.0
expression,EXOSC8_3,186,186,0,0.0
expression,EXOSC9_3,186,186,0,0.0
expression,EXT1_3,186,186,0,0.0
expression,EXT2_3,186,186,0,0.0
expression,EXTL2_3,186,186,0,0.0
expression,EXTL3_3,186,186,0,0.0
expression,EYA1_3,186,186,0,0.0
expression,EYA2_3,186,186,0,0.0
expression,EYA3_3,186,186,0,0.0
expression,EZH1_3,186,186,0,0.0
expression,EZH2_3,186,186,0,0.0
expression,EZR_3,186,186,0,0.0
expression,F11R_3,186,186,0,0.0
expression,F12_3,186,186,0,0.0
expression,F13A1_3,186,186,0,0.0
expression,F2R_3,186,186,0,0.0
expression,F3_3,186,186,0,0.0
expression,F5_3,186,186,0,0.0
expression,FAAH_3,186,186,0,0.0
expression,FAAP100_3,186,186,0,0.0
expression,FAAP20_3,186,186,0,0.0
expression,FAAP24_3,186,186,0,0.0
expression,FABP3_3,186,186,0,0.0
expression,FABP5_3,186,186,0,0.0
expression,FADD_3,186,186,0,0.0
expression,FADS1_3,186,186,0,0.0
expression,FADS2_3,186,186,0,0.0
expression,FADS3_3,186,186,0,0.0
expression,FAF1_3,186,186,0,0.0
expression,FAF2_3,186,186,0,0.0
expression,FAH_3,186,186,0,0.0
expression,FAHD1_3,186,186,0,0.0
expression,FAHD2A_3,186,186,0,0.0
expression,FAIM_3,186,186,0,0.0
expression,FAM102A_3,186,186,0,0.0
expression,FAM102B_3,186,186,0,0.0
expression,FAM104A_3,186,186,0,0.0
expression,FAM107A_3,186,186,0,0.0
expression,FAM107B_3,186,186,0,0.0
expression,FAM110A_3,186,186,0,0.0
expression,FAM110B_3,186,186,0,0.0
expression,FAM110D_3,186,186,0,0.0
expression,FAM111A_3,186,186,0,0.0
expression,FAM111B_3,186,186,0,0.0
expression,FAM114A1_3,186,186,0,0.0
expression,FAM114A2_3,186,186,0,0.0
expression,FAM117A_3,186,186,0,0.0
expression,FAM117B_3,186,186,0,0.0
expression,FAM118A_3,186,186,0,0.0
expression,FAM118B_3,186,186,0,0.0
expression,FAM120A_3,186,186,0,0.0
expression,FAM120B_3,186,186,0,0.0
expression,FAM120C_3,186,186,0,0.0
expression,FAM124B_3,186,186,0,0.0
expression,FAM126A_3,186,186,0,0.0
expression,FAM126B_3,186,186,0,0.0
expression,FAM131A_3,186,186,0,0.0
expression,FAM131B_3,186,186,0,0.0
expression,FAM131C_3,186,186,0,0.0
expression,FAM135A_3,186,186,0,0.0
expression,FAM136A_3,186,186,0,0.0
expression,FAM13A_3,186,186,0,0.0
expression,FAM13B_3,186,186,0,0.0
expression,FAM13C_3,186,186,0,0.0
expression,FAM149A_3,186,186,0,0.0
expression,FAM149B1_3,186,186,0,0.0
expression,FAM151B_3,186,186,0,0.0
expression,FAM156A_3,186,186,0,0.0
expression,FAM160A1_3,186,186,0,0.0
expression,FAM160A2_3,186,186,0,0.0
expression,FAM160B1_3,186,186,0,0.0
expression,FAM160B2_3,186,186,0,0.0
expression,FAM161A_3,186,186,0,0.0
expression,FAM161B_3,186,186,0,0.0
expression,FAM162A_3,186,186,0,0.0
expression,FAM167A_3,186,186,0,0.0
expression,FAM167B_3,186,186,0,0.0
expression,FAM168A_3,186,186,0,0.0
expression,FAM168B_3,186,186,0,0.0
expression,FAM171A1_3,186,186,0,0.0
expression,FAM171A2_3,186,186,0,0.0
expression,FAM171B_3,186,186,0,0.0
expression,FAM172A_3,186,186,0,0.0
expression,FAM174A_3,186,186,0,0.0
expression,FAM174B_3,186,186,0,0.0
expression,FAM174C_3,186,186,0,0.0
expression,FAM177A1_3,186,186,0,0.0
expression,FAM184A_3,186,186,0,0.0
expression,FAM184B_3,186,186,0,0.0
expression,FAM185A_3,186,186,0,0.0
expression,FAM189A1_3,186,186,0,0.0
expression,FAM189A2_3,186,186,0,0.0
expression,FAM189B_3,186,186,0,0.0
expression,FAM193A_3,186,186,0,0.0
expression,FAM193B_3,186,186,0,0.0
expression,FAM199X_3,186,186,0,0.0
expression,FAM200A_3,186,186,0,0.0
expression,FAM204A_3,186,186,0,0.0
expression,FAM207A_3,186,186,0,0.0
expression,FAM20A_3,186,186,0,0.0
expression,FAM20B_3,186,186,0,0.0
expression,FAM20C_3,186,186,0,0.0
expression,FAM210A_3,186,186,0,0.0
expression,FAM210B_3,186,186,0,0.0
expression,FAM214A_3,186,186,0,0.0
expression,FAM214B_3,186,186,0,0.0
expression,FAM216A_3,186,186,0,0.0
expression,FAM217B_3,186,186,0,0.0
expression,FAM219A_3,186,186,0,0.0
expression,FAM222A_3,186,186,0,0.0
expression,FAM222B_3,186,186,0,0.0
expression,FAM227B_3,186,186,0,0.0
expression,FAM228B_3,186,186,0,0.0
expression,FAM234A_3,186,186,0,0.0
expression,FAM234B_3,186,186,0,0.0
expression,FAM241A_3,186,186,0,0.0
expression,FAM32A_3,186,186,0,0.0
expression,FAM3A_3,186,186,0,0.0
expression,FAM3C_3,186,186,0,0.0
expression,FAM43A_3,186,186,0,0.0
expression,FAM50A_3,186,186,0,0.0
expression,FAM53A_3,186,186,0,0.0
expression,FAM53B_3,186,186,0,0.0
expression,FAM53C_3,186,186,0,0.0
expression,FAM71E1_3,186,186,0,0.0
expression,FAM72A_3,186,186,0,0.0
expression,FAM76A_3,186,186,0,0.0
expression,FAM76B_3,186,186,0,0.0
expression,FAM78A_3,186,186,0,0.0
expression,FAM78B_3,186,186,0,0.0
expression,FAM81A_3,186,186,0,0.0
expression,FAM83D_3,186,186,0,0.0
expression,FAM83G_3,186,186,0,0.0
expression,FAM83H_3,186,186,0,0.0
expression,FAM89A_3,186,186,0,0.0
expression,FAM89B_3,186,186,0,0.0
expression,FAM8A1_3,186,186,0,0.0
expression,FAM91A1_3,186,186,0,0.0
expression,FAM98A_3,186,186,0,0.0
expression,FAM98B_3,186,186,0,0.0
expression,FAM98C_3,186,186,0,0.0
expression,FAN1_3,186,186,0,0.0
expression,FANCA_3,186,186,0,0.0
expression,FANCB_3,186,186,0,0.0
expression,FANCC_3,186,186,0,0.0
expression,FANCD2_3,186,186,0,0.0
expression,FANCE_3,186,186,0,0.0
expression,FANCF_3,186,186,0,0.0
expression,FANCG_3,186,186,0,0.0
expression,FANCI_3,186,186,0,0.0
expression,FANCL_3,186,186,0,0.0
expression,FANCM_3,186,186,0,0.0
expression,FAP_3,186,186,0,0.0
expression,FAR1_3,186,186,0,0.0
expression,FAR2_3,186,186,0,0.0
expression,FARP1_3,186,186,0,0.0
expression,FARP2_3,186,186,0,0.0
expression,FARS2_3,186,186,0,0.0
expression,FARSA_3,186,186,0,0.0
expression,FARSB_3,186,186,0,0.0
expression,FAS_3,186,186,0,0.0
expression,FASN_3,186,186,0,0.0
expression,FASTK_3,186,186,0,0.0
expression,FASTKD1_3,186,186,0,0.0
expression,FASTKD2_3,186,186,0,0.0
expression,FASTKD3_3,186,186,0,0.0
expression,FASTKD5_3,186,186,0,0.0
expression,FAT1_3,186,186,0,0.0
expression,FAT3_3,186,186,0,0.0
expression,FAT4_3,186,186,0,0.0
expression,FAU_3,186,186,0,0.0
expression,FAXC_3,186,186,0,0.0
expression,FAXDC2_3,186,186,0,0.0
expression,FBF1_3,186,186,0,0.0
expression,FBH1_3,186,186,0,0.0
expression,FBL_3,186,186,0,0.0
expression,FBLIM1_3,186,186,0,0.0
expression,FBLN1_3,186,186,0,0.0
expression,FBLN2_3,186,186,0,0.0
expression,FBLN5_3,186,186,0,0.0
expression,FBLN7_3,186,186,0,0.0
expression,FBN1_3,186,186,0,0.0
expression,FBRS_3,186,186,0,0.0
expression,FBRSL1_3,186,186,0,0.0
expression,FBXL12_3,186,186,0,0.0
expression,FBXL14_3,186,186,0,0.0
expression,FBXL15_3,186,186,0,0.0
expression,FBXL17_3,186,186,0,0.0
expression,FBXL18_3,186,186,0,0.0
expression,FBXL19_3,186,186,0,0.0
expression,FBXL2_3,186,186,0,0.0
expression,FBXL20_3,186,186,0,0.0
expression,FBXL3_3,186,186,0,0.0
expression,FBXL4_3,186,186,0,0.0
expression,FBXL5_3,186,186,0,0.0
expression,FBXL6_3,186,186,0,0.0
expression,FBXL7_3,186,186,0,0.0
expression,FBXL8_3,186,186,0,0.0
expression,FBXO10_3,186,186,0,0.0
expression,FBXO11_3,186,186,0,0.0
expression,FBXO17_3,186,186,0,0.0
expression,FBXO21_3,186,186,0,0.0
expression,FBXO22_3,186,186,0,0.0
expression,FBXO25_3,186,186,0,0.0
expression,FBXO27_3,186,186,0,0.0
expression,FBXO28_3,186,186,0,0.0
expression,FBXO3_3,186,186,0,0.0
expression,FBXO30_3,186,186,0,0.0
expression,FBXO31_3,186,186,0,0.0
expression,FBXO32_3,186,186,0,0.0
expression,FBXO33_3,186,186,0,0.0
expression,FBXO34_3,186,186,0,0.0
expression,FBXO38_3,186,186,0,0.0
expression,FBXO4_3,186,186,0,0.0
expression,FBXO42_3,186,186,0,0.0
expression,FBXO44_3,186,186,0,0.0
expression,FBXO45_3,186,186,0,0.0
expression,FBXO46_3,186,186,0,0.0
expression,FBXO48_3,186,186,0,0.0
expression,FBXO5_3,186,186,0,0.0
expression,FBXO6_3,186,186,0,0.0
expression,FBXO7_3,186,186,0,0.0
expression,FBXO8_3,186,186,0,0.0
expression,FBXO9_3,186,186,0,0.0
expression,FBXW11_3,186,186,0,0.0
expression,FBXW2_3,186,186,0,0.0
expression,FBXW4_3,186,186,0,0.0
expression,FBXW5_3,186,186,0,0.0
expression,FBXW7_3,186,186,0,0.0
expression,FBXW8_3,186,186,0,0.0
expression,FBXW9_3,186,186,0,0.0
expression,FCER1G_2,186,186,0,0.0
expression,FCF1_3,186,186,0,0.0
expression,FCGR1A_3,186,186,0,0.0
expression,FCGRT_3,186,186,0,0.0
expression,FCHO1_3,186,186,0,0.0
expression,FCHO2_3,186,186,0,0.0
expression,FCHSD1_3,186,186,0,0.0
expression,FCHSD2_3,186,186,0,0.0
expression,FCMR_3,186,186,0,0.0
expression,FCSK_3,186,186,0,0.0
expression,FDFT1_3,186,186,0,0.0
expression,FDPS_3,186,186,0,0.0
expression,FDX1_3,186,186,0,0.0
expression,FDX2_3,186,186,0,0.0
expression,FDXACB1_3,186,186,0,0.0
expression,FDXR_3,186,186,0,0.0
expression,FECH_3,186,186,0,0.0
expression,FEM1A_3,186,186,0,0.0
expression,FEM1B_3,186,186,0,0.0
expression,FEM1C_3,186,186,0,0.0
expression,FEN1_3,186,186,0,0.0
expression,FER_3,186,186,0,0.0
expression,FERMT1_3,186,186,0,0.0
expression,FERMT2_3,186,186,0,0.0
expression,FERMT3_3,186,186,0,0.0
expression,FES_3,186,186,0,0.0
expression,FEZ2_3,186,186,0,0.0
expression,FGD1_3,186,186,0,0.0
expression,FGD2_3,186,186,0,0.0
expression,FGD3_3,186,186,0,0.0
expression,FGD4_3,186,186,0,0.0
expression,FGD5_3,186,186,0,0.0
expression,FGD6_3,186,186,0,0.0
expression,FGF10_3,186,186,0,0.0
expression,FGF11_3,186,186,0,0.0
expression,FGF13_3,186,186,0,0.0
expression,FGF2_3,186,186,0,0.0
expression,FGF7_3,186,186,0,0.0
expression,FGFR1_3,186,186,0,0.0
expression,FGFR1OP2_3,186,186,0,0.0
expression,FGFR2_3,186,186,0,0.0
expression,FGFR3_3,186,186,0,0.0
expression,FGGY_3,186,186,0,0.0
expression,FGL2_3,186,186,0,0.0
expression,FGR_3,186,186,0,0.0
expression,FH_3,186,186,0,0.0
expression,FHDC1_3,186,186,0,0.0
expression,FHIT_3,186,186,0,0.0
expression,FHL1_3,186,186,0,0.0
expression,FHL2_3,186,186,0,0.0
expression,FHL3_3,186,186,0,0.0
expression,FHL5_3,186,186,0,0.0
expression,FHOD1_3,186,186,0,0.0
expression,FHOD3_3,186,186,0,0.0
expression,FIBIN_3,186,186,0,0.0
expression,FIBP_3,186,186,0,0.0
expression,FICD_3,186,186,0,0.0
expression,FIG4_3,186,186,0,0.0
expression,FIGNL1_3,186,186,0,0.0
expression,FILIP1L_3,186,186,0,0.0
expression,FIP1L1_3,186,186,0,0.0
expression,FIS1_3,186,186,0,0.0
expression,FITM2_3,186,186,0,0.0
expression,FIZ1_3,186,186,0,0.0
expression,FJX1_2,186,186,0,0.0
expression,FKBP10_3,186,186,0,0.0
expression,FKBP11_3,186,186,0,0.0
expression,FKBP14_3,186,186,0,0.0
expression,FKBP15_3,186,186,0,0.0
expression,FKBP1A_3,186,186,0,0.0
expression,FKBP1B_2,186,186,0,0.0
expression,FKBP2_3,186,186,0,0.0
expression,FKBP3_3,186,186,0,0.0
expression,FKBP4_3,186,186,0,0.0
expression,FKBP5_3,186,186,0,0.0
expression,FKBP7_3,186,186,0,0.0
expression,FKBP8_3,186,186,0,0.0
expression,FKBP9_3,186,186,0,0.0
expression,FKBPL_3,186,186,0,0.0
expression,FKRP_3,186,186,0,0.0
expression,FKTN_3,186,186,0,0.0
expression,FLAD1_3,186,186,0,0.0
expression,FLCN_3,186,186,0,0.0
expression,FLI1_3,186,186,0,0.0
expression,FLII_3,186,186,0,0.0
expression,FLNA_3,186,186,0,0.0
expression,FLNB_3,186,186,0,0.0
expression,FLNC_3,186,186,0,0.0
expression,FLOT1_3,186,186,0,0.0
expression,FLOT2_3,186,186,0,0.0
expression,FLRT2_3,186,186,0,0.0
expression,FLRT3_3,186,186,0,0.0
expression,FLT1_3,186,186,0,0.0
expression,FLT3_3,186,186,0,0.0
expression,FLT3LG_3,186,186,0,0.0
expression,FLT4_3,186,186,0,0.0
expression,FLVCR1_3,186,186,0,0.0
expression,FLVCR2_3,186,186,0,0.0
expression,FLYWCH1_3,186,186,0,0.0
expression,FLYWCH2_3,186,186,0,0.0
expression,FMC1_3,186,186,0,0.0
expression,FMN1_3,186,186,0,0.0
expression,FMNL1_3,186,186,0,0.0
expression,FMNL2_3,186,186,0,0.0
expression,FMNL3_3,186,186,0,0.0
expression,FMO4_3,186,186,0,0.0
expression,FMO5_3,186,186,0,0.0
expression,FMOD_3,186,186,0,0.0
expression,FMR1_3,186,186,0,0.0
expression,FN1_3,186,186,0,0.0
expression,FN3KRP_3,186,186,0,0.0
expression,FNBP1_3,186,186,0,0.0
expression,FNBP1L_3,186,186,0,0.0
expression,FNBP4_3,186,186,0,0.0
expression,FNDC1_3,186,186,0,0.0
expression,FNDC10_3,186,186,0,0.0
expression,FNDC3A_3,186,186,0,0.0
expression,FNDC3B_3,186,186,0,0.0
expression,FNDC4_3,186,186,0,0.0
expression,FNDC5_3,186,186,0,0.0
expression,FNIP1_3,186,186,0,0.0
expression,FNIP2_3,186,186,0,0.0
expression,FNTA_3,186,186,0,0.0
expression,FNTB_3,186,186,0,0.0
expression,FOCAD_3,186,186,0,0.0
expression,FOLH1B_3,186,186,0,0.0
expression,FOS_3,186,186,0,0.0
expression,FOSL1_3,186,186,0,0.0
expression,FOSL2_3,186,186,0,0.0
expression,FOXC1_3,186,186,0,0.0
expression,FOXJ2_3,186,186,0,0.0
expression,FOXJ3_3,186,186,0,0.0
expression,FOXK1_3,186,186,0,0.0
expression,FOXK2_3,186,186,0,0.0
expression,FOXL1_3,186,186,0,0.0
expression,FOXM1_3,186,186,0,0.0
expression,FOXN2_3,186,186,0,0.0
expression,FOXN3_3,186,186,0,0.0
expression,FOXO1_3,186,186,0,0.0
expression,FOXO3_3,186,186,0,0.0
expression,FOXO4_3,186,186,0,0.0
expression,FOXP1_3,186,186,0,0.0
expression,FOXP4_3,186,186,0,0.0
expression,FOXRED1_3,186,186,0,0.0
expression,FOXRED2_3,186,186,0,0.0
expression,FOXS1_3,186,186,0,0.0
expression,FPGS_3,186,186,0,0.0
expression,FPGT_3,186,186,0,0.0
expression,FRA10AC1_3,186,186,0,0.0
expression,FRAT1_3,186,186,0,0.0
expression,FREM1_3,186,186,0,0.0
expression,FREM2_3,186,186,0,0.0
expression,FRG1_3,186,186,0,0.0
expression,FRMD3_3,186,186,0,0.0
expression,FRMD4A_3,186,186,0,0.0
expression,FRMD4B_3,186,186,0,0.0
expression,FRMD6_3,186,186,0,0.0
expression,FRMD8_3,186,186,0,0.0
expression,FRRS1_3,186,186,0,0.0
expression,FRS2_3,186,186,0,0.0
expression,FRS3_3,186,186,0,0.0
expression,FRY_3,186,186,0,0.0
expression,FRYL_3,186,186,0,0.0
expression,FSCN1_3,186,186,0,0.0
expression,FSD1L_3,186,186,0,0.0
expression,FST_3,186,186,0,0.0
expression,FSTL1_3,186,186,0,0.0
expression,FSTL3_3,186,186,0,0.0
expression,FTH1_2,186,186,0,0.0
expression,FTL_3,186,186,0,0.0
expression,FTO_3,186,186,0,0.0
expression,FTSJ1_3,186,186,0,0.0
expression,FTSJ3_3,186,186,0,0.0
expression,FUBP1_3,186,186,0,0.0
expression,FUBP3_3,186,186,0,0.0
expression,FUCA1_3,186,186,0,0.0
expression,FUCA2_3,186,186,0,0.0
expression,FUNDC1_3,186,186,0,0.0
expression,FUNDC2_3,186,186,0,0.0
expression,FURIN_3,186,186,0,0.0
expression,FUS_3,186,186,0,0.0
expression,FUT10_3,186,186,0,0.0
expression,FUT11_3,186,186,0,0.0
expression,FUT4_3,186,186,0,0.0
expression,FUT7_3,186,186,0,0.0
expression,FUT8_3,186,186,0,0.0
expression,FUZ_3,186,186,0,0.0
expression,FXN_3,186,186,0,0.0
expression,FXR1_3,186,186,0,0.0
expression,FXR2_3,186,186,0,0.0
expression,FXYD1_3,186,186,0,0.0
expression,FXYD5_3,186,186,0,0.0
expression,FXYD6_3,186,186,0,0.0
expression,FYB1_3,186,186,0,0.0
expression,FYCO1_3,186,186,0,0.0
expression,FYN_3,186,186,0,0.0
expression,FYTTD1_3,186,186,0,0.0
expression,FZD1_3,186,186,0,0.0
expression,FZD2_3,186,186,0,0.0
expression,FZD3_3,186,186,0,0.0
expression,FZD4_3,186,186,0,0.0
expression,FZD6_3,186,186,0,0.0
expression,FZD7_3,186,186,0,0.0
expression,FZD8_3,186,186,0,0.0
expression,FZD9_3,186,186,0,0.0
expression,FZR1_3,186,186,0,0.0
expression,G2E3_3,186,186,0,0.0
expression,G3BP1_3,186,186,0,0.0
expression,G3BP2_3,186,186,0,0.0
expression,G6PC3_3,186,186,0,0.0
expression,G6PD_3,186,186,0,0.0
expression,GAA_3,186,186,0,0.0
expression,GAB1_3,186,186,0,0.0
expression,GAB2_3,186,186,0,0.0
expression,GABARAP_3,186,186,0,0.0
expression,GABARAPL1_3,186,186,0,0.0
expression,GABARAPL2_3,186,186,0,0.0
expression,GABBR1_3,186,186,0,0.0
expression,GABPA_3,186,186,0,0.0
expression,GABPB1_3,186,186,0,0.0
expression,GABPB2_3,186,186,0,0.0
expression,GABRA3_3,186,186,0,0.0
expression,GABRQ_3,186,186,0,0.0
expression,GADD45A_3,186,186,0,0.0
expression,GADD45B_3,186,186,0,0.0
expression,GADD45G_3,186,186,0,0.0
expression,GADD45GIP1_3,186,186,0,0.0
expression,GAK_3,186,186,0,0.0
expression,GAL3ST4_3,186,186,0,0.0
expression,GALC_3,186,186,0,0.0
expression,GALE_3,186,186,0,0.0
expression,GALK1_3,186,186,0,0.0
expression,GALK2_3,186,186,0,0.0
expression,GALM_3,186,186,0,0.0
expression,GALNS_3,186,186,0,0.0
expression,GALNT1_3,186,186,0,0.0
expression,GALNT10_3,186,186,0,0.0
expression,GALNT11_3,186,186,0,0.0
expression,GALNT12_3,186,186,0,0.0
expression,GALNT16_3,186,186,0,0.0
expression,GALNT18_3,186,186,0,0.0
expression,GALNT2_3,186,186,0,0.0
expression,GALNT3_3,186,186,0,0.0
expression,GALNT5_3,186,186,0,0.0
expression,GALNT6_3,186,186,0,0.0
expression,GALNT7_3,186,186,0,0.0
expression,GALT_3,186,186,0,0.0
expression,GAMT_3,186,186,0,0.0
expression,GAN_3,186,186,0,0.0
expression,GANAB_3,186,186,0,0.0
expression,GANC_3,186,186,0,0.0
expression,GAPDH_3,186,186,0,0.0
expression,GAPT_3,186,186,0,0.0
expression,GAPVD1_3,186,186,0,0.0
expression,GAR1_3,186,186,0,0.0
expression,GAREM1_3,186,186,0,0.0
expression,GAREM2_3,186,186,0,0.0
expression,GARNL3_3,186,186,0,0.0
expression,GARRE1_3,186,186,0,0.0
expression,GARS1_3,186,186,0,0.0
expression,GART_3,186,186,0,0.0
expression,GAS2L1_3,186,186,0,0.0
expression,GAS2L3_3,186,186,0,0.0
expression,GAS6_3,186,186,0,0.0
expression,GAS7_3,186,186,0,0.0
expression,GAS8_3,186,186,0,0.0
expression,GASK1A_3,186,186,0,0.0
expression,GASK1B_3,186,186,0,0.0
expression,GATA2_3,186,186,0,0.0
expression,GATAD1_3,186,186,0,0.0
expression,GATAD2A_3,186,186,0,0.0
expression,GATAD2B_3,186,186,0,0.0
expression,GATB_3,186,186,0,0.0
expression,GATC_3,186,186,0,0.0
expression,GATD1_3,186,186,0,0.0
expression,GATD3A_3,186,186,0,0.0
expression,GBA_3,186,186,0,0.0
expression,GBA2_3,186,186,0,0.0
expression,GBE1_3,186,186,0,0.0
expression,GBF1_3,186,186,0,0.0
expression,GBGT1_3,186,186,0,0.0
expression,GBP1_3,186,186,0,0.0
expression,GBP5_3,186,186,0,0.0
expression,GBP6_3,186,186,0,0.0
expression,GCA_3,186,186,0,0.0
expression,GCAT_3,186,186,0,0.0
expression,GCC1_3,186,186,0,0.0
expression,GCC2_3,186,186,0,0.0
expression,GCDH_3,186,186,0,0.0
expression,GCFC2_3,186,186,0,0.0
expression,GCHFR_3,186,186,0,0.0
expression,GCKR_3,186,186,0,0.0
expression,GCLC_3,186,186,0,0.0
expression,GCLM_3,186,186,0,0.0
expression,GCN1_3,186,186,0,0.0
expression,GCNT1_3,186,186,0,0.0
expression,GCNT2_4,186,186,0,0.0
expression,GCSH_3,186,186,0,0.0
expression,GDAP2_3,186,186,0,0.0
expression,GDE1_3,186,186,0,0.0
expression,GDF11_3,186,186,0,0.0
expression,GDF9_3,186,186,0,0.0
expression,GDI1_3,186,186,0,0.0
expression,GDI2_3,186,186,0,0.0
expression,GDPD1_3,186,186,0,0.0
expression,GDPD5_3,186,186,0,0.0
expression,GDPGP1_3,186,186,0,0.0
expression,GEM_3,186,186,0,0.0
expression,GEMIN2_3,186,186,0,0.0
expression,GEMIN4_3,186,186,0,0.0
expression,GEMIN5_3,186,186,0,0.0
expression,GEMIN6_3,186,186,0,0.0
expression,GEMIN7_3,186,186,0,0.0
expression,GEN1_3,186,186,0,0.0
expression,GET1_3,186,186,0,0.0
expression,GET3_3,186,186,0,0.0
expression,GET4_3,186,186,0,0.0
expression,GFER_3,186,186,0,0.0
expression,GFM1_3,186,186,0,0.0
expression,GFM2_3,186,186,0,0.0
expression,GFOD1_3,186,186,0,0.0
expression,GFOD2_3,186,186,0,0.0
expression,GFPT1_3,186,186,0,0.0
expression,GFPT2_3,186,186,0,0.0
expression,GFUS_3,186,186,0,0.0
expression,GGA1_3,186,186,0,0.0
expression,GGA2_3,186,186,0,0.0
expression,GGA3_3,186,186,0,0.0
expression,GGACT_3,186,186,0,0.0
expression,GGCT_3,186,186,0,0.0
expression,GGCX_3,186,186,0,0.0
expression,GGH_3,186,186,0,0.0
expression,GGNBP2_3,186,186,0,0.0
expression,GGPS1_3,186,186,0,0.0
expression,GGT5_3,186,186,0,0.0
expression,GGT7_3,186,186,0,0.0
expression,GGTA1_3,186,186,0,0.0
expression,GHDC_3,186,186,0,0.0
expression,GHITM_3,186,186,0,0.0
expression,GHR_3,186,186,0,0.0
expression,GID4_3,186,186,0,0.0
expression,GID8_3,186,186,0,0.0
expression,GIGYF1_3,186,186,0,0.0
expression,GIGYF2_3,186,186,0,0.0
expression,GIMAP2_3,186,186,0,0.0
expression,GIMAP4_3,186,186,0,0.0
expression,GIMAP6_3,186,186,0,0.0
expression,GIMAP7_3,186,186,0,0.0
expression,GIMAP8_3,186,186,0,0.0
expression,GIN1_3,186,186,0,0.0
expression,GINM1_3,186,186,0,0.0
expression,GINS1_3,186,186,0,0.0
expression,GINS2_3,186,186,0,0.0
expression,GINS3_3,186,186,0,0.0
expression,GINS4_3,186,186,0,0.0
expression,GIPC1_3,186,186,0,0.0
expression,GIT1_3,186,186,0,0.0
expression,GIT2_3,186,186,0,0.0
expression,GJA1_3,186,186,0,0.0
expression,GJA5_3,186,186,0,0.0
expression,GJC1_3,186,186,0,0.0
expression,GK_3,186,186,0,0.0
expression,GK5_3,186,186,0,0.0
expression,GKAP1_3,186,186,0,0.0
expression,GLA_3,186,186,0,0.0
expression,GLB1_3,186,186,0,0.0
expression,GLB1L_3,186,186,0,0.0
expression,GLCCI1_3,186,186,0,0.0
expression,GLCE_3,186,186,0,0.0
expression,GLDN_3,186,186,0,0.0
expression,GLE1_3,186,186,0,0.0
expression,GLG1_3,186,186,0,0.0
expression,GLI2_3,186,186,0,0.0
expression,GLI3_3,186,186,0,0.0
expression,GLI4_1,186,186,0,0.0
expression,GLIPR1_3,186,186,0,0.0
expression,GLIPR2_3,186,186,0,0.0
expression,GLIS2_3,186,186,0,0.0
expression,GLIS3_3,186,186,0,0.0
expression,GLMN_3,186,186,0,0.0
expression,GLMP_3,186,186,0,0.0
expression,GLO1_3,186,186,0,0.0
expression,GLOD4_3,186,186,0,0.0
expression,GLRB_3,186,186,0,0.0
expression,GLRX_3,186,186,0,0.0
expression,GLRX2_3,186,186,0,0.0
expression,GLRX3_3,186,186,0,0.0
expression,GLRX5_3,186,186,0,0.0
expression,GLS_3,186,186,0,0.0
expression,GLS2_3,186,186,0,0.0
expression,GLT1D1_3,186,186,0,0.0
expression,GLT8D1_3,186,186,0,0.0
expression,GLT8D2_3,186,186,0,0.0
expression,GLUD1_3,186,186,0,0.0
expression,GLUL_3,186,186,0,0.0
expression,GLYCTK_3,186,186,0,0.0
expression,GLYR1_3,186,186,0,0.0
expression,GM2A_3,186,186,0,0.0
expression,GMCL1_3,186,186,0,0.0
expression,GMDS_3,186,186,0,0.0
expression,GMEB1_3,186,186,0,0.0
expression,GMEB2_3,186,186,0,0.0
expression,GMFB_3,186,186,0,0.0
expression,GMFG_3,186,186,0,0.0
expression,GMIP_3,186,186,0,0.0
expression,GMNN_3,186,186,0,0.0
expression,GMPPA_3,186,186,0,0.0
expression,GMPPB_3,186,186,0,0.0
expression,GMPR_3,186,186,0,0.0
expression,GMPR2_3,186,186,0,0.0
expression,GMPS_3,186,186,0,0.0
expression,GNA11_3,186,186,0,0.0
expression,GNA12_3,186,186,0,0.0
expression,GNA13_3,186,186,0,0.0
expression,GNA15_3,186,186,0,0.0
expression,GNAI1_3,186,186,0,0.0
expression,GNAI2_3,186,186,0,0.0
expression,GNAI3_3,186,186,0,0.0
expression,GNAL_3,186,186,0,0.0
expression,GNAQ_3,186,186,0,0.0
expression,GNAS_3,186,186,0,0.0
expression,GNAZ_3,186,186,0,0.0
expression,GNB1_3,186,186,0,0.0
expression,GNB1L_3,186,186,0,0.0
expression,GNB2_3,186,186,0,0.0
expression,GNB4_3,186,186,0,0.0
expression,GNB5_3,186,186,0,0.0
expression,GNE_3,186,186,0,0.0
expression,GNG10_3,186,186,0,0.0
expression,GNG11_3,186,186,0,0.0
expression,GNG12_3,186,186,0,0.0
expression,GNG14_3,186,186,0,0.0
expression,GNG2_3,186,186,0,0.0
expression,GNG4_3,186,186,0,0.0
expression,GNG5_3,186,186,0,0.0
expression,GNG7_3,186,186,0,0.0
expression,GNGT2_3,186,186,0,0.0
expression,GNL1_3,186,186,0,0.0
expression,GNL2_3,186,186,0,0.0
expression,GNL3_3,186,186,0,0.0
expression,GNL3L_3,186,186,0,0.0
expression,GNMT_3,186,186,0,0.0
expression,GNPAT_3,186,186,0,0.0
expression,GNPDA1_3,186,186,0,0.0
expression,GNPDA2_3,186,186,0,0.0
expression,GNPNAT1_3,186,186,0,0.0
expression,GNPTAB_3,186,186,0,0.0
expression,GNPTG_3,186,186,0,0.0
expression,GNS_3,186,186,0,0.0
expression,GOLGA1_3,186,186,0,0.0
expression,GOLGA2_3,186,186,0,0.0
expression,GOLGA3_3,186,186,0,0.0
expression,GOLGA4_3,186,186,0,0.0
expression,GOLGA5_3,186,186,0,0.0
expression,GOLGA7_3,186,186,0,0.0
expression,GOLGB1_3,186,186,0,0.0
expression,GOLIM4_3,186,186,0,0.0
expression,GOLM1_3,186,186,0,0.0
expression,GOLM2_3,186,186,0,0.0
expression,GOLPH3_3,186,186,0,0.0
expression,GOLPH3L_3,186,186,0,0.0
expression,GOLT1B_3,186,186,0,0.0
expression,GON7_3,186,186,0,0.0
expression,GOPC_3,186,186,0,0.0
expression,GORAB_3,186,186,0,0.0
expression,GORASP1_3,186,186,0,0.0
expression,GORASP2_3,186,186,0,0.0
expression,GOSR1_3,186,186,0,0.0
expression,GOSR2_3,186,186,0,0.0
expression,GOT1_3,186,186,0,0.0
expression,GOT2_4,186,186,0,0.0
expression,GPAA1_3,186,186,0,0.0
expression,GPALPP1_3,186,186,0,0.0
expression,GPAM_3,186,186,0,0.0
expression,GPANK1_3,186,186,0,0.0
expression,GPAT3_3,186,186,0,0.0
expression,GPATCH1_3,186,186,0,0.0
expression,GPATCH11_3,186,186,0,0.0
expression,GPATCH2_3,186,186,0,0.0
expression,GPATCH2L_3,186,186,0,0.0
expression,GPATCH3_3,186,186,0,0.0
expression,GPATCH4_3,186,186,0,0.0
expression,GPATCH8_3,186,186,0,0.0
expression,GPBP1_3,186,186,0,0.0
expression,GPBP1L1_3,186,186,0,0.0
expression,GPC1_3,186,186,0,0.0
expression,GPC3_3,186,186,0,0.0
expression,GPC4_3,186,186,0,0.0
expression,GPC6_3,186,186,0,0.0
expression,GPCPD1_3,186,186,0,0.0
expression,GPD1_3,186,186,0,0.0
expression,GPD1L_3,186,186,0,0.0
expression,GPD2_3,186,186,0,0.0
expression,GPER1_3,186,186,0,0.0
expression,GPHA2_3,186,186,0,0.0
expression,GPHN_3,186,186,0,0.0
expression,GPI_3,186,186,0,0.0
expression,GPLD1_3,186,186,0,0.0
expression,GPM6B_3,186,186,0,0.0
expression,GPN2_3,186,186,0,0.0
expression,GPN3_3,186,186,0,0.0
expression,GPNMB_3,186,186,0,0.0
expression,GPR107_3,186,186,0,0.0
expression,GPR108_3,186,186,0,0.0
expression,GPR137_3,186,186,0,0.0
expression,GPR137B_3,186,186,0,0.0
expression,GPR146_3,186,186,0,0.0
expression,GPR153_3,186,186,0,0.0
expression,GPR155_3,186,186,0,0.0
expression,GPR157_3,186,186,0,0.0
expression,GPR160_3,186,186,0,0.0
expression,GPR161_3,186,186,0,0.0
expression,GPR162_3,186,186,0,0.0
expression,GPR173_3,186,186,0,0.0
expression,GPR176_3,186,186,0,0.0
expression,GPR180_3,186,186,0,0.0
expression,GPR183_3,186,186,0,0.0
expression,GPR19_3,186,186,0,0.0
expression,GPR27_3,186,186,0,0.0
expression,GPR34_3,186,186,0,0.0
expression,GPR4_3,186,186,0,0.0
expression,GPR65_3,186,186,0,0.0
expression,GPR68_3,186,186,0,0.0
expression,GPR89A_3,186,186,0,0.0
expression,GPRASP1_3,186,186,0,0.0
expression,GPRASP2_3,186,186,0,0.0
expression,GPRC5A_3,186,186,0,0.0
expression,GPRC5B_3,186,186,0,0.0
expression,GPRC5C_3,186,186,0,0.0
expression,GPRIN1_3,186,186,0,0.0
expression,GPRIN3_2,186,186,0,0.0
expression,GPS1_3,186,186,0,0.0
expression,GPS2_3,186,186,0,0.0
expression,GPSM1_3,186,186,0,0.0
expression,GPSM2_3,186,186,0,0.0
expression,GPSM3_3,186,186,0,0.0
expression,GPT_3,186,186,0,0.0
expression,GPT2_3,186,186,0,0.0
expression,GPX1_3,186,186,0,0.0
expression,GPX4_3,186,186,0,0.0
expression,GPX7_3,186,186,0,0.0
expression,GPX8_3,186,186,0,0.0
expression,GRAMD1A_3,186,186,0,0.0
expression,GRAMD1B_3,186,186,0,0.0
expression,GRAMD1C_3,186,186,0,0.0
expression,GRAMD2B_3,186,186,0,0.0
expression,GRAMD4_3,186,186,0,0.0
expression,GRAP2_3,186,186,0,0.0
expression,GRB10_3,186,186,0,0.0
expression,GRB2_3,186,186,0,0.0
expression,GREM1_3,186,186,0,0.0
expression,GRHL1_3,186,186,0,0.0
expression,GRHPR_3,186,186,0,0.0
expression,GRINA_3,186,186,0,0.0
expression,GRIPAP1_3,186,186,0,0.0
expression,GRK2_3,186,186,0,0.0
expression,GRK3_3,186,186,0,0.0
expression,GRK4_3,186,186,0,0.0
expression,GRK5_3,186,186,0,0.0
expression,GRK6_3,186,186,0,0.0
expression,GRK7_3,186,186,0,0.0
expression,GRN_3,186,186,0,0.0
expression,GRPEL1_3,186,186,0,0.0
expression,GRPEL2_3,186,186,0,0.0
expression,GRSF1_3,186,186,0,0.0
expression,GRWD1_3,186,186,0,0.0
expression,GSAP_3,186,186,0,0.0
expression,GSC_3,186,186,0,0.0
expression,GSDMD_3,186,186,0,0.0
expression,GSDME_3,186,186,0,0.0
expression,GSE1_3,186,186,0,0.0
expression,GSK3A_3,186,186,0,0.0
expression,GSK3B_3,186,186,0,0.0
expression,GSKIP_3,186,186,0,0.0
expression,GSN_3,186,186,0,0.0
expression,GSPT1_3,186,186,0,0.0
expression,GSPT2_3,186,186,0,0.0
expression,GSR_3,186,186,0,0.0
expression,GSS_3,186,186,0,0.0
expression,GSTA4_3,186,186,0,0.0
expression,GSTCD_3,186,186,0,0.0
expression,GSTK1_3,186,186,0,0.0
expression,GSTO1_3,186,186,0,0.0
expression,GSTP1_3,186,186,0,0.0
expression,GSTT2B_3,186,186,0,0.0
expression,GSTZ1_3,186,186,0,0.0
expression,GTDC1_3,186,186,0,0.0
expression,GTF2A1_3,186,186,0,0.0
expression,GTF2A2_3,186,186,0,0.0
expression,GTF2B_3,186,186,0,0.0
expression,GTF2E1_3,186,186,0,0.0
expression,GTF2E2_3,186,186,0,0.0
expression,GTF2F1_3,186,186,0,0.0
expression,GTF2F2_3,186,186,0,0.0
expression,GTF2H1_3,186,186,0,0.0
expression,GTF2H3_3,186,186,0,0.0
expression,GTF2H5_3,186,186,0,0.0
expression,GTF2I_3,186,186,0,0.0
expression,GTF2IRD1_3,186,186,0,0.0
expression,GTF3A_3,186,186,0,0.0
expression,GTF3C1_3,186,186,0,0.0
expression,GTF3C2_3,186,186,0,0.0
expression,GTF3C3_3,186,186,0,0.0
expression,GTF3C4_3,186,186,0,0.0
expression,GTF3C5_3,186,186,0,0.0
expression,GTF3C6_3,186,186,0,0.0
expression,GTPBP1_3,186,186,0,0.0
expression,GTPBP10_3,186,186,0,0.0
expression,GTPBP2_3,186,186,0,0.0
expression,GTPBP3_3,186,186,0,0.0
expression,GTPBP4_3,186,186,0,0.0
expression,GTPBP6_3,186,186,0,0.0
expression,GTPBP8_3,186,186,0,0.0
expression,GTSE1_3,186,186,0,0.0
expression,GUCD1_3,186,186,0,0.0
expression,GUCY1A1_3,186,186,0,0.0
expression,GUCY1A2_3,186,186,0,0.0
expression,GUCY1B1_3,186,186,0,0.0
expression,GUF1_3,186,186,0,0.0
expression,GUK1_3,186,186,0,0.0
expression,GULP1_3,186,186,0,0.0
expression,GUSB_3,186,186,0,0.0
expression,GVQW3_3,186,186,0,0.0
expression,GXYLT1_3,186,186,0,0.0
expression,GXYLT2_3,186,186,0,0.0
expression,GYG1_3,186,186,0,0.0
expression,GYPC_3,186,186,0,0.0
expression,GYS1_3,186,186,0,0.0
expression,GZF1_3,186,186,0,0.0
expression,H1-0_3,186,186,0,0.0
expression,H1-10_3,186,186,0,0.0
expression,H1-2_3,186,186,0,0.0
expression,H1-3_3,186,186,0,0.0
expression,H2AC6_3,186,186,0,0.0
expression,H2AJ_3,186,186,0,0.0
expression,H2AX_3,186,186,0,0.0
expression,H2AZ1_3,186,186,0,0.0
expression,H2AZ2_3,186,186,0,0.0
expression,H2BC11_3,186,186,0,0.0
expression,H2BC15_3,186,186,0,0.0
expression,H2BC18_3,186,186,0,0.0
expression,H2BC21_3,186,186,0,0.0
expression,H2BC4_3,186,186,0,0.0
expression,H2BC8_3,186,186,0,0.0
expression,H3-3A_3,186,186,0,0.0
expression,H3-3B_3,186,186,0,0.0
expression,H6PD_3,186,186,0,0.0
expression,HAAO_3,186,186,0,0.0
expression,HABP4_3,186,186,0,0.0
expression,HACD1_3,186,186,0,0.0
expression,HACD2_3,186,186,0,0.0
expression,HACD3_3,186,186,0,0.0
expression,HACD4_3,186,186,0,0.0
expression,HACE1_3,186,186,0,0.0
expression,HADH_3,186,186,0,0.0
expression,HADHA_3,186,186,0,0.0
expression,HADHB_3,186,186,0,0.0
expression,HAGH_3,186,186,0,0.0
expression,HAGHL_3,186,186,0,0.0
expression,HAPLN1_3,186,186,0,0.0
expression,HAPLN3_3,186,186,0,0.0
expression,HARBI1_3,186,186,0,0.0
expression,HARS1_3,186,186,0,0.0
expression,HARS2_3,186,186,0,0.0
expression,HAS3_3,186,186,0,0.0
expression,HASPIN_3,186,186,0,0.0
expression,HAT1_3,186,186,0,0.0
expression,HAUS1_3,186,186,0,0.0
expression,HAUS2_3,186,186,0,0.0
expression,HAUS3_3,186,186,0,0.0
expression,HAUS5_3,186,186,0,0.0
expression,HAUS6_3,186,186,0,0.0
expression,HAUS7_3,186,186,0,0.0
expression,HAUS8_3,186,186,0,0.0
expression,HAVCR1_3,186,186,0,0.0
expression,HAX1_3,186,186,0,0.0
expression,HBEGF_3,186,186,0,0.0
expression,HBP1_3,186,186,0,0.0
expression,HBS1L_3,186,186,0,0.0
expression,HCCS_3,186,186,0,0.0
expression,HCFC1_3,186,186,0,0.0
expression,HCFC1R1_3,186,186,0,0.0
expression,HCFC2_3,186,186,0,0.0
expression,HCK_3,186,186,0,0.0
expression,HCLS1_3,186,186,0,0.0
expression,HCN3_3,186,186,0,0.0
expression,HDAC1_3,186,186,0,0.0
expression,HDAC10_3,186,186,0,0.0
expression,HDAC11_3,186,186,0,0.0
expression,HDAC2_3,186,186,0,0.0
expression,HDAC3_3,186,186,0,0.0
expression,HDAC4_3,186,186,0,0.0
expression,HDAC5_3,186,186,0,0.0
expression,HDAC6_3,186,186,0,0.0
expression,HDAC7_3,186,186,0,0.0
expression,HDAC8_3,186,186,0,0.0
expression,HDAC9_3,186,186,0,0.0
expression,HDDC2_3,186,186,0,0.0
expression,HDDC3_3,186,186,0,0.0
expression,HDGF_3,186,186,0,0.0
expression,HDGFL2_3,186,186,0,0.0
expression,HDGFL3_3,186,186,0,0.0
expression,HDHD2_3,186,186,0,0.0
expression,HDHD3_3,186,186,0,0.0
expression,HDHD5_3,186,186,0,0.0
expression,HDLBP_3,186,186,0,0.0
expression,HEATR1_3,186,186,0,0.0
expression,HEATR3_3,186,186,0,0.0
expression,HEATR5A_3,186,186,0,0.0
expression,HEATR5B_3,186,186,0,0.0
expression,HEATR6_3,186,186,0,0.0
expression,HEBP1_3,186,186,0,0.0
expression,HEBP2_3,186,186,0,0.0
expression,HECA_3,186,186,0,0.0
expression,HECTD1_3,186,186,0,0.0
expression,HECTD2_3,186,186,0,0.0
expression,HECTD3_3,186,186,0,0.0
expression,HECTD4_3,186,186,0,0.0
expression,HECW2_3,186,186,0,0.0
expression,HEG1_3,186,186,0,0.0
expression,HELB_3,186,186,0,0.0
expression,HELLS_3,186,186,0,0.0
expression,HELQ_3,186,186,0,0.0
expression,HELZ_3,186,186,0,0.0
expression,HELZ2_2,186,186,0,0.0
expression,HEMK1_3,186,186,0,0.0
expression,HEPHL1_3,186,186,0,0.0
expression,HERC1_3,186,186,0,0.0
expression,HERC2_3,186,186,0,0.0
expression,HERC3_3,186,186,0,0.0
expression,HERC4_3,186,186,0,0.0
expression,HERC5_3,186,186,0,0.0
expression,HERC6_3,186,186,0,0.0
expression,HERPUD1_3,186,186,0,0.0
expression,HERPUD2_3,186,186,0,0.0
expression,HES1_3,186,186,0,0.0
expression,HES4_3,186,186,0,0.0
expression,HES6_3,186,186,0,0.0
expression,HEXA_3,186,186,0,0.0
expression,HEXB_3,186,186,0,0.0
expression,HEXD_3,186,186,0,0.0
expression,HEXIM1_3,186,186,0,0.0
expression,HEXIM2_3,186,186,0,0.0
expression,HEY1_3,186,186,0,0.0
expression,HEY2_3,186,186,0,0.0
expression,HEYL_3,186,186,0,0.0
expression,HFE_3,186,186,0,0.0
expression,HGF_3,186,186,0,0.0
expression,HGH1_3,186,186,0,0.0
expression,HGS_3,186,186,0,0.0
expression,HGSNAT_3,186,186,0,0.0
expression,HHAT_3,186,186,0,0.0
expression,HHEX_3,186,186,0,0.0
expression,HHIPL1_3,186,186,0,0.0
expression,HIBADH_3,186,186,0,0.0
expression,HIBCH_3,186,186,0,0.0
expression,HIC1_3,186,186,0,0.0
expression,HIC2_3,186,186,0,0.0
expression,HID1_3,186,186,0,0.0
expression,HIF1A_3,186,186,0,0.0
expression,HIF1AN_3,186,186,0,0.0
expression,HIGD1A_3,186,186,0,0.0
expression,HIGD2A_3,186,186,0,0.0
expression,HIKESHI_3,186,186,0,0.0
expression,HILPDA_3,186,186,0,0.0
expression,HINFP_3,186,186,0,0.0
expression,HINT1_3,186,186,0,0.0
expression,HINT2_3,186,186,0,0.0
expression,HINT3_3,186,186,0,0.0
expression,HIP1_3,186,186,0,0.0
expression,HIP1R_3,186,186,0,0.0
expression,HIPK1_3,186,186,0,0.0
expression,HIPK2_3,186,186,0,0.0
expression,HIPK3_3,186,186,0,0.0
expression,HIRA_3,186,186,0,0.0
expression,HIRIP3_3,186,186,0,0.0
expression,HIVEP1_3,186,186,0,0.0
expression,HIVEP2_3,186,186,0,0.0
expression,HIVEP3_3,186,186,0,0.0
expression,HJURP_3,186,186,0,0.0
expression,HK1_3,186,186,0,0.0
expression,HK2_3,186,186,0,0.0
expression,HK3_3,186,186,0,0.0
expression,HLA-DRB1_3,186,186,0,0.0
expression,HLCS_3,186,186,0,0.0
expression,HLTF_3,186,186,0,0.0
expression,HLX_3,186,186,0,0.0
expression,HM13_3,186,186,0,0.0
expression,HMBOX1_3,186,186,0,0.0
expression,HMBS_3,186,186,0,0.0
expression,HMCES_3,186,186,0,0.0
expression,HMCN1_3,186,186,0,0.0
expression,HMG20A_3,186,186,0,0.0
expression,HMG20B_3,186,186,0,0.0
expression,HMGA1_3,186,186,0,0.0
expression,HMGB1_3,186,186,0,0.0
expression,HMGB2_3,186,186,0,0.0
expression,HMGB3_3,186,186,0,0.0
expression,HMGCL_3,186,186,0,0.0
expression,HMGCR_3,186,186,0,0.0
expression,HMGCS1_3,186,186,0,0.0
expression,HMGN1_3,186,186,0,0.0
expression,HMGN2_3,186,186,0,0.0
expression,HMGN3_3,186,186,0,0.0
expression,HMGN4_3,186,186,0,0.0
expression,HMGXB3_3,186,186,0,0.0
expression,HMGXB4_3,186,186,0,0.0
expression,HMMR_3,186,186,0,0.0
expression,HMOX1_3,186,186,0,0.0
expression,HMOX2_3,186,186,0,0.0
expression,HNMT_3,186,186,0,0.0
expression,HNRNPA0_3,186,186,0,0.0
expression,HNRNPA1_3,186,186,0,0.0
expression,HNRNPA2B1_3,186,186,0,0.0
expression,HNRNPA3_3,186,186,0,0.0
expression,HNRNPAB_3,186,186,0,0.0
expression,HNRNPC_2,186,186,0,0.0
expression,HNRNPD_3,186,186,0,0.0
expression,HNRNPDL_3,186,186,0,0.0
expression,HNRNPF_3,186,186,0,0.0
expression,HNRNPH1_3,186,186,0,0.0
expression,HNRNPH2_3,186,186,0,0.0
expression,HNRNPH3_3,186,186,0,0.0
expression,HNRNPK_3,186,186,0,0.0
expression,HNRNPL_3,186,186,0,0.0
expression,HNRNPLL_3,186,186,0,0.0
expression,HNRNPM_3,186,186,0,0.0
expression,HNRNPR_3,186,186,0,0.0
expression,HNRNPU_3,186,186,0,0.0
expression,HNRNPUL1_3,186,186,0,0.0
expression,HNRNPUL2_3,186,186,0,0.0
expression,HOGA1_3,186,186,0,0.0
expression,HOMER1_3,186,186,0,0.0
expression,HOMER3_3,186,186,0,0.0
expression,HOMEZ_3,186,186,0,0.0
expression,HOOK1_3,186,186,0,0.0
expression,HOOK2_3,186,186,0,0.0
expression,HOOK3_3,186,186,0,0.0
expression,HOPX_3,186,186,0,0.0
expression,HOXA1_3,186,186,0,0.0
expression,HOXA11_3,186,186,0,0.0
expression,HOXA13_3,186,186,0,0.0
expression,HOXA4_3,186,186,0,0.0
expression,HOXA5_3,186,186,0,0.0
expression,HOXA7_3,186,186,0,0.0
expression,HOXA9_3,186,186,0,0.0
expression,HOXB3_3,186,186,0,0.0
expression,HOXB5_3,186,186,0,0.0
expression,HOXB6_3,186,186,0,0.0
expression,HOXB7_3,186,186,0,0.0
expression,HOXC4_3,186,186,0,0.0
expression,HOXD10_3,186,186,0,0.0
expression,HOXD13_3,186,186,0,0.0
expression,HOXD3_3,186,186,0,0.0
expression,HOXD8_3,186,186,0,0.0
expression,HOXD9_3,186,186,0,0.0
expression,HP1BP3_3,186,186,0,0.0
expression,HPCAL1_3,186,186,0,0.0
expression,HPCAL4_3,186,186,0,0.0
expression,HPDL_3,186,186,0,0.0
expression,HPF1_3,186,186,0,0.0
expression,HPRT1_3,186,186,0,0.0
expression,HPS1_3,186,186,0,0.0
expression,HPS3_3,186,186,0,0.0
expression,HPS4_3,186,186,0,0.0
expression,HPS5_3,186,186,0,0.0
expression,HPS6_3,186,186,0,0.0
expression,HPSE_3,186,186,0,0.0
expression,HR_3,186,186,0,0.0
expression,HRAS_3,186,186,0,0.0
expression,HRCT1_3,186,186,0,0.0
expression,HRH1_3,186,186,0,0.0
expression,HRH2_3,186,186,0,0.0
expression,HROB_3,186,186,0,0.0
expression,HS1BP3_3,186,186,0,0.0
expression,HS2ST1_3,186,186,0,0.0
expression,HS3ST2_3,186,186,0,0.0
expression,HS6ST1_3,186,186,0,0.0
expression,HSBP1_3,186,186,0,0.0
expression,HSCB_3,186,186,0,0.0
expression,HSD11B1L_3,186,186,0,0.0
expression,HSD11B2_3,186,186,0,0.0
expression,HSD17B1_3,186,186,0,0.0
expression,HSD17B10_3,186,186,0,0.0
expression,HSD17B11_3,186,186,0,0.0
expression,HSD17B12_3,186,186,0,0.0
expression,HSD17B14_3,186,186,0,0.0
expression,HSD17B4_3,186,186,0,0.0
expression,HSD17B6_3,186,186,0,0.0
expression,HSD17B7_3,186,186,0,0.0
expression,HSD17B8_3,186,186,0,0.0
expression,HSD3B7_3,186,186,0,0.0
expression,HSDL1_3,186,186,0,0.0
expression,HSDL2_3,186,186,0,0.0
expression,HSF1_3,186,186,0,0.0
expression,HSF2_3,186,186,0,0.0
expression,HSF2BP_3,186,186,0,0.0
expression,HSF4_5,186,186,0,0.0
expression,HSF4_6,186,186,0,0.0
expression,HSP70_3,186,186,0,0.0
expression,HSP90AA1_3,186,186,0,0.0
expression,HSP90AB1_3,186,186,0,0.0
expression,HSP90B1_3,186,186,0,0.0
expression,HSPA12A_3,186,186,0,0.0
expression,HSPA12B_3,186,186,0,0.0
expression,HSPA13_3,186,186,0,0.0
expression,HSPA14_3,186,186,0,0.0
expression,HSPA2_3,186,186,0,0.0
expression,HSPA4_3,186,186,0,0.0
expression,HSPA4L_3,186,186,0,0.0
expression,HSPA5_3,186,186,0,0.0
expression,HSPA8_3,186,186,0,0.0
expression,HSPA9_3,186,186,0,0.0
expression,HSPB1_3,186,186,0,0.0
expression,HSPB11_3,186,186,0,0.0
expression,HSPB2_3,186,186,0,0.0
expression,HSPB6_3,186,186,0,0.0
expression,HSPB8_3,186,186,0,0.0
expression,HSPBAP1_3,186,186,0,0.0
expression,HSPBP1_3,186,186,0,0.0
expression,HSPD1_3,186,186,0,0.0
expression,HSPE1_3,186,186,0,0.0
expression,HSPG2_3,186,186,0,0.0
expression,HSPH1_3,186,186,0,0.0
expression,HTATIP2_3,186,186,0,0.0
expression,HTATSF1_3,186,186,0,0.0
expression,HTD2_3,186,186,0,0.0
expression,HTRA1_3,186,186,0,0.0
expression,HTRA2_3,186,186,0,0.0
expression,HTRA3_3,186,186,0,0.0
expression,HTT_3,186,186,0,0.0
expression,HUNK_3,186,186,0,0.0
expression,HUWE1_3,186,186,0,0.0
expression,HVCN1_3,186,186,0,0.0
expression,HYAL1_3,186,186,0,0.0
expression,HYAL2_3,186,186,0,0.0
expression,HYAL3_3,186,186,0,0.0
expression,HYI_3,186,186,0,0.0
expression,HYKK_3,186,186,0,0.0
expression,HYLS1_3,186,186,0,0.0
expression,HYOU1_3,186,186,0,0.0
expression,HYPK_3,186,186,0,0.0
expression,IAH1_3,186,186,0,0.0
expression,IARS1_3,186,186,0,0.0
expression,IARS2_3,186,186,0,0.0
expression,IBA57_3,186,186,0,0.0
expression,IBSP_3,186,186,0,0.0
expression,IBTK_3,186,186,0,0.0
expression,ICA1_3,186,186,0,0.0
expression,ICA1L_3,186,186,0,0.0
expression,ICAM1_3,186,186,0,0.0
expression,ICAM2_3,186,186,0,0.0
expression,ICAM3_3,186,186,0,0.0
expression,ICE1_3,186,186,0,0.0
expression,ICE2_3,186,186,0,0.0
expression,ICMT_3,186,186,0,0.0
expression,ICOSLG_3,186,186,0,0.0
expression,ID1_3,186,186,0,0.0
expression,ID2_3,186,186,0,0.0
expression,ID3_3,186,186,0,0.0
expression,ID4_3,186,186,0,0.0
expression,IDE_3,186,186,0,0.0
expression,IDH1_3,186,186,0,0.0
expression,IDH2_3,186,186,0,0.0
expression,IDH3A_3,186,186,0,0.0
expression,IDH3B_3,186,186,0,0.0
expression,IDH3G_3,186,186,0,0.0
expression,IDI1_3,186,186,0,0.0
expression,IDNK_3,186,186,0,0.0
expression,IDS_3,186,186,0,0.0
expression,IDUA_3,186,186,0,0.0
expression,IER2_3,186,186,0,0.0
expression,IER3_3,186,186,0,0.0
expression,IER5_3,186,186,0,0.0
expression,IER5L_3,186,186,0,0.0
expression,IFFO1_3,186,186,0,0.0
expression,IFFO2_3,186,186,0,0.0
expression,IFI27L2_3,186,186,0,0.0
expression,IFI30_3,186,186,0,0.0
expression,IFI35_3,186,186,0,0.0
expression,IFI44_3,186,186,0,0.0
expression,IFI44L_3,186,186,0,0.0
expression,IFIH1_3,186,186,0,0.0
expression,IFIT2_3,186,186,0,0.0
expression,IFIT5_3,186,186,0,0.0
expression,IFITM10_3,186,186,0,0.0
expression,IFNAR1_3,186,186,0,0.0
expression,IFNAR2_3,186,186,0,0.0
expression,IFNGR1_3,186,186,0,0.0
expression,IFNGR2_3,186,186,0,0.0
expression,IFNLR1_3,186,186,0,0.0
expression,IFRD1_3,186,186,0,0.0
expression,IFRD2_3,186,186,0,0.0
expression,IFT122_3,186,186,0,0.0
expression,IFT140_3,186,186,0,0.0
expression,IFT172_3,186,186,0,0.0
expression,IFT20_3,186,186,0,0.0
expression,IFT22_3,186,186,0,0.0
expression,IFT27_3,186,186,0,0.0
expression,IFT43_3,186,186,0,0.0
expression,IFT46_3,186,186,0,0.0
expression,IFT52_3,186,186,0,0.0
expression,IFT57_3,186,186,0,0.0
expression,IFT74_3,186,186,0,0.0
expression,IFT80_3,186,186,0,0.0
expression,IFT81_3,186,186,0,0.0
expression,IFT88_3,186,186,0,0.0
expression,IFTAP_3,186,186,0,0.0
expression,IGBP1_3,186,186,0,0.0
expression,IGDCC3_3,186,186,0,0.0
expression,IGDCC4_3,186,186,0,0.0
expression,IGF1R_3,186,186,0,0.0
expression,IGF2BP2_3,186,186,0,0.0
expression,IGF2BP3_3,186,186,0,0.0
expression,IGF2R_3,186,186,0,0.0
expression,IGFBP2_3,186,186,0,0.0
expression,IGFBP3_3,186,186,0,0.0
expression,IGFBP4_3,186,186,0,0.0
expression,IGFBP5_3,186,186,0,0.0
expression,IGFBP6_3,186,186,0,0.0
expression,IGFBP7_3,186,186,0,0.0
expression,IGFLR1_3,186,186,0,0.0
expression,IGSF10_3,186,186,0,0.0
expression,IGSF3_3,186,186,0,0.0
expression,IGSF6_3,186,186,0,0.0
expression,IGSF8_3,186,186,0,0.0
expression,IGSF9_3,186,186,0,0.0
expression,IHO1_3,186,186,0,0.0
expression,IK_3,186,186,0,0.0
expression,IKBIP_3,186,186,0,0.0
expression,IKBKB_3,186,186,0,0.0
expression,IKBKE_3,186,186,0,0.0
expression,IKBKG_3,186,186,0,0.0
expression,IKZF1_3,186,186,0,0.0
expression,IKZF2_3,186,186,0,0.0
expression,IKZF3_3,186,186,0,0.0
expression,IKZF4_3,186,186,0,0.0
expression,IKZF5_3,186,186,0,0.0
expression,IL10RA_3,186,186,0,0.0
expression,IL10RB_3,186,186,0,0.0
expression,IL11RA_3,186,186,0,0.0
expression,IL13RA1_3,186,186,0,0.0
expression,IL15_3,186,186,0,0.0
expression,IL16_3,186,186,0,0.0
expression,IL17RA_3,186,186,0,0.0
expression,IL17RB_3,186,186,0,0.0
expression,IL17RC_3,186,186,0,0.0
expression,IL17RD_3,186,186,0,0.0
expression,IL17RE_3,186,186,0,0.0
expression,IL18_3,186,186,0,0.0
expression,IL18BP_3,186,186,0,0.0
expression,IL1R1_3,186,186,0,0.0
expression,IL1R2_3,186,186,0,0.0
expression,IL1RAP_3,186,186,0,0.0
expression,IL1RN_3,186,186,0,0.0
expression,IL21R_3,186,186,0,0.0
expression,IL27RA_3,186,186,0,0.0
expression,IL2RB_3,186,186,0,0.0
expression,IL2RG_3,186,186,0,0.0
expression,IL31RA_3,186,186,0,0.0
expression,IL33_3,186,186,0,0.0
expression,IL34_3,186,186,0,0.0
expression,IL4I1_3,186,186,0,0.0
expression,IL4R_3,186,186,0,0.0
expression,IL6R_3,186,186,0,0.0
expression,IL6ST_3,186,186,0,0.0
expression,IL7R_3,186,186,0,0.0
expression,ILDR2_3,186,186,0,0.0
expression,ILF2_3,186,186,0,0.0
expression,ILF3_3,186,186,0,0.0
expression,ILK_3,186,186,0,0.0
expression,ILKAP_3,186,186,0,0.0
expression,ILRUN_3,186,186,0,0.0
expression,ILVBL_3,186,186,0,0.0
expression,IMMP1L_3,186,186,0,0.0
expression,IMMP2L_3,186,186,0,0.0
expression,IMMT_3,186,186,0,0.0
expression,IMP3_3,186,186,0,0.0
expression,IMPA1_3,186,186,0,0.0
expression,IMPA2_3,186,186,0,0.0
expression,IMPACT_3,186,186,0,0.0
expression,IMPDH1_3,186,186,0,0.0
expression,IMPDH2_3,186,186,0,0.0
expression,IMPG2_3,186,186,0,0.0
expression,INAFM1_3,186,186,0,0.0
expression,INAFM2_3,186,186,0,0.0
expression,INCENP_3,186,186,0,0.0
expression,INF2_4,186,186,0,0.0
expression,ING1_3,186,186,0,0.0
expression,ING2_3,186,186,0,0.0
expression,ING3_3,186,186,0,0.0
expression,ING4_3,186,186,0,0.0
expression,ING5_3,186,186,0,0.0
expression,INHBA_3,186,186,0,0.0
expression,INHBB_3,186,186,0,0.0
expression,INIP_3,186,186,0,0.0
expression,INKA1_3,186,186,0,0.0
expression,INO80_3,186,186,0,0.0
expression,INO80B_3,186,186,0,0.0
expression,INO80C_3,186,186,0,0.0
expression,INO80D_3,186,186,0,0.0
expression,INO80E_3,186,186,0,0.0
expression,INPP1_3,186,186,0,0.0
expression,INPP4A_3,186,186,0,0.0
expression,INPP4B_3,186,186,0,0.0
expression,INPP5A_3,186,186,0,0.0
expression,INPP5B_3,186,186,0,0.0
expression,INPP5D_3,186,186,0,0.0
expression,INPP5E_3,186,186,0,0.0
expression,INPP5F_3,186,186,0,0.0
expression,INPP5K_3,186,186,0,0.0
expression,INPPL1_3,186,186,0,0.0
expression,INSC_3,186,186,0,0.0
expression,INSIG1_3,186,186,0,0.0
expression,INSIG2_3,186,186,0,0.0
expression,INSR_3,186,186,0,0.0
expression,INSYN1_3,186,186,0,0.0
expression,INTS1_3,186,186,0,0.0
expression,INTS10_3,186,186,0,0.0
expression,INTS11_3,186,186,0,0.0
expression,INTS12_3,186,186,0,0.0
expression,INTS13_3,186,186,0,0.0
expression,INTS14_3,186,186,0,0.0
expression,INTS2_3,186,186,0,0.0
expression,INTS4_3,186,186,0,0.0
expression,INTS5_3,186,186,0,0.0
expression,INTS6_3,186,186,0,0.0
expression,INTS6L_3,186,186,0,0.0
expression,INTS7_3,186,186,0,0.0
expression,INTS8_3,186,186,0,0.0
expression,INTS9_3,186,186,0,0.0
expression,INTU_3,186,186,0,0.0
expression,INVS_3,186,186,0,0.0
expression,IP6K1_3,186,186,0,0.0
expression,IP6K2_3,186,186,0,0.0
expression,IPCEF1_3,186,186,0,0.0
expression,IPMK_3,186,186,0,0.0
expression,IPO11_3,186,186,0,0.0
expression,IPO13_3,186,186,0,0.0
expression,IPO4_3,186,186,0,0.0
expression,IPO5_3,186,186,0,0.0
expression,IPO7_3,186,186,0,0.0
expression,IPO8_3,186,186,0,0.0
expression,IPO9_3,186,186,0,0.0
expression,IPP_3,186,186,0,0.0
expression,IPPK_3,186,186,0,0.0
expression,IQCB1_3,186,186,0,0.0
expression,IQCC_3,186,186,0,0.0
expression,IQCD_3,186,186,0,0.0
expression,IQCE_3,186,186,0,0.0
expression,IQCG_3,186,186,0,0.0
expression,IQCK_3,186,186,0,0.0
expression,IQGAP1_3,186,186,0,0.0
expression,IQGAP2_3,186,186,0,0.0
expression,IQGAP3_3,186,186,0,0.0
expression,IQSEC1_3,186,186,0,0.0
expression,IQSEC2_3,186,186,0,0.0
expression,IQUB_3,186,186,0,0.0
expression,IRAG1_3,186,186,0,0.0
expression,IRAG2_3,186,186,0,0.0
expression,IRAK1_3,186,186,0,0.0
expression,IRAK1BP1_3,186,186,0,0.0
expression,IRAK2_3,186,186,0,0.0
expression,IRAK3_3,186,186,0,0.0
expression,IRAK4_3,186,186,0,0.0
expression,IREB2_3,186,186,0,0.0
expression,IRF1_3,186,186,0,0.0
expression,IRF2_3,186,186,0,0.0
expression,IRF2BP1_3,186,186,0,0.0
expression,IRF2BP2_3,186,186,0,0.0
expression,IRF2BPL_3,186,186,0,0.0
expression,IRF3_3,186,186,0,0.0
expression,IRF5_3,186,186,0,0.0
expression,IRF8_3,186,186,0,0.0
expression,IRF9_3,186,186,0,0.0
expression,IRGQ_3,186,186,0,0.0
expression,IRS1_3,186,186,0,0.0
expression,IRX3_3,186,186,0,0.0
expression,IRX5_3,186,186,0,0.0
expression,ISCA1_3,186,186,0,0.0
expression,ISCA2_3,186,186,0,0.0
expression,ISCU_3,186,186,0,0.0
expression,ISG15_3,186,186,0,0.0
expression,ISG20_3,186,186,0,0.0
expression,ISG20L2_3,186,186,0,0.0
expression,ISLR_3,186,186,0,0.0
expression,ISM1_3,186,186,0,0.0
expression,ISOC1_3,186,186,0,0.0
expression,ISOC2_3,186,186,0,0.0
expression,IST1_3,186,186,0,0.0
expression,ISY1_3,186,186,0,0.0
expression,ISYNA1_3,186,186,0,0.0
expression,ITCH_3,186,186,0,0.0
expression,ITFG1_3,186,186,0,0.0
expression,ITFG1_4,186,186,0,0.0
expression,ITFG2_3,186,186,0,0.0
expression,ITGA1_3,186,186,0,0.0
expression,ITGA10_3,186,186,0,0.0
expression,ITGA11_3,186,186,0,0.0
expression,ITGA2_3,186,186,0,0.0
expression,ITGA3_3,186,186,0,0.0
expression,ITGA4_3,186,186,0,0.0
expression,ITGA5_3,186,186,0,0.0
expression,ITGA6_3,186,186,0,0.0
expression,ITGA7_3,186,186,0,0.0
expression,ITGA8_3,186,186,0,0.0
expression,ITGA9_3,186,186,0,0.0
expression,ITGAE_3,186,186,0,0.0
expression,ITGAL_3,186,186,0,0.0
expression,ITGAM_3,186,186,0,0.0
expression,ITGAV_3,186,186,0,0.0
expression,ITGAX_3,186,186,0,0.0
expression,ITGB1_3,186,186,0,0.0
expression,ITGB1BP1_3,186,186,0,0.0
expression,ITGB2_3,186,186,0,0.0
expression,ITGB3_3,186,186,0,0.0
expression,ITGB3BP_3,186,186,0,0.0
expression,ITGB4_3,186,186,0,0.0
expression,ITGB5_3,186,186,0,0.0
expression,ITGB7_3,186,186,0,0.0
expression,ITGB8_3,186,186,0,0.0
expression,ITIH5_3,186,186,0,0.0
expression,ITK_3,186,186,0,0.0
expression,ITM2B_3,186,186,0,0.0
expression,ITM2C_3,186,186,0,0.0
expression,ITPA_3,186,186,0,0.0
expression,ITPK1_3,186,186,0,0.0
expression,ITPKB_3,186,186,0,0.0
expression,ITPKC_3,186,186,0,0.0
expression,ITPR1_3,186,186,0,0.0
expression,ITPR2_3,186,186,0,0.0
expression,ITPR3_3,186,186,0,0.0
expression,ITPRID2_3,186,186,0,0.0
expression,ITPRIP_3,186,186,0,0.0
expression,ITPRIPL1_3,186,186,0,0.0
expression,ITPRIPL2_3,186,186,0,0.0
expression,ITSN1_3,186,186,0,0.0
expression,ITSN2_3,186,186,0,0.0
expression,IVD_3,186,186,0,0.0
expression,IWS1_3,186,186,0,0.0
expression,JADE1_3,186,186,0,0.0
expression,JADE2_3,186,186,0,0.0
expression,JADE3_3,186,186,0,0.0
expression,JAG1_3,186,186,0,0.0
expression,JAG2_3,186,186,0,0.0
expression,JAGN1_3,186,186,0,0.0
expression,JAK1_3,186,186,0,0.0
expression,JAK2_3,186,186,0,0.0
expression,JAK3_3,186,186,0,0.0
expression,JAM3_3,186,186,0,0.0
expression,JAML_3,186,186,0,0.0
expression,JARID2_3,186,186,0,0.0
expression,JAZF1_3,186,186,0,0.0
expression,JCAD_3,186,186,0,0.0
expression,JCHAIN_3,186,186,0,0.0
expression,JDP2_3,186,186,0,0.0
expression,JKAMP_3,186,186,0,0.0
expression,JMJD1C_3,186,186,0,0.0
expression,JMJD4_3,186,186,0,0.0
expression,JMJD6_3,186,186,0,0.0
expression,JMJD7_3,186,186,0,0.0
expression,JMJD8_3,186,186,0,0.0
expression,JMY_3,186,186,0,0.0
expression,JOSD1_3,186,186,0,0.0
expression,JOSD2_3,186,186,0,0.0
expression,JPT1_3,186,186,0,0.0
expression,JPT2_3,186,186,0,0.0
expression,JRK_3,186,186,0,0.0
expression,JRKL_3,186,186,0,0.0
expression,JTB_3,186,186,0,0.0
expression,JUN_3,186,186,0,0.0
expression,JUNB_3,186,186,0,0.0
expression,JUND_3,186,186,0,0.0
expression,JUP_3,186,186,0,0.0
expression,KALRN_3,186,186,0,0.0
expression,KANK1_3,186,186,0,0.0
expression,KANK2_3,186,186,0,0.0
expression,KANK3_3,186,186,0,0.0
expression,KANK4_3,186,186,0,0.0
expression,KANSL1L_3,186,186,0,0.0
expression,KANSL2_3,186,186,0,0.0
expression,KANSL3_3,186,186,0,0.0
expression,KARS1_3,186,186,0,0.0
expression,KAT14_3,186,186,0,0.0
expression,KAT2A_3,186,186,0,0.0
expression,KAT2B_3,186,186,0,0.0
expression,KAT5_3,186,186,0,0.0
expression,KAT6A_3,186,186,0,0.0
expression,KAT6B_3,186,186,0,0.0
expression,KAT7_3,186,186,0,0.0
expression,KAT8_3,186,186,0,0.0
expression,KATNA1_3,186,186,0,0.0
expression,KATNAL1_3,186,186,0,0.0
expression,KATNB1_3,186,186,0,0.0
expression,KATNBL1_3,186,186,0,0.0
expression,KATNIP_3,186,186,0,0.0
expression,KAZALD1_3,186,186,0,0.0
expression,KAZN_3,186,186,0,0.0
expression,KBTBD12_3,186,186,0,0.0
expression,KBTBD3_3,186,186,0,0.0
expression,KBTBD4_3,186,186,0,0.0
expression,KBTBD6_3,186,186,0,0.0
expression,KBTBD7_3,186,186,0,0.0
expression,KBTBD8_3,186,186,0,0.0
expression,KCMF1_3,186,186,0,0.0
expression,KCNA3_3,186,186,0,0.0
expression,KCNAB1_3,186,186,0,0.0
expression,KCNAB2_3,186,186,0,0.0
expression,KCNB1_3,186,186,0,0.0
expression,KCNC3_3,186,186,0,0.0
expression,KCND1_3,186,186,0,0.0
expression,KCNE3_3,186,186,0,0.0
expression,KCNE4_3,186,186,0,0.0
expression,KCNIP3_3,186,186,0,0.0
expression,KCNJ14_3,186,186,0,0.0
expression,KCNJ15_3,186,186,0,0.0
expression,KCNJ2_3,186,186,0,0.0
expression,KCNJ8_3,186,186,0,0.0
expression,KCNK5_3,186,186,0,0.0
expression,KCNK6_3,186,186,0,0.0
expression,KCNMA1_3,186,186,0,0.0
expression,KCNMB1_3,186,186,0,0.0
expression,KCNMB4_3,186,186,0,0.0
expression,KCNN3_3,186,186,0,0.0
expression,KCNN4_3,186,186,0,0.0
expression,KCNQ1_3,186,186,0,0.0
expression,KCNQ5_3,186,186,0,0.0
expression,KCP_3,186,186,0,0.0
expression,KCTD1_3,186,186,0,0.0
expression,KCTD10_3,186,186,0,0.0
expression,KCTD11_3,186,186,0,0.0
expression,KCTD12_3,186,186,0,0.0
expression,KCTD13_3,186,186,0,0.0
expression,KCTD15_3,186,186,0,0.0
expression,KCTD16_3,186,186,0,0.0
expression,KCTD17_3,186,186,0,0.0
expression,KCTD18_3,186,186,0,0.0
expression,KCTD2_3,186,186,0,0.0
expression,KCTD20_3,186,186,0,0.0
expression,KCTD21_3,186,186,0,0.0
expression,KCTD3_3,186,186,0,0.0
expression,KCTD5_3,186,186,0,0.0
expression,KCTD6_3,186,186,0,0.0
expression,KCTD7_3,186,186,0,0.0
expression,KCTD9_3,186,186,0,0.0
expression,KDELR1_3,186,186,0,0.0
expression,KDELR2_3,186,186,0,0.0
expression,KDELR3_3,186,186,0,0.0
expression,KDM1A_3,186,186,0,0.0
expression,KDM1B_3,186,186,0,0.0
expression,KDM2A_3,186,186,0,0.0
expression,KDM2B_3,186,186,0,0.0
expression,KDM3A_3,186,186,0,0.0
expression,KDM3B_3,186,186,0,0.0
expression,KDM4A_3,186,186,0,0.0
expression,KDM4B_3,186,186,0,0.0
expression,KDM4C_3,186,186,0,0.0
expression,KDM5A_3,186,186,0,0.0
expression,KDM5B_3,186,186,0,0.0
expression,KDM5C_3,186,186,0,0.0
expression,KDM6A_3,186,186,0,0.0
expression,KDM6B_3,186,186,0,0.0
expression,KDM7A_3,186,186,0,0.0
expression,KDM8_3,186,186,0,0.0
expression,KDR_3,186,186,0,0.0
expression,KDSR_3,186,186,0,0.0
expression,KEAP1_3,186,186,0,0.0
expression,KEL_3,186,186,0,0.0
expression,KHDC4_3,186,186,0,0.0
expression,KHDRBS1_3,186,186,0,0.0
expression,KHDRBS3_3,186,186,0,0.0
expression,KHK_3,186,186,0,0.0
expression,KHNYN_3,186,186,0,0.0
expression,KHSRP_3,186,186,0,0.0
expression,KIAA0040_3,186,186,0,0.0
expression,KIAA0100_3,186,186,0,0.0
expression,KIAA0232_3,186,186,0,0.0
expression,KIAA0319L_3,186,186,0,0.0
expression,KIAA0408_3,186,186,0,0.0
expression,KIAA0513_3,186,186,0,0.0
expression,KIAA0586_3,186,186,0,0.0
expression,KIAA0753_3,186,186,0,0.0
expression,KIAA0825_3,186,186,0,0.0
expression,KIAA0895_3,186,186,0,0.0
expression,KIAA0895L_3,186,186,0,0.0
expression,KIAA0930_3,186,186,0,0.0
expression,KIAA1109_3,186,186,0,0.0
expression,KIAA1143_3,186,186,0,0.0
expression,KIAA1191_3,186,186,0,0.0
expression,KIAA1217_3,186,186,0,0.0
expression,KIAA1328_3,186,186,0,0.0
expression,KIAA1522_3,186,186,0,0.0
expression,KIAA1549_3,186,186,0,0.0
expression,KIAA1614_3,186,186,0,0.0
expression,KIAA1671_3,186,186,0,0.0
expression,KIAA1841_3,186,186,0,0.0
expression,KIAA1958_3,186,186,0,0.0
expression,KIAA2012_3,186,186,0,0.0
expression,KIAA2013_3,186,186,0,0.0
expression,KIAA2026_3,186,186,0,0.0
expression,KIDINS220_3,186,186,0,0.0
expression,KIF11_3,186,186,0,0.0
expression,KIF13A_3,186,186,0,0.0
expression,KIF13B_3,186,186,0,0.0
expression,KIF14_3,186,186,0,0.0
expression,KIF15_3,186,186,0,0.0
expression,KIF16B_3,186,186,0,0.0
expression,KIF18A_3,186,186,0,0.0
expression,KIF18B_3,186,186,0,0.0
expression,KIF1B_3,186,186,0,0.0
expression,KIF1C_3,186,186,0,0.0
expression,KIF20A_3,186,186,0,0.0
expression,KIF20B_3,186,186,0,0.0
expression,KIF21A_3,186,186,0,0.0
expression,KIF21B_3,186,186,0,0.0
expression,KIF22_3,186,186,0,0.0
expression,KIF23_3,186,186,0,0.0
expression,KIF24_3,186,186,0,0.0
expression,KIF26A_3,186,186,0,0.0
expression,KIF26B_3,186,186,0,0.0
expression,KIF27_3,186,186,0,0.0
expression,KIF2A_3,186,186,0,0.0
expression,KIF2C_3,186,186,0,0.0
expression,KIF3A_3,186,186,0,0.0
expression,KIF3B_4,186,186,0,0.0
expression,KIF3C_3,186,186,0,0.0
expression,KIF4A_3,186,186,0,0.0
expression,KIF5A_3,186,186,0,0.0
expression,KIF5B_3,186,186,0,0.0
expression,KIF5C_3,186,186,0,0.0
expression,KIF7_3,186,186,0,0.0
expression,KIF9_3,186,186,0,0.0
expression,KIFAP3_3,186,186,0,0.0
expression,KIFBP_3,186,186,0,0.0
expression,KIFC1_3,186,186,0,0.0
expression,KIFC2_3,186,186,0,0.0
expression,KIFC3_3,186,186,0,0.0
expression,KIN_3,186,186,0,0.0
expression,KIRREL1_3,186,186,0,0.0
expression,KIT_3,186,186,0,0.0
expression,KITLG_3,186,186,0,0.0
expression,KIZ_3,186,186,0,0.0
expression,KLC1_3,186,186,0,0.0
expression,KLC2_3,186,186,0,0.0
expression,KLC4_3,186,186,0,0.0
expression,KLF10_3,186,186,0,0.0
expression,KLF11_3,186,186,0,0.0
expression,KLF12_3,186,186,0,0.0
expression,KLF13_3,186,186,0,0.0
expression,KLF16_3,186,186,0,0.0
expression,KLF2_3,186,186,0,0.0
expression,KLF3_3,186,186,0,0.0
expression,KLF4_3,186,186,0,0.0
expression,KLF5_3,186,186,0,0.0
expression,KLF6_3,186,186,0,0.0
expression,KLF7_3,186,186,0,0.0
expression,KLF9_3,186,186,0,0.0
expression,KLHDC10_3,186,186,0,0.0
expression,KLHDC2_3,186,186,0,0.0
expression,KLHDC3_3,186,186,0,0.0
expression,KLHDC4_3,186,186,0,0.0
expression,KLHDC8B_3,186,186,0,0.0
expression,KLHL11_3,186,186,0,0.0
expression,KLHL12_3,186,186,0,0.0
expression,KLHL13_3,186,186,0,0.0
expression,KLHL15_3,186,186,0,0.0
expression,KLHL17_3,186,186,0,0.0
expression,KLHL18_3,186,186,0,0.0
expression,KLHL2_3,186,186,0,0.0
expression,KLHL20_3,186,186,0,0.0
expression,KLHL21_3,186,186,0,0.0
expression,KLHL22_3,186,186,0,0.0
expression,KLHL23_3,186,186,0,0.0
expression,KLHL24_3,186,186,0,0.0
expression,KLHL25_3,186,186,0,0.0
expression,KLHL26_3,186,186,0,0.0
expression,KLHL28_3,186,186,0,0.0
expression,KLHL29_3,186,186,0,0.0
expression,KLHL3_3,186,186,0,0.0
expression,KLHL31_3,186,186,0,0.0
expression,KLHL36_3,186,186,0,0.0
expression,KLHL42_3,186,186,0,0.0
expression,KLHL5_3,186,186,0,0.0
expression,KLHL6_3,186,186,0,0.0
expression,KLHL8_3,186,186,0,0.0
expression,KLHL9_3,186,186,0,0.0
expression,KLK4_3,186,186,0,0.0
expression,KLRG1_3,186,186,0,0.0
expression,KMT2A_3,186,186,0,0.0
expression,KMT2B_3,186,186,0,0.0
expression,KMT2C_3,186,186,0,0.0
expression,KMT2D_3,186,186,0,0.0
expression,KMT2E_3,186,186,0,0.0
expression,KMT5A_3,186,186,0,0.0
expression,KMT5B_3,186,186,0,0.0
expression,KMT5C_3,186,186,0,0.0
expression,KNL1_3,186,186,0,0.0
expression,KNOP1_3,186,186,0,0.0
expression,KNSTRN_3,186,186,0,0.0
expression,KNTC1_3,186,186,0,0.0
expression,KPNA1_3,186,186,0,0.0
expression,KPNA2_3,186,186,0,0.0
expression,KPNA3_3,186,186,0,0.0
expression,KPNA4_3,186,186,0,0.0
expression,KPNA5_3,186,186,0,0.0
expression,KPNA6_3,186,186,0,0.0
expression,KPNB1_3,186,186,0,0.0
expression,KPTN_3,186,186,0,0.0
expression,KRAS_3,186,186,0,0.0
expression,KRBA1_3,186,186,0,0.0
expression,KRBA2_3,186,186,0,0.0
expression,KRBOX4_3,186,186,0,0.0
expression,KRCC1_3,186,186,0,0.0
expression,KREMEN1_3,186,186,0,0.0
expression,KRI1_3,186,186,0,0.0
expression,KRIT1_3,186,186,0,0.0
expression,KRR1_3,186,186,0,0.0
expression,KRT10_3,186,186,0,0.0
expression,KRTCAP2_3,186,186,0,0.0
expression,KRTCAP3_3,186,186,0,0.0
expression,KSR1_3,186,186,0,0.0
expression,KTI12_3,186,186,0,0.0
expression,KTN1_3,186,186,0,0.0
expression,KXD1_3,186,186,0,0.0
expression,KYAT1_3,186,186,0,0.0
expression,KYAT3_3,186,186,0,0.0
expression,L2HGDH_3,186,186,0,0.0
expression,L3HYPDH_3,186,186,0,0.0
expression,L3MBTL1_3,186,186,0,0.0
expression,L3MBTL2_3,186,186,0,0.0
expression,L3MBTL3_3,186,186,0,0.0
expression,LACC1_3,186,186,0,0.0
expression,LACTB_3,186,186,0,0.0
expression,LACTB2_3,186,186,0,0.0
expression,LAG3_3,186,186,0,0.0
expression,LAIR1_3,186,186,0,0.0
expression,LAMA1_3,186,186,0,0.0
expression,LAMA2_3,186,186,0,0.0
expression,LAMA3_3,186,186,0,0.0
expression,LAMA4_3,186,186,0,0.0
expression,LAMA5_3,186,186,0,0.0
expression,LAMB1_3,186,186,0,0.0
expression,LAMB2_3,186,186,0,0.0
expression,LAMC1_3,186,186,0,0.0
expression,LAMC2_3,186,186,0,0.0
expression,LAMC3_3,186,186,0,0.0
expression,LAMP1_3,186,186,0,0.0
expression,LAMP2_3,186,186,0,0.0
expression,LAMTOR1_3,186,186,0,0.0
expression,LAMTOR2_3,186,186,0,0.0
expression,LAMTOR3_3,186,186,0,0.0
expression,LAMTOR4_3,186,186,0,0.0
expression,LAMTOR5_3,186,186,0,0.0
expression,LANCL1_3,186,186,0,0.0
expression,LANCL2_3,186,186,0,0.0
expression,LANCL3_3,186,186,0,0.0
expression,LAP3_3,186,186,0,0.0
expression,LAPTM4A_3,186,186,0,0.0
expression,LAPTM5_3,186,186,0,0.0
expression,LARGE1_3,186,186,0,0.0
expression,LARP1_3,186,186,0,0.0
expression,LARP1B_3,186,186,0,0.0
expression,LARP4_3,186,186,0,0.0
expression,LARP4B_3,186,186,0,0.0
expression,LARP6_3,186,186,0,0.0
expression,LARP7_3,186,186,0,0.0
expression,LARS1_3,186,186,0,0.0
expression,LARS2_3,186,186,0,0.0
expression,LAS1L_3,186,186,0,0.0
expression,LASP1_3,186,186,0,0.0
expression,LAT_3,186,186,0,0.0
expression,LAT2_3,186,186,0,0.0
expression,LATS1_3,186,186,0,0.0
expression,LATS2_3,186,186,0,0.0
expression,LAYN_3,186,186,0,0.0
expression,LBH_3,186,186,0,0.0
expression,LBR_3,186,186,0,0.0
expression,LCA5_3,186,186,0,0.0
expression,LCAT_3,186,186,0,0.0
expression,LCK_3,186,186,0,0.0
expression,LCLAT1_3,186,186,0,0.0
expression,LCMT1_3,186,186,0,0.0
expression,LCOR_3,186,186,0,0.0
expression,LCORL_3,186,186,0,0.0
expression,LCP1_3,186,186,0,0.0
expression,LCP2_3,186,186,0,0.0
expression,LDAH_3,186,186,0,0.0
expression,LDB1_3,186,186,0,0.0
expression,LDB2_3,186,186,0,0.0
expression,LDHA_3,186,186,0,0.0
expression,LDHAL6B_3,186,186,0,0.0
expression,LDHB_3,186,186,0,0.0
expression,LDLR_3,186,186,0,0.0
expression,LDLRAD3_3,186,186,0,0.0
expression,LDLRAD4_3,186,186,0,0.0
expression,LDLRAP1_3,186,186,0,0.0
expression,LDOC1_3,186,186,0,0.0
expression,LEF1_3,186,186,0,0.0
expression,LEMD2_3,186,186,0,0.0
expression,LEMD3_3,186,186,0,0.0
expression,LENG1_3,186,186,0,0.0
expression,LENG8_3,186,186,0,0.0
expression,LEO1_3,186,186,0,0.0
expression,LEPR_3,186,186,0,0.0
expression,LEPROT_3,186,186,0,0.0
expression,LEPROTL1_3,186,186,0,0.0
expression,LETM1_3,186,186,0,0.0
expression,LETM2_3,186,186,0,0.0
expression,LETMD1_3,186,186,0,0.0
expression,LFNG_3,186,186,0,0.0
expression,LGALS1_3,186,186,0,0.0
expression,LGALS3_3,186,186,0,0.0
expression,LGALS8_3,186,186,0,0.0
expression,LGALS9_3,186,186,0,0.0
expression,LGALSL_3,186,186,0,0.0
expression,LGI4_3,186,186,0,0.0
expression,LGMN_3,186,186,0,0.0
expression,LGR4_3,186,186,0,0.0
expression,LHFPL2_3,186,186,0,0.0
expression,LHFPL6_3,186,186,0,0.0
expression,LHPP_3,186,186,0,0.0
expression,LHX2_3,186,186,0,0.0
expression,LHX6_3,186,186,0,0.0
expression,LIAS_3,186,186,0,0.0
expression,LIFR_3,186,186,0,0.0
expression,LIG1_3,186,186,0,0.0
expression,LIG3_3,186,186,0,0.0
expression,LIG4_3,186,186,0,0.0
expression,LIMA1_3,186,186,0,0.0
expression,LIMCH1_3,186,186,0,0.0
expression,LIMD1_3,186,186,0,0.0
expression,LIMD2_3,186,186,0,0.0
expression,LIMK1_3,186,186,0,0.0
expression,LIMK2_3,186,186,0,0.0
expression,LIMS1_3,186,186,0,0.0
expression,LIMS2_3,186,186,0,0.0
expression,LIN37_3,186,186,0,0.0
expression,LIN52_3,186,186,0,0.0
expression,LIN54_3,186,186,0,0.0
expression,LIN7B_3,186,186,0,0.0
expression,LIN7C_2,186,186,0,0.0
expression,LIN9_3,186,186,0,0.0
expression,LINS1_3,186,186,0,0.0
expression,LIPA_3,186,186,0,0.0
expression,LIPC_3,186,186,0,0.0
expression,LIPE_3,186,186,0,0.0
expression,LIPT1_3,186,186,0,0.0
expression,LIPT2_3,186,186,0,0.0
expression,LITAF_3,186,186,0,0.0
expression,LIX1L_3,186,186,0,0.0
expression,LLGL1_3,186,186,0,0.0
expression,LLGL2_3,186,186,0,0.0
expression,LLPH_3,186,186,0,0.0
expression,LMAN1_3,186,186,0,0.0
expression,LMAN2_3,186,186,0,0.0
expression,LMAN2L_3,186,186,0,0.0
expression,LMBR1_3,186,186,0,0.0
expression,LMBR1L_3,186,186,0,0.0
expression,LMBRD1_3,186,186,0,0.0
expression,LMBRD2_3,186,186,0,0.0
expression,LMCD1_3,186,186,0,0.0
expression,LMF1_3,186,186,0,0.0
expression,LMF2_3,186,186,0,0.0
expression,LMLN_3,186,186,0,0.0
expression,LMNA_3,186,186,0,0.0
expression,LMNB1_3,186,186,0,0.0
expression,LMNB2_3,186,186,0,0.0
expression,LMO2_3,186,186,0,0.0
expression,LMO4_3,186,186,0,0.0
expression,LMO7_3,186,186,0,0.0
expression,LMOD1_3,186,186,0,0.0
expression,LMTK2_3,186,186,0,0.0
expression,LNPEP_3,186,186,0,0.0
expression,LNPK_3,186,186,0,0.0
expression,LNX1_3,186,186,0,0.0
expression,LNX2_3,186,186,0,0.0
expression,LOC100682654_3,186,186,0,0.0
expression,LOC100682670_3,186,186,0,0.0
expression,LOC100682968_3,186,186,0,0.0
expression,LOC100682992_3,186,186,0,0.0
expression,LOC100683001_3,186,186,0,0.0
expression,LOC100683303_3,186,186,0,0.0
expression,LOC100683344_3,186,186,0,0.0
expression,LOC100683370_3,186,186,0,0.0
expression,LOC100683431_3,186,186,0,0.0
expression,LOC100683650_3,186,186,0,0.0
expression,LOC100683724_3,186,186,0,0.0
expression,LOC100683760_3,186,186,0,0.0
expression,LOC100684058_3,186,186,0,0.0
expression,LOC100684379_3,186,186,0,0.0
expression,LOC100684414_3,186,186,0,0.0
expression,LOC100684741_3,186,186,0,0.0
expression,LOC100684769_3,186,186,0,0.0
expression,LOC100684878_3,186,186,0,0.0
expression,LOC100684983_3,186,186,0,0.0
expression,LOC100685214_3,186,186,0,0.0
expression,LOC100685341_2,186,186,0,0.0
expression,LOC100685565_3,186,186,0,0.0
expression,LOC100685630_3,186,186,0,0.0
expression,LOC100685822_3,186,186,0,0.0
expression,LOC100686047_3,186,186,0,0.0
expression,LOC100686073_3,186,186,0,0.0
expression,LOC100686099_3,186,186,0,0.0
expression,LOC100686198_3,186,186,0,0.0
expression,LOC100686484_3,186,186,0,0.0
expression,LOC100686502_3,186,186,0,0.0
expression,LOC100686511_3,186,186,0,0.0
expression,LOC100686546_3,186,186,0,0.0
expression,LOC100686569_3,186,186,0,0.0
expression,LOC100686571_3,186,186,0,0.0
expression,LOC100687157_3,186,186,0,0.0
expression,LOC100687285_3,186,186,0,0.0
expression,LOC100687459_3,186,186,0,0.0
expression,LOC100687749_3,186,186,0,0.0
expression,LOC100687817_3,186,186,0,0.0
expression,LOC100688040_3,186,186,0,0.0
expression,LOC100688055_3,186,186,0,0.0
expression,LOC100688077_3,186,186,0,0.0
expression,LOC100688087_2,186,186,0,0.0
expression,LOC100688210_3,186,186,0,0.0
expression,LOC100688321_3,186,186,0,0.0
expression,LOC100688446_3,186,186,0,0.0
expression,LOC100688768_3,186,186,0,0.0
expression,LOC100688793_3,186,186,0,0.0
expression,LOC100688849_3,186,186,0,0.0
expression,LOC100688940_3,186,186,0,0.0
expression,LOC100855449_3,186,186,0,0.0
expression,LOC100855538_2,186,186,0,0.0
expression,LOC100855552_3,186,186,0,0.0
expression,LOC100855559_3,186,186,0,0.0
expression,LOC100855618_2,186,186,0,0.0
expression,LOC100855676_3,186,186,0,0.0
expression,LOC100855689_3,186,186,0,0.0
expression,LOC100855887_3,186,186,0,0.0
expression,LOC100855903_3,186,186,0,0.0
expression,LOC100855928_3,186,186,0,0.0
expression,LOC100855970_2,186,186,0,0.0
expression,LOC100855995_3,186,186,0,0.0
expression,LOC100856028_2,186,186,0,0.0
expression,LOC100856086_3,186,186,0,0.0
expression,LOC100856135_3,186,186,0,0.0
expression,LOC100856137_3,186,186,0,0.0
expression,LOC100856166_3,186,186,0,0.0
expression,LOC100856176_3,186,186,0,0.0
expression,LOC100856299_3,186,186,0,0.0
expression,LOC100856313_3,186,186,0,0.0
expression,LOC100856339_3,186,186,0,0.0
expression,LOC100856382_3,186,186,0,0.0
expression,LOC100856547_3,186,186,0,0.0
expression,LOC100856603_3,186,186,0,0.0
expression,LOC100856607_3,186,186,0,0.0
expression,LOC100856725_3,186,186,0,0.0
expression,LOC100856727_3,186,186,0,0.0
expression,LOC100856758_3,186,186,0,0.0
expression,LOC100856765_3,186,186,0,0.0
expression,LOC100856786_3,186,186,0,0.0
expression,LOC102151151_3,186,186,0,0.0
expression,LOC102151168_3,186,186,0,0.0
expression,LOC102151182_3,186,186,0,0.0
expression,LOC102151264_3,186,186,0,0.0
expression,LOC102151320_3,186,186,0,0.0
expression,LOC102151399_3,186,186,0,0.0
expression,LOC102151461_3,186,186,0,0.0
expression,LOC102151514_3,186,186,0,0.0
expression,LOC102151519_3,186,186,0,0.0
expression,LOC102151580_2,186,186,0,0.0
expression,LOC102151615_3,186,186,0,0.0
expression,LOC102151620_3,186,186,0,0.0
expression,LOC102151699_3,186,186,0,0.0
expression,LOC102151796_3,186,186,0,0.0
expression,LOC102151812_3,186,186,0,0.0
expression,LOC102151838_3,186,186,0,0.0
expression,LOC102152013_3,186,186,0,0.0
expression,LOC102152082_3,186,186,0,0.0
expression,LOC102152088_3,186,186,0,0.0
expression,LOC102152102_3,186,186,0,0.0
expression,LOC102152103_3,186,186,0,0.0
expression,LOC102152187_3,186,186,0,0.0
expression,LOC102152234_3,186,186,0,0.0
expression,LOC102152361_3,186,186,0,0.0
expression,LOC102152377_3,186,186,0,0.0
expression,LOC102152407_3,186,186,0,0.0
expression,LOC102152446_3,186,186,0,0.0
expression,LOC102152517_3,186,186,0,0.0
expression,LOC102152536_3,186,186,0,0.0
expression,LOC102152605_3,186,186,0,0.0
expression,LOC102152612_3,186,186,0,0.0
expression,LOC102152658_3,186,186,0,0.0
expression,LOC102152659_3,186,186,0,0.0
expression,LOC102152670_3,186,186,0,0.0
expression,LOC102152707_3,186,186,0,0.0
expression,LOC102152723_3,186,186,0,0.0
expression,LOC102152728_3,186,186,0,0.0
expression,LOC102152804_3,186,186,0,0.0
expression,LOC102152808_3,186,186,0,0.0
expression,LOC102152829_3,186,186,0,0.0
expression,LOC102152872_3,186,186,0,0.0
expression,LOC102152873_3,186,186,0,0.0
expression,LOC102152875_3,186,186,0,0.0
expression,LOC102152908_3,186,186,0,0.0
expression,LOC102152916_3,186,186,0,0.0
expression,LOC102152940_3,186,186,0,0.0
expression,LOC102152980_3,186,186,0,0.0
expression,LOC102153058_3,186,186,0,0.0
expression,LOC102153098_3,186,186,0,0.0
expression,LOC102153143_2,186,186,0,0.0
expression,LOC102153193_2,186,186,0,0.0
expression,LOC102153227_3,186,186,0,0.0
expression,LOC102153360_3,186,186,0,0.0
expression,LOC102153374_3,186,186,0,0.0
expression,LOC102153396_3,186,186,0,0.0
expression,LOC102153410_3,186,186,0,0.0
expression,LOC102153462_3,186,186,0,0.0
expression,LOC102153482_3,186,186,0,0.0
expression,LOC102153511_3,186,186,0,0.0
expression,LOC102153616_3,186,186,0,0.0
expression,LOC102153619_3,186,186,0,0.0
expression,LOC102153687_3,186,186,0,0.0
expression,LOC102153718_3,186,186,0,0.0
expression,LOC102153756_3,186,186,0,0.0
expression,LOC102153843_3,186,186,0,0.0
expression,LOC102154096_3,186,186,0,0.0
expression,LOC102154126_3,186,186,0,0.0
expression,LOC102154180_3,186,186,0,0.0
expression,LOC102154238_3,186,186,0,0.0
expression,LOC102154314_2,186,186,0,0.0
expression,LOC102154437_3,186,186,0,0.0
expression,LOC102154486_3,186,186,0,0.0
expression,LOC102154658_3,186,186,0,0.0
expression,LOC102154710_3,186,186,0,0.0
expression,LOC102154731_3,186,186,0,0.0
expression,LOC102154740_3,186,186,0,0.0
expression,LOC102154781_3,186,186,0,0.0
expression,LOC102154829_2,186,186,0,0.0
expression,LOC102154875_3,186,186,0,0.0
expression,LOC102154889_3,186,186,0,0.0
expression,LOC102154925_3,186,186,0,0.0
expression,LOC102154971_3,186,186,0,0.0
expression,LOC102155086_3,186,186,0,0.0
expression,LOC102155122_3,186,186,0,0.0
expression,LOC102155141_3,186,186,0,0.0
expression,LOC102155146_3,186,186,0,0.0
expression,LOC102155200_2,186,186,0,0.0
expression,LOC102155220_3,186,186,0,0.0
expression,LOC102155239_3,186,186,0,0.0
expression,LOC102155242_3,186,186,0,0.0
expression,LOC102155295_3,186,186,0,0.0
expression,LOC102155300_3,186,186,0,0.0
expression,LOC102155331_3,186,186,0,0.0
expression,LOC102155336_2,186,186,0,0.0
expression,LOC102155353_3,186,186,0,0.0
expression,LOC102155367_3,186,186,0,0.0
expression,LOC102155379_3,186,186,0,0.0
expression,LOC102155480_3,186,186,0,0.0
expression,LOC102155527_3,186,186,0,0.0
expression,LOC102155549_3,186,186,0,0.0
expression,LOC102155552_3,186,186,0,0.0
expression,LOC102155565_3,186,186,0,0.0
expression,LOC102155597_3,186,186,0,0.0
expression,LOC102155681_3,186,186,0,0.0
expression,LOC102155709_3,186,186,0,0.0
expression,LOC102155710_3,186,186,0,0.0
expression,LOC102155727_2,186,186,0,0.0
expression,LOC102155800_3,186,186,0,0.0
expression,LOC102155805_3,186,186,0,0.0
expression,LOC102155886_3,186,186,0,0.0
expression,LOC102155918_3,186,186,0,0.0
expression,LOC102155960_3,186,186,0,0.0
expression,LOC102155962_3,186,186,0,0.0
expression,LOC102155998_3,186,186,0,0.0
expression,LOC102156006_3,186,186,0,0.0
expression,LOC102156046_3,186,186,0,0.0
expression,LOC102156100_3,186,186,0,0.0
expression,LOC102156128_3,186,186,0,0.0
expression,LOC102156183_3,186,186,0,0.0
expression,LOC102156205_3,186,186,0,0.0
expression,LOC102156213_3,186,186,0,0.0
expression,LOC102156231_3,186,186,0,0.0
expression,LOC102156332_4,186,186,0,0.0
expression,LOC102156352_3,186,186,0,0.0
expression,LOC102156359_3,186,186,0,0.0
expression,LOC102156402_3,186,186,0,0.0
expression,LOC102156447_3,186,186,0,0.0
expression,LOC102156500_3,186,186,0,0.0
expression,LOC102156679_3,186,186,0,0.0
expression,LOC102156686_3,186,186,0,0.0
expression,LOC102156729_3,186,186,0,0.0
expression,LOC102156733_3,186,186,0,0.0
expression,LOC102156785_2,186,186,0,0.0
expression,LOC102156900_3,186,186,0,0.0
expression,LOC102156972_2,186,186,0,0.0
expression,LOC102156994_3,186,186,0,0.0
expression,LOC102156997_3,186,186,0,0.0
expression,LOC102157027_3,186,186,0,0.0
expression,LOC102157030_3,186,186,0,0.0
expression,LOC102157078_3,186,186,0,0.0
expression,LOC102157101_3,186,186,0,0.0
expression,LOC102157126_3,186,186,0,0.0
expression,LOC102157134_3,186,186,0,0.0
expression,LOC102157159_3,186,186,0,0.0
expression,LOC102157224_3,186,186,0,0.0
expression,LOC102157225_3,186,186,0,0.0
expression,LOC102157283_3,186,186,0,0.0
expression,LOC102157313_3,186,186,0,0.0
expression,LOC102157317_3,186,186,0,0.0
expression,LOC106557461_3,186,186,0,0.0
expression,LOC106557472_3,186,186,0,0.0
expression,LOC106557476_3,186,186,0,0.0
expression,LOC106557516_2,186,186,0,0.0
expression,LOC106557643_3,186,186,0,0.0
expression,LOC106557731_3,186,186,0,0.0
expression,LOC106557734_3,186,186,0,0.0
expression,LOC106557817_2,186,186,0,0.0
expression,LOC106557828_3,186,186,0,0.0
expression,LOC106557898_3,186,186,0,0.0
expression,LOC106557923_3,186,186,0,0.0
expression,LOC106557930_3,186,186,0,0.0
expression,LOC106557987_3,186,186,0,0.0
expression,LOC106558272_3,186,186,0,0.0
expression,LOC106558298_3,186,186,0,0.0
expression,LOC106558323_3,186,186,0,0.0
expression,LOC106558374_3,186,186,0,0.0
expression,LOC106558440_3,186,186,0,0.0
expression,LOC106558496_3,186,186,0,0.0
expression,LOC106558544_3,186,186,0,0.0
expression,LOC106558576_3,186,186,0,0.0
expression,LOC106558633_2,186,186,0,0.0
expression,LOC106558650_3,186,186,0,0.0
expression,LOC106558651_3,186,186,0,0.0
expression,LOC106558744_3,186,186,0,0.0
expression,LOC106558795_3,186,186,0,0.0
expression,LOC106558823_3,186,186,0,0.0
expression,LOC106558828_3,186,186,0,0.0
expression,LOC106558875_3,186,186,0,0.0
expression,LOC106558942_3,186,186,0,0.0
expression,LOC106558983_3,186,186,0,0.0
expression,LOC106558995_3,186,186,0,0.0
expression,LOC106558999_3,186,186,0,0.0
expression,LOC106559057_3,186,186,0,0.0
expression,LOC106559183_3,186,186,0,0.0
expression,LOC106559235_3,186,186,0,0.0
expression,LOC106559413_3,186,186,0,0.0
expression,LOC106559434_3,186,186,0,0.0
expression,LOC106559441_3,186,186,0,0.0
expression,LOC106559497_3,186,186,0,0.0
expression,LOC106559541_3,186,186,0,0.0
expression,LOC106559554_3,186,186,0,0.0
expression,LOC106559612_3,186,186,0,0.0
expression,LOC106559613_3,186,186,0,0.0
expression,LOC106559620_3,186,186,0,0.0
expression,LOC106559648_3,186,186,0,0.0
expression,LOC106559703_3,186,186,0,0.0
expression,LOC106559767_3,186,186,0,0.0
expression,LOC106559787_3,186,186,0,0.0
expression,LOC106559890_3,186,186,0,0.0
expression,LOC106560123_3,186,186,0,0.0
expression,LOC106560171_3,186,186,0,0.0
expression,LOC111089980_3,186,186,0,0.0
expression,LOC111089999_3,186,186,0,0.0
expression,LOC111090000_5,186,186,0,0.0
expression,LOC111090004_3,186,186,0,0.0
expression,LOC111090112_3,186,186,0,0.0
expression,LOC111090401_3,186,186,0,0.0
expression,LOC111090460_2,186,186,0,0.0
expression,LOC111090511_3,186,186,0,0.0
expression,LOC111090955_3,186,186,0,0.0
expression,LOC111090991_3,186,186,0,0.0
expression,LOC111091026_3,186,186,0,0.0
expression,LOC111091205_3,186,186,0,0.0
expression,LOC111091356_2,186,186,0,0.0
expression,LOC111091386_3,186,186,0,0.0
expression,LOC111091403_2,186,186,0,0.0
expression,LOC111091522_3,186,186,0,0.0
expression,LOC111091601_3,186,186,0,0.0
expression,LOC111091657_3,186,186,0,0.0
expression,LOC111091702_2,186,186,0,0.0
expression,LOC111091708_3,186,186,0,0.0
expression,LOC111091987_3,186,186,0,0.0
expression,LOC111092039_3,186,186,0,0.0
expression,LOC111092155_2,186,186,0,0.0
expression,LOC111092251_3,186,186,0,0.0
expression,LOC111092404_3,186,186,0,0.0
expression,LOC111092428_3,186,186,0,0.0
expression,LOC111092487_3,186,186,0,0.0
expression,LOC111092504_3,186,186,0,0.0
expression,LOC111092641_3,186,186,0,0.0
expression,LOC111092789_3,186,186,0,0.0
expression,LOC111092974_3,186,186,0,0.0
expression,LOC111092977_3,186,186,0,0.0
expression,LOC111093101_3,186,186,0,0.0
expression,LOC111093306_3,186,186,0,0.0
expression,LOC111093450_3,186,186,0,0.0
expression,LOC111093532_3,186,186,0,0.0
expression,LOC111093573_3,186,186,0,0.0
expression,LOC111094002_3,186,186,0,0.0
expression,LOC111094052_3,186,186,0,0.0
expression,LOC111094054_3,186,186,0,0.0
expression,LOC111094464_3,186,186,0,0.0
expression,LOC111094485_3,186,186,0,0.0
expression,LOC111094756_3,186,186,0,0.0
expression,LOC111094759_3,186,186,0,0.0
expression,LOC111094801_3,186,186,0,0.0
expression,LOC111094852_3,186,186,0,0.0
expression,LOC111095125_3,186,186,0,0.0
expression,LOC111095127_3,186,186,0,0.0
expression,LOC111095265_3,186,186,0,0.0
expression,LOC111095279_2,186,186,0,0.0
expression,LOC111095431_3,186,186,0,0.0
expression,LOC111095434_3,186,186,0,0.0
expression,LOC111095525_3,186,186,0,0.0
expression,LOC111095570_3,186,186,0,0.0
expression,LOC111095870_3,186,186,0,0.0
expression,LOC111096053_3,186,186,0,0.0
expression,LOC111096076_3,186,186,0,0.0
expression,LOC111096123_3,186,186,0,0.0
expression,LOC111096175_3,186,186,0,0.0
expression,LOC111096242_3,186,186,0,0.0
expression,LOC111096329_3,186,186,0,0.0
expression,LOC111096577_3,186,186,0,0.0
expression,LOC111096661_3,186,186,0,0.0
expression,LOC111097086_3,186,186,0,0.0
expression,LOC111097267_3,186,186,0,0.0
expression,LOC111097271_3,186,186,0,0.0
expression,LOC111097434_3,186,186,0,0.0
expression,LOC111097709_3,186,186,0,0.0
expression,LOC111097721_3,186,186,0,0.0
expression,LOC111097976_3,186,186,0,0.0
expression,LOC111098084_3,186,186,0,0.0
expression,LOC111098095_3,186,186,0,0.0
expression,LOC111098298_3,186,186,0,0.0
expression,LOC111098346_3,186,186,0,0.0
expression,LOC111098412_3,186,186,0,0.0
expression,LOC111098484_3,186,186,0,0.0
expression,LOC111098574_3,186,186,0,0.0
expression,LOC111098575_3,186,186,0,0.0
expression,LOC111098591_3,186,186,0,0.0
expression,LOC111098715_3,186,186,0,0.0
expression,LOC111098815_3,186,186,0,0.0
expression,LOC111098966_3,186,186,0,0.0
expression,LOC119863874_3,186,186,0,0.0
expression,LOC119863879_1,186,186,0,0.0
expression,LOC119863880_3,186,186,0,0.0
expression,LOC119863882_3,186,186,0,0.0
expression,LOC119863891_3,186,186,0,0.0
expression,LOC119863903_3,186,186,0,0.0
expression,LOC119863904_2,186,186,0,0.0
expression,LOC119863905_3,186,186,0,0.0
expression,LOC119863906_3,186,186,0,0.0
expression,LOC119863908_3,186,186,0,0.0
expression,LOC119863910_3,186,186,0,0.0
expression,LOC119863914_3,186,186,0,0.0
expression,LOC119863916_3,186,186,0,0.0
expression,LOC119863920_3,186,186,0,0.0
expression,LOC119863930_3,186,186,0,0.0
expression,LOC119863969_3,186,186,0,0.0
expression,LOC119863976_3,186,186,0,0.0
expression,LOC119864252_2,186,186,0,0.0
expression,LOC119864271_3,186,186,0,0.0
expression,LOC119864280_3,186,186,0,0.0
expression,LOC119864286_2,186,186,0,0.0
expression,LOC119864296_3,186,186,0,0.0
expression,LOC119864434_3,186,186,0,0.0
expression,LOC119864445_3,186,186,0,0.0
expression,LOC119864483_2,186,186,0,0.0
expression,LOC119864490_3,186,186,0,0.0
expression,LOC119864502_3,186,186,0,0.0
expression,LOC119864503_3,186,186,0,0.0
expression,LOC119864504_3,186,186,0,0.0
expression,LOC119864507_3,186,186,0,0.0
expression,LOC119864508_3,186,186,0,0.0
expression,LOC119864695_1,186,186,0,0.0
expression,LOC119864696_3,186,186,0,0.0
expression,LOC119864747_3,186,186,0,0.0
expression,LOC119864752_3,186,186,0,0.0
expression,LOC119864868_1,186,186,0,0.0
expression,LOC119864962_3,186,186,0,0.0
expression,LOC119864981_2,186,186,0,0.0
expression,LOC119865014_3,186,186,0,0.0
expression,LOC119865018_3,186,186,0,0.0
expression,LOC119865174_3,186,186,0,0.0
expression,LOC119865433_3,186,186,0,0.0
expression,LOC119865448_3,186,186,0,0.0
expression,LOC119865601_1,186,186,0,0.0
expression,LOC119865621_3,186,186,0,0.0
expression,LOC119865824_1,186,186,0,0.0
expression,LOC119865898_3,186,186,0,0.0
expression,LOC119866124_3,186,186,0,0.0
expression,LOC119866125_3,186,186,0,0.0
expression,LOC119866144_3,186,186,0,0.0
expression,LOC119866325_3,186,186,0,0.0
expression,LOC119866377_3,186,186,0,0.0
expression,LOC119866440_3,186,186,0,0.0
expression,LOC119866556_3,186,186,0,0.0
expression,LOC119866566_3,186,186,0,0.0
expression,LOC119866603_3,186,186,0,0.0
expression,LOC119866689_3,186,186,0,0.0
expression,LOC119866708_3,186,186,0,0.0
expression,LOC119866748_3,186,186,0,0.0
expression,LOC119866751_3,186,186,0,0.0
expression,LOC119866898_3,186,186,0,0.0
expression,LOC119866906_3,186,186,0,0.0
expression,LOC119866907_3,186,186,0,0.0
expression,LOC119866917_1,186,186,0,0.0
expression,LOC119866918_3,186,186,0,0.0
expression,LOC119867047_3,186,186,0,0.0
expression,LOC119867078_2,186,186,0,0.0
expression,LOC119867160_3,186,186,0,0.0
expression,LOC119867182_3,186,186,0,0.0
expression,LOC119867206_3,186,186,0,0.0
expression,LOC119867351_3,186,186,0,0.0
expression,LOC119867359_2,186,186,0,0.0
expression,LOC119867497_3,186,186,0,0.0
expression,LOC119867639_3,186,186,0,0.0
expression,LOC119867646_3,186,186,0,0.0
expression,LOC119867725_3,186,186,0,0.0
expression,LOC119867732_3,186,186,0,0.0
expression,LOC119867740_3,186,186,0,0.0
expression,LOC119867830_2,186,186,0,0.0
expression,LOC119867857_3,186,186,0,0.0
expression,LOC119867931_3,186,186,0,0.0
expression,LOC119868082_3,186,186,0,0.0
expression,LOC119868218_3,186,186,0,0.0
expression,LOC119868237_3,186,186,0,0.0
expression,LOC119868317_3,186,186,0,0.0
expression,LOC119868345_2,186,186,0,0.0
expression,LOC119868446_3,186,186,0,0.0
expression,LOC119868508_3,186,186,0,0.0
expression,LOC119868838_2,186,186,0,0.0
expression,LOC119868892_1,186,186,0,0.0
expression,LOC119869019_2,186,186,0,0.0
expression,LOC119869290_3,186,186,0,0.0
expression,LOC119869333_3,186,186,0,0.0
expression,LOC119869526_2,186,186,0,0.0
expression,LOC119869726_3,186,186,0,0.0
expression,LOC119869747_3,186,186,0,0.0
expression,LOC119869764_3,186,186,0,0.0
expression,LOC119870017_3,186,186,0,0.0
expression,LOC119870079_3,186,186,0,0.0
expression,LOC119870144_3,186,186,0,0.0
expression,LOC119870323_1,186,186,0,0.0
expression,LOC119870868_3,186,186,0,0.0
expression,LOC119870872_3,186,186,0,0.0
expression,LOC119870874_3,186,186,0,0.0
expression,LOC119870876_3,186,186,0,0.0
expression,LOC119870886_3,186,186,0,0.0
expression,LOC119870913_3,186,186,0,0.0
expression,LOC119870915_3,186,186,0,0.0
expression,LOC119870917_3,186,186,0,0.0
expression,LOC119870962_3,186,186,0,0.0
expression,LOC119871018_3,186,186,0,0.0
expression,LOC119871130_3,186,186,0,0.0
expression,LOC119871137_3,186,186,0,0.0
expression,LOC119871191_3,186,186,0,0.0
expression,LOC119871277_3,186,186,0,0.0
expression,LOC119871425_3,186,186,0,0.0
expression,LOC119871436_3,186,186,0,0.0
expression,LOC119871773_3,186,186,0,0.0
expression,LOC119871774_2,186,186,0,0.0
expression,LOC119871820_3,186,186,0,0.0
expression,LOC119871823_3,186,186,0,0.0
expression,LOC119871908_3,186,186,0,0.0
expression,LOC119871952_3,186,186,0,0.0
expression,LOC119871961_3,186,186,0,0.0
expression,LOC119872027_3,186,186,0,0.0
expression,LOC119872161_2,186,186,0,0.0
expression,LOC119872167_3,186,186,0,0.0
expression,LOC119872207_3,186,186,0,0.0
expression,LOC119872212_3,186,186,0,0.0
expression,LOC119872230_3,186,186,0,0.0
expression,LOC119872272_3,186,186,0,0.0
expression,LOC119872514_3,186,186,0,0.0
expression,LOC119872569_3,186,186,0,0.0
expression,LOC119872575_3,186,186,0,0.0
expression,LOC119872605_3,186,186,0,0.0
expression,LOC119872627_3,186,186,0,0.0
expression,LOC119872642_3,186,186,0,0.0
expression,LOC119872805_2,186,186,0,0.0
expression,LOC119872975_2,186,186,0,0.0
expression,LOC119873208_3,186,186,0,0.0
expression,LOC119873220_3,186,186,0,0.0
expression,LOC119873226_3,186,186,0,0.0
expression,LOC119873276_3,186,186,0,0.0
expression,LOC119873296_3,186,186,0,0.0
expression,LOC119873342_3,186,186,0,0.0
expression,LOC119873395_3,186,186,0,0.0
expression,LOC119873404_3,186,186,0,0.0
expression,LOC119873560_3,186,186,0,0.0
expression,LOC119873599_3,186,186,0,0.0
expression,LOC119873615_3,186,186,0,0.0
expression,LOC119873708_3,186,186,0,0.0
expression,LOC119873711_3,186,186,0,0.0
expression,LOC119873859_2,186,186,0,0.0
expression,LOC119873901_3,186,186,0,0.0
expression,LOC119873904_3,186,186,0,0.0
expression,LOC119873925_3,186,186,0,0.0
expression,LOC119873934_3,186,186,0,0.0
expression,LOC119874067_1,186,186,0,0.0
expression,LOC119874144_3,186,186,0,0.0
expression,LOC119874234_3,186,186,0,0.0
expression,LOC119874407_3,186,186,0,0.0
expression,LOC119874482_3,186,186,0,0.0
expression,LOC119874537_3,186,186,0,0.0
expression,LOC119874667_3,186,186,0,0.0
expression,LOC119874670_3,186,186,0,0.0
expression,LOC119874749_2,186,186,0,0.0
expression,LOC119875882_2,186,186,0,0.0
expression,LOC119875920,186,186,0,0.0
expression,LOC119875949_1,186,186,0,0.0
expression,LOC119875954,186,186,0,0.0
expression,LOC119875957_1,186,186,0,0.0
expression,LOC119875958,186,186,0,0.0
expression,LOC119875963,186,186,0,0.0
expression,LOC119875988,186,186,0,0.0
expression,LOC119875996_2,186,186,0,0.0
expression,LOC119876004_2,186,186,0,0.0
expression,LOC119876011,186,186,0,0.0
expression,LOC119876016,186,186,0,0.0
expression,LOC119876050,186,186,0,0.0
expression,LOC119876062,186,186,0,0.0
expression,LOC119876078,186,186,0,0.0
expression,LOC119876109,186,186,0,0.0
expression,LOC119876122,186,186,0,0.0
expression,LOC119876134_1,186,186,0,0.0
expression,LOC119876140,186,186,0,0.0
expression,LOC119876172,186,186,0,0.0
expression,LOC119876297,186,186,0,0.0
expression,LOC119876310,186,186,0,0.0
expression,LOC119876314,186,186,0,0.0
expression,LOC119876315,186,186,0,0.0
expression,LOC119876317,186,186,0,0.0
expression,LOC119876347,186,186,0,0.0
expression,LOC119876352,186,186,0,0.0
expression,LOC119876358_1,186,186,0,0.0
expression,LOC119876363,186,186,0,0.0
expression,LOC119876388,186,186,0,0.0
expression,LOC119876405,186,186,0,0.0
expression,LOC119876458,186,186,0,0.0
expression,LOC119876465,186,186,0,0.0
expression,LOC119876487,186,186,0,0.0
expression,LOC119876513,186,186,0,0.0
expression,LOC119876617,186,186,0,0.0
expression,LOC119876628,186,186,0,0.0
expression,LOC119876629_1,186,186,0,0.0
expression,LOC119876659_1,186,186,0,0.0
expression,LOC119876720,186,186,0,0.0
expression,LOC119876730,186,186,0,0.0
expression,LOC119876731_2,186,186,0,0.0
expression,LOC119876737,186,186,0,0.0
expression,LOC119876763,186,186,0,0.0
expression,LOC119876769,186,186,0,0.0
expression,LOC119876783,186,186,0,0.0
expression,LOC119876787_1,186,186,0,0.0
expression,LOC119876788,186,186,0,0.0
expression,LOC119876815,186,186,0,0.0
expression,LOC119876825,186,186,0,0.0
expression,LOC119876849,186,186,0,0.0
expression,LOC119876868_1,186,186,0,0.0
expression,LOC119876872_1,186,186,0,0.0
expression,LOC119876879,186,186,0,0.0
expression,LOC119876935,186,186,0,0.0
expression,LOC119876975,186,186,0,0.0
expression,LOC119876977,186,186,0,0.0
expression,LOC119877011,186,186,0,0.0
expression,LOC119877015,186,186,0,0.0
expression,LOC119877030,186,186,0,0.0
expression,LOC119877031_2,186,186,0,0.0
expression,LOC119877043,186,186,0,0.0
expression,LOC119877044,186,186,0,0.0
expression,LOC119877050_1,186,186,0,0.0
expression,LOC119877152_2,186,186,0,0.0
expression,LOC119877163_1,186,186,0,0.0
expression,LOC119877166,186,186,0,0.0
expression,LOC119877167,186,186,0,0.0
expression,LOC119877177,186,186,0,0.0
expression,LOC119877186,186,186,0,0.0
expression,LOC119877202,186,186,0,0.0
expression,LOC119877247,186,186,0,0.0
expression,LOC119877253,186,186,0,0.0
expression,LOC119877265,186,186,0,0.0
expression,LOC119877302,186,186,0,0.0
expression,LOC119877322,186,186,0,0.0
expression,LOC119877323,186,186,0,0.0
expression,LOC119877325,186,186,0,0.0
expression,LOC119877335,186,186,0,0.0
expression,LOC119877341,186,186,0,0.0
expression,LOC119877369,186,186,0,0.0
expression,LOC119877400,186,186,0,0.0
expression,LOC119877415,186,186,0,0.0
expression,LOC119877426,186,186,0,0.0
expression,LOC119877428,186,186,0,0.0
expression,LOC119877429,186,186,0,0.0
expression,LOC119877438,186,186,0,0.0
expression,LOC119877459,186,186,0,0.0
expression,LOC119877462,186,186,0,0.0
expression,LOC119877466,186,186,0,0.0
expression,LOC119877479,186,186,0,0.0
expression,LOC119877482,186,186,0,0.0
expression,LOC119877485,186,186,0,0.0
expression,LOC119877502,186,186,0,0.0
expression,LOC119877503,186,186,0,0.0
expression,LOC119877523,186,186,0,0.0
expression,LOC119877532,186,186,0,0.0
expression,LOC119877539,186,186,0,0.0
expression,LOC119877541,186,186,0,0.0
expression,LOC119877588,186,186,0,0.0
expression,LOC119877597,186,186,0,0.0
expression,LOC119877610,186,186,0,0.0
expression,LOC119877688,186,186,0,0.0
expression,LOC119877702,186,186,0,0.0
expression,LOC119877704,186,186,0,0.0
expression,LOC119877722,186,186,0,0.0
expression,LOC119877744,186,186,0,0.0
expression,LOC119877792,186,186,0,0.0
expression,LOC119877798,186,186,0,0.0
expression,LOC119877800,186,186,0,0.0
expression,LOC119877828,186,186,0,0.0
expression,LOC119877838,186,186,0,0.0
expression,LOC119877841,186,186,0,0.0
expression,LOC119877842,186,186,0,0.0
expression,LOC119877844,186,186,0,0.0
expression,LOC119877863,186,186,0,0.0
expression,LOC119877885,186,186,0,0.0
expression,LOC119877912,186,186,0,0.0
expression,LOC119877913,186,186,0,0.0
expression,LOC119877926,186,186,0,0.0
expression,LOC119877930,186,186,0,0.0
expression,LOC119878016,186,186,0,0.0
expression,LOC119878020,186,186,0,0.0
expression,LOC119878025,186,186,0,0.0
expression,LOC119878054,186,186,0,0.0
expression,LOC119878056,186,186,0,0.0
expression,LOC119878057,186,186,0,0.0
expression,LOC119878063,186,186,0,0.0
expression,LOC119878064,186,186,0,0.0
expression,LOC119878065,186,186,0,0.0
expression,LOC119878070,186,186,0,0.0
expression,LOC119878072,186,186,0,0.0
expression,LOC119878084,186,186,0,0.0
expression,LOC119878093,186,186,0,0.0
expression,LOC119878095,186,186,0,0.0
expression,LOC119878137,186,186,0,0.0
expression,LOC119878183,186,186,0,0.0
expression,LOC119878211,186,186,0,0.0
expression,LOC119878213,186,186,0,0.0
expression,LOC119878256,186,186,0,0.0
expression,LOC119878257,186,186,0,0.0
expression,LOC119878273,186,186,0,0.0
expression,LOC119878298,186,186,0,0.0
expression,LOC119878304,186,186,0,0.0
expression,LOC119878309,186,186,0,0.0
expression,LOC119878321,186,186,0,0.0
expression,LOC119878322,186,186,0,0.0
expression,LOC119878329,186,186,0,0.0
expression,LOC119878346,186,186,0,0.0
expression,LOC119878421,186,186,0,0.0
expression,LOC119878427,186,186,0,0.0
expression,LOC119878487,186,186,0,0.0
expression,LOC119878547,186,186,0,0.0
expression,LOC119878548,186,186,0,0.0
expression,LOC119878551,186,186,0,0.0
expression,LOC119878559,186,186,0,0.0
expression,LOC119878677,186,186,0,0.0
expression,LOC119878734,186,186,0,0.0
expression,LOC119878743,186,186,0,0.0
expression,LOC119878758_1,186,186,0,0.0
expression,LOC119878765,186,186,0,0.0
expression,LOC119878773,186,186,0,0.0
expression,LOC119878877,186,186,0,0.0
expression,LOC119879078,186,186,0,0.0
expression,LOC119879126,186,186,0,0.0
expression,LOC119879180,186,186,0,0.0
expression,LOC119879183,186,186,0,0.0
expression,LOC119879275,186,186,0,0.0
expression,LOC119879300,186,186,0,0.0
expression,LOC119879306,186,186,0,0.0
expression,LOC119879325,186,186,0,0.0
expression,LOC119879332,186,186,0,0.0
expression,LOC119879336,186,186,0,0.0
expression,LOC119879410,186,186,0,0.0
expression,LOC119879414,186,186,0,0.0
expression,LOC119879425,186,186,0,0.0
expression,LOC119879477,186,186,0,0.0
expression,LOC119879510,186,186,0,0.0
expression,LOC403555_2,186,186,0,0.0
expression,LOC403581_3,186,186,0,0.0
expression,LOC403631_3,186,186,0,0.0
expression,LOC403934_3,186,186,0,0.0
expression,LOC474791_3,186,186,0,0.0
expression,LOC474850_3,186,186,0,0.0
expression,LOC475405_3,186,186,0,0.0
expression,LOC475707_1,186,186,0,0.0
expression,LOC475709_3,186,186,0,0.0
expression,LOC476006_3,186,186,0,0.0
expression,LOC476394_3,186,186,0,0.0
expression,LOC476436_3,186,186,0,0.0
expression,LOC476453_3,186,186,0,0.0
expression,LOC476602_3,186,186,0,0.0
expression,LOC476816_3,186,186,0,0.0
expression,LOC477273_3,186,186,0,0.0
expression,LOC477325_3,186,186,0,0.0
expression,LOC477391_3,186,186,0,0.0
expression,LOC477508_3,186,186,0,0.0
expression,LOC477518_3,186,186,0,0.0
expression,LOC477539_3,186,186,0,0.0
expression,LOC477556_3,186,186,0,0.0
expression,LOC477562_3,186,186,0,0.0
expression,LOC477647_3,186,186,0,0.0
expression,LOC477699_3,186,186,0,0.0
expression,LOC478000_3,186,186,0,0.0
expression,LOC478038_3,186,186,0,0.0
expression,LOC478089_3,186,186,0,0.0
expression,LOC478184_3,186,186,0,0.0
expression,LOC478384_3,186,186,0,0.0
expression,LOC478413_3,186,186,0,0.0
expression,LOC478670_3,186,186,0,0.0
expression,LOC478678_3,186,186,0,0.0
expression,LOC478702_3,186,186,0,0.0
expression,LOC478720_3,186,186,0,0.0
expression,LOC478984_3,186,186,0,0.0
expression,LOC479011_3,186,186,0,0.0
expression,LOC479185_3,186,186,0,0.0
expression,LOC479600_3,186,186,0,0.0
expression,LOC479708_3,186,186,0,0.0
expression,LOC479758_3,186,186,0,0.0
expression,LOC479761_3,186,186,0,0.0
expression,LOC479773_3,186,186,0,0.0
expression,LOC479795_3,186,186,0,0.0
expression,LOC479911_3,186,186,0,0.0
expression,LOC479912_3,186,186,0,0.0
expression,LOC479969_3,186,186,0,0.0
expression,LOC480043_3,186,186,0,0.0
expression,LOC480188_3,186,186,0,0.0
expression,LOC480235_3,186,186,0,0.0
expression,LOC480264_3,186,186,0,0.0
expression,LOC480441_3,186,186,0,0.0
expression,LOC480510_3,186,186,0,0.0
expression,LOC480667_3,186,186,0,0.0
expression,LOC480926_3,186,186,0,0.0
expression,LOC481017_3,186,186,0,0.0
expression,LOC481187_3,186,186,0,0.0
expression,LOC481634_3,186,186,0,0.0
expression,LOC481650_3,186,186,0,0.0
expression,LOC481722_3,186,186,0,0.0
expression,LOC482454_3,186,186,0,0.0
expression,LOC482938_3,186,186,0,0.0
expression,LOC482977_3,186,186,0,0.0
expression,LOC483462_3,186,186,0,0.0
expression,LOC483802_3,186,186,0,0.0
expression,LOC483842_3,186,186,0,0.0
expression,LOC484224_4,186,186,0,0.0
expression,LOC484306_3,186,186,0,0.0
expression,LOC484309_3,186,186,0,0.0
expression,LOC484356_3,186,186,0,0.0
expression,LOC484365_3,186,186,0,0.0
expression,LOC484461_3,186,186,0,0.0
expression,LOC484540_3,186,186,0,0.0
expression,LOC484559_3,186,186,0,0.0
expression,LOC484590_3,186,186,0,0.0
expression,LOC484897_3,186,186,0,0.0
expression,LOC484933_3,186,186,0,0.0
expression,LOC484934_3,186,186,0,0.0
expression,LOC484969_3,186,186,0,0.0
expression,LOC485601_3,186,186,0,0.0
expression,LOC485869_3,186,186,0,0.0
expression,LOC486776_3,186,186,0,0.0
expression,LOC487150_3,186,186,0,0.0
expression,LOC487172_3,186,186,0,0.0
expression,LOC487173_3,186,186,0,0.0
expression,LOC487174_3,186,186,0,0.0
expression,LOC487176_3,186,186,0,0.0
expression,LOC487178_3,186,186,0,0.0
expression,LOC487387_3,186,186,0,0.0
expression,LOC487476_3,186,186,0,0.0
expression,LOC488316_3,186,186,0,0.0
expression,LOC488622_3,186,186,0,0.0
expression,LOC488929_3,186,186,0,0.0
expression,LOC488951_3,186,186,0,0.0
expression,LOC489516_3,186,186,0,0.0
expression,LOC489534_3,186,186,0,0.0
expression,LOC489590_3,186,186,0,0.0
expression,LOC489591_3,186,186,0,0.0
expression,LOC489640_3,186,186,0,0.0
expression,LOC489707_3,186,186,0,0.0
expression,LOC489911_3,186,186,0,0.0
expression,LOC489992_3,186,186,0,0.0
expression,LOC490151_3,186,186,0,0.0
expression,LOC490422_3,186,186,0,0.0
expression,LOC490647_3,186,186,0,0.0
expression,LOC490770_3,186,186,0,0.0
expression,LOC490972_3,186,186,0,0.0
expression,LOC491550_3,186,186,0,0.0
expression,LOC492092_3,186,186,0,0.0
expression,LOC606845_3,186,186,0,0.0
expression,LOC606860_3,186,186,0,0.0
expression,LOC606904_3,186,186,0,0.0
expression,LOC606925_3,186,186,0,0.0
expression,LOC607011_3,186,186,0,0.0
expression,LOC607049_3,186,186,0,0.0
expression,LOC607149_3,186,186,0,0.0
expression,LOC607207_3,186,186,0,0.0
expression,LOC607225_3,186,186,0,0.0
expression,LOC607300_3,186,186,0,0.0
expression,LOC607405_3,186,186,0,0.0
expression,LOC607470_1,186,186,0,0.0
expression,LOC607692_3,186,186,0,0.0
expression,LOC607874_3,186,186,0,0.0
expression,LOC607937_4,186,186,0,0.0
expression,LOC608110_3,186,186,0,0.0
expression,LOC608120_3,186,186,0,0.0
expression,LOC608162_3,186,186,0,0.0
expression,LOC608513_3,186,186,0,0.0
expression,LOC608641_3,186,186,0,0.0
expression,LOC608697_3,186,186,0,0.0
expression,LOC608703_3,186,186,0,0.0
expression,LOC608772_3,186,186,0,0.0
expression,LOC608914_3,186,186,0,0.0
expression,LOC609068_3,186,186,0,0.0
expression,LOC609149_3,186,186,0,0.0
expression,LOC609235_3,186,186,0,0.0
expression,LOC609365_3,186,186,0,0.0
expression,LOC609748_3,186,186,0,0.0
expression,LOC609800_3,186,186,0,0.0
expression,LOC609902_3,186,186,0,0.0
expression,LOC609990_3,186,186,0,0.0
expression,LOC610012_3,186,186,0,0.0
expression,LOC610164_3,186,186,0,0.0
expression,LOC610165_3,186,186,0,0.0
expression,LOC610304_3,186,186,0,0.0
expression,LOC610310_3,186,186,0,0.0
expression,LOC610321_3,186,186,0,0.0
expression,LOC610578_3,186,186,0,0.0
expression,LOC610677_3,186,186,0,0.0
expression,LOC610994_3,186,186,0,0.0
expression,LOC611075_3,186,186,0,0.0
expression,LOC611178_3,186,186,0,0.0
expression,LOC611187_3,186,186,0,0.0
expression,LOC611209_3,186,186,0,0.0
expression,LOC611401_3,186,186,0,0.0
expression,LOC611446_3,186,186,0,0.0
expression,LOC611528_3,186,186,0,0.0
expression,LOC611536_3,186,186,0,0.0
expression,LOC611538_3,186,186,0,0.0
expression,LOC611670_3,186,186,0,0.0
expression,LOC611835_3,186,186,0,0.0
expression,LOC611847_3,186,186,0,0.0
expression,LOC612059_3,186,186,0,0.0
expression,LOC612100_3,186,186,0,0.0
expression,LOC612325_3,186,186,0,0.0
expression,LOC612422_3,186,186,0,0.0
expression,LOC612523_3,186,186,0,0.0
expression,LOC612644_3,186,186,0,0.0
expression,LONP1_3,186,186,0,0.0
expression,LONP2_3,186,186,0,0.0
expression,LONRF1_3,186,186,0,0.0
expression,LONRF3_3,186,186,0,0.0
expression,LOX_3,186,186,0,0.0
expression,LOXL1_3,186,186,0,0.0
expression,LOXL2_3,186,186,0,0.0
expression,LOXL3_3,186,186,0,0.0
expression,LOXL4_3,186,186,0,0.0
expression,LPAR1_3,186,186,0,0.0
expression,LPAR3_3,186,186,0,0.0
expression,LPCAT1_3,186,186,0,0.0
expression,LPCAT2_3,186,186,0,0.0
expression,LPCAT3_3,186,186,0,0.0
expression,LPCAT4_3,186,186,0,0.0
expression,LPGAT1_3,186,186,0,0.0
expression,LPIN1_3,186,186,0,0.0
expression,LPIN2_3,186,186,0,0.0
expression,LPIN3_3,186,186,0,0.0
expression,LPL_3,186,186,0,0.0
expression,LPXN_3,186,186,0,0.0
expression,LRATD2_3,186,186,0,0.0
expression,LRBA_3,186,186,0,0.0
expression,LRCH1_3,186,186,0,0.0
expression,LRCH3_3,186,186,0,0.0
expression,LRCH4_3,186,186,0,0.0
expression,LRFN1_3,186,186,0,0.0
expression,LRFN3_3,186,186,0,0.0
expression,LRFN4_3,186,186,0,0.0
expression,LRG1_3,186,186,0,0.0
expression,LRGUK_3,186,186,0,0.0
expression,LRIF1_3,186,186,0,0.0
expression,LRIG1_3,186,186,0,0.0
expression,LRIG2_3,186,186,0,0.0
expression,LRIG3_3,186,186,0,0.0
expression,LRMDA_3,186,186,0,0.0
expression,LRP1_3,186,186,0,0.0
expression,LRP10_3,186,186,0,0.0
expression,LRP11_3,186,186,0,0.0
expression,LRP12_3,186,186,0,0.0
expression,LRP4_3,186,186,0,0.0
expression,LRP5_3,186,186,0,0.0
expression,LRP6_3,186,186,0,0.0
expression,LRP8_3,186,186,0,0.0
expression,LRPAP1_3,186,186,0,0.0
expression,LRPPRC_3,186,186,0,0.0
expression,LRR1_3,186,186,0,0.0
expression,LRRC1_3,186,186,0,0.0
expression,LRRC14_3,186,186,0,0.0
expression,LRRC17_3,186,186,0,0.0
expression,LRRC20_3,186,186,0,0.0
expression,LRRC25_3,186,186,0,0.0
expression,LRRC28_3,186,186,0,0.0
expression,LRRC32_3,186,186,0,0.0
expression,LRRC36_3,186,186,0,0.0
expression,LRRC4_3,186,186,0,0.0
expression,LRRC40_3,186,186,0,0.0
expression,LRRC41_3,186,186,0,0.0
expression,LRRC42_3,186,186,0,0.0
expression,LRRC45_3,186,186,0,0.0
expression,LRRC46_3,186,186,0,0.0
expression,LRRC47_3,186,186,0,0.0
expression,LRRC49_3,186,186,0,0.0
expression,LRRC57_3,186,186,0,0.0
expression,LRRC58_3,186,186,0,0.0
expression,LRRC59_3,186,186,0,0.0
expression,LRRC6_3,186,186,0,0.0
expression,LRRC73_3,186,186,0,0.0
expression,LRRC75A_3,186,186,0,0.0
expression,LRRC8A_3,186,186,0,0.0
expression,LRRC8B_3,186,186,0,0.0
expression,LRRC8C_3,186,186,0,0.0
expression,LRRC8E_3,186,186,0,0.0
expression,LRRCC1_3,186,186,0,0.0
expression,LRRFIP1_3,186,186,0,0.0
expression,LRRFIP2_3,186,186,0,0.0
expression,LRRK1_3,186,186,0,0.0
expression,LRRK2_3,186,186,0,0.0
expression,LRRN2_3,186,186,0,0.0
expression,LRRN4CL_3,186,186,0,0.0
expression,LRSAM1_3,186,186,0,0.0
expression,LRTOMT_3,186,186,0,0.0
expression,LRWD1_3,186,186,0,0.0
expression,LSG1_3,186,186,0,0.0
expression,LSM1_3,186,186,0,0.0
expression,LSM10_3,186,186,0,0.0
expression,LSM11_3,186,186,0,0.0
expression,LSM12_3,186,186,0,0.0
expression,LSM14A_3,186,186,0,0.0
expression,LSM14B_3,186,186,0,0.0
expression,LSM2_3,186,186,0,0.0
expression,LSM3_3,186,186,0,0.0
expression,LSM4_3,186,186,0,0.0
expression,LSM5_3,186,186,0,0.0
expression,LSM6_3,186,186,0,0.0
expression,LSM7_3,186,186,0,0.0
expression,LSM8_3,186,186,0,0.0
expression,LSP1_3,186,186,0,0.0
expression,LSS_3,186,186,0,0.0
expression,LST1_3,186,186,0,0.0
expression,LTA4H_3,186,186,0,0.0
expression,LTBP1_3,186,186,0,0.0
expression,LTBP2_3,186,186,0,0.0
expression,LTBP3_3,186,186,0,0.0
expression,LTBP4_3,186,186,0,0.0
expression,LTBR_3,186,186,0,0.0
expression,LTN1_3,186,186,0,0.0
expression,LTO1_3,186,186,0,0.0
expression,LTV1_3,186,186,0,0.0
expression,LUC7L_3,186,186,0,0.0
expression,LUC7L2_3,186,186,0,0.0
expression,LUC7L3_3,186,186,0,0.0
expression,LUM_3,186,186,0,0.0
expression,LURAP1_3,186,186,0,0.0
expression,LURAP1L_3,186,186,0,0.0
expression,LUZP1_3,186,186,0,0.0
expression,LUZP6_3,186,186,0,0.0
expression,LXN_3,186,186,0,0.0
expression,LY6E_3,186,186,0,0.0
expression,LY6G5B_3,186,186,0,0.0
expression,LY86_3,186,186,0,0.0
expression,LY9_3,186,186,0,0.0
expression,LY96_3,186,186,0,0.0
expression,LYAR_3,186,186,0,0.0
expression,LYL1_3,186,186,0,0.0
expression,LYN_3,186,186,0,0.0
expression,LYPD6_3,186,186,0,0.0
expression,LYPLA1_3,186,186,0,0.0
expression,LYPLA2_3,186,186,0,0.0
expression,LYPLAL1_3,186,186,0,0.0
expression,LYRM1_3,186,186,0,0.0
expression,LYRM2_3,186,186,0,0.0
expression,LYRM4_3,186,186,0,0.0
expression,LYRM7_3,186,186,0,0.0
expression,LYRM9_3,186,186,0,0.0
expression,LYSMD1_3,186,186,0,0.0
expression,LYSMD2_3,186,186,0,0.0
expression,LYSMD3_3,186,186,0,0.0
expression,LYSMD4_3,186,186,0,0.0
expression,LYST_3,186,186,0,0.0
expression,LYVE1_3,186,186,0,0.0
expression,LYZ_3,186,186,0,0.0
expression,LZIC_3,186,186,0,0.0
expression,LZTFL1_3,186,186,0,0.0
expression,LZTR1_3,186,186,0,0.0
expression,LZTS1_3,186,186,0,0.0
expression,LZTS2_3,186,186,0,0.0
expression,LZTS3_3,186,186,0,0.0
expression,M6PR_3,186,186,0,0.0
expression,MACF1_3,186,186,0,0.0
expression,MACIR_3,186,186,0,0.0
expression,MACO1_3,186,186,0,0.0
expression,MACROD1_3,186,186,0,0.0
expression,MACROD2_3,186,186,0,0.0
expression,MACROH2A1_3,186,186,0,0.0
expression,MACROH2A2_3,186,186,0,0.0
expression,MAD1L1_3,186,186,0,0.0
expression,MAD2L1_3,186,186,0,0.0
expression,MAD2L1BP_3,186,186,0,0.0
expression,MAD2L2_3,186,186,0,0.0
expression,MADD_3,186,186,0,0.0
expression,MAEA_3,186,186,0,0.0
expression,MAF_3,186,186,0,0.0
expression,MAF1_3,186,186,0,0.0
expression,MAFB_3,186,186,0,0.0
expression,MAFG_3,186,186,0,0.0
expression,MAFK_3,186,186,0,0.0
expression,MAGED1_3,186,186,0,0.0
expression,MAGED2_3,186,186,0,0.0
expression,MAGEF1_3,186,186,0,0.0
expression,MAGI1_3,186,186,0,0.0
expression,MAGI2_3,186,186,0,0.0
expression,MAGI3_3,186,186,0,0.0
expression,MAGOH_3,186,186,0,0.0
expression,MAGOHB_3,186,186,0,0.0
expression,MAGT1_3,186,186,0,0.0
expression,MAIP1_3,186,186,0,0.0
expression,MAK16_3,186,186,0,0.0
expression,MALL_3,186,186,0,0.0
expression,MALSU1_3,186,186,0,0.0
expression,MALT1_4,186,186,0,0.0
expression,MAMDC2_3,186,186,0,0.0
expression,MAML1_3,186,186,0,0.0
expression,MAML2_3,186,186,0,0.0
expression,MAMLD1_3,186,186,0,0.0
expression,MAMSTR_3,186,186,0,0.0
expression,MAN1A1_3,186,186,0,0.0
expression,MAN1A2_3,186,186,0,0.0
expression,MAN1C1_3,186,186,0,0.0
expression,MAN2A1_3,186,186,0,0.0
expression,MAN2A2_3,186,186,0,0.0
expression,MAN2B1_3,186,186,0,0.0
expression,MAN2C1_3,186,186,0,0.0
expression,MANBA_3,186,186,0,0.0
expression,MANBAL_3,186,186,0,0.0
expression,MANEA_3,186,186,0,0.0
expression,MANF_3,186,186,0,0.0
expression,MANSC1_3,186,186,0,0.0
expression,MAOA_3,186,186,0,0.0
expression,MAP10_3,186,186,0,0.0
expression,MAP1A_3,186,186,0,0.0
expression,MAP1B_3,186,186,0,0.0
expression,MAP1LC3A_3,186,186,0,0.0
expression,MAP1LC3B_3,186,186,0,0.0
expression,MAP1S_3,186,186,0,0.0
expression,MAP2_3,186,186,0,0.0
expression,MAP2K1_3,186,186,0,0.0
expression,MAP2K2_3,186,186,0,0.0
expression,MAP2K3_3,186,186,0,0.0
expression,MAP2K4_3,186,186,0,0.0
expression,MAP2K5_3,186,186,0,0.0
expression,MAP2K6_3,186,186,0,0.0
expression,MAP2K7_3,186,186,0,0.0
expression,MAP3K1_3,186,186,0,0.0
expression,MAP3K10_3,186,186,0,0.0
expression,MAP3K11_3,186,186,0,0.0
expression,MAP3K12_3,186,186,0,0.0
expression,MAP3K13_3,186,186,0,0.0
expression,MAP3K14_3,186,186,0,0.0
expression,MAP3K2_3,186,186,0,0.0
expression,MAP3K20_3,186,186,0,0.0
expression,MAP3K21_3,186,186,0,0.0
expression,MAP3K3_3,186,186,0,0.0
expression,MAP3K4_3,186,186,0,0.0
expression,MAP3K5_3,186,186,0,0.0
expression,MAP3K6_3,186,186,0,0.0
expression,MAP3K7_3,186,186,0,0.0
expression,MAP3K8_3,186,186,0,0.0
expression,MAP4_3,186,186,0,0.0
expression,MAP4K1_3,186,186,0,0.0
expression,MAP4K2_3,186,186,0,0.0
expression,MAP4K3_3,186,186,0,0.0
expression,MAP4K4_3,186,186,0,0.0
expression,MAP4K5_3,186,186,0,0.0
expression,MAP7_3,186,186,0,0.0
expression,MAP7D1_3,186,186,0,0.0
expression,MAP7D3_3,186,186,0,0.0
expression,MAP9_3,186,186,0,0.0
expression,MAPK1_3,186,186,0,0.0
expression,MAPK13_3,186,186,0,0.0
expression,MAPK14_3,186,186,0,0.0
expression,MAPK1IP1L_3,186,186,0,0.0
expression,MAPK3_3,186,186,0,0.0
expression,MAPK6_3,186,186,0,0.0
expression,MAPK7_3,186,186,0,0.0
expression,MAPK8_3,186,186,0,0.0
expression,MAPK8IP1_3,186,186,0,0.0
expression,MAPK8IP2_3,186,186,0,0.0
expression,MAPK8IP3_3,186,186,0,0.0
expression,MAPK9_3,186,186,0,0.0
expression,MAPKAP1_3,186,186,0,0.0
expression,MAPKAPK2_3,186,186,0,0.0
expression,MAPKAPK3_3,186,186,0,0.0
expression,MAPKAPK5_3,186,186,0,0.0
expression,MAPKBP1_3,186,186,0,0.0
expression,MAPRE1_3,186,186,0,0.0
expression,MAPRE2_3,186,186,0,0.0
expression,MAPRE3_3,186,186,0,0.0
expression,MARCHF1_3,186,186,0,0.0
expression,MARCHF2_3,186,186,0,0.0
expression,MARCHF3_3,186,186,0,0.0
expression,MARCHF5_3,186,186,0,0.0
expression,MARCHF6_3,186,186,0,0.0
expression,MARCHF7_3,186,186,0,0.0
expression,MARCHF8_3,186,186,0,0.0
expression,MARCHF9_3,186,186,0,0.0
expression,MARCKS_3,186,186,0,0.0
expression,MARCKSL1_3,186,186,0,0.0
expression,MARF1_3,186,186,0,0.0
expression,MARK1_3,186,186,0,0.0
expression,MARK2_3,186,186,0,0.0
expression,MARK3_3,186,186,0,0.0
expression,MARK4_3,186,186,0,0.0
expression,MARS1_3,186,186,0,0.0
expression,MARS2_3,186,186,0,0.0
expression,MASP1_3,186,186,0,0.0
expression,MAST2_3,186,186,0,0.0
expression,MAST3_3,186,186,0,0.0
expression,MAST4_3,186,186,0,0.0
expression,MASTL_3,186,186,0,0.0
expression,MAT2A_3,186,186,0,0.0
expression,MAT2B_3,186,186,0,0.0
expression,MATK_3,186,186,0,0.0
expression,MATN2_3,186,186,0,0.0
expression,MATN3_3,186,186,0,0.0
expression,MATN4_3,186,186,0,0.0
expression,MATR3_3,186,186,0,0.0
expression,MAU2_3,186,186,0,0.0
expression,MAVS_3,186,186,0,0.0
expression,MAX_3,186,186,0,0.0
expression,MAZ_3,186,186,0,0.0
expression,MB21D2_3,186,186,0,0.0
expression,MBD1_3,186,186,0,0.0
expression,MBD2_3,186,186,0,0.0
expression,MBD3_3,186,186,0,0.0
expression,MBD4_3,186,186,0,0.0
expression,MBD5_3,186,186,0,0.0
expression,MBD6_3,186,186,0,0.0
expression,MBIP_3,186,186,0,0.0
expression,MBLAC1_3,186,186,0,0.0
expression,MBLAC2_3,186,186,0,0.0
expression,MBNL1_3,186,186,0,0.0
expression,MBNL2_3,186,186,0,0.0
expression,MBOAT1_3,186,186,0,0.0
expression,MBOAT2_3,186,186,0,0.0
expression,MBOAT7_3,186,186,0,0.0
expression,MBP_3,186,186,0,0.0
expression,MBTD1_3,186,186,0,0.0
expression,MBTPS1_3,186,186,0,0.0
expression,MBTPS2_3,186,186,0,0.0
expression,MCAM_3,186,186,0,0.0
expression,MCAT_3,186,186,0,0.0
expression,MCC_3,186,186,0,0.0
expression,MCCC1_3,186,186,0,0.0
expression,MCCC2_3,186,186,0,0.0
expression,MCEE_3,186,186,0,0.0
expression,MCF2L_3,186,186,0,0.0
expression,MCFD2_3,186,186,0,0.0
expression,MCL1_3,186,186,0,0.0
expression,MCM10_3,186,186,0,0.0
expression,MCM2_3,186,186,0,0.0
expression,MCM3_3,186,186,0,0.0
expression,MCM3AP_3,186,186,0,0.0
expression,MCM4_3,186,186,0,0.0
expression,MCM5_3,186,186,0,0.0
expression,MCM6_3,186,186,0,0.0
expression,MCM7_3,186,186,0,0.0
expression,MCM8_3,186,186,0,0.0
expression,MCM9_3,186,186,0,0.0
expression,MCMBP_3,186,186,0,0.0
expression,MCOLN1_3,186,186,0,0.0
expression,MCOLN2_3,186,186,0,0.0
expression,MCPH1_3,186,186,0,0.0
expression,MCRIP1_3,186,186,0,0.0
expression,MCRIP2_3,186,186,0,0.0
expression,MCRS1_3,186,186,0,0.0
expression,MCTP1_3,186,186,0,0.0
expression,MCTS1_3,186,186,0,0.0
expression,MCU_3,186,186,0,0.0
expression,MCUB_3,186,186,0,0.0
expression,MCUR1_3,186,186,0,0.0
expression,MDC1_3,186,186,0,0.0
expression,MDFI_3,186,186,0,0.0
expression,MDFIC_3,186,186,0,0.0
expression,MDGA1_3,186,186,0,0.0
expression,MDH1_3,186,186,0,0.0
expression,MDH1B_3,186,186,0,0.0
expression,MDH2_3,186,186,0,0.0
expression,MDK_3,186,186,0,0.0
expression,MDM1_3,186,186,0,0.0
expression,MDM2_3,186,186,0,0.0
expression,MDM4_3,186,186,0,0.0
expression,MDN1_3,186,186,0,0.0
expression,ME1_3,186,186,0,0.0
expression,ME2_3,186,186,0,0.0
expression,ME3_3,186,186,0,0.0
expression,MEA1_3,186,186,0,0.0
expression,MEAF6_3,186,186,0,0.0
expression,MEAK7_3,186,186,0,0.0
expression,MECOM_3,186,186,0,0.0
expression,MECP2_3,186,186,0,0.0
expression,MECR_3,186,186,0,0.0
expression,MED1_3,186,186,0,0.0
expression,MED10_3,186,186,0,0.0
expression,MED11_3,186,186,0,0.0
expression,MED12_3,186,186,0,0.0
expression,MED13_3,186,186,0,0.0
expression,MED13L_3,186,186,0,0.0
expression,MED14_3,186,186,0,0.0
expression,MED15_3,186,186,0,0.0
expression,MED16_3,186,186,0,0.0
expression,MED17_3,186,186,0,0.0
expression,MED18_3,186,186,0,0.0
expression,MED19_3,186,186,0,0.0
expression,MED20_3,186,186,0,0.0
expression,MED21_3,186,186,0,0.0
expression,MED22_3,186,186,0,0.0
expression,MED23_3,186,186,0,0.0
expression,MED24_3,186,186,0,0.0
expression,MED25_3,186,186,0,0.0
expression,MED26_3,186,186,0,0.0
expression,MED27_3,186,186,0,0.0
expression,MED28_3,186,186,0,0.0
expression,MED29_3,186,186,0,0.0
expression,MED30_3,186,186,0,0.0
expression,MED31_3,186,186,0,0.0
expression,MED4_3,186,186,0,0.0
expression,MED6_3,186,186,0,0.0
expression,MED7_3,186,186,0,0.0
expression,MED8_3,186,186,0,0.0
expression,MED9_3,186,186,0,0.0
expression,MEDAG_3,186,186,0,0.0
expression,MEF2A_3,186,186,0,0.0
expression,MEF2B_3,186,186,0,0.0
expression,MEF2C_3,186,186,0,0.0
expression,MEF2D_3,186,186,0,0.0
expression,MEGF10_3,186,186,0,0.0
expression,MEGF6_3,186,186,0,0.0
expression,MEGF8_3,186,186,0,0.0
expression,MEGF9_3,186,186,0,0.0
expression,MEIOB_3,186,186,0,0.0
expression,MEIS1_3,186,186,0,0.0
expression,MEIS3_3,186,186,0,0.0
expression,MELK_3,186,186,0,0.0
expression,MELTF_3,186,186,0,0.0
expression,MEMO1_3,186,186,0,0.0
expression,MEN1_3,186,186,0,0.0
expression,MEOX2_3,186,186,0,0.0
expression,MEPCE_3,186,186,0,0.0
expression,MERTK_3,186,186,0,0.0
expression,MESD_3,186,186,0,0.0
expression,MEST_3,186,186,0,0.0
expression,MET_3,186,186,0,0.0
expression,METAP1_3,186,186,0,0.0
expression,METAP1D_3,186,186,0,0.0
expression,METAP2_3,186,186,0,0.0
expression,METRNL_3,186,186,0,0.0
expression,METTL1_3,186,186,0,0.0
expression,METTL14_3,186,186,0,0.0
expression,METTL15_3,186,186,0,0.0
expression,METTL16_3,186,186,0,0.0
expression,METTL17_3,186,186,0,0.0
expression,METTL18_3,186,186,0,0.0
expression,METTL21A_3,186,186,0,0.0
expression,METTL22_3,186,186,0,0.0
expression,METTL23_3,186,186,0,0.0
expression,METTL25_3,186,186,0,0.0
expression,METTL26_3,186,186,0,0.0
expression,METTL27_3,186,186,0,0.0
expression,METTL2A_3,186,186,0,0.0
expression,METTL3_3,186,186,0,0.0
expression,METTL4_3,186,186,0,0.0
expression,METTL5_3,186,186,0,0.0
expression,METTL6_3,186,186,0,0.0
expression,METTL7A_3,186,186,0,0.0
expression,METTL8_3,186,186,0,0.0
expression,METTL9_3,186,186,0,0.0
expression,MEX3A_3,186,186,0,0.0
expression,MEX3B_3,186,186,0,0.0
expression,MEX3D_3,186,186,0,0.0
expression,MFAP1_3,186,186,0,0.0
expression,MFAP2_3,186,186,0,0.0
expression,MFAP3_3,186,186,0,0.0
expression,MFAP3L_3,186,186,0,0.0
expression,MFF_3,186,186,0,0.0
expression,MFGE8_3,186,186,0,0.0
expression,MFHAS1_3,186,186,0,0.0
expression,MFN1_3,186,186,0,0.0
expression,MFN2_3,186,186,0,0.0
expression,MFNG_3,186,186,0,0.0
expression,MFSD1_3,186,186,0,0.0
expression,MFSD10_3,186,186,0,0.0
expression,MFSD11_3,186,186,0,0.0
expression,MFSD12_3,186,186,0,0.0
expression,MFSD13A_3,186,186,0,0.0
expression,MFSD14A_3,186,186,0,0.0
expression,MFSD14B_3,186,186,0,0.0
expression,MFSD2A_3,186,186,0,0.0
expression,MFSD3_3,186,186,0,0.0
expression,MFSD4A_3,186,186,0,0.0
expression,MFSD4B_3,186,186,0,0.0
expression,MFSD5_3,186,186,0,0.0
expression,MFSD6_3,186,186,0,0.0
expression,MFSD8_3,186,186,0,0.0
expression,MFSD9_3,186,186,0,0.0
expression,MGA_3,186,186,0,0.0
expression,MGARP_3,186,186,0,0.0
expression,MGAT2_3,186,186,0,0.0
expression,MGAT3_3,186,186,0,0.0
expression,MGAT4A_3,186,186,0,0.0
expression,MGAT4B_3,186,186,0,0.0
expression,MGAT5_3,186,186,0,0.0
expression,MGAT5B_3,186,186,0,0.0
expression,MGLL_3,186,186,0,0.0
expression,MGME1_3,186,186,0,0.0
expression,MGMT_3,186,186,0,0.0
expression,MGRN1_3,186,186,0,0.0
expression,MGST1_3,186,186,0,0.0
expression,MGST3_3,186,186,0,0.0
expression,MIA_3,186,186,0,0.0
expression,MIA2_3,186,186,0,0.0
expression,MIA3_3,186,186,0,0.0
expression,MIB1_3,186,186,0,0.0
expression,MIB2_3,186,186,0,0.0
expression,MICAL1_3,186,186,0,0.0
expression,MICAL2_3,186,186,0,0.0
expression,MICAL3_3,186,186,0,0.0
expression,MICALL1_3,186,186,0,0.0
expression,MICALL2_3,186,186,0,0.0
expression,MICOS10_3,186,186,0,0.0
expression,MICOS13_3,186,186,0,0.0
expression,MICU1_3,186,186,0,0.0
expression,MICU2_3,186,186,0,0.0
expression,MICU3_3,186,186,0,0.0
expression,MID1_3,186,186,0,0.0
expression,MID1IP1_3,186,186,0,0.0
expression,MID2_3,186,186,0,0.0
expression,MIDEAS_3,186,186,0,0.0
expression,MIDN_3,186,186,0,0.0
expression,MIEF1_3,186,186,0,0.0
expression,MIEN1_3,186,186,0,0.0
expression,MIER1_3,186,186,0,0.0
expression,MIER2_3,186,186,0,0.0
expression,MIER3_3,186,186,0,0.0
expression,MIF_3,186,186,0,0.0
expression,MIF4GD_3,186,186,0,0.0
expression,MIGA1_3,186,186,0,0.0
expression,MIIP_3,186,186,0,0.0
expression,MILR1_3,186,186,0,0.0
expression,MINDY1_3,186,186,0,0.0
expression,MINDY2_3,186,186,0,0.0
expression,MINDY3_3,186,186,0,0.0
expression,MINDY4_3,186,186,0,0.0
expression,MINK1_3,186,186,0,0.0
expression,MINPP1_3,186,186,0,0.0
expression,MIOS_3,186,186,0,0.0
expression,MIPEP_3,186,186,0,0.0
expression,MIPOL1_3,186,186,0,0.0
expression,MIS12_3,186,186,0,0.0
expression,MIS18A_3,186,186,0,0.0
expression,MIS18BP1_3,186,186,0,0.0
expression,MITD1_3,186,186,0,0.0
expression,MITF_3,186,186,0,0.0
expression,MIX23_3,186,186,0,0.0
expression,MKI67_3,186,186,0,0.0
expression,MKKS_3,186,186,0,0.0
expression,MKLN1_3,186,186,0,0.0
expression,MKNK1_3,186,186,0,0.0
expression,MKNK2_3,186,186,0,0.0
expression,MKRN1_3,186,186,0,0.0
expression,MKRN2_3,186,186,0,0.0
expression,MKS1_3,186,186,0,0.0
expression,MLEC_3,186,186,0,0.0
expression,MLF1_3,186,186,0,0.0
expression,MLF2_3,186,186,0,0.0
expression,MLH1_3,186,186,0,0.0
expression,MLH3_3,186,186,0,0.0
expression,MLLT1_3,186,186,0,0.0
expression,MLLT10_3,186,186,0,0.0
expression,MLLT11_3,186,186,0,0.0
expression,MLLT3_3,186,186,0,0.0
expression,MLLT6_3,186,186,0,0.0
expression,MLST8_3,186,186,0,0.0
expression,MLX_3,186,186,0,0.0
expression,MLXIP_3,186,186,0,0.0
expression,MLYCD_3,186,186,0,0.0
expression,MMAA_3,186,186,0,0.0
expression,MMAB_3,186,186,0,0.0
expression,MMACHC_3,186,186,0,0.0
expression,MMADHC_3,186,186,0,0.0
expression,MMD_3,186,186,0,0.0
expression,MME_3,186,186,0,0.0
expression,MMGT1_3,186,186,0,0.0
expression,MMP1_3,186,186,0,0.0
expression,MMP11_3,186,186,0,0.0
expression,MMP12_3,186,186,0,0.0
expression,MMP13_3,186,186,0,0.0
expression,MMP14_3,186,186,0,0.0
expression,MMP15_3,186,186,0,0.0
expression,MMP16_3,186,186,0,0.0
expression,MMP17_3,186,186,0,0.0
expression,MMP19_3,186,186,0,0.0
expression,MMP2_3,186,186,0,0.0
expression,MMP24OS_3,186,186,0,0.0
expression,MMP28_3,186,186,0,0.0
expression,MMP9_3,186,186,0,0.0
expression,MMRN1_3,186,186,0,0.0
expression,MMRN2_3,186,186,0,0.0
expression,MMS19_3,186,186,0,0.0
expression,MMS22L_3,186,186,0,0.0
expression,MMUT_3,186,186,0,0.0
expression,MNAT1_3,186,186,0,0.0
expression,MND1_3,186,186,0,0.0
expression,MNDA_3,186,186,0,0.0
expression,MNS1_3,186,186,0,0.0
expression,MNT_3,186,186,0,0.0
expression,MOAP1_2,186,186,0,0.0
expression,MOB1A_3,186,186,0,0.0
expression,MOB1B_3,186,186,0,0.0
expression,MOB2_3,186,186,0,0.0
expression,MOB3A_3,186,186,0,0.0
expression,MOB3B_3,186,186,0,0.0
expression,MOB3C_3,186,186,0,0.0
expression,MOCOS_3,186,186,0,0.0
expression,MOCS1_3,186,186,0,0.0
expression,MOCS2_3,186,186,0,0.0
expression,MOCS3_3,186,186,0,0.0
expression,MOGS_3,186,186,0,0.0
expression,MOK_3,186,186,0,0.0
expression,MON1A_3,186,186,0,0.0
expression,MON1B_3,186,186,0,0.0
expression,MON2_3,186,186,0,0.0
expression,MORC2_3,186,186,0,0.0
expression,MORC3_3,186,186,0,0.0
expression,MORC4_3,186,186,0,0.0
expression,MORF4L1_3,186,186,0,0.0
expression,MORF4L2_3,186,186,0,0.0
expression,MORN2_3,186,186,0,0.0
expression,MORN4_3,186,186,0,0.0
expression,MOSMO_3,186,186,0,0.0
expression,MOSPD1_3,186,186,0,0.0
expression,MOSPD2_3,186,186,0,0.0
expression,MOSPD3_3,186,186,0,0.0
expression,MOV10_3,186,186,0,0.0
expression,MPC1_3,186,186,0,0.0
expression,MPC2_3,186,186,0,0.0
expression,MPDU1_3,186,186,0,0.0
expression,MPDZ_3,186,186,0,0.0
expression,MPEG1_3,186,186,0,0.0
expression,MPG_3,186,186,0,0.0
expression,MPHOSPH10_3,186,186,0,0.0
expression,MPHOSPH6_3,186,186,0,0.0
expression,MPHOSPH8_3,186,186,0,0.0
expression,MPHOSPH9_3,186,186,0,0.0
expression,MPI_3,186,186,0,0.0
expression,MPIG6B_3,186,186,0,0.0
expression,MPLKIP_3,186,186,0,0.0
expression,MPND_3,186,186,0,0.0
expression,MPP1_3,186,186,0,0.0
expression,MPP5_3,186,186,0,0.0
expression,MPP6_3,186,186,0,0.0
expression,MPPE1_3,186,186,0,0.0
expression,MPPED2_3,186,186,0,0.0
expression,MPRIP_3,186,186,0,0.0
expression,MPST_3,186,186,0,0.0
expression,MPV17_3,186,186,0,0.0
expression,MPV17L2_3,186,186,0,0.0
expression,MPZL1_3,186,186,0,0.0
expression,MRAP2_3,186,186,0,0.0
expression,MRAS_3,186,186,0,0.0
expression,MRC1_3,186,186,0,0.0
expression,MRC2_3,186,186,0,0.0
expression,MRE11_3,186,186,0,0.0
expression,MRFAP1_3,186,186,0,0.0
expression,MRGBP_3,186,186,0,0.0
expression,MRI1_3,186,186,0,0.0
expression,MRM1_3,186,186,0,0.0
expression,MRM2_3,186,186,0,0.0
expression,MRM3_3,186,186,0,0.0
expression,MRNIP_3,186,186,0,0.0
expression,MROH1_3,186,186,0,0.0
expression,MRPL1_3,186,186,0,0.0
expression,MRPL10_3,186,186,0,0.0
expression,MRPL11_3,186,186,0,0.0
expression,MRPL12_3,186,186,0,0.0
expression,MRPL13_3,186,186,0,0.0
expression,MRPL14_3,186,186,0,0.0
expression,MRPL15_3,186,186,0,0.0
expression,MRPL16_3,186,186,0,0.0
expression,MRPL16_4,186,186,0,0.0
expression,MRPL17_3,186,186,0,0.0
expression,MRPL18_3,186,186,0,0.0
expression,MRPL19_3,186,186,0,0.0
expression,MRPL2_3,186,186,0,0.0
expression,MRPL20_3,186,186,0,0.0
expression,MRPL21_2,186,186,0,0.0
expression,MRPL22_3,186,186,0,0.0
expression,MRPL23_3,186,186,0,0.0
expression,MRPL24_3,186,186,0,0.0
expression,MRPL27_3,186,186,0,0.0
expression,MRPL28_3,186,186,0,0.0
expression,MRPL3_3,186,186,0,0.0
expression,MRPL30_3,186,186,0,0.0
expression,MRPL32_3,186,186,0,0.0
expression,MRPL33_3,186,186,0,0.0
expression,MRPL34_3,186,186,0,0.0
expression,MRPL35_3,186,186,0,0.0
expression,MRPL36_2,186,186,0,0.0
expression,MRPL37_3,186,186,0,0.0
expression,MRPL38_3,186,186,0,0.0
expression,MRPL39_3,186,186,0,0.0
expression,MRPL4_3,186,186,0,0.0
expression,MRPL40_3,186,186,0,0.0
expression,MRPL41_3,186,186,0,0.0
expression,MRPL42_3,186,186,0,0.0
expression,MRPL43_3,186,186,0,0.0
expression,MRPL44_3,186,186,0,0.0
expression,MRPL45_3,186,186,0,0.0
expression,MRPL46_3,186,186,0,0.0
expression,MRPL47_3,186,186,0,0.0
expression,MRPL48_3,186,186,0,0.0
expression,MRPL49_3,186,186,0,0.0
expression,MRPL50_3,186,186,0,0.0
expression,MRPL51_3,186,186,0,0.0
expression,MRPL52_3,186,186,0,0.0
expression,MRPL53_3,186,186,0,0.0
expression,MRPL54_3,186,186,0,0.0
expression,MRPL55_3,186,186,0,0.0
expression,MRPL57_3,186,186,0,0.0
expression,MRPL58_3,186,186,0,0.0
expression,MRPL9_3,186,186,0,0.0
expression,MRPS10_3,186,186,0,0.0
expression,MRPS11_3,186,186,0,0.0
expression,MRPS12_3,186,186,0,0.0
expression,MRPS14_3,186,186,0,0.0
expression,MRPS15_3,186,186,0,0.0
expression,MRPS16_3,186,186,0,0.0
expression,MRPS18A_3,186,186,0,0.0
expression,MRPS18B_3,186,186,0,0.0
expression,MRPS18C_3,186,186,0,0.0
expression,MRPS2_3,186,186,0,0.0
expression,MRPS21_3,186,186,0,0.0
expression,MRPS22_3,186,186,0,0.0
expression,MRPS23_3,186,186,0,0.0
expression,MRPS24_3,186,186,0,0.0
expression,MRPS25_3,186,186,0,0.0
expression,MRPS26_3,186,186,0,0.0
expression,MRPS27_3,186,186,0,0.0
expression,MRPS28_3,186,186,0,0.0
expression,MRPS30_3,186,186,0,0.0
expression,MRPS31_3,186,186,0,0.0
expression,MRPS33_3,186,186,0,0.0
expression,MRPS34_3,186,186,0,0.0
expression,MRPS35_3,186,186,0,0.0
expression,MRPS36_3,186,186,0,0.0
expression,MRPS5_3,186,186,0,0.0
expression,MRPS7_3,186,186,0,0.0
expression,MRPS9_3,186,186,0,0.0
expression,MRRF_3,186,186,0,0.0
expression,MRS2_3,186,186,0,0.0
expression,MRTFA_3,186,186,0,0.0
expression,MRTFB_3,186,186,0,0.0
expression,MRTO4_3,186,186,0,0.0
expression,MS4A7_3,186,186,0,0.0
expression,MSANTD2_3,186,186,0,0.0
expression,MSANTD4_3,186,186,0,0.0
expression,MSC_3,186,186,0,0.0
expression,MSH2_3,186,186,0,0.0
expression,MSH3_3,186,186,0,0.0
expression,MSH5_3,186,186,0,0.0
expression,MSH6_3,186,186,0,0.0
expression,MSI2_3,186,186,0,0.0
expression,MSL1_3,186,186,0,0.0
expression,MSL2_3,186,186,0,0.0
expression,MSL3_3,186,186,0,0.0
expression,MSMO1_3,186,186,0,0.0
expression,MSN_3,186,186,0,0.0
expression,MSR1_3,186,186,0,0.0
expression,MSRA_3,186,186,0,0.0
expression,MSRB1_3,186,186,0,0.0
expression,MSRB2_3,186,186,0,0.0
expression,MSRB3_3,186,186,0,0.0
expression,MST1_3,186,186,0,0.0
expression,MSTO1_3,186,186,0,0.0
expression,MSX1_3,186,186,0,0.0
expression,MT2A_3,186,186,0,0.0
expression,MTA1_3,186,186,0,0.0
expression,MTA2_3,186,186,0,0.0
expression,MTA3_3,186,186,0,0.0
expression,MTAP_3,186,186,0,0.0
expression,MTARC2_3,186,186,0,0.0
expression,MTBP_3,186,186,0,0.0
expression,MTCH1_3,186,186,0,0.0
expression,MTCH2_3,186,186,0,0.0
expression,MTCL1_3,186,186,0,0.0
expression,MTDH_3,186,186,0,0.0
expression,MTERF1_3,186,186,0,0.0
expression,MTERF2_3,186,186,0,0.0
expression,MTERF3_3,186,186,0,0.0
expression,MTERF4_3,186,186,0,0.0
expression,MTF1_3,186,186,0,0.0
expression,MTF2_3,186,186,0,0.0
expression,MTFMT_3,186,186,0,0.0
expression,MTFP1_3,186,186,0,0.0
expression,MTFR1_3,186,186,0,0.0
expression,MTFR1L_3,186,186,0,0.0
expression,MTFR2_3,186,186,0,0.0
expression,MTG1_3,186,186,0,0.0
expression,MTG2_3,186,186,0,0.0
expression,MTHFD1_3,186,186,0,0.0
expression,MTHFD1L_3,186,186,0,0.0
expression,MTHFD2_3,186,186,0,0.0
expression,MTHFD2L_3,186,186,0,0.0
expression,MTHFR_3,186,186,0,0.0
expression,MTHFS_3,186,186,0,0.0
expression,MTHFSD_3,186,186,0,0.0
expression,MTIF2_3,186,186,0,0.0
expression,MTIF3_3,186,186,0,0.0
expression,MTLN_3,186,186,0,0.0
expression,MTM1_3,186,186,0,0.0
expression,MTMR1_3,186,186,0,0.0
expression,MTMR10_3,186,186,0,0.0
expression,MTMR11_3,186,186,0,0.0
expression,MTMR12_3,186,186,0,0.0
expression,MTMR14_3,186,186,0,0.0
expression,MTMR2_3,186,186,0,0.0
expression,MTMR3_3,186,186,0,0.0
expression,MTMR4_3,186,186,0,0.0
expression,MTMR6_3,186,186,0,0.0
expression,MTMR9_3,186,186,0,0.0
expression,MTO1_3,186,186,0,0.0
expression,MTOR_3,186,186,0,0.0
expression,MTPAP_3,186,186,0,0.0
expression,MTPN_3,186,186,0,0.0
expression,MTR_3,186,186,0,0.0
expression,MTRES1_3,186,186,0,0.0
expression,MTREX_3,186,186,0,0.0
expression,MTRF1_3,186,186,0,0.0
expression,MTRF1L_3,186,186,0,0.0
expression,MTRR_3,186,186,0,0.0
expression,MTSS1_3,186,186,0,0.0
expression,MTSS2_3,186,186,0,0.0
expression,MTURN_3,186,186,0,0.0
expression,MTUS1_3,186,186,0,0.0
expression,MTX1_3,186,186,0,0.0
expression,MTX2_3,186,186,0,0.0
expression,MTX3_3,186,186,0,0.0
expression,MUL1_3,186,186,0,0.0
expression,MUS81_3,186,186,0,0.0
expression,MUTYH_3,186,186,0,0.0
expression,MVB12A_3,186,186,0,0.0
expression,MVB12B_3,186,186,0,0.0
expression,MVD_3,186,186,0,0.0
expression,MVK_3,186,186,0,0.0
expression,MVP_3,186,186,0,0.0
expression,MX1_3,186,186,0,0.0
expression,MX2_3,186,186,0,0.0
expression,MXD1_3,186,186,0,0.0
expression,MXD3_3,186,186,0,0.0
expression,MXD4_3,186,186,0,0.0
expression,MXI1_3,186,186,0,0.0
expression,MXRA5_3,186,186,0,0.0
expression,MXRA7_3,186,186,0,0.0
expression,MXRA8_3,186,186,0,0.0
expression,MYADM_3,186,186,0,0.0
expression,MYBBP1A_3,186,186,0,0.0
expression,MYBL1_3,186,186,0,0.0
expression,MYBL2_3,186,186,0,0.0
expression,MYBPC2_3,186,186,0,0.0
expression,MYC_3,186,186,0,0.0
expression,MYCBP_3,186,186,0,0.0
expression,MYCBP2_3,186,186,0,0.0
expression,MYCL_3,186,186,0,0.0
expression,MYCN_3,186,186,0,0.0
expression,MYCT1_3,186,186,0,0.0
expression,MYD88_3,186,186,0,0.0
expression,MYDGF_3,186,186,0,0.0
expression,MYEF2_3,186,186,0,0.0
expression,MYG1_3,186,186,0,0.0
expression,MYH10_3,186,186,0,0.0
expression,MYH11_3,186,186,0,0.0
expression,MYH14_3,186,186,0,0.0
expression,MYH7_3,186,186,0,0.0
expression,MYH7B_3,186,186,0,0.0
expression,MYH9_3,186,186,0,0.0
expression,MYL12B_3,186,186,0,0.0
expression,MYL6_3,186,186,0,0.0
expression,MYL6B_3,186,186,0,0.0
expression,MYL9_3,186,186,0,0.0
expression,MYLIP_3,186,186,0,0.0
expression,MYLK_3,186,186,0,0.0
expression,MYLPF_3,186,186,0,0.0
expression,MYNN_3,186,186,0,0.0
expression,MYO10_3,186,186,0,0.0
expression,MYO18A_3,186,186,0,0.0
expression,MYO19_3,186,186,0,0.0
expression,MYO1B_3,186,186,0,0.0
expression,MYO1C_3,186,186,0,0.0
expression,MYO1D_3,186,186,0,0.0
expression,MYO1E_3,186,186,0,0.0
expression,MYO1F_3,186,186,0,0.0
expression,MYO1G_3,186,186,0,0.0
expression,MYO3A_3,186,186,0,0.0
expression,MYO5A_3,186,186,0,0.0
expression,MYO6_3,186,186,0,0.0
expression,MYO7A_3,186,186,0,0.0
expression,MYO9A_3,186,186,0,0.0
expression,MYO9B_3,186,186,0,0.0
expression,MYOF_3,186,186,0,0.0
expression,MYOM1_3,186,186,0,0.0
expression,MYORG_3,186,186,0,0.0
expression,MYOZ1_3,186,186,0,0.0
expression,MYPOP_3,186,186,0,0.0
expression,MYRIP_3,186,186,0,0.0
expression,MYSM1_3,186,186,0,0.0
expression,MZF1_3,186,186,0,0.0
expression,MZT1_3,186,186,0,0.0
expression,MZT2B_3,186,186,0,0.0
expression,N4BP1_3,186,186,0,0.0
expression,N4BP2_3,186,186,0,0.0
expression,N4BP2L1_3,186,186,0,0.0
expression,N4BP2L2_3,186,186,0,0.0
expression,N4BP3_3,186,186,0,0.0
expression,N6AMT1_3,186,186,0,0.0
expression,NAA10_3,186,186,0,0.0
expression,NAA15_3,186,186,0,0.0
expression,NAA16_3,186,186,0,0.0
expression,NAA20_3,186,186,0,0.0
expression,NAA25_3,186,186,0,0.0
expression,NAA30_3,186,186,0,0.0
expression,NAA35_3,186,186,0,0.0
expression,NAA38_3,186,186,0,0.0
expression,NAA40_3,186,186,0,0.0
expression,NAA50_3,186,186,0,0.0
expression,NAA60_3,186,186,0,0.0
expression,NAA80_3,186,186,0,0.0
expression,NAALAD2_3,186,186,0,0.0
expression,NAALADL2_3,186,186,0,0.0
expression,NAB1_3,186,186,0,0.0
expression,NAB2_3,186,186,0,0.0
expression,NABP1_3,186,186,0,0.0
expression,NABP2_3,186,186,0,0.0
expression,NACA_3,186,186,0,0.0
expression,NACC1_3,186,186,0,0.0
expression,NACC2_3,186,186,0,0.0
expression,NADK_3,186,186,0,0.0
expression,NADK2_3,186,186,0,0.0
expression,NADSYN1_3,186,186,0,0.0
expression,NAE1_3,186,186,0,0.0
expression,NAF1_3,186,186,0,0.0
expression,NAGA_3,186,186,0,0.0
expression,NAGK_3,186,186,0,0.0
expression,NAGLU_3,186,186,0,0.0
expression,NAGPA_3,186,186,0,0.0
expression,NAIF1_3,186,186,0,0.0
expression,NAMPT_3,186,186,0,0.0
expression,NANP_3,186,186,0,0.0
expression,NANS_3,186,186,0,0.0
expression,NAP1L1_3,186,186,0,0.0
expression,NAP1L4_3,186,186,0,0.0
expression,NAP1L5_3,186,186,0,0.0
expression,NAPA_3,186,186,0,0.0
expression,NAPB_3,186,186,0,0.0
expression,NAPEPLD_3,186,186,0,0.0
expression,NAPG_3,186,186,0,0.0
expression,NAPRT_3,186,186,0,0.0
expression,NARF_3,186,186,0,0.0
expression,NARS1_3,186,186,0,0.0
expression,NARS2_3,186,186,0,0.0
expression,NASP_3,186,186,0,0.0
expression,NAT10_3,186,186,0,0.0
expression,NAT14_3,186,186,0,0.0
expression,NAT9_3,186,186,0,0.0
expression,NATD1_3,186,186,0,0.0
expression,NAV1_3,186,186,0,0.0
expression,NAV2_3,186,186,0,0.0
expression,NAV3_3,186,186,0,0.0
expression,NAXD_3,186,186,0,0.0
expression,NAXE_3,186,186,0,0.0
expression,NBAS_3,186,186,0,0.0
expression,NBDY_3,186,186,0,0.0
expression,NBEA_3,186,186,0,0.0
expression,NBEAL1_3,186,186,0,0.0
expression,NBEAL2_3,186,186,0,0.0
expression,NBL1_3,186,186,0,0.0
expression,NBN_3,186,186,0,0.0
expression,NBR1_3,186,186,0,0.0
expression,NCALD_3,186,186,0,0.0
expression,NCAM1_3,186,186,0,0.0
expression,NCAPD2_3,186,186,0,0.0
expression,NCAPD3_3,186,186,0,0.0
expression,NCAPG_3,186,186,0,0.0
expression,NCAPG2_3,186,186,0,0.0
expression,NCAPH_3,186,186,0,0.0
expression,NCAPH2_3,186,186,0,0.0
expression,NCBP1_3,186,186,0,0.0
expression,NCBP3_3,186,186,0,0.0
expression,NCDN_3,186,186,0,0.0
expression,NCEH1_3,186,186,0,0.0
expression,NCF1_3,186,186,0,0.0
expression,NCF2_3,186,186,0,0.0
expression,NCF4_3,186,186,0,0.0
expression,NCK1_3,186,186,0,0.0
expression,NCK2_3,186,186,0,0.0
expression,NCKAP1_3,186,186,0,0.0
expression,NCKAP1L_3,186,186,0,0.0
expression,NCKAP5_3,186,186,0,0.0
expression,NCKAP5L_3,186,186,0,0.0
expression,NCKIPSD_3,186,186,0,0.0
expression,NCL_3,186,186,0,0.0
expression,NCLN_3,186,186,0,0.0
expression,NCOA1_3,186,186,0,0.0
expression,NCOA2_3,186,186,0,0.0
expression,NCOA3_3,186,186,0,0.0
expression,NCOA4_3,186,186,0,0.0
expression,NCOA5_3,186,186,0,0.0
expression,NCOA6_3,186,186,0,0.0
expression,NCOA7_3,186,186,0,0.0
expression,NCOR1_3,186,186,0,0.0
expression,NCOR2_3,186,186,0,0.0
expression,NCR3LG1_3,186,186,0,0.0
expression,NCS1_3,186,186,0,0.0
expression,NCSTN_3,186,186,0,0.0
expression,NDC1_3,186,186,0,0.0
expression,NDC80_3,186,186,0,0.0
expression,NDE1_3,186,186,0,0.0
expression,NDEL1_3,186,186,0,0.0
expression,NDFIP1_3,186,186,0,0.0
expression,NDFIP2_3,186,186,0,0.0
expression,NDN_3,186,186,0,0.0
expression,NDNF_3,186,186,0,0.0
expression,NDOR1_3,186,186,0,0.0
expression,NDRG1_3,186,186,0,0.0
expression,NDRG2_3,186,186,0,0.0
expression,NDRG3_3,186,186,0,0.0
expression,NDRG4_3,186,186,0,0.0
expression,NDST1_3,186,186,0,0.0
expression,NDST2_3,186,186,0,0.0
expression,NDUFA1_3,186,186,0,0.0
expression,NDUFA10_3,186,186,0,0.0
expression,NDUFA11_3,186,186,0,0.0
expression,NDUFA12_3,186,186,0,0.0
expression,NDUFA13_3,186,186,0,0.0
expression,NDUFA2_3,186,186,0,0.0
expression,NDUFA3_3,186,186,0,0.0
expression,NDUFA4_3,186,186,0,0.0
expression,NDUFA4L2_3,186,186,0,0.0
expression,NDUFA5_3,186,186,0,0.0
expression,NDUFA6_3,186,186,0,0.0
expression,NDUFA7_3,186,186,0,0.0
expression,NDUFA8_3,186,186,0,0.0
expression,NDUFA9_3,186,186,0,0.0
expression,NDUFAB1_3,186,186,0,0.0
expression,NDUFAF1_3,186,186,0,0.0
expression,NDUFAF2_3,186,186,0,0.0
expression,NDUFAF3_3,186,186,0,0.0
expression,NDUFAF4_3,186,186,0,0.0
expression,NDUFAF5_3,186,186,0,0.0
expression,NDUFAF6_3,186,186,0,0.0
expression,NDUFAF7_3,186,186,0,0.0
expression,NDUFAF8_3,186,186,0,0.0
expression,NDUFB1_3,186,186,0,0.0
expression,NDUFB10_3,186,186,0,0.0
expression,NDUFB11_3,186,186,0,0.0
expression,NDUFB2_3,186,186,0,0.0
expression,NDUFB3_3,186,186,0,0.0
expression,NDUFB4_3,186,186,0,0.0
expression,NDUFB5_3,186,186,0,0.0
expression,NDUFB6_3,186,186,0,0.0
expression,NDUFB7_3,186,186,0,0.0
expression,NDUFB8_3,186,186,0,0.0
expression,NDUFB9_3,186,186,0,0.0
expression,NDUFC1_3,186,186,0,0.0
expression,NDUFC2_3,186,186,0,0.0
expression,NDUFS1_3,186,186,0,0.0
expression,NDUFS2_3,186,186,0,0.0
expression,NDUFS3_3,186,186,0,0.0
expression,NDUFS4_3,186,186,0,0.0
expression,NDUFS5_3,186,186,0,0.0
expression,NDUFS6_3,186,186,0,0.0
expression,NDUFS7_3,186,186,0,0.0
expression,NDUFS8_3,186,186,0,0.0
expression,NDUFV1_3,186,186,0,0.0
expression,NDUFV2_3,186,186,0,0.0
expression,NDUFV3_3,186,186,0,0.0
expression,NEB_3,186,186,0,0.0
expression,NEBL_3,186,186,0,0.0
expression,NECAB3_3,186,186,0,0.0
expression,NECAP1_3,186,186,0,0.0
expression,NECAP2_3,186,186,0,0.0
expression,NECTIN1_3,186,186,0,0.0
expression,NECTIN2_3,186,186,0,0.0
expression,NECTIN3_3,186,186,0,0.0
expression,NEDD1_3,186,186,0,0.0
expression,NEDD4_3,186,186,0,0.0
expression,NEDD4L_3,186,186,0,0.0
expression,NEDD8_3,186,186,0,0.0
expression,NEDD9_3,186,186,0,0.0
expression,NEIL2_3,186,186,0,0.0
expression,NEIL3_3,186,186,0,0.0
expression,NEK1_3,186,186,0,0.0
expression,NEK10_3,186,186,0,0.0
expression,NEK2_3,186,186,0,0.0
expression,NEK4_3,186,186,0,0.0
expression,NEK6_3,186,186,0,0.0
expression,NEK7_3,186,186,0,0.0
expression,NEK8_3,186,186,0,0.0
expression,NEK9_3,186,186,0,0.0
expression,NELFA_3,186,186,0,0.0
expression,NELFB_3,186,186,0,0.0
expression,NELFCD_3,186,186,0,0.0
expression,NELFE_3,186,186,0,0.0
expression,NEMF_3,186,186,0,0.0
expression,NEMP1_3,186,186,0,0.0
expression,NEMP2_3,186,186,0,0.0
expression,NENF_3,186,186,0,0.0
expression,NEO1_3,186,186,0,0.0
expression,NEPRO_3,186,186,0,0.0
expression,NES_3,186,186,0,0.0
expression,NET1_3,186,186,0,0.0
expression,NETO2_3,186,186,0,0.0
expression,NEU1_3,186,186,0,0.0
expression,NEU3_3,186,186,0,0.0
expression,NEURL1B_3,186,186,0,0.0
expression,NEURL2_3,186,186,0,0.0
expression,NEURL4_3,186,186,0,0.0
expression,NEXN_3,186,186,0,0.0
expression,NF1_3,186,186,0,0.0
expression,NF2_3,186,186,0,0.0
expression,NFAM1_3,186,186,0,0.0
expression,NFAT5_3,186,186,0,0.0
expression,NFATC1_3,186,186,0,0.0
expression,NFATC2_3,186,186,0,0.0
expression,NFATC2IP_3,186,186,0,0.0
expression,NFATC3_3,186,186,0,0.0
expression,NFATC4_3,186,186,0,0.0
expression,NFE2L1_3,186,186,0,0.0
expression,NFE2L2_3,186,186,0,0.0
expression,NFE2L3_3,186,186,0,0.0
expression,NFIA_3,186,186,0,0.0
expression,NFIB_3,186,186,0,0.0
expression,NFIC_3,186,186,0,0.0
expression,NFIL3_3,186,186,0,0.0
expression,NFIX_3,186,186,0,0.0
expression,NFKB1_3,186,186,0,0.0
expression,NFKB2_3,186,186,0,0.0
expression,NFKBIA_3,186,186,0,0.0
expression,NFKBIB_3,186,186,0,0.0
expression,NFKBID_3,186,186,0,0.0
expression,NFKBIE_3,186,186,0,0.0
expression,NFKBIL1_3,186,186,0,0.0
expression,NFKBIZ_3,186,186,0,0.0
expression,NFRKB_3,186,186,0,0.0
expression,NFS1_3,186,186,0,0.0
expression,NFU1_3,186,186,0,0.0
expression,NFX1_3,186,186,0,0.0
expression,NFXL1_3,186,186,0,0.0
expression,NFYA_3,186,186,0,0.0
expression,NFYB_3,186,186,0,0.0
expression,NFYC_3,186,186,0,0.0
expression,NGDN_3,186,186,0,0.0
expression,NGEF_3,186,186,0,0.0
expression,NGLY1_3,186,186,0,0.0
expression,NGRN_3,186,186,0,0.0
expression,NHEJ1_3,186,186,0,0.0
expression,NHLRC2_3,186,186,0,0.0
expression,NHLRC3_3,186,186,0,0.0
expression,NHP2_3,186,186,0,0.0
expression,NHS_3,186,186,0,0.0
expression,NHSL1_3,186,186,0,0.0
expression,NHSL2_3,186,186,0,0.0
expression,NIBAN1_3,186,186,0,0.0
expression,NIBAN2_3,186,186,0,0.0
expression,NICN1_3,186,186,0,0.0
expression,NID1_3,186,186,0,0.0
expression,NID2_3,186,186,0,0.0
expression,NIF3L1_3,186,186,0,0.0
expression,NIFK_3,186,186,0,0.0
expression,NIN_3,186,186,0,0.0
expression,NINJ1_3,186,186,0,0.0
expression,NINJ2_3,186,186,0,0.0
expression,NINL_3,186,186,0,0.0
expression,NIP7_3,186,186,0,0.0
expression,NIPA1_3,186,186,0,0.0
expression,NIPA2_3,186,186,0,0.0
expression,NIPAL2_3,186,186,0,0.0
expression,NIPAL3_3,186,186,0,0.0
expression,NIPBL_3,186,186,0,0.0
expression,NIPSNAP1_3,186,186,0,0.0
expression,NIPSNAP2_3,186,186,0,0.0
expression,NISCH_3,186,186,0,0.0
expression,NIT1_3,186,186,0,0.0
expression,NIT2_3,186,186,0,0.0
expression,NKAIN1_3,186,186,0,0.0
expression,NKAP_3,186,186,0,0.0
expression,NKAPD1_3,186,186,0,0.0
expression,NKD1_3,186,186,0,0.0
expression,NKD2_3,186,186,0,0.0
expression,NKIRAS1_3,186,186,0,0.0
expression,NKIRAS2_3,186,186,0,0.0
expression,NKRF_3,186,186,0,0.0
expression,NKTR_3,186,186,0,0.0
expression,NKX3-1_3,186,186,0,0.0
expression,NLE1_3,186,186,0,0.0
expression,NLGN2_3,186,186,0,0.0
expression,NLGN3_3,186,186,0,0.0
expression,NLK_3,186,186,0,0.0
expression,NLN_3,186,186,0,0.0
expression,NLRC5_3,186,186,0,0.0
expression,NLRP1_3,186,186,0,0.0
expression,NLRP12_3,186,186,0,0.0
expression,NLRP3_3,186,186,0,0.0
expression,NLRX1_3,186,186,0,0.0
expression,NMD3_3,186,186,0,0.0
expression,NME1_3,186,186,0,0.0
expression,NME2_3,186,186,0,0.0
expression,NME4_3,186,186,0,0.0
expression,NME6_3,186,186,0,0.0
expression,NME7_3,186,186,0,0.0
expression,NMI_3,186,186,0,0.0
expression,NMNAT1_3,186,186,0,0.0
expression,NMNAT2_3,186,186,0,0.0
expression,NMRAL1_3,186,186,0,0.0
expression,NMRK1_3,186,186,0,0.0
expression,NMT1_3,186,186,0,0.0
expression,NMT2_3,186,186,0,0.0
expression,NMU_3,186,186,0,0.0
expression,NNT_3,186,186,0,0.0
expression,NOA1_3,186,186,0,0.0
expression,NOB1_3,186,186,0,0.0
expression,NOC2L_3,186,186,0,0.0
expression,NOC3L_3,186,186,0,0.0
expression,NOC4L_3,186,186,0,0.0
expression,NOCT_3,186,186,0,0.0
expression,NOD1_3,186,186,0,0.0
expression,NOD2_3,186,186,0,0.0
expression,NOL10_3,186,186,0,0.0
expression,NOL11_3,186,186,0,0.0
expression,NOL12_3,186,186,0,0.0
expression,NOL4L_3,186,186,0,0.0
expression,NOL6_3,186,186,0,0.0
expression,NOL7_3,186,186,0,0.0
expression,NOL8_3,186,186,0,0.0
expression,NOL9_3,186,186,0,0.0
expression,NOLC1_3,186,186,0,0.0
expression,NOM1_3,186,186,0,0.0
expression,NONO_3,186,186,0,0.0
expression,NOP10_3,186,186,0,0.0
expression,NOP14_3,186,186,0,0.0
expression,NOP16_3,186,186,0,0.0
expression,NOP2_3,186,186,0,0.0
expression,NOP53_3,186,186,0,0.0
expression,NOP56_3,186,186,0,0.0
expression,NOP58_3,186,186,0,0.0
expression,NOP9_3,186,186,0,0.0
expression,NOS2_3,186,186,0,0.0
expression,NOS3_3,186,186,0,0.0
expression,NOSIP_3,186,186,0,0.0
expression,NOSTRIN_3,186,186,0,0.0
expression,NOTCH1_3,186,186,0,0.0
expression,NOTCH2_3,186,186,0,0.0
expression,NOTCH3_3,186,186,0,0.0
expression,NOTCH4_3,186,186,0,0.0
expression,NOTUM_3,186,186,0,0.0
expression,NOVA1_3,186,186,0,0.0
expression,NOVA2_3,186,186,0,0.0
expression,NOX4_3,186,186,0,0.0
expression,NOXA1_3,186,186,0,0.0
expression,NPAS1_3,186,186,0,0.0
expression,NPAS2_3,186,186,0,0.0
expression,NPAT_3,186,186,0,0.0
expression,NPC1_3,186,186,0,0.0
expression,NPC2_3,186,186,0,0.0
expression,NPDC1_3,186,186,0,0.0
expression,NPEPL1_3,186,186,0,0.0
expression,NPEPPS_3,186,186,0,0.0
expression,NPHP1_3,186,186,0,0.0
expression,NPHP3_3,186,186,0,0.0
expression,NPHP4_3,186,186,0,0.0
expression,NPL_3,186,186,0,0.0
expression,NPLOC4_3,186,186,0,0.0
expression,NPM1_3,186,186,0,0.0
expression,NPM3_3,186,186,0,0.0
expression,NPNT_3,186,186,0,0.0
expression,NPR1_3,186,186,0,0.0
expression,NPR2_3,186,186,0,0.0
expression,NPRL2_3,186,186,0,0.0
expression,NPRL3_3,186,186,0,0.0
expression,NPTN_3,186,186,0,0.0
expression,NPTXR_3,186,186,0,0.0
expression,NQO1_3,186,186,0,0.0
expression,NQO2_3,186,186,0,0.0
expression,NR1D1_3,186,186,0,0.0
expression,NR1D2_3,186,186,0,0.0
expression,NR1H2_3,186,186,0,0.0
expression,NR1H3_3,186,186,0,0.0
expression,NR2C1_3,186,186,0,0.0
expression,NR2C2_3,186,186,0,0.0
expression,NR2C2AP_3,186,186,0,0.0
expression,NR2F1_3,186,186,0,0.0
expression,NR2F2_3,186,186,0,0.0
expression,NR2F6_3,186,186,0,0.0
expression,NR3C1_3,186,186,0,0.0
expression,NR3C2_3,186,186,0,0.0
expression,NR4A1_3,186,186,0,0.0
expression,NR4A2_3,186,186,0,0.0
expression,NR4A3_3,186,186,0,0.0
expression,NR6A1_3,186,186,0,0.0
expression,NRARP_3,186,186,0,0.0
expression,NRAS_3,186,186,0,0.0
expression,NRBF2_3,186,186,0,0.0
expression,NRBP1_3,186,186,0,0.0
expression,NRBP2_3,186,186,0,0.0
expression,NRDC_3,186,186,0,0.0
expression,NRDE2_3,186,186,0,0.0
expression,NREP_3,186,186,0,0.0
expression,NRF1_3,186,186,0,0.0
expression,NRIP1_3,186,186,0,0.0
expression,NRIP3_3,186,186,0,0.0
expression,NRM_3,186,186,0,0.0
expression,NRP1_3,186,186,0,0.0
expression,NRP2_3,186,186,0,0.0
expression,NSA2_3,186,186,0,0.0
expression,NSD1_3,186,186,0,0.0
expression,NSD2_3,186,186,0,0.0
expression,NSD3_3,186,186,0,0.0
expression,NSDHL_3,186,186,0,0.0
expression,NSF_3,186,186,0,0.0
expression,NSFL1C_3,186,186,0,0.0
expression,NSG1_3,186,186,0,0.0
expression,NSL1_3,186,186,0,0.0
expression,NSMAF_3,186,186,0,0.0
expression,NSMCE1_3,186,186,0,0.0
expression,NSMCE2_3,186,186,0,0.0
expression,NSMCE4A_3,186,186,0,0.0
expression,NSMF_3,186,186,0,0.0
expression,NSRP1_3,186,186,0,0.0
expression,NSUN2_3,186,186,0,0.0
expression,NSUN3_3,186,186,0,0.0
expression,NSUN4_3,186,186,0,0.0
expression,NSUN5_3,186,186,0,0.0
expression,NSUN6_3,186,186,0,0.0
expression,NT5C_3,186,186,0,0.0
expression,NT5C2_3,186,186,0,0.0
expression,NT5C3A_3,186,186,0,0.0
expression,NT5C3B_3,186,186,0,0.0
expression,NT5DC1_3,186,186,0,0.0
expression,NT5DC2_3,186,186,0,0.0
expression,NT5DC3_3,186,186,0,0.0
expression,NT5E_3,186,186,0,0.0
expression,NTAN1_3,186,186,0,0.0
expression,NTAQ1_3,186,186,0,0.0
expression,NTHL1_3,186,186,0,0.0
expression,NTMT1_3,186,186,0,0.0
expression,NTN4_3,186,186,0,0.0
expression,NTPCR_3,186,186,0,0.0
expression,NTRK2_3,186,186,0,0.0
expression,NTRK3_3,186,186,0,0.0
expression,NUAK1_3,186,186,0,0.0
expression,NUAK2_3,186,186,0,0.0
expression,NUBP1_3,186,186,0,0.0
expression,NUBP2_3,186,186,0,0.0
expression,NUBPL_3,186,186,0,0.0
expression,NUCB1_3,186,186,0,0.0
expression,NUCB2_3,186,186,0,0.0
expression,NUCKS1_3,186,186,0,0.0
expression,NUDC_3,186,186,0,0.0
expression,NUDCD1_3,186,186,0,0.0
expression,NUDCD2_3,186,186,0,0.0
expression,NUDCD3_3,186,186,0,0.0
expression,NUDT1_3,186,186,0,0.0
expression,NUDT12_3,186,186,0,0.0
expression,NUDT13_3,186,186,0,0.0
expression,NUDT14_3,186,186,0,0.0
expression,NUDT15_3,186,186,0,0.0
expression,NUDT16_3,186,186,0,0.0
expression,NUDT16L1_3,186,186,0,0.0
expression,NUDT17_3,186,186,0,0.0
expression,NUDT18_3,186,186,0,0.0
expression,NUDT2_3,186,186,0,0.0
expression,NUDT21_3,186,186,0,0.0
expression,NUDT22_3,186,186,0,0.0
expression,NUDT3_3,186,186,0,0.0
expression,NUDT4_3,186,186,0,0.0
expression,NUDT5_3,186,186,0,0.0
expression,NUDT6_3,186,186,0,0.0
expression,NUDT7_3,186,186,0,0.0
expression,NUDT8_3,186,186,0,0.0
expression,NUDT9_3,186,186,0,0.0
expression,NUF2_3,186,186,0,0.0
expression,NUFIP1_3,186,186,0,0.0
expression,NUFIP2_3,186,186,0,0.0
expression,NUMA1_3,186,186,0,0.0
expression,NUMB_3,186,186,0,0.0
expression,NUMBL_3,186,186,0,0.0
expression,NUP107_3,186,186,0,0.0
expression,NUP133_3,186,186,0,0.0
expression,NUP153_3,186,186,0,0.0
expression,NUP155_3,186,186,0,0.0
expression,NUP160_3,186,186,0,0.0
expression,NUP188_3,186,186,0,0.0
expression,NUP205_3,186,186,0,0.0
expression,NUP210_3,186,186,0,0.0
expression,NUP214_3,186,186,0,0.0
expression,NUP35_3,186,186,0,0.0
expression,NUP37_3,186,186,0,0.0
expression,NUP42_3,186,186,0,0.0
expression,NUP43_3,186,186,0,0.0
expression,NUP50_3,186,186,0,0.0
expression,NUP54_3,186,186,0,0.0
expression,NUP58_3,186,186,0,0.0
expression,NUP62_3,186,186,0,0.0
expression,NUP85_3,186,186,0,0.0
expression,NUP88_3,186,186,0,0.0
expression,NUP93_3,186,186,0,0.0
expression,NUP98_3,186,186,0,0.0
expression,NUPR1_3,186,186,0,0.0
expression,NUS1_3,186,186,0,0.0
expression,NUSAP1_3,186,186,0,0.0
expression,NUTF2_3,186,186,0,0.0
expression,NVL_3,186,186,0,0.0
expression,NXF1_3,186,186,0,0.0
expression,NXN_3,186,186,0,0.0
expression,NXPE3_3,186,186,0,0.0
expression,NXPH3_3,186,186,0,0.0
expression,NXT1_3,186,186,0,0.0
expression,NXT2_3,186,186,0,0.0
expression,NYAP1_3,186,186,0,0.0
expression,NYNRIN_3,186,186,0,0.0
expression,OAF_3,186,186,0,0.0
expression,OARD1_3,186,186,0,0.0
expression,OAS1_3,186,186,0,0.0
expression,OAS2_3,186,186,0,0.0
expression,OASL_3,186,186,0,0.0
expression,OAT_1,186,186,0,0.0
expression,OAZ1_3,186,186,0,0.0
expression,OAZ2_3,186,186,0,0.0
expression,OBI1_3,186,186,0,0.0
expression,OBSCN_3,186,186,0,0.0
expression,OBSL1_3,186,186,0,0.0
expression,OCEL1_3,186,186,0,0.0
expression,OCIAD1_3,186,186,0,0.0
expression,OCIAD2_3,186,186,0,0.0
expression,OCRL_3,186,186,0,0.0
expression,ODAD1_3,186,186,0,0.0
expression,ODAD4_3,186,186,0,0.0
expression,ODC1_3,186,186,0,0.0
expression,ODF2_3,186,186,0,0.0
expression,ODF2L_3,186,186,0,0.0
expression,ODR4_3,186,186,0,0.0
expression,OFD1_3,186,186,0,0.0
expression,OGA_3,186,186,0,0.0
expression,OGDH_3,186,186,0,0.0
expression,OGFOD1_3,186,186,0,0.0
expression,OGFOD2_3,186,186,0,0.0
expression,OGFOD3_3,186,186,0,0.0
expression,OGFR_3,186,186,0,0.0
expression,OGFRL1_3,186,186,0,0.0
expression,OGG1_3,186,186,0,0.0
expression,OGN_3,186,186,0,0.0
expression,OGT_3,186,186,0,0.0
expression,OIP5_3,186,186,0,0.0
expression,OLA1_3,186,186,0,0.0
expression,OLFM1_3,186,186,0,0.0
expression,OLFML1_3,186,186,0,0.0
expression,OLFML2A_3,186,186,0,0.0
expression,OLFML2B_3,186,186,0,0.0
expression,OLFML3_3,186,186,0,0.0
expression,OLR1_3,186,186,0,0.0
expression,OMA1_3,186,186,0,0.0
expression,OMD_3,186,186,0,0.0
expression,OPA1_3,186,186,0,0.0
expression,OPA3_3,186,186,0,0.0
expression,OPHN1_3,186,186,0,0.0
expression,OPLAH_3,186,186,0,0.0
expression,OPN3_3,186,186,0,0.0
expression,OPTN_3,186,186,0,0.0
expression,ORAI1_3,186,186,0,0.0
expression,ORAI2_3,186,186,0,0.0
expression,ORAI3_3,186,186,0,0.0
expression,ORC1_3,186,186,0,0.0
expression,ORC2_3,186,186,0,0.0
expression,ORC3_3,186,186,0,0.0
expression,ORC4_3,186,186,0,0.0
expression,ORC5_3,186,186,0,0.0
expression,ORC6_3,186,186,0,0.0
expression,ORMDL1_3,186,186,0,0.0
expression,ORMDL2_3,186,186,0,0.0
expression,ORMDL3_3,186,186,0,0.0
expression,OS9_3,186,186,0,0.0
expression,OSBP_3,186,186,0,0.0
expression,OSBPL10_3,186,186,0,0.0
expression,OSBPL11_3,186,186,0,0.0
expression,OSBPL1A_3,186,186,0,0.0
expression,OSBPL2_3,186,186,0,0.0
expression,OSBPL3_3,186,186,0,0.0
expression,OSBPL5_3,186,186,0,0.0
expression,OSBPL6_3,186,186,0,0.0
expression,OSBPL7_3,186,186,0,0.0
expression,OSBPL8_3,186,186,0,0.0
expression,OSBPL9_3,186,186,0,0.0
expression,OSCP1_3,186,186,0,0.0
expression,OSER1_3,186,186,0,0.0
expression,OSGEP_3,186,186,0,0.0
expression,OSGEPL1_3,186,186,0,0.0
expression,OSGIN2_3,186,186,0,0.0
expression,OSM_3,186,186,0,0.0
expression,OSMR_3,186,186,0,0.0
expression,OST4_3,186,186,0,0.0
expression,OSTC_3,186,186,0,0.0
expression,OSTF1_3,186,186,0,0.0
expression,OSTM1_3,186,186,0,0.0
expression,OTUB1_3,186,186,0,0.0
expression,OTUD1_3,186,186,0,0.0
expression,OTUD3_3,186,186,0,0.0
expression,OTUD4_3,186,186,0,0.0
expression,OTUD5_3,186,186,0,0.0
expression,OTUD6B_3,186,186,0,0.0
expression,OTUD7B_3,186,186,0,0.0
expression,OTULIN_3,186,186,0,0.0
expression,OTULINL_3,186,186,0,0.0
expression,OVGP1_3,186,186,0,0.0
expression,OVOL3_3,186,186,0,0.0
expression,OXA1L_3,186,186,0,0.0
expression,OXCT1_3,186,186,0,0.0
expression,OXLD1_3,186,186,0,0.0
expression,OXNAD1_3,186,186,0,0.0
expression,OXR1_3,186,186,0,0.0
expression,OXSM_3,186,186,0,0.0
expression,OXSR1_3,186,186,0,0.0
expression,P2RX4_3,186,186,0,0.0
expression,P2RX5_3,186,186,0,0.0
expression,P2RX7_3,186,186,0,0.0
expression,P2RY1_3,186,186,0,0.0
expression,P2RY2_3,186,186,0,0.0
expression,P2RY6_3,186,186,0,0.0
expression,P3H1_3,186,186,0,0.0
expression,P3H2_3,186,186,0,0.0
expression,P3H3_3,186,186,0,0.0
expression,P3H4_3,186,186,0,0.0
expression,P4HA1_3,186,186,0,0.0
expression,P4HA2_3,186,186,0,0.0
expression,P4HA3_3,186,186,0,0.0
expression,P4HB_3,186,186,0,0.0
expression,P4HTM_3,186,186,0,0.0
expression,PA2G4_3,186,186,0,0.0
expression,PAAF1_3,186,186,0,0.0
expression,PABIR1_2,186,186,0,0.0
expression,PABIR2_3,186,186,0,0.0
expression,PABPC1_3,186,186,0,0.0
expression,PABPC4_3,186,186,0,0.0
expression,PABPC5_3,186,186,0,0.0
expression,PABPN1_3,186,186,0,0.0
expression,PACC1_3,186,186,0,0.0
expression,PACRGL_3,186,186,0,0.0
expression,PACS1_3,186,186,0,0.0
expression,PACS2_3,186,186,0,0.0
expression,PACSIN1_3,186,186,0,0.0
expression,PACSIN2_3,186,186,0,0.0
expression,PACSIN3_3,186,186,0,0.0
expression,PADI2_3,186,186,0,0.0
expression,PAF1_3,186,186,0,0.0
expression,PAFAH1B1_3,186,186,0,0.0
expression,PAFAH1B3_3,186,186,0,0.0
expression,PAFAH2_3,186,186,0,0.0
expression,PAG1_3,186,186,0,0.0
expression,PAGR1_3,186,186,0,0.0
expression,PAICS_3,186,186,0,0.0
expression,PAIP1_3,186,186,0,0.0
expression,PAIP2_3,186,186,0,0.0
expression,PAIP2B_3,186,186,0,0.0
expression,PAK1_3,186,186,0,0.0
expression,PAK1IP1_3,186,186,0,0.0
expression,PAK2_3,186,186,0,0.0
expression,PAK3_3,186,186,0,0.0
expression,PAK4_3,186,186,0,0.0
expression,PALB2_3,186,186,0,0.0
expression,PALD1_3,186,186,0,0.0
expression,PALLD_3,186,186,0,0.0
expression,PALM_3,186,186,0,0.0
expression,PALM2AKAP2_3,186,186,0,0.0
expression,PALM3_3,186,186,0,0.0
expression,PALMD_3,186,186,0,0.0
expression,PAM_3,186,186,0,0.0
expression,PAM16_3,186,186,0,0.0
expression,PAMR1_3,186,186,0,0.0
expression,PAN2_3,186,186,0,0.0
expression,PAN3_3,186,186,0,0.0
expression,PANK1_3,186,186,0,0.0
expression,PANK2_3,186,186,0,0.0
expression,PANK3_3,186,186,0,0.0
expression,PANK4_3,186,186,0,0.0
expression,PANX1_3,186,186,0,0.0
expression,PANX2_3,186,186,0,0.0
expression,PAOX_3,186,186,0,0.0
expression,PAPLN_3,186,186,0,0.0
expression,PAPOLA_3,186,186,0,0.0
expression,PAPOLG_3,186,186,0,0.0
expression,PAPPA_3,186,186,0,0.0
expression,PAPSS1_3,186,186,0,0.0
expression,PAPSS2_3,186,186,0,0.0
expression,PAQR3_3,186,186,0,0.0
expression,PAQR4_3,186,186,0,0.0
expression,PAQR6_3,186,186,0,0.0
expression,PAQR7_3,186,186,0,0.0
expression,PAQR8_3,186,186,0,0.0
expression,PARD3_3,186,186,0,0.0
expression,PARD3B_3,186,186,0,0.0
expression,PARD6A_3,186,186,0,0.0
expression,PARD6B_3,186,186,0,0.0
expression,PARD6G_3,186,186,0,0.0
expression,PARG_3,186,186,0,0.0
expression,PARK7_3,186,186,0,0.0
expression,PARL_3,186,186,0,0.0
expression,PARN_3,186,186,0,0.0
expression,PARP1_3,186,186,0,0.0
expression,PARP11_3,186,186,0,0.0
expression,PARP12_3,186,186,0,0.0
expression,PARP14_3,186,186,0,0.0
expression,PARP15_3,186,186,0,0.0
expression,PARP16_3,186,186,0,0.0
expression,PARP2_3,186,186,0,0.0
expression,PARP3_3,186,186,0,0.0
expression,PARP4_3,186,186,0,0.0
expression,PARP6_3,186,186,0,0.0
expression,PARP8_3,186,186,0,0.0
expression,PARP9_3,186,186,0,0.0
expression,PARPBP_3,186,186,0,0.0
expression,PARS2_3,186,186,0,0.0
expression,PARVA_3,186,186,0,0.0
expression,PARVB_3,186,186,0,0.0
expression,PARVG_3,186,186,0,0.0
expression,PASK_3,186,186,0,0.0
expression,PATJ_3,186,186,0,0.0
expression,PATL1_3,186,186,0,0.0
expression,PATZ1_3,186,186,0,0.0
expression,PAWR_3,186,186,0,0.0
expression,PAXBP1_3,186,186,0,0.0
expression,PAXIP1_3,186,186,0,0.0
expression,PAXX_3,186,186,0,0.0
expression,PBDC1_3,186,186,0,0.0
expression,PBK_3,186,186,0,0.0
expression,PBLD_3,186,186,0,0.0
expression,PBRM1_3,186,186,0,0.0
expression,PBX1_3,186,186,0,0.0
expression,PBX2_3,186,186,0,0.0
expression,PBX3_3,186,186,0,0.0
expression,PBXIP1_3,186,186,0,0.0
expression,PC_3,186,186,0,0.0
expression,PCBD1_3,186,186,0,0.0
expression,PCBD2_3,186,186,0,0.0
expression,PCBP1_3,186,186,0,0.0
expression,PCBP2_3,186,186,0,0.0
expression,PCBP4_3,186,186,0,0.0
expression,PCCA_3,186,186,0,0.0
expression,PCCB_3,186,186,0,0.0
expression,PCDH1_3,186,186,0,0.0
expression,PCDH12_3,186,186,0,0.0
expression,PCDH17_3,186,186,0,0.0
expression,PCDH18_3,186,186,0,0.0
expression,PCDH19_3,186,186,0,0.0
expression,PCDH7_3,186,186,0,0.0
expression,PCDHA13_2,186,186,0,0.0
expression,PCED1A_3,186,186,0,0.0
expression,PCF11_3,186,186,0,0.0
expression,PCGF1_3,186,186,0,0.0
expression,PCGF2_3,186,186,0,0.0
expression,PCGF3_3,186,186,0,0.0
expression,PCGF5_3,186,186,0,0.0
expression,PCGF6_3,186,186,0,0.0
expression,PCID2_3,186,186,0,0.0
expression,PCIF1_3,186,186,0,0.0
expression,PCK2_3,186,186,0,0.0
expression,PCLAF_3,186,186,0,0.0
expression,PCM1_3,186,186,0,0.0
expression,PCMT1_3,186,186,0,0.0
expression,PCMTD1_3,186,186,0,0.0
expression,PCMTD2_3,186,186,0,0.0
expression,PCNA_3,186,186,0,0.0
expression,PCNP_3,186,186,0,0.0
expression,PCNT_3,186,186,0,0.0
expression,PCNX1_3,186,186,0,0.0
expression,PCNX3_3,186,186,0,0.0
expression,PCNX4_3,186,186,0,0.0
expression,PCOLCE_3,186,186,0,0.0
expression,PCOLCE2_3,186,186,0,0.0
expression,PCP4L1_3,186,186,0,0.0
expression,PCSK5_3,186,186,0,0.0
expression,PCSK6_3,186,186,0,0.0
expression,PCSK7_3,186,186,0,0.0
expression,PCYOX1_3,186,186,0,0.0
expression,PCYOX1L_3,186,186,0,0.0
expression,PCYT1A_3,186,186,0,0.0
expression,PCYT1B_3,186,186,0,0.0
expression,PCYT2_3,186,186,0,0.0
expression,PDAP1_3,186,186,0,0.0
expression,PDCD10_3,186,186,0,0.0
expression,PDCD11_3,186,186,0,0.0
expression,PDCD1LG2_3,186,186,0,0.0
expression,PDCD2_3,186,186,0,0.0
expression,PDCD2L_3,186,186,0,0.0
expression,PDCD4_3,186,186,0,0.0
expression,PDCD5_3,186,186,0,0.0
expression,PDCD6_3,186,186,0,0.0
expression,PDCD6IP_3,186,186,0,0.0
expression,PDCD7_3,186,186,0,0.0
expression,PDCL_3,186,186,0,0.0
expression,PDCL3_3,186,186,0,0.0
expression,PDE10A_3,186,186,0,0.0
expression,PDE12_3,186,186,0,0.0
expression,PDE2A_3,186,186,0,0.0
expression,PDE3A_3,186,186,0,0.0
expression,PDE4A_3,186,186,0,0.0
expression,PDE4B_3,186,186,0,0.0
expression,PDE4D_3,186,186,0,0.0
expression,PDE4DIPP2_3,186,186,0,0.0
expression,PDE5A_3,186,186,0,0.0
expression,PDE6D_3,186,186,0,0.0
expression,PDE6H_3,186,186,0,0.0
expression,PDE7A_3,186,186,0,0.0
expression,PDE7B_3,186,186,0,0.0
expression,PDE8A_3,186,186,0,0.0
expression,PDE8B_3,186,186,0,0.0
expression,PDE9A_3,186,186,0,0.0
expression,PDGFA_3,186,186,0,0.0
expression,PDGFB_3,186,186,0,0.0
expression,PDGFC_3,186,186,0,0.0
expression,PDGFD_3,186,186,0,0.0
expression,PDGFRA_3,186,186,0,0.0
expression,PDGFRB_3,186,186,0,0.0
expression,PDGFRL_3,186,186,0,0.0
expression,PDHA1_3,186,186,0,0.0
expression,PDHB_3,186,186,0,0.0
expression,PDHX_3,186,186,0,0.0
expression,PDIA3_3,186,186,0,0.0
expression,PDIA4_3,186,186,0,0.0
expression,PDIA5_3,186,186,0,0.0
expression,PDIA6_3,186,186,0,0.0
expression,PDIK1L_3,186,186,0,0.0
expression,PDK1_3,186,186,0,0.0
expression,PDK2_3,186,186,0,0.0
expression,PDK3_3,186,186,0,0.0
expression,PDK4_3,186,186,0,0.0
expression,PDLIM1_3,186,186,0,0.0
expression,PDLIM2_3,186,186,0,0.0
expression,PDLIM4_3,186,186,0,0.0
expression,PDLIM5_3,186,186,0,0.0
expression,PDLIM7_3,186,186,0,0.0
expression,PDP1_3,186,186,0,0.0
expression,PDP2_3,186,186,0,0.0
expression,PDPK1_3,186,186,0,0.0
expression,PDPN_3,186,186,0,0.0
expression,PDPR_3,186,186,0,0.0
expression,PDRG1_3,186,186,0,0.0
expression,PDS5A_3,186,186,0,0.0
expression,PDS5B_3,186,186,0,0.0
expression,PDSS1_3,186,186,0,0.0
expression,PDSS2_3,186,186,0,0.0
expression,PDXDC1_3,186,186,0,0.0
expression,PDXK_3,186,186,0,0.0
expression,PDXP_3,186,186,0,0.0
expression,PDZD11_3,186,186,0,0.0
expression,PDZD2_3,186,186,0,0.0
expression,PDZD8_3,186,186,0,0.0
expression,PDZRN3_3,186,186,0,0.0
expression,PEA15_3,186,186,0,0.0
expression,PEAK1_3,186,186,0,0.0
expression,PEAR1_3,186,186,0,0.0
expression,PEBP1_3,186,186,0,0.0
expression,PECAM1_3,186,186,0,0.0
expression,PECR_3,186,186,0,0.0
expression,PEF1_3,186,186,0,0.0
expression,PEG10_3,186,186,0,0.0
expression,PEG3_3,186,186,0,0.0
expression,PELI1_3,186,186,0,0.0
expression,PELI2_3,186,186,0,0.0
expression,PELI3_3,186,186,0,0.0
expression,PELO_3,186,186,0,0.0
expression,PELP1_3,186,186,0,0.0
expression,PEMT_3,186,186,0,0.0
expression,PEPD_3,186,186,0,0.0
expression,PER1_3,186,186,0,0.0
expression,PER2_3,186,186,0,0.0
expression,PER3_3,186,186,0,0.0
expression,PES1_3,186,186,0,0.0
expression,PEX1_3,186,186,0,0.0
expression,PEX10_3,186,186,0,0.0
expression,PEX11A_3,186,186,0,0.0
expression,PEX11B_3,186,186,0,0.0
expression,PEX11G_3,186,186,0,0.0
expression,PEX12_3,186,186,0,0.0
expression,PEX13_3,186,186,0,0.0
expression,PEX14_3,186,186,0,0.0
expression,PEX16_3,186,186,0,0.0
expression,PEX19_3,186,186,0,0.0
expression,PEX2_3,186,186,0,0.0
expression,PEX26_3,186,186,0,0.0
expression,PEX3_3,186,186,0,0.0
expression,PEX5_3,186,186,0,0.0
expression,PEX6_3,186,186,0,0.0
expression,PEX7_3,186,186,0,0.0
expression,PFAS_3,186,186,0,0.0
expression,PFDN1_3,186,186,0,0.0
expression,PFDN2_3,186,186,0,0.0
expression,PFDN4_3,186,186,0,0.0
expression,PFDN5_3,186,186,0,0.0
expression,PFDN6_3,186,186,0,0.0
expression,PFKFB2_3,186,186,0,0.0
expression,PFKFB3_3,186,186,0,0.0
expression,PFKFB4_3,186,186,0,0.0
expression,PFKL_3,186,186,0,0.0
expression,PFKM_3,186,186,0,0.0
expression,PFKP_3,186,186,0,0.0
expression,PFN1_3,186,186,0,0.0
expression,PFN2_3,186,186,0,0.0
expression,PGAM1_3,186,186,0,0.0
expression,PGAM5_3,186,186,0,0.0
expression,PGAP1_3,186,186,0,0.0
expression,PGAP2_3,186,186,0,0.0
expression,PGAP3_3,186,186,0,0.0
expression,PGAP4_3,186,186,0,0.0
expression,PGAP6_3,186,186,0,0.0
expression,PGBD1_3,186,186,0,0.0
expression,PGBD2_3,186,186,0,0.0
expression,PGD_3,186,186,0,0.0
expression,PGF_3,186,186,0,0.0
expression,PGGHG_3,186,186,0,0.0
expression,PGGT1B_3,186,186,0,0.0
expression,PGK1_3,186,186,0,0.0
expression,PGLS_3,186,186,0,0.0
expression,PGM1_3,186,186,0,0.0
expression,PGM2_3,186,186,0,0.0
expression,PGM2L1_3,186,186,0,0.0
expression,PGM3_3,186,186,0,0.0
expression,PGM5_3,186,186,0,0.0
expression,PGPEP1_3,186,186,0,0.0
expression,PGRMC1_3,186,186,0,0.0
expression,PGRMC2_3,186,186,0,0.0
expression,PGS1_3,186,186,0,0.0
expression,PHACTR1_3,186,186,0,0.0
expression,PHACTR2_3,186,186,0,0.0
expression,PHACTR4_3,186,186,0,0.0
expression,PHAX_3,186,186,0,0.0
expression,PHB_3,186,186,0,0.0
expression,PHB2_3,186,186,0,0.0
expression,PHC1_3,186,186,0,0.0
expression,PHC2_3,186,186,0,0.0
expression,PHC3_3,186,186,0,0.0
expression,PHETA1_3,186,186,0,0.0
expression,PHETA2_3,186,186,0,0.0
expression,PHEX_3,186,186,0,0.0
expression,PHF1_3,186,186,0,0.0
expression,PHF10_3,186,186,0,0.0
expression,PHF12_3,186,186,0,0.0
expression,PHF13_3,186,186,0,0.0
expression,PHF14_3,186,186,0,0.0
expression,PHF19_3,186,186,0,0.0
expression,PHF2_3,186,186,0,0.0
expression,PHF20_3,186,186,0,0.0
expression,PHF20L1_3,186,186,0,0.0
expression,PHF21A_3,186,186,0,0.0
expression,PHF23_3,186,186,0,0.0
expression,PHF3_3,186,186,0,0.0
expression,PHF5A_3,186,186,0,0.0
expression,PHF6_3,186,186,0,0.0
expression,PHF8_3,186,186,0,0.0
expression,PHIP_3,186,186,0,0.0
expression,PHKA1_3,186,186,0,0.0
expression,PHKA2_3,186,186,0,0.0
expression,PHKB_3,186,186,0,0.0
expression,PHKG2_3,186,186,0,0.0
expression,PHLDA1_3,186,186,0,0.0
expression,PHLDA2_3,186,186,0,0.0
expression,PHLDA3_3,186,186,0,0.0
expression,PHLDB1_3,186,186,0,0.0
expression,PHLDB2_3,186,186,0,0.0
expression,PHLDB3_3,186,186,0,0.0
expression,PHLPP1_3,186,186,0,0.0
expression,PHLPP2_3,186,186,0,0.0
expression,PHOSPHO2_3,186,186,0,0.0
expression,PHPT1_3,186,186,0,0.0
expression,PHRF1_3,186,186,0,0.0
expression,PHTF1_3,186,186,0,0.0
expression,PHTF2_3,186,186,0,0.0
expression,PHYHD1_3,186,186,0,0.0
expression,PHYKPL_3,186,186,0,0.0
expression,PI3_3,186,186,0,0.0
expression,PI4K2A_3,186,186,0,0.0
expression,PI4K2B_3,186,186,0,0.0
expression,PI4KA_3,186,186,0,0.0
expression,PI4KB_3,186,186,0,0.0
expression,PIAS1_3,186,186,0,0.0
expression,PIAS2_3,186,186,0,0.0
expression,PIAS3_3,186,186,0,0.0
expression,PIAS4_3,186,186,0,0.0
expression,PIBF1_3,186,186,0,0.0
expression,PICALM_3,186,186,0,0.0
expression,PICK1_3,186,186,0,0.0
expression,PID1_3,186,186,0,0.0
expression,PIDD1_3,186,186,0,0.0
expression,PIEZO1_3,186,186,0,0.0
expression,PIEZO2_3,186,186,0,0.0
expression,PIF1_3,186,186,0,0.0
expression,PIGA_3,186,186,0,0.0
expression,PIGB_3,186,186,0,0.0
expression,PIGBOS1_3,186,186,0,0.0
expression,PIGC_3,186,186,0,0.0
expression,PIGF_3,186,186,0,0.0
expression,PIGG_3,186,186,0,0.0
expression,PIGH_3,186,186,0,0.0
expression,PIGK_3,186,186,0,0.0
expression,PIGL_3,186,186,0,0.0
expression,PIGN_3,186,186,0,0.0
expression,PIGO_3,186,186,0,0.0
expression,PIGQ_3,186,186,0,0.0
expression,PIGS_3,186,186,0,0.0
expression,PIGT_3,186,186,0,0.0
expression,PIGU_3,186,186,0,0.0
expression,PIGV_3,186,186,0,0.0
expression,PIGW_3,186,186,0,0.0
expression,PIGX_3,186,186,0,0.0
expression,PIGY_3,186,186,0,0.0
expression,PIH1D1_3,186,186,0,0.0
expression,PIH1D2_3,186,186,0,0.0
expression,PIK3AP1_3,186,186,0,0.0
expression,PIK3C2A_3,186,186,0,0.0
expression,PIK3C2B_3,186,186,0,0.0
expression,PIK3C3_3,186,186,0,0.0
expression,PIK3CA_3,186,186,0,0.0
expression,PIK3CB_3,186,186,0,0.0
expression,PIK3CD_3,186,186,0,0.0
expression,PIK3CG_3,186,186,0,0.0
expression,PIK3IP1_3,186,186,0,0.0
expression,PIK3R1_3,186,186,0,0.0
expression,PIK3R2_3,186,186,0,0.0
expression,PIK3R4_3,186,186,0,0.0
expression,PIK3R5_3,186,186,0,0.0
expression,PIKFYVE_3,186,186,0,0.0
expression,PILRA_3,186,186,0,0.0
expression,PIM1_3,186,186,0,0.0
expression,PIM2_3,186,186,0,0.0
expression,PIM3_2,186,186,0,0.0
expression,PIMREG_3,186,186,0,0.0
expression,PIN1_3,186,186,0,0.0
expression,PIN4_3,186,186,0,0.0
expression,PINK1_3,186,186,0,0.0
expression,PINX1_3,186,186,0,0.0
expression,PIP4K2A_3,186,186,0,0.0
expression,PIP4K2B_3,186,186,0,0.0
expression,PIP4K2C_3,186,186,0,0.0
expression,PIP4P1_3,186,186,0,0.0
expression,PIP4P2_3,186,186,0,0.0
expression,PIP5K1A_3,186,186,0,0.0
expression,PIP5K1B_3,186,186,0,0.0
expression,PIP5K1C_3,186,186,0,0.0
expression,PIPOX_3,186,186,0,0.0
expression,PIR_3,186,186,0,0.0
expression,PISD_3,186,186,0,0.0
expression,PITHD1_3,186,186,0,0.0
expression,PITPNA_3,186,186,0,0.0
expression,PITPNB_3,186,186,0,0.0
expression,PITPNC1_3,186,186,0,0.0
expression,PITPNM1_3,186,186,0,0.0
expression,PITPNM2_3,186,186,0,0.0
expression,PITRM1_3,186,186,0,0.0
expression,PIWIL4_3,186,186,0,0.0
expression,PJA1_3,186,186,0,0.0
expression,PJA2_3,186,186,0,0.0
expression,PKD1_3,186,186,0,0.0
expression,PKD1L3_3,186,186,0,0.0
expression,PKD2_3,186,186,0,0.0
expression,PKDCC_3,186,186,0,0.0
expression,PKIA_3,186,186,0,0.0
expression,PKIB_3,186,186,0,0.0
expression,PKIG_3,186,186,0,0.0
expression,PKM_3,186,186,0,0.0
expression,PKMYT1_3,186,186,0,0.0
expression,PKN1_3,186,186,0,0.0
expression,PKN2_3,186,186,0,0.0
expression,PKN3_3,186,186,0,0.0
expression,PKNOX2_3,186,186,0,0.0
expression,PKP2_3,186,186,0,0.0
expression,PKP4_3,186,186,0,0.0
expression,PLA1A_3,186,186,0,0.0
expression,PLA2G12A_3,186,186,0,0.0
expression,PLA2G15_3,186,186,0,0.0
expression,PLA2G4A_3,186,186,0,0.0
expression,PLA2G4B_3,186,186,0,0.0
expression,PLA2G6_3,186,186,0,0.0
expression,PLA2G7_3,186,186,0,0.0
expression,PLA2R1_3,186,186,0,0.0
expression,PLAA_3,186,186,0,0.0
expression,PLAAT3_3,186,186,0,0.0
expression,PLAAT4_3,186,186,0,0.0
expression,PLAC9_3,186,186,0,0.0
expression,PLAGL1_3,186,186,0,0.0
expression,PLAGL2_3,186,186,0,0.0
expression,PLAT_3,186,186,0,0.0
expression,PLAU_3,186,186,0,0.0
expression,PLBD1_3,186,186,0,0.0
expression,PLBD2_3,186,186,0,0.0
expression,PLCB1_3,186,186,0,0.0
expression,PLCB2_3,186,186,0,0.0
expression,PLCB3_3,186,186,0,0.0
expression,PLCB4_3,186,186,0,0.0
expression,PLCD1_3,186,186,0,0.0
expression,PLCD3_3,186,186,0,0.0
expression,PLCE1_3,186,186,0,0.0
expression,PLCG1_3,186,186,0,0.0
expression,PLCG2_3,186,186,0,0.0
expression,PLCL1_3,186,186,0,0.0
expression,PLCL2_3,186,186,0,0.0
expression,PLCXD2_3,186,186,0,0.0
expression,PLD1_3,186,186,0,0.0
expression,PLD2_3,186,186,0,0.0
expression,PLD3_3,186,186,0,0.0
expression,PLEC_3,186,186,0,0.0
expression,PLEK_3,186,186,0,0.0
expression,PLEK2_3,186,186,0,0.0
expression,PLEKHA1_3,186,186,0,0.0
expression,PLEKHA2_3,186,186,0,0.0
expression,PLEKHA3_3,186,186,0,0.0
expression,PLEKHA4_3,186,186,0,0.0
expression,PLEKHA5_3,186,186,0,0.0
expression,PLEKHA6_3,186,186,0,0.0
expression,PLEKHA8_3,186,186,0,0.0
expression,PLEKHB2_3,186,186,0,0.0
expression,PLEKHF1_3,186,186,0,0.0
expression,PLEKHF2_3,186,186,0,0.0
expression,PLEKHG1_3,186,186,0,0.0
expression,PLEKHG2_3,186,186,0,0.0
expression,PLEKHG3_3,186,186,0,0.0
expression,PLEKHG4_3,186,186,0,0.0
expression,PLEKHG5_3,186,186,0,0.0
expression,PLEKHH1_3,186,186,0,0.0
expression,PLEKHH2_3,186,186,0,0.0
expression,PLEKHH3_3,186,186,0,0.0
expression,PLEKHJ1_3,186,186,0,0.0
expression,PLEKHM1_3,186,186,0,0.0
expression,PLEKHM2_3,186,186,0,0.0
expression,PLEKHM3_3,186,186,0,0.0
expression,PLEKHN1_3,186,186,0,0.0
expression,PLEKHO1_3,186,186,0,0.0
expression,PLEKHO2_3,186,186,0,0.0
expression,PLGRKT_3,186,186,0,0.0
expression,PLIN2_3,186,186,0,0.0
expression,PLIN3_3,186,186,0,0.0
expression,PLK1_3,186,186,0,0.0
expression,PLK2_3,186,186,0,0.0
expression,PLK3_3,186,186,0,0.0
expression,PLK4_3,186,186,0,0.0
expression,PLLP_3,186,186,0,0.0
expression,PLOD1_3,186,186,0,0.0
expression,PLOD3_3,186,186,0,0.0
expression,PLPBP_3,186,186,0,0.0
expression,PLPP1_3,186,186,0,0.0
expression,PLPP2_3,186,186,0,0.0
expression,PLPP3_3,186,186,0,0.0
expression,PLPP5_3,186,186,0,0.0
expression,PLPP6_2,186,186,0,0.0
expression,PLPP7_3,186,186,0,0.0
expression,PLRG1_3,186,186,0,0.0
expression,PLS3_3,186,186,0,0.0
expression,PLSCR1_3,186,186,0,0.0
expression,PLSCR3_3,186,186,0,0.0
expression,PLSCR4_3,186,186,0,0.0
expression,PLTP_3,186,186,0,0.0
expression,PLVAP_3,186,186,0,0.0
expression,PLXDC1_3,186,186,0,0.0
expression,PLXDC2_3,186,186,0,0.0
expression,PLXNA1_3,186,186,0,0.0
expression,PLXNA2_3,186,186,0,0.0
expression,PLXNA3_3,186,186,0,0.0
expression,PLXNB1_3,186,186,0,0.0
expression,PLXNB2_3,186,186,0,0.0
expression,PLXNB3_3,186,186,0,0.0
expression,PLXNC1_3,186,186,0,0.0
expression,PLXND1_3,186,186,0,0.0
expression,PM20D1_3,186,186,0,0.0
expression,PM20D2_3,186,186,0,0.0
expression,PMEPA1_3,186,186,0,0.0
expression,PML_3,186,186,0,0.0
expression,PMM1_3,186,186,0,0.0
expression,PMM2_3,186,186,0,0.0
expression,PMP22_3,186,186,0,0.0
expression,PMPCA_3,186,186,0,0.0
expression,PMPCB_3,186,186,0,0.0
expression,PMS1_3,186,186,0,0.0
expression,PMS2_3,186,186,0,0.0
expression,PMVK_3,186,186,0,0.0
expression,PNISR_3,186,186,0,0.0
expression,PNKD_3,186,186,0,0.0
expression,PNKP_3,186,186,0,0.0
expression,PNMA1_3,186,186,0,0.0
expression,PNMA8A_3,186,186,0,0.0
expression,PNN_3,186,186,0,0.0
expression,PNO1_3,186,186,0,0.0
expression,PNP_3,186,186,0,0.0
expression,PNPLA2_3,186,186,0,0.0
expression,PNPLA4_3,186,186,0,0.0
expression,PNPLA6_3,186,186,0,0.0
expression,PNPLA7_3,186,186,0,0.0
expression,PNPLA8_3,186,186,0,0.0
expression,PNPO_3,186,186,0,0.0
expression,PNPT1_3,186,186,0,0.0
expression,PNRC1_3,186,186,0,0.0
expression,PNRC2_3,186,186,0,0.0
expression,POC1A_3,186,186,0,0.0
expression,POC1B_3,186,186,0,0.0
expression,POC5_3,186,186,0,0.0
expression,PODN_3,186,186,0,0.0
expression,PODNL1_3,186,186,0,0.0
expression,PODXL_3,186,186,0,0.0
expression,PODXL2_3,186,186,0,0.0
expression,POFUT1_3,186,186,0,0.0
expression,POFUT2_3,186,186,0,0.0
expression,POGK_3,186,186,0,0.0
expression,POGLUT1_3,186,186,0,0.0
expression,POGLUT2_3,186,186,0,0.0
expression,POGLUT3_3,186,186,0,0.0
expression,POGZ_3,186,186,0,0.0
expression,POLA1_3,186,186,0,0.0
expression,POLA2_3,186,186,0,0.0
expression,POLB_3,186,186,0,0.0
expression,POLD1_3,186,186,0,0.0
expression,POLD2_3,186,186,0,0.0
expression,POLD3_3,186,186,0,0.0
expression,POLDIP2_3,186,186,0,0.0
expression,POLDIP3_3,186,186,0,0.0
expression,POLE_3,186,186,0,0.0
expression,POLE2_3,186,186,0,0.0
expression,POLE3_3,186,186,0,0.0
expression,POLE4_3,186,186,0,0.0
expression,POLG_3,186,186,0,0.0
expression,POLG2_3,186,186,0,0.0
expression,POLH_3,186,186,0,0.0
expression,POLI_3,186,186,0,0.0
expression,POLK_3,186,186,0,0.0
expression,POLL_3,186,186,0,0.0
expression,POLM_3,186,186,0,0.0
expression,POLQ_3,186,186,0,0.0
expression,POLR1A_3,186,186,0,0.0
expression,POLR1B_3,186,186,0,0.0
expression,POLR1C_3,186,186,0,0.0
expression,POLR1D_3,186,186,0,0.0
expression,POLR1E_3,186,186,0,0.0
expression,POLR1F_3,186,186,0,0.0
expression,POLR1G_3,186,186,0,0.0
expression,POLR1H_3,186,186,0,0.0
expression,POLR2A_3,186,186,0,0.0
expression,POLR2B_3,186,186,0,0.0
expression,POLR2C_3,186,186,0,0.0
expression,POLR2D_3,186,186,0,0.0
expression,POLR2E_3,186,186,0,0.0
expression,POLR2F_3,186,186,0,0.0
expression,POLR2G_3,186,186,0,0.0
expression,POLR2H_3,186,186,0,0.0
expression,POLR2I_3,186,186,0,0.0
expression,POLR2J_3,186,186,0,0.0
expression,POLR2K_3,186,186,0,0.0
expression,POLR2L_3,186,186,0,0.0
expression,POLR2M_3,186,186,0,0.0
expression,POLR3A_3,186,186,0,0.0
expression,POLR3B_3,186,186,0,0.0
expression,POLR3C_3,186,186,0,0.0
expression,POLR3D_3,186,186,0,0.0
expression,POLR3E_3,186,186,0,0.0
expression,POLR3F_3,186,186,0,0.0
expression,POLR3G_3,186,186,0,0.0
expression,POLR3GL_3,186,186,0,0.0
expression,POLR3H_3,186,186,0,0.0
expression,POLR3K_3,186,186,0,0.0
expression,POLRMT_3,186,186,0,0.0
expression,POM121C_3,186,186,0,0.0
expression,POMGNT1_3,186,186,0,0.0
expression,POMGNT2_3,186,186,0,0.0
expression,POMK_3,186,186,0,0.0
expression,POMT1_3,186,186,0,0.0
expression,POMT2_3,186,186,0,0.0
expression,PON2_3,186,186,0,0.0
expression,PON3_3,186,186,0,0.0
expression,POP1_3,186,186,0,0.0
expression,POP4_3,186,186,0,0.0
expression,POP5_3,186,186,0,0.0
expression,POP7_3,186,186,0,0.0
expression,POR_3,186,186,0,0.0
expression,PORCN_3,186,186,0,0.0
expression,POSTN_3,186,186,0,0.0
expression,POT1_3,186,186,0,0.0
expression,POU2F1_3,186,186,0,0.0
expression,POU2F2_3,186,186,0,0.0
expression,POU6F1_3,186,186,0,0.0
expression,PPA1_3,186,186,0,0.0
expression,PPA2_3,186,186,0,0.0
expression,PPAN_3,186,186,0,0.0
expression,PPARA_3,186,186,0,0.0
expression,PPARD_3,186,186,0,0.0
expression,PPARG_3,186,186,0,0.0
expression,PPARGC1B_3,186,186,0,0.0
expression,PPAT_3,186,186,0,0.0
expression,PPCDC_3,186,186,0,0.0
expression,PPCS_3,186,186,0,0.0
expression,PPFIA1_3,186,186,0,0.0
expression,PPFIA3_3,186,186,0,0.0
expression,PPFIA4_3,186,186,0,0.0
expression,PPFIBP1_3,186,186,0,0.0
expression,PPFIBP2_3,186,186,0,0.0
expression,PPHLN1_3,186,186,0,0.0
expression,PPIA_3,186,186,0,0.0
expression,PPIB_3,186,186,0,0.0
expression,PPIC_3,186,186,0,0.0
expression,PPID_3,186,186,0,0.0
expression,PPIE_3,186,186,0,0.0
expression,PPIF_3,186,186,0,0.0
expression,PPIG_3,186,186,0,0.0
expression,PPIH_3,186,186,0,0.0
expression,PPIL1_3,186,186,0,0.0
expression,PPIL2_3,186,186,0,0.0
expression,PPIL3_3,186,186,0,0.0
expression,PPIL4_3,186,186,0,0.0
expression,PPIL6_3,186,186,0,0.0
expression,PPIP5K1_3,186,186,0,0.0
expression,PPIP5K2_3,186,186,0,0.0
expression,PPL_3,186,186,0,0.0
expression,PPM1A_3,186,186,0,0.0
expression,PPM1B_3,186,186,0,0.0
expression,PPM1D_3,186,186,0,0.0
expression,PPM1F_3,186,186,0,0.0
expression,PPM1G_3,186,186,0,0.0
expression,PPM1H_3,186,186,0,0.0
expression,PPM1J_3,186,186,0,0.0
expression,PPM1K_3,186,186,0,0.0
expression,PPM1L_3,186,186,0,0.0
expression,PPM1M_3,186,186,0,0.0
expression,PPME1_3,186,186,0,0.0
expression,PPOX_3,186,186,0,0.0
expression,PPP1CA_3,186,186,0,0.0
expression,PPP1CB_3,186,186,0,0.0
expression,PPP1CC_3,186,186,0,0.0
expression,PPP1R10_3,186,186,0,0.0
expression,PPP1R11_3,186,186,0,0.0
expression,PPP1R12A_3,186,186,0,0.0
expression,PPP1R12B_3,186,186,0,0.0
expression,PPP1R12C_3,186,186,0,0.0
expression,PPP1R13B_3,186,186,0,0.0
expression,PPP1R13L_3,186,186,0,0.0
expression,PPP1R14B_3,186,186,0,0.0
expression,PPP1R15A_3,186,186,0,0.0
expression,PPP1R15B_3,186,186,0,0.0
expression,PPP1R16A_3,186,186,0,0.0
expression,PPP1R16B_3,186,186,0,0.0
expression,PPP1R18_3,186,186,0,0.0
expression,PPP1R2_3,186,186,0,0.0
expression,PPP1R21_3,186,186,0,0.0
expression,PPP1R26_3,186,186,0,0.0
expression,PPP1R35_3,186,186,0,0.0
expression,PPP1R37_3,186,186,0,0.0
expression,PPP1R3B_3,186,186,0,0.0
expression,PPP1R3C_3,186,186,0,0.0
expression,PPP1R3E_3,186,186,0,0.0
expression,PPP1R3F_3,186,186,0,0.0
expression,PPP1R7_3,186,186,0,0.0
expression,PPP1R8_3,186,186,0,0.0
expression,PPP1R9A_3,186,186,0,0.0
expression,PPP1R9B_3,186,186,0,0.0
expression,PPP2CA_3,186,186,0,0.0
expression,PPP2CB_3,186,186,0,0.0
expression,PPP2R1A_3,186,186,0,0.0
expression,PPP2R1B_3,186,186,0,0.0
expression,PPP2R2A_3,186,186,0,0.0
expression,PPP2R2D_3,186,186,0,0.0
expression,PPP2R3A_3,186,186,0,0.0
expression,PPP2R3B_3,186,186,0,0.0
expression,PPP2R3C_3,186,186,0,0.0
expression,PPP2R5A_3,186,186,0,0.0
expression,PPP2R5B_3,186,186,0,0.0
expression,PPP2R5C_3,186,186,0,0.0
expression,PPP2R5D_3,186,186,0,0.0
expression,PPP2R5E_3,186,186,0,0.0
expression,PPP3CA_3,186,186,0,0.0
expression,PPP3CB_3,186,186,0,0.0
expression,PPP3CC_3,186,186,0,0.0
expression,PPP3R1_3,186,186,0,0.0
expression,PPP4C_3,186,186,0,0.0
expression,PPP4R1_3,186,186,0,0.0
expression,PPP4R2_3,186,186,0,0.0
expression,PPP4R3A_3,186,186,0,0.0
expression,PPP4R3B_3,186,186,0,0.0
expression,PPP4R4_3,186,186,0,0.0
expression,PPP5C_3,186,186,0,0.0
expression,PPP6C_3,186,186,0,0.0
expression,PPP6R1_3,186,186,0,0.0
expression,PPP6R2_3,186,186,0,0.0
expression,PPP6R3_3,186,186,0,0.0
expression,PPRC1_3,186,186,0,0.0
expression,PPT1_3,186,186,0,0.0
expression,PPT2_3,186,186,0,0.0
expression,PPTC7_3,186,186,0,0.0
expression,PPWD1_3,186,186,0,0.0
expression,PQBP1_3,186,186,0,0.0
expression,PRADC1_3,186,186,0,0.0
expression,PRAF2_3,186,186,0,0.0
expression,PRAG1_3,186,186,0,0.0
expression,PRC1_3,186,186,0,0.0
expression,PRCC_3,186,186,0,0.0
expression,PRCP_3,186,186,0,0.0
expression,PRDM1_3,186,186,0,0.0
expression,PRDM10_3,186,186,0,0.0
expression,PRDM11_4,186,186,0,0.0
expression,PRDM15_3,186,186,0,0.0
expression,PRDM2_3,186,186,0,0.0
expression,PRDM4_3,186,186,0,0.0
expression,PRDM5_3,186,186,0,0.0
expression,PRDM8_3,186,186,0,0.0
expression,PRDX1_3,186,186,0,0.0
expression,PRDX2_3,186,186,0,0.0
expression,PRDX3_3,186,186,0,0.0
expression,PRDX4_3,186,186,0,0.0
expression,PRDX5_3,186,186,0,0.0
expression,PRDX6_3,186,186,0,0.0
expression,PREB_3,186,186,0,0.0
expression,PRELID1_3,186,186,0,0.0
expression,PRELID2_3,186,186,0,0.0
expression,PRELID3A_3,186,186,0,0.0
expression,PRELID3B_3,186,186,0,0.0
expression,PRELP_3,186,186,0,0.0
expression,PREP_3,186,186,0,0.0
expression,PREPL_3,186,186,0,0.0
expression,PREX1_3,186,186,0,0.0
expression,PREX2_3,186,186,0,0.0
expression,PRICKLE1_3,186,186,0,0.0
expression,PRICKLE2_3,186,186,0,0.0
expression,PRICKLE3_3,186,186,0,0.0
expression,PRICKLE4_3,186,186,0,0.0
expression,PRIM1_3,186,186,0,0.0
expression,PRIM2_3,186,186,0,0.0
expression,PRIMPOL_3,186,186,0,0.0
expression,PRKAA1_3,186,186,0,0.0
expression,PRKAB1_3,186,186,0,0.0
expression,PRKAB2_3,186,186,0,0.0
expression,PRKACA_3,186,186,0,0.0
expression,PRKACB_3,186,186,0,0.0
expression,PRKAG1_3,186,186,0,0.0
expression,PRKAG2_3,186,186,0,0.0
expression,PRKAR1A_3,186,186,0,0.0
expression,PRKAR2A_3,186,186,0,0.0
expression,PRKAR2B_3,186,186,0,0.0
expression,PRKCA_3,186,186,0,0.0
expression,PRKCB_3,186,186,0,0.0
expression,PRKCD_3,186,186,0,0.0
expression,PRKCE_3,186,186,0,0.0
expression,PRKCH_3,186,186,0,0.0
expression,PRKCI_3,186,186,0,0.0
expression,PRKCSH_3,186,186,0,0.0
expression,PRKD1_3,186,186,0,0.0
expression,PRKD2_3,186,186,0,0.0
expression,PRKD3_3,186,186,0,0.0
expression,PRKDC_3,186,186,0,0.0
expression,PRKG1_3,186,186,0,0.0
expression,PRKN_3,186,186,0,0.0
expression,PRKRA_3,186,186,0,0.0
expression,PRKRIP1_3,186,186,0,0.0
expression,PRKX_3,186,186,0,0.0
expression,PRMT1_3,186,186,0,0.0
expression,PRMT2_3,186,186,0,0.0
expression,PRMT3_3,186,186,0,0.0
expression,PRMT5_3,186,186,0,0.0
expression,PRMT6_3,186,186,0,0.0
expression,PRMT7_3,186,186,0,0.0
expression,PRMT9_3,186,186,0,0.0
expression,PRNP_3,186,186,0,0.0
expression,PROB1_3,186,186,0,0.0
expression,PROCA1_3,186,186,0,0.0
expression,PROCR_3,186,186,0,0.0
expression,PROM1_3,186,186,0,0.0
expression,PRORP_3,186,186,0,0.0
expression,PROS1_3,186,186,0,0.0
expression,PROSER1_3,186,186,0,0.0
expression,PROSER2_3,186,186,0,0.0
expression,PROSER3_3,186,186,0,0.0
expression,PRPF18_3,186,186,0,0.0
expression,PRPF19_3,186,186,0,0.0
expression,PRPF3_3,186,186,0,0.0
expression,PRPF31_3,186,186,0,0.0
expression,PRPF38A_3,186,186,0,0.0
expression,PRPF38B_3,186,186,0,0.0
expression,PRPF39_3,186,186,0,0.0
expression,PRPF4_3,186,186,0,0.0
expression,PRPF40B_3,186,186,0,0.0
expression,PRPF4B_3,186,186,0,0.0
expression,PRPF6_3,186,186,0,0.0
expression,PRPF8_3,186,186,0,0.0
expression,PRPS1_3,186,186,0,0.0
expression,PRPS2_3,186,186,0,0.0
expression,PRPSAP1_3,186,186,0,0.0
expression,PRPSAP2_3,186,186,0,0.0
expression,PRR11_3,186,186,0,0.0
expression,PRR12_3,186,186,0,0.0
expression,PRR13_3,186,186,0,0.0
expression,PRR14_3,186,186,0,0.0
expression,PRR14L_3,186,186,0,0.0
expression,PRR3_3,186,186,0,0.0
expression,PRR5L_3,186,186,0,0.0
expression,PRR7_3,186,186,0,0.0
expression,PRRC1_3,186,186,0,0.0
expression,PRRC2A_3,186,186,0,0.0
expression,PRRC2B_3,186,186,0,0.0
expression,PRRC2C_3,186,186,0,0.0
expression,PRRG1_3,186,186,0,0.0
expression,PRRG2_3,186,186,0,0.0
expression,PRRG3_3,186,186,0,0.0
expression,PRRT2_3,186,186,0,0.0
expression,PRRT3_3,186,186,0,0.0
expression,PRRT4_3,186,186,0,0.0
expression,PRRX1_3,186,186,0,0.0
expression,PRRX2_3,186,186,0,0.0
expression,PRSS12_3,186,186,0,0.0
expression,PRSS23_3,186,186,0,0.0
expression,PRSS35_3,186,186,0,0.0
expression,PRTFDC1_3,186,186,0,0.0
expression,PRTG_3,186,186,0,0.0
expression,PRUNE1_3,186,186,0,0.0
expression,PRUNE2_3,186,186,0,0.0
expression,PRX_3,186,186,0,0.0
expression,PRXL2A_3,186,186,0,0.0
expression,PRXL2C_3,186,186,0,0.0
expression,PSAP_3,186,186,0,0.0
expression,PSAT1_3,186,186,0,0.0
expression,PSD_3,186,186,0,0.0
expression,PSD2_3,186,186,0,0.0
expression,PSD3_3,186,186,0,0.0
expression,PSD4_3,186,186,0,0.0
expression,PSEN1_3,186,186,0,0.0
expression,PSEN2_3,186,186,0,0.0
expression,PSENEN_3,186,186,0,0.0
expression,PSIP1_3,186,186,0,0.0
expression,PSKH1_3,186,186,0,0.0
expression,PSMA1_3,186,186,0,0.0
expression,PSMA2_3,186,186,0,0.0
expression,PSMA3_3,186,186,0,0.0
expression,PSMA4_3,186,186,0,0.0
expression,PSMA5_3,186,186,0,0.0
expression,PSMA6_3,186,186,0,0.0
expression,PSMA7_3,186,186,0,0.0
expression,PSMB1_3,186,186,0,0.0
expression,PSMB10_3,186,186,0,0.0
expression,PSMB2_3,186,186,0,0.0
expression,PSMB3_3,186,186,0,0.0
expression,PSMB4_3,186,186,0,0.0
expression,PSMB5_3,186,186,0,0.0
expression,PSMB6_3,186,186,0,0.0
expression,PSMB7_3,186,186,0,0.0
expression,PSMB8_3,186,186,0,0.0
expression,PSMB9_3,186,186,0,0.0
expression,PSMC1_3,186,186,0,0.0
expression,PSMC2_3,186,186,0,0.0
expression,PSMC3_3,186,186,0,0.0
expression,PSMC3IP_3,186,186,0,0.0
expression,PSMC4_3,186,186,0,0.0
expression,PSMC5_3,186,186,0,0.0
expression,PSMC6_3,186,186,0,0.0
expression,PSMD1_3,186,186,0,0.0
expression,PSMD10_3,186,186,0,0.0
expression,PSMD11_3,186,186,0,0.0
expression,PSMD12_3,186,186,0,0.0
expression,PSMD13_3,186,186,0,0.0
expression,PSMD14_3,186,186,0,0.0
expression,PSMD2_3,186,186,0,0.0
expression,PSMD3_3,186,186,0,0.0
expression,PSMD4_3,186,186,0,0.0
expression,PSMD5_3,186,186,0,0.0
expression,PSMD6_3,186,186,0,0.0
expression,PSMD7_3,186,186,0,0.0
expression,PSMD8_3,186,186,0,0.0
expression,PSMD9_3,186,186,0,0.0
expression,PSME1_3,186,186,0,0.0
expression,PSME2_3,186,186,0,0.0
expression,PSME3_3,186,186,0,0.0
expression,PSME3IP1_3,186,186,0,0.0
expression,PSME4_3,186,186,0,0.0
expression,PSMF1_3,186,186,0,0.0
expression,PSMG1_3,186,186,0,0.0
expression,PSMG2_3,186,186,0,0.0
expression,PSMG3_3,186,186,0,0.0
expression,PSMG4_3,186,186,0,0.0
expression,PSPC1_3,186,186,0,0.0
expression,PSPH_3,186,186,0,0.0
expression,PSRC1_3,186,186,0,0.0
expression,PSTK_3,186,186,0,0.0
expression,PSTPIP1_3,186,186,0,0.0
expression,PSTPIP2_3,186,186,0,0.0
expression,PTAFR_3,186,186,0,0.0
expression,PTAR1_3,186,186,0,0.0
expression,PTBP1_3,186,186,0,0.0
expression,PTBP2_3,186,186,0,0.0
expression,PTBP3_3,186,186,0,0.0
expression,PTCD2_3,186,186,0,0.0
expression,PTCD3_3,186,186,0,0.0
expression,PTCH1_3,186,186,0,0.0
expression,PTCH2_3,186,186,0,0.0
expression,PTDSS1_3,186,186,0,0.0
expression,PTDSS2_3,186,186,0,0.0
expression,PTEN_3,186,186,0,0.0
expression,PTER_3,186,186,0,0.0
expression,PTGDS_3,186,186,0,0.0
expression,PTGER4_3,186,186,0,0.0
expression,PTGES_3,186,186,0,0.0
expression,PTGES2_3,186,186,0,0.0
expression,PTGES3_3,186,186,0,0.0
expression,PTGES3L_3,186,186,0,0.0
expression,PTGFR_3,186,186,0,0.0
expression,PTGFRN_3,186,186,0,0.0
expression,PTGIS_3,186,186,0,0.0
expression,PTGR1_3,186,186,0,0.0
expression,PTGR2_3,186,186,0,0.0
expression,PTH1R_3,186,186,0,0.0
expression,PTK2_3,186,186,0,0.0
expression,PTK2B_3,186,186,0,0.0
expression,PTK7_3,186,186,0,0.0
expression,PTMA_3,186,186,0,0.0
expression,PTMS_3,186,186,0,0.0
expression,PTN_3,186,186,0,0.0
expression,PTOV1_3,186,186,0,0.0
expression,PTP4A1_3,186,186,0,0.0
expression,PTP4A2_3,186,186,0,0.0
expression,PTP4A3_3,186,186,0,0.0
expression,PTPA_3,186,186,0,0.0
expression,PTPDC1_3,186,186,0,0.0
expression,PTPMT1_3,186,186,0,0.0
expression,PTPN1_3,186,186,0,0.0
expression,PTPN11_3,186,186,0,0.0
expression,PTPN12_3,186,186,0,0.0
expression,PTPN13_3,186,186,0,0.0
expression,PTPN14_3,186,186,0,0.0
expression,PTPN18_3,186,186,0,0.0
expression,PTPN2_3,186,186,0,0.0
expression,PTPN21_3,186,186,0,0.0
expression,PTPN22_3,186,186,0,0.0
expression,PTPN23_3,186,186,0,0.0
expression,PTPN3_3,186,186,0,0.0
expression,PTPN4_3,186,186,0,0.0
expression,PTPN6_3,186,186,0,0.0
expression,PTPN7_3,186,186,0,0.0
expression,PTPN9_3,186,186,0,0.0
expression,PTPRA_3,186,186,0,0.0
expression,PTPRB_3,186,186,0,0.0
expression,PTPRC_4,186,186,0,0.0
expression,PTPRD_3,186,186,0,0.0
expression,PTPRE_3,186,186,0,0.0
expression,PTPRF_3,186,186,0,0.0
expression,PTPRG_3,186,186,0,0.0
expression,PTPRJ_3,186,186,0,0.0
expression,PTPRK_3,186,186,0,0.0
expression,PTPRM_3,186,186,0,0.0
expression,PTPRS_3,186,186,0,0.0
expression,PTPRU_3,186,186,0,0.0
expression,PTRH1_3,186,186,0,0.0
expression,PTRH2_3,186,186,0,0.0
expression,PTRHD1_3,186,186,0,0.0
expression,PTS_3,186,186,0,0.0
expression,PTTG1_3,186,186,0,0.0
expression,PTX3_3,186,186,0,0.0
expression,PUDP_3,186,186,0,0.0
expression,PUF60_3,186,186,0,0.0
expression,PUM1_3,186,186,0,0.0
expression,PUM2_3,186,186,0,0.0
expression,PUM3_3,186,186,0,0.0
expression,PURA_3,186,186,0,0.0
expression,PURB_3,186,186,0,0.0
expression,PURG_3,186,186,0,0.0
expression,PUS1_3,186,186,0,0.0
expression,PUS10_3,186,186,0,0.0
expression,PUS3_3,186,186,0,0.0
expression,PUS7_3,186,186,0,0.0
expression,PUS7L_3,186,186,0,0.0
expression,PUSL1_3,186,186,0,0.0
expression,PVR_3,186,186,0,0.0
expression,PWP1_3,186,186,0,0.0
expression,PWP2_3,186,186,0,0.0
expression,PWWP2A_2,186,186,0,0.0
expression,PWWP2B_3,186,186,0,0.0
expression,PWWP3A_3,186,186,0,0.0
expression,PWWP3B_3,186,186,0,0.0
expression,PXDC1_3,186,186,0,0.0
expression,PXDN_3,186,186,0,0.0
expression,PXK_3,186,186,0,0.0
expression,PXMP2_3,186,186,0,0.0
expression,PXMP4_3,186,186,0,0.0
expression,PXN_3,186,186,0,0.0
expression,PXYLP1_3,186,186,0,0.0
expression,PYCARD_3,186,186,0,0.0
expression,PYCR1_3,186,186,0,0.0
expression,PYCR2_3,186,186,0,0.0
expression,PYCR3_3,186,186,0,0.0
expression,PYGB_3,186,186,0,0.0
expression,PYGL_3,186,186,0,0.0
expression,PYGO1_3,186,186,0,0.0
expression,PYGO2_3,186,186,0,0.0
expression,PYM1_3,186,186,0,0.0
expression,PYROXD1_3,186,186,0,0.0
expression,PYROXD2_3,186,186,0,0.0
expression,QARS1_3,186,186,0,0.0
expression,QDPR_3,186,186,0,0.0
expression,QKI_3,186,186,0,0.0
expression,QPCT_3,186,186,0,0.0
expression,QPCTL_3,186,186,0,0.0
expression,QRICH1_3,186,186,0,0.0
expression,QRSL1_3,186,186,0,0.0
expression,QSER1_3,186,186,0,0.0
expression,QSOX1_3,186,186,0,0.0
expression,QSOX2_3,186,186,0,0.0
expression,QTRT1_3,186,186,0,0.0
expression,QTRT2_3,186,186,0,0.0
expression,R3HCC1_3,186,186,0,0.0
expression,R3HCC1L_3,186,186,0,0.0
expression,R3HDM1_3,186,186,0,0.0
expression,R3HDM2_3,186,186,0,0.0
expression,R3HDM4_3,186,186,0,0.0
expression,RAB10_3,186,186,0,0.0
expression,RAB11A_3,186,186,0,0.0
expression,RAB11B_3,186,186,0,0.0
expression,RAB11FIP1_3,186,186,0,0.0
expression,RAB11FIP2_3,186,186,0,0.0
expression,RAB11FIP3_3,186,186,0,0.0
expression,RAB11FIP4_3,186,186,0,0.0
expression,RAB11FIP5_3,186,186,0,0.0
expression,RAB12_3,186,186,0,0.0
expression,RAB13_3,186,186,0,0.0
expression,RAB14_3,186,186,0,0.0
expression,RAB15_3,186,186,0,0.0
expression,RAB18_3,186,186,0,0.0
expression,RAB1A_3,186,186,0,0.0
expression,RAB1B_3,186,186,0,0.0
expression,RAB20_3,186,186,0,0.0
expression,RAB21_3,186,186,0,0.0
expression,RAB22A_3,186,186,0,0.0
expression,RAB23_3,186,186,0,0.0
expression,RAB24_3,186,186,0,0.0
expression,RAB27A_3,186,186,0,0.0
expression,RAB27B_3,186,186,0,0.0
expression,RAB28_3,186,186,0,0.0
expression,RAB29_3,186,186,0,0.0
expression,RAB2A_3,186,186,0,0.0
expression,RAB2B_3,186,186,0,0.0
expression,RAB30_3,186,186,0,0.0
expression,RAB31_3,186,186,0,0.0
expression,RAB32_3,186,186,0,0.0
expression,RAB33B_3,186,186,0,0.0
expression,RAB34_3,186,186,0,0.0
expression,RAB35_3,186,186,0,0.0
expression,RAB37_3,186,186,0,0.0
expression,RAB38_3,186,186,0,0.0
expression,RAB39A_3,186,186,0,0.0
expression,RAB39B_3,186,186,0,0.0
expression,RAB3A_3,186,186,0,0.0
expression,RAB3B_3,186,186,0,0.0
expression,RAB3D_3,186,186,0,0.0
expression,RAB3GAP1_3,186,186,0,0.0
expression,RAB3GAP2_3,186,186,0,0.0
expression,RAB3IL1_3,186,186,0,0.0
expression,RAB3IP_3,186,186,0,0.0
expression,RAB40B_3,186,186,0,0.0
expression,RAB40C_3,186,186,0,0.0
expression,RAB42_3,186,186,0,0.0
expression,RAB43_3,186,186,0,0.0
expression,RAB4A_3,186,186,0,0.0
expression,RAB4B_3,186,186,0,0.0
expression,RAB5A_3,186,186,0,0.0
expression,RAB5B_3,186,186,0,0.0
expression,RAB5C_3,186,186,0,0.0
expression,RAB5IF_3,186,186,0,0.0
expression,RAB6A_3,186,186,0,0.0
expression,RAB6B_3,186,186,0,0.0
expression,RAB7A_3,186,186,0,0.0
expression,RAB7B_3,186,186,0,0.0
expression,RAB8A_3,186,186,0,0.0
expression,RAB8B_3,186,186,0,0.0
expression,RAB9A_3,186,186,0,0.0
expression,RABAC1_3,186,186,0,0.0
expression,RABEP1_3,186,186,0,0.0
expression,RABEP2_3,186,186,0,0.0
expression,RABEPK_3,186,186,0,0.0
expression,RABGAP1_3,186,186,0,0.0
expression,RABGAP1L_3,186,186,0,0.0
expression,RABGEF1_3,186,186,0,0.0
expression,RABGGTA_3,186,186,0,0.0
expression,RABGGTB_3,186,186,0,0.0
expression,RABIF_3,186,186,0,0.0
expression,RABL2B_3,186,186,0,0.0
expression,RABL3_3,186,186,0,0.0
expression,RABL6_3,186,186,0,0.0
expression,RAC1_3,186,186,0,0.0
expression,RAC2_3,186,186,0,0.0
expression,RAC3_3,186,186,0,0.0
expression,RACGAP1_3,186,186,0,0.0
expression,RACK1_3,186,186,0,0.0
expression,RAD1_3,186,186,0,0.0
expression,RAD17_3,186,186,0,0.0
expression,RAD18_3,186,186,0,0.0
expression,RAD21_3,186,186,0,0.0
expression,RAD23A_3,186,186,0,0.0
expression,RAD23B_3,186,186,0,0.0
expression,RAD50_3,186,186,0,0.0
expression,RAD51_3,186,186,0,0.0
expression,RAD51AP1_3,186,186,0,0.0
expression,RAD51B_3,186,186,0,0.0
expression,RAD51C_3,186,186,0,0.0
expression,RAD51D_3,186,186,0,0.0
expression,RAD52_3,186,186,0,0.0
expression,RAD54B_3,186,186,0,0.0
expression,RAD54L_3,186,186,0,0.0
expression,RAD54L2_3,186,186,0,0.0
expression,RAD9A_3,186,186,0,0.0
expression,RAE1_3,186,186,0,0.0
expression,RAF1_3,186,186,0,0.0
expression,RAI1_3,186,186,0,0.0
expression,RAI14_3,186,186,0,0.0
expression,RAI2_3,186,186,0,0.0
expression,RALA_3,186,186,0,0.0
expression,RALB_3,186,186,0,0.0
expression,RALBP1_3,186,186,0,0.0
expression,RALGAPA1_3,186,186,0,0.0
expression,RALGAPA2_3,186,186,0,0.0
expression,RALGAPB_3,186,186,0,0.0
expression,RALGDS_3,186,186,0,0.0
expression,RALGPS1_3,186,186,0,0.0
expression,RALGPS2_3,186,186,0,0.0
expression,RALY_3,186,186,0,0.0
expression,RAMAC_3,186,186,0,0.0
expression,RAMP2_3,186,186,0,0.0
expression,RAN_3,186,186,0,0.0
expression,RANBP1_3,186,186,0,0.0
expression,RANBP10_3,186,186,0,0.0
expression,RANBP17_3,186,186,0,0.0
expression,RANBP2_3,186,186,0,0.0
expression,RANBP3_3,186,186,0,0.0
expression,RANBP6_3,186,186,0,0.0
expression,RANBP9_3,186,186,0,0.0
expression,RANGAP1_3,186,186,0,0.0
expression,RANGRF_3,186,186,0,0.0
expression,RAP1A_3,186,186,0,0.0
expression,RAP1B_3,186,186,0,0.0
expression,RAP1GDS1_3,186,186,0,0.0
expression,RAP2A_3,186,186,0,0.0
expression,RAP2B_3,186,186,0,0.0
expression,RAP2C_3,186,186,0,0.0
expression,RAPGEF1_3,186,186,0,0.0
expression,RAPGEF2_3,186,186,0,0.0
expression,RAPGEF3_3,186,186,0,0.0
expression,RAPGEF4_3,186,186,0,0.0
expression,RAPGEF5_3,186,186,0,0.0
expression,RAPGEF6_3,186,186,0,0.0
expression,RAPH1_3,186,186,0,0.0
expression,RARA_3,186,186,0,0.0
expression,RARB_3,186,186,0,0.0
expression,RARG_3,186,186,0,0.0
expression,RARRES1_3,186,186,0,0.0
expression,RARRES2_3,186,186,0,0.0
expression,RARS1_3,186,186,0,0.0
expression,RARS2_3,186,186,0,0.0
expression,RASA1_3,186,186,0,0.0
expression,RASA2_3,186,186,0,0.0
expression,RASA3_3,186,186,0,0.0
expression,RASA4B_3,186,186,0,0.0
expression,RASAL2_3,186,186,0,0.0
expression,RASAL3_3,186,186,0,0.0
expression,RASD1_3,186,186,0,0.0
expression,RASD2_3,186,186,0,0.0
expression,RASGEF1B_3,186,186,0,0.0
expression,RASGRF2_3,186,186,0,0.0
expression,RASGRP1_3,186,186,0,0.0
expression,RASGRP2_3,186,186,0,0.0
expression,RASGRP3_3,186,186,0,0.0
expression,RASGRP4_3,186,186,0,0.0
expression,RASIP1_3,186,186,0,0.0
expression,RASL10B_3,186,186,0,0.0
expression,RASL11A_3,186,186,0,0.0
expression,RASL11B_3,186,186,0,0.0
expression,RASL12_3,186,186,0,0.0
expression,RASSF1_3,186,186,0,0.0
expression,RASSF2_3,186,186,0,0.0
expression,RASSF3_3,186,186,0,0.0
expression,RASSF4_3,186,186,0,0.0
expression,RASSF5_3,186,186,0,0.0
expression,RASSF8_3,186,186,0,0.0
expression,RASSF9_3,186,186,0,0.0
expression,RAVER1_3,186,186,0,0.0
expression,RAVER2_3,186,186,0,0.0
expression,RB1_3,186,186,0,0.0
expression,RB1CC1_3,186,186,0,0.0
expression,RBBP4_3,186,186,0,0.0
expression,RBBP5_3,186,186,0,0.0
expression,RBBP6_3,186,186,0,0.0
expression,RBBP8_3,186,186,0,0.0
expression,RBBP9_3,186,186,0,0.0
expression,RBCK1_3,186,186,0,0.0
expression,RBFA_3,186,186,0,0.0
expression,RBFOX2_3,186,186,0,0.0
expression,RBIS_3,186,186,0,0.0
expression,RBKS_3,186,186,0,0.0
expression,RBL1_3,186,186,0,0.0
expression,RBL2_3,186,186,0,0.0
expression,RBM10_3,186,186,0,0.0
expression,RBM12_3,186,186,0,0.0
expression,RBM12B_3,186,186,0,0.0
expression,RBM14_3,186,186,0,0.0
expression,RBM15_3,186,186,0,0.0
expression,RBM15B_3,186,186,0,0.0
expression,RBM17_3,186,186,0,0.0
expression,RBM18_3,186,186,0,0.0
expression,RBM19_3,186,186,0,0.0
expression,RBM22_3,186,186,0,0.0
expression,RBM23_3,186,186,0,0.0
expression,RBM25_3,186,186,0,0.0
expression,RBM26_3,186,186,0,0.0
expression,RBM27_3,186,186,0,0.0
expression,RBM28_3,186,186,0,0.0
expression,RBM3_3,186,186,0,0.0
expression,RBM33_3,186,186,0,0.0
expression,RBM34_3,186,186,0,0.0
expression,RBM38_3,186,186,0,0.0
expression,RBM39_3,186,186,0,0.0
expression,RBM41_3,186,186,0,0.0
expression,RBM42_3,186,186,0,0.0
expression,RBM45_3,186,186,0,0.0
expression,RBM48_3,186,186,0,0.0
expression,RBM4B_3,186,186,0,0.0
expression,RBM5_3,186,186,0,0.0
expression,RBM6_3,186,186,0,0.0
expression,RBM7_3,186,186,0,0.0
expression,RBM8A_3,186,186,0,0.0
expression,RBMS1_3,186,186,0,0.0
expression,RBMS2_3,186,186,0,0.0
expression,RBMS3_3,186,186,0,0.0
expression,RBMX_3,186,186,0,0.0
expression,RBMX2_3,186,186,0,0.0
expression,RBP1_3,186,186,0,0.0
expression,RBP4_3,186,186,0,0.0
expression,RBPJ_3,186,186,0,0.0
expression,RBPMS_3,186,186,0,0.0
expression,RBPMS2_3,186,186,0,0.0
expression,RBSN_3,186,186,0,0.0
expression,RBX1_3,186,186,0,0.0
expression,RC3H1_3,186,186,0,0.0
expression,RC3H2_3,186,186,0,0.0
expression,RCAN1_3,186,186,0,0.0
expression,RCAN2_3,186,186,0,0.0
expression,RCAN3_3,186,186,0,0.0
expression,RCBTB1_3,186,186,0,0.0
expression,RCBTB2_3,186,186,0,0.0
expression,RCC1_3,186,186,0,0.0
expression,RCC1L_3,186,186,0,0.0
expression,RCC2_3,186,186,0,0.0
expression,RCCD1_3,186,186,0,0.0
expression,RCE1_3,186,186,0,0.0
expression,RCHY1_3,186,186,0,0.0
expression,RCL1_3,186,186,0,0.0
expression,RCN1_3,186,186,0,0.0
expression,RCN2_3,186,186,0,0.0
expression,RCN3_3,186,186,0,0.0
expression,RCOR1_3,186,186,0,0.0
expression,RCOR2_3,186,186,0,0.0
expression,RCOR3_3,186,186,0,0.0
expression,RCSD1_3,186,186,0,0.0
expression,RDH10_3,186,186,0,0.0
expression,RDH11_3,186,186,0,0.0
expression,RDH13_3,186,186,0,0.0
expression,RDH14_3,186,186,0,0.0
expression,RDH5_3,186,186,0,0.0
expression,RDX_3,186,186,0,0.0
expression,REC8_3,186,186,0,0.0
expression,RECK_3,186,186,0,0.0
expression,RECQL_3,186,186,0,0.0
expression,RECQL4_3,186,186,0,0.0
expression,RECQL5_3,186,186,0,0.0
expression,REEP1_3,186,186,0,0.0
expression,REEP3_3,186,186,0,0.0
expression,REEP4_3,186,186,0,0.0
expression,REEP5_3,186,186,0,0.0
expression,REL_3,186,186,0,0.0
expression,RELA_3,186,186,0,0.0
expression,RELB_3,186,186,0,0.0
expression,RELCH_3,186,186,0,0.0
expression,RELL1_3,186,186,0,0.0
expression,RELL2_3,186,186,0,0.0
expression,RELT_3,186,186,0,0.0
expression,REM1_3,186,186,0,0.0
expression,REM2_3,186,186,0,0.0
expression,RENBP_3,186,186,0,0.0
expression,REPIN1_3,186,186,0,0.0
expression,REPS1_3,186,186,0,0.0
expression,REPS2_3,186,186,0,0.0
expression,RER1_3,186,186,0,0.0
expression,RERE_3,186,186,0,0.0
expression,RERG_3,186,186,0,0.0
expression,RESF1_3,186,186,0,0.0
expression,REST_3,186,186,0,0.0
expression,RET_3,186,186,0,0.0
expression,RETREG1_3,186,186,0,0.0
expression,RETREG2_3,186,186,0,0.0
expression,RETREG3_3,186,186,0,0.0
expression,RETSAT_3,186,186,0,0.0
expression,REV1_3,186,186,0,0.0
expression,REV3L_3,186,186,0,0.0
expression,REX1BD_3,186,186,0,0.0
expression,REXO1_3,186,186,0,0.0
expression,REXO2_3,186,186,0,0.0
expression,REXO4_3,186,186,0,0.0
expression,REXO5_3,186,186,0,0.0
expression,RFC1_3,186,186,0,0.0
expression,RFC2_3,186,186,0,0.0
expression,RFC3_3,186,186,0,0.0
expression,RFC4_3,186,186,0,0.0
expression,RFC5_3,186,186,0,0.0
expression,RFESD_3,186,186,0,0.0
expression,RFFL_3,186,186,0,0.0
expression,RFK_3,186,186,0,0.0
expression,RFLNB_3,186,186,0,0.0
expression,RFNG_3,186,186,0,0.0
expression,RFT1_3,186,186,0,0.0
expression,RFTN1_3,186,186,0,0.0
expression,RFTN2_3,186,186,0,0.0
expression,RFWD3_3,186,186,0,0.0
expression,RFX1_3,186,186,0,0.0
expression,RFX2_3,186,186,0,0.0
expression,RFX3_3,186,186,0,0.0
expression,RFX5_3,186,186,0,0.0
expression,RFX7_3,186,186,0,0.0
expression,RFXANK_3,186,186,0,0.0
expression,RFXAP_3,186,186,0,0.0
expression,RGCC_3,186,186,0,0.0
expression,RGL1_3,186,186,0,0.0
expression,RGL2_3,186,186,0,0.0
expression,RGMB_3,186,186,0,0.0
expression,RGP1_3,186,186,0,0.0
expression,RGS1_3,186,186,0,0.0
expression,RGS10_3,186,186,0,0.0
expression,RGS12_3,186,186,0,0.0
expression,RGS14_3,186,186,0,0.0
expression,RGS18_3,186,186,0,0.0
expression,RGS19_3,186,186,0,0.0
expression,RGS2_3,186,186,0,0.0
expression,RGS22_3,186,186,0,0.0
expression,RGS3_3,186,186,0,0.0
expression,RGS4_3,186,186,0,0.0
expression,RGS5_3,186,186,0,0.0
expression,RGS9_3,186,186,0,0.0
expression,RHBDD1_3,186,186,0,0.0
expression,RHBDD2_3,186,186,0,0.0
expression,RHBDD3_3,186,186,0,0.0
expression,RHBDF1_3,186,186,0,0.0
expression,RHBDF2_3,186,186,0,0.0
expression,RHBDL1_3,186,186,0,0.0
expression,RHBDL2_3,186,186,0,0.0
expression,RHBDL3_3,186,186,0,0.0
expression,RHEB_3,186,186,0,0.0
expression,RHEBL1_3,186,186,0,0.0
expression,RHNO1_3,186,186,0,0.0
expression,RHOA_3,186,186,0,0.0
expression,RHOB_3,186,186,0,0.0
expression,RHOBTB1_3,186,186,0,0.0
expression,RHOBTB2_3,186,186,0,0.0
expression,RHOBTB3_3,186,186,0,0.0
expression,RHOC_3,186,186,0,0.0
expression,RHOD_3,186,186,0,0.0
expression,RHOF_3,186,186,0,0.0
expression,RHOG_3,186,186,0,0.0
expression,RHOG2_3,186,186,0,0.0
expression,RHOH_3,186,186,0,0.0
expression,RHOJ_3,186,186,0,0.0
expression,RHOQ_3,186,186,0,0.0
expression,RHOT1_3,186,186,0,0.0
expression,RHOT2_3,186,186,0,0.0
expression,RHOU_3,186,186,0,0.0
expression,RHPN1_3,186,186,0,0.0
expression,RHPN2_3,186,186,0,0.0
expression,RIBC1_3,186,186,0,0.0
expression,RIC1_3,186,186,0,0.0
expression,RIC8A_3,186,186,0,0.0
expression,RIC8B_3,186,186,0,0.0
expression,RICTOR_3,186,186,0,0.0
expression,RIDA_3,186,186,0,0.0
expression,RIF1_3,186,186,0,0.0
expression,RILP_3,186,186,0,0.0
expression,RILPL1_3,186,186,0,0.0
expression,RILPL2_3,186,186,0,0.0
expression,RIMKLA_3,186,186,0,0.0
expression,RIMS1_3,186,186,0,0.0
expression,RIMS3_3,186,186,0,0.0
expression,RIN1_3,186,186,0,0.0
expression,RIN2_3,186,186,0,0.0
expression,RIN3_3,186,186,0,0.0
expression,RING1_3,186,186,0,0.0
expression,RINT1_3,186,186,0,0.0
expression,RIOK1_3,186,186,0,0.0
expression,RIOK2_3,186,186,0,0.0
expression,RIOK3_3,186,186,0,0.0
expression,RIOX1_3,186,186,0,0.0
expression,RIOX2_3,186,186,0,0.0
expression,RIPK1_3,186,186,0,0.0
expression,RIPK2_3,186,186,0,0.0
expression,RIPK3_3,186,186,0,0.0
expression,RIPOR1_3,186,186,0,0.0
expression,RIPOR2_3,186,186,0,0.0
expression,RIPPLY3_3,186,186,0,0.0
expression,RIT1_3,186,186,0,0.0
expression,RITA1_3,186,186,0,0.0
expression,RLF_3,186,186,0,0.0
expression,RLIM_3,186,186,0,0.0
expression,RMC1_3,186,186,0,0.0
expression,RMDN1_3,186,186,0,0.0
expression,RMDN2_3,186,186,0,0.0
expression,RMDN3_3,186,186,0,0.0
expression,RMI1_3,186,186,0,0.0
expression,RMI2_3,186,186,0,0.0
expression,RMND1_3,186,186,0,0.0
expression,RMND5A_3,186,186,0,0.0
expression,RMND5B_3,186,186,0,0.0
expression,RN7SL1_2,186,186,0,0.0
expression,RNASE4_3,186,186,0,0.0
expression,RNASEH1_3,186,186,0,0.0
expression,RNASEH2A_3,186,186,0,0.0
expression,RNASEH2B_3,186,186,0,0.0
expression,RNASEH2C_3,186,186,0,0.0
expression,RNASEK_3,186,186,0,0.0
expression,RNASEL_3,186,186,0,0.0
expression,RNASET2_3,186,186,0,0.0
expression,RND1_3,186,186,0,0.0
expression,RND2_3,186,186,0,0.0
expression,RND3_4,186,186,0,0.0
expression,RNF10_3,186,186,0,0.0
expression,RNF103_3,186,186,0,0.0
expression,RNF11_3,186,186,0,0.0
expression,RNF111_3,186,186,0,0.0
expression,RNF113A_3,186,186,0,0.0
expression,RNF114_3,186,186,0,0.0
expression,RNF115_3,186,186,0,0.0
expression,RNF121_3,186,186,0,0.0
expression,RNF122_3,186,186,0,0.0
expression,RNF123_3,186,186,0,0.0
expression,RNF125_3,186,186,0,0.0
expression,RNF126_3,186,186,0,0.0
expression,RNF13_3,186,186,0,0.0
expression,RNF130_3,186,186,0,0.0
expression,RNF135_3,186,186,0,0.0
expression,RNF138_3,186,186,0,0.0
expression,RNF139_3,186,186,0,0.0
expression,RNF14_3,186,186,0,0.0
expression,RNF141_3,186,186,0,0.0
expression,RNF144A_3,186,186,0,0.0
expression,RNF144B_3,186,186,0,0.0
expression,RNF145_3,186,186,0,0.0
expression,RNF146_3,186,186,0,0.0
expression,RNF149_3,186,186,0,0.0
expression,RNF150_3,186,186,0,0.0
expression,RNF151_3,186,186,0,0.0
expression,RNF152_3,186,186,0,0.0
expression,RNF157_3,186,186,0,0.0
expression,RNF166_3,186,186,0,0.0
expression,RNF167_3,186,186,0,0.0
expression,RNF168_3,186,186,0,0.0
expression,RNF169_3,186,186,0,0.0
expression,RNF170_3,186,186,0,0.0
expression,RNF181_3,186,186,0,0.0
expression,RNF185_3,186,186,0,0.0
expression,RNF187_3,186,186,0,0.0
expression,RNF19A_3,186,186,0,0.0
expression,RNF19B_3,186,186,0,0.0
expression,RNF2_3,186,186,0,0.0
expression,RNF20_3,186,186,0,0.0
expression,RNF213_3,186,186,0,0.0
expression,RNF214_3,186,186,0,0.0
expression,RNF215_3,186,186,0,0.0
expression,RNF216_3,186,186,0,0.0
expression,RNF217_3,186,186,0,0.0
expression,RNF220_3,186,186,0,0.0
expression,RNF227_3,186,186,0,0.0
expression,RNF24_3,186,186,0,0.0
expression,RNF25_3,186,186,0,0.0
expression,RNF26_3,186,186,0,0.0
expression,RNF31_3,186,186,0,0.0
expression,RNF32_3,186,186,0,0.0
expression,RNF34_3,186,186,0,0.0
expression,RNF38_3,186,186,0,0.0
expression,RNF4_3,186,186,0,0.0
expression,RNF40_3,186,186,0,0.0
expression,RNF41_3,186,186,0,0.0
expression,RNF44_3,186,186,0,0.0
expression,RNF5_3,186,186,0,0.0
expression,RNF6_3,186,186,0,0.0
expression,RNF7_3,186,186,0,0.0
expression,RNF8_3,186,186,0,0.0
expression,RNFT1_3,186,186,0,0.0
expression,RNFT2_3,186,186,0,0.0
expression,RNGTT_3,186,186,0,0.0
expression,RNH1_3,186,186,0,0.0
expression,RNLS_3,186,186,0,0.0
expression,RNMT_3,186,186,0,0.0
expression,RNPC3_3,186,186,0,0.0
expression,RNPEP_3,186,186,0,0.0
expression,RNPEPL1_3,186,186,0,0.0
expression,RNPS1_3,186,186,0,0.0
expression,RO60_3,186,186,0,0.0
expression,ROBO1_3,186,186,0,0.0
expression,ROBO2_3,186,186,0,0.0
expression,ROBO3_3,186,186,0,0.0
expression,ROBO4_3,186,186,0,0.0
expression,ROCK1_3,186,186,0,0.0
expression,ROCK2_3,186,186,0,0.0
expression,ROGDI_3,186,186,0,0.0
expression,ROM1_3,186,186,0,0.0
expression,ROMO1_3,186,186,0,0.0
expression,ROR1_3,186,186,0,0.0
expression,ROR2_3,186,186,0,0.0
expression,RP2_3,186,186,0,0.0
expression,RP9_3,186,186,0,0.0
expression,RPA1_3,186,186,0,0.0
expression,RPA2_3,186,186,0,0.0
expression,RPA3_3,186,186,0,0.0
expression,RPAIN_3,186,186,0,0.0
expression,RPAP1_3,186,186,0,0.0
expression,RPAP2_3,186,186,0,0.0
expression,RPAP3_3,186,186,0,0.0
expression,RPE_3,186,186,0,0.0
expression,RPF1_3,186,186,0,0.0
expression,RPF2_3,186,186,0,0.0
expression,RPGR_3,186,186,0,0.0
expression,RPGRIP1L_3,186,186,0,0.0
expression,RPH3AL_3,186,186,0,0.0
expression,RPIA_3,186,186,0,0.0
expression,RPL10_3,186,186,0,0.0
expression,RPL10A_3,186,186,0,0.0
expression,RPL11_3,186,186,0,0.0
expression,RPL12_3,186,186,0,0.0
expression,RPL13_3,186,186,0,0.0
expression,RPL13A_3,186,186,0,0.0
expression,RPL14_3,186,186,0,0.0
expression,RPL15_3,186,186,0,0.0
expression,RPL17_3,186,186,0,0.0
expression,RPL18_3,186,186,0,0.0
expression,RPL18A_3,186,186,0,0.0
expression,RPL19_3,186,186,0,0.0
expression,RPL21_3,186,186,0,0.0
expression,RPL22_3,186,186,0,0.0
expression,RPL22L1_3,186,186,0,0.0
expression,RPL23_3,186,186,0,0.0
expression,RPL24_3,186,186,0,0.0
expression,RPL26_3,186,186,0,0.0
expression,RPL26L1_3,186,186,0,0.0
expression,RPL27_3,186,186,0,0.0
expression,RPL27A_3,186,186,0,0.0
expression,RPL28_3,186,186,0,0.0
expression,RPL29_3,186,186,0,0.0
expression,RPL3_3,186,186,0,0.0
expression,RPL30_3,186,186,0,0.0
expression,RPL31_3,186,186,0,0.0
expression,RPL32_6,186,186,0,0.0
expression,RPL34_3,186,186,0,0.0
expression,RPL35_3,186,186,0,0.0
expression,RPL35A_3,186,186,0,0.0
expression,RPL36_3,186,186,0,0.0
expression,RPL36AL_3,186,186,0,0.0
expression,RPL37_3,186,186,0,0.0
expression,RPL37A_3,186,186,0,0.0
expression,RPL38_3,186,186,0,0.0
expression,RPL4_3,186,186,0,0.0
expression,RPL5_3,186,186,0,0.0
expression,RPL6_3,186,186,0,0.0
expression,RPL7_3,186,186,0,0.0
expression,RPL7A_3,186,186,0,0.0
expression,RPL7L1_3,186,186,0,0.0
expression,RPL8_3,186,186,0,0.0
expression,RPL9_3,186,186,0,0.0
expression,RPLP0_3,186,186,0,0.0
expression,RPLP1_3,186,186,0,0.0
expression,RPLP2_3,186,186,0,0.0
expression,RPN1_3,186,186,0,0.0
expression,RPN2_3,186,186,0,0.0
expression,RPP14_3,186,186,0,0.0
expression,RPP21_5,186,186,0,0.0
expression,RPP21_6,186,186,0,0.0
expression,RPP25_3,186,186,0,0.0
expression,RPP25L_3,186,186,0,0.0
expression,RPP30_3,186,186,0,0.0
expression,RPP38_3,186,186,0,0.0
expression,RPP40_3,186,186,0,0.0
expression,RPRD1A_3,186,186,0,0.0
expression,RPRD1B_3,186,186,0,0.0
expression,RPRD2_3,186,186,0,0.0
expression,RPS10_3,186,186,0,0.0
expression,RPS11_3,186,186,0,0.0
expression,RPS12_3,186,186,0,0.0
expression,RPS13_3,186,186,0,0.0
expression,RPS14_3,186,186,0,0.0
expression,RPS15_3,186,186,0,0.0
expression,RPS15A_3,186,186,0,0.0
expression,RPS16_3,186,186,0,0.0
expression,RPS17_3,186,186,0,0.0
expression,RPS18_3,186,186,0,0.0
expression,RPS19_3,186,186,0,0.0
expression,RPS19BP1_3,186,186,0,0.0
expression,RPS2_3,186,186,0,0.0
expression,RPS20_3,186,186,0,0.0
expression,RPS21_3,186,186,0,0.0
expression,RPS23_3,186,186,0,0.0
expression,RPS24_3,186,186,0,0.0
expression,RPS25_3,186,186,0,0.0
expression,RPS26_3,186,186,0,0.0
expression,RPS27_3,186,186,0,0.0
expression,RPS27A_3,186,186,0,0.0
expression,RPS27L_3,186,186,0,0.0
expression,RPS28_3,186,186,0,0.0
expression,RPS29_3,186,186,0,0.0
expression,RPS3_3,186,186,0,0.0
expression,RPS3A_3,186,186,0,0.0
expression,RPS4X_3,186,186,0,0.0
expression,RPS5_3,186,186,0,0.0
expression,RPS6_3,186,186,0,0.0
expression,RPS6KA1_3,186,186,0,0.0
expression,RPS6KA2_3,186,186,0,0.0
expression,RPS6KA3_3,186,186,0,0.0
expression,RPS6KA4_3,186,186,0,0.0
expression,RPS6KA5_3,186,186,0,0.0
expression,RPS6KB1_3,186,186,0,0.0
expression,RPS6KB2_3,186,186,0,0.0
expression,RPS6KC1_3,186,186,0,0.0
expression,RPS7_3,186,186,0,0.0
expression,RPS8_3,186,186,0,0.0
expression,RPS9_3,186,186,0,0.0
expression,RPSA_3,186,186,0,0.0
expression,RPTOR_3,186,186,0,0.0
expression,RPUSD1_3,186,186,0,0.0
expression,RPUSD2_3,186,186,0,0.0
expression,RPUSD3_3,186,186,0,0.0
expression,RPUSD4_3,186,186,0,0.0
expression,RRAD_3,186,186,0,0.0
expression,RRAGA_3,186,186,0,0.0
expression,RRAGC_3,186,186,0,0.0
expression,RRAGD_3,186,186,0,0.0
expression,RRAS_3,186,186,0,0.0
expression,RRAS2_3,186,186,0,0.0
expression,RRBP1_3,186,186,0,0.0
expression,RREB1_3,186,186,0,0.0
expression,RRH_3,186,186,0,0.0
expression,RRM1_3,186,186,0,0.0
expression,RRM2_3,186,186,0,0.0
expression,RRM2B_3,186,186,0,0.0
expression,RRN3_3,186,186,0,0.0
expression,RRNAD1_3,186,186,0,0.0
expression,RRP1_3,186,186,0,0.0
expression,RRP12_3,186,186,0,0.0
expression,RRP15_3,186,186,0,0.0
expression,RRP1B_3,186,186,0,0.0
expression,RRP36_3,186,186,0,0.0
expression,RRP7_3,186,186,0,0.0
expression,RRP8_3,186,186,0,0.0
expression,RRP9_3,186,186,0,0.0
expression,RRS1_3,186,186,0,0.0
expression,RSAD1_3,186,186,0,0.0
expression,RSBN1_3,186,186,0,0.0
expression,RSBN1L_3,186,186,0,0.0
expression,RSF1_3,186,186,0,0.0
expression,RSL1D1_3,186,186,0,0.0
expression,RSL24D1_3,186,186,0,0.0
expression,RSPH3_3,186,186,0,0.0
expression,RSPH6A_3,186,186,0,0.0
expression,RSPO2_3,186,186,0,0.0
expression,RSPO3_3,186,186,0,0.0
expression,RSPRY1_3,186,186,0,0.0
expression,RSRC2_3,186,186,0,0.0
expression,RSRP1_3,186,186,0,0.0
expression,RSU1_3,186,186,0,0.0
expression,RTCA_3,186,186,0,0.0
expression,RTCB_3,186,186,0,0.0
expression,RTEL1_3,186,186,0,0.0
expression,RTF1_3,186,186,0,0.0
expression,RTF2_3,186,186,0,0.0
expression,RTKN_3,186,186,0,0.0
expression,RTKN2_3,186,186,0,0.0
expression,RTL5_3,186,186,0,0.0
expression,RTL6_3,186,186,0,0.0
expression,RTN2_3,186,186,0,0.0
expression,RTN3_3,186,186,0,0.0
expression,RTN4_3,186,186,0,0.0
expression,RTN4IP1_3,186,186,0,0.0
expression,RTN4RL1_3,186,186,0,0.0
expression,RTP4_3,186,186,0,0.0
expression,RTRAF_3,186,186,0,0.0
expression,RTTN_3,186,186,0,0.0
expression,RUBCN_3,186,186,0,0.0
expression,RUFY1_3,186,186,0,0.0
expression,RUFY2_3,186,186,0,0.0
expression,RUFY3_3,186,186,0,0.0
expression,RUFY4_3,186,186,0,0.0
expression,RUNDC1_3,186,186,0,0.0
expression,RUNX1_3,186,186,0,0.0
expression,RUNX1T1_3,186,186,0,0.0
expression,RUNX2_3,186,186,0,0.0
expression,RUNX3_3,186,186,0,0.0
expression,RUSC1_3,186,186,0,0.0
expression,RUSC2_3,186,186,0,0.0
expression,RUSF1_3,186,186,0,0.0
expression,RUVBL1_3,186,186,0,0.0
expression,RUVBL2_3,186,186,0,0.0
expression,RWDD1_3,186,186,0,0.0
expression,RWDD2A_3,186,186,0,0.0
expression,RWDD2B_3,186,186,0,0.0
expression,RWDD3_3,186,186,0,0.0
expression,RWDD4_3,186,186,0,0.0
expression,RXRA_3,186,186,0,0.0
expression,RXRB_3,186,186,0,0.0
expression,RXRG_3,186,186,0,0.0
expression,RXYLT1_3,186,186,0,0.0
expression,RYBP_3,186,186,0,0.0
expression,RYK_3,186,186,0,0.0
expression,RYR1_3,186,186,0,0.0
expression,S100A1_3,186,186,0,0.0
expression,S100A10_3,186,186,0,0.0
expression,S100A11_3,186,186,0,0.0
expression,S100A13_3,186,186,0,0.0
expression,S100A16_3,186,186,0,0.0
expression,S100A2_3,186,186,0,0.0
expression,S100A4_3,186,186,0,0.0
expression,S100A6_3,186,186,0,0.0
expression,S100A8_3,186,186,0,0.0
expression,S100A9_3,186,186,0,0.0
expression,S100P_3,186,186,0,0.0
expression,S100PBP_3,186,186,0,0.0
expression,S1PR1_3,186,186,0,0.0
expression,S1PR2_3,186,186,0,0.0
expression,S1PR3_3,186,186,0,0.0
expression,SAAL1_3,186,186,0,0.0
expression,SAC3D1_3,186,186,0,0.0
expression,SACM1L_3,186,186,0,0.0
expression,SACS_3,186,186,0,0.0
expression,SAE1_3,186,186,0,0.0
expression,SAFB_3,186,186,0,0.0
expression,SAFB2_3,186,186,0,0.0
expression,SALL2_3,186,186,0,0.0
expression,SAMD1_3,186,186,0,0.0
expression,SAMD10_3,186,186,0,0.0
expression,SAMD11_3,186,186,0,0.0
expression,SAMD13_3,186,186,0,0.0
expression,SAMD14_3,186,186,0,0.0
expression,SAMD4A_3,186,186,0,0.0
expression,SAMD4B_3,186,186,0,0.0
expression,SAMD8_3,186,186,0,0.0
expression,SAMD9L_3,186,186,0,0.0
expression,SAMHD1_3,186,186,0,0.0
expression,SAMM50_3,186,186,0,0.0
expression,SAMSN1_3,186,186,0,0.0
expression,SAP130_3,186,186,0,0.0
expression,SAP18_3,186,186,0,0.0
expression,SAP30_3,186,186,0,0.0
expression,SAP30BP_3,186,186,0,0.0
expression,SAP30L_3,186,186,0,0.0
expression,SAPCD2_3,186,186,0,0.0
expression,SAR1A_3,186,186,0,0.0
expression,SAR1B_3,186,186,0,0.0
expression,SARAF_3,186,186,0,0.0
expression,SARDH_3,186,186,0,0.0
expression,SARM1_3,186,186,0,0.0
expression,SARNP_3,186,186,0,0.0
expression,SARS1_3,186,186,0,0.0
expression,SARS2_3,186,186,0,0.0
expression,SART1_3,186,186,0,0.0
expression,SART3_3,186,186,0,0.0
expression,SASH1_3,186,186,0,0.0
expression,SASH3_3,186,186,0,0.0
expression,SASS6_3,186,186,0,0.0
expression,SAT1_3,186,186,0,0.0
expression,SAT2_3,186,186,0,0.0
expression,SATB1_3,186,186,0,0.0
expression,SATB2_3,186,186,0,0.0
expression,SAV1_3,186,186,0,0.0
expression,SAXO2_3,186,186,0,0.0
expression,SAYSD1_3,186,186,0,0.0
expression,SBDS_3,186,186,0,0.0
expression,SBF1_3,186,186,0,0.0
expression,SBF2_3,186,186,0,0.0
expression,SBNO1_3,186,186,0,0.0
expression,SBNO2_3,186,186,0,0.0
expression,SC5D_3,186,186,0,0.0
expression,SCAF1_3,186,186,0,0.0
expression,SCAF11_3,186,186,0,0.0
expression,SCAF4_3,186,186,0,0.0
expression,SCAF8_3,186,186,0,0.0
expression,SCAI_3,186,186,0,0.0
expression,SCAMP1_3,186,186,0,0.0
expression,SCAMP2_3,186,186,0,0.0
expression,SCAMP3_3,186,186,0,0.0
expression,SCAMP4_3,186,186,0,0.0
expression,SCAMP5_3,186,186,0,0.0
expression,SCAND1_3,186,186,0,0.0
expression,SCAP_3,186,186,0,0.0
expression,SCAPER_4,186,186,0,0.0
expression,SCARA3_3,186,186,0,0.0
expression,SCARA5_3,186,186,0,0.0
expression,SCARB1_3,186,186,0,0.0
expression,SCARB2_3,186,186,0,0.0
expression,SCARF1_3,186,186,0,0.0
expression,SCARF2_3,186,186,0,0.0
expression,SCCPDH_3,186,186,0,0.0
expression,SCD_3,186,186,0,0.0
expression,SCD5_3,186,186,0,0.0
expression,SCEL_3,186,186,0,0.0
expression,SCFD1_3,186,186,0,0.0
expression,SCFD2_3,186,186,0,0.0
expression,SCG3_3,186,186,0,0.0
expression,SCG5_3,186,186,0,0.0
expression,SCIMP_3,186,186,0,0.0
expression,SCIN_3,186,186,0,0.0
expression,SCLT1_3,186,186,0,0.0
expression,SCLY_3,186,186,0,0.0
expression,SCMH1_3,186,186,0,0.0
expression,SCML1_3,186,186,0,0.0
expression,SCN2B_3,186,186,0,0.0
expression,SCNM1_3,186,186,0,0.0
expression,SCNN1A_3,186,186,0,0.0
expression,SCO1_3,186,186,0,0.0
expression,SCOC_3,186,186,0,0.0
expression,SCP2_3,186,186,0,0.0
expression,SCPEP1_3,186,186,0,0.0
expression,SCRIB_3,186,186,0,0.0
expression,SCRN1_3,186,186,0,0.0
expression,SCRN2_3,186,186,0,0.0
expression,SCRN3_3,186,186,0,0.0
expression,SCUBE1_3,186,186,0,0.0
expression,SCUBE2_3,186,186,0,0.0
expression,SCUBE3_3,186,186,0,0.0
expression,SCYL1_3,186,186,0,0.0
expression,SCYL2_3,186,186,0,0.0
expression,SCYL3_3,186,186,0,0.0
expression,SDAD1_3,186,186,0,0.0
expression,SDC1_3,186,186,0,0.0
expression,SDC2_3,186,186,0,0.0
expression,SDC3_3,186,186,0,0.0
expression,SDC4_3,186,186,0,0.0
expression,SDCCAG8_3,186,186,0,0.0
expression,SDE2_3,186,186,0,0.0
expression,SDF2_3,186,186,0,0.0
expression,SDF2L1_3,186,186,0,0.0
expression,SDF4_3,186,186,0,0.0
expression,SDHA_3,186,186,0,0.0
expression,SDHAF1_3,186,186,0,0.0
expression,SDHAF2_3,186,186,0,0.0
expression,SDHAF3_3,186,186,0,0.0
expression,SDHAF4_3,186,186,0,0.0
expression,SDHB_3,186,186,0,0.0
expression,SDHC_3,186,186,0,0.0
expression,SDHD_3,186,186,0,0.0
expression,SDK1_3,186,186,0,0.0
expression,SDK2_3,186,186,0,0.0
expression,SDR39U1_3,186,186,0,0.0
expression,SEC11A_3,186,186,0,0.0
expression,SEC11C_3,186,186,0,0.0
expression,SEC13_3,186,186,0,0.0
expression,SEC14L1_3,186,186,0,0.0
expression,SEC16A_3,186,186,0,0.0
expression,SEC16B_3,186,186,0,0.0
expression,SEC22A_3,186,186,0,0.0
expression,SEC22B_3,186,186,0,0.0
expression,SEC22C_3,186,186,0,0.0
expression,SEC23A_3,186,186,0,0.0
expression,SEC23B_3,186,186,0,0.0
expression,SEC23IP_3,186,186,0,0.0
expression,SEC24A_3,186,186,0,0.0
expression,SEC24B_3,186,186,0,0.0
expression,SEC24C_3,186,186,0,0.0
expression,SEC24D_3,186,186,0,0.0
expression,SEC31A_3,186,186,0,0.0
expression,SEC61A1_3,186,186,0,0.0
expression,SEC61A2_3,186,186,0,0.0
expression,SEC61B_3,186,186,0,0.0
expression,SEC61G_3,186,186,0,0.0
expression,SEC62_3,186,186,0,0.0
expression,SEC63_3,186,186,0,0.0
expression,SECISBP2_3,186,186,0,0.0
expression,SECISBP2L_3,186,186,0,0.0
expression,SEH1L_3,186,186,0,0.0
expression,SEL1L_3,186,186,0,0.0
expression,SELENBP1_3,186,186,0,0.0
expression,SELENOF_3,186,186,0,0.0
expression,SELENOH_3,186,186,0,0.0
expression,SELENOI_3,186,186,0,0.0
expression,SELENOK_3,186,186,0,0.0
expression,SELENOM_3,186,186,0,0.0
expression,SELENON_3,186,186,0,0.0
expression,SELENOO_3,186,186,0,0.0
expression,SELENOP_3,186,186,0,0.0
expression,SELENOS_3,186,186,0,0.0
expression,SELENOT_3,186,186,0,0.0
expression,SELENOW_3,186,186,0,0.0
expression,SELL_3,186,186,0,0.0
expression,SELPLG_3,186,186,0,0.0
expression,SEM1_3,186,186,0,0.0
expression,SEMA3A_3,186,186,0,0.0
expression,SEMA3C_3,186,186,0,0.0
expression,SEMA3D_3,186,186,0,0.0
expression,SEMA3F_3,186,186,0,0.0
expression,SEMA3G_3,186,186,0,0.0
expression,SEMA4A_3,186,186,0,0.0
expression,SEMA4B_3,186,186,0,0.0
expression,SEMA4C_3,186,186,0,0.0
expression,SEMA4D_3,186,186,0,0.0
expression,SEMA4F_3,186,186,0,0.0
expression,SEMA4G_3,186,186,0,0.0
expression,SEMA5A_3,186,186,0,0.0
expression,SEMA5B_3,186,186,0,0.0
expression,SEMA6A_3,186,186,0,0.0
expression,SEMA6B_3,186,186,0,0.0
expression,SEMA6C_3,186,186,0,0.0
expression,SEMA6D_3,186,186,0,0.0
expression,SEMA7A_3,186,186,0,0.0
expression,SENP1_3,186,186,0,0.0
expression,SENP2_3,186,186,0,0.0
expression,SENP3_3,186,186,0,0.0
expression,SENP5_3,186,186,0,0.0
expression,SENP6_3,186,186,0,0.0
expression,SENP7_3,186,186,0,0.0
expression,SENP8_3,186,186,0,0.0
expression,SEPHS1_3,186,186,0,0.0
expression,SEPHS2_3,186,186,0,0.0
expression,SEPSECS_3,186,186,0,0.0
expression,SEPTIN10_3,186,186,0,0.0
expression,SEPTIN11_3,186,186,0,0.0
expression,SEPTIN2_3,186,186,0,0.0
expression,SEPTIN4_3,186,186,0,0.0
expression,SEPTIN5_3,186,186,0,0.0
expression,SEPTIN6_3,186,186,0,0.0
expression,SEPTIN7_3,186,186,0,0.0
expression,SEPTIN8_3,186,186,0,0.0
expression,SEPTIN9_3,186,186,0,0.0
expression,SERAC1_3,186,186,0,0.0
expression,SERBP1_3,186,186,0,0.0
expression,SERF1A_3,186,186,0,0.0
expression,SERF2_3,186,186,0,0.0
expression,SERGEF_3,186,186,0,0.0
expression,SERINC1_3,186,186,0,0.0
expression,SERINC2_3,186,186,0,0.0
expression,SERINC3_3,186,186,0,0.0
expression,SERINC5_3,186,186,0,0.0
expression,SERP1_3,186,186,0,0.0
expression,SERP2_3,186,186,0,0.0
expression,SERPINA1_3,186,186,0,0.0
expression,SERPINB1_3,186,186,0,0.0
expression,SERPINB5_3,186,186,0,0.0
expression,SERPINB6_3,186,186,0,0.0
expression,SERPINB8_3,186,186,0,0.0
expression,SERPINB9_3,186,186,0,0.0
expression,SERPINE1_3,186,186,0,0.0
expression,SERPINE2_3,186,186,0,0.0
expression,SERPINF1_3,186,186,0,0.0
expression,SERPING1_3,186,186,0,0.0
expression,SERPINH1_3,186,186,0,0.0
expression,SERPINI1_3,186,186,0,0.0
expression,SERTAD1_3,186,186,0,0.0
expression,SERTAD2_3,186,186,0,0.0
expression,SERTAD3_3,186,186,0,0.0
expression,SERTAD4_3,186,186,0,0.0
expression,SERTM1_3,186,186,0,0.0
expression,SESN1_3,186,186,0,0.0
expression,SESN2_3,186,186,0,0.0
expression,SESN3_3,186,186,0,0.0
expression,SESTD1_3,186,186,0,0.0
expression,SET_3,186,186,0,0.0
expression,SETBP1_3,186,186,0,0.0
expression,SETD1A_3,186,186,0,0.0
expression,SETD1B_3,186,186,0,0.0
expression,SETD2_3,186,186,0,0.0
expression,SETD3_3,186,186,0,0.0
expression,SETD4_3,186,186,0,0.0
expression,SETD5_3,186,186,0,0.0
expression,SETD6_3,186,186,0,0.0
expression,SETD7_3,186,186,0,0.0
expression,SETD9_3,186,186,0,0.0
expression,SETDB1_3,186,186,0,0.0
expression,SETDB2_3,186,186,0,0.0
expression,SETMAR_3,186,186,0,0.0
expression,SETX_3,186,186,0,0.0
expression,SF1_3,186,186,0,0.0
expression,SF3A1_3,186,186,0,0.0
expression,SF3A2_3,186,186,0,0.0
expression,SF3A3_3,186,186,0,0.0
expression,SF3B1_3,186,186,0,0.0
expression,SF3B2_3,186,186,0,0.0
expression,SF3B3_3,186,186,0,0.0
expression,SF3B4_3,186,186,0,0.0
expression,SF3B5_3,186,186,0,0.0
expression,SF3B6_2,186,186,0,0.0
expression,SFI1_3,186,186,0,0.0
expression,SFMBT1_3,186,186,0,0.0
expression,SFMBT2_3,186,186,0,0.0
expression,SFPQ_3,186,186,0,0.0
expression,SFR1_3,186,186,0,0.0
expression,SFRP1_3,186,186,0,0.0
expression,SFRP2_3,186,186,0,0.0
expression,SFRP4_3,186,186,0,0.0
expression,SFSWAP_3,186,186,0,0.0
expression,SFT2D1_3,186,186,0,0.0
expression,SFT2D2_3,186,186,0,0.0
expression,SFXN1_3,186,186,0,0.0
expression,SFXN2_3,186,186,0,0.0
expression,SFXN3_3,186,186,0,0.0
expression,SFXN4_3,186,186,0,0.0
expression,SFXN5_3,186,186,0,0.0
expression,SGCA_3,186,186,0,0.0
expression,SGCB_3,186,186,0,0.0
expression,SGCD_3,186,186,0,0.0
expression,SGCE_3,186,186,0,0.0
expression,SGCG_3,186,186,0,0.0
expression,SGF29_3,186,186,0,0.0
expression,SGK1_3,186,186,0,0.0
expression,SGK3_3,186,186,0,0.0
expression,SGMS1_3,186,186,0,0.0
expression,SGMS2_3,186,186,0,0.0
expression,SGO1_3,186,186,0,0.0
expression,SGO2_3,186,186,0,0.0
expression,SGPL1_3,186,186,0,0.0
expression,SGPP1_3,186,186,0,0.0
expression,SGSH_3,186,186,0,0.0
expression,SGSM2_3,186,186,0,0.0
expression,SGSM3_3,186,186,0,0.0
expression,SGTA_3,186,186,0,0.0
expression,SGTB_3,186,186,0,0.0
expression,SH2B1_3,186,186,0,0.0
expression,SH2B2_3,186,186,0,0.0
expression,SH2B3_3,186,186,0,0.0
expression,SH2D3C_3,186,186,0,0.0
expression,SH2D4A_3,186,186,0,0.0
expression,SH3BGRL_3,186,186,0,0.0
expression,SH3BGRL2_3,186,186,0,0.0
expression,SH3BGRL3_3,186,186,0,0.0
expression,SH3BP1_3,186,186,0,0.0
expression,SH3BP2_3,186,186,0,0.0
expression,SH3BP4_3,186,186,0,0.0
expression,SH3BP5_3,186,186,0,0.0
expression,SH3BP5L_3,186,186,0,0.0
expression,SH3D19_3,186,186,0,0.0
expression,SH3D21_3,186,186,0,0.0
expression,SH3GL1_3,186,186,0,0.0
expression,SH3GL3_3,186,186,0,0.0
expression,SH3GLB1_3,186,186,0,0.0
expression,SH3GLB2_3,186,186,0,0.0
expression,SH3KBP1_3,186,186,0,0.0
expression,SH3PXD2A_3,186,186,0,0.0
expression,SH3PXD2B_3,186,186,0,0.0
expression,SH3RF1_3,186,186,0,0.0
expression,SH3RF3_3,186,186,0,0.0
expression,SH3TC1_3,186,186,0,0.0
expression,SH3TC2_3,186,186,0,0.0
expression,SHANK1_3,186,186,0,0.0
expression,SHANK3_3,186,186,0,0.0
expression,SHARPIN_3,186,186,0,0.0
expression,SHB_3,186,186,0,0.0
expression,SHC1_3,186,186,0,0.0
expression,SHC2_3,186,186,0,0.0
expression,SHC3_3,186,186,0,0.0
expression,SHC4_3,186,186,0,0.0
expression,SHCBP1_3,186,186,0,0.0
expression,SHE_3,186,186,0,0.0
expression,SHF_3,186,186,0,0.0
expression,SHFL_3,186,186,0,0.0
expression,SHISA2_3,186,186,0,0.0
expression,SHISA4_3,186,186,0,0.0
expression,SHISA5_3,186,186,0,0.0
expression,SHISAL1_3,186,186,0,0.0
expression,SHKBP1_3,186,186,0,0.0
expression,SHLD1_3,186,186,0,0.0
expression,SHLD2_3,186,186,0,0.0
expression,SHLD3_3,186,186,0,0.0
expression,SHMT1_3,186,186,0,0.0
expression,SHMT2_3,186,186,0,0.0
expression,SHOC2_3,186,186,0,0.0
expression,SHOX2_3,186,186,0,0.0
expression,SHPK_3,186,186,0,0.0
expression,SHPRH_3,186,186,0,0.0
expression,SHQ1_3,186,186,0,0.0
expression,SHROOM1_3,186,186,0,0.0
expression,SHROOM2_3,186,186,0,0.0
expression,SHROOM3_3,186,186,0,0.0
expression,SHROOM4_3,186,186,0,0.0
expression,SHTN1_3,186,186,0,0.0
expression,SIAE_3,186,186,0,0.0
expression,SIAH1_3,186,186,0,0.0
expression,SIAH2_3,186,186,0,0.0
expression,SIDT2_3,186,186,0,0.0
expression,SIGIRR_3,186,186,0,0.0
expression,SIGLEC1_3,186,186,0,0.0
expression,SIGMAR1_3,186,186,0,0.0
expression,SIK1_3,186,186,0,0.0
expression,SIK2_3,186,186,0,0.0
expression,SIK3_3,186,186,0,0.0
expression,SIKE1_3,186,186,0,0.0
expression,SIL1_3,186,186,0,0.0
expression,SIMC1_3,186,186,0,0.0
expression,SIN3A_3,186,186,0,0.0
expression,SIN3B_3,186,186,0,0.0
expression,SINHCAF_3,186,186,0,0.0
expression,SIPA1_3,186,186,0,0.0
expression,SIPA1L1_3,186,186,0,0.0
expression,SIPA1L2_3,186,186,0,0.0
expression,SIPA1L3_3,186,186,0,0.0
expression,SIRPA_3,186,186,0,0.0
expression,SIRPB2_3,186,186,0,0.0
expression,SIRT1_3,186,186,0,0.0
expression,SIRT2_3,186,186,0,0.0
expression,SIRT3_3,186,186,0,0.0
expression,SIRT4_3,186,186,0,0.0
expression,SIRT5_3,186,186,0,0.0
expression,SIRT6_3,186,186,0,0.0
expression,SIRT7_3,186,186,0,0.0
expression,SIVA1_3,186,186,0,0.0
expression,SIX1_3,186,186,0,0.0
expression,SIX2_3,186,186,0,0.0
expression,SIX4_3,186,186,0,0.0
expression,SIX5_3,186,186,0,0.0
expression,SKA1_3,186,186,0,0.0
expression,SKA2_3,186,186,0,0.0
expression,SKA3_3,186,186,0,0.0
expression,SKAP1_3,186,186,0,0.0
expression,SKAP2_3,186,186,0,0.0
expression,SKI_3,186,186,0,0.0
expression,SKIL_3,186,186,0,0.0
expression,SKIV2L_3,186,186,0,0.0
expression,SKP1_3,186,186,0,0.0
expression,SKP2_3,186,186,0,0.0
expression,SLA_3,186,186,0,0.0
expression,SLA2_3,186,186,0,0.0
expression,SLAIN1_3,186,186,0,0.0
expression,SLAIN2_3,186,186,0,0.0
expression,SLAMF7_3,186,186,0,0.0
expression,SLAMF9_3,186,186,0,0.0
expression,SLBP_3,186,186,0,0.0
expression,SLC10A3_3,186,186,0,0.0
expression,SLC10A6_3,186,186,0,0.0
expression,SLC10A7_3,186,186,0,0.0
expression,SLC11A1_3,186,186,0,0.0
expression,SLC11A2_3,186,186,0,0.0
expression,SLC12A2_3,186,186,0,0.0
expression,SLC12A4_3,186,186,0,0.0
expression,SLC12A6_3,186,186,0,0.0
expression,SLC12A7_3,186,186,0,0.0
expression,SLC12A9_3,186,186,0,0.0
expression,SLC15A4_3,186,186,0,0.0
expression,SLC16A1_3,186,186,0,0.0
expression,SLC16A10_3,186,186,0,0.0
expression,SLC16A13_3,186,186,0,0.0
expression,SLC16A14_3,186,186,0,0.0
expression,SLC16A2_3,186,186,0,0.0
expression,SLC16A3_3,186,186,0,0.0
expression,SLC16A5_3,186,186,0,0.0
expression,SLC16A6_3,186,186,0,0.0
expression,SLC16A7_3,186,186,0,0.0
expression,SLC17A5_3,186,186,0,0.0
expression,SLC17A9_3,186,186,0,0.0
expression,SLC18B1_3,186,186,0,0.0
expression,SLC19A1_3,186,186,0,0.0
expression,SLC19A2_3,186,186,0,0.0
expression,SLC1A3_3,186,186,0,0.0
expression,SLC1A4_3,186,186,0,0.0
expression,SLC1A5_3,186,186,0,0.0
expression,SLC20A1_3,186,186,0,0.0
expression,SLC20A2_3,186,186,0,0.0
expression,SLC22A15_3,186,186,0,0.0
expression,SLC22A17_3,186,186,0,0.0
expression,SLC22A23_3,186,186,0,0.0
expression,SLC22A3_3,186,186,0,0.0
expression,SLC22A5_3,186,186,0,0.0
expression,SLC23A2_3,186,186,0,0.0
expression,SLC24A3_3,186,186,0,0.0
expression,SLC25A1_3,186,186,0,0.0
expression,SLC25A10_3,186,186,0,0.0
expression,SLC25A11_3,186,186,0,0.0
expression,SLC25A12_3,186,186,0,0.0
expression,SLC25A13_3,186,186,0,0.0
expression,SLC25A14_3,186,186,0,0.0
expression,SLC25A15_3,186,186,0,0.0
expression,SLC25A16_3,186,186,0,0.0
expression,SLC25A17_3,186,186,0,0.0
expression,SLC25A19_3,186,186,0,0.0
expression,SLC25A21_3,186,186,0,0.0
expression,SLC25A22_3,186,186,0,0.0
expression,SLC25A23_3,186,186,0,0.0
expression,SLC25A24_3,186,186,0,0.0
expression,SLC25A25_3,186,186,0,0.0
expression,SLC25A26_3,186,186,0,0.0
expression,SLC25A27_3,186,186,0,0.0
expression,SLC25A28_3,186,186,0,0.0
expression,SLC25A29_3,186,186,0,0.0
expression,SLC25A3_3,186,186,0,0.0
expression,SLC25A30_3,186,186,0,0.0
expression,SLC25A32_3,186,186,0,0.0
expression,SLC25A33_3,186,186,0,0.0
expression,SLC25A34_3,186,186,0,0.0
expression,SLC25A35_3,186,186,0,0.0
expression,SLC25A36_3,186,186,0,0.0
expression,SLC25A37_3,186,186,0,0.0
expression,SLC25A38_3,186,186,0,0.0
expression,SLC25A39_3,186,186,0,0.0
expression,SLC25A4_3,186,186,0,0.0
expression,SLC25A40_3,186,186,0,0.0
expression,SLC25A42_3,186,186,0,0.0
expression,SLC25A43_3,186,186,0,0.0
expression,SLC25A44_3,186,186,0,0.0
expression,SLC25A46_3,186,186,0,0.0
expression,SLC25A48_3,186,186,0,0.0
expression,SLC25A5_3,186,186,0,0.0
expression,SLC25A51_3,186,186,0,0.0
expression,SLC25A6_3,186,186,0,0.0
expression,SLC26A11_3,186,186,0,0.0
expression,SLC26A2_3,186,186,0,0.0
expression,SLC27A1_3,186,186,0,0.0
expression,SLC27A3_3,186,186,0,0.0
expression,SLC27A4_3,186,186,0,0.0
expression,SLC27A5_3,186,186,0,0.0
expression,SLC27A6_3,186,186,0,0.0
expression,SLC29A1_3,186,186,0,0.0
expression,SLC29A3_3,186,186,0,0.0
expression,SLC29A4_3,186,186,0,0.0
expression,SLC2A1_3,186,186,0,0.0
expression,SLC2A10_3,186,186,0,0.0
expression,SLC2A11_3,186,186,0,0.0
expression,SLC2A12_3,186,186,0,0.0
expression,SLC2A13_3,186,186,0,0.0
expression,SLC2A3_3,186,186,0,0.0
expression,SLC2A4_3,186,186,0,0.0
expression,SLC2A4RG_3,186,186,0,0.0
expression,SLC2A6_3,186,186,0,0.0
expression,SLC2A8_3,186,186,0,0.0
expression,SLC2A9_3,186,186,0,0.0
expression,SLC30A1_3,186,186,0,0.0
expression,SLC30A4_3,186,186,0,0.0
expression,SLC30A5_3,186,186,0,0.0
expression,SLC30A6_3,186,186,0,0.0
expression,SLC30A7_3,186,186,0,0.0
expression,SLC30A9_3,186,186,0,0.0
expression,SLC31A1_3,186,186,0,0.0
expression,SLC31A2_3,186,186,0,0.0
expression,SLC33A1_3,186,186,0,0.0
expression,SLC35A1_3,186,186,0,0.0
expression,SLC35A2_3,186,186,0,0.0
expression,SLC35A3_3,186,186,0,0.0
expression,SLC35A5_3,186,186,0,0.0
expression,SLC35B1_3,186,186,0,0.0
expression,SLC35B2_3,186,186,0,0.0
expression,SLC35B3_3,186,186,0,0.0
expression,SLC35B4_3,186,186,0,0.0
expression,SLC35C1_3,186,186,0,0.0
expression,SLC35C2_3,186,186,0,0.0
expression,SLC35D1_3,186,186,0,0.0
expression,SLC35D2_3,186,186,0,0.0
expression,SLC35E1_3,186,186,0,0.0
expression,SLC35E3_3,186,186,0,0.0
expression,SLC35E4_3,186,186,0,0.0
expression,SLC35F2_3,186,186,0,0.0
expression,SLC35F5_3,186,186,0,0.0
expression,SLC35F6_3,186,186,0,0.0
expression,SLC35G1_3,186,186,0,0.0
expression,SLC35G2_3,186,186,0,0.0
expression,SLC36A1_3,186,186,0,0.0
expression,SLC36A4_3,186,186,0,0.0
expression,SLC37A2_3,186,186,0,0.0
expression,SLC37A3_3,186,186,0,0.0
expression,SLC37A4_3,186,186,0,0.0
expression,SLC38A1_3,186,186,0,0.0
expression,SLC38A10_3,186,186,0,0.0
expression,SLC38A2_3,186,186,0,0.0
expression,SLC38A5_3,186,186,0,0.0
expression,SLC38A6_3,186,186,0,0.0
expression,SLC38A7_3,186,186,0,0.0
expression,SLC38A9_3,186,186,0,0.0
expression,SLC39A1_3,186,186,0,0.0
expression,SLC39A10_3,186,186,0,0.0
expression,SLC39A11_3,186,186,0,0.0
expression,SLC39A13_3,186,186,0,0.0
expression,SLC39A14_3,186,186,0,0.0
expression,SLC39A3_3,186,186,0,0.0
expression,SLC39A5_3,186,186,0,0.0
expression,SLC39A6_3,186,186,0,0.0
expression,SLC39A7_3,186,186,0,0.0
expression,SLC39A8_3,186,186,0,0.0
expression,SLC39A9_3,186,186,0,0.0
expression,SLC3A2_3,186,186,0,0.0
expression,SLC40A1_3,186,186,0,0.0
expression,SLC41A1_3,186,186,0,0.0
expression,SLC41A2_3,186,186,0,0.0
expression,SLC41A3_3,186,186,0,0.0
expression,SLC43A1_3,186,186,0,0.0
expression,SLC43A2_3,186,186,0,0.0
expression,SLC43A3_3,186,186,0,0.0
expression,SLC44A1_3,186,186,0,0.0
expression,SLC44A2_3,186,186,0,0.0
expression,SLC45A3_3,186,186,0,0.0
expression,SLC45A4_3,186,186,0,0.0
expression,SLC46A1_3,186,186,0,0.0
expression,SLC46A2_3,186,186,0,0.0
expression,SLC46A3_3,186,186,0,0.0
expression,SLC48A1_3,186,186,0,0.0
expression,SLC49A3_3,186,186,0,0.0
expression,SLC49A4_3,186,186,0,0.0
expression,SLC4A11_3,186,186,0,0.0
expression,SLC4A2_3,186,186,0,0.0
expression,SLC4A3_3,186,186,0,0.0
expression,SLC4A4_3,186,186,0,0.0
expression,SLC4A7_3,186,186,0,0.0
expression,SLC4A8_3,186,186,0,0.0
expression,SLC50A1_3,186,186,0,0.0
expression,SLC52A2_3,186,186,0,0.0
expression,SLC5A3_3,186,186,0,0.0
expression,SLC5A6_3,186,186,0,0.0
expression,SLC66A1_3,186,186,0,0.0
expression,SLC66A2_3,186,186,0,0.0
expression,SLC66A3_3,186,186,0,0.0
expression,SLC6A17_3,186,186,0,0.0
expression,SLC6A6_3,186,186,0,0.0
expression,SLC6A8_3,186,186,0,0.0
expression,SLC6A9_3,186,186,0,0.0
expression,SLC7A1_3,186,186,0,0.0
expression,SLC7A2_3,186,186,0,0.0
expression,SLC7A5_3,186,186,0,0.0
expression,SLC7A6_3,186,186,0,0.0
expression,SLC7A6OS_3,186,186,0,0.0
expression,SLC7A7_3,186,186,0,0.0
expression,SLC7A8_3,186,186,0,0.0
expression,SLC8A1_3,186,186,0,0.0
expression,SLC8A3_3,186,186,0,0.0
expression,SLC8B1_3,186,186,0,0.0
expression,SLC9A1_3,186,186,0,0.0
expression,SLC9A3R1_3,186,186,0,0.0
expression,SLC9A3R2_3,186,186,0,0.0
expression,SLC9A5_3,186,186,0,0.0
expression,SLC9A6_3,186,186,0,0.0
expression,SLC9A7_3,186,186,0,0.0
expression,SLC9A8_3,186,186,0,0.0
expression,SLC9A9_3,186,186,0,0.0
expression,SLC9B2_3,186,186,0,0.0
expression,SLCO2A1_3,186,186,0,0.0
expression,SLCO2B1_3,186,186,0,0.0
expression,SLCO3A1_3,186,186,0,0.0
expression,SLCO4A1_3,186,186,0,0.0
expression,SLCO5A1_3,186,186,0,0.0
expression,SLF1_3,186,186,0,0.0
expression,SLF2_3,186,186,0,0.0
expression,SLIRP_3,186,186,0,0.0
expression,SLIT2_3,186,186,0,0.0
expression,SLIT3_3,186,186,0,0.0
expression,SLK_3,186,186,0,0.0
expression,SLMAP_3,186,186,0,0.0
expression,SLTM_3,186,186,0,0.0
expression,SLU7_3,186,186,0,0.0
expression,SLX1A_3,186,186,0,0.0
expression,SLX4_3,186,186,0,0.0
expression,SLX4IP_3,186,186,0,0.0
expression,SMAD1_3,186,186,0,0.0
expression,SMAD2_3,186,186,0,0.0
expression,SMAD3_3,186,186,0,0.0
expression,SMAD4_3,186,186,0,0.0
expression,SMAD5_3,186,186,0,0.0
expression,SMAD6_3,186,186,0,0.0
expression,SMAD7_3,186,186,0,0.0
expression,SMAD9_3,186,186,0,0.0
expression,SMAGP_3,186,186,0,0.0
expression,SMAP1_3,186,186,0,0.0
expression,SMAP2_3,186,186,0,0.0
expression,SMARCA1_3,186,186,0,0.0
expression,SMARCA2_3,186,186,0,0.0
expression,SMARCA4_3,186,186,0,0.0
expression,SMARCA5_3,186,186,0,0.0
expression,SMARCAD1_3,186,186,0,0.0
expression,SMARCAL1_3,186,186,0,0.0
expression,SMARCB1_3,186,186,0,0.0
expression,SMARCC1_3,186,186,0,0.0
expression,SMARCC2_3,186,186,0,0.0
expression,SMARCD1_3,186,186,0,0.0
expression,SMARCD2_3,186,186,0,0.0
expression,SMARCD3_3,186,186,0,0.0
expression,SMARCE1_3,186,186,0,0.0
expression,SMC1A_3,186,186,0,0.0
expression,SMC2_3,186,186,0,0.0
expression,SMC3_3,186,186,0,0.0
expression,SMC4_3,186,186,0,0.0
expression,SMC5_3,186,186,0,0.0
expression,SMC6_3,186,186,0,0.0
expression,SMCHD1_3,186,186,0,0.0
expression,SMCO4_3,186,186,0,0.0
expression,SMDT1_3,186,186,0,0.0
expression,SMG1_3,186,186,0,0.0
expression,SMG5_3,186,186,0,0.0
expression,SMG6_3,186,186,0,0.0
expression,SMG7_3,186,186,0,0.0
expression,SMG8_3,186,186,0,0.0
expression,SMG9_3,186,186,0,0.0
expression,SMIM1_3,186,186,0,0.0
expression,SMIM10L1_3,186,186,0,0.0
expression,SMIM11A_3,186,186,0,0.0
expression,SMIM12_3,186,186,0,0.0
expression,SMIM13_3,186,186,0,0.0
expression,SMIM14_3,186,186,0,0.0
expression,SMIM15_3,186,186,0,0.0
expression,SMIM19_3,186,186,0,0.0
expression,SMIM20_3,186,186,0,0.0
expression,SMIM22_3,186,186,0,0.0
expression,SMIM26_3,186,186,0,0.0
expression,SMIM29_3,186,186,0,0.0
expression,SMIM3_3,186,186,0,0.0
expression,SMIM30_3,186,186,0,0.0
expression,SMIM4_3,186,186,0,0.0
expression,SMIM7_3,186,186,0,0.0
expression,SMIM8_3,186,186,0,0.0
expression,SMN_3,186,186,0,0.0
expression,SMNDC1_3,186,186,0,0.0
expression,SMO_3,186,186,0,0.0
expression,SMOC1_3,186,186,0,0.0
expression,SMOC2_3,186,186,0,0.0
expression,SMOX_3,186,186,0,0.0
expression,SMPD1_3,186,186,0,0.0
expression,SMPD2_3,186,186,0,0.0
expression,SMPD4_3,186,186,0,0.0
expression,SMPDL3A_3,186,186,0,0.0
expression,SMS_3,186,186,0,0.0
expression,SMTN_3,186,186,0,0.0
expression,SMU1_3,186,186,0,0.0
expression,SMUG1_3,186,186,0,0.0
expression,SMURF1_3,186,186,0,0.0
expression,SMURF2_3,186,186,0,0.0
expression,SMYD2_3,186,186,0,0.0
expression,SMYD3_3,186,186,0,0.0
expression,SMYD4_3,186,186,0,0.0
expression,SMYD5_3,186,186,0,0.0
expression,SNAI1_3,186,186,0,0.0
expression,SNAI2_3,186,186,0,0.0
expression,SNAP23_3,186,186,0,0.0
expression,SNAP29_3,186,186,0,0.0
expression,SNAP47_3,186,186,0,0.0
expression,SNAP91_3,186,186,0,0.0
expression,SNAPC1_3,186,186,0,0.0
expression,SNAPC2_3,186,186,0,0.0
expression,SNAPC3_3,186,186,0,0.0
expression,SNAPC4_3,186,186,0,0.0
expression,SNAPC5_3,186,186,0,0.0
expression,SNAPIN_3,186,186,0,0.0
expression,SNCAIP_3,186,186,0,0.0
expression,SNCG_3,186,186,0,0.0
expression,SND1_3,186,186,0,0.0
expression,SNED1_3,186,186,0,0.0
expression,SNF8_3,186,186,0,0.0
expression,SNHG3_3,186,186,0,0.0
expression,SNIP1_3,186,186,0,0.0
expression,SNN_3,186,186,0,0.0
expression,SNPH_3,186,186,0,0.0
expression,SNRK_3,186,186,0,0.0
expression,SNRNP200_3,186,186,0,0.0
expression,SNRNP25_3,186,186,0,0.0
expression,SNRNP27_3,186,186,0,0.0
expression,SNRNP35_3,186,186,0,0.0
expression,SNRNP40_3,186,186,0,0.0
expression,SNRNP48_3,186,186,0,0.0
expression,SNRNP70_3,186,186,0,0.0
expression,SNRPA_3,186,186,0,0.0
expression,SNRPA1_3,186,186,0,0.0
expression,SNRPB_3,186,186,0,0.0
expression,SNRPB2_3,186,186,0,0.0
expression,SNRPC_3,186,186,0,0.0
expression,SNRPD1_3,186,186,0,0.0
expression,SNRPD2_3,186,186,0,0.0
expression,SNRPD3_3,186,186,0,0.0
expression,SNRPE_3,186,186,0,0.0
expression,SNRPF_3,186,186,0,0.0
expression,SNRPG_3,186,186,0,0.0
expression,SNRPN_3,186,186,0,0.0
expression,SNTA1_3,186,186,0,0.0
expression,SNTB1_3,186,186,0,0.0
expression,SNTB2_3,186,186,0,0.0
expression,SNU13_3,186,186,0,0.0
expression,SNUPN_3,186,186,0,0.0
expression,SNURF_3,186,186,0,0.0
expression,SNW1_3,186,186,0,0.0
expression,SNX1_3,186,186,0,0.0
expression,SNX10_3,186,186,0,0.0
expression,SNX11_3,186,186,0,0.0
expression,SNX12_3,186,186,0,0.0
expression,SNX13_3,186,186,0,0.0
expression,SNX14_3,186,186,0,0.0
expression,SNX15_3,186,186,0,0.0
expression,SNX16_3,186,186,0,0.0
expression,SNX17_3,186,186,0,0.0
expression,SNX18_3,186,186,0,0.0
expression,SNX19_3,186,186,0,0.0
expression,SNX2_3,186,186,0,0.0
expression,SNX20_3,186,186,0,0.0
expression,SNX21_3,186,186,0,0.0
expression,SNX22_3,186,186,0,0.0
expression,SNX24_3,186,186,0,0.0
expression,SNX25_3,186,186,0,0.0
expression,SNX27_3,186,186,0,0.0
expression,SNX29_3,186,186,0,0.0
expression,SNX3_3,186,186,0,0.0
expression,SNX30_3,186,186,0,0.0
expression,SNX33_3,186,186,0,0.0
expression,SNX4_3,186,186,0,0.0
expression,SNX5_3,186,186,0,0.0
expression,SNX6_3,186,186,0,0.0
expression,SNX7_3,186,186,0,0.0
expression,SNX8_3,186,186,0,0.0
expression,SNX9_3,186,186,0,0.0
expression,SOAT1_3,186,186,0,0.0
expression,SOBP_3,186,186,0,0.0
expression,SOCS2_3,186,186,0,0.0
expression,SOCS3_3,186,186,0,0.0
expression,SOCS4_3,186,186,0,0.0
expression,SOCS5_3,186,186,0,0.0
expression,SOCS6_3,186,186,0,0.0
expression,SOCS7_3,186,186,0,0.0
expression,SOD1_3,186,186,0,0.0
expression,SOD2_3,186,186,0,0.0
expression,SOD3_3,186,186,0,0.0
expression,SOGA1_3,186,186,0,0.0
expression,SON_3,186,186,0,0.0
expression,SORBS1_3,186,186,0,0.0
expression,SORBS2_3,186,186,0,0.0
expression,SORBS3_3,186,186,0,0.0
expression,SORCS2_3,186,186,0,0.0
expression,SORD_3,186,186,0,0.0
expression,SORL1_3,186,186,0,0.0
expression,SORT1_3,186,186,0,0.0
expression,SOS1_3,186,186,0,0.0
expression,SOS2_3,186,186,0,0.0
expression,SOWAHC_3,186,186,0,0.0
expression,SOWAHD_3,186,186,0,0.0
expression,SOX12_3,186,186,0,0.0
expression,SOX13_3,186,186,0,0.0
expression,SOX4_3,186,186,0,0.0
expression,SOX6_3,186,186,0,0.0
expression,SOX7_3,186,186,0,0.0
expression,SP1_3,186,186,0,0.0
expression,SP100_3,186,186,0,0.0
expression,SP110_3,186,186,0,0.0
expression,SP140_3,186,186,0,0.0
expression,SP2_3,186,186,0,0.0
expression,SP3_3,186,186,0,0.0
expression,SP4_3,186,186,0,0.0
expression,SP6_3,186,186,0,0.0
expression,SP7_3,186,186,0,0.0
expression,SPA17_3,186,186,0,0.0
expression,SPAAR_3,186,186,0,0.0
expression,SPACA6_3,186,186,0,0.0
expression,SPAG1_3,186,186,0,0.0
expression,SPAG4_3,186,186,0,0.0
expression,SPAG5_3,186,186,0,0.0
expression,SPAG7_3,186,186,0,0.0
expression,SPAG9_3,186,186,0,0.0
expression,SPARC_3,186,186,0,0.0
expression,SPARCL1_3,186,186,0,0.0
expression,SPART_3,186,186,0,0.0
expression,SPAST_3,186,186,0,0.0
expression,SPATA1_3,186,186,0,0.0
expression,SPATA13_3,186,186,0,0.0
expression,SPATA17_3,186,186,0,0.0
expression,SPATA2_3,186,186,0,0.0
expression,SPATA24_3,186,186,0,0.0
expression,SPATA2L_3,186,186,0,0.0
expression,SPATA5_3,186,186,0,0.0
expression,SPATA5L1_3,186,186,0,0.0
expression,SPATA6_3,186,186,0,0.0
expression,SPATA6L_3,186,186,0,0.0
expression,SPATA7_3,186,186,0,0.0
expression,SPATS2_3,186,186,0,0.0
expression,SPATS2L_3,186,186,0,0.0
expression,SPC24_3,186,186,0,0.0
expression,SPC25_3,186,186,0,0.0
expression,SPCS1_3,186,186,0,0.0
expression,SPCS2_3,186,186,0,0.0
expression,SPCS3_3,186,186,0,0.0
expression,SPDL1_3,186,186,0,0.0
expression,SPECC1_3,186,186,0,0.0
expression,SPECC1L_3,186,186,0,0.0
expression,SPEF1_3,186,186,0,0.0
expression,SPEN_3,186,186,0,0.0
expression,SPESP1_3,186,186,0,0.0
expression,SPG11_3,186,186,0,0.0
expression,SPG21_3,186,186,0,0.0
expression,SPG7_3,186,186,0,0.0
expression,SPHK1_3,186,186,0,0.0
expression,SPHK2_3,186,186,0,0.0
expression,SPI1_3,186,186,0,0.0
expression,SPICE1_3,186,186,0,0.0
expression,SPIDR_3,186,186,0,0.0
expression,SPIN1_3,186,186,0,0.0
expression,SPINDOC_3,186,186,0,0.0
expression,SPINK2_3,186,186,0,0.0
expression,SPINT1_3,186,186,0,0.0
expression,SPIRE1_3,186,186,0,0.0
expression,SPN_3,186,186,0,0.0
expression,SPNS1_3,186,186,0,0.0
expression,SPNS2_3,186,186,0,0.0
expression,SPOCK2_3,186,186,0,0.0
expression,SPON1_3,186,186,0,0.0
expression,SPON2_3,186,186,0,0.0
expression,SPOP_3,186,186,0,0.0
expression,SPOPL_3,186,186,0,0.0
expression,SPOUT1_3,186,186,0,0.0
expression,SPP1_3,186,186,0,0.0
expression,SPPL2A_3,186,186,0,0.0
expression,SPPL2B_3,186,186,0,0.0
expression,SPPL3_3,186,186,0,0.0
expression,SPR_3,186,186,0,0.0
expression,SPRED1_3,186,186,0,0.0
expression,SPRED2_3,186,186,0,0.0
expression,SPRED3_3,186,186,0,0.0
expression,SPRING1_3,186,186,0,0.0
expression,SPRTN_3,186,186,0,0.0
expression,SPRY1_3,186,186,0,0.0
expression,SPRY2_3,186,186,0,0.0
expression,SPRY4_3,186,186,0,0.0
expression,SPRYD3_3,186,186,0,0.0
expression,SPRYD4_3,186,186,0,0.0
expression,SPRYD7_3,186,186,0,0.0
expression,SPSB1_3,186,186,0,0.0
expression,SPSB2_3,186,186,0,0.0
expression,SPSB3_3,186,186,0,0.0
expression,SPSB4_3,186,186,0,0.0
expression,SPTAN1_3,186,186,0,0.0
expression,SPTB_3,186,186,0,0.0
expression,SPTBN1_3,186,186,0,0.0
expression,SPTLC1_3,186,186,0,0.0
expression,SPTLC2_3,186,186,0,0.0
expression,SPTSSA_3,186,186,0,0.0
expression,SPTY2D1_3,186,186,0,0.0
expression,SQLE_3,186,186,0,0.0
expression,SQOR_3,186,186,0,0.0
expression,SQSTM1_3,186,186,0,0.0
expression,SRA1_3,186,186,0,0.0
expression,SRBD1_3,186,186,0,0.0
expression,SRC_3,186,186,0,0.0
expression,SRD5A1_3,186,186,0,0.0
expression,SRD5A3_3,186,186,0,0.0
expression,SREBF1_3,186,186,0,0.0
expression,SREBF2_3,186,186,0,0.0
expression,SREK1_3,186,186,0,0.0
expression,SREK1IP1_3,186,186,0,0.0
expression,SRF_3,186,186,0,0.0
expression,SRFBP1_3,186,186,0,0.0
expression,SRGAP1_3,186,186,0,0.0
expression,SRGAP2_3,186,186,0,0.0
expression,SRGAP3_3,186,186,0,0.0
expression,SRGN_3,186,186,0,0.0
expression,SRI_3,186,186,0,0.0
expression,SRM_3,186,186,0,0.0
expression,SRP14_3,186,186,0,0.0
expression,SRP19_3,186,186,0,0.0
expression,SRP54_3,186,186,0,0.0
expression,SRP68_3,186,186,0,0.0
expression,SRP72_3,186,186,0,0.0
expression,SRP9_3,186,186,0,0.0
expression,SRPK1_3,186,186,0,0.0
expression,SRPK2_3,186,186,0,0.0
expression,SRPK3_3,186,186,0,0.0
expression,SRPRA_3,186,186,0,0.0
expression,SRPRB_3,186,186,0,0.0
expression,SRPX_3,186,186,0,0.0
expression,SRPX2_3,186,186,0,0.0
expression,SRR_3,186,186,0,0.0
expression,SRRD_3,186,186,0,0.0
expression,SRRM1_3,186,186,0,0.0
expression,SRRM2_3,186,186,0,0.0
expression,SRRT_3,186,186,0,0.0
expression,SRSF1_3,186,186,0,0.0
expression,SRSF10_3,186,186,0,0.0
expression,SRSF11_3,186,186,0,0.0
expression,SRSF12_3,186,186,0,0.0
expression,SRSF2_3,186,186,0,0.0
expression,SRSF3_3,186,186,0,0.0
expression,SRSF4_3,186,186,0,0.0
expression,SRSF5_3,186,186,0,0.0
expression,SRSF6_3,186,186,0,0.0
expression,SRSF7_3,186,186,0,0.0
expression,SRSF9_3,186,186,0,0.0
expression,SRXN1_3,186,186,0,0.0
expression,SS18_3,186,186,0,0.0
expression,SS18L1_3,186,186,0,0.0
expression,SS18L2_3,186,186,0,0.0
expression,SSB_3,186,186,0,0.0
expression,SSBP1_3,186,186,0,0.0
expression,SSBP2_3,186,186,0,0.0
expression,SSBP3_3,186,186,0,0.0
expression,SSBP4_3,186,186,0,0.0
expression,SSC5D_3,186,186,0,0.0
expression,SSH1_3,186,186,0,0.0
expression,SSH2_3,186,186,0,0.0
expression,SSH3_3,186,186,0,0.0
expression,SSNA1_3,186,186,0,0.0
expression,SSPN_3,186,186,0,0.0
expression,SSR1_3,186,186,0,0.0
expression,SSR2_3,186,186,0,0.0
expression,SSR3_3,186,186,0,0.0
expression,SSR4_3,186,186,0,0.0
expression,SSRP1_3,186,186,0,0.0
expression,SSU72_3,186,186,0,0.0
expression,SSX2IP_3,186,186,0,0.0
expression,ST13_3,186,186,0,0.0
expression,ST3GAL1_3,186,186,0,0.0
expression,ST3GAL2_3,186,186,0,0.0
expression,ST3GAL3_3,186,186,0,0.0
expression,ST3GAL4_3,186,186,0,0.0
expression,ST3GAL5_3,186,186,0,0.0
expression,ST3GAL6_3,186,186,0,0.0
expression,ST6GAL1_3,186,186,0,0.0
expression,ST6GAL2_3,186,186,0,0.0
expression,ST6GALNAC2_3,186,186,0,0.0
expression,ST6GALNAC3_3,186,186,0,0.0
expression,ST6GALNAC4_3,186,186,0,0.0
expression,ST6GALNAC6_3,186,186,0,0.0
expression,ST7_3,186,186,0,0.0
expression,ST7L_3,186,186,0,0.0
expression,ST8SIA1_3,186,186,0,0.0
expression,ST8SIA4_3,186,186,0,0.0
expression,ST8SIA5_3,186,186,0,0.0
expression,STAB1_3,186,186,0,0.0
expression,STAC_3,186,186,0,0.0
expression,STAC2_3,186,186,0,0.0
expression,STAC3_3,186,186,0,0.0
expression,STAG1_3,186,186,0,0.0
expression,STAG2_3,186,186,0,0.0
expression,STAM_3,186,186,0,0.0
expression,STAMBPL1_3,186,186,0,0.0
expression,STARD10_3,186,186,0,0.0
expression,STARD13_3,186,186,0,0.0
expression,STARD3_3,186,186,0,0.0
expression,STARD3NL_3,186,186,0,0.0
expression,STARD4_3,186,186,0,0.0
expression,STARD5_3,186,186,0,0.0
expression,STARD6_3,186,186,0,0.0
expression,STARD7_3,186,186,0,0.0
expression,STARD8_3,186,186,0,0.0
expression,STARD9_3,186,186,0,0.0
expression,STAT1_3,186,186,0,0.0
expression,STAT2_3,186,186,0,0.0
expression,STAT3_3,186,186,0,0.0
expression,STAT4_3,186,186,0,0.0
expression,STAT5A_3,186,186,0,0.0
expression,STAT5B_3,186,186,0,0.0
expression,STAT6_3,186,186,0,0.0
expression,STAU1_3,186,186,0,0.0
expression,STAU2_3,186,186,0,0.0
expression,STBD1_3,186,186,0,0.0
expression,STC1_3,186,186,0,0.0
expression,STC2_3,186,186,0,0.0
expression,STEAP1_3,186,186,0,0.0
expression,STEAP2_3,186,186,0,0.0
expression,STEAP3_3,186,186,0,0.0
expression,STEEP1_3,186,186,0,0.0
expression,STIL_3,186,186,0,0.0
expression,STIM1_3,186,186,0,0.0
expression,STIM2_3,186,186,0,0.0
expression,STING1_3,186,186,0,0.0
expression,STIP1_3,186,186,0,0.0
expression,STK10_3,186,186,0,0.0
expression,STK11_3,186,186,0,0.0
expression,STK11IP_3,186,186,0,0.0
expression,STK16_3,186,186,0,0.0
expression,STK17A_3,186,186,0,0.0
expression,STK17B_3,186,186,0,0.0
expression,STK19_3,186,186,0,0.0
expression,STK24_3,186,186,0,0.0
expression,STK25_3,186,186,0,0.0
expression,STK26_3,186,186,0,0.0
expression,STK3_3,186,186,0,0.0
expression,STK33_3,186,186,0,0.0
expression,STK35_3,186,186,0,0.0
expression,STK36_3,186,186,0,0.0
expression,STK38_3,186,186,0,0.0
expression,STK38L_3,186,186,0,0.0
expression,STK39_3,186,186,0,0.0
expression,STK4_3,186,186,0,0.0
expression,STK40_3,186,186,0,0.0
expression,STMN1_3,186,186,0,0.0
expression,STMP1_3,186,186,0,0.0
expression,STN1_3,186,186,0,0.0
expression,STOM_3,186,186,0,0.0
expression,STOML1_3,186,186,0,0.0
expression,STOML2_3,186,186,0,0.0
expression,STON1_3,186,186,0,0.0
expression,STON2_3,186,186,0,0.0
expression,STOX2_3,186,186,0,0.0
expression,STRADA_3,186,186,0,0.0
expression,STRADB_3,186,186,0,0.0
expression,STRAP_3,186,186,0,0.0
expression,STRBP_3,186,186,0,0.0
expression,STRIP1_3,186,186,0,0.0
expression,STRIP2_3,186,186,0,0.0
expression,STRN_3,186,186,0,0.0
expression,STRN3_3,186,186,0,0.0
expression,STRN4_3,186,186,0,0.0
expression,STS_3,186,186,0,0.0
expression,STT3A_3,186,186,0,0.0
expression,STT3B_3,186,186,0,0.0
expression,STUB1_3,186,186,0,0.0
expression,STUM_3,186,186,0,0.0
expression,STX10_3,186,186,0,0.0
expression,STX11_3,186,186,0,0.0
expression,STX12_3,186,186,0,0.0
expression,STX16_3,186,186,0,0.0
expression,STX17_3,186,186,0,0.0
expression,STX18_3,186,186,0,0.0
expression,STX1A_3,186,186,0,0.0
expression,STX2_3,186,186,0,0.0
expression,STX3_3,186,186,0,0.0
expression,STX4_3,186,186,0,0.0
expression,STX5_3,186,186,0,0.0
expression,STX6_3,186,186,0,0.0
expression,STX7_3,186,186,0,0.0
expression,STX8_3,186,186,0,0.0
expression,STXBP1_3,186,186,0,0.0
expression,STXBP2_3,186,186,0,0.0
expression,STXBP3_3,186,186,0,0.0
expression,STXBP4_3,186,186,0,0.0
expression,STXBP5_3,186,186,0,0.0
expression,STXBP6_3,186,186,0,0.0
expression,STYX_3,186,186,0,0.0
expression,STYXL1_3,186,186,0,0.0
expression,SUB1_3,186,186,0,0.0
expression,SUCLA2_3,186,186,0,0.0
expression,SUCLG1_3,186,186,0,0.0
expression,SUCLG2_3,186,186,0,0.0
expression,SUCO_3,186,186,0,0.0
expression,SUDS3_3,186,186,0,0.0
expression,SUFU_3,186,186,0,0.0
expression,SUGCT_3,186,186,0,0.0
expression,SUGP1_3,186,186,0,0.0
expression,SUGP2_3,186,186,0,0.0
expression,SUGT1_3,186,186,0,0.0
expression,SULF1_3,186,186,0,0.0
expression,SULF2_3,186,186,0,0.0
expression,SULT1A1_3,186,186,0,0.0
expression,SULT1C4_3,186,186,0,0.0
expression,SUMF1_3,186,186,0,0.0
expression,SUMF2_3,186,186,0,0.0
expression,SUMO1_3,186,186,0,0.0
expression,SUMO2_3,186,186,0,0.0
expression,SUMO3_3,186,186,0,0.0
expression,SUN1_3,186,186,0,0.0
expression,SUN2_3,186,186,0,0.0
expression,SUOX_3,186,186,0,0.0
expression,SUPT16H_3,186,186,0,0.0
expression,SUPT20H_3,186,186,0,0.0
expression,SUPT3H_3,186,186,0,0.0
expression,SUPT4H1_3,186,186,0,0.0
expression,SUPT5H_3,186,186,0,0.0
expression,SUPT6H_3,186,186,0,0.0
expression,SUPV3L1_3,186,186,0,0.0
expression,SURF1_3,186,186,0,0.0
expression,SURF2_3,186,186,0,0.0
expression,SURF4_3,186,186,0,0.0
expression,SURF6_3,186,186,0,0.0
expression,SUSD1_3,186,186,0,0.0
expression,SUSD2_3,186,186,0,0.0
expression,SUSD6_3,186,186,0,0.0
expression,SUV39H1_3,186,186,0,0.0
expression,SUV39H2_3,186,186,0,0.0
expression,SUZ12_3,186,186,0,0.0
expression,SV2A_3,186,186,0,0.0
expression,SVBP_3,186,186,0,0.0
expression,SVEP1_3,186,186,0,0.0
expression,SVIL_3,186,186,0,0.0
expression,SVIP_3,186,186,0,0.0
expression,SWAP70_3,186,186,0,0.0
expression,SWI5_3,186,186,0,0.0
expression,SWSAP1_3,186,186,0,0.0
expression,SWT1_3,186,186,0,0.0
expression,SYAP1_3,186,186,0,0.0
expression,SYBU_3,186,186,0,0.0
expression,SYCE2_3,186,186,0,0.0
expression,SYDE1_3,186,186,0,0.0
expression,SYDE2_3,186,186,0,0.0
expression,SYK_3,186,186,0,0.0
expression,SYMPK_3,186,186,0,0.0
expression,SYNCRIP_3,186,186,0,0.0
expression,SYNDIG1_3,186,186,0,0.0
expression,SYNE1_3,186,186,0,0.0
expression,SYNE2_3,186,186,0,0.0
expression,SYNE3_3,186,186,0,0.0
expression,SYNGAP1_3,186,186,0,0.0
expression,SYNGR1_3,186,186,0,0.0
expression,SYNGR2_3,186,186,0,0.0
expression,SYNGR3_3,186,186,0,0.0
expression,SYNJ1_3,186,186,0,0.0
expression,SYNJ2_3,186,186,0,0.0
expression,SYNJ2BP_3,186,186,0,0.0
expression,SYNM_3,186,186,0,0.0
expression,SYNPO_3,186,186,0,0.0
expression,SYNPO2_3,186,186,0,0.0
expression,SYNRG_3,186,186,0,0.0
expression,SYPL1_3,186,186,0,0.0
expression,SYPL2_3,186,186,0,0.0
expression,SYS1_3,186,186,0,0.0
expression,SYT11_3,186,186,0,0.0
expression,SYT12_3,186,186,0,0.0
expression,SYT16_3,186,186,0,0.0
expression,SYT17_3,186,186,0,0.0
expression,SYT7_3,186,186,0,0.0
expression,SYT9_3,186,186,0,0.0
expression,SYTL1_3,186,186,0,0.0
expression,SYTL2_3,186,186,0,0.0
expression,SYTL4_3,186,186,0,0.0
expression,SYVN1_3,186,186,0,0.0
expression,SZRD1_3,186,186,0,0.0
expression,SZT2_3,186,186,0,0.0
expression,TAB1_3,186,186,0,0.0
expression,TAB2_3,186,186,0,0.0
expression,TAB3_3,186,186,0,0.0
expression,TACC1_3,186,186,0,0.0
expression,TACC2_3,186,186,0,0.0
expression,TACC3_3,186,186,0,0.0
expression,TACO1_3,186,186,0,0.0
expression,TADA1_3,186,186,0,0.0
expression,TADA2A_3,186,186,0,0.0
expression,TADA2B_3,186,186,0,0.0
expression,TADA3_3,186,186,0,0.0
expression,TAF1_3,186,186,0,0.0
expression,TAF10_3,186,186,0,0.0
expression,TAF11_3,186,186,0,0.0
expression,TAF12_3,186,186,0,0.0
expression,TAF13_3,186,186,0,0.0
expression,TAF15_3,186,186,0,0.0
expression,TAF1A_3,186,186,0,0.0
expression,TAF1B_3,186,186,0,0.0
expression,TAF1C_2,186,186,0,0.0
expression,TAF1D_3,186,186,0,0.0
expression,TAF2_3,186,186,0,0.0
expression,TAF3_3,186,186,0,0.0
expression,TAF4_3,186,186,0,0.0
expression,TAF4B_3,186,186,0,0.0
expression,TAF5_3,186,186,0,0.0
expression,TAF5L_3,186,186,0,0.0
expression,TAF6_3,186,186,0,0.0
expression,TAF6L_3,186,186,0,0.0
expression,TAF7_3,186,186,0,0.0
expression,TAF8_3,186,186,0,0.0
expression,TAF9_2,186,186,0,0.0
expression,TAF9B_3,186,186,0,0.0
expression,TAGAP_3,186,186,0,0.0
expression,TAGLN_3,186,186,0,0.0
expression,TAGLN2_3,186,186,0,0.0
expression,TAGLN3_3,186,186,0,0.0
expression,TAL1_3,186,186,0,0.0
expression,TALDO1_3,186,186,0,0.0
expression,TAMALIN_3,186,186,0,0.0
expression,TAMM41_3,186,186,0,0.0
expression,TANC1_3,186,186,0,0.0
expression,TANC2_3,186,186,0,0.0
expression,TANGO2_3,186,186,0,0.0
expression,TANGO6_3,186,186,0,0.0
expression,TANK_3,186,186,0,0.0
expression,TAOK1_3,186,186,0,0.0
expression,TAOK2_3,186,186,0,0.0
expression,TAOK3_3,186,186,0,0.0
expression,TAP1_3,186,186,0,0.0
expression,TAP2_3,186,186,0,0.0
expression,TAPBP_3,186,186,0,0.0
expression,TAPBPL_3,186,186,0,0.0
expression,TAPT1_3,186,186,0,0.0
expression,TARBP1_3,186,186,0,0.0
expression,TARBP2_3,186,186,0,0.0
expression,TARDBP_3,186,186,0,0.0
expression,TARS1_3,186,186,0,0.0
expression,TARS2_3,186,186,0,0.0
expression,TARS3_3,186,186,0,0.0
expression,TASL_3,186,186,0,0.0
expression,TASOR_3,186,186,0,0.0
expression,TASOR2_3,186,186,0,0.0
expression,TASP1_3,186,186,0,0.0
expression,TATDN1_3,186,186,0,0.0
expression,TATDN2_3,186,186,0,0.0
expression,TATDN3_3,186,186,0,0.0
expression,TAX1BP1_3,186,186,0,0.0
expression,TAX1BP3_3,186,186,0,0.0
expression,TAZ_3,186,186,0,0.0
expression,TBC1D1_3,186,186,0,0.0
expression,TBC1D10A_3,186,186,0,0.0
expression,TBC1D10B_3,186,186,0,0.0
expression,TBC1D12_3,186,186,0,0.0
expression,TBC1D13_3,186,186,0,0.0
expression,TBC1D14_3,186,186,0,0.0
expression,TBC1D15_3,186,186,0,0.0
expression,TBC1D17_3,186,186,0,0.0
expression,TBC1D19_3,186,186,0,0.0
expression,TBC1D2_3,186,186,0,0.0
expression,TBC1D20_3,186,186,0,0.0
expression,TBC1D22A_3,186,186,0,0.0
expression,TBC1D22B_3,186,186,0,0.0
expression,TBC1D23_3,186,186,0,0.0
expression,TBC1D24_3,186,186,0,0.0
expression,TBC1D25_3,186,186,0,0.0
expression,TBC1D2B_3,186,186,0,0.0
expression,TBC1D30_3,186,186,0,0.0
expression,TBC1D31_3,186,186,0,0.0
expression,TBC1D32_3,186,186,0,0.0
expression,TBC1D4_3,186,186,0,0.0
expression,TBC1D5_3,186,186,0,0.0
expression,TBC1D7_3,186,186,0,0.0
expression,TBC1D8_3,186,186,0,0.0
expression,TBC1D8B_3,186,186,0,0.0
expression,TBC1D9_3,186,186,0,0.0
expression,TBC1D9B_3,186,186,0,0.0
expression,TBCA_3,186,186,0,0.0
expression,TBCB_3,186,186,0,0.0
expression,TBCC_3,186,186,0,0.0
expression,TBCD_3,186,186,0,0.0
expression,TBCE_3,186,186,0,0.0
expression,TBCK_3,186,186,0,0.0
expression,TBK1_3,186,186,0,0.0
expression,TBKBP1_3,186,186,0,0.0
expression,TBL1X_3,186,186,0,0.0
expression,TBL1XR1_3,186,186,0,0.0
expression,TBL2_3,186,186,0,0.0
expression,TBL3_3,186,186,0,0.0
expression,TBP_3,186,186,0,0.0
expression,TBPL1_3,186,186,0,0.0
expression,TBRG1_3,186,186,0,0.0
expression,TBRG4_3,186,186,0,0.0
expression,TBX15_3,186,186,0,0.0
expression,TBX18_3,186,186,0,0.0
expression,TBX2_3,186,186,0,0.0
expression,TBX3_3,186,186,0,0.0
expression,TBXA2R_3,186,186,0,0.0
expression,TBXAS1_3,186,186,0,0.0
expression,TC2N_3,186,186,0,0.0
expression,TCAF1_3,186,186,0,0.0
expression,TCAF2_3,186,186,0,0.0
expression,TCAIM_3,186,186,0,0.0
expression,TCAP_3,186,186,0,0.0
expression,TCEA1_3,186,186,0,0.0
expression,TCEA2_3,186,186,0,0.0
expression,TCEA3_3,186,186,0,0.0
expression,TCEAL1_3,186,186,0,0.0
expression,TCEAL4_3,186,186,0,0.0
expression,TCEAL8_3,186,186,0,0.0
expression,TCEANC_3,186,186,0,0.0
expression,TCEANC2_3,186,186,0,0.0
expression,TCERG1_3,186,186,0,0.0
expression,TCF12_3,186,186,0,0.0
expression,TCF15_3,186,186,0,0.0
expression,TCF19_3,186,186,0,0.0
expression,TCF20_3,186,186,0,0.0
expression,TCF25_3,186,186,0,0.0
expression,TCF3_3,186,186,0,0.0
expression,TCF4_3,186,186,0,0.0
expression,TCF7_3,186,186,0,0.0
expression,TCF7L1_3,186,186,0,0.0
expression,TCF7L2_3,186,186,0,0.0
expression,TCFL5_3,186,186,0,0.0
expression,TCHP_3,186,186,0,0.0
expression,TCIM_3,186,186,0,0.0
expression,TCIRG1_3,186,186,0,0.0
expression,TCN2_3,186,186,0,0.0
expression,TCOF1_3,186,186,0,0.0
expression,TCP1_3,186,186,0,0.0
expression,TCP11_3,186,186,0,0.0
expression,TCP11L1_3,186,186,0,0.0
expression,TCP11L2_3,186,186,0,0.0
expression,TCTA_3,186,186,0,0.0
expression,TCTN1_3,186,186,0,0.0
expression,TCTN2_3,186,186,0,0.0
expression,TCTN3_3,186,186,0,0.0
expression,TDG_3,186,186,0,0.0
expression,TDP1_3,186,186,0,0.0
expression,TDP2_3,186,186,0,0.0
expression,TDRD3_3,186,186,0,0.0
expression,TDRD7_3,186,186,0,0.0
expression,TDRP_3,186,186,0,0.0
expression,TEAD1_3,186,186,0,0.0
expression,TEAD2_3,186,186,0,0.0
expression,TEAD3_3,186,186,0,0.0
expression,TEAD4_3,186,186,0,0.0
expression,TEC_3,186,186,0,0.0
expression,TECPR1_3,186,186,0,0.0
expression,TECPR2_3,186,186,0,0.0
expression,TECR_3,186,186,0,0.0
expression,TECTA_3,186,186,0,0.0
expression,TEDC1_3,186,186,0,0.0
expression,TEDC2_3,186,186,0,0.0
expression,TEF_3,186,186,0,0.0
expression,TEFM_3,186,186,0,0.0
expression,TEK_3,186,186,0,0.0
expression,TELO2_3,186,186,0,0.0
expression,TEN1_3,186,186,0,0.0
expression,TENM4_3,186,186,0,0.0
expression,TENT2_3,186,186,0,0.0
expression,TENT4A_3,186,186,0,0.0
expression,TENT4B_3,186,186,0,0.0
expression,TENT5A_3,186,186,0,0.0
expression,TENT5C_3,186,186,0,0.0
expression,TEP1_3,186,186,0,0.0
expression,TEPSIN_3,186,186,0,0.0
expression,TERF1_3,186,186,0,0.0
expression,TERF2_3,186,186,0,0.0
expression,TERF2IP_3,186,186,0,0.0
expression,TES_3,186,186,0,0.0
expression,TESK1_3,186,186,0,0.0
expression,TESK2_3,186,186,0,0.0
expression,TESPA1_3,186,186,0,0.0
expression,TET1_3,186,186,0,0.0
expression,TET2_3,186,186,0,0.0
expression,TET3_3,186,186,0,0.0
expression,TEX10_3,186,186,0,0.0
expression,TEX2_3,186,186,0,0.0
expression,TEX261_3,186,186,0,0.0
expression,TEX264_3,186,186,0,0.0
expression,TEX30_3,186,186,0,0.0
expression,TEX9_3,186,186,0,0.0
expression,TFAM_3,186,186,0,0.0
expression,TFAP4_3,186,186,0,0.0
expression,TFB1M_3,186,186,0,0.0
expression,TFB2M_3,186,186,0,0.0
expression,TFCP2_3,186,186,0,0.0
expression,TFDP1_3,186,186,0,0.0
expression,TFDP2_3,186,186,0,0.0
expression,TFE3_3,186,186,0,0.0
expression,TFEB_3,186,186,0,0.0
expression,TFEC_3,186,186,0,0.0
expression,TFG_3,186,186,0,0.0
expression,TFIP11_3,186,186,0,0.0
expression,TFPI_3,186,186,0,0.0
expression,TFPI2_3,186,186,0,0.0
expression,TFPT_3,186,186,0,0.0
expression,TFRC_3,186,186,0,0.0
expression,TGDS_3,186,186,0,0.0
expression,TGFB1_3,186,186,0,0.0
expression,TGFB1I1_3,186,186,0,0.0
expression,TGFB2_3,186,186,0,0.0
expression,TGFB3_3,186,186,0,0.0
expression,TGFBI_3,186,186,0,0.0
expression,TGFBR1_3,186,186,0,0.0
expression,TGFBR2_3,186,186,0,0.0
expression,TGFBR3_3,186,186,0,0.0
expression,TGFBRAP1_3,186,186,0,0.0
expression,TGIF1_3,186,186,0,0.0
expression,TGIF2_3,186,186,0,0.0
expression,TGM2_3,186,186,0,0.0
expression,TGOLN2_3,186,186,0,0.0
expression,TGS1_3,186,186,0,0.0
expression,THADA_3,186,186,0,0.0
expression,THAP1_3,186,186,0,0.0
expression,THAP10_3,186,186,0,0.0
expression,THAP11_3,186,186,0,0.0
expression,THAP12_3,186,186,0,0.0
expression,THAP2_3,186,186,0,0.0
expression,THAP3_3,186,186,0,0.0
expression,THAP4_3,186,186,0,0.0
expression,THAP6_3,186,186,0,0.0
expression,THAP7_3,186,186,0,0.0
expression,THAP8_3,186,186,0,0.0
expression,THAP9_3,186,186,0,0.0
expression,THBD_3,186,186,0,0.0
expression,THBS1_3,186,186,0,0.0
expression,THBS2_3,186,186,0,0.0
expression,THBS3_3,186,186,0,0.0
expression,THBS4_3,186,186,0,0.0
expression,THEM4_3,186,186,0,0.0
expression,THEM6_3,186,186,0,0.0
expression,THEMIS2_3,186,186,0,0.0
expression,THG1L_3,186,186,0,0.0
expression,THNSL1_3,186,186,0,0.0
expression,THNSL2_3,186,186,0,0.0
expression,THOC1_3,186,186,0,0.0
expression,THOC2_3,186,186,0,0.0
expression,THOC3_3,186,186,0,0.0
expression,THOC5_3,186,186,0,0.0
expression,THOC6_3,186,186,0,0.0
expression,THOC7_3,186,186,0,0.0
expression,THOP1_3,186,186,0,0.0
expression,THRA_3,186,186,0,0.0
expression,THRAP3_3,186,186,0,0.0
expression,THRB_3,186,186,0,0.0
expression,THSD1_3,186,186,0,0.0
expression,THSD4_4,186,186,0,0.0
expression,THSD7A_3,186,186,0,0.0
expression,THSD8_3,186,186,0,0.0
expression,THTPA_3,186,186,0,0.0
expression,THUMPD1_3,186,186,0,0.0
expression,THUMPD2_3,186,186,0,0.0
expression,THUMPD3_3,186,186,0,0.0
expression,THY1_3,186,186,0,0.0
expression,THYN1_3,186,186,0,0.0
expression,TIA1_3,186,186,0,0.0
expression,TIAL1_3,186,186,0,0.0
expression,TIAM1_3,186,186,0,0.0
expression,TIAM2_3,186,186,0,0.0
expression,TICAM1_3,186,186,0,0.0
expression,TICAM2_3,186,186,0,0.0
expression,TICRR_3,186,186,0,0.0
expression,TIE1_3,186,186,0,0.0
expression,TIFA_3,186,186,0,0.0
expression,TIGAR_3,186,186,0,0.0
expression,TIGD2_3,186,186,0,0.0
expression,TIGD4_3,186,186,0,0.0
expression,TIGD5_3,186,186,0,0.0
expression,TIGD6_3,186,186,0,0.0
expression,TIGD7_3,186,186,0,0.0
expression,TIMD4_3,186,186,0,0.0
expression,TIMELESS_3,186,186,0,0.0
expression,TIMM10_3,186,186,0,0.0
expression,TIMM10B_3,186,186,0,0.0
expression,TIMM13_3,186,186,0,0.0
expression,TIMM17A_3,186,186,0,0.0
expression,TIMM17B_3,186,186,0,0.0
expression,TIMM21_3,186,186,0,0.0
expression,TIMM22_3,186,186,0,0.0
expression,TIMM29_3,186,186,0,0.0
expression,TIMM44_3,186,186,0,0.0
expression,TIMM50_3,186,186,0,0.0
expression,TIMM8A_3,186,186,0,0.0
expression,TIMM8B_3,186,186,0,0.0
expression,TIMM9_3,186,186,0,0.0
expression,TIMMDC1_3,186,186,0,0.0
expression,TIMP1_3,186,186,0,0.0
expression,TIMP2_5,186,186,0,0.0
expression,TIMP3_3,186,186,0,0.0
expression,TINAGL1_3,186,186,0,0.0
expression,TINF2_3,186,186,0,0.0
expression,TIPARP_3,186,186,0,0.0
expression,TIPIN_3,186,186,0,0.0
expression,TIPRL_3,186,186,0,0.0
expression,TIRAP_3,186,186,0,0.0
expression,TJAP1_3,186,186,0,0.0
expression,TJP1_3,186,186,0,0.0
expression,TJP2_3,186,186,0,0.0
expression,TK1_3,186,186,0,0.0
expression,TK2_3,186,186,0,0.0
expression,TKFC_3,186,186,0,0.0
expression,TKT_3,186,186,0,0.0
expression,TKTL1_3,186,186,0,0.0
expression,TLCD1_3,186,186,0,0.0
expression,TLCD3A_3,186,186,0,0.0
expression,TLE1_3,186,186,0,0.0
expression,TLE2_3,186,186,0,0.0
expression,TLE3_3,186,186,0,0.0
expression,TLE4_3,186,186,0,0.0
expression,TLE5_3,186,186,0,0.0
expression,TLK1_3,186,186,0,0.0
expression,TLK2_3,186,186,0,0.0
expression,TLN1_3,186,186,0,0.0
expression,TLN2_3,186,186,0,0.0
expression,TLNRD1_3,186,186,0,0.0
expression,TLR1_3,186,186,0,0.0
expression,TLR2_3,186,186,0,0.0
expression,TLR3_3,186,186,0,0.0
expression,TLR4_3,186,186,0,0.0
expression,TLR7_3,186,186,0,0.0
expression,TLR8_3,186,186,0,0.0
expression,TLR9_5,186,186,0,0.0
expression,TM2D1_3,186,186,0,0.0
expression,TM2D2_3,186,186,0,0.0
expression,TM2D3_3,186,186,0,0.0
expression,TM4SF1_3,186,186,0,0.0
expression,TM4SF18_3,186,186,0,0.0
expression,TM6SF1_3,186,186,0,0.0
expression,TM7SF3_3,186,186,0,0.0
expression,TM9SF1_3,186,186,0,0.0
expression,TM9SF2_3,186,186,0,0.0
expression,TM9SF3_3,186,186,0,0.0
expression,TM9SF4_3,186,186,0,0.0
expression,TMA16_3,186,186,0,0.0
expression,TMBIM1_3,186,186,0,0.0
expression,TMBIM4_3,186,186,0,0.0
expression,TMBIM6_3,186,186,0,0.0
expression,TMC4_3,186,186,0,0.0
expression,TMC6_3,186,186,0,0.0
expression,TMC7_3,186,186,0,0.0
expression,TMCC1_3,186,186,0,0.0
expression,TMCC2_3,186,186,0,0.0
expression,TMCC3_3,186,186,0,0.0
expression,TMCO1_3,186,186,0,0.0
expression,TMCO3_3,186,186,0,0.0
expression,TMCO4_3,186,186,0,0.0
expression,TMCO6_3,186,186,0,0.0
expression,TMED1_3,186,186,0,0.0
expression,TMED10_3,186,186,0,0.0
expression,TMED2_3,186,186,0,0.0
expression,TMED3_3,186,186,0,0.0
expression,TMED4_3,186,186,0,0.0
expression,TMED5_3,186,186,0,0.0
expression,TMED6_3,186,186,0,0.0
expression,TMED7_3,186,186,0,0.0
expression,TMED8_3,186,186,0,0.0
expression,TMED9_3,186,186,0,0.0
expression,TMEFF1_3,186,186,0,0.0
expression,TMEFF2_3,186,186,0,0.0
expression,TMEM100_3,186,186,0,0.0
expression,TMEM101_3,186,186,0,0.0
expression,TMEM102_3,186,186,0,0.0
expression,TMEM104_3,186,186,0,0.0
expression,TMEM106A_3,186,186,0,0.0
expression,TMEM106B_3,186,186,0,0.0
expression,TMEM106C_3,186,186,0,0.0
expression,TMEM109_3,186,186,0,0.0
expression,TMEM11_3,186,186,0,0.0
expression,TMEM115_3,186,186,0,0.0
expression,TMEM117_3,186,186,0,0.0
expression,TMEM119_3,186,186,0,0.0
expression,TMEM120A_3,186,186,0,0.0
expression,TMEM120B_3,186,186,0,0.0
expression,TMEM123_3,186,186,0,0.0
expression,TMEM126A_3,186,186,0,0.0
expression,TMEM126B_3,186,186,0,0.0
expression,TMEM127_3,186,186,0,0.0
expression,TMEM128_3,186,186,0,0.0
expression,TMEM129_3,186,186,0,0.0
expression,TMEM131_3,186,186,0,0.0
expression,TMEM131L_3,186,186,0,0.0
expression,TMEM132A_3,186,186,0,0.0
expression,TMEM132B_3,186,186,0,0.0
expression,TMEM134_3,186,186,0,0.0
expression,TMEM135_3,186,186,0,0.0
expression,TMEM138_3,186,186,0,0.0
expression,TMEM140_3,186,186,0,0.0
expression,TMEM141_3,186,186,0,0.0
expression,TMEM143_3,186,186,0,0.0
expression,TMEM144_3,186,186,0,0.0
expression,TMEM147_3,186,186,0,0.0
expression,TMEM14A_3,186,186,0,0.0
expression,TMEM150A_3,186,186,0,0.0
expression,TMEM150B_3,186,186,0,0.0
expression,TMEM150C_3,186,186,0,0.0
expression,TMEM151B_3,186,186,0,0.0
expression,TMEM154_3,186,186,0,0.0
expression,TMEM156_3,186,186,0,0.0
expression,TMEM159_3,186,186,0,0.0
expression,TMEM160_3,186,186,0,0.0
expression,TMEM161A_3,186,186,0,0.0
expression,TMEM161B_3,186,186,0,0.0
expression,TMEM164_3,186,186,0,0.0
expression,TMEM165_3,186,186,0,0.0
expression,TMEM167A_3,186,186,0,0.0
expression,TMEM167B_3,186,186,0,0.0
expression,TMEM168_3,186,186,0,0.0
expression,TMEM169_3,186,186,0,0.0
expression,TMEM17_3,186,186,0,0.0
expression,TMEM170A_3,186,186,0,0.0
expression,TMEM170B_3,186,186,0,0.0
expression,TMEM175_3,186,186,0,0.0
expression,TMEM176A_3,186,186,0,0.0
expression,TMEM179B_3,186,186,0,0.0
expression,TMEM18_3,186,186,0,0.0
expression,TMEM181_3,186,186,0,0.0
expression,TMEM183A_3,186,186,0,0.0
expression,TMEM184B_3,186,186,0,0.0
expression,TMEM184C_3,186,186,0,0.0
expression,TMEM185A_3,186,186,0,0.0
expression,TMEM185B_3,186,186,0,0.0
expression,TMEM186_3,186,186,0,0.0
expression,TMEM187_3,186,186,0,0.0
expression,TMEM19_3,186,186,0,0.0
expression,TMEM192_3,186,186,0,0.0
expression,TMEM199_3,186,186,0,0.0
expression,TMEM200A_3,186,186,0,0.0
expression,TMEM200B_3,186,186,0,0.0
expression,TMEM201_3,186,186,0,0.0
expression,TMEM203_3,186,186,0,0.0
expression,TMEM204_3,186,186,0,0.0
expression,TMEM205_3,186,186,0,0.0
expression,TMEM208_3,186,186,0,0.0
expression,TMEM209_3,186,186,0,0.0
expression,TMEM214_3,186,186,0,0.0
expression,TMEM215_3,186,186,0,0.0
expression,TMEM216_3,186,186,0,0.0
expression,TMEM218_3,186,186,0,0.0
expression,TMEM219_3,186,186,0,0.0
expression,TMEM220_3,186,186,0,0.0
expression,TMEM222_3,186,186,0,0.0
expression,TMEM223_3,186,186,0,0.0
expression,TMEM225B_3,186,186,0,0.0
expression,TMEM229B_3,186,186,0,0.0
expression,TMEM230_3,186,186,0,0.0
expression,TMEM231_3,186,186,0,0.0
expression,TMEM234_3,186,186,0,0.0
expression,TMEM236_3,186,186,0,0.0
expression,TMEM237_3,186,186,0,0.0
expression,TMEM241_3,186,186,0,0.0
expression,TMEM242_3,186,186,0,0.0
expression,TMEM243_3,186,186,0,0.0
expression,TMEM245_3,186,186,0,0.0
expression,TMEM248_3,186,186,0,0.0
expression,TMEM25_3,186,186,0,0.0
expression,TMEM250_3,186,186,0,0.0
expression,TMEM251_3,186,186,0,0.0
expression,TMEM254_3,186,186,0,0.0
expression,TMEM256_3,186,186,0,0.0
expression,TMEM258_3,186,186,0,0.0
expression,TMEM259_3,186,186,0,0.0
expression,TMEM26_3,186,186,0,0.0
expression,TMEM260_3,186,186,0,0.0
expression,TMEM263_3,186,186,0,0.0
expression,TMEM265_3,186,186,0,0.0
expression,TMEM267_3,186,186,0,0.0
expression,TMEM268_3,186,186,0,0.0
expression,TMEM30A_3,186,186,0,0.0
expression,TMEM30B_3,186,186,0,0.0
expression,TMEM33_3,186,186,0,0.0
expression,TMEM35A_3,186,186,0,0.0
expression,TMEM37_3,186,186,0,0.0
expression,TMEM38A_3,186,186,0,0.0
expression,TMEM38B_3,186,186,0,0.0
expression,TMEM39A_3,186,186,0,0.0
expression,TMEM39B_3,186,186,0,0.0
expression,TMEM40_3,186,186,0,0.0
expression,TMEM41A_3,186,186,0,0.0
expression,TMEM41B_3,186,186,0,0.0
expression,TMEM42_3,186,186,0,0.0
expression,TMEM43_3,186,186,0,0.0
expression,TMEM45A_3,186,186,0,0.0
expression,TMEM47_3,186,186,0,0.0
expression,TMEM50A_3,186,186,0,0.0
expression,TMEM50B_3,186,186,0,0.0
expression,TMEM51_3,186,186,0,0.0
expression,TMEM52_3,186,186,0,0.0
expression,TMEM53_3,186,186,0,0.0
expression,TMEM54_3,186,186,0,0.0
expression,TMEM59_3,186,186,0,0.0
expression,TMEM59L_3,186,186,0,0.0
expression,TMEM60_3,186,186,0,0.0
expression,TMEM62_3,186,186,0,0.0
expression,TMEM63A_3,186,186,0,0.0
expression,TMEM63B_3,186,186,0,0.0
expression,TMEM63C_3,186,186,0,0.0
expression,TMEM64_3,186,186,0,0.0
expression,TMEM65_3,186,186,0,0.0
expression,TMEM67_3,186,186,0,0.0
expression,TMEM68_3,186,186,0,0.0
expression,TMEM69_3,186,186,0,0.0
expression,TMEM70_3,186,186,0,0.0
expression,TMEM71_3,186,186,0,0.0
expression,TMEM74_3,186,186,0,0.0
expression,TMEM80_3,186,186,0,0.0
expression,TMEM86A_3,186,186,0,0.0
expression,TMEM87A_3,186,186,0,0.0
expression,TMEM87B_3,186,186,0,0.0
expression,TMEM88_3,186,186,0,0.0
expression,TMEM8B_3,186,186,0,0.0
expression,TMEM9_3,186,186,0,0.0
expression,TMEM91_3,186,186,0,0.0
expression,TMEM94_3,186,186,0,0.0
expression,TMEM97_3,186,186,0,0.0
expression,TMEM98_3,186,186,0,0.0
expression,TMEM9B_3,186,186,0,0.0
expression,TMF1_3,186,186,0,0.0
expression,TMLHE_3,186,186,0,0.0
expression,TMOD1_3,186,186,0,0.0
expression,TMOD3_3,186,186,0,0.0
expression,TMPO_3,186,186,0,0.0
expression,TMPPE_3,186,186,0,0.0
expression,TMSB10_3,186,186,0,0.0
expression,TMSB4X_3,186,186,0,0.0
expression,TMTC1_3,186,186,0,0.0
expression,TMTC3_3,186,186,0,0.0
expression,TMTC4_3,186,186,0,0.0
expression,TMUB1_3,186,186,0,0.0
expression,TMUB2_3,186,186,0,0.0
expression,TMX1_3,186,186,0,0.0
expression,TMX2_3,186,186,0,0.0
expression,TMX3_3,186,186,0,0.0
expression,TMX4_3,186,186,0,0.0
expression,TNC_3,186,186,0,0.0
expression,TNFAIP1_3,186,186,0,0.0
expression,TNFAIP2_3,186,186,0,0.0
expression,TNFAIP3_3,186,186,0,0.0
expression,TNFAIP8_3,186,186,0,0.0
expression,TNFAIP8L1_3,186,186,0,0.0
expression,TNFAIP8L2_3,186,186,0,0.0
expression,TNFAIP8L3_3,186,186,0,0.0
expression,TNFRSF11A_3,186,186,0,0.0
expression,TNFRSF11B_3,186,186,0,0.0
expression,TNFRSF12A_3,186,186,0,0.0
expression,TNFRSF13C_3,186,186,0,0.0
expression,TNFRSF14_3,186,186,0,0.0
expression,TNFRSF19_3,186,186,0,0.0
expression,TNFRSF1A_3,186,186,0,0.0
expression,TNFRSF1B_3,186,186,0,0.0
expression,TNFRSF21_3,186,186,0,0.0
expression,TNFRSF25_3,186,186,0,0.0
expression,TNFSF10_3,186,186,0,0.0
expression,TNFSF11_3,186,186,0,0.0
expression,TNFSF12_3,186,186,0,0.0
expression,TNFSF13_3,186,186,0,0.0
expression,TNFSF13B_3,186,186,0,0.0
expression,TNFSF9_3,186,186,0,0.0
expression,TNIK_3,186,186,0,0.0
expression,TNIP1_3,186,186,0,0.0
expression,TNIP2_3,186,186,0,0.0
expression,TNK2_3,186,186,0,0.0
expression,TNKS_3,186,186,0,0.0
expression,TNKS1BP1_3,186,186,0,0.0
expression,TNKS2_3,186,186,0,0.0
expression,TNN_3,186,186,0,0.0
expression,TNNC1_3,186,186,0,0.0
expression,TNNI1_3,186,186,0,0.0
expression,TNPO1_3,186,186,0,0.0
expression,TNPO2_3,186,186,0,0.0
expression,TNPO3_3,186,186,0,0.0
expression,TNRC18_3,186,186,0,0.0
expression,TNRC6A_3,186,186,0,0.0
expression,TNRC6B_3,186,186,0,0.0
expression,TNRC6C_3,186,186,0,0.0
expression,TNS1_3,186,186,0,0.0
expression,TNS2_3,186,186,0,0.0
expression,TNS3_3,186,186,0,0.0
expression,TNXB_3,186,186,0,0.0
expression,TOB1_3,186,186,0,0.0
expression,TOB2_3,186,186,0,0.0
expression,TOE1_3,186,186,0,0.0
expression,TOGARAM1_3,186,186,0,0.0
expression,TOLLIP_3,186,186,0,0.0
expression,TOM1_3,186,186,0,0.0
expression,TOM1L2_3,186,186,0,0.0
expression,TOMM20_3,186,186,0,0.0
expression,TOMM22_3,186,186,0,0.0
expression,TOMM34_3,186,186,0,0.0
expression,TOMM40_3,186,186,0,0.0
expression,TOMM40L_3,186,186,0,0.0
expression,TOMM5_3,186,186,0,0.0
expression,TOMM6_3,186,186,0,0.0
expression,TOMM7_3,186,186,0,0.0
expression,TOMM70_3,186,186,0,0.0
expression,TONSL_3,186,186,0,0.0
expression,TOP1_3,186,186,0,0.0
expression,TOP2A_3,186,186,0,0.0
expression,TOP2B_3,186,186,0,0.0
expression,TOP3A_3,186,186,0,0.0
expression,TOP3B_3,186,186,0,0.0
expression,TOPBP1_3,186,186,0,0.0
expression,TOPORS_3,186,186,0,0.0
expression,TOR1A_3,186,186,0,0.0
expression,TOR1AIP1_3,186,186,0,0.0
expression,TOR1B_3,186,186,0,0.0
expression,TOR2A_3,186,186,0,0.0
expression,TOR3A_3,186,186,0,0.0
expression,TOR4A_3,186,186,0,0.0
expression,TOX_3,186,186,0,0.0
expression,TOX4_3,186,186,0,0.0
expression,TP53_3,186,186,0,0.0
expression,TP53BP1_3,186,186,0,0.0
expression,TP53BP2_3,186,186,0,0.0
expression,TP53I11_3,186,186,0,0.0
expression,TP53I13_3,186,186,0,0.0
expression,TP53INP1_3,186,186,0,0.0
expression,TP53INP2_3,186,186,0,0.0
expression,TP53RK_3,186,186,0,0.0
expression,TP73_3,186,186,0,0.0
expression,TPBG_3,186,186,0,0.0
expression,TPC3_3,186,186,0,0.0
expression,TPCN1_3,186,186,0,0.0
expression,TPCN2_3,186,186,0,0.0
expression,TPD52_3,186,186,0,0.0
expression,TPD52L1_3,186,186,0,0.0
expression,TPD52L2_3,186,186,0,0.0
expression,TPGS1_3,186,186,0,0.0
expression,TPGS2_3,186,186,0,0.0
expression,TPI1_3,186,186,0,0.0
expression,TPK1_3,186,186,0,0.0
expression,TPM1_3,186,186,0,0.0
expression,TPM2_3,186,186,0,0.0
expression,TPM3_3,186,186,0,0.0
expression,TPM4_3,186,186,0,0.0
expression,TPMT_3,186,186,0,0.0
expression,TPP1_3,186,186,0,0.0
expression,TPP2_3,186,186,0,0.0
expression,TPPP_3,186,186,0,0.0
expression,TPPP3_3,186,186,0,0.0
expression,TPR_3,186,186,0,0.0
expression,TPRA1_3,186,186,0,0.0
expression,TPRG1L_3,186,186,0,0.0
expression,TPRKB_3,186,186,0,0.0
expression,TPRN_3,186,186,0,0.0
expression,TPST1_3,186,186,0,0.0
expression,TPST2_3,186,186,0,0.0
expression,TPT1_3,186,186,0,0.0
expression,TPX2_3,186,186,0,0.0
expression,TRA2A_3,186,186,0,0.0
expression,TRA2B_3,186,186,0,0.0
expression,TRABD_3,186,186,0,0.0
expression,TRABD2A_3,186,186,0,0.0
expression,TRABD2B_3,186,186,0,0.0
expression,TRADD_3,186,186,0,0.0
expression,TRAF2_3,186,186,0,0.0
expression,TRAF3_3,186,186,0,0.0
expression,TRAF3IP1_3,186,186,0,0.0
expression,TRAF3IP2_3,186,186,0,0.0
expression,TRAF4_3,186,186,0,0.0
expression,TRAF5_3,186,186,0,0.0
expression,TRAF6_3,186,186,0,0.0
expression,TRAF7_3,186,186,0,0.0
expression,TRAFD1_3,186,186,0,0.0
expression,TRAIP_3,186,186,0,0.0
expression,TRAK1_3,186,186,0,0.0
expression,TRAK2_3,186,186,0,0.0
expression,TRAM1_3,186,186,0,0.0
expression,TRAM1L1_3,186,186,0,0.0
expression,TRAM2_3,186,186,0,0.0
expression,TRANK1_3,186,186,0,0.0
expression,TRAP1_3,186,186,0,0.0
expression,TRAPPC1_3,186,186,0,0.0
expression,TRAPPC10_3,186,186,0,0.0
expression,TRAPPC11_3,186,186,0,0.0
expression,TRAPPC12_3,186,186,0,0.0
expression,TRAPPC13_3,186,186,0,0.0
expression,TRAPPC14_3,186,186,0,0.0
expression,TRAPPC2_2,186,186,0,0.0
expression,TRAPPC2L_3,186,186,0,0.0
expression,TRAPPC3_3,186,186,0,0.0
expression,TRAPPC3L_3,186,186,0,0.0
expression,TRAPPC4_3,186,186,0,0.0
expression,TRAPPC5_3,186,186,0,0.0
expression,TRAPPC6A_3,186,186,0,0.0
expression,TRAPPC6B_3,186,186,0,0.0
expression,TRAPPC8_3,186,186,0,0.0
expression,TRAPPC9_3,186,186,0,0.0
expression,TRDMT1_3,186,186,0,0.0
expression,TRERF1_3,186,186,0,0.0
expression,TREX1_3,186,186,0,0.0
expression,TRIAP1_3,186,186,0,0.0
expression,TRIB1_3,186,186,0,0.0
expression,TRIB2_3,186,186,0,0.0
expression,TRIB3_3,186,186,0,0.0
expression,TRIL_3,186,186,0,0.0
expression,TRIM11_3,186,186,0,0.0
expression,TRIM13_3,186,186,0,0.0
expression,TRIM14_3,186,186,0,0.0
expression,TRIM16_3,186,186,0,0.0
expression,TRIM2_3,186,186,0,0.0
expression,TRIM21_3,186,186,0,0.0
expression,TRIM22_3,186,186,0,0.0
expression,TRIM23_3,186,186,0,0.0
expression,TRIM24_3,186,186,0,0.0
expression,TRIM25_3,186,186,0,0.0
expression,TRIM27_3,186,186,0,0.0
expression,TRIM28_3,186,186,0,0.0
expression,TRIM3_3,186,186,0,0.0
expression,TRIM32_3,186,186,0,0.0
expression,TRIM33_3,186,186,0,0.0
expression,TRIM34_3,186,186,0,0.0
expression,TRIM35_3,186,186,0,0.0
expression,TRIM36_4,186,186,0,0.0
expression,TRIM37_3,186,186,0,0.0
expression,TRIM4_3,186,186,0,0.0
expression,TRIM41_3,186,186,0,0.0
expression,TRIM44_3,186,186,0,0.0
expression,TRIM45_3,186,186,0,0.0
expression,TRIM46_3,186,186,0,0.0
expression,TRIM47_3,186,186,0,0.0
expression,TRIM52_3,186,186,0,0.0
expression,TRIM56_3,186,186,0,0.0
expression,TRIM59_3,186,186,0,0.0
expression,TRIM62_3,186,186,0,0.0
expression,TRIM63_3,186,186,0,0.0
expression,TRIM65_3,186,186,0,0.0
expression,TRIM66_3,186,186,0,0.0
expression,TRIM68_3,186,186,0,0.0
expression,TRIM7_3,186,186,0,0.0
expression,TRIM8_3,186,186,0,0.0
expression,TRIM9_3,186,186,0,0.0
expression,TRIO_3,186,186,0,0.0
expression,TRIOBP_3,186,186,0,0.0
expression,TRIP10_3,186,186,0,0.0
expression,TRIP11_3,186,186,0,0.0
expression,TRIP12_3,186,186,0,0.0
expression,TRIP13_3,186,186,0,0.0
expression,TRIP4_3,186,186,0,0.0
expression,TRIP6_3,186,186,0,0.0
expression,TRIQK_3,186,186,0,0.0
expression,TRIR_3,186,186,0,0.0
expression,TRIT1_3,186,186,0,0.0
expression,TRMO_3,186,186,0,0.0
expression,TRMT1_3,186,186,0,0.0
expression,TRMT10A_3,186,186,0,0.0
expression,TRMT10B_3,186,186,0,0.0
expression,TRMT10C_3,186,186,0,0.0
expression,TRMT11_3,186,186,0,0.0
expression,TRMT112_3,186,186,0,0.0
expression,TRMT12_3,186,186,0,0.0
expression,TRMT13_3,186,186,0,0.0
expression,TRMT1L_3,186,186,0,0.0
expression,TRMT2A_3,186,186,0,0.0
expression,TRMT44_3,186,186,0,0.0
expression,TRMT5_3,186,186,0,0.0
expression,TRMT6_3,186,186,0,0.0
expression,TRMT61A_3,186,186,0,0.0
expression,TRMT61B_3,186,186,0,0.0
expression,TRMU_3,186,186,0,0.0
expression,TRNAU1AP_3,186,186,0,0.0
expression,TRNP1_3,186,186,0,0.0
expression,TRNT1_3,186,186,0,0.0
expression,TROAP_3,186,186,0,0.0
expression,TRPC1_3,186,186,0,0.0
expression,TRPC3_3,186,186,0,0.0
expression,TRPC4AP_3,186,186,0,0.0
expression,TRPM2_3,186,186,0,0.0
expression,TRPM4_3,186,186,0,0.0
expression,TRPM7_3,186,186,0,0.0
expression,TRPS1_3,186,186,0,0.0
expression,TRPT1_3,186,186,0,0.0
expression,TRPV2_3,186,186,0,0.0
expression,TRPV4_3,186,186,0,0.0
expression,TRRAP_3,186,186,0,0.0
expression,TRUB1_3,186,186,0,0.0
expression,TRUB2_3,186,186,0,0.0
expression,TSACC_3,186,186,0,0.0
expression,TSC1_3,186,186,0,0.0
expression,TSC2_3,186,186,0,0.0
expression,TSC22D1_3,186,186,0,0.0
expression,TSC22D2_3,186,186,0,0.0
expression,TSC22D3_3,186,186,0,0.0
expression,TSC22D4_3,186,186,0,0.0
expression,TSEN15_3,186,186,0,0.0
expression,TSEN2_3,186,186,0,0.0
expression,TSEN34_3,186,186,0,0.0
expression,TSEN54_3,186,186,0,0.0
expression,TSFM_3,186,186,0,0.0
expression,TSG101_3,186,186,0,0.0
expression,TSGA10_3,186,186,0,0.0
expression,TSHZ1_3,186,186,0,0.0
expression,TSHZ2_3,186,186,0,0.0
expression,TSHZ3_3,186,186,0,0.0
expression,TSKU_3,186,186,0,0.0
expression,TSN_3,186,186,0,0.0
expression,TSNARE1_3,186,186,0,0.0
expression,TSNAX_3,186,186,0,0.0
expression,TSPAN11_3,186,186,0,0.0
expression,TSPAN12_3,186,186,0,0.0
expression,TSPAN13_3,186,186,0,0.0
expression,TSPAN14_3,186,186,0,0.0
expression,TSPAN15_3,186,186,0,0.0
expression,TSPAN17_3,186,186,0,0.0
expression,TSPAN18_3,186,186,0,0.0
expression,TSPAN2_3,186,186,0,0.0
expression,TSPAN3_3,186,186,0,0.0
expression,TSPAN31_3,186,186,0,0.0
expression,TSPAN4_3,186,186,0,0.0
expression,TSPAN5_3,186,186,0,0.0
expression,TSPAN6_3,186,186,0,0.0
expression,TSPAN7_3,186,186,0,0.0
expression,TSPAN9_3,186,186,0,0.0
expression,TSPO_3,186,186,0,0.0
expression,TSPOAP1_3,186,186,0,0.0
expression,TSPYL1_3,186,186,0,0.0
expression,TSPYL2_3,186,186,0,0.0
expression,TSPYL4_3,186,186,0,0.0
expression,TSPYL5_3,186,186,0,0.0
expression,TSR1_3,186,186,0,0.0
expression,TSR2_3,186,186,0,0.0
expression,TSR3_3,186,186,0,0.0
expression,TSSC4_3,186,186,0,0.0
expression,TST_3,186,186,0,0.0
expression,TSTD2_3,186,186,0,0.0
expression,TTBK2_3,186,186,0,0.0
expression,TTC1_3,186,186,0,0.0
expression,TTC13_3,186,186,0,0.0
expression,TTC14_3,186,186,0,0.0
expression,TTC17_3,186,186,0,0.0
expression,TTC19_3,186,186,0,0.0
expression,TTC21A_3,186,186,0,0.0
expression,TTC21B_3,186,186,0,0.0
expression,TTC23_3,186,186,0,0.0
expression,TTC23L_3,186,186,0,0.0
expression,TTC26_3,186,186,0,0.0
expression,TTC27_3,186,186,0,0.0
expression,TTC28_3,186,186,0,0.0
expression,TTC3_3,186,186,0,0.0
expression,TTC30A_3,186,186,0,0.0
expression,TTC30B_3,186,186,0,0.0
expression,TTC31_3,186,186,0,0.0
expression,TTC32_3,186,186,0,0.0
expression,TTC33_3,186,186,0,0.0
expression,TTC34_3,186,186,0,0.0
expression,TTC37_3,186,186,0,0.0
expression,TTC38_3,186,186,0,0.0
expression,TTC39A_3,186,186,0,0.0
expression,TTC39B_3,186,186,0,0.0
expression,TTC39C_3,186,186,0,0.0
expression,TTC4_3,186,186,0,0.0
expression,TTC5_3,186,186,0,0.0
expression,TTC7A_3,186,186,0,0.0
expression,TTC7B_3,186,186,0,0.0
expression,TTC8_3,186,186,0,0.0
expression,TTC9_3,186,186,0,0.0
expression,TTC9C_3,186,186,0,0.0
expression,TTF1_3,186,186,0,0.0
expression,TTF2_3,186,186,0,0.0
expression,TTI1_3,186,186,0,0.0
expression,TTI2_3,186,186,0,0.0
expression,TTK_3,186,186,0,0.0
expression,TTL_3,186,186,0,0.0
expression,TTLL1_3,186,186,0,0.0
expression,TTLL11_3,186,186,0,0.0
expression,TTLL12_3,186,186,0,0.0
expression,TTLL3_3,186,186,0,0.0
expression,TTLL4_3,186,186,0,0.0
expression,TTLL5_3,186,186,0,0.0
expression,TTLL7_3,186,186,0,0.0
expression,TTPAL_3,186,186,0,0.0
expression,TTYH2_3,186,186,0,0.0
expression,TTYH3_3,186,186,0,0.0
expression,TUB_3,186,186,0,0.0
expression,TUBA1C_3,186,186,0,0.0
expression,TUBA4A_3,186,186,0,0.0
expression,TUBA8_3,186,186,0,0.0
expression,TUBB_3,186,186,0,0.0
expression,TUBB2A_3,186,186,0,0.0
expression,TUBB4A_3,186,186,0,0.0
expression,TUBB4B_3,186,186,0,0.0
expression,TUBB6_3,186,186,0,0.0
expression,TUBD1_3,186,186,0,0.0
expression,TUBE1_3,186,186,0,0.0
expression,TUBG1_3,186,186,0,0.0
expression,TUBGCP3_3,186,186,0,0.0
expression,TUBGCP4_3,186,186,0,0.0
expression,TUBGCP5_3,186,186,0,0.0
expression,TUBGCP6_3,186,186,0,0.0
expression,TUFM_3,186,186,0,0.0
expression,TUFT1_3,186,186,0,0.0
expression,TULP3_3,186,186,0,0.0
expression,TULP4_3,186,186,0,0.0
expression,TUSC2_3,186,186,0,0.0
expression,TUSC3_3,186,186,0,0.0
expression,TUT1_3,186,186,0,0.0
expression,TUT4_3,186,186,0,0.0
expression,TUT7_3,186,186,0,0.0
expression,TVP23B_3,186,186,0,0.0
expression,TWF1_3,186,186,0,0.0
expression,TWIST1_3,186,186,0,0.0
expression,TWNK_3,186,186,0,0.0
expression,TWSG1_2,186,186,0,0.0
expression,TXLNA_3,186,186,0,0.0
expression,TXLNG_3,186,186,0,0.0
expression,TXN_3,186,186,0,0.0
expression,TXN2_3,186,186,0,0.0
expression,TXNDC11_3,186,186,0,0.0
expression,TXNDC12_3,186,186,0,0.0
expression,TXNDC15_3,186,186,0,0.0
expression,TXNDC16_3,186,186,0,0.0
expression,TXNDC17_3,186,186,0,0.0
expression,TXNDC5_3,186,186,0,0.0
expression,TXNDC9_3,186,186,0,0.0
expression,TXNIP_3,186,186,0,0.0
expression,TXNL1_3,186,186,0,0.0
expression,TXNL4A_3,186,186,0,0.0
expression,TXNL4B_3,186,186,0,0.0
expression,TXNRD1_3,186,186,0,0.0
expression,TXNRD2_3,186,186,0,0.0
expression,TXNRD3_3,186,186,0,0.0
expression,TYK2_3,186,186,0,0.0
expression,TYMS_3,186,186,0,0.0
expression,TYRO3_3,186,186,0,0.0
expression,TYROBP_3,186,186,0,0.0
expression,TYSND1_3,186,186,0,0.0
expression,TYW3_3,186,186,0,0.0
expression,TYW5_3,186,186,0,0.0
expression,U2AF1_3,186,186,0,0.0
expression,U2AF1L4_3,186,186,0,0.0
expression,U2AF2_3,186,186,0,0.0
expression,U2SURP_3,186,186,0,0.0
expression,UACA_3,186,186,0,0.0
expression,UAP1_3,186,186,0,0.0
expression,UBA1_3,186,186,0,0.0
expression,UBA2_3,186,186,0,0.0
expression,UBA3_3,186,186,0,0.0
expression,UBA5_3,186,186,0,0.0
expression,UBA52_3,186,186,0,0.0
expression,UBA6_3,186,186,0,0.0
expression,UBA7_3,186,186,0,0.0
expression,UBAC1_3,186,186,0,0.0
expression,UBAC2_3,186,186,0,0.0
expression,UBALD1_3,186,186,0,0.0
expression,UBALD2_3,186,186,0,0.0
expression,UBAP1_3,186,186,0,0.0
expression,UBAP2_3,186,186,0,0.0
expression,UBAP2L_3,186,186,0,0.0
expression,UBASH3B_3,186,186,0,0.0
expression,UBB_3,186,186,0,0.0
expression,UBC_3,186,186,0,0.0
expression,UBE2A_3,186,186,0,0.0
expression,UBE2B_3,186,186,0,0.0
expression,UBE2C_3,186,186,0,0.0
expression,UBE2D1_3,186,186,0,0.0
expression,UBE2D2_3,186,186,0,0.0
expression,UBE2D3_3,186,186,0,0.0
expression,UBE2E1_3,186,186,0,0.0
expression,UBE2E2_3,186,186,0,0.0
expression,UBE2E3_3,186,186,0,0.0
expression,UBE2F_3,186,186,0,0.0
expression,UBE2G1_3,186,186,0,0.0
expression,UBE2G2_3,186,186,0,0.0
expression,UBE2H_3,186,186,0,0.0
expression,UBE2I_3,186,186,0,0.0
expression,UBE2J1_3,186,186,0,0.0
expression,UBE2J2_3,186,186,0,0.0
expression,UBE2K_3,186,186,0,0.0
expression,UBE2L3_3,186,186,0,0.0
expression,UBE2L6_3,186,186,0,0.0
expression,UBE2M_3,186,186,0,0.0
expression,UBE2N_3,186,186,0,0.0
expression,UBE2O_3,186,186,0,0.0
expression,UBE2Q1_3,186,186,0,0.0
expression,UBE2Q2_3,186,186,0,0.0
expression,UBE2R2_3,186,186,0,0.0
expression,UBE2S_3,186,186,0,0.0
expression,UBE2T_3,186,186,0,0.0
expression,UBE2V1_3,186,186,0,0.0
expression,UBE2V2_3,186,186,0,0.0
expression,UBE2W_3,186,186,0,0.0
expression,UBE2Z_3,186,186,0,0.0
expression,UBE3A_3,186,186,0,0.0
expression,UBE3B_3,186,186,0,0.0
expression,UBE3C_3,186,186,0,0.0
expression,UBE3D_3,186,186,0,0.0
expression,UBE4A_3,186,186,0,0.0
expression,UBE4B_3,186,186,0,0.0
expression,UBFD1_3,186,186,0,0.0
expression,UBIAD1_3,186,186,0,0.0
expression,UBL3_3,186,186,0,0.0
expression,UBL4A_3,186,186,0,0.0
expression,UBL5_3,186,186,0,0.0
expression,UBL7_3,186,186,0,0.0
expression,UBLCP1_3,186,186,0,0.0
expression,UBN1_3,186,186,0,0.0
expression,UBN2_3,186,186,0,0.0
expression,UBOX5_3,186,186,0,0.0
expression,UBP1_3,186,186,0,0.0
expression,UBQLN1_3,186,186,0,0.0
expression,UBQLN2_3,186,186,0,0.0
expression,UBQLN4_3,186,186,0,0.0
expression,UBR1_3,186,186,0,0.0
expression,UBR2_3,186,186,0,0.0
expression,UBR3_3,186,186,0,0.0
expression,UBR4_3,186,186,0,0.0
expression,UBR5_3,186,186,0,0.0
expression,UBR7_3,186,186,0,0.0
expression,UBTD1_3,186,186,0,0.0
expression,UBTD2_3,186,186,0,0.0
expression,UBTF_3,186,186,0,0.0
expression,UBXN1_3,186,186,0,0.0
expression,UBXN11_3,186,186,0,0.0
expression,UBXN2A_3,186,186,0,0.0
expression,UBXN2B_3,186,186,0,0.0
expression,UBXN4_3,186,186,0,0.0
expression,UBXN6_3,186,186,0,0.0
expression,UBXN7_3,186,186,0,0.0
expression,UBXN8_3,186,186,0,0.0
expression,UCHL1_3,186,186,0,0.0
expression,UCHL3_3,186,186,0,0.0
expression,UCHL5_3,186,186,0,0.0
expression,UCK1_3,186,186,0,0.0
expression,UCK2_3,186,186,0,0.0
expression,UCKL1_3,186,186,0,0.0
expression,UCP2_3,186,186,0,0.0
expression,UEVLD_3,186,186,0,0.0
expression,UFC1_3,186,186,0,0.0
expression,UFD1_3,186,186,0,0.0
expression,UFL1_3,186,186,0,0.0
expression,UFM1_3,186,186,0,0.0
expression,UFSP1_3,186,186,0,0.0
expression,UFSP2_3,186,186,0,0.0
expression,UGCG_3,186,186,0,0.0
expression,UGDH_3,186,186,0,0.0
expression,UGGT1_3,186,186,0,0.0
expression,UGGT2_3,186,186,0,0.0
expression,UGP2_3,186,186,0,0.0
expression,UHMK1_3,186,186,0,0.0
expression,UHRF1_3,186,186,0,0.0
expression,UHRF1BP1_3,186,186,0,0.0
expression,UHRF1BP1L_3,186,186,0,0.0
expression,UHRF2_3,186,186,0,0.0
expression,UIMC1_3,186,186,0,0.0
expression,ULK1_3,186,186,0,0.0
expression,ULK2_3,186,186,0,0.0
expression,ULK3_3,186,186,0,0.0
expression,ULK4_3,186,186,0,0.0
expression,UMPS_3,186,186,0,0.0
expression,UNC119_3,186,186,0,0.0
expression,UNC119B_3,186,186,0,0.0
expression,UNC13B_3,186,186,0,0.0
expression,UNC13D_3,186,186,0,0.0
expression,UNC45A_3,186,186,0,0.0
expression,UNC50_3,186,186,0,0.0
expression,UNC5A_3,186,186,0,0.0
expression,UNC5B_3,186,186,0,0.0
expression,UNC93B1_3,186,186,0,0.0
expression,UNG_3,186,186,0,0.0
expression,UNK_3,186,186,0,0.0
expression,UNKL_3,186,186,0,0.0
expression,UPB1_3,186,186,0,0.0
expression,UPF1_3,186,186,0,0.0
expression,UPF2_3,186,186,0,0.0
expression,UPF3A_3,186,186,0,0.0
expression,UPF3B_3,186,186,0,0.0
expression,UPP1_3,186,186,0,0.0
expression,UPRT_3,186,186,0,0.0
expression,UQCC1_3,186,186,0,0.0
expression,UQCC2_3,186,186,0,0.0
expression,UQCC3_3,186,186,0,0.0
expression,UQCR10_3,186,186,0,0.0
expression,UQCR11_3,186,186,0,0.0
expression,UQCRC1_3,186,186,0,0.0
expression,UQCRC2_3,186,186,0,0.0
expression,UQCRFS1_3,186,186,0,0.0
expression,UQCRH_3,186,186,0,0.0
expression,UQCRQ_3,186,186,0,0.0
expression,URB1_3,186,186,0,0.0
expression,URB2_3,186,186,0,0.0
expression,URI1_3,186,186,0,0.0
expression,URM1_3,186,186,0,0.0
expression,UROD_3,186,186,0,0.0
expression,UROS_3,186,186,0,0.0
expression,USB1_3,186,186,0,0.0
expression,USE1_3,186,186,0,0.0
expression,USF1_3,186,186,0,0.0
expression,USF2_3,186,186,0,0.0
expression,USF3_3,186,186,0,0.0
expression,USHBP1_3,186,186,0,0.0
expression,USO1_3,186,186,0,0.0
expression,USP1_3,186,186,0,0.0
expression,USP10_3,186,186,0,0.0
expression,USP11_3,186,186,0,0.0
expression,USP12_3,186,186,0,0.0
expression,USP13_3,186,186,0,0.0
expression,USP14_3,186,186,0,0.0
expression,USP15_3,186,186,0,0.0
expression,USP16_3,186,186,0,0.0
expression,USP18_3,186,186,0,0.0
expression,USP19_3,186,186,0,0.0
expression,USP2_3,186,186,0,0.0
expression,USP20_3,186,186,0,0.0
expression,USP21_3,186,186,0,0.0
expression,USP22_3,186,186,0,0.0
expression,USP24_3,186,186,0,0.0
expression,USP25_3,186,186,0,0.0
expression,USP27X_3,186,186,0,0.0
expression,USP28_3,186,186,0,0.0
expression,USP3_3,186,186,0,0.0
expression,USP30_3,186,186,0,0.0
expression,USP31_3,186,186,0,0.0
expression,USP32_3,186,186,0,0.0
expression,USP33_3,186,186,0,0.0
expression,USP34_3,186,186,0,0.0
expression,USP35_3,186,186,0,0.0
expression,USP36_3,186,186,0,0.0
expression,USP37_3,186,186,0,0.0
expression,USP38_3,186,186,0,0.0
expression,USP39_3,186,186,0,0.0
expression,USP4_3,186,186,0,0.0
expression,USP40_3,186,186,0,0.0
expression,USP42_3,186,186,0,0.0
expression,USP45_3,186,186,0,0.0
expression,USP46_3,186,186,0,0.0
expression,USP47_3,186,186,0,0.0
expression,USP48_3,186,186,0,0.0
expression,USP49_3,186,186,0,0.0
expression,USP5_3,186,186,0,0.0
expression,USP53_3,186,186,0,0.0
expression,USP54_3,186,186,0,0.0
expression,USP6NL_3,186,186,0,0.0
expression,USP7_3,186,186,0,0.0
expression,USP8_3,186,186,0,0.0
expression,USP9X_3,186,186,0,0.0
expression,USPL1_3,186,186,0,0.0
expression,UST_3,186,186,0,0.0
expression,UTP11_3,186,186,0,0.0
expression,UTP14A_3,186,186,0,0.0
expression,UTP15_3,186,186,0,0.0
expression,UTP18_3,186,186,0,0.0
expression,UTP20_3,186,186,0,0.0
expression,UTP23_3,186,186,0,0.0
expression,UTP25_3,186,186,0,0.0
expression,UTP3_3,186,186,0,0.0
expression,UTP4_3,186,186,0,0.0
expression,UTP6_3,186,186,0,0.0
expression,UTRN_3,186,186,0,0.0
expression,UVRAG_3,186,186,0,0.0
expression,UVSSA_3,186,186,0,0.0
expression,UXS1_3,186,186,0,0.0
expression,UXT_3,186,186,0,0.0
expression,VAC14_3,186,186,0,0.0
expression,VAMP2_3,186,186,0,0.0
expression,VAMP3_3,186,186,0,0.0
expression,VAMP4_3,186,186,0,0.0
expression,VAMP5_3,186,186,0,0.0
expression,VAMP7_3,186,186,0,0.0
expression,VAMP8_3,186,186,0,0.0
expression,VANGL1_3,186,186,0,0.0
expression,VANGL2_3,186,186,0,0.0
expression,VAPA_3,186,186,0,0.0
expression,VAPB_3,186,186,0,0.0
expression,VARS1_3,186,186,0,0.0
expression,VARS2_3,186,186,0,0.0
expression,VASH1_3,186,186,0,0.0
expression,VASH2_3,186,186,0,0.0
expression,VASN_3,186,186,0,0.0
expression,VASP_3,186,186,0,0.0
expression,VAT1_3,186,186,0,0.0
expression,VAT1L_3,186,186,0,0.0
expression,VAV1_3,186,186,0,0.0
expression,VAV2_3,186,186,0,0.0
expression,VAV3_3,186,186,0,0.0
expression,VBP1_3,186,186,0,0.0
expression,VCAM1_3,186,186,0,0.0
expression,VCAN_3,186,186,0,0.0
expression,VCL_3,186,186,0,0.0
expression,VCP_3,186,186,0,0.0
expression,VCPIP1_3,186,186,0,0.0
expression,VCPKMT_3,186,186,0,0.0
expression,VDAC1_3,186,186,0,0.0
expression,VDAC2_3,186,186,0,0.0
expression,VDAC3_3,186,186,0,0.0
expression,VDR_3,186,186,0,0.0
expression,VEGFA_3,186,186,0,0.0
expression,VEGFB_3,186,186,0,0.0
expression,VEGFC_3,186,186,0,0.0
expression,VEZF1_3,186,186,0,0.0
expression,VEZT_3,186,186,0,0.0
expression,VGLL4_3,186,186,0,0.0
expression,VHL_3,186,186,0,0.0
expression,VIM_3,186,186,0,0.0
expression,VIPAS39_3,186,186,0,0.0
expression,VIRMA_3,186,186,0,0.0
expression,VIT_3,186,186,0,0.0
expression,VKORC1_3,186,186,0,0.0
expression,VKORC1L1_3,186,186,0,0.0
expression,VLDLR_3,186,186,0,0.0
expression,VMA21_3,186,186,0,0.0
expression,VMAC_3,186,186,0,0.0
expression,VMO1_3,186,186,0,0.0
expression,VOPP1_3,186,186,0,0.0
expression,VPS11_3,186,186,0,0.0
expression,VPS13A_3,186,186,0,0.0
expression,VPS13B_3,186,186,0,0.0
expression,VPS13C_3,186,186,0,0.0
expression,VPS13D_3,186,186,0,0.0
expression,VPS16_3,186,186,0,0.0
expression,VPS18_3,186,186,0,0.0
expression,VPS25_3,186,186,0,0.0
expression,VPS26A_3,186,186,0,0.0
expression,VPS26B_3,186,186,0,0.0
expression,VPS26C_3,186,186,0,0.0
expression,VPS28_3,186,186,0,0.0
expression,VPS29_3,186,186,0,0.0
expression,VPS33A_3,186,186,0,0.0
expression,VPS33B_3,186,186,0,0.0
expression,VPS35_3,186,186,0,0.0
expression,VPS35L_3,186,186,0,0.0
expression,VPS36_3,186,186,0,0.0
expression,VPS37A_3,186,186,0,0.0
expression,VPS37B_3,186,186,0,0.0
expression,VPS37C_3,186,186,0,0.0
expression,VPS37D_3,186,186,0,0.0
expression,VPS39_3,186,186,0,0.0
expression,VPS41_3,186,186,0,0.0
expression,VPS45_3,186,186,0,0.0
expression,VPS4A_3,186,186,0,0.0
expression,VPS4B_3,186,186,0,0.0
expression,VPS50_3,186,186,0,0.0
expression,VPS51_3,186,186,0,0.0
expression,VPS52_3,186,186,0,0.0
expression,VPS53_3,186,186,0,0.0
expression,VPS54_3,186,186,0,0.0
expression,VPS72_3,186,186,0,0.0
expression,VPS8_3,186,186,0,0.0
expression,VPS9D1_3,186,186,0,0.0
expression,VRK1_3,186,186,0,0.0
expression,VRK2_3,186,186,0,0.0
expression,VRK3_3,186,186,0,0.0
expression,VSIG10_3,186,186,0,0.0
expression,VSIG10L_3,186,186,0,0.0
expression,VSIG4_3,186,186,0,0.0
expression,VSIR_3,186,186,0,0.0
expression,VSTM4_3,186,186,0,0.0
expression,VTA1_3,186,186,0,0.0
expression,VTI1A_3,186,186,0,0.0
expression,VTI1B_3,186,186,0,0.0
expression,VWA1_3,186,186,0,0.0
expression,VWA5A_3,186,186,0,0.0
expression,VWA7_3,186,186,0,0.0
expression,VWA8_3,186,186,0,0.0
expression,VWCE_3,186,186,0,0.0
expression,VWF_3,186,186,0,0.0
expression,WAPL_3,186,186,0,0.0
expression,WARS1_3,186,186,0,0.0
expression,WARS2_3,186,186,0,0.0
expression,WAS_3,186,186,0,0.0
expression,WASF1_3,186,186,0,0.0
expression,WASF2_3,186,186,0,0.0
expression,WASF3_3,186,186,0,0.0
expression,WASHC1_3,186,186,0,0.0
expression,WASHC2C_2,186,186,0,0.0
expression,WASHC3_3,186,186,0,0.0
expression,WASHC4_3,186,186,0,0.0
expression,WASHC5_3,186,186,0,0.0
expression,WASL_3,186,186,0,0.0
expression,WBP1_3,186,186,0,0.0
expression,WBP11_3,186,186,0,0.0
expression,WBP1L_3,186,186,0,0.0
expression,WBP2_3,186,186,0,0.0
expression,WBP4_3,186,186,0,0.0
expression,WDCP_2,186,186,0,0.0
expression,WDFY1_4,186,186,0,0.0
expression,WDFY2_3,186,186,0,0.0
expression,WDFY3_3,186,186,0,0.0
expression,WDFY4_3,186,186,0,0.0
expression,WDHD1_3,186,186,0,0.0
expression,WDPCP_3,186,186,0,0.0
expression,WDR1_3,186,186,0,0.0
expression,WDR11_3,186,186,0,0.0
expression,WDR12_3,186,186,0,0.0
expression,WDR13_3,186,186,0,0.0
expression,WDR18_3,186,186,0,0.0
expression,WDR19_3,186,186,0,0.0
expression,WDR20_3,186,186,0,0.0
expression,WDR24_3,186,186,0,0.0
expression,WDR25_3,186,186,0,0.0
expression,WDR26_3,186,186,0,0.0
expression,WDR27_3,186,186,0,0.0
expression,WDR3_3,186,186,0,0.0
expression,WDR33_3,186,186,0,0.0
expression,WDR35_3,186,186,0,0.0
expression,WDR36_3,186,186,0,0.0
expression,WDR37_3,186,186,0,0.0
expression,WDR4_3,186,186,0,0.0
expression,WDR41_3,186,186,0,0.0
expression,WDR43_3,186,186,0,0.0
expression,WDR44_3,186,186,0,0.0
expression,WDR45_3,186,186,0,0.0
expression,WDR45B_3,186,186,0,0.0
expression,WDR46_3,186,186,0,0.0
expression,WDR47_3,186,186,0,0.0
expression,WDR48_3,186,186,0,0.0
expression,WDR5_3,186,186,0,0.0
expression,WDR53_3,186,186,0,0.0
expression,WDR54_3,186,186,0,0.0
expression,WDR55_3,186,186,0,0.0
expression,WDR59_3,186,186,0,0.0
expression,WDR5B_3,186,186,0,0.0
expression,WDR6_3,186,186,0,0.0
expression,WDR61_3,186,186,0,0.0
expression,WDR62_3,186,186,0,0.0
expression,WDR7_3,186,186,0,0.0
expression,WDR70_3,186,186,0,0.0
expression,WDR73_3,186,186,0,0.0
expression,WDR74_3,186,186,0,0.0
expression,WDR75_3,186,186,0,0.0
expression,WDR76_3,186,186,0,0.0
expression,WDR77_3,186,186,0,0.0
expression,WDR81_3,186,186,0,0.0
expression,WDR82_3,186,186,0,0.0
expression,WDR83_3,186,186,0,0.0
expression,WDR83OS_3,186,186,0,0.0
expression,WDR86_3,186,186,0,0.0
expression,WDR89_3,186,186,0,0.0
expression,WDR90_3,186,186,0,0.0
expression,WDR91_3,186,186,0,0.0
expression,WDR92_3,186,186,0,0.0
expression,WDR97_3,186,186,0,0.0
expression,WDSUB1_3,186,186,0,0.0
expression,WDTC1_3,186,186,0,0.0
expression,WEE1_3,186,186,0,0.0
expression,WFDC1_3,186,186,0,0.0
expression,WFDC3_3,186,186,0,0.0
expression,WFS1_3,186,186,0,0.0
expression,WHAMM_3,186,186,0,0.0
expression,WHRN_3,186,186,0,0.0
expression,WIF1_3,186,186,0,0.0
expression,WIPF1_3,186,186,0,0.0
expression,WIPF2_3,186,186,0,0.0
expression,WIPI1_3,186,186,0,0.0
expression,WIPI2_3,186,186,0,0.0
expression,WIZ_3,186,186,0,0.0
expression,WLS_3,186,186,0,0.0
expression,WNK1_3,186,186,0,0.0
expression,WNK2_3,186,186,0,0.0
expression,WNK4_3,186,186,0,0.0
expression,WNT2B_3,186,186,0,0.0
expression,WNT3_3,186,186,0,0.0
expression,WNT5A_3,186,186,0,0.0
expression,WNT5B_3,186,186,0,0.0
expression,WNT9A_3,186,186,0,0.0
expression,WRAP53_3,186,186,0,0.0
expression,WRAP73_3,186,186,0,0.0
expression,WRN_3,186,186,0,0.0
expression,WRNIP1_3,186,186,0,0.0
expression,WSB1_3,186,186,0,0.0
expression,WSB2_3,186,186,0,0.0
expression,WSCD1_3,186,186,0,0.0
expression,WTAP_3,186,186,0,0.0
expression,WTIP_3,186,186,0,0.0
expression,WWC2_3,186,186,0,0.0
expression,WWC3_3,186,186,0,0.0
expression,WWOX_3,186,186,0,0.0
expression,WWP1_3,186,186,0,0.0
expression,WWP2_3,186,186,0,0.0
expression,WWTR1_3,186,186,0,0.0
expression,XAB2_3,186,186,0,0.0
expression,XBP1_3,186,186,0,0.0
expression,XDH_3,186,186,0,0.0
expression,XG_3,186,186,0,0.0
expression,XIAP_3,186,186,0,0.0
expression,XKR8_3,186,186,0,0.0
expression,XNDC1_3,186,186,0,0.0
expression,XPA_3,186,186,0,0.0
expression,XPC_3,186,186,0,0.0
expression,XPNPEP1_3,186,186,0,0.0
expression,XPNPEP3_3,186,186,0,0.0
expression,XPO1_3,186,186,0,0.0
expression,XPO4_3,186,186,0,0.0
expression,XPO5_3,186,186,0,0.0
expression,XPO6_3,186,186,0,0.0
expression,XPO7_3,186,186,0,0.0
expression,XPOT_3,186,186,0,0.0
expression,XPR1_3,186,186,0,0.0
expression,XRCC1_3,186,186,0,0.0
expression,XRCC2_3,186,186,0,0.0
expression,XRCC3_3,186,186,0,0.0
expression,XRCC4_3,186,186,0,0.0
expression,XRCC5_3,186,186,0,0.0
expression,XRCC6_3,186,186,0,0.0
expression,XRN1_3,186,186,0,0.0
expression,XRN2_3,186,186,0,0.0
expression,XRRA1_3,186,186,0,0.0
expression,XXYLT1_3,186,186,0,0.0
expression,XYLB_3,186,186,0,0.0
expression,XYLT1_3,186,186,0,0.0
expression,XYLT2_3,186,186,0,0.0
expression,YAE1_3,186,186,0,0.0
expression,YAF2_3,186,186,0,0.0
expression,YAP1_3,186,186,0,0.0
expression,YARS1_3,186,186,0,0.0
expression,YARS2_3,186,186,0,0.0
expression,YBEY_3,186,186,0,0.0
expression,YBX1_3,186,186,0,0.0
expression,YBX3_3,186,186,0,0.0
expression,YEATS2_3,186,186,0,0.0
expression,YEATS4_3,186,186,0,0.0
expression,YES1_3,186,186,0,0.0
expression,YIF1A_3,186,186,0,0.0
expression,YIF1B_3,186,186,0,0.0
expression,YIPF1_3,186,186,0,0.0
expression,YIPF2_3,186,186,0,0.0
expression,YIPF3_3,186,186,0,0.0
expression,YIPF4_3,186,186,0,0.0
expression,YIPF5_3,186,186,0,0.0
expression,YIPF6_3,186,186,0,0.0
expression,YJU2_3,186,186,0,0.0
expression,YKT6_3,186,186,0,0.0
expression,YLPM1_3,186,186,0,0.0
expression,YME1L1_3,186,186,0,0.0
expression,YOD1_3,186,186,0,0.0
expression,YPEL1_3,186,186,0,0.0
expression,YPEL2_3,186,186,0,0.0
expression,YPEL3_3,186,186,0,0.0
expression,YPEL5_3,186,186,0,0.0
expression,YRDC_3,186,186,0,0.0
expression,YTHDC1_3,186,186,0,0.0
expression,YTHDC2_3,186,186,0,0.0
expression,YTHDF1_3,186,186,0,0.0
expression,YTHDF2_3,186,186,0,0.0
expression,YTHDF3_3,186,186,0,0.0
expression,YWHAB_3,186,186,0,0.0
expression,YWHAE_3,186,186,0,0.0
expression,YWHAG_3,186,186,0,0.0
expression,YWHAH_3,186,186,0,0.0
expression,YWHAQ_3,186,186,0,0.0
expression,YWHAZ_3,186,186,0,0.0
expression,YY1_3,186,186,0,0.0
expression,ZADH2_3,186,186,0,0.0
expression,ZBED1_3,186,186,0,0.0
expression,ZBED2_3,186,186,0,0.0
expression,ZBED4_3,186,186,0,0.0
expression,ZBED5_3,186,186,0,0.0
expression,ZBED6_3,186,186,0,0.0
expression,ZBED6CL_3,186,186,0,0.0
expression,ZBED8_3,186,186,0,0.0
expression,ZBED9_3,186,186,0,0.0
expression,ZBTB1_3,186,186,0,0.0
expression,ZBTB10_3,186,186,0,0.0
expression,ZBTB11_3,186,186,0,0.0
expression,ZBTB12_3,186,186,0,0.0
expression,ZBTB14_3,186,186,0,0.0
expression,ZBTB16_3,186,186,0,0.0
expression,ZBTB17_3,186,186,0,0.0
expression,ZBTB18_3,186,186,0,0.0
expression,ZBTB2_3,186,186,0,0.0
expression,ZBTB20_3,186,186,0,0.0
expression,ZBTB21_3,186,186,0,0.0
expression,ZBTB22_3,186,186,0,0.0
expression,ZBTB24_3,186,186,0,0.0
expression,ZBTB25_3,186,186,0,0.0
expression,ZBTB26_3,186,186,0,0.0
expression,ZBTB3_3,186,186,0,0.0
expression,ZBTB33_3,186,186,0,0.0
expression,ZBTB34_3,186,186,0,0.0
expression,ZBTB37_3,186,186,0,0.0
expression,ZBTB38_3,186,186,0,0.0
expression,ZBTB39_3,186,186,0,0.0
expression,ZBTB4_3,186,186,0,0.0
expression,ZBTB40_3,186,186,0,0.0
expression,ZBTB41_3,186,186,0,0.0
expression,ZBTB42_3,186,186,0,0.0
expression,ZBTB43_3,186,186,0,0.0
expression,ZBTB44_3,186,186,0,0.0
expression,ZBTB45_3,186,186,0,0.0
expression,ZBTB46_3,186,186,0,0.0
expression,ZBTB47_3,186,186,0,0.0
expression,ZBTB48_3,186,186,0,0.0
expression,ZBTB49_3,186,186,0,0.0
expression,ZBTB5_3,186,186,0,0.0
expression,ZBTB6_3,186,186,0,0.0
expression,ZBTB7A_3,186,186,0,0.0
expression,ZBTB7B_3,186,186,0,0.0
expression,ZBTB8A_3,186,186,0,0.0
expression,ZBTB8OS_3,186,186,0,0.0
expression,ZBTB9_3,186,186,0,0.0
expression,ZC2HC1A_3,186,186,0,0.0
expression,ZC2HC1B_3,186,186,0,0.0
expression,ZC3H10_3,186,186,0,0.0
expression,ZC3H11A_3,186,186,0,0.0
expression,ZC3H12A_3,186,186,0,0.0
expression,ZC3H12C_3,186,186,0,0.0
expression,ZC3H13_3,186,186,0,0.0
expression,ZC3H14_3,186,186,0,0.0
expression,ZC3H15_3,186,186,0,0.0
expression,ZC3H18_3,186,186,0,0.0
expression,ZC3H3_3,186,186,0,0.0
expression,ZC3H4_3,186,186,0,0.0
expression,ZC3H6_3,186,186,0,0.0
expression,ZC3H7A_3,186,186,0,0.0
expression,ZC3H7B_3,186,186,0,0.0
expression,ZC3H8_3,186,186,0,0.0
expression,ZC3HAV1_3,186,186,0,0.0
expression,ZC3HAV1L_3,186,186,0,0.0
expression,ZC3HC1_3,186,186,0,0.0
expression,ZC4H2_3,186,186,0,0.0
expression,ZCCHC10_3,186,186,0,0.0
expression,ZCCHC12_3,186,186,0,0.0
expression,ZCCHC14_3,186,186,0,0.0
expression,ZCCHC17_3,186,186,0,0.0
expression,ZCCHC2_3,186,186,0,0.0
expression,ZCCHC24_3,186,186,0,0.0
expression,ZCCHC3_3,186,186,0,0.0
expression,ZCCHC4_3,186,186,0,0.0
expression,ZCCHC7_3,186,186,0,0.0
expression,ZCCHC8_3,186,186,0,0.0
expression,ZCCHC9_3,186,186,0,0.0
expression,ZCRB1_3,186,186,0,0.0
expression,ZCWPW2_3,186,186,0,0.0
expression,ZDHHC1_3,186,186,0,0.0
expression,ZDHHC12_3,186,186,0,0.0
expression,ZDHHC13_3,186,186,0,0.0
expression,ZDHHC14_3,186,186,0,0.0
expression,ZDHHC15_3,186,186,0,0.0
expression,ZDHHC16_3,186,186,0,0.0
expression,ZDHHC17_3,186,186,0,0.0
expression,ZDHHC18_3,186,186,0,0.0
expression,ZDHHC2_3,186,186,0,0.0
expression,ZDHHC20_3,186,186,0,0.0
expression,ZDHHC21_3,186,186,0,0.0
expression,ZDHHC22_3,186,186,0,0.0
expression,ZDHHC23_3,186,186,0,0.0
expression,ZDHHC24_3,186,186,0,0.0
expression,ZDHHC3_3,186,186,0,0.0
expression,ZDHHC4_3,186,186,0,0.0
expression,ZDHHC5_3,186,186,0,0.0
expression,ZDHHC6_3,186,186,0,0.0
expression,ZDHHC7_3,186,186,0,0.0
expression,ZDHHC8_3,186,186,0,0.0
expression,ZDHHC9_3,186,186,0,0.0
expression,ZEB1_3,186,186,0,0.0
expression,ZEB2_3,186,186,0,0.0
expression,ZER1_3,186,186,0,0.0
expression,ZFAND1_3,186,186,0,0.0
expression,ZFAND2A_3,186,186,0,0.0
expression,ZFAND2B_3,186,186,0,0.0
expression,ZFAND3_3,186,186,0,0.0
expression,ZFAND4_2,186,186,0,0.0
expression,ZFAND5_3,186,186,0,0.0
expression,ZFAND6_3,186,186,0,0.0
expression,ZFAT_3,186,186,0,0.0
expression,ZFC3H1_3,186,186,0,0.0
expression,ZFHX2_3,186,186,0,0.0
expression,ZFHX3_3,186,186,0,0.0
expression,ZFHX4_3,186,186,0,0.0
expression,ZFP1_3,186,186,0,0.0
expression,ZFP14_3,186,186,0,0.0
expression,ZFP28_4,186,186,0,0.0
expression,ZFP3_3,186,186,0,0.0
expression,ZFP30_3,186,186,0,0.0
expression,ZFP36_3,186,186,0,0.0
expression,ZFP36L1_3,186,186,0,0.0
expression,ZFP36L2_3,186,186,0,0.0
expression,ZFP37_3,186,186,0,0.0
expression,ZFP41_3,186,186,0,0.0
expression,ZFP62_3,186,186,0,0.0
expression,ZFP64_3,186,186,0,0.0
expression,ZFP69_3,186,186,0,0.0
expression,ZFP82_3,186,186,0,0.0
expression,ZFP90_3,186,186,0,0.0
expression,ZFP91_3,186,186,0,0.0
expression,ZFPL1_3,186,186,0,0.0
expression,ZFPM1_3,186,186,0,0.0
expression,ZFR_3,186,186,0,0.0
expression,ZFX_3,186,186,0,0.0
expression,ZFYVE1_3,186,186,0,0.0
expression,ZFYVE16_3,186,186,0,0.0
expression,ZFYVE19_3,186,186,0,0.0
expression,ZFYVE21_3,186,186,0,0.0
expression,ZFYVE26_3,186,186,0,0.0
expression,ZFYVE27_3,186,186,0,0.0
expression,ZFYVE28_3,186,186,0,0.0
expression,ZFYVE9_3,186,186,0,0.0
expression,ZGPAT_3,186,186,0,0.0
expression,ZGRF1_3,186,186,0,0.0
expression,ZHX1_3,186,186,0,0.0
expression,ZHX2_3,186,186,0,0.0
expression,ZHX3_3,186,186,0,0.0
expression,ZKSCAN1_3,186,186,0,0.0
expression,ZKSCAN2_3,186,186,0,0.0
expression,ZKSCAN4_3,186,186,0,0.0
expression,ZKSCAN5_3,186,186,0,0.0
expression,ZKSCAN7_3,186,186,0,0.0
expression,ZKSCAN8_3,186,186,0,0.0
expression,ZMAT2_3,186,186,0,0.0
expression,ZMAT3_3,186,186,0,0.0
expression,ZMAT5_3,186,186,0,0.0
expression,ZMIZ1_3,186,186,0,0.0
expression,ZMIZ2_3,186,186,0,0.0
expression,ZMPSTE24_3,186,186,0,0.0
expression,ZMYM1_3,186,186,0,0.0
expression,ZMYM2_3,186,186,0,0.0
expression,ZMYM3_3,186,186,0,0.0
expression,ZMYM4_3,186,186,0,0.0
expression,ZMYM5_3,186,186,0,0.0
expression,ZMYM6_3,186,186,0,0.0
expression,ZMYND10_3,186,186,0,0.0
expression,ZMYND11_3,186,186,0,0.0
expression,ZMYND19_3,186,186,0,0.0
expression,ZMYND8_3,186,186,0,0.0
expression,ZNF10_3,186,186,0,0.0
expression,ZNF106_3,186,186,0,0.0
expression,ZNF112_3,186,186,0,0.0
expression,ZNF12_3,186,186,0,0.0
expression,ZNF131_3,186,186,0,0.0
expression,ZNF133_3,186,186,0,0.0
expression,ZNF135_3,186,186,0,0.0
expression,ZNF140_3,186,186,0,0.0
expression,ZNF142_3,186,186,0,0.0
expression,ZNF143_3,186,186,0,0.0
expression,ZNF146_3,186,186,0,0.0
expression,ZNF148_3,186,186,0,0.0
expression,ZNF16_3,186,186,0,0.0
expression,ZNF169_3,186,186,0,0.0
expression,ZNF174_3,186,186,0,0.0
expression,ZNF175_3,186,186,0,0.0
expression,ZNF18_3,186,186,0,0.0
expression,ZNF180_3,186,186,0,0.0
expression,ZNF182_3,186,186,0,0.0
expression,ZNF184_3,186,186,0,0.0
expression,ZNF185_3,186,186,0,0.0
expression,ZNF189_3,186,186,0,0.0
expression,ZNF19_3,186,186,0,0.0
expression,ZNF197_3,186,186,0,0.0
expression,ZNF202_3,186,186,0,0.0
expression,ZNF205_3,186,186,0,0.0
expression,ZNF212_3,186,186,0,0.0
expression,ZNF213_3,186,186,0,0.0
expression,ZNF214_3,186,186,0,0.0
expression,ZNF215_3,186,186,0,0.0
expression,ZNF217_3,186,186,0,0.0
expression,ZNF22_3,186,186,0,0.0
expression,ZNF227_3,186,186,0,0.0
expression,ZNF229_3,186,186,0,0.0
expression,ZNF23_3,186,186,0,0.0
expression,ZNF235_3,186,186,0,0.0
expression,ZNF236_3,186,186,0,0.0
expression,ZNF239_3,186,186,0,0.0
expression,ZNF24_3,186,186,0,0.0
expression,ZNF248_3,186,186,0,0.0
expression,ZNF250_3,186,186,0,0.0
expression,ZNF252_3,186,186,0,0.0
expression,ZNF263_3,186,186,0,0.0
expression,ZNF268_3,186,186,0,0.0
expression,ZNF274_3,186,186,0,0.0
expression,ZNF275_3,186,186,0,0.0
expression,ZNF276_3,186,186,0,0.0
expression,ZNF277_3,186,186,0,0.0
expression,ZNF280C_3,186,186,0,0.0
expression,ZNF280D_3,186,186,0,0.0
expression,ZNF281_3,186,186,0,0.0
expression,ZNF282_3,186,186,0,0.0
expression,ZNF283_3,186,186,0,0.0
expression,ZNF286A_3,186,186,0,0.0
expression,ZNF287_3,186,186,0,0.0
expression,ZNF292_3,186,186,0,0.0
expression,ZNF296_3,186,186,0,0.0
expression,ZNF300_3,186,186,0,0.0
expression,ZNF304_3,186,186,0,0.0
expression,ZNF311_3,186,186,0,0.0
expression,ZNF316_3,186,186,0,0.0
expression,ZNF317_3,186,186,0,0.0
expression,ZNF319_3,186,186,0,0.0
expression,ZNF32_3,186,186,0,0.0
expression,ZNF322_3,186,186,0,0.0
expression,ZNF326_3,186,186,0,0.0
expression,ZNF329_3,186,186,0,0.0
expression,ZNF330_3,186,186,0,0.0
expression,ZNF331_3,186,186,0,0.0
expression,ZNF333_3,186,186,0,0.0
expression,ZNF335_3,186,186,0,0.0
expression,ZNF34_3,186,186,0,0.0
expression,ZNF341_4,186,186,0,0.0
expression,ZNF346_3,186,186,0,0.0
expression,ZNF35_3,186,186,0,0.0
expression,ZNF354A_3,186,186,0,0.0
expression,ZNF358_3,186,186,0,0.0
expression,ZNF362_3,186,186,0,0.0
expression,ZNF365_3,186,186,0,0.0
expression,ZNF366_3,186,186,0,0.0
expression,ZNF367_3,186,186,0,0.0
expression,ZNF382_3,186,186,0,0.0
expression,ZNF383_3,186,186,0,0.0
expression,ZNF384_3,186,186,0,0.0
expression,ZNF385A_3,186,186,0,0.0
expression,ZNF394_3,186,186,0,0.0
expression,ZNF395_3,186,186,0,0.0
expression,ZNF397_3,186,186,0,0.0
expression,ZNF398_3,186,186,0,0.0
expression,ZNF407_3,186,186,0,0.0
expression,ZNF408_3,186,186,0,0.0
expression,ZNF41_3,186,186,0,0.0
expression,ZNF410_3,186,186,0,0.0
expression,ZNF414_3,186,186,0,0.0
expression,ZNF423_3,186,186,0,0.0
expression,ZNF425_3,186,186,0,0.0
expression,ZNF428_3,186,186,0,0.0
expression,ZNF432_3,186,186,0,0.0
expression,ZNF436_3,186,186,0,0.0
expression,ZNF438_3,186,186,0,0.0
expression,ZNF444_3,186,186,0,0.0
expression,ZNF445_3,186,186,0,0.0
expression,ZNF449_3,186,186,0,0.0
expression,ZNF45_3,186,186,0,0.0
expression,ZNF451_3,186,186,0,0.0
expression,ZNF454_3,186,186,0,0.0
expression,ZNF462_3,186,186,0,0.0
expression,ZNF467_3,186,186,0,0.0
expression,ZNF469_3,186,186,0,0.0
expression,ZNF473_3,186,186,0,0.0
expression,ZNF48_3,186,186,0,0.0
expression,ZNF483_3,186,186,0,0.0
expression,ZNF484_3,186,186,0,0.0
expression,ZNF485_3,186,186,0,0.0
expression,ZNF496_3,186,186,0,0.0
expression,ZNF500_3,186,186,0,0.0
expression,ZNF501_3,186,186,0,0.0
expression,ZNF502_3,186,186,0,0.0
expression,ZNF503_3,186,186,0,0.0
expression,ZNF507_3,186,186,0,0.0
expression,ZNF510_3,186,186,0,0.0
expression,ZNF511_3,186,186,0,0.0
expression,ZNF512B_3,186,186,0,0.0
expression,ZNF513_3,186,186,0,0.0
expression,ZNF516_3,186,186,0,0.0
expression,ZNF517_3,186,186,0,0.0
expression,ZNF518A_3,186,186,0,0.0
expression,ZNF518B_3,186,186,0,0.0
expression,ZNF521_3,186,186,0,0.0
expression,ZNF524_3,186,186,0,0.0
expression,ZNF526_3,186,186,0,0.0
expression,ZNF527_3,186,186,0,0.0
expression,ZNF529_3,186,186,0,0.0
expression,ZNF532_3,186,186,0,0.0
expression,ZNF550_3,186,186,0,0.0
expression,ZNF565_3,186,186,0,0.0
expression,ZNF566_3,186,186,0,0.0
expression,ZNF567_3,186,186,0,0.0
expression,ZNF570_3,186,186,0,0.0
expression,ZNF574_3,186,186,0,0.0
expression,ZNF575_3,186,186,0,0.0
expression,ZNF576_3,186,186,0,0.0
expression,ZNF579_3,186,186,0,0.0
expression,ZNF580_3,186,186,0,0.0
expression,ZNF581_3,186,186,0,0.0
expression,ZNF582_3,186,186,0,0.0
expression,ZNF583_3,186,186,0,0.0
expression,ZNF584_3,186,186,0,0.0
expression,ZNF592_3,186,186,0,0.0
expression,ZNF593_3,186,186,0,0.0
expression,ZNF596_3,186,186,0,0.0
expression,ZNF597_3,186,186,0,0.0
expression,ZNF598_3,186,186,0,0.0
expression,ZNF599_3,186,186,0,0.0
expression,ZNF605_3,186,186,0,0.0
expression,ZNF606_3,186,186,0,0.0
expression,ZNF608_3,186,186,0,0.0
expression,ZNF609_3,186,186,0,0.0
expression,ZNF613_3,186,186,0,0.0
expression,ZNF618_3,186,186,0,0.0
expression,ZNF619_3,186,186,0,0.0
expression,ZNF620_3,186,186,0,0.0
expression,ZNF621_3,186,186,0,0.0
expression,ZNF622_3,186,186,0,0.0
expression,ZNF623_3,186,186,0,0.0
expression,ZNF624_3,186,186,0,0.0
expression,ZNF628_3,186,186,0,0.0
expression,ZNF629_3,186,186,0,0.0
expression,ZNF638_3,186,186,0,0.0
expression,ZNF639_3,186,186,0,0.0
expression,ZNF641_3,186,186,0,0.0
expression,ZNF644_3,186,186,0,0.0
expression,ZNF646_3,186,186,0,0.0
expression,ZNF652_3,186,186,0,0.0
expression,ZNF653_3,186,186,0,0.0
expression,ZNF654_3,186,186,0,0.0
expression,ZNF655_3,186,186,0,0.0
expression,ZNF660_3,186,186,0,0.0
expression,ZNF664_3,186,186,0,0.0
expression,ZNF667_3,186,186,0,0.0
expression,ZNF668_3,186,186,0,0.0
expression,ZNF672_2,186,186,0,0.0
expression,ZNF674_3,186,186,0,0.0
expression,ZNF687_3,186,186,0,0.0
expression,ZNF689_3,186,186,0,0.0
expression,ZNF691_3,186,186,0,0.0
expression,ZNF692_3,186,186,0,0.0
expression,ZNF697_3,186,186,0,0.0
expression,ZNF699_3,186,186,0,0.0
expression,ZNF7_3,186,186,0,0.0
expression,ZNF70_3,186,186,0,0.0
expression,ZNF703_3,186,186,0,0.0
expression,ZNF704_3,186,186,0,0.0
expression,ZNF706_3,186,186,0,0.0
expression,ZNF710_3,186,186,0,0.0
expression,ZNF711_3,186,186,0,0.0
expression,ZNF713_3,186,186,0,0.0
expression,ZNF74_3,186,186,0,0.0
expression,ZNF740_3,186,186,0,0.0
expression,ZNF746_3,186,186,0,0.0
expression,ZNF75D_3,186,186,0,0.0
expression,ZNF76_3,186,186,0,0.0
expression,ZNF768_3,186,186,0,0.0
expression,ZNF770_3,186,186,0,0.0
expression,ZNF771_3,186,186,0,0.0
expression,ZNF772_3,186,186,0,0.0
expression,ZNF775_3,186,186,0,0.0
expression,ZNF777_3,186,186,0,0.0
expression,ZNF782_3,186,186,0,0.0
expression,ZNF783_3,186,186,0,0.0
expression,ZNF784_3,186,186,0,0.0
expression,ZNF785_3,186,186,0,0.0
expression,ZNF786_3,186,186,0,0.0
expression,ZNF787_3,186,186,0,0.0
expression,ZNF789_3,186,186,0,0.0
expression,ZNF79_3,186,186,0,0.0
expression,ZNF790_3,186,186,0,0.0
expression,ZNF792_3,186,186,0,0.0
expression,ZNF8_3,186,186,0,0.0
expression,ZNF800_3,186,186,0,0.0
expression,ZNF81_3,186,186,0,0.0
expression,ZNF821_3,186,186,0,0.0
expression,ZNF827_3,186,186,0,0.0
expression,ZNF829_3,186,186,0,0.0
expression,ZNF830_3,186,186,0,0.0
expression,ZNF837_3,186,186,0,0.0
expression,ZNF839_3,186,186,0,0.0
expression,ZNF846_3,186,186,0,0.0
expression,ZNF853_3,186,186,0,0.0
expression,ZNF862_3,186,186,0,0.0
expression,ZNF865_3,186,186,0,0.0
expression,ZNF879_3,186,186,0,0.0
expression,ZNFX1_3,186,186,0,0.0
expression,ZNHIT1_3,186,186,0,0.0
expression,ZNHIT2_3,186,186,0,0.0
expression,ZNHIT3_3,186,186,0,0.0
expression,ZNHIT6_3,186,186,0,0.0
expression,ZNRD2_3,186,186,0,0.0
expression,ZNRF1_3,186,186,0,0.0
expression,ZNRF2_3,186,186,0,0.0
expression,ZNRF3_3,186,186,0,0.0
expression,ZPR1_3,186,186,0,0.0
expression,ZRANB1_3,186,186,0,0.0
expression,ZRANB2_3,186,186,0,0.0
expression,ZRANB3_3,186,186,0,0.0
expression,ZRSR2_3,186,186,0,0.0
expression,ZSCAN1_3,186,186,0,0.0
expression,ZSCAN12_3,186,186,0,0.0
expression,ZSCAN16_3,186,186,0,0.0
expression,ZSCAN18_3,186,186,0,0.0
expression,ZSCAN2_3,186,186,0,0.0
expression,ZSCAN20_3,186,186,0,0.0
expression,ZSCAN22_3,186,186,0,0.0
expression,ZSCAN25_3,186,186,0,0.0
expression,ZSCAN26_3,186,186,0,0.0
expression,ZSCAN29_3,186,186,0,0.0
expression,ZSCAN31_3,186,186,0,0.0
expression,ZSCAN32_2,186,186,0,0.0
expression,ZSWIM1_3,186,186,0,0.0
expression,ZSWIM3_3,186,186,0,0.0
expression,ZSWIM4_3,186,186,0,0.0
expression,ZSWIM6_3,186,186,0,0.0
expression,ZSWIM7_3,186,186,0,0.0
expression,ZSWIM8_3,186,186,0,0.0
expression,ZSWIM9_3,186,186,0,0.0
expression,ZUP1_3,186,186,0,0.0
expression,ZW10_3,186,186,0,0.0
expression,ZWILCH_3,186,186,0,0.0
expression,ZWINT_3,186,186,0,0.0
expression,ZXDB_3,186,186,0,0.0
expression,ZXDC_3,186,186,0,0.0
expression,ZYG11B_3,186,186,0,0.0
expression,ZYX_3,186,186,0,0.0
expression,ZZEF1_3,186,186,0,0.0
expression,ZZZ3_3,186,186,0,0.0
expression,ABCB1_3,186,185,0,0.0
expression,ABLIM2_3,186,185,0,0.0
expression,ACKR2_3,186,185,0,0.0
expression,ADAM22_3,186,185,0,0.0
expression,ADAMTS18_3,186,185,0,0.0
expression,ADAT3_3,186,185,0,0.0
expression,ADCY2_3,186,185,0,0.0
expression,ADGRF1_3,186,185,0,0.0
expression,ADRB2_3,186,185,0,0.0
expression,ALOX15_3,186,185,0,0.0
expression,ANKRD34B_3,186,185,0,0.0
expression,ANXA8L1_3,186,185,0,0.0
expression,APBA2_3,186,185,0,0.0
expression,AQP9_3,186,185,0,0.0
expression,ARHGDIG_3,186,185,0,0.0
expression,ARMCX2_3,186,185,0,0.0
expression,AVIL_3,186,185,0,0.0
expression,BAIAP2L1_3,186,185,0,0.0
expression,BATF3_3,186,185,0,0.0
expression,C1QTNF7_3,186,185,0,0.0
expression,C2CD6_3,186,185,0,0.0
expression,CACNA1A_3,186,185,0,0.0
expression,CACNA1G_3,186,185,0,0.0
expression,CAP2_3,186,185,0,0.0
expression,CARD11_3,186,185,0,0.0
expression,CCDC136_3,186,185,0,0.0
expression,CCDC170_3,186,185,0,0.0
expression,CD274_3,186,185,0,0.0
expression,CDH1_3,186,185,0,0.0
expression,CDH3_3,186,185,0,0.0
expression,CDK3_3,186,185,0,0.0
expression,CDNF_3,186,185,0,0.0
expression,CEACAM23_3,186,185,0,0.0
expression,CHRM3_3,186,185,0,0.0
expression,CHRNA7_3,186,185,0,0.0
expression,CITED4_3,186,185,0,0.0
expression,CLBA1_3,186,185,0,0.0
expression,CLDN1_3,186,185,0,0.0
expression,CMYA5_3,186,185,0,0.0
expression,CPXM1_3,186,185,0,0.0
expression,CRACDL_3,186,185,0,0.0
expression,CYP27B1_3,186,185,0,0.0
expression,CYSLTR2_3,186,185,0,0.0
expression,DCSTAMP_3,186,185,0,0.0
expression,DHRS9_3,186,185,0,0.0
expression,DMTN_3,186,185,0,0.0
expression,EFHC2_3,186,185,0,0.0
expression,FAM221A_3,186,185,0,0.0
expression,FANK1_3,186,185,0,0.0
expression,FBN2_3,186,185,0,0.0
expression,FBXO41_3,186,185,0,0.0
expression,FGF1_3,186,185,0,0.0
expression,FN3K_3,186,185,0,0.0
expression,FRZB_3,186,185,0,0.0
expression,GALR1_3,186,185,0,0.0
expression,GATA6_3,186,185,0,0.0
expression,GCH1_3,186,185,0,0.0
expression,GDA_3,186,185,0,0.0
expression,GLI1_3,186,185,0,0.0
expression,HOXA3_3,186,185,0,0.0
expression,HOXB4_3,186,185,0,0.0
expression,HOXC9_3,186,185,0,0.0
expression,IFI6_3,186,185,0,0.0
expression,IGF1_3,186,185,0,0.0
expression,IL12RB2_3,186,185,0,0.0
expression,IL15RA_3,186,185,0,0.0
expression,INAVA_3,186,185,0,0.0
expression,ITGA2B_3,186,185,0,0.0
expression,KATNAL2_3,186,185,0,0.0
expression,KCNA6_3,186,185,0,0.0
expression,KCNJ12_3,186,185,0,0.0
expression,KCNK1_3,186,185,0,0.0
expression,KCNK2_3,186,185,0,0.0
expression,KCNN1_3,186,185,0,0.0
expression,KLHDC1_3,186,185,0,0.0
expression,KLHL34_3,186,185,0,0.0
expression,KYNU_3,186,185,0,0.0
expression,LAMP3_3,186,185,0,0.0
expression,LGR6_3,186,185,0,0.0
expression,LMO1_3,186,185,0,0.0
expression,LOC100684662_3,186,185,0,0.0
expression,LOC100855540_3,186,185,0,0.0
expression,LOC100855558_3,186,185,0,0.0
expression,LOC102151135_3,186,185,0,0.0
expression,LOC102151393_3,186,185,0,0.0
expression,LOC102151754_3,186,185,0,0.0
expression,LOC102152121_3,186,185,0,0.0
expression,LOC102152785_3,186,185,0,0.0
expression,LOC102153141_3,186,185,0,0.0
expression,LOC102153171_3,186,185,0,0.0
expression,LOC102154115_3,186,185,0,0.0
expression,LOC102154610_3,186,185,0,0.0
expression,LOC102155496_3,186,185,0,0.0
expression,LOC102155691_3,186,185,0,0.0
expression,LOC102156370_3,186,185,0,0.0
expression,LOC102156473_3,186,185,0,0.0
expression,LOC102156741_3,186,185,0,0.0
expression,LOC102156952_3,186,185,0,0.0
expression,LOC106557826_3,186,185,0,0.0
expression,LOC106558258_2,186,185,0,0.0
expression,LOC106559170_3,186,185,0,0.0
expression,LOC106559289_3,186,185,0,0.0
expression,LOC106559931_3,186,185,0,0.0
expression,LOC111089962_3,186,185,0,0.0
expression,LOC111090583_3,186,185,0,0.0
expression,LOC111090694_2,186,185,0,0.0
expression,LOC111091235_3,186,185,0,0.0
expression,LOC111092735_3,186,185,0,0.0
expression,LOC111093246_3,186,185,0,0.0
expression,LOC111093355_3,186,185,0,0.0
expression,LOC111095785_2,186,185,0,0.0
expression,LOC111095990_3,186,185,0,0.0
expression,LOC111096471_2,186,185,0,0.0
expression,LOC111096741_3,186,185,0,0.0
expression,LOC111096980_3,186,185,0,0.0
expression,LOC119864174_3,186,185,0,0.0
expression,LOC119864948_3,186,185,0,0.0
expression,LOC119865003_2,186,185,0,0.0
expression,LOC119867172_3,186,185,0,0.0
expression,LOC119867305_3,186,185,0,0.0
expression,LOC119867914_3,186,185,0,0.0
expression,LOC119867945_3,186,185,0,0.0
expression,LOC119868428_3,186,185,0,0.0
expression,LOC119868533_3,186,185,0,0.0
expression,LOC119869021_2,186,185,0,0.0
expression,LOC119869713_3,186,185,0,0.0
expression,LOC119870472_3,186,185,0,0.0
expression,LOC119871276_3,186,185,0,0.0
expression,LOC119871893_3,186,185,0,0.0
expression,LOC119872542_3,186,185,0,0.0
expression,LOC119874013_3,186,185,0,0.0
expression,LOC119875994_2,186,185,0,0.0
expression,LOC119876002_2,186,185,0,0.0
expression,LOC119876150,186,185,0,0.0
expression,LOC119876429_2,186,185,0,0.0
expression,LOC119876468,186,185,0,0.0
expression,LOC119876620,186,185,0,0.0
expression,LOC119877086,186,185,0,0.0
expression,LOC119877402,186,185,0,0.0
expression,LOC119877444,186,185,0,0.0
expression,LOC119877562,186,185,0,0.0
expression,LOC119878086,186,185,0,0.0
expression,LOC119878087,186,185,0,0.0
expression,LOC119878264,186,185,0,0.0
expression,LOC119879073,186,185,0,0.0
expression,LOC119879328,186,185,0,0.0
expression,LOC476396_3,186,185,0,0.0
expression,LOC477071_3,186,185,0,0.0
expression,LOC480788_2,186,185,0,0.0
expression,LOC481034_3,186,185,0,0.0
expression,LOC481043_3,186,185,0,0.0
expression,LOC487977_3,186,185,0,0.0
expression,LOC489748_3,186,185,0,0.0
expression,LOC612254_3,186,185,0,0.0
expression,LOC612587_3,186,185,0,0.0
expression,LRRC24_3,186,185,0,0.0
expression,LRRC75B_3,186,185,0,0.0
expression,LSAMP_3,186,185,0,0.0
expression,MCTP2_3,186,185,0,0.0
expression,MEI1_3,186,185,0,0.0
expression,MEIS2_3,186,185,0,0.0
expression,MMP3_3,186,185,0,0.0
expression,MOXD1_3,186,185,0,0.0
expression,MPO_3,186,185,0,0.0
expression,MPP7_3,186,185,0,0.0
expression,MROH8_3,186,185,0,0.0
expression,MST1R_3,186,185,0,0.0
expression,MSX2_3,186,185,0,0.0
expression,MT1E_3,186,185,0,0.0
expression,MTARC1_3,186,185,0,0.0
expression,MTUS2_3,186,185,0,0.0
expression,MYBPH_3,186,185,0,0.0
expression,MYO5C_3,186,185,0,0.0
expression,NEK11_3,186,185,0,0.0
expression,NEURL3_3,186,185,0,0.0
expression,NHLRC1_3,186,185,0,0.0
expression,NNAT_3,186,185,0,0.0
expression,NR5A2_3,186,185,0,0.0
expression,NUPR2_3,186,185,0,0.0
expression,OAS3_3,186,185,0,0.0
expression,P2RY14_3,186,185,0,0.0
expression,PDE1C_3,186,185,0,0.0
expression,PHKG1_3,186,185,0,0.0
expression,PIGZ_3,186,185,0,0.0
expression,PIK3R6_3,186,185,0,0.0
expression,PLS1_3,186,185,0,0.0
expression,PLXNA4_3,186,185,0,0.0
expression,PNPLA3_3,186,185,0,0.0
expression,PPP1R3D_3,186,185,0,0.0
expression,PTGS2_3,186,185,0,0.0
expression,PTPRO_3,186,185,0,0.0
expression,RAP1GAP2_3,186,185,0,0.0
expression,RASSF7_3,186,185,0,0.0
expression,RBM20_3,186,185,0,0.0
expression,RBM44_3,186,185,0,0.0
expression,RELN_3,186,185,0,0.0
expression,RGS16_3,186,185,0,0.0
expression,RGS9BP_3,186,185,0,0.0
expression,RIIAD1_3,186,185,0,0.0
expression,RNF43_3,186,185,0,0.0
expression,RYR3_3,186,185,0,0.0
expression,SALL1_3,186,185,0,0.0
expression,SCML2_3,186,185,0,0.0
expression,SCN4B_3,186,185,0,0.0
expression,SDR16C5_3,186,185,0,0.0
expression,SELP_3,186,185,0,0.0
expression,SEMA3B_3,186,185,0,0.0
expression,SERPINB10_3,186,185,0,0.0
expression,SLC22A4_3,186,185,0,0.0
expression,SLC30A3_3,186,185,0,0.0
expression,SOX17_3,186,185,0,0.0
expression,SOX18_3,186,185,0,0.0
expression,SOX5_3,186,185,0,0.0
expression,SPEG_3,186,185,0,0.0
expression,SPNS3_3,186,185,0,0.0
expression,SPRY3_3,186,185,0,0.0
expression,STRA6_3,186,185,0,0.0
expression,SUPT7L_1,186,185,0,0.0
expression,SYN1_3,186,185,0,0.0
expression,SYNPO2L_3,186,185,0,0.0
expression,TBC1D10C_3,186,185,0,0.0
expression,TGM1_3,186,185,0,0.0
expression,TMEM176B_3,186,185,0,0.0
expression,TMEM240_3,186,185,0,0.0
expression,TMEM255A_3,186,185,0,0.0
expression,TMEM61_3,186,185,0,0.0
expression,TNFSF8_3,186,185,0,0.0
expression,TREM2_3,186,185,0,0.0
expression,TRIM69_3,186,185,0,0.0
expression,TRMT9B_3,186,185,0,0.0
expression,TRPC6_3,186,185,0,0.0
expression,TSNAXIP1_3,186,185,0,0.0
expression,TSPAN8_3,186,185,0,0.0
expression,TSTD1_3,186,185,0,0.0
expression,UBE2QL1_3,186,185,0,0.0
expression,UNC5C_3,186,185,0,0.0
expression,WIPF3_3,186,185,0,0.0
expression,ZBP1_3,186,185,0,0.0
expression,ZFP69B_3,186,185,0,0.0
expression,ZNF341_3,186,185,0,0.0
expression,ZNF391_3,186,185,0,0.0
expression,ZNF630_3,186,185,0,0.0
expression,ZNF774_3,186,185,0,0.0
expression,ZNF793_3,186,185,0,0.0
expression,ZNF804B_3,186,185,0,0.0
expression,ZNF852_3,186,185,0,0.0
expression,ZNF875_3,186,185,0,0.0
expression,ACTA1_3,186,184,0,0.0
expression,ADAMTSL5_3,186,184,0,0.0
expression,ADGRF3_3,186,184,0,0.0
expression,ADRA1B_3,186,184,0,0.0
expression,AHRR_3,186,184,0,0.0
expression,ANO3_3,186,184,0,0.0
expression,ARMC2_3,186,184,0,0.0
expression,BCL11A_3,186,184,0,0.0
expression,C7H1orf105_3,186,184,0,0.0
expression,C7H1orf53_3,186,184,0,0.0
expression,CA12_3,186,184,0,0.0
expression,CA9_3,186,184,0,0.0
expression,CCDC189_3,186,184,0,0.0
expression,CCNA1_3,186,184,0,0.0
expression,CD79A_3,186,184,0,0.0
expression,CELSR2_3,186,184,0,0.0
expression,CFAP92_3,186,184,0,0.0
expression,CHADL_3,186,184,0,0.0
expression,CLDN10_3,186,184,0,0.0
expression,CNTN4_3,186,184,0,0.0
expression,CPLX1_3,186,184,0,0.0
expression,CPN1_3,186,184,0,0.0
expression,CTTNBP2NL_3,186,184,0,0.0
expression,CYSLTR1_3,186,184,0,0.0
expression,DDX25_3,186,184,0,0.0
expression,DGKG_3,186,184,0,0.0
expression,DLX6_3,186,184,0,0.0
expression,DNAJC22_3,186,184,0,0.0
expression,DNHD1_3,186,184,0,0.0
expression,DOK5_3,186,184,0,0.0
expression,DUOXA1_3,186,184,0,0.0
expression,EBF2_3,186,184,0,0.0
expression,ELAPOR2_3,186,184,0,0.0
expression,ELMO3_3,186,184,0,0.0
expression,FCGR2B_3,186,184,0,0.0
expression,FOSB_3,186,184,0,0.0
expression,FOXF1_3,186,184,0,0.0
expression,FOXF2_3,186,184,0,0.0
expression,FUT1_3,186,184,0,0.0
expression,GALNT15_3,186,184,0,0.0
expression,GAS1_3,186,184,0,0.0
expression,GJB3_3,186,184,0,0.0
expression,GNAO1_3,186,184,0,0.0
expression,GPC2_3,186,184,0,0.0
expression,GSC2_3,186,184,0,0.0
expression,GUCA1B_3,186,184,0,0.0
expression,HAND2_3,186,184,0,0.0
expression,HOXC8_3,186,184,0,0.0
expression,HOXD11_3,186,184,0,0.0
expression,IFIT3_3,186,184,0,0.0
expression,IL11_3,186,184,0,0.0
expression,IL18R1_3,186,184,0,0.0
expression,ITGB1BP2_3,186,184,0,0.0
expression,ITPKA_3,186,184,0,0.0
expression,KCNF1_3,186,184,0,0.0
expression,KCNH2_3,186,184,0,0.0
expression,KCNH3_3,186,184,0,0.0
expression,KIAA0319_3,186,184,0,0.0
expression,KIAA1586_3,186,184,0,0.0
expression,KIF6_3,186,184,0,0.0
expression,L1CAM_3,186,184,0,0.0
expression,LOC100686271_3,186,184,0,0.0
expression,LOC100688690_3,186,184,0,0.0
expression,LOC100856518_3,186,184,0,0.0
expression,LOC102151199_3,186,184,0,0.0
expression,LOC102151917_3,186,184,0,0.0
expression,LOC102152083_3,186,184,0,0.0
expression,LOC102153128_3,186,184,0,0.0
expression,LOC102153308_3,186,184,0,0.0
expression,LOC102153371_3,186,184,0,0.0
expression,LOC102153535_3,186,184,0,0.0
expression,LOC102153553_3,186,184,0,0.0
expression,LOC102153684_3,186,184,0,0.0
expression,LOC102153707_3,186,184,0,0.0
expression,LOC102153953_3,186,184,0,0.0
expression,LOC102153976_3,186,184,0,0.0
expression,LOC102153988_3,186,184,0,0.0
expression,LOC102154125_3,186,184,0,0.0
expression,LOC102154669_3,186,184,0,0.0
expression,LOC102155446_3,186,184,0,0.0
expression,LOC102155584_3,186,184,0,0.0
expression,LOC102155889_3,186,184,0,0.0
expression,LOC102155925_3,186,184,0,0.0
expression,LOC102156069_3,186,184,0,0.0
expression,LOC102156147_3,186,184,0,0.0
expression,LOC102156498_3,186,184,0,0.0
expression,LOC102157082_3,186,184,0,0.0
expression,LOC106558237_3,186,184,0,0.0
expression,LOC106558335_3,186,184,0,0.0
expression,LOC106558431_3,186,184,0,0.0
expression,LOC106559361_3,186,184,0,0.0
expression,LOC106559768_3,186,184,0,0.0
expression,LOC111090581_3,186,184,0,0.0
expression,LOC111091000_3,186,184,0,0.0
expression,LOC111091342_3,186,184,0,0.0
expression,LOC111092837_3,186,184,0,0.0
expression,LOC111094534_3,186,184,0,0.0
expression,LOC111095571_3,186,184,0,0.0
expression,LOC111095929_3,186,184,0,0.0
expression,LOC111096249_3,186,184,0,0.0
expression,LOC111097718_3,186,184,0,0.0
expression,LOC111098401_3,186,184,0,0.0
expression,LOC119865244_3,186,184,0,0.0
expression,LOC119865575_3,186,184,0,0.0
expression,LOC119865708_3,186,184,0,0.0
expression,LOC119866667_3,186,184,0,0.0
expression,LOC119867050_3,186,184,0,0.0
expression,LOC119867150_3,186,184,0,0.0
expression,LOC119868212_3,186,184,0,0.0
expression,LOC119872134_3,186,184,0,0.0
expression,LOC119872146_3,186,184,0,0.0
expression,LOC119872326_3,186,184,0,0.0
expression,LOC119874142_3,186,184,0,0.0
expression,LOC119875931,186,184,0,0.0
expression,LOC119875938,186,184,0,0.0
expression,LOC119876044,186,184,0,0.0
expression,LOC119876671,186,184,0,0.0
expression,LOC119876741,186,184,0,0.0
expression,LOC119876942,186,184,0,0.0
expression,LOC119877150,186,184,0,0.0
expression,LOC119877151_2,186,184,0,0.0
expression,LOC119877785,186,184,0,0.0
expression,LOC119878051,186,184,0,0.0
expression,LOC119878371,186,184,0,0.0
expression,LOC119879077,186,184,0,0.0
expression,LOC119879445,186,184,0,0.0
expression,LOC119879515,186,184,0,0.0
expression,LOC475831_3,186,184,0,0.0
expression,LOC480601_3,186,184,0,0.0
expression,LOC481675_3,186,184,0,0.0
expression,LOC484507_3,186,184,0,0.0
expression,LOC491382_3,186,184,0,0.0
expression,LOC491462_3,186,184,0,0.0
expression,LOC607080_2,186,184,0,0.0
expression,LOC608913_3,186,184,0,0.0
expression,LOC609690_3,186,184,0,0.0
expression,LOC610632_3,186,184,0,0.0
expression,MAL_3,186,184,0,0.0
expression,MANEAL_3,186,184,0,0.0
expression,MARVELD1_3,186,184,0,0.0
expression,MCF2L2_3,186,184,0,0.0
expression,MED12L_3,186,184,0,0.0
expression,MGST2_3,186,184,0,0.0
expression,MORN1_3,186,184,0,0.0
expression,MSANTD3_3,186,184,0,0.0
expression,MTCP1_3,186,184,0,0.0
expression,NDST3_3,186,184,0,0.0
expression,NIBAN3_3,186,184,0,0.0
expression,NIPAL1_3,186,184,0,0.0
expression,NME5_3,186,184,0,0.0
expression,NPR3_3,186,184,0,0.0
expression,NPTX2_3,186,184,0,0.0
expression,NUP62CL_3,186,184,0,0.0
expression,OCLN_3,186,184,0,0.0
expression,OSGIN1_3,186,184,0,0.0
expression,OSR2_3,186,184,0,0.0
expression,OTUB2_3,186,184,0,0.0
expression,PDZRN4_3,186,184,0,0.0
expression,PIP5KL1_3,186,184,0,0.0
expression,PLCXD1_3,186,184,0,0.0
expression,POPDC2_3,186,184,0,0.0
expression,PPEF1_3,186,184,0,0.0
expression,PRPH_3,186,184,0,0.0
expression,PRR5_3,186,184,0,0.0
expression,PRSS22_3,186,184,0,0.0
expression,PTGER2_3,186,184,0,0.0
expression,PTGS1_3,186,184,0,0.0
expression,PTPRR_3,186,184,0,0.0
expression,PYGM_3,186,184,0,0.0
expression,RAPGEFL1_3,186,184,0,0.0
expression,RBM11_3,186,184,0,0.0
expression,RGS11_3,186,184,0,0.0
expression,RNF182_3,186,184,0,0.0
expression,RRAGB_3,186,184,0,0.0
expression,RTN4RL2_3,186,184,0,0.0
expression,S100A12_3,186,184,0,0.0
expression,SCN1B_3,186,184,0,0.0
expression,SCN9A_3,186,184,0,0.0
expression,SDSL_3,186,184,0,0.0
expression,SEPTIN1_3,186,184,0,0.0
expression,SGIP1_3,186,184,0,0.0
expression,SGSM1_3,186,184,0,0.0
expression,SH3RF2_3,186,184,0,0.0
expression,SIGLEC11_3,186,184,0,0.0
expression,SIT1_3,186,184,0,0.0
expression,SLC1A2_3,186,184,0,0.0
expression,SLC45A2_3,186,184,0,0.0
expression,SMTNL2_3,186,184,0,0.0
expression,SOX9_3,186,184,0,0.0
expression,STX1B_3,186,184,0,0.0
expression,TBX20_3,186,184,0,0.0
expression,TIGD3_3,186,184,0,0.0
expression,TM7SF2_3,186,184,0,0.0
expression,TMEM92_3,186,184,0,0.0
expression,TRPM3_3,186,184,0,0.0
expression,TTN_3,186,184,0,0.0
expression,VAMP1_3,186,184,0,0.0
expression,VEPH1_3,186,184,0,0.0
expression,VGLL3_3,186,184,0,0.0
expression,WTAP_4,186,184,0,0.0
expression,YPEL4_3,186,184,0,0.0
expression,ZCWPW1_3,186,184,0,0.0
expression,ZFPM2_3,186,184,0,0.0
expression,ZNF157_3,186,184,0,0.0
expression,ZNF461_3,186,184,0,0.0
expression,ZNF554_2,186,184,0,0.0
expression,ZNF572_3,186,184,0,0.0
expression,ZNF662_3,186,184,0,0.0
expression,ACOD1_3,186,183,0,0.0
expression,ADGRG2_3,186,183,0,0.0
expression,ADM5_3,186,183,0,0.0
expression,ADORA3_3,186,183,0,0.0
expression,AGMO_3,186,183,0,0.0
expression,AMPH_3,186,183,0,0.0
expression,APOBEC3Z3_4,186,183,0,0.0
expression,ATP1B2_3,186,183,0,0.0
expression,BMX_3,186,183,0,0.0
expression,C13H8orf82_3,186,183,0,0.0
expression,C16H4orf47_3,186,183,0,0.0
expression,C4H5orf58_3,186,183,0,0.0
expression,CASP12_3,186,183,0,0.0
expression,CD226_3,186,183,0,0.0
expression,CD3G_3,186,183,0,0.0
expression,CEP126_3,186,183,0,0.0
expression,CERS1_3,186,183,0,0.0
expression,CFAP299_3,186,183,0,0.0
expression,CNTN1_3,186,183,0,0.0
expression,COL2A1_3,186,183,0,0.0
expression,CP_3,186,183,0,0.0
expression,CRYBA4_3,186,183,0,0.0
expression,CTNNA3_3,186,183,0,0.0
expression,CTXND2_3,186,183,0,0.0
expression,CYB5R2_3,186,183,0,0.0
expression,DBX2_3,186,183,0,0.0
expression,DEPDC7_3,186,183,0,0.0
expression,DLA-DOB_3,186,183,0,0.0
expression,DMP1_3,186,183,0,0.0
expression,DNAH1_3,186,183,0,0.0
expression,DNAH17_3,186,183,0,0.0
expression,DUOX1_3,186,183,0,0.0
expression,ECRG4_3,186,183,0,0.0
expression,EDA_3,186,183,0,0.0
expression,EFCAB5_3,186,183,0,0.0
expression,EFCAB8_3,186,183,0,0.0
expression,ELOVL2_3,186,183,0,0.0
expression,ENPP3_3,186,183,0,0.0
expression,ENPP6_3,186,183,0,0.0
expression,EPHA5_3,186,183,0,0.0
expression,ESR1_3,186,183,0,0.0
expression,F8_3,186,183,0,0.0
expression,FABP4_3,186,183,0,0.0
expression,FAM180A_3,186,183,0,0.0
expression,FBXO15_3,186,183,0,0.0
expression,FFAR2_3,186,183,0,0.0
expression,FIGN_3,186,183,0,0.0
expression,FOXD1_3,186,183,0,0.0
expression,FRRS1L_3,186,183,0,0.0
expression,FUOM_3,186,183,0,0.0
expression,GABBR2_3,186,183,0,0.0
expression,GDPD3_3,186,183,0,0.0
expression,GIPC3_3,186,183,0,0.0
expression,GJA10_3,186,183,0,0.0
expression,GPIHBP1_3,186,183,0,0.0
expression,GPR143_3,186,183,0,0.0
expression,GRB14_3,186,183,0,0.0
expression,GREB1_3,186,183,0,0.0
expression,GRIA3_3,186,183,0,0.0
expression,GZMK_3,186,183,0,0.0
expression,H3C13_3,186,183,0,0.0
expression,HAS2_3,186,183,0,0.0
expression,HOXA6_3,186,183,0,0.0
expression,HOXB9_3,186,183,0,0.0
expression,HOXC6_3,186,183,0,0.0
expression,HTR1F_3,186,183,0,0.0
expression,IER3IP1_3,186,183,0,0.0
expression,IFGGB2_3,186,183,0,0.0
expression,IL12A_3,186,183,0,0.0
expression,IRS2_3,186,183,0,0.0
expression,KCNJ4_3,186,183,0,0.0
expression,L3MBTL4_3,186,183,0,0.0
expression,LAPTM4B_3,186,183,0,0.0
expression,LDHD_3,186,183,0,0.0
expression,LIF_3,186,183,0,0.0
expression,LIPG_3,186,183,0,0.0
expression,LMX1A_3,186,183,0,0.0
expression,LOC100687429_3,186,183,0,0.0
expression,LOC102151894_3,186,183,0,0.0
expression,LOC102152638_3,186,183,0,0.0
expression,LOC102153186_3,186,183,0,0.0
expression,LOC102153456_3,186,183,0,0.0
expression,LOC102154191_3,186,183,0,0.0
expression,LOC102154283_3,186,183,0,0.0
expression,LOC102154664_3,186,183,0,0.0
expression,LOC102154803_3,186,183,0,0.0
expression,LOC102154980_3,186,183,0,0.0
expression,LOC102155844_3,186,183,0,0.0
expression,LOC102155971_3,186,183,0,0.0
expression,LOC102156256_3,186,183,0,0.0
expression,LOC102156908_3,186,183,0,0.0
expression,LOC102156930_3,186,183,0,0.0
expression,LOC102157048_3,186,183,0,0.0
expression,LOC106558799_3,186,183,0,0.0
expression,LOC106558979_3,186,183,0,0.0
expression,LOC106559249_3,186,183,0,0.0
expression,LOC106559704_3,186,183,0,0.0
expression,LOC111089988_2,186,183,0,0.0
expression,LOC111090473_3,186,183,0,0.0
expression,LOC111090648_3,186,183,0,0.0
expression,LOC111091931_3,186,183,0,0.0
expression,LOC111091955_3,186,183,0,0.0
expression,LOC111092015_3,186,183,0,0.0
expression,LOC111092069_3,186,183,0,0.0
expression,LOC111092297_3,186,183,0,0.0
expression,LOC111093378_3,186,183,0,0.0
expression,LOC111093589_3,186,183,0,0.0
expression,LOC111095457_3,186,183,0,0.0
expression,LOC111096666_2,186,183,0,0.0
expression,LOC111098999_3,186,183,0,0.0
expression,LOC119864181_3,186,183,0,0.0
expression,LOC119864476_3,186,183,0,0.0
expression,LOC119864689_3,186,183,0,0.0
expression,LOC119864863_1,186,183,0,0.0
expression,LOC119866432_2,186,183,0,0.0
expression,LOC119866905_3,186,183,0,0.0
expression,LOC119867174_3,186,183,0,0.0
expression,LOC119868972_2,186,183,0,0.0
expression,LOC119870089_2,186,183,0,0.0
expression,LOC119871224_3,186,183,0,0.0
expression,LOC119871470_3,186,183,0,0.0
expression,LOC119872972_2,186,183,0,0.0
expression,LOC119873274_3,186,183,0,0.0
expression,LOC119874146_3,186,183,0,0.0
expression,LOC119876502,186,183,0,0.0
expression,LOC119876918_2,186,183,0,0.0
expression,LOC119877484,186,183,0,0.0
expression,LOC119878759_1,186,183,0,0.0
expression,LOC119878767,186,183,0,0.0
expression,LOC119879334,186,183,0,0.0
expression,LOC477353_4,186,183,0,0.0
expression,LOC487175_3,186,183,0,0.0
expression,LOC487177_3,186,183,0,0.0
expression,LOC488190_3,186,183,0,0.0
expression,LOC609402_3,186,183,0,0.0
expression,LOC609445_3,186,183,0,0.0
expression,LOC609523_3,186,183,0,0.0
expression,LOC610407_3,186,183,0,0.0
expression,LOC611347_3,186,183,0,0.0
expression,LONRF2_3,186,183,0,0.0
expression,LRCH2_3,186,183,0,0.0
expression,LRRN3_3,186,183,0,0.0
expression,LSR_3,186,183,0,0.0
expression,MAB21L1_3,186,183,0,0.0
expression,MAP3K9_3,186,183,0,0.0
expression,MAPT_3,186,183,0,0.0
expression,MARVELD2_3,186,183,0,0.0
expression,MCOLN3_3,186,183,0,0.0
expression,MMP25_3,186,183,0,0.0
expression,MREG_3,186,183,0,0.0
expression,MRGPRF_3,186,183,0,0.0
expression,MYB_3,186,183,0,0.0
expression,NEIL1_3,186,183,0,0.0
expression,NOG_3,186,183,0,0.0
expression,NPAS3_3,186,183,0,0.0
expression,NRG2_3,186,183,0,0.0
expression,NRROS_3,186,183,0,0.0
expression,OCA2_3,186,183,0,0.0
expression,ODF3B_3,186,183,0,0.0
expression,OSBP2_3,186,183,0,0.0
expression,PAX1_3,186,183,0,0.0
expression,PBX4_3,186,183,0,0.0
expression,PDLIM3_3,186,183,0,0.0
expression,PDZK1IP1_3,186,183,0,0.0
expression,PHGDH_2,186,183,0,0.0
expression,PHOSPHO1_3,186,183,0,0.0
expression,PI15_3,186,183,0,0.0
expression,PJVK_3,186,183,0,0.0
expression,PLAC1_3,186,183,0,0.0
expression,PXDNL_3,186,183,0,0.0
expression,RAB36_3,186,183,0,0.0
expression,RANBP3L_3,186,183,0,0.0
expression,RBFOX1_3,186,183,0,0.0
expression,RGMA_3,186,183,0,0.0
expression,RGS7_3,186,183,0,0.0
expression,SEC31B_3,186,183,0,0.0
expression,SELE_3,186,183,0,0.0
expression,SERHL2_3,186,183,0,0.0
expression,SHBG_3,186,183,0,0.0
expression,SLC12A8_3,186,183,0,0.0
expression,SLC24A4_3,186,183,0,0.0
expression,SMPD3_3,186,183,0,0.0
expression,ST18_3,186,183,0,0.0
expression,SYCP2_3,186,183,0,0.0
expression,SYNC_3,186,183,0,0.0
expression,TIFAB_3,186,183,0,0.0
expression,TLL1_3,186,183,0,0.0
expression,TMEM121_3,186,183,0,0.0
expression,TMOD4_3,186,183,0,0.0
expression,TPBGL_3,186,183,0,0.0
expression,TUBB3_3,186,183,0,0.0
expression,TXLNB_3,186,183,0,0.0
expression,VWA5B2_3,186,183,0,0.0
expression,VWDE_3,186,183,0,0.0
expression,WDR93_3,186,183,0,0.0
expression,WNT10B_3,186,183,0,0.0
expression,WWC1_3,186,183,0,0.0
expression,XAF1_3,186,183,0,0.0
expression,ZFR2_3,186,183,0,0.0
expression,ZNF165_3,186,183,0,0.0
expression,ZNF385B_3,186,183,0,0.0
expression,ZPLD1_3,186,183,0,0.0
expression,ABI3BP_3,186,182,0,0.0
expression,ACTN2_3,186,182,0,0.0
expression,ADAMTSL1_3,186,182,0,0.0
expression,AKAP3_3,186,182,0,0.0
expression,ALDH1L1_3,186,182,0,0.0
expression,ATP6V0A4_3,186,182,0,0.0
expression,BCL2L15_3,186,182,0,0.0
expression,BICD1_3,186,182,0,0.0
expression,C10H12orf56_3,186,182,0,0.0
expression,C17H1orf162_3,186,182,0,0.0
expression,C28H10orf90_3,186,182,0,0.0
expression,C29H8orf88_3,186,182,0,0.0
expression,CAPN3_3,186,182,0,0.0
expression,CASS4_3,186,182,0,0.0
expression,CCN3_3,186,182,0,0.0
expression,CCRL2_3,186,182,0,0.0
expression,CDH15_3,186,182,0,0.0
expression,CELSR1_3,186,182,0,0.0
expression,CIDEA_3,186,182,0,0.0
expression,CNIH3_3,186,182,0,0.0
expression,CNN1_3,186,182,0,0.0
expression,CNR1_3,186,182,0,0.0
expression,COL23A1_3,186,182,0,0.0
expression,CRYM_3,186,182,0,0.0
expression,CXCR6_3,186,182,0,0.0
expression,DIO2_3,186,182,0,0.0
expression,DNAJC12_3,186,182,0,0.0
expression,DOK7_3,186,182,0,0.0
expression,DUSP28_3,186,182,0,0.0
expression,ERICH2_3,186,182,0,0.0
expression,FER1L4_3,186,182,0,0.0
expression,FGF9_3,186,182,0,0.0
expression,GFRA3_3,186,182,0,0.0
expression,GOLGA7B_3,186,182,0,0.0
expression,GREB1L_3,186,182,0,0.0
expression,GRIN2D_3,186,182,0,0.0
expression,HS3ST1_3,186,182,0,0.0
expression,IFGGC1_3,186,182,0,0.0
expression,IFITM5_3,186,182,0,0.0
expression,KCNC4_2,186,182,0,0.0
expression,KCNG1_3,186,182,0,0.0
expression,LAMB3_3,186,182,0,0.0
expression,LHFPL4_3,186,182,0,0.0
expression,LIME1_3,186,182,0,0.0
expression,LMX1B_3,186,182,0,0.0
expression,LOC100683481_3,186,182,0,0.0
expression,LOC100685953_3,186,182,0,0.0
expression,LOC100688933_3,186,182,0,0.0
expression,LOC102152275_3,186,182,0,0.0
expression,LOC102152471_3,186,182,0,0.0
expression,LOC102152675_3,186,182,0,0.0
expression,LOC102154760_3,186,182,0,0.0
expression,LOC102154971_4,186,182,0,0.0
expression,LOC102155568_3,186,182,0,0.0
expression,LOC102156428_3,186,182,0,0.0
expression,LOC102156502_3,186,182,0,0.0
expression,LOC102156621_3,186,182,0,0.0
expression,LOC106558052_3,186,182,0,0.0
expression,LOC106559047_3,186,182,0,0.0
expression,LOC106559304_3,186,182,0,0.0
expression,LOC106559759_3,186,182,0,0.0
expression,LOC111090250_3,186,182,0,0.0
expression,LOC111093520_3,186,182,0,0.0
expression,LOC111095873_3,186,182,0,0.0
expression,LOC111096602_3,186,182,0,0.0
expression,LOC111096947_3,186,182,0,0.0
expression,LOC111096956_3,186,182,0,0.0
expression,LOC119866775_3,186,182,0,0.0
expression,LOC119866914_2,186,182,0,0.0
expression,LOC119870908_3,186,182,0,0.0
expression,LOC119871867_3,186,182,0,0.0
expression,LOC119873228_3,186,182,0,0.0
expression,LOC119873587_3,186,182,0,0.0
expression,LOC119874139_3,186,182,0,0.0
expression,LOC119874194_3,186,182,0,0.0
expression,LOC119875667_2,186,182,0,0.0
expression,LOC119875995_1,186,182,0,0.0
expression,LOC119877252,186,182,0,0.0
expression,LOC119877535,186,182,0,0.0
expression,LOC119877843,186,182,0,0.0
expression,LOC119877928,186,182,0,0.0
expression,LOC119877934,186,182,0,0.0
expression,LOC119878403,186,182,0,0.0
expression,LOC477072_3,186,182,0,0.0
expression,LOC480552_3,186,182,0,0.0
expression,LOC482987_3,186,182,0,0.0
expression,LOC488947_3,186,182,0,0.0
expression,LOC607460_2,186,182,0,0.0
expression,LOC608750_3,186,182,0,0.0
expression,LOC609484_3,186,182,0,0.0
expression,LRRC3B_3,186,182,0,0.0
expression,LRRC71_3,186,182,0,0.0
expression,LRRN1_3,186,182,0,0.0
expression,MANSC4_3,186,182,0,0.0
expression,NGFR_3,186,182,0,0.0
expression,NYAP2_3,186,182,0,0.0
expression,PPP1R14C_3,186,182,0,0.0
expression,PRAM1_3,186,182,0,0.0
expression,PRKAA2_3,186,182,0,0.0
expression,PROKR2_3,186,182,0,0.0
expression,PRPH2_3,186,182,0,0.0
expression,PRR30_3,186,182,0,0.0
expression,PTGIR_3,186,182,0,0.0
expression,PTHLH_3,186,182,0,0.0
expression,RBAK_3,186,182,0,0.0
expression,RGS7BP_3,186,182,0,0.0
expression,SCN2A_3,186,182,0,0.0
expression,SEL1L3_3,186,182,0,0.0
expression,SLC16A9_3,186,182,0,0.0
expression,SLC26A5_3,186,182,0,0.0
expression,SLC44A3_3,186,182,0,0.0
expression,SLC7A3_3,186,182,0,0.0
expression,SMIM9_3,186,182,0,0.0
expression,SYT1_3,186,182,0,0.0
expression,TEX15_3,186,182,0,0.0
expression,TLR5_3,186,182,0,0.0
expression,TLR9_6,186,182,0,0.0
expression,TNFSF18_3,186,182,0,0.0
expression,TOM1L1_3,186,182,0,0.0
expression,TREM1_3,186,182,0,0.0
expression,TRIM72_3,186,182,0,0.0
expression,TSTD3_3,186,182,0,0.0
expression,WDR31_3,186,182,0,0.0
expression,ZC3H12D_3,186,182,0,0.0
expression,ABCD2_3,186,181,0,0.0
expression,AIFM3_3,186,181,0,0.0
expression,AKNAD1_3,186,181,0,0.0
expression,ALX3_3,186,181,0,0.0
expression,AMER2_3,186,181,0,0.0
expression,ASB15_3,186,181,0,0.0
expression,ATP6AP1L_3,186,181,0,0.0
expression,ATP6V1FNB_3,186,181,0,0.0
expression,BPIFB3_3,186,181,0,0.0
expression,C33H3orf52_3,186,181,0,0.0
expression,CARMIL2_3,186,181,0,0.0
expression,CCDC39_3,186,181,0,0.0
expression,CCSER1_3,186,181,0,0.0
expression,CD1A8_3,186,181,0,0.0
expression,CD1E_3,186,181,0,0.0
expression,CFAP69_3,186,181,0,0.0
expression,CLHC1_3,186,181,0,0.0
expression,COL22A1_3,186,181,0,0.0
expression,CPNE5_3,186,181,0,0.0
expression,CPNE7_3,186,181,0,0.0
expression,CYP19A1_3,186,181,0,0.0
expression,CYP2J2_3,186,181,0,0.0
expression,DDN_3,186,181,0,0.0
expression,DEGS2_3,186,181,0,0.0
expression,DIPK1C_3,186,181,0,0.0
expression,DNAH11_3,186,181,0,0.0
expression,DPF1_3,186,181,0,0.0
expression,DQX1_3,186,181,0,0.0
expression,DRD1_3,186,181,0,0.0
expression,EFCAB10_3,186,181,0,0.0
expression,ERC2_3,186,181,0,0.0
expression,EXTL1_3,186,181,0,0.0
expression,EYA4_3,186,181,0,0.0
expression,FGF18_3,186,181,0,0.0
expression,FGL1_3,186,181,0,0.0
expression,GPR156_3,186,181,0,0.0
expression,GPR63_3,186,181,0,0.0
expression,GPX3_3,186,181,0,0.0
expression,GRIK4_3,186,181,0,0.0
expression,GRIP2_3,186,181,0,0.0
expression,HENMT1_4,186,181,0,0.0
expression,HJV_3,186,181,0,0.0
expression,HSPB7_3,186,181,0,0.0
expression,HYDIN_3,186,181,0,0.0
expression,IGFBPL1_3,186,181,0,0.0
expression,IL1A_3,186,181,0,0.0
expression,ITGBL1_3,186,181,0,0.0
expression,JAKMIP2_3,186,181,0,0.0
expression,KIF17_3,186,181,0,0.0
expression,LENEP_3,186,181,0,0.0
expression,LHX8_3,186,181,0,0.0
expression,LOC100688410_3,186,181,0,0.0
expression,LOC102151347_3,186,181,0,0.0
expression,LOC102152513_3,186,181,0,0.0
expression,LOC102154338_3,186,181,0,0.0
expression,LOC102154557_3,186,181,0,0.0
expression,LOC102154738_3,186,181,0,0.0
expression,LOC102155278_3,186,181,0,0.0
expression,LOC102155303_3,186,181,0,0.0
expression,LOC102156830_3,186,181,0,0.0
expression,LOC102156938_3,186,181,0,0.0
expression,LOC106557821_2,186,181,0,0.0
expression,LOC106559420_3,186,181,0,0.0
expression,LOC106559437_3,186,181,0,0.0
expression,LOC111091261_3,186,181,0,0.0
expression,LOC111091494_3,186,181,0,0.0
expression,LOC111091730_3,186,181,0,0.0
expression,LOC111092051_3,186,181,0,0.0
expression,LOC111092553_3,186,181,0,0.0
expression,LOC111094756_4,186,181,0,0.0
expression,LOC111095226_3,186,181,0,0.0
expression,LOC111095228_3,186,181,0,0.0
expression,LOC111097076_3,186,181,0,0.0
expression,LOC111097469_3,186,181,0,0.0
expression,LOC111098632_3,186,181,0,0.0
expression,LOC119863913_3,186,181,0,0.0
expression,LOC119864170_3,186,181,0,0.0
expression,LOC119864491_3,186,181,0,0.0
expression,LOC119864572_3,186,181,0,0.0
expression,LOC119865159_3,186,181,0,0.0
expression,LOC119865740_1,186,181,0,0.0
expression,LOC119866360_3,186,181,0,0.0
expression,LOC119866407_3,186,181,0,0.0
expression,LOC119867957_3,186,181,0,0.0
expression,LOC119868509_3,186,181,0,0.0
expression,LOC119868843_1,186,181,0,0.0
expression,LOC119869616_3,186,181,0,0.0
expression,LOC119873361_3,186,181,0,0.0
expression,LOC119873650_3,186,181,0,0.0
expression,LOC119873996_3,186,181,0,0.0
expression,LOC119875997,186,181,0,0.0
expression,LOC119876043,186,181,0,0.0
expression,LOC119876291,186,181,0,0.0
expression,LOC119876792,186,181,0,0.0
expression,LOC119876970_2,186,181,0,0.0
expression,LOC119877181,186,181,0,0.0
expression,LOC119877364,186,181,0,0.0
expression,LOC119877651,186,181,0,0.0
expression,LOC475935_2,186,181,0,0.0
expression,LOC486757_3,186,181,0,0.0
expression,LOC610465_3,186,181,0,0.0
expression,LOC611589_3,186,181,0,0.0
expression,LPAR2_3,186,181,0,0.0
expression,LRP3_3,186,181,0,0.0
expression,LRRIQ1_3,186,181,0,0.0
expression,LVRN_3,186,181,0,0.0
expression,MAOB_3,186,181,0,0.0
expression,MEOX1_3,186,181,0,0.0
expression,MPP2_3,186,181,0,0.0
expression,MYO5B_3,186,181,0,0.0
expression,NDP_3,186,181,0,0.0
expression,NRSN2_3,186,181,0,0.0
expression,NRXN2_3,186,181,0,0.0
expression,NWD1_3,186,181,0,0.0
expression,P2RY11_3,186,181,0,0.0
expression,PAK6_3,186,181,0,0.0
expression,PAX9_3,186,181,0,0.0
expression,PIANP_3,186,181,0,0.0
expression,PKP1_3,186,181,0,0.0
expression,PLAG1_3,186,181,0,0.0
expression,PLPPR5_3,186,181,0,0.0
expression,PRKG2_3,186,181,0,0.0
expression,RASGEF1A_3,186,181,0,0.0
expression,RS1_3,186,181,0,0.0
expression,RSAD2_3,186,181,0,0.0
expression,RSKR_3,186,181,0,0.0
expression,RYR2_3,186,181,0,0.0
expression,SBK1_3,186,181,0,0.0
expression,SBSPON_3,186,181,0,0.0
expression,SIGLEC15_3,186,181,0,0.0
expression,SLC37A1_3,186,181,0,0.0
expression,SPIC_3,186,181,0,0.0
expression,SPTLC3_3,186,181,0,0.0
expression,STMN3_3,186,181,0,0.0
expression,SYTL3_3,186,181,0,0.0
expression,TBX1_3,186,181,0,0.0
expression,TNFRSF6B_3,186,181,0,0.0
expression,TNIP3_3,186,181,0,0.0
expression,TNNC2_3,186,181,0,0.0
expression,VNN1_4,186,181,0,0.0
expression,XCR1_3,186,181,0,0.0
expression,ZAP70_3,186,181,0,0.0
expression,ZNF512_3,186,181,0,0.0
expression,ACTN3_3,186,180,0,0.0
expression,AGBL3_3,186,180,0,0.0
expression,ANGPTL1_3,186,180,0,0.0
expression,ARSG_3,186,180,0,0.0
expression,C21H11orf97_3,186,180,0,0.0
expression,C6H16orf71_3,186,180,0,0.0
expression,CABP5_3,186,180,0,0.0
expression,CAVIN4_3,186,180,0,0.0
expression,CDH17_3,186,180,0,0.0
expression,CHRDL2_3,186,180,0,0.0
expression,CPXM2_3,186,180,0,0.0
expression,CYP21A2_3,186,180,0,0.0
expression,FAM219B_3,186,180,0,0.0
expression,FAM241B_3,186,180,0,0.0
expression,FZD10_3,186,180,0,0.0
expression,GFRA2_3,186,180,0,0.0
expression,GNB3_3,186,180,0,0.0
expression,GPR135_3,186,180,0,0.0
expression,GPR21_3,186,180,0,0.0
expression,GPR83_3,186,180,0,0.0
expression,GZMB_3,186,180,0,0.0
expression,HAVCR2_3,186,180,0,0.0
expression,HOXA10_3,186,180,0,0.0
expression,INSRR_3,186,180,0,0.0
expression,IZUMO1_3,186,180,0,0.0
expression,KCNH1_3,186,180,0,0.0
expression,KLHL4_3,186,180,0,0.0
expression,LOC100682707_3,186,180,0,0.0
expression,LOC102151425_3,186,180,0,0.0
expression,LOC102152738_3,186,180,0,0.0
expression,LOC102152779_3,186,180,0,0.0
expression,LOC102153539_3,186,180,0,0.0
expression,LOC102153595_4,186,180,0,0.0
expression,LOC102153920_3,186,180,0,0.0
expression,LOC102154005_3,186,180,0,0.0
expression,LOC102154811_3,186,180,0,0.0
expression,LOC102155002_3,186,180,0,0.0
expression,LOC102155513_3,186,180,0,0.0
expression,LOC102155887_3,186,180,0,0.0
expression,LOC102157137_3,186,180,0,0.0
expression,LOC102157295_3,186,180,0,0.0
expression,LOC106558641_2,186,180,0,0.0
expression,LOC106558815_3,186,180,0,0.0
expression,LOC106559435_3,186,180,0,0.0
expression,LOC106559492_3,186,180,0,0.0
expression,LOC106560032_3,186,180,0,0.0
expression,LOC111090896_3,186,180,0,0.0
expression,LOC111091339_3,186,180,0,0.0
expression,LOC111095514_3,186,180,0,0.0
expression,LOC111097105_3,186,180,0,0.0
expression,LOC111097892_3,186,180,0,0.0
expression,LOC111098596_3,186,180,0,0.0
expression,LOC119864254_2,186,180,0,0.0
expression,LOC119866080_2,186,180,0,0.0
expression,LOC119866395_3,186,180,0,0.0
expression,LOC119866863_3,186,180,0,0.0
expression,LOC119869359_3,186,180,0,0.0
expression,LOC119870759_3,186,180,0,0.0
expression,LOC119872807_3,186,180,0,0.0
expression,LOC119876148,186,180,0,0.0
expression,LOC119876488_1,186,180,0,0.0
expression,LOC119876635,186,180,0,0.0
expression,LOC119876690,186,180,0,0.0
expression,LOC119876869,186,180,0,0.0
expression,LOC119876957_2,186,180,0,0.0
expression,LOC119877104_2,186,180,0,0.0
expression,LOC119877595,186,180,0,0.0
expression,LOC119877604,186,180,0,0.0
expression,LOC119877834,186,180,0,0.0
expression,LOC119878274,186,180,0,0.0
expression,LOC119878965,186,180,0,0.0
expression,LOC119879273,186,180,0,0.0
expression,LOC478001_3,186,180,0,0.0
expression,LOC478183_3,186,180,0,0.0
expression,LOC607201_3,186,180,0,0.0
expression,LOC608238_2,186,180,0,0.0
expression,LRRC2_3,186,180,0,0.0
expression,LTF_3,186,180,0,0.0
expression,MBNL3_3,186,180,0,0.0
expression,MKRN2OS_3,186,180,0,0.0
expression,MYH15_3,186,180,0,0.0
expression,MYL5_3,186,180,0,0.0
expression,PDZD3_3,186,180,0,0.0
expression,PGBD5_3,186,180,0,0.0
expression,PI16_3,186,180,0,0.0
expression,PLN_3,186,180,0,0.0
expression,PMEL_3,186,180,0,0.0
expression,PTPN5_3,186,180,0,0.0
expression,RASAL1_3,186,180,0,0.0
expression,RORB_3,186,180,0,0.0
expression,RUBCNL_3,186,180,0,0.0
expression,SCNN1B_3,186,180,0,0.0
expression,SLAMF6_3,186,180,0,0.0
expression,SLAMF8_3,186,180,0,0.0
expression,SLC7A11_3,186,180,0,0.0
expression,SPATA9_3,186,180,0,0.0
expression,SPIB_3,186,180,0,0.0
expression,ST8SIA6_3,186,180,0,0.0
expression,SYNE4_3,186,180,0,0.0
expression,TBC1D16_3,186,180,0,0.0
expression,TEX49_3,186,180,0,0.0
expression,TLL2_3,186,180,0,0.0
expression,TRPC4_3,186,180,0,0.0
expression,TSPAN33_3,186,180,0,0.0
expression,XIRP1_3,186,180,0,0.0
expression,XK_3,186,180,0,0.0
expression,ZMAT1_3,186,180,0,0.0
expression,ACOT11_3,186,179,0,0.0
expression,ACOXL_3,186,179,0,0.0
expression,ADAMTS13_3,186,179,0,0.0
expression,ADCYAP1R1_3,186,179,0,0.0
expression,AKAIN1_3,186,179,0,0.0
expression,ALDH1A1_3,186,179,0,0.0
expression,APCDD1L_3,186,179,0,0.0
expression,AQP11_3,186,179,0,0.0
expression,AQP3_3,186,179,0,0.0
expression,ASIC3_3,186,179,0,0.0
expression,AVPR1A_3,186,179,0,0.0
expression,B3GNT8_3,186,179,0,0.0
expression,BAIAP2L2_3,186,179,0,0.0
expression,CATSPERG_3,186,179,0,0.0
expression,CCDC159_3,186,179,0,0.0
expression,CD96_3,186,179,0,0.0
expression,CEACAM28_3,186,179,0,0.0
expression,CLEC2B_3,186,179,0,0.0
expression,CRH_3,186,179,0,0.0
expression,DLG3_3,186,179,0,0.0
expression,DNAH5_3,186,179,0,0.0
expression,DNASE1L2_3,186,179,0,0.0
expression,ESRP1_3,186,179,0,0.0
expression,FAM186B_3,186,179,0,0.0
expression,FGFRL1_3,186,179,0,0.0
expression,GFI1B_3,186,179,0,0.0
expression,GJB2_3,186,179,0,0.0
expression,GRHL3_3,186,179,0,0.0
expression,GRIN2C_3,186,179,0,0.0
expression,GRM4_3,186,179,0,0.0
expression,IGF2_3,186,179,0,0.0
expression,IGLON5_3,186,179,0,0.0
expression,IL3RA_3,186,179,0,0.0
expression,IQSEC3_3,186,179,0,0.0
expression,IRF7_3,186,179,0,0.0
expression,ISM2_3,186,179,0,0.0
expression,KCNA5_3,186,179,0,0.0
expression,KCNQ4_3,186,179,0,0.0
expression,KIAA1755_3,186,179,0,0.0
expression,KIRREL2_3,186,179,0,0.0
expression,KLF15_3,186,179,0,0.0
expression,LIN7A_3,186,179,0,0.0
expression,LOC100685940_3,186,179,0,0.0
expression,LOC100686256_3,186,179,0,0.0
expression,LOC102152016_3,186,179,0,0.0
expression,LOC102153190_3,186,179,0,0.0
expression,LOC102154474_3,186,179,0,0.0
expression,LOC102154647_2,186,179,0,0.0
expression,LOC102155521_3,186,179,0,0.0
expression,LOC102156297_3,186,179,0,0.0
expression,LOC102156909_2,186,179,0,0.0
expression,LOC106557518_3,186,179,0,0.0
expression,LOC106560204_3,186,179,0,0.0
expression,LOC111090530_2,186,179,0,0.0
expression,LOC111092132_3,186,179,0,0.0
expression,LOC111092831_3,186,179,0,0.0
expression,LOC111095442_2,186,179,0,0.0
expression,LOC111097028_3,186,179,0,0.0
expression,LOC119863949_3,186,179,0,0.0
expression,LOC119865360_1,186,179,0,0.0
expression,LOC119865688_3,186,179,0,0.0
expression,LOC119866100_3,186,179,0,0.0
expression,LOC119866173_3,186,179,0,0.0
expression,LOC119866347_1,186,179,0,0.0
expression,LOC119866373_2,186,179,0,0.0
expression,LOC119866719_3,186,179,0,0.0
expression,LOC119867958_3,186,179,0,0.0
expression,LOC119870808_3,186,179,0,0.0
expression,LOC119871854_3,186,179,0,0.0
expression,LOC119873028_3,186,179,0,0.0
expression,LOC119873514_3,186,179,0,0.0
expression,LOC119876088,186,179,0,0.0
expression,LOC119877038,186,179,0,0.0
expression,LOC119877685,186,179,0,0.0
expression,LOC119877836,186,179,0,0.0
expression,LOC119878447,186,179,0,0.0
expression,LOC119879511,186,179,0,0.0
expression,LOC442967_3,186,179,0,0.0
expression,LOC608379_3,186,179,0,0.0
expression,LOC608848_3,186,179,0,0.0
expression,LOC611083_3,186,179,0,0.0
expression,MAGEL2_3,186,179,0,0.0
expression,MMP23_3,186,179,0,0.0
expression,MPP3_3,186,179,0,0.0
expression,MYRF_3,186,179,0,0.0
expression,OSCAR_3,186,179,0,0.0
expression,P2RY13_3,186,179,0,0.0
expression,PADI4_3,186,179,0,0.0
expression,PCLO_3,186,179,0,0.0
expression,PLD4_3,186,179,0,0.0
expression,PPP1R1B_3,186,179,0,0.0
expression,PRND_3,186,179,0,0.0
expression,PRSS53_3,186,179,0,0.0
expression,SECTM1_3,186,179,0,0.0
expression,SERPINB12_3,186,179,0,0.0
expression,SLC23A3_3,186,179,0,0.0
expression,SLC35F1_3,186,179,0,0.0
expression,SOAT2_3,186,179,0,0.0
expression,SPTBN4_3,186,179,0,0.0
expression,SSC4D_3,186,179,0,0.0
expression,ST14_3,186,179,0,0.0
expression,STPG3_3,186,179,0,0.0
expression,TSLP_3,186,179,0,0.0
expression,WSCD2_3,186,179,0,0.0
expression,ZNF219_3,186,179,0,0.0
expression,ABCA7_3,186,178,0,0.0
expression,ADAM23_3,186,178,0,0.0
expression,ANKRD24_3,186,178,0,0.0
expression,ARHGEF4_3,186,178,0,0.0
expression,BMP3_3,186,178,0,0.0
expression,BTNL9_3,186,178,0,0.0
expression,C12H6orf132_3,186,178,0,0.0
expression,C1QTNF3_3,186,178,0,0.0
expression,CACNA1B_3,186,178,0,0.0
expression,CAPNS2_3,186,178,0,0.0
expression,CATSPER2_3,186,178,0,0.0
expression,CBARP_3,186,178,0,0.0
expression,CCDC78_3,186,178,0,0.0
expression,CCT6B_3,186,178,0,0.0
expression,CD69_3,186,178,0,0.0
expression,CEND1_3,186,178,0,0.0
expression,CLIC3_3,186,178,0,0.0
expression,COL25A1_3,186,178,0,0.0
expression,CYP2D15_3,186,178,0,0.0
expression,FHAD1_3,186,178,0,0.0
expression,FRMD7_3,186,178,0,0.0
expression,GAS2_3,186,178,0,0.0
expression,GCK_3,186,178,0,0.0
expression,GPR137C_3,186,178,0,0.0
expression,H2AC8_2,186,178,0,0.0
expression,HCN2_3,186,178,0,0.0
expression,HGFAC_3,186,178,0,0.0
expression,HMGA2_3,186,178,0,0.0
expression,KERA_3,186,178,0,0.0
expression,LOC100682937_3,186,178,0,0.0
expression,LOC100684247_3,186,178,0,0.0
expression,LOC100687152_3,186,178,0,0.0
expression,LOC100687833_3,186,178,0,0.0
expression,LOC100688002_3,186,178,0,0.0
expression,LOC102151382_3,186,178,0,0.0
expression,LOC102152881_3,186,178,0,0.0
expression,LOC102154048_3,186,178,0,0.0
expression,LOC102154523_3,186,178,0,0.0
expression,LOC102155229_3,186,178,0,0.0
expression,LOC102155538_3,186,178,0,0.0
expression,LOC102156221_3,186,178,0,0.0
expression,LOC102156802_3,186,178,0,0.0
expression,LOC102156872_3,186,178,0,0.0
expression,LOC106558034_3,186,178,0,0.0
expression,LOC106558331_3,186,178,0,0.0
expression,LOC106559557_3,186,178,0,0.0
expression,LOC106559589_3,186,178,0,0.0
expression,LOC106560145_3,186,178,0,0.0
expression,LOC111090092_3,186,178,0,0.0
expression,LOC111091361_3,186,178,0,0.0
expression,LOC111091906_3,186,178,0,0.0
expression,LOC111094232_3,186,178,0,0.0
expression,LOC111095933_3,186,178,0,0.0
expression,LOC111096252_3,186,178,0,0.0
expression,LOC111096404_3,186,178,0,0.0
expression,LOC111097339_3,186,178,0,0.0
expression,LOC119864089_3,186,178,0,0.0
expression,LOC119865405_3,186,178,0,0.0
expression,LOC119867022_3,186,178,0,0.0
expression,LOC119872199_3,186,178,0,0.0
expression,LOC119872814_3,186,178,0,0.0
expression,LOC119873216_3,186,178,0,0.0
expression,LOC119873248_3,186,178,0,0.0
expression,LOC119873632_3,186,178,0,0.0
expression,LOC119876014_1,186,178,0,0.0
expression,LOC119876017,186,178,0,0.0
expression,LOC119877537,186,178,0,0.0
expression,LOC119877644,186,178,0,0.0
expression,LOC119878686,186,178,0,0.0
expression,LOC119879143,186,178,0,0.0
expression,LOC609817_3,186,178,0,0.0
expression,LOC611989_3,186,178,0,0.0
expression,LRRC4B_3,186,178,0,0.0
expression,MCEMP1_3,186,178,0,0.0
expression,MYO18B_3,186,178,0,0.0
expression,NLGN1_3,186,178,0,0.0
expression,NMNAT3_3,186,178,0,0.0
expression,NRCAM_3,186,178,0,0.0
expression,NRG1_3,186,178,0,0.0
expression,NT5C1A_3,186,178,0,0.0
expression,NXPH4_2,186,178,0,0.0
expression,OOEP_3,186,178,0,0.0
expression,PAQR9_3,186,178,0,0.0
expression,PLAC8B_3,186,178,0,0.0
expression,PLEKHA7_3,186,178,0,0.0
expression,PRKAG3_3,186,178,0,0.0
expression,PRKCZ_3,186,178,0,0.0
expression,RFLNA_3,186,178,0,0.0
expression,S100A5_3,186,178,0,0.0
expression,SCIN_4,186,178,0,0.0
expression,SERPINB11_3,186,178,0,0.0
expression,SERPINF2_3,186,178,0,0.0
expression,SKIDA1_3,186,178,0,0.0
expression,SLC6A7_3,186,178,0,0.0
expression,SOCS1_3,186,178,0,0.0
expression,TEX47_3,186,178,0,0.0
expression,TNNI3K_3,186,178,0,0.0
expression,BRME1_3,186,177,0,0.0
expression,C10H2orf73_3,186,177,0,0.0
expression,C10H2orf92_3,186,177,0,0.0
expression,C2CD4B_3,186,177,0,0.0
expression,C5H11orf87_3,186,177,0,0.0
expression,CARNS1_3,186,177,0,0.0
expression,CDKN2A_1,186,177,0,0.0
expression,CLEC2D_3,186,177,0,0.0
expression,CLEC4A_3,186,177,0,0.0
expression,CLIC6_3,186,177,0,0.0
expression,CNKSR2_3,186,177,0,0.0
expression,CTSW_3,186,177,0,0.0
expression,EMR4_3,186,177,0,0.0
expression,EPHB2_3,186,177,0,0.0
expression,EXPH5_3,186,177,0,0.0
expression,FAIM2_3,186,177,0,0.0
expression,FAM221B_3,186,177,0,0.0
expression,FSIP1_3,186,177,0,0.0
expression,GATA3_3,186,177,0,0.0
expression,GDF6_3,186,177,0,0.0
expression,GFRA4_3,186,177,0,0.0
expression,GRIK2_3,186,177,0,0.0
expression,HOXC10_3,186,177,0,0.0
expression,IRX1_3,186,177,0,0.0
expression,LOC102152075_3,186,177,0,0.0
expression,LOC102154020_3,186,177,0,0.0
expression,LOC102154477_3,186,177,0,0.0
expression,LOC102155027_3,186,177,0,0.0
expression,LOC102156027_3,186,177,0,0.0
expression,LOC106557720_3,186,177,0,0.0
expression,LOC106558207_3,186,177,0,0.0
expression,LOC106558574_3,186,177,0,0.0
expression,LOC111090096_3,186,177,0,0.0
expression,LOC111091306_3,186,177,0,0.0
expression,LOC111091716_3,186,177,0,0.0
expression,LOC111092083_3,186,177,0,0.0
expression,LOC111092443_3,186,177,0,0.0
expression,LOC111093498_3,186,177,0,0.0
expression,LOC111093560_3,186,177,0,0.0
expression,LOC111096291_3,186,177,0,0.0
expression,LOC111097407_3,186,177,0,0.0
expression,LOC119864727_3,186,177,0,0.0
expression,LOC119865164_3,186,177,0,0.0
expression,LOC119866215_2,186,177,0,0.0
expression,LOC119867006_3,186,177,0,0.0
expression,LOC119867443_3,186,177,0,0.0
expression,LOC119869150_1,186,177,0,0.0
expression,LOC119871051_3,186,177,0,0.0
expression,LOC119874157_3,186,177,0,0.0
expression,LOC119875986,186,177,0,0.0
expression,LOC119875993,186,177,0,0.0
expression,LOC119876052,186,177,0,0.0
expression,LOC119876292,186,177,0,0.0
expression,LOC119876729_1,186,177,0,0.0
expression,LOC119877796,186,177,0,0.0
expression,LOC119878074,186,177,0,0.0
expression,LOC119878520,186,177,0,0.0
expression,LOC119879027,186,177,0,0.0
expression,LOC481472_3,186,177,0,0.0
expression,LOC610717_3,186,177,0,0.0
expression,LRRC3_3,186,177,0,0.0
expression,LTB4R_3,186,177,0,0.0
expression,MB_3,186,177,0,0.0
expression,MPZL2_3,186,177,0,0.0
expression,MPZL3_3,186,177,0,0.0
expression,MYL4_3,186,177,0,0.0
expression,MYO15B_3,186,177,0,0.0
expression,NRAP_3,186,177,0,0.0
expression,OCSTAMP_3,186,177,0,0.0
expression,P2RX2_3,186,177,0,0.0
expression,PERP_3,186,177,0,0.0
expression,PLA2G5_3,186,177,0,0.0
expression,PPARGC1A_3,186,177,0,0.0
expression,PPFIA2_3,186,177,0,0.0
expression,PTPRN2_3,186,177,0,0.0
expression,RDH16_3,186,177,0,0.0
expression,RGS17_3,186,177,0,0.0
expression,SLC9A2_3,186,177,0,0.0
expression,SPAG16_3,186,177,0,0.0
expression,SPATA20_3,186,177,0,0.0
expression,SUSD5_3,186,177,0,0.0
expression,TBX21_3,186,177,0,0.0
expression,TLCD2_3,186,177,0,0.0
expression,TMEM132E_3,186,177,0,0.0
expression,TMEM190_3,186,177,0,0.0
expression,USP44_3,186,177,0,0.0
expression,ZNF404_3,186,177,0,0.0
expression,ADAMDEC1_3,186,176,0,0.0
expression,ADCYAP1_3,186,176,0,0.0
expression,ALDH1A2_3,186,176,0,0.0
expression,ANKRD35_3,186,176,0,0.0
expression,ASTN2_3,186,176,0,0.0
expression,C1H19orf33_3,186,176,0,0.0
expression,C5_3,186,176,0,0.0
expression,CD1D_3,186,176,0,0.0
expression,CDKL4_3,186,176,0,0.0
expression,CNTFR_3,186,176,0,0.0
expression,CTRL_3,186,176,0,0.0
expression,CX3CR1_3,186,176,0,0.0
expression,DERL3_3,186,176,0,0.0
expression,DIPK1B_3,186,176,0,0.0
expression,DLA-DOA_3,186,176,0,0.0
expression,DUSP15_3,186,176,0,0.0
expression,DYNLT4_3,186,176,0,0.0
expression,ENDOU_3,186,176,0,0.0
expression,EPHX4_3,186,176,0,0.0
expression,ERFE_3,186,176,0,0.0
expression,FAM178B_3,186,176,0,0.0
expression,FAM181B_3,186,176,0,0.0
expression,GALNT14_3,186,176,0,0.0
expression,GAP43_3,186,176,0,0.0
expression,GLIS1_3,186,176,0,0.0
expression,HGD_3,186,176,0,0.0
expression,HNF4A_3,186,176,0,0.0
expression,HOXB8_3,186,176,0,0.0
expression,HSD17B13_3,186,176,0,0.0
expression,IDO1_3,186,176,0,0.0
expression,KBTBD2_3,186,176,0,0.0
expression,KLHDC9_3,186,176,0,0.0
expression,KLHL41_3,186,176,0,0.0
expression,LOC100687411_3,186,176,0,0.0
expression,LOC100688595_3,186,176,0,0.0
expression,LOC102152465_3,186,176,0,0.0
expression,LOC102152799_3,186,176,0,0.0
expression,LOC102153001_3,186,176,0,0.0
expression,LOC102154270_3,186,176,0,0.0
expression,LOC102154866_3,186,176,0,0.0
expression,LOC102156014_3,186,176,0,0.0
expression,LOC102156662_3,186,176,0,0.0
expression,LOC102156855_3,186,176,0,0.0
expression,LOC111090344_3,186,176,0,0.0
expression,LOC111091148_3,186,176,0,0.0
expression,LOC111094018_3,186,176,0,0.0
expression,LOC111094576_3,186,176,0,0.0
expression,LOC111096353_2,186,176,0,0.0
expression,LOC111096416_3,186,176,0,0.0
expression,LOC111097285_3,186,176,0,0.0
expression,LOC119865549_3,186,176,0,0.0
expression,LOC119865697_2,186,176,0,0.0
expression,LOC119866380_3,186,176,0,0.0
expression,LOC119866900_3,186,176,0,0.0
expression,LOC119867066_3,186,176,0,0.0
expression,LOC119870656_3,186,176,0,0.0
expression,LOC119870992_2,186,176,0,0.0
expression,LOC119871606_3,186,176,0,0.0
expression,LOC119873778_3,186,176,0,0.0
expression,LOC119876283_2,186,176,0,0.0
expression,LOC119877348,186,176,0,0.0
expression,LOC119877472,186,176,0,0.0
expression,LOC119877475,186,176,0,0.0
expression,LOC119878577,186,176,0,0.0
expression,LOC481790_3,186,176,0,0.0
expression,LOC487020_3,186,176,0,0.0
expression,LOC609055_2,186,176,0,0.0
expression,LOC609911_3,186,176,0,0.0
expression,MAL2_3,186,176,0,0.0
expression,MARVELD3_3,186,176,0,0.0
expression,MIR8819_3,186,176,0,0.0
expression,MTMR7_3,186,176,0,0.0
expression,MTTP_3,186,176,0,0.0
expression,NT5M_3,186,176,0,0.0
expression,NXPH2_3,186,176,0,0.0
expression,OIT3_3,186,176,0,0.0
expression,PDE1B_3,186,176,0,0.0
expression,PITX1_3,186,176,0,0.0
expression,PLIN1_3,186,176,0,0.0
expression,RIPOR3_3,186,176,0,0.0
expression,SLC16A12_3,186,176,0,0.0
expression,STAP1_3,186,176,0,0.0
expression,TMEM108_3,186,176,0,0.0
expression,TMEM198_3,186,176,0,0.0
expression,UBAP1L_3,186,176,0,0.0
expression,XKR5_3,186,176,0,0.0
expression,AFF2_3,186,175,0,0.0
expression,ANKRD45_3,186,175,0,0.0
expression,B4GALNT4_3,186,175,0,0.0
expression,CARMIL3_3,186,175,0,0.0
expression,CD3D_3,186,175,0,0.0
expression,CRACD_3,186,175,0,0.0
expression,CUX2_3,186,175,0,0.0
expression,DDX4_3,186,175,0,0.0
expression,DKK1_3,186,175,0,0.0
expression,DOK6_3,186,175,0,0.0
expression,DPYS_3,186,175,0,0.0
expression,FAM155B_3,186,175,0,0.0
expression,FRAS1_3,186,175,0,0.0
expression,GNG3_3,186,175,0,0.0
expression,GPR132_3,186,175,0,0.0
expression,GPR35_3,186,175,0,0.0
expression,GPRC5D_3,186,175,0,0.0
expression,H2BC7_3,186,175,0,0.0
expression,HOXD12_3,186,175,0,0.0
expression,HTR1B_3,186,175,0,0.0
expression,IL18RAP_3,186,175,0,0.0
expression,ITIH4_2,186,175,0,0.0
expression,JPH1_3,186,175,0,0.0
expression,KCNIP1_3,186,175,0,0.0
expression,LOC102151298_3,186,175,0,0.0
expression,LOC102152522_3,186,175,0,0.0
expression,LOC102152811_3,186,175,0,0.0
expression,LOC102155198_3,186,175,0,0.0
expression,LOC106558325_3,186,175,0,0.0
expression,LOC106559300_3,186,175,0,0.0
expression,LOC106559577_1,186,175,0,0.0
expression,LOC111090720_3,186,175,0,0.0
expression,LOC111092999_3,186,175,0,0.0
expression,LOC111096245_3,186,175,0,0.0
expression,LOC111096349_3,186,175,0,0.0
expression,LOC111097654_3,186,175,0,0.0
expression,LOC111097807_3,186,175,0,0.0
expression,LOC119864178_3,186,175,0,0.0
expression,LOC119864659_3,186,175,0,0.0
expression,LOC119866622_1,186,175,0,0.0
expression,LOC119867692_3,186,175,0,0.0
expression,LOC119867927_3,186,175,0,0.0
expression,LOC119869363_3,186,175,0,0.0
expression,LOC119876141_1,186,175,0,0.0
expression,LOC119876448,186,175,0,0.0
expression,LOC119876631,186,175,0,0.0
expression,LOC119877805,186,175,0,0.0
expression,LOC119877878,186,175,0,0.0
expression,LOC119878107,186,175,0,0.0
expression,LOC119878576,186,175,0,0.0
expression,LOC480476_3,186,175,0,0.0
expression,LRRC39_3,186,175,0,0.0
expression,MAP3K7CL_3,186,175,0,0.0
expression,NKX3-2_3,186,175,0,0.0
expression,NLRC3_3,186,175,0,0.0
expression,PCBP3_3,186,175,0,0.0
expression,PITX2_3,186,175,0,0.0
expression,PKHD1L1_3,186,175,0,0.0
expression,PROX1_3,186,175,0,0.0
expression,RIMS2_3,186,175,0,0.0
expression,SEPTIN3_3,186,175,0,0.0
expression,SLC15A1_3,186,175,0,0.0
expression,SMIM2_3,186,175,0,0.0
expression,SPDYC_3,186,175,0,0.0
expression,TAC3_3,186,175,0,0.0
expression,TDRD5_3,186,175,0,0.0
expression,TNFAIP6_3,186,175,0,0.0
expression,TNNT2_3,186,175,0,0.0
expression,VXN_3,186,175,0,0.0
expression,ADSS1_3,186,174,0,0.0
expression,ASS1_3,186,174,0,0.0
expression,ATCAY_3,186,174,0,0.0
expression,AXDND1_3,186,174,0,0.0
expression,BMP5_3,186,174,0,0.0
expression,CA14_3,186,174,0,0.0
expression,CAPN6_3,186,174,0,0.0
expression,CD244_3,186,174,0,0.0
expression,CHP2_3,186,174,0,0.0
expression,CLNK_3,186,174,0,0.0
expression,CNGA1_3,186,174,0,0.0
expression,CNMD_3,186,174,0,0.0
expression,CREB3L3_3,186,174,0,0.0
expression,CRISPLD1_3,186,174,0,0.0
expression,DNAH2_3,186,174,0,0.0
expression,DNAJC6_3,186,174,0,0.0
expression,DSC2_3,186,174,0,0.0
expression,DSC3_3,186,174,0,0.0
expression,EPS8L2_3,186,174,0,0.0
expression,EXOC3L4_3,186,174,0,0.0
expression,FAM83C_3,186,174,0,0.0
expression,FBXW12_3,186,174,0,0.0
expression,GALNT8_3,186,174,0,0.0
expression,GFI1_3,186,174,0,0.0
expression,GPM6A_3,186,174,0,0.0
expression,GRIA1_3,186,174,0,0.0
expression,HCAR2_3,186,174,0,0.0
expression,IDO2_3,186,174,0,0.0
expression,IL32_3,186,174,0,0.0
expression,IRF4_3,186,174,0,0.0
expression,IZUMO4_3,186,174,0,0.0
expression,KIRREL3_3,186,174,0,0.0
expression,LGI3_3,186,174,0,0.0
expression,LOC100685462_3,186,174,0,0.0
expression,LOC102151479_3,186,174,0,0.0
expression,LOC102151536_3,186,174,0,0.0
expression,LOC102151830_3,186,174,0,0.0
expression,LOC102151885_1,186,174,0,0.0
expression,LOC102152253_3,186,174,0,0.0
expression,LOC102154511_3,186,174,0,0.0
expression,LOC102154711_3,186,174,0,0.0
expression,LOC102154920_3,186,174,0,0.0
expression,LOC102156268_3,186,174,0,0.0
expression,LOC102156726_3,186,174,0,0.0
expression,LOC102156935_3,186,174,0,0.0
expression,LOC102157320_3,186,174,0,0.0
expression,LOC106557648_3,186,174,0,0.0
expression,LOC106558737_3,186,174,0,0.0
expression,LOC106559302_3,186,174,0,0.0
expression,LOC106559785_3,186,174,0,0.0
expression,LOC111094029_3,186,174,0,0.0
expression,LOC111095253_3,186,174,0,0.0
expression,LOC111096256_3,186,174,0,0.0
expression,LOC111097330_3,186,174,0,0.0
expression,LOC119865702_3,186,174,0,0.0
expression,LOC119870938_3,186,174,0,0.0
expression,LOC119874406_3,186,174,0,0.0
expression,LOC119876067,186,174,0,0.0
expression,LOC119876796,186,174,0,0.0
expression,LOC119878795_1,186,174,0,0.0
expression,LOC608975_3,186,174,0,0.0
expression,LRFN2_3,186,174,0,0.0
expression,MAB21L2_3,186,174,0,0.0
expression,MARCO_3,186,174,0,0.0
expression,NAT8L_3,186,174,0,0.0
expression,PDE1A_3,186,174,0,0.0
expression,RNF212B_3,186,174,0,0.0
expression,SAMD12_3,186,174,0,0.0
expression,SCX_3,186,174,0,0.0
expression,SLC14A1_3,186,174,0,0.0
expression,SLC6A15_3,186,174,0,0.0
expression,SOX21_3,186,174,0,0.0
expression,SPHKAP_3,186,174,0,0.0
expression,SPP2_3,186,174,0,0.0
expression,TFCP2L1_3,186,174,0,0.0
expression,TMC8_3,186,174,0,0.0
expression,TMIE_3,186,174,0,0.0
expression,TNFSF15_3,186,174,0,0.0
expression,TREML2_3,186,174,0,0.0
expression,BEAN1_3,186,173,0,0.0
expression,BTLA_3,186,173,0,0.0
expression,C9H17orf99_3,186,173,0,0.0
expression,CCL21_3,186,173,0,0.0
expression,CD5_3,186,173,0,0.0
expression,DLK2_3,186,173,0,0.0
expression,DPEP1_3,186,173,0,0.0
expression,ELAPOR1_3,186,173,0,0.0
expression,EPCAM_3,186,173,0,0.0
expression,GABRA1_3,186,173,0,0.0
expression,H19_3,186,173,0,0.0
expression,IL10_3,186,173,0,0.0
expression,IL1RL1_3,186,173,0,0.0
expression,INSYN2A_3,186,173,0,0.0
expression,KCTD19_3,186,173,0,0.0
expression,KL_3,186,173,0,0.0
expression,LOC100856231_3,186,173,0,0.0
expression,LOC102152142_2,186,173,0,0.0
expression,LOC102154476_3,186,173,0,0.0
expression,LOC102154998_3,186,173,0,0.0
expression,LOC102155950_3,186,173,0,0.0
expression,LOC102156670_3,186,173,0,0.0
expression,LOC111093792_3,186,173,0,0.0
expression,LOC111093913_3,186,173,0,0.0
expression,LOC111097455_3,186,173,0,0.0
expression,LOC111097728_3,186,173,0,0.0
expression,LOC119863926_3,186,173,0,0.0
expression,LOC119863984_2,186,173,0,0.0
expression,LOC119864141_2,186,173,0,0.0
expression,LOC119865197_3,186,173,0,0.0
expression,LOC119866139_3,186,173,0,0.0
expression,LOC119866371_3,186,173,0,0.0
expression,LOC119871476_3,186,173,0,0.0
expression,LOC119872623_3,186,173,0,0.0
expression,LOC119876890,186,173,0,0.0
expression,LOC119877251,186,173,0,0.0
expression,LOC119877529,186,173,0,0.0
expression,LOC119877612,186,173,0,0.0
expression,LOC119878966,186,173,0,0.0
expression,LOC608483_3,186,173,0,0.0
expression,LOC608876_3,186,173,0,0.0
expression,MEFV_3,186,173,0,0.0
expression,METTL24_3,186,173,0,0.0
expression,NGF_3,186,173,0,0.0
expression,NKG7_3,186,173,0,0.0
expression,NRGN_3,186,173,0,0.0
expression,P2RX1_3,186,173,0,0.0
expression,PAPOLB_3,186,173,0,0.0
expression,PAQR5_3,186,173,0,0.0
expression,RIMBP2_3,186,173,0,0.0
expression,S100A14_3,186,173,0,0.0
expression,SERPINB2_3,186,173,0,0.0
expression,SFRP5_3,186,173,0,0.0
expression,SLC36A2_3,186,173,0,0.0
expression,STAB2_3,186,173,0,0.0
expression,TG_3,186,173,0,0.0
expression,TJP3_3,186,173,0,0.0
expression,TMEM178A_3,186,173,0,0.0
expression,TNK1_3,186,173,0,0.0
expression,TNNI3_3,186,173,0,0.0
expression,VEGFD_3,186,173,0,0.0
expression,AATK_3,186,172,0,0.0
expression,AIPL1_3,186,172,0,0.0
expression,AOX2_3,186,172,0,0.0
expression,ARPP21_3,186,172,0,0.0
expression,BPIFB4_3,186,172,0,0.0
expression,C27H12orf60_3,186,172,0,0.0
expression,C37H2orf88_3,186,172,0,0.0
expression,CKM_3,186,172,0,0.0
expression,COLCA2_3,186,172,0,0.0
expression,DIO3_3,186,172,0,0.0
expression,FCER2_3,186,172,0,0.0
expression,FCRL4_3,186,172,0,0.0
expression,FMN2_3,186,172,0,0.0
expression,FMO3_3,186,172,0,0.0
expression,FRMPD1_3,186,172,0,0.0
expression,HNF4G_3,186,172,0,0.0
expression,KLKB1_3,186,172,0,0.0
expression,LOC100686711_3,186,172,0,0.0
expression,LOC102151540_3,186,172,0,0.0
expression,LOC102152105_3,186,172,0,0.0
expression,LOC102153549_3,186,172,0,0.0
expression,LOC102154192_3,186,172,0,0.0
expression,LOC102154355_3,186,172,0,0.0
expression,LOC102154725_3,186,172,0,0.0
expression,LOC102155667_3,186,172,0,0.0
expression,LOC102155746_3,186,172,0,0.0
expression,LOC102156449_3,186,172,0,0.0
expression,LOC106557839_3,186,172,0,0.0
expression,LOC106558271_3,186,172,0,0.0
expression,LOC111090049_3,186,172,0,0.0
expression,LOC111090471_3,186,172,0,0.0
expression,LOC111091362_3,186,172,0,0.0
expression,LOC111091384_3,186,172,0,0.0
expression,LOC111091803_3,186,172,0,0.0
expression,LOC111091857_3,186,172,0,0.0
expression,LOC111092148_2,186,172,0,0.0
expression,LOC111092892_3,186,172,0,0.0
expression,LOC111095807_3,186,172,0,0.0
expression,LOC111097151_3,186,172,0,0.0
expression,LOC111097476_3,186,172,0,0.0
expression,LOC111097581_3,186,172,0,0.0
expression,LOC111097903_3,186,172,0,0.0
expression,LOC119864700_3,186,172,0,0.0
expression,LOC119867070_3,186,172,0,0.0
expression,LOC119867358_2,186,172,0,0.0
expression,LOC119868517_3,186,172,0,0.0
expression,LOC119871417_3,186,172,0,0.0
expression,LOC119872656_3,186,172,0,0.0
expression,LOC119872658_3,186,172,0,0.0
expression,LOC119873586_3,186,172,0,0.0
expression,LOC119877203,186,172,0,0.0
expression,LOC119878210,186,172,0,0.0
expression,LOC119878255,186,172,0,0.0
expression,LOC119878292,186,172,0,0.0
expression,LOC119878297,186,172,0,0.0
expression,LOC119878303,186,172,0,0.0
expression,LOC119878308,186,172,0,0.0
expression,LOC119878420,186,172,0,0.0
expression,LOC119878503,186,172,0,0.0
expression,LOC119878754,186,172,0,0.0
expression,LOC119878791,186,172,0,0.0
expression,LOC119879331,186,172,0,0.0
expression,LOC490269_3,186,172,0,0.0
expression,LOC491979_3,186,172,0,0.0
expression,LOC606863_3,186,172,0,0.0
expression,LOC606974_3,186,172,0,0.0
expression,LOC607096_3,186,172,0,0.0
expression,LOC610614_3,186,172,0,0.0
expression,LRRC15_3,186,172,0,0.0
expression,MAFF_3,186,172,0,0.0
expression,MAP7D2_3,186,172,0,0.0
expression,MDGA2_3,186,172,0,0.0
expression,OTOA_3,186,172,0,0.0
expression,P2RY8_3,186,172,0,0.0
expression,PAX3_3,186,172,0,0.0
expression,PLIN4_3,186,172,0,0.0
expression,POU2AF1_3,186,172,0,0.0
expression,PPP1R36_3,186,172,0,0.0
expression,PRKAR1B_3,186,172,0,0.0
expression,RAD21L1_3,186,172,0,0.0
expression,SBSN_3,186,172,0,0.0
expression,SCNN1D_3,186,172,0,0.0
expression,SLC9B1_3,186,172,0,0.0
expression,SOSTDC1_3,186,172,0,0.0
expression,TIMP4_3,186,172,0,0.0
expression,TMEM145_3,186,172,0,0.0
expression,TMEM163_3,186,172,0,0.0
expression,TMEM273_3,186,172,0,0.0
expression,TNFRSF18_3,186,172,0,0.0
expression,TNFRSF8_3,186,172,0,0.0
expression,TRPV1_3,186,172,0,0.0
expression,VILL_3,186,172,0,0.0
expression,WNT4_3,186,172,0,0.0
expression,ADAMTS16_3,186,171,0,0.0
expression,ASIC2_3,186,171,0,0.0
expression,ATP1A4_3,186,171,0,0.0
expression,BRSK2_3,186,171,0,0.0
expression,C1QL1_3,186,171,0,0.0
expression,C32H4orf54_3,186,171,0,0.0
expression,CD5L_3,186,171,0,0.0
expression,CXCR1_3,186,171,0,0.0
expression,FCER1A_3,186,171,0,0.0
expression,FGF14_3,186,171,0,0.0
expression,G0S2_3,186,171,0,0.0
expression,GABRE_3,186,171,0,0.0
expression,H2AC11_3,186,171,0,0.0
expression,KIF19_3,186,171,0,0.0
expression,KLHL40_3,186,171,0,0.0
expression,LOC100685891_3,186,171,0,0.0
expression,LOC102151806_3,186,171,0,0.0
expression,LOC102152806_3,186,171,0,0.0
expression,LOC102153255_3,186,171,0,0.0
expression,LOC102153394_3,186,171,0,0.0
expression,LOC102153761_3,186,171,0,0.0
expression,LOC102155917_3,186,171,0,0.0
expression,LOC106558426_3,186,171,0,0.0
expression,LOC111091874_3,186,171,0,0.0
expression,LOC111092078_2,186,171,0,0.0
expression,LOC111093322_3,186,171,0,0.0
expression,LOC111094280_3,186,171,0,0.0
expression,LOC111094294_3,186,171,0,0.0
expression,LOC111097174_3,186,171,0,0.0
expression,LOC111097304_3,186,171,0,0.0
expression,LOC111097724_3,186,171,0,0.0
expression,LOC111097886_3,186,171,0,0.0
expression,LOC119864710_3,186,171,0,0.0
expression,LOC119865177_3,186,171,0,0.0
expression,LOC119865207_3,186,171,0,0.0
expression,LOC119865980_1,186,171,0,0.0
expression,LOC119869738_3,186,171,0,0.0
expression,LOC119877051,186,171,0,0.0
expression,LOC119878404,186,171,0,0.0
expression,LOC119879221,186,171,0,0.0
expression,LOC484867_3,186,171,0,0.0
expression,LOC486404_3,186,171,0,0.0
expression,LOC609621_3,186,171,0,0.0
expression,LOC611067_3,186,171,0,0.0
expression,LOC611720_3,186,171,0,0.0
expression,MESP2_3,186,171,0,0.0
expression,NEURL1_3,186,171,0,0.0
expression,NFASC_3,186,171,0,0.0
expression,NSUN7_3,186,171,0,0.0
expression,RAB3C_3,186,171,0,0.0
expression,RAMP1_3,186,171,0,0.0
expression,RBM47_3,186,171,0,0.0
expression,RNF165_3,186,171,0,0.0
expression,SAP25_3,186,171,0,0.0
expression,SLC1A1_3,186,171,0,0.0
expression,TNNI2_3,186,171,0,0.0
expression,TRIM67_3,186,171,0,0.0
expression,TWIST2_3,186,171,0,0.0
expression,WDR64_3,186,171,0,0.0
expression,YDJC_3,186,171,0,0.0
expression,ZNF831_3,186,171,0,0.0
expression,APOA1_3,186,170,0,0.0
expression,ARRDC5_3,186,170,0,0.0
expression,ATP2C2_3,186,170,0,0.0
expression,C7_3,186,170,0,0.0
expression,CD27_3,186,170,0,0.0
expression,CLDN4_3,186,170,0,0.0
expression,DNER_3,186,170,0,0.0
expression,FAM186A_3,186,170,0,0.0
expression,FBXO47_3,186,170,0,0.0
expression,FSD1_3,186,170,0,0.0
expression,GRAMD2A_3,186,170,0,0.0
expression,GRIK5_3,186,170,0,0.0
expression,HOXB13_3,186,170,0,0.0
expression,HOXC13_3,186,170,0,0.0
expression,IL23A_3,186,170,0,0.0
expression,IL2RA_3,186,170,0,0.0
expression,KIAA1549L_3,186,170,0,0.0
expression,LEKR1_3,186,170,0,0.0
expression,LOC102151760_3,186,170,0,0.0
expression,LOC102151970_3,186,170,0,0.0
expression,LOC102152600_3,186,170,0,0.0
expression,LOC102153760_3,186,170,0,0.0
expression,LOC102154169_3,186,170,0,0.0
expression,LOC102156864_3,186,170,0,0.0
expression,LOC106558031_3,186,170,0,0.0
expression,LOC106558784_4,186,170,0,0.0
expression,LOC106559002_3,186,170,0,0.0
expression,LOC106559243_3,186,170,0,0.0
expression,LOC106559474_3,186,170,0,0.0
expression,LOC106559773_3,186,170,0,0.0
expression,LOC111090551_3,186,170,0,0.0
expression,LOC111093339_3,186,170,0,0.0
expression,LOC111095534_3,186,170,0,0.0
expression,LOC111095568_3,186,170,0,0.0
expression,LOC111096028_3,186,170,0,0.0
expression,LOC111097154_3,186,170,0,0.0
expression,LOC111097373_3,186,170,0,0.0
expression,LOC111098122_2,186,170,0,0.0
expression,LOC111098545_2,186,170,0,0.0
expression,LOC111098752_3,186,170,0,0.0
expression,LOC119867493_3,186,170,0,0.0
expression,LOC119868391_3,186,170,0,0.0
expression,LOC119869553_3,186,170,0,0.0
expression,LOC119874443_3,186,170,0,0.0
expression,LOC119876209,186,170,0,0.0
expression,LOC119877582,186,170,0,0.0
expression,LOC119877617,186,170,0,0.0
expression,LOC119877638,186,170,0,0.0
expression,LOC119878247,186,170,0,0.0
expression,LOC119878424,186,170,0,0.0
expression,LOC119878832,186,170,0,0.0
expression,LOC119879343,186,170,0,0.0
expression,LOC484343_3,186,170,0,0.0
expression,LOC611215_3,186,170,0,0.0
expression,LOC612044_3,186,170,0,0.0
expression,LOC612471_3,186,170,0,0.0
expression,MGAM_3,186,170,0,0.0
expression,MYBPC1_3,186,170,0,0.0
expression,MYL1_3,186,170,0,0.0
expression,NAPSA_3,186,170,0,0.0
expression,NECAB2_3,186,170,0,0.0
expression,NFE2_3,186,170,0,0.0
expression,OLFM2_3,186,170,0,0.0
expression,PLPPR2_3,186,170,0,0.0
expression,SCN8A_3,186,170,0,0.0
expression,SFN_3,186,170,0,0.0
expression,SLC38A3_3,186,170,0,0.0
expression,SLFN14_3,186,170,0,0.0
expression,STOX1_3,186,170,0,0.0
expression,TLDC2_3,186,170,0,0.0
expression,TMEM232_3,186,170,0,0.0
expression,TNNT1_3,186,170,0,0.0
expression,TRPM6_3,186,170,0,0.0
expression,VSTM5_3,186,170,0,0.0
expression,VWA3A_3,186,170,0,0.0
expression,ZBTB32_3,186,170,0,0.0
expression,ACSL6_3,186,169,0,0.0
expression,AP3B2_3,186,169,0,0.0
expression,ATP6V1C2_3,186,169,0,0.0
expression,C15H1orf185_3,186,169,0,0.0
expression,CACNG5_3,186,169,0,0.0
expression,CCDC160_3,186,169,0,0.0
expression,CCDC65_3,186,169,0,0.0
expression,CFH_3,186,169,0,0.0
expression,CNR2_3,186,169,0,0.0
expression,EDN3_3,186,169,0,0.0
expression,EMX2_3,186,169,0,0.0
expression,FBLL1_3,186,169,0,0.0
expression,FBP2_3,186,169,0,0.0
expression,FGF12_3,186,169,0,0.0
expression,FOXG1_3,186,169,0,0.0
expression,FOXP2_3,186,169,0,0.0
expression,GRK1_3,186,169,0,0.0
expression,HSD11B1_3,186,169,0,0.0
expression,IL6_3,186,169,0,0.0
expression,IRX2_3,186,169,0,0.0
expression,LOC100683727_3,186,169,0,0.0
expression,LOC100688360_3,186,169,0,0.0
expression,LOC102151676_3,186,169,0,0.0
expression,LOC102152031_3,186,169,0,0.0
expression,LOC102152846_3,186,169,0,0.0
expression,LOC102155424_3,186,169,0,0.0
expression,LOC102155678_3,186,169,0,0.0
expression,LOC102155729_3,186,169,0,0.0
expression,LOC102156616_3,186,169,0,0.0
expression,LOC102157368_3,186,169,0,0.0
expression,LOC111094040_3,186,169,0,0.0
expression,LOC111095481_3,186,169,0,0.0
expression,LOC111095906_3,186,169,0,0.0
expression,LOC111098244_3,186,169,0,0.0
expression,LOC119865347_3,186,169,0,0.0
expression,LOC119865673_2,186,169,0,0.0
expression,LOC119865687_3,186,169,0,0.0
expression,LOC119867627_3,186,169,0,0.0
expression,LOC119868078_3,186,169,0,0.0
expression,LOC119872583_3,186,169,0,0.0
expression,LOC119873908_3,186,169,0,0.0
expression,LOC119874623_3,186,169,0,0.0
expression,LOC119876434,186,169,0,0.0
expression,LOC119876480,186,169,0,0.0
expression,LOC119876639,186,169,0,0.0
expression,LOC609753_3,186,169,0,0.0
expression,LOC611908_3,186,169,0,0.0
expression,LRRC66_3,186,169,0,0.0
expression,NTN1_3,186,169,0,0.0
expression,NUP210L_3,186,169,0,0.0
expression,ODAD3_3,186,169,0,0.0
expression,PACRG_3,186,169,0,0.0
expression,PKDREJ_3,186,169,0,0.0
expression,PRDM16_3,186,169,0,0.0
expression,PROKR1_3,186,169,0,0.0
expression,RINL_3,186,169,0,0.0
expression,SLC13A5_3,186,169,0,0.0
expression,SRRM3_3,186,169,0,0.0
expression,TAL2_3,186,169,0,0.0
expression,TMEM86B_3,186,169,0,0.0
expression,WNT16_2,186,169,0,0.0
expression,WNT2_3,186,169,0,0.0
expression,ZSWIM5_3,186,169,0,0.0
expression,ABCA9_3,186,168,0,0.0
expression,ABO_3,186,168,0,0.0
expression,ACRBP_3,186,168,0,0.0
expression,ADD2_3,186,168,0,0.0
expression,CAMKV_3,186,168,0,0.0
expression,CD40LG_3,186,168,0,0.0
expression,CHRDL1_3,186,168,0,0.0
expression,COL26A1_3,186,168,0,0.0
expression,COL9A1_3,186,168,0,0.0
expression,CUPIN1_3,186,168,0,0.0
expression,DHH_3,186,168,0,0.0
expression,DIRAS1_3,186,168,0,0.0
expression,DNAI3_3,186,168,0,0.0
expression,EML5_3,186,168,0,0.0
expression,GDAP1L1_3,186,168,0,0.0
expression,GJB5_3,186,168,0,0.0
expression,GNA14_3,186,168,0,0.0
expression,GPAT2_3,186,168,0,0.0
expression,GPR31_3,186,168,0,0.0
expression,H1-1_3,186,168,0,0.0
expression,H2BC19_3,186,168,0,0.0
expression,ITIH3_2,186,168,0,0.0
expression,KCND3_3,186,168,0,0.0
expression,KDF1_3,186,168,0,0.0
expression,LOC100687687_3,186,168,0,0.0
expression,LOC102151792_3,186,168,0,0.0
expression,LOC102153220_3,186,168,0,0.0
expression,LOC102154602_3,186,168,0,0.0
expression,LOC102155629_3,186,168,0,0.0
expression,LOC102156440_3,186,168,0,0.0
expression,LOC102156880_3,186,168,0,0.0
expression,LOC102157223_3,186,168,0,0.0
expression,LOC102157232_3,186,168,0,0.0
expression,LOC106557594_3,186,168,0,0.0
expression,LOC106558210_3,186,168,0,0.0
expression,LOC111094371_3,186,168,0,0.0
expression,LOC111095511_3,186,168,0,0.0
expression,LOC111095988_3,186,168,0,0.0
expression,LOC111096774_3,186,168,0,0.0
expression,LOC111097618_3,186,168,0,0.0
expression,LOC119865378_3,186,168,0,0.0
expression,LOC119865606_3,186,168,0,0.0
expression,LOC119867509_3,186,168,0,0.0
expression,LOC119868239_3,186,168,0,0.0
expression,LOC119868254_2,186,168,0,0.0
expression,LOC119870099_3,186,168,0,0.0
expression,LOC119872275_3,186,168,0,0.0
expression,LOC119873205_3,186,168,0,0.0
expression,LOC119873670_3,186,168,0,0.0
expression,LOC119875953,186,168,0,0.0
expression,LOC119876490,186,168,0,0.0
expression,LOC119876510,186,168,0,0.0
expression,LOC119877656,186,168,0,0.0
expression,LOC119878974,186,168,0,0.0
expression,LOC474938_3,186,168,0,0.0
expression,LOC607189_3,186,168,0,0.0
expression,LOC609053_3,186,168,0,0.0
expression,MAP1LC3C_3,186,168,0,0.0
expression,MAST1_3,186,168,0,0.0
expression,MEI4_3,186,168,0,0.0
expression,NETO1_3,186,168,0,0.0
expression,NIM1K_3,186,168,0,0.0
expression,NUDT19_3,186,168,0,0.0
expression,OGDHL_3,186,168,0,0.0
expression,OSR1_3,186,168,0,0.0
expression,P2RY12_3,186,168,0,0.0
expression,PLAC8L1_3,186,168,0,0.0
expression,PLB1_3,186,168,0,0.0
expression,PNCK_3,186,168,0,0.0
expression,PRR16_3,186,168,0,0.0
expression,RASL10A_3,186,168,0,0.0
expression,RUNDC3B_3,186,168,0,0.0
expression,SLC26A7_3,186,168,0,0.0
expression,SPAG6_3,186,168,0,0.0
expression,STAP2_3,186,168,0,0.0
expression,TNNT3_3,186,168,0,0.0
expression,WNT11_3,186,168,0,0.0
expression,ANKRD66_3,186,167,0,0.0
expression,BCL2L14_3,186,167,0,0.0
expression,BSPRY_3,186,167,0,0.0
expression,C6H1orf194_3,186,167,0,0.0
expression,C9H17orf97_3,186,167,0,0.0
expression,CDK15_3,186,167,0,0.0
expression,CNTNAP5_3,186,167,0,0.0
expression,ERICH4_3,186,167,0,0.0
expression,FOXC2_3,186,167,0,0.0
expression,GCNA_3,186,167,0,0.0
expression,GGT1_3,186,167,0,0.0
expression,IGF2BP1_3,186,167,0,0.0
expression,KCNH4_3,186,167,0,0.0
expression,KSR2_3,186,167,0,0.0
expression,LGALS4_5,186,167,0,0.0
expression,LOC102151128_3,186,167,0,0.0
expression,LOC102151345_3,186,167,0,0.0
expression,LOC102152165_3,186,167,0,0.0
expression,LOC102156170_3,186,167,0,0.0
expression,LOC102156658_3,186,167,0,0.0
expression,LOC106558729_3,186,167,0,0.0
expression,LOC106559248_3,186,167,0,0.0
expression,LOC111092799_3,186,167,0,0.0
expression,LOC111098105_3,186,167,0,0.0
expression,LOC111098119_3,186,167,0,0.0
expression,LOC119865877_3,186,167,0,0.0
expression,LOC119867686_3,186,167,0,0.0
expression,LOC119867861_3,186,167,0,0.0
expression,LOC119869532_3,186,167,0,0.0
expression,LOC119869720_3,186,167,0,0.0
expression,LOC119870684_3,186,167,0,0.0
expression,LOC119871784_3,186,167,0,0.0
expression,LOC119872512_3,186,167,0,0.0
expression,LOC119873309_3,186,167,0,0.0
expression,LOC119873668_3,186,167,0,0.0
expression,LOC119875975_2,186,167,0,0.0
expression,LOC119876688_1,186,167,0,0.0
expression,LOC119877526,186,167,0,0.0
expression,LOC119878234,186,167,0,0.0
expression,LOC484314_3,186,167,0,0.0
expression,LOC611719_3,186,167,0,0.0
expression,LRRTM2_3,186,167,0,0.0
expression,MAPK11_3,186,167,0,0.0
expression,MUC1_3,186,167,0,0.0
expression,PCED1B_3,186,167,0,0.0
expression,PLAC8A_3,186,167,0,0.0
expression,PLCH1_3,186,167,0,0.0
expression,PLG_3,186,167,0,0.0
expression,PLPP4_3,186,167,0,0.0
expression,RAPSN_3,186,167,0,0.0
expression,SCN3B_3,186,167,0,0.0
expression,SHANK2_3,186,167,0,0.0
expression,SLC6A12_3,186,167,0,0.0
expression,TBX6_3,186,167,0,0.0
expression,TFAP2C_3,186,167,0,0.0
expression,TOX2_3,186,167,0,0.0
expression,ZMAT4_3,186,167,0,0.0
expression,ZNF488_3,186,167,0,0.0
expression,ZNF835_3,186,167,0,0.0
expression,ADGRG3_3,186,166,0,0.0
expression,ALX4_3,186,166,0,0.0
expression,BSND_3,186,166,0,0.0
expression,CASQ1_3,186,166,0,0.0
expression,CCL22_3,186,166,0,0.0
expression,CLDN23_3,186,166,0,0.0
expression,CPA6_3,186,166,0,0.0
expression,CPN2_3,186,166,0,0.0
expression,CPVL_3,186,166,0,0.0
expression,DLX1_3,186,166,0,0.0
expression,DYNLT5_3,186,166,0,0.0
expression,FBP1_3,186,166,0,0.0
expression,FLACC1_3,186,166,0,0.0
expression,FOXO6_3,186,166,0,0.0
expression,GCNT4_3,186,166,0,0.0
expression,GRPR_3,186,166,0,0.0
expression,HDX_3,186,166,0,0.0
expression,HECW1_3,186,166,0,0.0
expression,HOXD1_3,186,166,0,0.0
expression,HS6ST2_3,186,166,0,0.0
expression,KLHL30_3,186,166,0,0.0
expression,LINGO1_3,186,166,0,0.0
expression,LOC100684380_3,186,166,0,0.0
expression,LOC100686544_3,186,166,0,0.0
expression,LOC102153836_3,186,166,0,0.0
expression,LOC102154410_3,186,166,0,0.0
expression,LOC102154915_3,186,166,0,0.0
expression,LOC102154922_3,186,166,0,0.0
expression,LOC102156917_3,186,166,0,0.0
expression,LOC106558701_2,186,166,0,0.0
expression,LOC111090677_3,186,166,0,0.0
expression,LOC111092301_3,186,166,0,0.0
expression,LOC111093283_3,186,166,0,0.0
expression,LOC111095479_3,186,166,0,0.0
expression,LOC119864213_3,186,166,0,0.0
expression,LOC119865631_3,186,166,0,0.0
expression,LOC119866605_2,186,166,0,0.0
expression,LOC119866929_3,186,166,0,0.0
expression,LOC119867301_3,186,166,0,0.0
expression,LOC119868413_3,186,166,0,0.0
expression,LOC119869301_3,186,166,0,0.0
expression,LOC119870760_3,186,166,0,0.0
expression,LOC119871953_3,186,166,0,0.0
expression,LOC119875987,186,166,0,0.0
expression,LOC119876193,186,166,0,0.0
expression,LOC119878688,186,166,0,0.0
expression,LOC119879063,186,166,0,0.0
expression,LOC119879140,186,166,0,0.0
expression,LOC479379_3,186,166,0,0.0
expression,LOC481674_3,186,166,0,0.0
expression,LOC610636_3,186,166,0,0.0
expression,MIXL1_3,186,166,0,0.0
expression,NPM2_3,186,166,0,0.0
expression,RLN2_3,186,166,0,0.0
expression,RSPH9_3,186,166,0,0.0
expression,SCN3A_3,186,166,0,0.0
expression,SCN4A_3,186,166,0,0.0
expression,SH2D1A_3,186,166,0,0.0
expression,SLC45A1_3,186,166,0,0.0
expression,SNX32_3,186,166,0,0.0
expression,TMEM253_3,186,166,0,0.0
expression,ASB11_3,186,165,0,0.0
expression,BICDL1_3,186,165,0,0.0
expression,C20H3orf14_3,186,165,0,0.0
expression,C30H15orf65_3,186,165,0,0.0
expression,CASZ1_3,186,165,0,0.0
expression,CD19_3,186,165,0,0.0
expression,CD79B_3,186,165,0,0.0
expression,CHRM4_3,186,165,0,0.0
expression,CHST13_3,186,165,0,0.0
expression,DBNDD1_3,186,165,0,0.0
expression,ESRP2_3,186,165,0,0.0
expression,ESRRG_3,186,165,0,0.0
expression,HOXB2_3,186,165,0,0.0
expression,LOC100685048_3,186,165,0,0.0
expression,LOC100685987_3,186,165,0,0.0
expression,LOC100687432_3,186,165,0,0.0
expression,LOC102151745_3,186,165,0,0.0
expression,LOC102152547_3,186,165,0,0.0
expression,LOC102153307_3,186,165,0,0.0
expression,LOC102153432_3,186,165,0,0.0
expression,LOC102154667_3,186,165,0,0.0
expression,LOC102156409_3,186,165,0,0.0
expression,LOC111091016_3,186,165,0,0.0
expression,LOC111091307_3,186,165,0,0.0
expression,LOC111091658_3,186,165,0,0.0
expression,LOC111092661_3,186,165,0,0.0
expression,LOC111095480_3,186,165,0,0.0
expression,LOC111095862_3,186,165,0,0.0
expression,LOC111096268_3,186,165,0,0.0
expression,LOC119864256_3,186,165,0,0.0
expression,LOC119868054_2,186,165,0,0.0
expression,LOC119868062_2,186,165,0,0.0
expression,LOC119870145_3,186,165,0,0.0
expression,LOC119873772_3,186,165,0,0.0
expression,LOC119878448,186,165,0,0.0
expression,LOC119878788,186,165,0,0.0
expression,LOC119879107,186,165,0,0.0
expression,LOC609816_3,186,165,0,0.0
expression,LPAR5_3,186,165,0,0.0
expression,LPO_3,186,165,0,0.0
expression,MYL3_3,186,165,0,0.0
expression,MYOM3_3,186,165,0,0.0
expression,NACAD_3,186,165,0,0.0
expression,NAP1L3_3,186,165,0,0.0
expression,OTUD7A_3,186,165,0,0.0
expression,PCDH9_3,186,165,0,0.0
expression,PCP2_3,186,165,0,0.0
expression,PLEKHS1_3,186,165,0,0.0
expression,RIMKLB_3,186,165,0,0.0
expression,SLC8A2_3,186,165,0,0.0
expression,TMEM266_3,186,165,0,0.0
expression,TMEM81_3,186,165,0,0.0
expression,TMOD2_3,186,165,0,0.0
expression,WNT7B_3,186,165,0,0.0
expression,ADORA1_3,186,164,0,0.0
expression,ANKRD1_3,186,164,0,0.0
expression,BLK_3,186,164,0,0.0
expression,CALCR_3,186,164,0,0.0
expression,CD28_3,186,164,0,0.0
expression,CD300E_3,186,164,0,0.0
expression,CHRNA10_3,186,164,0,0.0
expression,CLDN7_3,186,164,0,0.0
expression,CLEC1B_3,186,164,0,0.0
expression,CMA1_3,186,164,0,0.0
expression,CPNE4_3,186,164,0,0.0
expression,CRHR2_3,186,164,0,0.0
expression,CTU1_3,186,164,0,0.0
expression,DCLK3_3,186,164,0,0.0
expression,EDN1_3,186,164,0,0.0
expression,FIBCD1_3,186,164,0,0.0
expression,FOXA3_3,186,164,0,0.0
expression,GREM2_3,186,164,0,0.0
expression,GZMA_3,186,164,0,0.0
expression,HSPB3_3,186,164,0,0.0
expression,KCNJ3_3,186,164,0,0.0
expression,LDB3_3,186,164,0,0.0
expression,LOC100685955_3,186,164,0,0.0
expression,LOC100855548_3,186,164,0,0.0
expression,LOC102151579_3,186,164,0,0.0
expression,LOC102152134_3,186,164,0,0.0
expression,LOC102153393_3,186,164,0,0.0
expression,LOC102154571_3,186,164,0,0.0
expression,LOC102155494_2,186,164,0,0.0
expression,LOC111091612_3,186,164,0,0.0
expression,LOC111092578_3,186,164,0,0.0
expression,LOC111093385_3,186,164,0,0.0
expression,LOC111096253_3,186,164,0,0.0
expression,LOC119864728_3,186,164,0,0.0
expression,LOC119866138_3,186,164,0,0.0
expression,LOC119866379_3,186,164,0,0.0
expression,LOC119870469_3,186,164,0,0.0
expression,LOC119873584_3,186,164,0,0.0
expression,LOC119876197,186,164,0,0.0
expression,LOC119876786,186,164,0,0.0
expression,LOC119877191,186,164,0,0.0
expression,LOC119878294,186,164,0,0.0
expression,LOC119879118,186,164,0,0.0
expression,LOC481033_3,186,164,0,0.0
expression,LOC609245_3,186,164,0,0.0
expression,NPHS2_3,186,164,0,0.0
expression,NPY_3,186,164,0,0.0
expression,NTNG2_3,186,164,0,0.0
expression,NUGGC_3,186,164,0,0.0
expression,PTPRZ1_3,186,164,0,0.0
expression,SLC6A2_3,186,164,0,0.0
expression,TESC_3,186,164,0,0.0
expression,TMEM130_3,186,164,0,0.0
expression,VTN_3,186,164,0,0.0
expression,WNK3_3,186,164,0,0.0
expression,ZAR1L_3,186,164,0,0.0
expression,ZNF280B_3,186,164,0,0.0
expression,AASS_3,186,163,0,0.0
expression,ADAM33_3,186,163,0,0.0
expression,BBOX1_3,186,163,0,0.0
expression,C10H2orf15_3,186,163,0,0.0
expression,CCR6_3,186,163,0,0.0
expression,CFAP45_3,186,163,0,0.0
expression,CHST8_3,186,163,0,0.0
expression,CKMT2_3,186,163,0,0.0
expression,CRYGN_3,186,163,0,0.0
expression,GGN_3,186,163,0,0.0
expression,GPR15_3,186,163,0,0.0
expression,HIF3A_3,186,163,0,0.0
expression,HMGCLL1_3,186,163,0,0.0
expression,LIPJ_3,186,163,0,0.0
expression,LOC102153185_3,186,163,0,0.0
expression,LOC102155413_3,186,163,0,0.0
expression,LOC102156036_3,186,163,0,0.0
expression,LOC102157040_3,186,163,0,0.0
expression,LOC102157251_3,186,163,0,0.0
expression,LOC106558786_3,186,163,0,0.0
expression,LOC106558805_3,186,163,0,0.0
expression,LOC106559694_3,186,163,0,0.0
expression,LOC106560108_3,186,163,0,0.0
expression,LOC111092199_3,186,163,0,0.0
expression,LOC111092798_3,186,163,0,0.0
expression,LOC111093170_3,186,163,0,0.0
expression,LOC111095622_3,186,163,0,0.0
expression,LOC111095809_3,186,163,0,0.0
expression,LOC111097432_3,186,163,0,0.0
expression,LOC111098577_3,186,163,0,0.0
expression,LOC119865411_3,186,163,0,0.0
expression,LOC119865812_3,186,163,0,0.0
expression,LOC119866882_3,186,163,0,0.0
expression,LOC119867179_3,186,163,0,0.0
expression,LOC119869702_3,186,163,0,0.0
expression,LOC119870516_3,186,163,0,0.0
expression,LOC119870724_3,186,163,0,0.0
expression,LOC119872886_3,186,163,0,0.0
expression,LOC119873568_3,186,163,0,0.0
expression,LOC119877771,186,163,0,0.0
expression,LOC119878048,186,163,0,0.0
expression,LOC119878284,186,163,0,0.0
expression,LOC486353_3,186,163,0,0.0
expression,LOC489082_2,186,163,0,0.0
expression,LOC607833_3,186,163,0,0.0
expression,LOC610048_2,186,163,0,0.0
expression,LRATD1_3,186,163,0,0.0
expression,MLXIPL_3,186,163,0,0.0
expression,NAP1L2_3,186,163,0,0.0
expression,PAPPA2_3,186,163,0,0.0
expression,PLCXD3_3,186,163,0,0.0
expression,PPBP_3,186,163,0,0.0
expression,PTGDR_3,186,163,0,0.0
expression,RBP7_3,186,163,0,0.0
expression,RHOV_3,186,163,0,0.0
expression,SCTR_3,186,163,0,0.0
expression,SIDT1_3,186,163,0,0.0
expression,SLC17A7_3,186,163,0,0.0
expression,SLC28A1_3,186,163,0,0.0
expression,TCF23_3,186,163,0,0.0
expression,TRPC7_3,186,163,0,0.0
expression,TTC16_3,186,163,0,0.0
expression,UROC1_3,186,163,0,0.0
expression,ZIC5_3,186,163,0,0.0
expression,ANXA13_3,186,162,0,0.0
expression,C2CD4A_3,186,162,0,0.0
expression,CC2D2B_3,186,162,0,0.0
expression,CNTN2_3,186,162,0,0.0
expression,CPS1_3,186,162,0,0.0
expression,CYP2C18_3,186,162,0,0.0
expression,FAM133B_3,186,162,0,0.0
expression,FOXP3_3,186,162,0,0.0
expression,HOXA2_3,186,162,0,0.0
expression,HRC_3,186,162,0,0.0
expression,JAKMIP1_3,186,162,0,0.0
expression,LBX2_3,186,162,0,0.0
expression,LCN2_3,186,162,0,0.0
expression,LOC102152240_3,186,162,0,0.0
expression,LOC102153499_3,186,162,0,0.0
expression,LOC102153750_3,186,162,0,0.0
expression,LOC102154826_3,186,162,0,0.0
expression,LOC102154832_3,186,162,0,0.0
expression,LOC102155267_3,186,162,0,0.0
expression,LOC102155405_3,186,162,0,0.0
expression,LOC102155845_3,186,162,0,0.0
expression,LOC102156678_3,186,162,0,0.0
expression,LOC102157275_3,186,162,0,0.0
expression,LOC106557449_3,186,162,0,0.0
expression,LOC106559295_3,186,162,0,0.0
expression,LOC111089996_3,186,162,0,0.0
expression,LOC111091538_3,186,162,0,0.0
expression,LOC111092048_3,186,162,0,0.0
expression,LOC111095184_3,186,162,0,0.0
expression,LOC111097973_3,186,162,0,0.0
expression,LOC111098256_3,186,162,0,0.0
expression,LOC111098490_3,186,162,0,0.0
expression,LOC111098542_3,186,162,0,0.0
expression,LOC119866299_3,186,162,0,0.0
expression,LOC119867346_3,186,162,0,0.0
expression,LOC119870091_3,186,162,0,0.0
expression,LOC119873741_3,186,162,0,0.0
expression,LOC119877092_1,186,162,0,0.0
expression,LOC119877366,186,162,0,0.0
expression,LOC483396_2,186,162,0,0.0
expression,LOC490399_3,186,162,0,0.0
expression,MUC13_3,186,162,0,0.0
expression,PDE4C_3,186,162,0,0.0
expression,PNMA2_3,186,162,0,0.0
expression,RNF183_3,186,162,0,0.0
expression,RPL3L_3,186,162,0,0.0
expression,SAA1_2,186,162,0,0.0
expression,SLC22A16_3,186,162,0,0.0
expression,SLC38A4_3,186,162,0,0.0
expression,SPINT2_3,186,162,0,0.0
expression,SYT13_3,186,162,0,0.0
expression,SYT5_3,186,162,0,0.0
expression,TRPV3_3,186,162,0,0.0
expression,UNC45B_3,186,162,0,0.0
expression,ZYG11A_3,186,162,0,0.0
expression,ANO4_3,186,161,0,0.0
expression,CASQ2_3,186,161,0,0.0
expression,CDH6_3,186,161,0,0.0
expression,CHRNA5_3,186,161,0,0.0
expression,CHRNB4_3,186,161,0,0.0
expression,CNTNAP2_3,186,161,0,0.0
expression,DCHS2_3,186,161,0,0.0
expression,EFCAB3_4,186,161,0,0.0
expression,FAM227A_3,186,161,0,0.0
expression,FPR2_3,186,161,0,0.0
expression,FSTL4_3,186,161,0,0.0
expression,H2AW_3,186,161,0,0.0
expression,ISLR2_3,186,161,0,0.0
expression,JHY_3,186,161,0,0.0
expression,LOC100686866_3,186,161,0,0.0
expression,LOC102153902_3,186,161,0,0.0
expression,LOC102154067_3,186,161,0,0.0
expression,LOC102155382_3,186,161,0,0.0
expression,LOC102156563_3,186,161,0,0.0
expression,LOC102156765_3,186,161,0,0.0
expression,LOC106557777_3,186,161,0,0.0
expression,LOC106558120_3,186,161,0,0.0
expression,LOC106559102_3,186,161,0,0.0
expression,LOC106559485_3,186,161,0,0.0
expression,LOC111092967_3,186,161,0,0.0
expression,LOC111095997_3,186,161,0,0.0
expression,LOC111096182_3,186,161,0,0.0
expression,LOC111098802_3,186,161,0,0.0
expression,LOC119864941_2,186,161,0,0.0
expression,LOC119865831_2,186,161,0,0.0
expression,LOC119866696_3,186,161,0,0.0
expression,LOC119867534_3,186,161,0,0.0
expression,LOC119868066_3,186,161,0,0.0
expression,LOC119868878_2,186,161,0,0.0
expression,LOC119869833_3,186,161,0,0.0
expression,LOC119870838_3,186,161,0,0.0
expression,LOC119871800_3,186,161,0,0.0
expression,LOC119872933_3,186,161,0,0.0
expression,LOC119873249_3,186,161,0,0.0
expression,LOC119873907_3,186,161,0,0.0
expression,LOC119874446_3,186,161,0,0.0
expression,LOC119874806_3,186,161,0,0.0
expression,LOC119879150,186,161,0,0.0
expression,LOC485740_3,186,161,0,0.0
expression,LOC607055_3,186,161,0,0.0
expression,LRRC9_3,186,161,0,0.0
expression,MAMDC4_3,186,161,0,0.0
expression,MAP6_3,186,161,0,0.0
expression,NMB_3,186,161,0,0.0
expression,PHYHIPL_3,186,161,0,0.0
expression,RGS6_3,186,161,0,0.0
expression,RTN1_3,186,161,0,0.0
expression,SCN5A_3,186,161,0,0.0
expression,SIM2_3,186,161,0,0.0
expression,SLC1A7_3,186,161,0,0.0
expression,SLC51B_3,186,161,0,0.0
expression,SNX31_3,186,161,0,0.0
expression,TTC12_3,186,161,0,0.0
expression,ZNF285_3,186,161,0,0.0
expression,ACOX2_3,186,160,0,0.0
expression,ACVR1C_3,186,160,0,0.0
expression,ADRA2C_3,186,160,0,0.0
expression,ANO2_3,186,160,0,0.0
expression,ARSI_3,186,160,0,0.0
expression,C32H4orf36_3,186,160,0,0.0
expression,CACNA1H_3,186,160,0,0.0
expression,CACNG7_3,186,160,0,0.0
expression,CDH22_3,186,160,0,0.0
expression,CHGB_3,186,160,0,0.0
expression,CLDN6_3,186,160,0,0.0
expression,CPA4_3,186,160,0,0.0
expression,CRABP1_3,186,160,0,0.0
expression,DLGAP3_3,186,160,0,0.0
expression,DNMT3L_3,186,160,0,0.0
expression,DPYSL5_3,186,160,0,0.0
expression,F2RL2_3,186,160,0,0.0
expression,FEZ1_3,186,160,0,0.0
expression,GRIA2_3,186,160,0,0.0
expression,H1-5_3,186,160,0,0.0
expression,HEPH_3,186,160,0,0.0
expression,KCNIP2_3,186,160,0,0.0
expression,LBX1_3,186,160,0,0.0
expression,LOC100855640_3,186,160,0,0.0
expression,LOC102151614_3,186,160,0,0.0
expression,LOC102152925_2,186,160,0,0.0
expression,LOC102153454_3,186,160,0,0.0
expression,LOC102155774_3,186,160,0,0.0
expression,LOC102157321_3,186,160,0,0.0
expression,LOC106558950_3,186,160,0,0.0
expression,LOC106559851_3,186,160,0,0.0
expression,LOC111091720_3,186,160,0,0.0
expression,LOC111092172_3,186,160,0,0.0
expression,LOC111092489_3,186,160,0,0.0
expression,LOC111094591_3,186,160,0,0.0
expression,LOC111096673_3,186,160,0,0.0
expression,LOC119865842_3,186,160,0,0.0
expression,LOC119867193_1,186,160,0,0.0
expression,LOC119867527_2,186,160,0,0.0
expression,LOC119869495_3,186,160,0,0.0
expression,LOC119869621_3,186,160,0,0.0
expression,LOC119869808_3,186,160,0,0.0
expression,LOC119876378,186,160,0,0.0
expression,LOC119876650,186,160,0,0.0
expression,LOC119876789_2,186,160,0,0.0
expression,LOC119876976_1,186,160,0,0.0
expression,LOC119877156,186,160,0,0.0
expression,LOC119877629,186,160,0,0.0
expression,LOC119878723,186,160,0,0.0
expression,LRRC27_3,186,160,0,0.0
expression,MEGF11_3,186,160,0,0.0
expression,MFAP5_3,186,160,0,0.0
expression,MROH6_3,186,160,0,0.0
expression,MS4A2_3,186,160,0,0.0
expression,NIPAL4_3,186,160,0,0.0
expression,PLAAT1_3,186,160,0,0.0
expression,RAB9B_3,186,160,0,0.0
expression,RGS20_3,186,160,0,0.0
expression,SALL4_3,186,160,0,0.0
expression,SHISA7_3,186,160,0,0.0
expression,SLC26A10_3,186,160,0,0.0
expression,STK32B_3,186,160,0,0.0
expression,STK32C_3,186,160,0,0.0
expression,SYN2_3,186,160,0,0.0
expression,TCEAL3_3,186,160,0,0.0
expression,TERT_3,186,160,0,0.0
expression,TVP23A_3,186,160,0,0.0
expression,VGF_3,186,160,0,0.0
expression,ADGRB1_3,186,159,0,0.0
expression,ALOXE3_3,186,159,0,0.0
expression,APOF_3,186,159,0,0.0
expression,CBLC_3,186,159,0,0.0
expression,CDCP1_3,186,159,0,0.0
expression,CXCR3_3,186,159,0,0.0
expression,DMRT2_3,186,159,0,0.0
expression,DRC1_3,186,159,0,0.0
expression,EOMES_3,186,159,0,0.0
expression,FAM183A_2,186,159,0,0.0
expression,FBXO2_3,186,159,0,0.0
expression,FFAR4_3,186,159,0,0.0
expression,FGF23_3,186,159,0,0.0
expression,FOXJ1_3,186,159,0,0.0
expression,GCSAM_3,186,159,0,0.0
expression,KCNK17_3,186,159,0,0.0
expression,LOC102151434_3,186,159,0,0.0
expression,LOC102151859_3,186,159,0,0.0
expression,LOC102152540_3,186,159,0,0.0
expression,LOC102152847_3,186,159,0,0.0
expression,LOC102153801_3,186,159,0,0.0
expression,LOC102153883_3,186,159,0,0.0
expression,LOC102155999_3,186,159,0,0.0
expression,LOC102156991_3,186,159,0,0.0
expression,LOC102157331_3,186,159,0,0.0
expression,LOC106558286_3,186,159,0,0.0
expression,LOC106558787_3,186,159,0,0.0
expression,LOC106559562_3,186,159,0,0.0
expression,LOC106559945_3,186,159,0,0.0
expression,LOC111090339_3,186,159,0,0.0
expression,LOC111090703_2,186,159,0,0.0
expression,LOC111093511_3,186,159,0,0.0
expression,LOC111096833_3,186,159,0,0.0
expression,LOC111098937_3,186,159,0,0.0
expression,LOC119864761_3,186,159,0,0.0
expression,LOC119864875_3,186,159,0,0.0
expression,LOC119866590_3,186,159,0,0.0
expression,LOC119869367_3,186,159,0,0.0
expression,LOC119871251_3,186,159,0,0.0
expression,LOC119871268_3,186,159,0,0.0
expression,LOC119872345_3,186,159,0,0.0
expression,LOC119873235_3,186,159,0,0.0
expression,LOC119873362_3,186,159,0,0.0
expression,LOC119875964,186,159,0,0.0
expression,LOC119877290,186,159,0,0.0
expression,LOC119878272,186,159,0,0.0
expression,LOC119878320,186,159,0,0.0
expression,LOC119878328,186,159,0,0.0
expression,LOC119878345,186,159,0,0.0
expression,LOC119878838,186,159,0,0.0
expression,LOC119878872,186,159,0,0.0
expression,LOC119879272,186,159,0,0.0
expression,LOC119879509,186,159,0,0.0
expression,LTB_3,186,159,0,0.0
expression,MKRN3_3,186,159,0,0.0
expression,MOS_3,186,159,0,0.0
expression,MYH2_3,186,159,0,0.0
expression,NECAB1_3,186,159,0,0.0
expression,NMS_3,186,159,0,0.0
expression,NODAL_3,186,159,0,0.0
expression,OAZ3_3,186,159,0,0.0
expression,PGR_3,186,159,0,0.0
expression,PLEKHD1_3,186,159,0,0.0
expression,PPM1N_3,186,159,0,0.0
expression,PRKCQ_3,186,159,0,0.0
expression,ROPN1L_3,186,159,0,0.0
expression,SH3GL2_3,186,159,0,0.0
expression,SLC13A2_3,186,159,0,0.0
expression,SOGA3_3,186,159,0,0.0
expression,SOST_3,186,159,0,0.0
expression,SUCNR1_3,186,159,0,0.0
expression,TEX14_3,186,159,0,0.0
expression,TMEM200C_3,186,159,0,0.0
expression,XKR9_3,186,159,0,0.0
expression,ADGRE2_3,186,158,0,0.0
expression,AK8_3,186,158,0,0.0
expression,BTBD16_3,186,158,0,0.0
expression,C26H22orf15_3,186,158,0,0.0
expression,CEL_3,186,158,0,0.0
expression,CLEC2L_3,186,158,0,0.0
expression,DLX2_3,186,158,0,0.0
expression,EMX1_3,186,158,0,0.0
expression,ERAS_3,186,158,0,0.0
expression,FAM169A_3,186,158,0,0.0
expression,FGFR4_3,186,158,0,0.0
expression,KCNQ2_3,186,158,0,0.0
expression,LHFPL1_3,186,158,0,0.0
expression,LOC100686622_3,186,158,0,0.0
expression,LOC102151744_3,186,158,0,0.0
expression,LOC102151801_3,186,158,0,0.0
expression,LOC102153893_3,186,158,0,0.0
expression,LOC102153939_3,186,158,0,0.0
expression,LOC102154225_3,186,158,0,0.0
expression,LOC102154279_3,186,158,0,0.0
expression,LOC102156038_3,186,158,0,0.0
expression,LOC102156767_3,186,158,0,0.0
expression,LOC106560046_3,186,158,0,0.0
expression,LOC106560166_3,186,158,0,0.0
expression,LOC111094430_3,186,158,0,0.0
expression,LOC111096170_3,186,158,0,0.0
expression,LOC111096725_3,186,158,0,0.0
expression,LOC111097294_3,186,158,0,0.0
expression,LOC119864363_3,186,158,0,0.0
expression,LOC119870244_3,186,158,0,0.0
expression,LOC119874147_3,186,158,0,0.0
expression,LOC119876090,186,158,0,0.0
expression,LOC119877877,186,158,0,0.0
expression,LOC119879075,186,158,0,0.0
expression,LOC479668_3,186,158,0,0.0
expression,LOC608816_3,186,158,0,0.0
expression,MAEL_3,186,158,0,0.0
expression,NTN3_3,186,158,0,0.0
expression,PDZK1_3,186,158,0,0.0
expression,PLD5_3,186,158,0,0.0
expression,TSSK4_3,186,158,0,0.0
expression,TYR_3,186,158,0,0.0
expression,UNC13A_3,186,158,0,0.0
expression,UNC93A_3,186,158,0,0.0
expression,ABCA4_3,186,157,0,0.0
expression,COL4A5_3,186,157,0,0.0
expression,DLL3_3,186,157,0,0.0
expression,GAD2_3,186,157,0,0.0
expression,H2AC20_3,186,157,0,0.0
expression,HAP1_3,186,157,0,0.0
expression,HORMAD1_3,186,157,0,0.0
expression,KCNJ16_3,186,157,0,0.0
expression,LGALS12_3,186,157,0,0.0
expression,LOC100687713_3,186,157,0,0.0
expression,LOC100856782_3,186,157,0,0.0
expression,LOC102156217_3,186,157,0,0.0
expression,LOC106559551_3,186,157,0,0.0
expression,LOC106559920_3,186,157,0,0.0
expression,LOC119864152_3,186,157,0,0.0
expression,LOC119865185_3,186,157,0,0.0
expression,LOC119866128_3,186,157,0,0.0
expression,LOC119872613_3,186,157,0,0.0
expression,LOC119872641_3,186,157,0,0.0
expression,LOC119873879_3,186,157,0,0.0
expression,LOC119876453,186,157,0,0.0
expression,LOC119876719,186,157,0,0.0
expression,LOC119877122_1,186,157,0,0.0
expression,LRTM2_3,186,157,0,0.0
expression,MAB21L3_3,186,157,0,0.0
expression,MYL2_3,186,157,0,0.0
expression,MYOCD_3,186,157,0,0.0
expression,NOX5_3,186,157,0,0.0
expression,NPTX1_3,186,157,0,0.0
expression,PLCD4_3,186,157,0,0.0
expression,PRSS50_3,186,157,0,0.0
expression,SH2D1B_3,186,157,0,0.0
expression,SPEGNB_3,186,157,0,0.0
expression,SV2C_3,186,157,0,0.0
expression,TMEM184A_3,186,157,0,0.0
expression,UGT8_3,186,157,0,0.0
expression,ZIC4_3,186,157,0,0.0
expression,ACE2_3,186,156,0,0.0
expression,APOBEC3Z1_3,186,156,0,0.0
expression,BMP7_3,186,156,0,0.0
expression,CACNA2D3_3,186,156,0,0.0
expression,CASP14_3,186,156,0,0.0
expression,CD7_3,186,156,0,0.0
expression,CRHR1_3,186,156,0,0.0
expression,ENTPD2_3,186,156,0,0.0
expression,HCST_3,186,156,0,0.0
expression,KCNT2_3,186,156,0,0.0
expression,KLHL38_3,186,156,0,0.0
expression,KRT8_3,186,156,0,0.0
expression,KY_3,186,156,0,0.0
expression,LOC100683920_3,186,156,0,0.0
expression,LOC100686051_3,186,156,0,0.0
expression,LOC100856555_3,186,156,0,0.0
expression,LOC102152068_3,186,156,0,0.0
expression,LOC102152343_3,186,156,0,0.0
expression,LOC102153067_3,186,156,0,0.0
expression,LOC102153505_3,186,156,0,0.0
expression,LOC102153572_3,186,156,0,0.0
expression,LOC102155634_3,186,156,0,0.0
expression,LOC102156388_3,186,156,0,0.0
expression,LOC102156973_3,186,156,0,0.0
expression,LOC106558485_3,186,156,0,0.0
expression,LOC106559691_3,186,156,0,0.0
expression,LOC111090418_3,186,156,0,0.0
expression,LOC111090558_3,186,156,0,0.0
expression,LOC111092479_3,186,156,0,0.0
expression,LOC111093812_3,186,156,0,0.0
expression,LOC111094885_3,186,156,0,0.0
expression,LOC111097027_3,186,156,0,0.0
expression,LOC111097055_3,186,156,0,0.0
expression,LOC111097974_3,186,156,0,0.0
expression,LOC111098987_3,186,156,0,0.0
expression,LOC119863995_3,186,156,0,0.0
expression,LOC119864794_3,186,156,0,0.0
expression,LOC119865704_3,186,156,0,0.0
expression,LOC119866663_3,186,156,0,0.0
expression,LOC119868047_3,186,156,0,0.0
expression,LOC119869578_3,186,156,0,0.0
expression,LOC119869712_3,186,156,0,0.0
expression,LOC119871865_3,186,156,0,0.0
expression,LOC119872023_3,186,156,0,0.0
expression,LOC119872241_3,186,156,0,0.0
expression,LOC119872267_3,186,156,0,0.0
expression,LOC119872280_3,186,156,0,0.0
expression,LOC119872320_3,186,156,0,0.0
expression,LOC119876202,186,156,0,0.0
expression,LOC119876350,186,156,0,0.0
expression,LOC119878082,186,156,0,0.0
expression,LOC119878909,186,156,0,0.0
expression,LOC119879505_1,186,156,0,0.0
expression,LOC606761_3,186,156,0,0.0
expression,LOC609026_3,186,156,0,0.0
expression,LRRC34_3,186,156,0,0.0
expression,MYPN_3,186,156,0,0.0
expression,NTF4_3,186,156,0,0.0
expression,PGLYRP1_3,186,156,0,0.0
expression,PPIAP4_3,186,156,0,0.0
expression,PRG4_3,186,156,0,0.0
expression,SH2D5_3,186,156,0,0.0
expression,SPATA18_3,186,156,0,0.0
expression,SPOCK1_3,186,156,0,0.0
expression,TMEM132C_3,186,156,0,0.0
expression,TNMD_3,186,156,0,0.0
expression,WDR17_3,186,156,0,0.0
expression,B4GALNT1_3,186,155,0,0.0
expression,C1H18orf63_3,186,155,0,0.0
expression,C1QL3_3,186,155,0,0.0
expression,CTNND2_3,186,155,0,0.0
expression,DEUP1_3,186,155,0,0.0
expression,FADS6_3,186,155,0,0.0
expression,GFRA1_3,186,155,0,0.0
expression,GIMAP1_3,186,155,0,0.0
expression,GNRH1_3,186,155,0,0.0
expression,HES2_3,186,155,0,0.0
expression,JPH2_3,186,155,0,0.0
expression,KBTBD13_3,186,155,0,0.0
expression,KCNAB3_3,186,155,0,0.0
expression,LOC100687853_3,186,155,0,0.0
expression,LOC102151376_3,186,155,0,0.0
expression,LOC102152596_3,186,155,0,0.0
expression,LOC102152973_3,186,155,0,0.0
expression,LOC102153175_3,186,155,0,0.0
expression,LOC102154001_3,186,155,0,0.0
expression,LOC102154540_3,186,155,0,0.0
expression,LOC102154703_3,186,155,0,0.0
expression,LOC102155131_3,186,155,0,0.0
expression,LOC102155410_3,186,155,0,0.0
expression,LOC102156404_3,186,155,0,0.0
expression,LOC106558527_2,186,155,0,0.0
expression,LOC106558622_3,186,155,0,0.0
expression,LOC111092196_3,186,155,0,0.0
expression,LOC111093756_3,186,155,0,0.0
expression,LOC111098019_3,186,155,0,0.0
expression,LOC119864215_3,186,155,0,0.0
expression,LOC119867912_3,186,155,0,0.0
expression,LOC119872168_3,186,155,0,0.0
expression,LOC119872197_3,186,155,0,0.0
expression,LOC119872296_3,186,155,0,0.0
expression,LOC119872707_3,186,155,0,0.0
expression,LOC119877228,186,155,0,0.0
expression,LOC119877318,186,155,0,0.0
expression,LOC119877586,186,155,0,0.0
expression,LOC119878430,186,155,0,0.0
expression,NCAM2_3,186,155,0,0.0
expression,PEBP4_3,186,155,0,0.0
expression,PPP1R27_3,186,155,0,0.0
expression,REEP2_3,186,155,0,0.0
expression,SCN1A_3,186,155,0,0.0
expression,SLITRK6_3,186,155,0,0.0
expression,TFAP2B_3,186,155,0,0.0
expression,ADCY10_3,186,154,0,0.0
expression,AMIGO2_3,186,154,0,0.0
expression,BARX1_3,186,154,0,0.0
expression,CBD108_3,186,154,0,0.0
expression,DND1_3,186,154,0,0.0
expression,GPR52_3,186,154,0,0.0
expression,LCT_3,186,154,0,0.0
expression,LOC100688969_3,186,154,0,0.0
expression,LOC102154691_3,186,154,0,0.0
expression,LOC102156511_3,186,154,0,0.0
expression,LOC106557569_3,186,154,0,0.0
expression,LOC106557733_2,186,154,0,0.0
expression,LOC106558794_3,186,154,0,0.0
expression,LOC111090992_3,186,154,0,0.0
expression,LOC111091391_3,186,154,0,0.0
expression,LOC111091480_3,186,154,0,0.0
expression,LOC111095460_3,186,154,0,0.0
expression,LOC111098045_3,186,154,0,0.0
expression,LOC111098096_3,186,154,0,0.0
expression,LOC119867461_3,186,154,0,0.0
expression,LOC119867696_1,186,154,0,0.0
expression,LOC119870480_3,186,154,0,0.0
expression,LOC119870675_3,186,154,0,0.0
expression,LOC119873726_3,186,154,0,0.0
expression,LOC119875985,186,154,0,0.0
expression,LOC119876205,186,154,0,0.0
expression,LOC119876501,186,154,0,0.0
expression,LOC119877332,186,154,0,0.0
expression,LOC119878242,186,154,0,0.0
expression,LOC119878869,186,154,0,0.0
expression,LOC481727_3,186,154,0,0.0
expression,LOC491698_3,186,154,0,0.0
expression,MLIP_3,186,154,0,0.0
expression,MMP24_3,186,154,0,0.0
expression,MN1_3,186,154,0,0.0
expression,MYOT_3,186,154,0,0.0
expression,NYX_3,186,154,0,0.0
expression,PTGER1_3,186,154,0,0.0
expression,PVRIG_3,186,154,0,0.0
expression,RFT1_4,186,154,0,0.0
expression,SH2D2A_3,186,154,0,0.0
expression,SLC7A4_3,186,154,0,0.0
expression,SLCO4C1_3,186,154,0,0.0
expression,SSTR2_3,186,154,0,0.0
expression,STAG3_3,186,154,0,0.0
expression,YY2_3,186,154,0,0.0
expression,ZC2HC1C_3,186,154,0,0.0
expression,ADAMTS15_3,186,153,0,0.0
expression,ADGRG5_3,186,153,0,0.0
expression,ALPK2_3,186,153,0,0.0
expression,AUNIP_3,186,153,0,0.0
expression,BEX3_3,186,153,0,0.0
expression,C1QL4_3,186,153,0,0.0
expression,CBLN2_3,186,153,0,0.0
expression,DMC1_3,186,153,0,0.0
expression,EME2_3,186,153,0,0.0
expression,GPR171_3,186,153,0,0.0
expression,IL12RB1_3,186,153,0,0.0
expression,INKA2_3,186,153,0,0.0
expression,LHX1_3,186,153,0,0.0
expression,LOC100687566_3,186,153,0,0.0
expression,LOC102151240_3,186,153,0,0.0
expression,LOC102153858_3,186,153,0,0.0
expression,LOC102154536_3,186,153,0,0.0
expression,LOC102155157_3,186,153,0,0.0
expression,LOC102155619_3,186,153,0,0.0
expression,LOC102156346_3,186,153,0,0.0
expression,LOC106557775_3,186,153,0,0.0
expression,LOC106559387_3,186,153,0,0.0
expression,LOC111095157_3,186,153,0,0.0
expression,LOC111095188_3,186,153,0,0.0
expression,LOC119867842_3,186,153,0,0.0
expression,LOC119868442_1,186,153,0,0.0
expression,LOC119868876_2,186,153,0,0.0
expression,LOC119869755_3,186,153,0,0.0
expression,LOC119871892_3,186,153,0,0.0
expression,LOC119873207_3,186,153,0,0.0
expression,LOC119873986_3,186,153,0,0.0
expression,LOC119875959,186,153,0,0.0
expression,LOC119878161,186,153,0,0.0
expression,LOC474655_3,186,153,0,0.0
expression,LOC488248_3,186,153,0,0.0
expression,LOC608989_3,186,153,0,0.0
expression,MSI1_3,186,153,0,0.0
expression,NOTO_3,186,153,0,0.0
expression,NOXRED1_3,186,153,0,0.0
expression,ONECUT2_3,186,153,0,0.0
expression,OTOGL_3,186,153,0,0.0
expression,PCSK4_3,186,153,0,0.0
expression,PHF7_3,186,153,0,0.0
expression,PRF1_3,186,153,0,0.0
expression,PTPRN_3,186,153,0,0.0
expression,RNF223_3,186,153,0,0.0
expression,SLC10A4_3,186,153,0,0.0
expression,TFAP2A_3,186,153,0,0.0
expression,TRIM54_3,186,153,0,0.0
expression,USP43_3,186,153,0,0.0
expression,VIPR2_3,186,153,0,0.0
expression,B3GALT5_3,186,152,0,0.0
expression,C8G_3,186,152,0,0.0
expression,CAPN11_3,186,152,0,0.0
expression,CD164L2_3,186,152,0,0.0
expression,CD8A_3,186,152,0,0.0
expression,CERS3_3,186,152,0,0.0
expression,FAM163A_3,186,152,0,0.0
expression,GALNT17_3,186,152,0,0.0
expression,IFNG_3,186,152,0,0.0
expression,IHH_3,186,152,0,0.0
expression,IL20RB_3,186,152,0,0.0
expression,LOC100684434_3,186,152,0,0.0
expression,LOC100684644_3,186,152,0,0.0
expression,LOC100686736_3,186,152,0,0.0
expression,LOC100687377_3,186,152,0,0.0
expression,LOC100688858_3,186,152,0,0.0
expression,LOC102152760_3,186,152,0,0.0
expression,LOC102156054_3,186,152,0,0.0
expression,LOC102156180_3,186,152,0,0.0
expression,LOC102156389_3,186,152,0,0.0
expression,LOC102156665_3,186,152,0,0.0
expression,LOC106558747_3,186,152,0,0.0
expression,LOC106559436_3,186,152,0,0.0
expression,LOC111090442_3,186,152,0,0.0
expression,LOC111091380_3,186,152,0,0.0
expression,LOC111093345_3,186,152,0,0.0
expression,LOC111095124_3,186,152,0,0.0
expression,LOC111096427_3,186,152,0,0.0
expression,LOC111097209_3,186,152,0,0.0
expression,LOC119864232_3,186,152,0,0.0
expression,LOC119864428_3,186,152,0,0.0
expression,LOC119865847_3,186,152,0,0.0
expression,LOC119865860_3,186,152,0,0.0
expression,LOC119866110_2,186,152,0,0.0
expression,LOC119866443_1,186,152,0,0.0
expression,LOC119866610_3,186,152,0,0.0
expression,LOC119872187_2,186,152,0,0.0
expression,LOC119873622_3,186,152,0,0.0
expression,LOC119873968_3,186,152,0,0.0
expression,LOC119876000,186,152,0,0.0
expression,LOC119876660,186,152,0,0.0
expression,LOC119877460,186,152,0,0.0
expression,LOC119877521,186,152,0,0.0
expression,LOC489231_3,186,152,0,0.0
expression,LOC608573_3,186,152,0,0.0
expression,LOC608881_3,186,152,0,0.0
expression,MYLK2_3,186,152,0,0.0
expression,NEFH_3,186,152,0,0.0
expression,NEGR1_3,186,152,0,0.0
expression,SPTBN2_3,186,152,0,0.0
expression,SYP_3,186,152,0,0.0
expression,TBX5_3,186,152,0,0.0
expression,TNFRSF9_3,186,152,0,0.0
expression,TNFSF4_3,186,152,0,0.0
expression,TOPAZ1_3,186,152,0,0.0
expression,ABCC6_3,186,151,0,0.0
expression,ADAM21_3,186,151,0,0.0
expression,ADRA1A_3,186,151,0,0.0
expression,AMPD1_3,186,151,0,0.0
expression,ANGPTL5_3,186,151,0,0.0
expression,BHLHE22_3,186,151,0,0.0
expression,BPIFC_3,186,151,0,0.0
expression,CCK_3,186,151,0,0.0
expression,CFAP206_3,186,151,0,0.0
expression,CHRM2_3,186,151,0,0.0
expression,COX6A2_3,186,151,0,0.0
expression,F2RL3_3,186,151,0,0.0
expression,HFM1_3,186,151,0,0.0
expression,KCNJ5_3,186,151,0,0.0
expression,KCNK7_3,186,151,0,0.0
expression,KMO_3,186,151,0,0.0
expression,LOC100686496_3,186,151,0,0.0
expression,LOC102152120_3,186,151,0,0.0
expression,LOC102152560_3,186,151,0,0.0
expression,LOC102152990_3,186,151,0,0.0
expression,LOC102154816_3,186,151,0,0.0
expression,LOC102154936_2,186,151,0,0.0
expression,LOC102156327_3,186,151,0,0.0
expression,LOC106559032_3,186,151,0,0.0
expression,LOC106559410_3,186,151,0,0.0
expression,LOC111090577_3,186,151,0,0.0
expression,LOC111092145_3,186,151,0,0.0
expression,LOC111092216_3,186,151,0,0.0
expression,LOC111092961_3,186,151,0,0.0
expression,LOC111096347_3,186,151,0,0.0
expression,LOC111096746_3,186,151,0,0.0
expression,LOC119864566_3,186,151,0,0.0
expression,LOC119864742_3,186,151,0,0.0
expression,LOC119865744_3,186,151,0,0.0
expression,LOC119866442_3,186,151,0,0.0
expression,LOC119871225_3,186,151,0,0.0
expression,LOC119871428_3,186,151,0,0.0
expression,LOC119874133_3,186,151,0,0.0
expression,LOC119875648_2,186,151,0,0.0
expression,LOC119877179,186,151,0,0.0
expression,LOC119877283,186,151,0,0.0
expression,LOC119878281,186,151,0,0.0
expression,LOC119879222,186,151,0,0.0
expression,LOC610388_3,186,151,0,0.0
expression,MMP8_3,186,151,0,0.0
expression,MYH1_3,186,151,0,0.0
expression,PERM1_3,186,151,0,0.0
expression,PPM1E_3,186,151,0,0.0
expression,PPP2R2B_3,186,151,0,0.0
expression,RFX8_3,186,151,0,0.0
expression,RHBG_3,186,151,0,0.0
expression,SMPX_3,186,151,0,0.0
expression,SPEF2_3,186,151,0,0.0
expression,TSPAN32_3,186,151,0,0.0
expression,ZNF556_3,186,151,0,0.0
expression,BAIAP3_3,186,150,0,0.0
expression,CAPS2_3,186,150,0,0.0
expression,CCDC187_3,186,150,0,0.0
expression,CD1A6_3,186,150,0,0.0
expression,CGN_3,186,150,0,0.0
expression,CYP26A1_3,186,150,0,0.0
expression,DRP2_3,186,150,0,0.0
expression,FRMPD3_3,186,150,0,0.0
expression,IGSF22_3,186,150,0,0.0
expression,IL13RA2_3,186,150,0,0.0
expression,KCNB2_3,186,150,0,0.0
expression,LOC102151977_3,186,150,0,0.0
expression,LOC102153023_3,186,150,0,0.0
expression,LOC102155586_3,186,150,0,0.0
expression,LOC102156933_3,186,150,0,0.0
expression,LOC106559922_3,186,150,0,0.0
expression,LOC106559988_3,186,150,0,0.0
expression,LOC106560210_3,186,150,0,0.0
expression,LOC111090977_3,186,150,0,0.0
expression,LOC111093274_3,186,150,0,0.0
expression,LOC111094247_3,186,150,0,0.0
expression,LOC111094510_2,186,150,0,0.0
expression,LOC111094954_3,186,150,0,0.0
expression,LOC111095960_3,186,150,0,0.0
expression,LOC111096704_3,186,150,0,0.0
expression,LOC119864182_3,186,150,0,0.0
expression,LOC119864602_3,186,150,0,0.0
expression,LOC119866734_2,186,150,0,0.0
expression,LOC119868480_3,186,150,0,0.0
expression,LOC119871948_3,186,150,0,0.0
expression,LOC119872510_3,186,150,0,0.0
expression,LOC119874472_4,186,150,0,0.0
expression,LOC119876425,186,150,0,0.0
expression,LOC119878060,186,150,0,0.0
expression,LOC119878761,186,150,0,0.0
expression,LOC610160_3,186,150,0,0.0
expression,NRN1_3,186,150,0,0.0
expression,STPG2_3,186,150,0,0.0
expression,TMA7_3,186,150,0,0.0
expression,ACSBG1_3,186,149,0,0.0
expression,ANKRD31_3,186,149,0,0.0
expression,CXCR2_3,186,149,0,0.0
expression,DDC_3,186,149,0,0.0
expression,EAF2_3,186,149,0,0.0
expression,GRIP1_3,186,149,0,0.0
expression,GRM2_3,186,149,0,0.0
expression,GSG1L_3,186,149,0,0.0
expression,GUCY2D_3,186,149,0,0.0
expression,H1-6_3,186,149,0,0.0
expression,HLF_3,186,149,0,0.0
expression,HTR1D_3,186,149,0,0.0
expression,LMTK3_3,186,149,0,0.0
expression,LOC100687242_3,186,149,0,0.0
expression,LOC102155817_3,186,149,0,0.0
expression,LOC102157396_3,186,149,0,0.0
expression,LOC106557917_3,186,149,0,0.0
expression,LOC106560064_3,186,149,0,0.0
expression,LOC111090578_3,186,149,0,0.0
expression,LOC111091898_3,186,149,0,0.0
expression,LOC111092834_3,186,149,0,0.0
expression,LOC111094310_3,186,149,0,0.0
expression,LOC111095429_3,186,149,0,0.0
expression,LOC119864205_3,186,149,0,0.0
expression,LOC119864687_3,186,149,0,0.0
expression,LOC119867697_3,186,149,0,0.0
expression,LOC119869020_2,186,149,0,0.0
expression,LOC119869192_1,186,149,0,0.0
expression,LOC119869382_3,186,149,0,0.0
expression,LOC119873853_3,186,149,0,0.0
expression,LOC119878144,186,149,0,0.0
expression,LOC475575_3,186,149,0,0.0
expression,LRAT_3,186,149,0,0.0
expression,LUZP2_3,186,149,0,0.0
expression,MZB1_3,186,149,0,0.0
expression,PITX3_3,186,149,0,0.0
expression,PIWIL2_3,186,149,0,0.0
expression,RPPH1_3,186,149,0,0.0
expression,SAMD15_3,186,149,0,0.0
expression,SUSD3_3,186,149,0,0.0
expression,TAFA4_3,186,149,0,0.0
expression,TMEM52B_3,186,149,0,0.0
expression,ZIC1_3,186,149,0,0.0
expression,ADAMTS20_3,186,148,0,0.0
expression,AK7_3,186,148,0,0.0
expression,ATP2B3_3,186,148,0,0.0
expression,BEGAIN_3,186,148,0,0.0
expression,CCDC24_3,186,148,0,0.0
expression,CELF6_3,186,148,0,0.0
expression,DUSP9_3,186,148,0,0.0
expression,ERBB4_3,186,148,0,0.0
expression,FBXL13_3,186,148,0,0.0
expression,FCRLA_3,186,148,0,0.0
expression,FOXL2_3,186,148,0,0.0
expression,H2BC3_3,186,148,0,0.0
expression,H2BE1_3,186,148,0,0.0
expression,IL37_3,186,148,0,0.0
expression,LAX1_3,186,148,0,0.0
expression,LOC100683203_3,186,148,0,0.0
expression,LOC100684448_3,186,148,0,0.0
expression,LOC100687984_3,186,148,0,0.0
expression,LOC102151893_3,186,148,0,0.0
expression,LOC102152903_3,186,148,0,0.0
expression,LOC102156194_3,186,148,0,0.0
expression,LOC102157173_3,186,148,0,0.0
expression,LOC106558733_3,186,148,0,0.0
expression,LOC106559329_3,186,148,0,0.0
expression,LOC106560092_3,186,148,0,0.0
expression,LOC111093640_3,186,148,0,0.0
expression,LOC111094865_3,186,148,0,0.0
expression,LOC111096841_3,186,148,0,0.0
expression,LOC111096958_3,186,148,0,0.0
expression,LOC119865393_3,186,148,0,0.0
expression,LOC119866233_1,186,148,0,0.0
expression,LOC119866527_3,186,148,0,0.0
expression,LOC119867184_3,186,148,0,0.0
expression,LOC119869729_3,186,148,0,0.0
expression,LOC119870834_3,186,148,0,0.0
expression,LOC119878555,186,148,0,0.0
expression,LOC476620_3,186,148,0,0.0
expression,LOC485121_3,186,148,0,0.0
expression,LOC608684_3,186,148,0,0.0
expression,LOC611751_3,186,148,0,0.0
expression,NTRK1_3,186,148,0,0.0
expression,PRR15_3,186,148,0,0.0
expression,RNF180_3,186,148,0,0.0
expression,S1PR5_3,186,148,0,0.0
expression,SEZ6_3,186,148,0,0.0
expression,SYT8_3,186,148,0,0.0
expression,SYTL5_3,186,148,0,0.0
expression,TCHH_3,186,148,0,0.0
expression,TXNDC2_3,186,148,0,0.0
expression,CAMSAP3_3,186,147,0,0.0
expression,CHD5_3,186,147,0,0.0
expression,COL9A3_3,186,147,0,0.0
expression,CXHXorf58_3,186,147,0,0.0
expression,FOXD2_3,186,147,0,0.0
expression,GABRA2_3,186,147,0,0.0
expression,GIPC2_3,186,147,0,0.0
expression,GPR142_3,186,147,0,0.0
expression,HS3ST3A1_3,186,147,0,0.0
expression,ITPRID1_3,186,147,0,0.0
expression,KLHDC7B_3,186,147,0,0.0
expression,LOC100855547_3,186,147,0,0.0
expression,LOC102151246_3,186,147,0,0.0
expression,LOC102154778_3,186,147,0,0.0
expression,LOC102156897_3,186,147,0,0.0
expression,LOC106557831_3,186,147,0,0.0
expression,LOC106560126_3,186,147,0,0.0
expression,LOC111095193_3,186,147,0,0.0
expression,LOC111097890_3,186,147,0,0.0
expression,LOC119864272_3,186,147,0,0.0
expression,LOC119867690_3,186,147,0,0.0
expression,LOC119872908_3,186,147,0,0.0
expression,LOC119876318,186,147,0,0.0
expression,LOC119876391,186,147,0,0.0
expression,LOC119877822,186,147,0,0.0
expression,LOC119878351,186,147,0,0.0
expression,LOC119878735,186,147,0,0.0
expression,MCIDAS_3,186,147,0,0.0
expression,MSS51_3,186,147,0,0.0
expression,NRXN3_3,186,147,0,0.0
expression,PAX8_3,186,147,0,0.0
expression,RETN_3,186,147,0,0.0
expression,RIMS4_3,186,147,0,0.0
expression,SLC30A2_3,186,147,0,0.0
expression,ZIC2_3,186,147,0,0.0
expression,ADAM32_3,186,146,0,0.0
expression,APOB_3,186,146,0,0.0
expression,ATP2B2_3,186,146,0,0.0
expression,BHLHA15_3,186,146,0,0.0
expression,BRICD5_3,186,146,0,0.0
expression,CCL8_3,186,146,0,0.0
expression,CFAP46_3,186,146,0,0.0
expression,DCX_3,186,146,0,0.0
expression,FAM229A_3,186,146,0,0.0
expression,FAM3D_3,186,146,0,0.0
expression,GPR84_3,186,146,0,0.0
expression,IRX6_3,186,146,0,0.0
expression,LOC100684456_3,186,146,0,0.0
expression,LOC100685620_3,186,146,0,0.0
expression,LOC102151217_3,186,146,0,0.0
expression,LOC102151805_3,186,146,0,0.0
expression,LOC102155128_3,186,146,0,0.0
expression,LOC102155390_3,186,146,0,0.0
expression,LOC106559461_3,186,146,0,0.0
expression,LOC106559650_2,186,146,0,0.0
expression,LOC111090543_3,186,146,0,0.0
expression,LOC111091511_3,186,146,0,0.0
expression,LOC111092592_2,186,146,0,0.0
expression,LOC111096323_3,186,146,0,0.0
expression,LOC111096394_3,186,146,0,0.0
expression,LOC119864653_3,186,146,0,0.0
expression,LOC119866613_3,186,146,0,0.0
expression,LOC119868790_1,186,146,0,0.0
expression,LOC119869820_2,186,146,0,0.0
expression,LOC119871068_2,186,146,0,0.0
expression,LOC119871214_3,186,146,0,0.0
expression,LOC119871549_3,186,146,0,0.0
expression,LOC119873360_3,186,146,0,0.0
expression,LOC119873876_5,186,146,0,0.0
expression,LOC119874033_2,186,146,0,0.0
expression,LOC119874170_3,186,146,0,0.0
expression,LOC119874311_3,186,146,0,0.0
expression,LOC119876392,186,146,0,0.0
expression,LOC119876722,186,146,0,0.0
expression,NCCRP1_3,186,146,0,0.0
expression,NRIP2_3,186,146,0,0.0
expression,PGAM2_3,186,146,0,0.0
expression,PTPRT_3,186,146,0,0.0
expression,RAD9B_3,186,146,0,0.0
expression,REEP6_3,186,146,0,0.0
expression,RGN_3,186,146,0,0.0
expression,RIC3_3,186,146,0,0.0
expression,SLC4A10_3,186,146,0,0.0
expression,TCF24_3,186,146,0,0.0
expression,AR_3,186,145,0,0.0
expression,ASB2_3,186,145,0,0.0
expression,CADM3_3,186,145,0,0.0
expression,CCDC73_3,186,145,0,0.0
expression,DDX43_3,186,145,0,0.0
expression,EGFL6_3,186,145,0,0.0
expression,GLYATL3_3,186,145,0,0.0
expression,GYG2_3,186,145,0,0.0
expression,HIGD1B_3,186,145,0,0.0
expression,ICOS_3,186,145,0,0.0
expression,KASH5_3,186,145,0,0.0
expression,LOC100687594_3,186,145,0,0.0
expression,LOC102154017_3,186,145,0,0.0
expression,LOC102155961_3,186,145,0,0.0
expression,LOC102156186_3,186,145,0,0.0
expression,LOC106559375_3,186,145,0,0.0
expression,LOC111090239_3,186,145,0,0.0
expression,LOC111090723_3,186,145,0,0.0
expression,LOC111095792_3,186,145,0,0.0
expression,LOC119866553_2,186,145,0,0.0
expression,LOC119867211_2,186,145,0,0.0
expression,LOC119871239_3,186,145,0,0.0
expression,LOC119871964_3,186,145,0,0.0
expression,LOC119872700_3,186,145,0,0.0
expression,LOC119876451,186,145,0,0.0
expression,LOC119878138,186,145,0,0.0
expression,LOC119878330,186,145,0,0.0
expression,LOC612177_3,186,145,0,0.0
expression,MAPK15_3,186,145,0,0.0
expression,MYO7B_3,186,145,0,0.0
expression,NEUROG2_3,186,145,0,0.0
expression,PEAK3_3,186,145,0,0.0
expression,SPTBN5_3,186,145,0,0.0
expression,TDRD12_3,186,145,0,0.0
expression,TDRKH_3,186,145,0,0.0
expression,TENM2_3,186,145,0,0.0
expression,UCN2_3,186,145,0,0.0
expression,YBX2_3,186,145,0,0.0
expression,ASPA_3,186,144,0,0.0
expression,BMERB1_3,186,144,0,0.0
expression,C6H16orf96_3,186,144,0,0.0
expression,C9H9orf116_3,186,144,0,0.0
expression,CALN1_3,186,144,0,0.0
expression,CHL1_3,186,144,0,0.0
expression,FRMD5_3,186,144,0,0.0
expression,GATM_3,186,144,0,0.0
expression,HEMGN_3,186,144,0,0.0
expression,INCA1_3,186,144,0,0.0
expression,LOC102151464_3,186,144,0,0.0
expression,LOC102153613_3,186,144,0,0.0
expression,LOC102155159_3,186,144,0,0.0
expression,LOC102157096_3,186,144,0,0.0
expression,LOC102157230_3,186,144,0,0.0
expression,LOC106558771_3,186,144,0,0.0
expression,LOC111092678_3,186,144,0,0.0
expression,LOC111093330_3,186,144,0,0.0
expression,LOC111093504_3,186,144,0,0.0
expression,LOC111093758_3,186,144,0,0.0
expression,LOC111095908_3,186,144,0,0.0
expression,LOC111096957_3,186,144,0,0.0
expression,LOC111096970_3,186,144,0,0.0
expression,LOC111098655_3,186,144,0,0.0
expression,LOC119865950_3,186,144,0,0.0
expression,LOC119869581_3,186,144,0,0.0
expression,LOC119873202_3,186,144,0,0.0
expression,LOC119876102,186,144,0,0.0
expression,LOC119876408,186,144,0,0.0
expression,LOC119878021,186,144,0,0.0
expression,LOC119878760_1,186,144,0,0.0
expression,LOC119879253,186,144,0,0.0
expression,LOC492065_3,186,144,0,0.0
expression,PFN4_3,186,144,0,0.0
expression,SBK2_3,186,144,0,0.0
expression,SYT2_3,186,144,0,0.0
expression,UNC79_3,186,144,0,0.0
expression,WNT9B_3,186,144,0,0.0
expression,ALAS2_3,186,143,0,0.0
expression,BCL11B_3,186,143,0,0.0
expression,CCNO_3,186,143,0,0.0
expression,CDKL1_3,186,143,0,0.0
expression,CNNM1_3,186,143,0,0.0
expression,CTNNA2_3,186,143,0,0.0
expression,DCDC1_3,186,143,0,0.0
expression,FOXE1_3,186,143,0,0.0
expression,GABRA4_3,186,143,0,0.0
expression,GABRG1_3,186,143,0,0.0
expression,H2AC13_3,186,143,0,0.0
expression,HAPLN4_3,186,143,0,0.0
expression,KRT18_3,186,143,0,0.0
expression,LOC100686307_2,186,143,0,0.0
expression,LOC102154139_2,186,143,0,0.0
expression,LOC102154679_3,186,143,0,0.0
expression,LOC102154680_3,186,143,0,0.0
expression,LOC102157382_3,186,143,0,0.0
expression,LOC106559176_3,186,143,0,0.0
expression,LOC111091660_3,186,143,0,0.0
expression,LOC111093446_2,186,143,0,0.0
expression,LOC111096585_3,186,143,0,0.0
expression,LOC111098047_3,186,143,0,0.0
expression,LOC119865356_3,186,143,0,0.0
expression,LOC119868878_3,186,143,0,0.0
expression,LOC119874232_3,186,143,0,0.0
expression,LOC119875870_2,186,143,0,0.0
expression,LOC119876039,186,143,0,0.0
expression,LOC119876089,186,143,0,0.0
expression,LOC119877301,186,143,0,0.0
expression,LOC119877830,186,143,0,0.0
expression,LOC119878458_1,186,143,0,0.0
expression,LOC119878575,186,143,0,0.0
expression,LOC119878825,186,143,0,0.0
expression,LOC119879181,186,143,0,0.0
expression,LTC4S_3,186,143,0,0.0
expression,MACC1_3,186,143,0,0.0
expression,MFAP4_3,186,143,0,0.0
expression,PCDH20_3,186,143,0,0.0
expression,PDC_3,186,143,0,0.0
expression,PDIA2_3,186,143,0,0.0
expression,PENK_3,186,143,0,0.0
expression,PPP1R1A_3,186,143,0,0.0
expression,RDH12_3,186,143,0,0.0
expression,SLC24A5_3,186,143,0,0.0
expression,SLPI_3,186,143,0,0.0
expression,SP5_3,186,143,0,0.0
expression,SRRM4_3,186,143,0,0.0
expression,SV2B_3,186,143,0,0.0
expression,SYN3_3,186,143,0,0.0
expression,TP63_3,186,143,0,0.0
expression,WT1_3,186,143,0,0.0
expression,AGR2_3,186,142,0,0.0
expression,AMHR2_3,186,142,0,0.0
expression,BFSP2_3,186,142,0,0.0
expression,CCDC168_3,186,142,0,0.0
expression,CHST4_3,186,142,0,0.0
expression,CLEC3A_3,186,142,0,0.0
expression,GRM8_3,186,142,0,0.0
expression,INPP5J_3,186,142,0,0.0
expression,KLK1_3,186,142,0,0.0
expression,KLRG2_3,186,142,0,0.0
expression,LOC100686848_3,186,142,0,0.0
expression,LOC102151895_3,186,142,0,0.0
expression,LOC102153278_3,186,142,0,0.0
expression,LOC102154136_3,186,142,0,0.0
expression,LOC102154320_3,186,142,0,0.0
expression,LOC102155569_3,186,142,0,0.0
expression,LOC102155776_3,186,142,0,0.0
expression,LOC102157068_3,186,142,0,0.0
expression,LOC106557696_3,186,142,0,0.0
expression,LOC106559881_3,186,142,0,0.0
expression,LOC111091325_3,186,142,0,0.0
expression,LOC111092071_3,186,142,0,0.0
expression,LOC111097810_3,186,142,0,0.0
expression,LOC119865714_3,186,142,0,0.0
expression,LOC119865963_3,186,142,0,0.0
expression,LOC119867475_3,186,142,0,0.0
expression,LOC119869371_3,186,142,0,0.0
expression,LOC119869570_3,186,142,0,0.0
expression,LOC119870122_3,186,142,0,0.0
expression,LOC119872844_3,186,142,0,0.0
expression,LOC119873846_3,186,142,0,0.0
expression,LOC611915_3,186,142,0,0.0
expression,NOBOX_3,186,142,0,0.0
expression,SLC16A8_3,186,142,0,0.0
expression,SLC35F3_3,186,142,0,0.0
expression,ST6GALNAC5_3,186,142,0,0.0
expression,TMEM116_3,186,142,0,0.0
expression,TULP2_3,186,142,0,0.0
expression,A3GALT2_3,186,141,0,0.0
expression,C2H10orf67_3,186,141,0,0.0
expression,CNTNAP4_3,186,141,0,0.0
expression,CRMP1_3,186,141,0,0.0
expression,CYP24A1_3,186,141,0,0.0
expression,EFCAB6_3,186,141,0,0.0
expression,EPGN_3,186,141,0,0.0
expression,IL1RL2_3,186,141,0,0.0
expression,KCNG3_3,186,141,0,0.0
expression,KCNT1_3,186,141,0,0.0
expression,KRT7_3,186,141,0,0.0
expression,LOC102151157_3,186,141,0,0.0
expression,LOC102156106_3,186,141,0,0.0
expression,LOC106560017_3,186,141,0,0.0
expression,LOC111090706_3,186,141,0,0.0
expression,LOC111091533_3,186,141,0,0.0
expression,LOC111093619_3,186,141,0,0.0
expression,LOC111094502_3,186,141,0,0.0
expression,LOC111097444_3,186,141,0,0.0
expression,LOC111097683_3,186,141,0,0.0
expression,LOC111097786_3,186,141,0,0.0
expression,LOC111098432_3,186,141,0,0.0
expression,LOC119865372_2,186,141,0,0.0
expression,LOC119865988_3,186,141,0,0.0
expression,LOC119867824_3,186,141,0,0.0
expression,LOC119868358_3,186,141,0,0.0
expression,LOC119869194_2,186,141,0,0.0
expression,LOC119870865_3,186,141,0,0.0
expression,LOC119872523_3,186,141,0,0.0
expression,LOC119873293_3,186,141,0,0.0
expression,LOC119873515_3,186,141,0,0.0
expression,LOC119873902_3,186,141,0,0.0
expression,LOC119876433_1,186,141,0,0.0
expression,LOC119876846,186,141,0,0.0
expression,LOC119877041,186,141,0,0.0
expression,LOC119877499,186,141,0,0.0
expression,LOC119878252,186,141,0,0.0
expression,LOC119878730,186,141,0,0.0
expression,LOC119878969,186,141,0,0.0
expression,LOC119879234,186,141,0,0.0
expression,NNMT_3,186,141,0,0.0
expression,PCSK1N_3,186,141,0,0.0
expression,PHYHIP_3,186,141,0,0.0
expression,PRR22_3,186,141,0,0.0
expression,RAB25_3,186,141,0,0.0
expression,RXFP1_3,186,141,0,0.0
expression,SEZ6L2_3,186,141,0,0.0
expression,SHISA8_3,186,141,0,0.0
expression,SLIT1_3,186,141,0,0.0
expression,TNFRSF4_3,186,141,0,0.0
expression,TRDN_3,186,141,0,0.0
expression,XIRP2_3,186,141,0,0.0
expression,ALK_3,186,140,0,0.0
expression,BNIPL_3,186,140,0,0.0
expression,C9H9orf50_3,186,140,0,0.0
expression,CAGE1_3,186,140,0,0.0
expression,CALR3_3,186,140,0,0.0
expression,DUOX2_3,186,140,0,0.0
expression,EPHA6_3,186,140,0,0.0
expression,EPS8L1_3,186,140,0,0.0
expression,GATA4_3,186,140,0,0.0
expression,GPR55_3,186,140,0,0.0
expression,GPR85_3,186,140,0,0.0
expression,HOTAIR_3,186,140,0,0.0
expression,KRT42_3,186,140,0,0.0
expression,LOC102152006_3,186,140,0,0.0
expression,LOC102156472_3,186,140,0,0.0
expression,LOC106559037_3,186,140,0,0.0
expression,LOC111093197_3,186,140,0,0.0
expression,LOC111095666_3,186,140,0,0.0
expression,LOC119864497_3,186,140,0,0.0
expression,LOC119865979_3,186,140,0,0.0
expression,LOC119866256_3,186,140,0,0.0
expression,LOC119867466_3,186,140,0,0.0
expression,LOC119872803_3,186,140,0,0.0
expression,LOC119876077,186,140,0,0.0
expression,LOC119876149,186,140,0,0.0
expression,LOC119876216,186,140,0,0.0
expression,LOC119876691,186,140,0,0.0
expression,LOC119876966,186,140,0,0.0
expression,LOC119877431,186,140,0,0.0
expression,LOC119879263,186,140,0,0.0
expression,LOC476645_3,186,140,0,0.0
expression,LOC609048_3,186,140,0,0.0
expression,LOC611642_3,186,140,0,0.0
expression,MAP6D1_3,186,140,0,0.0
expression,MOGAT1_3,186,140,0,0.0
expression,NPY1R_3,186,140,0,0.0
expression,PAX5_3,186,140,0,0.0
expression,PHF21B_3,186,140,0,0.0
expression,RNF128_3,186,140,0,0.0
expression,SLC3A1_3,186,140,0,0.0
expression,THEM5_3,186,140,0,0.0
expression,TSPAN1_3,186,140,0,0.0
expression,AK9_3,186,139,0,0.0
expression,AMBN_3,186,139,0,0.0
expression,ART4_3,186,139,0,0.0
expression,C4BPB_3,186,139,0,0.0
expression,CAECAM1_3,186,139,0,0.0
expression,CD70_3,186,139,0,0.0
expression,CST6_3,186,139,0,0.0
expression,DCC_3,186,139,0,0.0
expression,EVX1_3,186,139,0,0.0
expression,H1-4_3,186,139,0,0.0
expression,HHIP_3,186,139,0,0.0
expression,HSH2D_3,186,139,0,0.0
expression,IGSF11_3,186,139,0,0.0
expression,IL36G_3,186,139,0,0.0
expression,KCNH7_3,186,139,0,0.0
expression,LOC100682872_3,186,139,0,0.0
expression,LOC102151786_3,186,139,0,0.0
expression,LOC102153257_3,186,139,0,0.0
expression,LOC102154031_3,186,139,0,0.0
expression,LOC102154412_3,186,139,0,0.0
expression,LOC102154670_3,186,139,0,0.0
expression,LOC102156002_3,186,139,0,0.0
expression,LOC106557684_3,186,139,0,0.0
expression,LOC111090942_3,186,139,0,0.0
expression,LOC111093321_3,186,139,0,0.0
expression,LOC111094331_3,186,139,0,0.0
expression,LOC111095432_3,186,139,0,0.0
expression,LOC111097448_3,186,139,0,0.0
expression,LOC111098054_3,186,139,0,0.0
expression,LOC119865181_3,186,139,0,0.0
expression,LOC119866143_3,186,139,0,0.0
expression,LOC119867487_3,186,139,0,0.0
expression,LOC119867841_2,186,139,0,0.0
expression,LOC119868444_2,186,139,0,0.0
expression,LOC119869063_2,186,139,0,0.0
expression,LOC119869228_1,186,139,0,0.0
expression,LOC119872526_3,186,139,0,0.0
expression,LOC119876386,186,139,0,0.0
expression,LOC119876759,186,139,0,0.0
expression,LOC119877279,186,139,0,0.0
expression,LOC119877643,186,139,0,0.0
expression,LOC119878191,186,139,0,0.0
expression,LOC119878651,186,139,0,0.0
expression,LOC479071_3,186,139,0,0.0
expression,LOC485559_3,186,139,0,0.0
expression,LRRC10B_3,186,139,0,0.0
expression,LRRC56_3,186,139,0,0.0
expression,MSANTD1_3,186,139,0,0.0
expression,NPC1L1_3,186,139,0,0.0
expression,PROM2_3,186,139,0,0.0
expression,SIM1_3,186,139,0,0.0
expression,SLC4A5_3,186,139,0,0.0
expression,STYXL2_3,186,139,0,0.0
expression,TMPRSS12_3,186,139,0,0.0
expression,AQP10_3,186,138,0,0.0
expression,ARMH1_3,186,138,0,0.0
expression,C17H2orf81_3,186,138,0,0.0
expression,CHODL_3,186,138,0,0.0
expression,CRYGS_3,186,138,0,0.0
expression,CYP4B1_3,186,138,0,0.0
expression,ESR2_3,186,138,0,0.0
expression,F2RL1_3,186,138,0,0.0
expression,FITM1_3,186,138,0,0.0
expression,GUCA1ANB_3,186,138,0,0.0
expression,H4C6_3,186,138,0,0.0
expression,LEP_3,186,138,0,0.0
expression,LOC100856198_3,186,138,0,0.0
expression,LOC102153635_3,186,138,0,0.0
expression,LOC102154185_3,186,138,0,0.0
expression,LOC102157274_3,186,138,0,0.0
expression,LOC106559254_3,186,138,0,0.0
expression,LOC106559652_3,186,138,0,0.0
expression,LOC111092509_3,186,138,0,0.0
expression,LOC111095578_3,186,138,0,0.0
expression,LOC111098046_3,186,138,0,0.0
expression,LOC119864487_3,186,138,0,0.0
expression,LOC119864792_2,186,138,0,0.0
expression,LOC119864923_2,186,138,0,0.0
expression,LOC119866948_2,186,138,0,0.0
expression,LOC119868253_3,186,138,0,0.0
expression,LOC119869781_3,186,138,0,0.0
expression,LOC119870755_3,186,138,0,0.0
expression,LOC119871942_3,186,138,0,0.0
expression,LOC119871969_3,186,138,0,0.0
expression,LOC119872560_3,186,138,0,0.0
expression,LOC119874625_3,186,138,0,0.0
expression,LOC119878757_1,186,138,0,0.0
expression,LOC486692_3,186,138,0,0.0
expression,LRRC19_3,186,138,0,0.0
expression,MAP3K15_3,186,138,0,0.0
expression,NELL2_3,186,138,0,0.0
expression,PIP_3,186,138,0,0.0
expression,POLN_3,186,138,0,0.0
expression,RLBP1_3,186,138,0,0.0
expression,SLC2A2_3,186,138,0,0.0
expression,SLN_3,186,138,0,0.0
expression,TDRD6_4,186,138,0,0.0
expression,UPK3B_3,186,138,0,0.0
expression,ACKR1_3,186,137,0,0.0
expression,BEND4_3,186,137,0,0.0
expression,CTSE_3,186,137,0,0.0
expression,CXCL10_3,186,137,0,0.0
expression,DIRAS2_3,186,137,0,0.0
expression,FGG_3,186,137,0,0.0
expression,GPR82_3,186,137,0,0.0
expression,H2BC12_3,186,137,0,0.0
expression,IGFN1_3,186,137,0,0.0
expression,LOC100683963_3,186,137,0,0.0
expression,LOC102156193_3,186,137,0,0.0
expression,LOC106559882_3,186,137,0,0.0
expression,LOC111091659_3,186,137,0,0.0
expression,LOC111091860_3,186,137,0,0.0
expression,LOC111093466_3,186,137,0,0.0
expression,LOC111097493_3,186,137,0,0.0
expression,LOC119863953_3,186,137,0,0.0
expression,LOC119866439_3,186,137,0,0.0
expression,LOC119869257_3,186,137,0,0.0
expression,LOC119870648_2,186,137,0,0.0
expression,LOC119870786_2,186,137,0,0.0
expression,LOC119871253_3,186,137,0,0.0
expression,LOC119871275_3,186,137,0,0.0
expression,LOC119872278_2,186,137,0,0.0
expression,LOC119873349_3,186,137,0,0.0
expression,LOC119877236,186,137,0,0.0
expression,LOC448801_3,186,137,0,0.0
expression,LOC480466_3,186,137,0,0.0
expression,MORN5_3,186,137,0,0.0
expression,PLA2G4E_3,186,137,0,0.0
expression,PRSS27_3,186,137,0,0.0
expression,SLC6A11_3,186,137,0,0.0
expression,ATP6V1G2_3,186,136,0,0.0
expression,CCDC40_3,186,136,0,0.0
expression,CLEC19A_3,186,136,0,0.0
expression,CNDP1_3,186,136,0,0.0
expression,FAM162B_3,186,136,0,0.0
expression,FAM43B_3,186,136,0,0.0
expression,FAM71F2_3,186,136,0,0.0
expression,FBXO43_3,186,136,0,0.0
expression,GJB1_3,186,136,0,0.0
expression,HCN1_3,186,136,0,0.0
expression,HOXC12_3,186,136,0,0.0
expression,HTRA4_3,186,136,0,0.0
expression,IL22RA2_3,186,136,0,0.0
expression,KCNRG_3,186,136,0,0.0
expression,LGI2_3,186,136,0,0.0
expression,LOC100687917_3,186,136,0,0.0
expression,LOC100688011_2,186,136,0,0.0
expression,LOC102151436_3,186,136,0,0.0
expression,LOC102152627_3,186,136,0,0.0
expression,LOC102152970_3,186,136,0,0.0
expression,LOC102154089_3,186,136,0,0.0
expression,LOC102154243_3,186,136,0,0.0
expression,LOC106558620_2,186,136,0,0.0
expression,LOC106559446_3,186,136,0,0.0
expression,LOC111090998_3,186,136,0,0.0
expression,LOC111095167_3,186,136,0,0.0
expression,LOC111095961_3,186,136,0,0.0
expression,LOC119864723_3,186,136,0,0.0
expression,LOC119865657_3,186,136,0,0.0
expression,LOC119870959_3,186,136,0,0.0
expression,LOC119872683_2,186,136,0,0.0
expression,LOC119873855_3,186,136,0,0.0
expression,LOC119875976_2,186,136,0,0.0
expression,LOC119876874,186,136,0,0.0
expression,LOC119876925,186,136,0,0.0
expression,LOC119877694,186,136,0,0.0
expression,LOC119878331,186,136,0,0.0
expression,LOC119878408,186,136,0,0.0
expression,LOC482320_3,186,136,0,0.0
expression,LOC612266_3,186,136,0,0.0
expression,MAT1A_3,186,136,0,0.0
expression,MEPE_3,186,136,0,0.0
expression,NALCN_3,186,136,0,0.0
expression,NMUR1_3,186,136,0,0.0
expression,PADI3_3,186,136,0,0.0
expression,PHOX2A_3,186,136,0,0.0
expression,SELENOV_3,186,136,0,0.0
expression,SLC29A2_3,186,136,0,0.0
expression,SYT6_3,186,136,0,0.0
expression,TOGARAM2_3,186,136,0,0.0
expression,VTCN1_3,186,136,0,0.0
expression,AQP4_3,186,135,0,0.0
expression,C4H10orf105_3,186,135,0,0.0
expression,CABP7_3,186,135,0,0.0
expression,CACNA1I_3,186,135,0,0.0
expression,CCL3_3,186,135,0,0.0
expression,FASLG_3,186,135,0,0.0
expression,FOXA1_3,186,135,0,0.0
expression,IL20RA_3,186,135,0,0.0
expression,LOC100685971_3,186,135,0,0.0
expression,LOC102151779_3,186,135,0,0.0
expression,LOC102152752_3,186,135,0,0.0
expression,LOC102153551_3,186,135,0,0.0
expression,LOC102153608_3,186,135,0,0.0
expression,LOC102153759_3,186,135,0,0.0
expression,LOC102154086_4,186,135,0,0.0
expression,LOC102155090_3,186,135,0,0.0
expression,LOC102155151_3,186,135,0,0.0
expression,LOC102155737_3,186,135,0,0.0
expression,LOC102157143_3,186,135,0,0.0
expression,LOC111093862_3,186,135,0,0.0
expression,LOC111095648_3,186,135,0,0.0
expression,LOC111095876_3,186,135,0,0.0
expression,LOC111096211_3,186,135,0,0.0
expression,LOC111097402_3,186,135,0,0.0
expression,LOC111098320_3,186,135,0,0.0
expression,LOC119865885_3,186,135,0,0.0
expression,LOC119868189_3,186,135,0,0.0
expression,LOC119868251_3,186,135,0,0.0
expression,LOC119868278_3,186,135,0,0.0
expression,LOC119870283_3,186,135,0,0.0
expression,LOC119873399_3,186,135,0,0.0
expression,LOC119877100,186,135,0,0.0
expression,LOC119877534,186,135,0,0.0
expression,LOC119879247,186,135,0,0.0
expression,LOC491134_2,186,135,0,0.0
expression,MROH9_3,186,135,0,0.0
expression,PEX5L_3,186,135,0,0.0
expression,RNF222_3,186,135,0,0.0
expression,SAMD5_3,186,135,0,0.0
expression,SRCIN1_3,186,135,0,0.0
expression,SYNGR4_3,186,135,0,0.0
expression,TBX4_3,186,135,0,0.0
expression,TIGIT_3,186,135,0,0.0
expression,TNS4_3,186,135,0,0.0
expression,UCP1_3,186,135,0,0.0
expression,XKRX_3,186,135,0,0.0
expression,ADIG_3,186,134,0,0.0
expression,BARHL2_3,186,134,0,0.0
expression,BNC1_3,186,134,0,0.0
expression,C28H10orf71_3,186,134,0,0.0
expression,C29H8orf34_3,186,134,0,0.0
expression,CACNA1S_3,186,134,0,0.0
expression,CLCNKA_3,186,134,0,0.0
expression,DNAH14_3,186,134,0,0.0
expression,DNAH7_3,186,134,0,0.0
expression,DSCAML1_3,186,134,0,0.0
expression,EREG_3,186,134,0,0.0
expression,GDF10_3,186,134,0,0.0
expression,HHLA2_3,186,134,0,0.0
expression,HS6ST3_3,186,134,0,0.0
expression,HSBP1L1_3,186,134,0,0.0
expression,LAGE3_3,186,134,0,0.0
expression,LMOD3_3,186,134,0,0.0
expression,LOC100685381_3,186,134,0,0.0
expression,LOC102152682_3,186,134,0,0.0
expression,LOC102155255_3,186,134,0,0.0
expression,LOC102156091_3,186,134,0,0.0
expression,LOC102156634_3,186,134,0,0.0
expression,LOC106558016_3,186,134,0,0.0
expression,LOC106558637_3,186,134,0,0.0
expression,LOC111090605_3,186,134,0,0.0
expression,LOC111093007_3,186,134,0,0.0
expression,LOC111093368_3,186,134,0,0.0
expression,LOC111095592_3,186,134,0,0.0
expression,LOC111096007_3,186,134,0,0.0
expression,LOC111096623_3,186,134,0,0.0
expression,LOC111096784_3,186,134,0,0.0
expression,LOC111097410_3,186,134,0,0.0
expression,LOC111098860_3,186,134,0,0.0
expression,LOC119864624_3,186,134,0,0.0
expression,LOC119865179_3,186,134,0,0.0
expression,LOC119867180_3,186,134,0,0.0
expression,LOC119869000_1,186,134,0,0.0
expression,LOC119869692_3,186,134,0,0.0
expression,LOC119870705_3,186,134,0,0.0
expression,LOC119870758_3,186,134,0,0.0
expression,LOC119871826_3,186,134,0,0.0
expression,LOC119874502_3,186,134,0,0.0
expression,LOC119876005,186,134,0,0.0
expression,LOC119877276,186,134,0,0.0
expression,LOC119879149,186,134,0,0.0
expression,LOC119879497,186,134,0,0.0
expression,POPDC3_3,186,134,0,0.0
expression,RAMP3_3,186,134,0,0.0
expression,SDCBP2_3,186,134,0,0.0
expression,SHISAL2A_3,186,134,0,0.0
expression,TLCD5_3,186,134,0,0.0
expression,ZDBF2_3,186,134,0,0.0
expression,ADAMTS19_3,186,133,0,0.0
expression,ASIC1_3,186,133,0,0.0
expression,C7H1orf116_3,186,133,0,0.0
expression,CATSPERD_3,186,133,0,0.0
expression,CTSG_3,186,133,0,0.0
expression,GGT6_3,186,133,0,0.0
expression,GPR182_3,186,133,0,0.0
expression,IGSF9B_3,186,133,0,0.0
expression,IP6K3_3,186,133,0,0.0
expression,KCNG2_3,186,133,0,0.0
expression,LOC100684002_3,186,133,0,0.0
expression,LOC102151183_3,186,133,0,0.0
expression,LOC102156445_3,186,133,0,0.0
expression,LOC106559902_3,186,133,0,0.0
expression,LOC111090251_3,186,133,0,0.0
expression,LOC111090636_3,186,133,0,0.0
expression,LOC111090849_3,186,133,0,0.0
expression,LOC111091353_3,186,133,0,0.0
expression,LOC111092768_3,186,133,0,0.0
expression,LOC111093301_3,186,133,0,0.0
expression,LOC111094206_3,186,133,0,0.0
expression,LOC111095548_3,186,133,0,0.0
expression,LOC111096798_3,186,133,0,0.0
expression,LOC111097887_3,186,133,0,0.0
expression,LOC119863958_3,186,133,0,0.0
expression,LOC119864466_3,186,133,0,0.0
expression,LOC119865194_3,186,133,0,0.0
expression,LOC119866157_2,186,133,0,0.0
expression,LOC119866187_3,186,133,0,0.0
expression,LOC119866862_3,186,133,0,0.0
expression,LOC119868013_3,186,133,0,0.0
expression,LOC119870824_3,186,133,0,0.0
expression,LOC119871261_3,186,133,0,0.0
expression,LOC119871848_3,186,133,0,0.0
expression,LOC119873029_3,186,133,0,0.0
expression,LOC119873287_3,186,133,0,0.0
expression,LOC119876880,186,133,0,0.0
expression,LOC119877145,186,133,0,0.0
expression,LOC119878867,186,133,0,0.0
expression,OSTN_3,186,133,0,0.0
expression,P2RX6_3,186,133,0,0.0
expression,PITPNM3_3,186,133,0,0.0
expression,SNCB_3,186,133,0,0.0
expression,SPOCD1_3,186,133,0,0.0
expression,VGLL2_3,186,133,0,0.0
expression,WBP2NL_3,186,133,0,0.0
expression,XPNPEP2_3,186,133,0,0.0
expression,ZC3H12B_3,186,133,0,0.0
expression,ALDH8A1_3,186,132,0,0.0
expression,C1H9orf135_3,186,132,0,0.0
expression,CA4_3,186,132,0,0.0
expression,CCL4_3,186,132,0,0.0
expression,CXCL13_3,186,132,0,0.0
expression,DNAH3_3,186,132,0,0.0
expression,GLDC_3,186,132,0,0.0
expression,HELT_3,186,132,0,0.0
expression,LNP1_3,186,132,0,0.0
expression,LOC102152432_3,186,132,0,0.0
expression,LOC102152706_2,186,132,0,0.0
expression,LOC102155344_3,186,132,0,0.0
expression,LOC106558107_3,186,132,0,0.0
expression,LOC106558577_3,186,132,0,0.0
expression,LOC111090088_3,186,132,0,0.0
expression,LOC111093338_3,186,132,0,0.0
expression,LOC111096355_3,186,132,0,0.0
expression,LOC111097074_3,186,132,0,0.0
expression,LOC111098342_3,186,132,0,0.0
expression,LOC119865213_3,186,132,0,0.0
expression,LOC119867716_3,186,132,0,0.0
expression,LOC119869696_3,186,132,0,0.0
expression,LOC119870499_3,186,132,0,0.0
expression,LOC119872474_3,186,132,0,0.0
expression,LOC119872492_3,186,132,0,0.0
expression,LOC119877357,186,132,0,0.0
expression,PABPC1L2A_3,186,132,0,0.0
expression,PDZD4_3,186,132,0,0.0
expression,RFX4_3,186,132,0,0.0
expression,SLC13A3_3,186,132,0,0.0
expression,SLC39A4_3,186,132,0,0.0
expression,SRARP_3,186,132,0,0.0
expression,SSPO_3,186,132,0,0.0
expression,STMND1_3,186,132,0,0.0
expression,TLR10_3,186,132,0,0.0
expression,ADPRHL1_3,186,131,0,0.0
expression,FBXO36_3,186,131,0,0.0
expression,KLF8_3,186,131,0,0.0
expression,KRT24_3,186,131,0,0.0
expression,LOC102153069_2,186,131,0,0.0
expression,LOC102154170_3,186,131,0,0.0
expression,LOC102154281_3,186,131,0,0.0
expression,LOC102155783_3,186,131,0,0.0
expression,LOC102156458_3,186,131,0,0.0
expression,LOC102157312_3,186,131,0,0.0
expression,LOC111092022_3,186,131,0,0.0
expression,LOC111093622_3,186,131,0,0.0
expression,LOC111096060_3,186,131,0,0.0
expression,LOC111097117_3,186,131,0,0.0
expression,LOC119866382_3,186,131,0,0.0
expression,LOC119870027_3,186,131,0,0.0
expression,LOC119871838_3,186,131,0,0.0
expression,LOC119873674_3,186,131,0,0.0
expression,LOC119874799_2,186,131,0,0.0
expression,LOC119876187,186,131,0,0.0
expression,LOC119879244,186,131,0,0.0
expression,LOC119879387,186,131,0,0.0
expression,LOC490356_3,186,131,0,0.0
expression,LOC607844_3,186,131,0,0.0
expression,MYRFL_3,186,131,0,0.0
expression,P2RX3_3,186,131,0,0.0
expression,PXT1_3,186,131,0,0.0
expression,RIT2_3,186,131,0,0.0
expression,RPGRIP1_3,186,131,0,0.0
expression,STRIT1_3,186,131,0,0.0
expression,TEX45_3,186,131,0,0.0
expression,TTLL8_3,186,131,0,0.0
expression,ZFP92_3,186,131,0,0.0
expression,BHMT_3,186,130,0,0.0
expression,C15H4orf51_2,186,130,0,0.0
expression,CACNA2D4_3,186,130,0,0.0
expression,CCL17_3,186,130,0,0.0
expression,CCL27_3,186,130,0,0.0
expression,CDH8_3,186,130,0,0.0
expression,CFAP44_3,186,130,0,0.0
expression,CORIN_3,186,130,0,0.0
expression,CPA3_3,186,130,0,0.0
expression,ELMOD1_3,186,130,0,0.0
expression,FBN3_3,186,130,0,0.0
expression,GNG13_3,186,130,0,0.0
expression,GNLY_3,186,130,0,0.0
expression,IL27_3,186,130,0,0.0
expression,LHX9_3,186,130,0,0.0
expression,LOC100683681_2,186,130,0,0.0
expression,LOC102153594_3,186,130,0,0.0
expression,LOC102154060_3,186,130,0,0.0
expression,LOC102154334_3,186,130,0,0.0
expression,LOC102156157_3,186,130,0,0.0
expression,LOC106557926_3,186,130,0,0.0
expression,LOC111091088_3,186,130,0,0.0
expression,LOC111091793_3,186,130,0,0.0
expression,LOC111093857_3,186,130,0,0.0
expression,LOC111094751_3,186,130,0,0.0
expression,LOC111095850_3,186,130,0,0.0
expression,LOC111096337_3,186,130,0,0.0
expression,LOC111096731_3,186,130,0,0.0
expression,LOC119867688_3,186,130,0,0.0
expression,LOC119868049_3,186,130,0,0.0
expression,LOC119868521_1,186,130,0,0.0
expression,LOC119870303_3,186,130,0,0.0
expression,LOC119871125_3,186,130,0,0.0
expression,LOC119872021_3,186,130,0,0.0
expression,LOC119874049_3,186,130,0,0.0
expression,LOC119875698_3,186,130,0,0.0
expression,LOC119875965,186,130,0,0.0
expression,LOC119876683_2,186,130,0,0.0
expression,LOC119876781,186,130,0,0.0
expression,LOC119877161,186,130,0,0.0
expression,LOC119878478,186,130,0,0.0
expression,LOC611813_3,186,130,0,0.0
expression,MAGEE2_3,186,130,0,0.0
expression,MYOM2_3,186,130,0,0.0
expression,SLITRK5_3,186,130,0,0.0
expression,TAC1_3,186,130,0,0.0
expression,TLE6_3,186,130,0,0.0
expression,ACKR4_3,186,129,0,0.0
expression,APELA_3,186,129,0,0.0
expression,C5H11orf71_3,186,129,0,0.0
expression,CACNA1E_3,186,129,0,0.0
expression,CLEC12B_2,186,129,0,0.0
expression,CTLA4_3,186,129,0,0.0
expression,DGKB_3,186,129,0,0.0
expression,FAM170A_3,186,129,0,0.0
expression,FAT2_3,186,129,0,0.0
expression,GRM5_3,186,129,0,0.0
expression,HPX_3,186,129,0,0.0
expression,IL23R_3,186,129,0,0.0
expression,KCNK3_3,186,129,0,0.0
expression,KCNN2_3,186,129,0,0.0
expression,LMNTD1_3,186,129,0,0.0
expression,LOC100687063_3,186,129,0,0.0
expression,LOC102153166_3,186,129,0,0.0
expression,LOC102154262_3,186,129,0,0.0
expression,LOC102154762_3,186,129,0,0.0
expression,LOC102157379_3,186,129,0,0.0
expression,LOC106559316_3,186,129,0,0.0
expression,LOC111093730_3,186,129,0,0.0
expression,LOC111094380_3,186,129,0,0.0
expression,LOC111097060_3,186,129,0,0.0
expression,LOC119864115_3,186,129,0,0.0
expression,LOC119866242_3,186,129,0,0.0
expression,LOC119866580_3,186,129,0,0.0
expression,LOC119866859_3,186,129,0,0.0
expression,LOC119868911_1,186,129,0,0.0
expression,LOC119869361_3,186,129,0,0.0
expression,LOC119869600_3,186,129,0,0.0
expression,LOC119869743_3,186,129,0,0.0
expression,LOC119871943_3,186,129,0,0.0
expression,LOC119872495_3,186,129,0,0.0
expression,LOC119872898_3,186,129,0,0.0
expression,LOC119876667,186,129,0,0.0
expression,LOC119876681,186,129,0,0.0
expression,LOC119878561,186,129,0,0.0
expression,LOC119878968,186,129,0,0.0
expression,LOC607729_3,186,129,0,0.0
expression,LOC612235_3,186,129,0,0.0
expression,MAG_3,186,129,0,0.0
expression,MESP1_3,186,129,0,0.0
expression,MS4A13_3,186,129,0,0.0
expression,PCARE_3,186,129,0,0.0
expression,PRCD_3,186,129,0,0.0
expression,SLC16A4_3,186,129,0,0.0
expression,TDRD9_3,186,129,0,0.0
expression,TRIM71_3,186,129,0,0.0
expression,VSTM2L_3,186,129,0,0.0
expression,AP1M2_3,186,128,0,0.0
expression,ASXL3_3,186,128,0,0.0
expression,C34H5orf49_3,186,128,0,0.0
expression,C8H14orf132_3,186,128,0,0.0
expression,CADM2_3,186,128,0,0.0
expression,EPHA1_3,186,128,0,0.0
expression,FLRT1_3,186,128,0,0.0
expression,GDNF_3,186,128,0,0.0
expression,GNAT2_3,186,128,0,0.0
expression,H2AC5_3,186,128,0,0.0
expression,LOC102151797_3,186,128,0,0.0
expression,LOC106560033_3,186,128,0,0.0
expression,LOC111090121_3,186,128,0,0.0
expression,LOC111090787_3,186,128,0,0.0
expression,LOC111092797_3,186,128,0,0.0
expression,LOC111093254_3,186,128,0,0.0
expression,LOC111094579_3,186,128,0,0.0
expression,LOC111097308_3,186,128,0,0.0
expression,LOC111097342_3,186,128,0,0.0
expression,LOC111097489_3,186,128,0,0.0
expression,LOC111098251_3,186,128,0,0.0
expression,LOC111098730_3,186,128,0,0.0
expression,LOC119865907_3,186,128,0,0.0
expression,LOC119866456_3,186,128,0,0.0
expression,LOC119869125_2,186,128,0,0.0
expression,LOC119871101_2,186,128,0,0.0
expression,LOC119873485_3,186,128,0,0.0
expression,LOC119873495_3,186,128,0,0.0
expression,LOC119874216_3,186,128,0,0.0
expression,LOC119876684_2,186,128,0,0.0
expression,LOC119876685,186,128,0,0.0
expression,LOC119876686_2,186,128,0,0.0
expression,LOC119876687,186,128,0,0.0
expression,LOC483397_3,186,128,0,0.0
expression,LOC488134_2,186,128,0,0.0
expression,LYPD1_3,186,128,0,0.0
expression,MOV10L1_3,186,128,0,0.0
expression,NTF3_3,186,128,0,0.0
expression,SLC12A5_3,186,128,0,0.0
expression,SLITRK2_3,186,128,0,0.0
expression,TEKT5_3,186,128,0,0.0
expression,TTYH1_3,186,128,0,0.0
expression,ZNF25_2,186,128,0,0.0
expression,ADM2_3,186,127,0,0.0
expression,ANKMY1_3,186,127,0,0.0
expression,B3GALT1_3,186,127,0,0.0
expression,CAPN12_3,186,127,0,0.0
expression,COL6A5_3,186,127,0,0.0
expression,FABP7_3,186,127,0,0.0
expression,GIPR_3,186,127,0,0.0
expression,GPC5_3,186,127,0,0.0
expression,HTR1E_3,186,127,0,0.0
expression,KCNS3_3,186,127,0,0.0
expression,LMO3_3,186,127,0,0.0
expression,LOC100855425_3,186,127,0,0.0
expression,LOC102151277_3,186,127,0,0.0
expression,LOC102152320_3,186,127,0,0.0
expression,LOC102152853_3,186,127,0,0.0
expression,LOC102154473_3,186,127,0,0.0
expression,LOC102155441_3,186,127,0,0.0
expression,LOC106557595_3,186,127,0,0.0
expression,LOC106557741_3,186,127,0,0.0
expression,LOC106559468_3,186,127,0,0.0
expression,LOC106559500_3,186,127,0,0.0
expression,LOC111090630_3,186,127,0,0.0
expression,LOC111092398_3,186,127,0,0.0
expression,LOC111093268_3,186,127,0,0.0
expression,LOC111094344_3,186,127,0,0.0
expression,LOC111095591_3,186,127,0,0.0
expression,LOC111096351_3,186,127,0,0.0
expression,LOC119865970_2,186,127,0,0.0
expression,LOC119871088_2,186,127,0,0.0
expression,LOC119871155_3,186,127,0,0.0
expression,LOC119871204_3,186,127,0,0.0
expression,LOC119872614_3,186,127,0,0.0
expression,LOC119872696_3,186,127,0,0.0
expression,LOC119874669_3,186,127,0,0.0
expression,LOC119876146,186,127,0,0.0
expression,LOC119877440,186,127,0,0.0
expression,LOC119878766,186,127,0,0.0
expression,LOC490617_3,186,127,0,0.0
expression,LOC491231_3,186,127,0,0.0
expression,LOC491494_2,186,127,0,0.0
expression,LOC609081_3,186,127,0,0.0
expression,LOXHD1_3,186,127,0,0.0
expression,NRXN1_3,186,127,0,0.0
expression,PRR19_3,186,127,0,0.0
expression,RGSL1_3,186,127,0,0.0
expression,TAFA5_3,186,127,0,0.0
expression,THEMIS_3,186,127,0,0.0
expression,WFIKKN1_3,186,127,0,0.0
expression,ATP8A2_3,186,126,0,0.0
expression,CASKIN1_3,186,126,0,0.0
expression,CCDC154_3,186,126,0,0.0
expression,CIDEC_3,186,126,0,0.0
expression,GABRB2_3,186,126,0,0.0
expression,KCNE2_3,186,126,0,0.0
expression,LARGE2_3,186,126,0,0.0
expression,LIPI_3,186,126,0,0.0
expression,LOC100687092_3,186,126,0,0.0
expression,LOC100856400_3,186,126,0,0.0
expression,LOC102152339_3,186,126,0,0.0
expression,LOC102153088_3,186,126,0,0.0
expression,LOC102157149_3,186,126,0,0.0
expression,LOC106558788_3,186,126,0,0.0
expression,LOC106558791_3,186,126,0,0.0
expression,LOC106559491_3,186,126,0,0.0
expression,LOC106559712_3,186,126,0,0.0
expression,LOC111090483_1,186,126,0,0.0
expression,LOC119864438_3,186,126,0,0.0
expression,LOC119867891_3,186,126,0,0.0
expression,LOC119869603_3,186,126,0,0.0
expression,LOC119870813_3,186,126,0,0.0
expression,LOC119872164_3,186,126,0,0.0
expression,LOC119872625_3,186,126,0,0.0
expression,LOC119873307_3,186,126,0,0.0
expression,LOC119875970,186,126,0,0.0
expression,LOC119876732,186,126,0,0.0
expression,LOC119877159,186,126,0,0.0
expression,LOC119878291,186,126,0,0.0
expression,LOC119879313,186,126,0,0.0
expression,LRIT3_3,186,126,0,0.0
expression,OPRD1_3,186,126,0,0.0
expression,SLITRK3_3,186,126,0,0.0
expression,SMIM41_3,186,126,0,0.0
expression,SYT3_3,186,126,0,0.0
expression,TRPC2_3,186,126,0,0.0
expression,AGER_3,186,125,0,0.0
expression,AHSP_3,186,125,0,0.0
expression,APC2_3,186,125,0,0.0
expression,CD160_3,186,125,0,0.0
expression,COL4A4_3,186,125,0,0.0
expression,FAM110C_3,186,125,0,0.0
expression,FER1L6_3,186,125,0,0.0
expression,HPGD_3,186,125,0,0.0
expression,IL17B_3,186,125,0,0.0
expression,KIF1A_3,186,125,0,0.0
expression,LOC102153458_3,186,125,0,0.0
expression,LOC102155105_3,186,125,0,0.0
expression,LOC111093059_3,186,125,0,0.0
expression,LOC111093739_3,186,125,0,0.0
expression,LOC111096339_3,186,125,0,0.0
expression,LOC111097550_3,186,125,0,0.0
expression,LOC111097600_3,186,125,0,0.0
expression,LOC111097969_3,186,125,0,0.0
expression,LOC119864138_1,186,125,0,0.0
expression,LOC119864246_3,186,125,0,0.0
expression,LOC119867645_3,186,125,0,0.0
expression,LOC119867928_3,186,125,0,0.0
expression,LOC119868304_3,186,125,0,0.0
expression,LOC119869410_3,186,125,0,0.0
expression,LOC119870922_3,186,125,0,0.0
expression,LOC119873229_3,186,125,0,0.0
expression,LOC119873278_3,186,125,0,0.0
expression,LOC119873694_3,186,125,0,0.0
expression,LOC119874696_3,186,125,0,0.0
expression,LOC119876518,186,125,0,0.0
expression,LOC119877453,186,125,0,0.0
expression,LOC119878096,186,125,0,0.0
expression,LOC119878739,186,125,0,0.0
expression,LOC119878796,186,125,0,0.0
expression,LOC119878805,186,125,0,0.0
expression,LOC119878895,186,125,0,0.0
expression,LOC119879310,186,125,0,0.0
expression,LOC119879405,186,125,0,0.0
expression,OTX1_3,186,125,0,0.0
expression,P2RY10_3,186,125,0,0.0
expression,PCSK2_3,186,125,0,0.0
expression,PRMT8_3,186,125,0,0.0
expression,SCRG1_3,186,125,0,0.0
expression,SLAMF1_3,186,125,0,0.0
expression,SLC25A53_3,186,125,0,0.0
expression,TRAT1_3,186,125,0,0.0
expression,ALB_3,186,124,0,0.0
expression,EPN3_3,186,124,0,0.0
expression,HEPACAM2_3,186,124,0,0.0
expression,HPN_3,186,124,0,0.0
expression,LOC100688918_3,186,124,0,0.0
expression,LOC102151259_3,186,124,0,0.0
expression,LOC102151316_3,186,124,0,0.0
expression,LOC102152093_3,186,124,0,0.0
expression,LOC102154873_3,186,124,0,0.0
expression,LOC111090347_3,186,124,0,0.0
expression,LOC111090612_3,186,124,0,0.0
expression,LOC111092159_3,186,124,0,0.0
expression,LOC111092761_3,186,124,0,0.0
expression,LOC111092898_3,186,124,0,0.0
expression,LOC111093200_3,186,124,0,0.0
expression,LOC119865349_2,186,124,0,0.0
expression,LOC119866576_3,186,124,0,0.0
expression,LOC119867457_3,186,124,0,0.0
expression,LOC119867506_3,186,124,0,0.0
expression,LOC119867967_3,186,124,0,0.0
expression,LOC119868065_3,186,124,0,0.0
expression,LOC119869241_1,186,124,0,0.0
expression,LOC119869757_3,186,124,0,0.0
expression,LOC119869777_3,186,124,0,0.0
expression,LOC119871901_3,186,124,0,0.0
expression,LOC119871956_3,186,124,0,0.0
expression,LOC119872262_3,186,124,0,0.0
expression,LOC119873647_3,186,124,0,0.0
expression,LOC119874473_3,186,124,0,0.0
expression,LOC482436_3,186,124,0,0.0
expression,LOC607206_3,186,124,0,0.0
expression,LOC610181_3,186,124,0,0.0
expression,LRP2_3,186,124,0,0.0
expression,MYOZ3_3,186,124,0,0.0
expression,PLEKHB1_3,186,124,0,0.0
expression,THPO_3,186,124,0,0.0
expression,TXK_3,186,124,0,0.0
expression,VIPR1_3,186,124,0,0.0
expression,ZNF804A_3,186,124,0,0.0
expression,ANKRD55_3,186,123,0,0.0
expression,C25H2orf72_3,186,123,0,0.0
expression,C27H12orf40_3,186,123,0,0.0
expression,C9H17orf98_3,186,123,0,0.0
expression,COL4A6_3,186,123,0,0.0
expression,CRB2_3,186,123,0,0.0
expression,DHRS2_3,186,123,0,0.0
expression,EPHA7_3,186,123,0,0.0
expression,GDPD2_3,186,123,0,0.0
expression,H2BC10_3,186,123,0,0.0
expression,HSF5_3,186,123,0,0.0
expression,INHBE_3,186,123,0,0.0
expression,JPH4_3,186,123,0,0.0
expression,LOC100686297_3,186,123,0,0.0
expression,LOC102152920_3,186,123,0,0.0
expression,LOC102153597_3,186,123,0,0.0
expression,LOC106557652_3,186,123,0,0.0
expression,LOC111090712_3,186,123,0,0.0
expression,LOC111091365_3,186,123,0,0.0
expression,LOC111095141_2,186,123,0,0.0
expression,LOC111096738_3,186,123,0,0.0
expression,LOC119865309_3,186,123,0,0.0
expression,LOC119866568_3,186,123,0,0.0
expression,LOC119866577_3,186,123,0,0.0
expression,LOC119866901_3,186,123,0,0.0
expression,LOC119867581_3,186,123,0,0.0
expression,LOC119869549_3,186,123,0,0.0
expression,LOC119869625_4,186,123,0,0.0
expression,LOC119870842_3,186,123,0,0.0
expression,LOC119874134_3,186,123,0,0.0
expression,LOC119879374,186,123,0,0.0
expression,LOC487951_3,186,123,0,0.0
expression,LRP1B_3,186,123,0,0.0
expression,LRRC23_3,186,123,0,0.0
expression,S100B_3,186,123,0,0.0
expression,SOHLH2_3,186,123,0,0.0
expression,BMPR1B_3,186,122,0,0.0
expression,C6H16orf89_3,186,122,0,0.0
expression,CLCN1_3,186,122,0,0.0
expression,DPPA4_3,186,122,0,0.0
expression,FAM229B_3,186,122,0,0.0
expression,ISL1_3,186,122,0,0.0
expression,LMOD2_3,186,122,0,0.0
expression,LOC102152378_3,186,122,0,0.0
expression,LOC102152894_3,186,122,0,0.0
expression,LOC102154351_3,186,122,0,0.0
expression,LOC102154871_3,186,122,0,0.0
expression,LOC102155357_3,186,122,0,0.0
expression,LOC106558860_3,186,122,0,0.0
expression,LOC106560149_3,186,122,0,0.0
expression,LOC111091069_3,186,122,0,0.0
expression,LOC111091817_3,186,122,0,0.0
expression,LOC111092558_3,186,122,0,0.0
expression,LOC111093581_3,186,122,0,0.0
expression,LOC111093657_3,186,122,0,0.0
expression,LOC111093719_3,186,122,0,0.0
expression,LOC111094733_3,186,122,0,0.0
expression,LOC111095154_3,186,122,0,0.0
expression,LOC119864153_3,186,122,0,0.0
expression,LOC119866054_2,186,122,0,0.0
expression,LOC119868032_1,186,122,0,0.0
expression,LOC119871264_3,186,122,0,0.0
expression,LOC119871506_3,186,122,0,0.0
expression,LOC119871805_3,186,122,0,0.0
expression,LOC119871857_3,186,122,0,0.0
expression,LOC119871971_3,186,122,0,0.0
expression,LOC119873871_2,186,122,0,0.0
expression,LOC119876385,186,122,0,0.0
expression,LOC119876641_1,186,122,0,0.0
expression,LOC119878465,186,122,0,0.0
expression,LOC119878467,186,122,0,0.0
expression,LOC119878876,186,122,0,0.0
expression,LOC119879517,186,122,0,0.0
expression,LOC481394_3,186,122,0,0.0
expression,LOC611632_3,186,122,0,0.0
expression,LRRD1_3,186,122,0,0.0
expression,MSTN_3,186,122,0,0.0
expression,OMG_3,186,122,0,0.0
expression,PDZD7_3,186,122,0,0.0
expression,PLPPR4_3,186,122,0,0.0
expression,PRDM6_3,186,122,0,0.0
expression,THEGL_3,186,122,0,0.0
expression,TRARG1_3,186,122,0,0.0
expression,CPA5_3,186,121,0,0.0
expression,FAM237B_3,186,121,0,0.0
expression,GRB7_3,186,121,0,0.0
expression,ITGAD_3,186,121,0,0.0
expression,KCNK13_3,186,121,0,0.0
expression,KIF25_3,186,121,0,0.0
expression,LOC102151322_3,186,121,0,0.0
expression,LOC102152945_2,186,121,0,0.0
expression,LOC102153450_3,186,121,0,0.0
expression,LOC102156435_3,186,121,0,0.0
expression,LOC106560206_3,186,121,0,0.0
expression,LOC111094521_3,186,121,0,0.0
expression,LOC111096046_3,186,121,0,0.0
expression,LOC111098114_3,186,121,0,0.0
expression,LOC111098613_3,186,121,0,0.0
expression,LOC119864207_2,186,121,0,0.0
expression,LOC119864492_3,186,121,0,0.0
expression,LOC119865128_2,186,121,0,0.0
expression,LOC119866695_3,186,121,0,0.0
expression,LOC119867158_3,186,121,0,0.0
expression,LOC119867337_3,186,121,0,0.0
expression,LOC119871887_3,186,121,0,0.0
expression,LOC119873429_3,186,121,0,0.0
expression,LOC119876721,186,121,0,0.0
expression,LOC119877569,186,121,0,0.0
expression,LOC484342_3,186,121,0,0.0
expression,LOC487974_3,186,121,0,0.0
expression,LOC607754_3,186,121,0,0.0
expression,LOC609023_3,186,121,0,0.0
expression,OR4D9D_3,186,121,0,0.0
expression,PABPC4L_3,186,121,0,0.0
expression,PAX6_3,186,121,0,0.0
expression,RALYL_3,186,121,0,0.0
expression,RTN4R_3,186,121,0,0.0
expression,SORCS1_3,186,121,0,0.0
expression,TGFA_3,186,121,0,0.0
expression,TPRG1_3,186,121,0,0.0
expression,UCP3_3,186,121,0,0.0
expression,ZFP57_3,186,121,0,0.0
expression,ACOT12_3,186,120,0,0.0
expression,CD177_3,186,120,0,0.0
expression,CES1_3,186,120,0,0.0
expression,CHST9_3,186,120,0,0.0
expression,CNBD2_3,186,120,0,0.0
expression,GRID2IP_3,186,120,0,0.0
expression,GRIN2A_3,186,120,0,0.0
expression,JPH3_3,186,120,0,0.0
expression,KCNH5_3,186,120,0,0.0
expression,LOC102152193_3,186,120,0,0.0
expression,LOC102152765_3,186,120,0,0.0
expression,LOC102152782_4,186,120,0,0.0
expression,LOC102152874_3,186,120,0,0.0
expression,LOC102155683_3,186,120,0,0.0
expression,LOC102156982_3,186,120,0,0.0
expression,LOC106557704_3,186,120,0,0.0
expression,LOC106557914_3,186,120,0,0.0
expression,LOC106559645_3,186,120,0,0.0
expression,LOC111090338_3,186,120,0,0.0
expression,LOC111090990_3,186,120,0,0.0
expression,LOC111091118_3,186,120,0,0.0
expression,LOC111093639_3,186,120,0,0.0
expression,LOC111093798_3,186,120,0,0.0
expression,LOC111094238_3,186,120,0,0.0
expression,LOC111094448_3,186,120,0,0.0
expression,LOC111096243_3,186,120,0,0.0
expression,LOC111096632_3,186,120,0,0.0
expression,LOC111097176_3,186,120,0,0.0
expression,LOC111098933_3,186,120,0,0.0
expression,LOC119865215_3,186,120,0,0.0
expression,LOC119867960_3,186,120,0,0.0
expression,LOC119868486_3,186,120,0,0.0
expression,LOC119868487_3,186,120,0,0.0
expression,LOC119873704_3,186,120,0,0.0
expression,LOC119874150_3,186,120,0,0.0
expression,LOC119876065_2,186,120,0,0.0
expression,LOC119876114_1,186,120,0,0.0
expression,LOC119876627,186,120,0,0.0
expression,LOC119877352,186,120,0,0.0
expression,LOC119878238,186,120,0,0.0
expression,LOC119878270,186,120,0,0.0
expression,LOC119878434,186,120,0,0.0
expression,LOC119878662,186,120,0,0.0
expression,LOC119878733,186,120,0,0.0
expression,LOC480351_3,186,120,0,0.0
expression,LOC610725_3,186,120,0,0.0
expression,PLA2G3_3,186,120,0,0.0
expression,POU3F3_3,186,120,0,0.0
expression,RPS6KL1_3,186,120,0,0.0
expression,STK32A_3,186,120,0,0.0
expression,TSPAN19_3,186,120,0,0.0
expression,USH1C_3,186,120,0,0.0
expression,CLEC3B_3,186,119,0,0.0
expression,CYP7A1_3,186,119,0,0.0
expression,GP9_3,186,119,0,0.0
expression,GPR3_3,186,119,0,0.0
expression,GRP_3,186,119,0,0.0
expression,IL5_3,186,119,0,0.0
expression,KLRB1_3,186,119,0,0.0
expression,LOC102153473_3,186,119,0,0.0
expression,LOC102156644_3,186,119,0,0.0
expression,LOC106557651_3,186,119,0,0.0
expression,LOC106558596_3,186,119,0,0.0
expression,LOC106559416_3,186,119,0,0.0
expression,LOC111091238_3,186,119,0,0.0
expression,LOC111091327_3,186,119,0,0.0
expression,LOC111095140_3,186,119,0,0.0
expression,LOC111095818_3,186,119,0,0.0
expression,LOC111095875_3,186,119,0,0.0
expression,LOC119863994_1,186,119,0,0.0
expression,LOC119864977_2,186,119,0,0.0
expression,LOC119866865_2,186,119,0,0.0
expression,LOC119866867_3,186,119,0,0.0
expression,LOC119870945_3,186,119,0,0.0
expression,LOC119871169_3,186,119,0,0.0
expression,LOC119871825_3,186,119,0,0.0
expression,LOC119872237_3,186,119,0,0.0
expression,LOC119872806_2,186,119,0,0.0
expression,LOC119872840_3,186,119,0,0.0
expression,LOC119873600_3,186,119,0,0.0
expression,LOC119873872_3,186,119,0,0.0
expression,LOC119873906_3,186,119,0,0.0
expression,LOC119874618_3,186,119,0,0.0
expression,LOC119876436,186,119,0,0.0
expression,LOC119877686,186,119,0,0.0
expression,LOC119877901,186,119,0,0.0
expression,LOC119878173,186,119,0,0.0
expression,LOC119878660,186,119,0,0.0
expression,MRAP_3,186,119,0,0.0
expression,PDE6A_3,186,119,0,0.0
expression,PTCHD1_3,186,119,0,0.0
expression,PTGER3_3,186,119,0,0.0
expression,SLC17A8_3,186,119,0,0.0
expression,UBASH3A_3,186,119,0,0.0
expression,WNT1_3,186,119,0,0.0
expression,ADIPOQ_3,186,118,0,0.0
expression,ASB5_3,186,118,0,0.0
expression,CD302_4,186,118,0,0.0
expression,CDX2_3,186,118,0,0.0
expression,GAS2L2_3,186,118,0,0.0
expression,GPR39_3,186,118,0,0.0
expression,GRID1_3,186,118,0,0.0
expression,IL1RAPL1_3,186,118,0,0.0
expression,ISL2_2,186,118,0,0.0
expression,LOC102151426_3,186,118,0,0.0
expression,LOC102153435_3,186,118,0,0.0
expression,LOC102154628_3,186,118,0,0.0
expression,LOC102155927_3,186,118,0,0.0
expression,LOC102156009_3,186,118,0,0.0
expression,LOC111090013_3,186,118,0,0.0
expression,LOC111091460_3,186,118,0,0.0
expression,LOC111096364_3,186,118,0,0.0
expression,LOC119866134_3,186,118,0,0.0
expression,LOC119866159_3,186,118,0,0.0
expression,LOC119866422_3,186,118,0,0.0
expression,LOC119866557_2,186,118,0,0.0
expression,LOC119871091_3,186,118,0,0.0
expression,LOC119872285_3,186,118,0,0.0
expression,LOC119873582_3,186,118,0,0.0
expression,LOC119873867_3,186,118,0,0.0
expression,LOC119876099,186,118,0,0.0
expression,LOC119876634,186,118,0,0.0
expression,LOC119876649_1,186,118,0,0.0
expression,LOC119876928,186,118,0,0.0
expression,LOC119877365,186,118,0,0.0
expression,LOC119877675,186,118,0,0.0
expression,LOC119878235,186,118,0,0.0
expression,LOC119878349,186,118,0,0.0
expression,LOC119879415_2,186,118,0,0.0
expression,MEIG1_3,186,118,0,0.0
expression,NKAIN3_3,186,118,0,0.0
expression,NPY2R_3,186,118,0,0.0
expression,PKP3_3,186,118,0,0.0
expression,PROK2_2,186,118,0,0.0
expression,PRR36_3,186,118,0,0.0
expression,SH2D3A_3,186,118,0,0.0
expression,SLC39A12_3,186,118,0,0.0
expression,SLC6A3_3,186,118,0,0.0
expression,SMCO3_3,186,118,0,0.0
expression,SPATA32_3,186,118,0,0.0
expression,SPDYA_3,186,118,0,0.0
expression,VSTM1_3,186,118,0,0.0
expression,ARTN_3,186,117,0,0.0
expression,BDNF_3,186,117,0,0.0
expression,CCDC96_3,186,117,0,0.0
expression,CCR8_3,186,117,0,0.0
expression,COL4A3_3,186,117,0,0.0
expression,CRB3_3,186,117,0,0.0
expression,CWH43_3,186,117,0,0.0
expression,GNAT1_3,186,117,0,0.0
expression,GPR18_3,186,117,0,0.0
expression,KLRD1_3,186,117,0,0.0
expression,LOC100686779_3,186,117,0,0.0
expression,LOC102151862_3,186,117,0,0.0
expression,LOC102151875_3,186,117,0,0.0
expression,LOC102152285_3,186,117,0,0.0
expression,LOC102153364_3,186,117,0,0.0
expression,LOC102154313_3,186,117,0,0.0
expression,LOC102156097_3,186,117,0,0.0
expression,LOC106557738_3,186,117,0,0.0
expression,LOC106557744_3,186,117,0,0.0
expression,LOC106559893_3,186,117,0,0.0
expression,LOC106560202_3,186,117,0,0.0
expression,LOC111090821_3,186,117,0,0.0
expression,LOC111092129_3,186,117,0,0.0
expression,LOC111094214_3,186,117,0,0.0
expression,LOC111094328_3,186,117,0,0.0
expression,LOC111097293_3,186,117,0,0.0
expression,LOC111098327_3,186,117,0,0.0
expression,LOC111098617_3,186,117,0,0.0
expression,LOC111098967_3,186,117,0,0.0
expression,LOC119864090_3,186,117,0,0.0
expression,LOC119864619_3,186,117,0,0.0
expression,LOC119865115_3,186,117,0,0.0
expression,LOC119866762_3,186,117,0,0.0
expression,LOC119867312_3,186,117,0,0.0
expression,LOC119867936_3,186,117,0,0.0
expression,LOC119869100_1,186,117,0,0.0
expression,LOC119870186_3,186,117,0,0.0
expression,LOC119870882_3,186,117,0,0.0
expression,LOC119873200_3,186,117,0,0.0
expression,LOC119876376,186,117,0,0.0
expression,LOC119876653,186,117,0,0.0
expression,LOC119877107,186,117,0,0.0
expression,LOC119878415,186,117,0,0.0
expression,NOL4_3,186,117,0,0.0
expression,OTOF_3,186,117,0,0.0
expression,PLA2G2D_3,186,117,0,0.0
expression,PPEF2_3,186,117,0,0.0
expression,PRLR_3,186,117,0,0.0
expression,RAB19_3,186,117,0,0.0
expression,RAB26_3,186,117,0,0.0
expression,SDR42E2_3,186,117,0,0.0
expression,TACSTD2_3,186,117,0,0.0
expression,TEKT1_3,186,117,0,0.0
expression,TTPA_3,186,117,0,0.0
expression,UBE2U_3,186,117,0,0.0
expression,ADGRB3_3,186,116,0,0.0
expression,CCR3_3,186,116,0,0.0
expression,COL28A1_3,186,116,0,0.0
expression,HOXC5_3,186,116,0,0.0
expression,IL12B_3,186,116,0,0.0
expression,KCNV1_3,186,116,0,0.0
expression,KLRK1_3,186,116,0,0.0
expression,LMAN1L_3,186,116,0,0.0
expression,LOC100049001_3,186,116,0,0.0
expression,LOC102151823_3,186,116,0,0.0
expression,LOC102152941_3,186,116,0,0.0
expression,LOC102154724_3,186,116,0,0.0
expression,LOC106558083_3,186,116,0,0.0
expression,LOC111091151_3,186,116,0,0.0
expression,LOC111093457_3,186,116,0,0.0
expression,LOC111097075_3,186,116,0,0.0
expression,LOC119865943_3,186,116,0,0.0
expression,LOC119866935_3,186,116,0,0.0
expression,LOC119867090_3,186,116,0,0.0
expression,LOC119869103_2,186,116,0,0.0
expression,LOC119870087_3,186,116,0,0.0
expression,LOC119873903_3,186,116,0,0.0
expression,LOC119875951,186,116,0,0.0
expression,LOC119876663_2,186,116,0,0.0
expression,LOC119877174,186,116,0,0.0
expression,LOC119877559,186,116,0,0.0
expression,LOC119879305,186,116,0,0.0
expression,LOC475367_3,186,116,0,0.0
expression,LOC609264_2,186,116,0,0.0
expression,LRRIQ3_3,186,116,0,0.0
expression,MIOX_3,186,116,0,0.0
expression,MS4A14_3,186,116,0,0.0
expression,MYOZ2_3,186,116,0,0.0
expression,NR1I3_3,186,116,0,0.0
expression,NTM_3,186,116,0,0.0
expression,PHF24_3,186,116,0,0.0
expression,RADX_3,186,116,0,0.0
expression,SLC24A2_3,186,116,0,0.0
expression,SLC7A14_3,186,116,0,0.0
expression,SPACA9_3,186,116,0,0.0
expression,TRAF3IP3_3,186,116,0,0.0
expression,ALPI_3,186,115,0,0.0
expression,ASCL2_3,186,115,0,0.0
expression,ASPRV1_3,186,115,0,0.0
expression,CCDC172_3,186,115,0,0.0
expression,CCDC38_3,186,115,0,0.0
expression,DZIP1L_3,186,115,0,0.0
expression,H2BC20_3,186,115,0,0.0
expression,H3C4_3,186,115,0,0.0
expression,KCNJ10_3,186,115,0,0.0
expression,LOC102151896_3,186,115,0,0.0
expression,LOC102156807_3,186,115,0,0.0
expression,LOC111091519_3,186,115,0,0.0
expression,LOC111097909_3,186,115,0,0.0
expression,LOC119867316_2,186,115,0,0.0
expression,LOC119868037_3,186,115,0,0.0
expression,LOC119870698_3,186,115,0,0.0
expression,LOC119871213_3,186,115,0,0.0
expression,LOC119871968_3,186,115,0,0.0
expression,LOC119872476_3,186,115,0,0.0
expression,LOC119872503_3,186,115,0,0.0
expression,LOC119873428_3,186,115,0,0.0
expression,LOC119873516_3,186,115,0,0.0
expression,LOC119873577_3,186,115,0,0.0
expression,LOC119873897_3,186,115,0,0.0
expression,LOC119874432_3,186,115,0,0.0
expression,LOC119876138,186,115,0,0.0
expression,LOC119877175,186,115,0,0.0
expression,LOC119877917,186,115,0,0.0
expression,LOC119878422,186,115,0,0.0
expression,LOC119879337,186,115,0,0.0
expression,LOC474964_3,186,115,0,0.0
expression,LOC607582_3,186,115,0,0.0
expression,MYH16_3,186,115,0,0.0
expression,NR2E1_3,186,115,0,0.0
expression,PDE11A_3,186,115,0,0.0
expression,PRXL2B_3,186,115,0,0.0
expression,PTH2R_3,186,115,0,0.0
expression,SLC5A2_3,186,115,0,0.0
expression,ANKRD65_3,186,114,0,0.0
expression,ASPHD1_3,186,114,0,0.0
expression,ASTN1_3,186,114,0,0.0
expression,ATOH7_3,186,114,0,0.0
expression,CA10_3,186,114,0,0.0
expression,FGF21_3,186,114,0,0.0
expression,GABRB1_2,186,114,0,0.0
expression,IL7_3,186,114,0,0.0
expression,LOC100682826_3,186,114,0,0.0
expression,LOC102152131_3,186,114,0,0.0
expression,LOC102152212_2,186,114,0,0.0
expression,LOC102152551_3,186,114,0,0.0
expression,LOC102153010_3,186,114,0,0.0
expression,LOC102154870_3,186,114,0,0.0
expression,LOC106557491_3,186,114,0,0.0
expression,LOC106558763_3,186,114,0,0.0
expression,LOC111090062_3,186,114,0,0.0
expression,LOC111090741_3,186,114,0,0.0
expression,LOC111092838_2,186,114,0,0.0
expression,LOC111095250_3,186,114,0,0.0
expression,LOC111095504_3,186,114,0,0.0
expression,LOC111096648_3,186,114,0,0.0
expression,LOC111098124_3,186,114,0,0.0
expression,LOC119866232_3,186,114,0,0.0
expression,LOC119868862_2,186,114,0,0.0
expression,LOC119869701_2,186,114,0,0.0
expression,LOC119869728_3,186,114,0,0.0
expression,LOC119870903_3,186,114,0,0.0
expression,LOC119871629_3,186,114,0,0.0
expression,LOC119872243_3,186,114,0,0.0
expression,LOC119872883_3,186,114,0,0.0
expression,LOC119875699_3,186,114,0,0.0
expression,LOC119876110,186,114,0,0.0
expression,LOC119876563,186,114,0,0.0
expression,LOC119878504,186,114,0,0.0
expression,LOC119879297,186,114,0,0.0
expression,LOC119879413,186,114,0,0.0
expression,LOC608075_3,186,114,0,0.0
expression,NRK_3,186,114,0,0.0
expression,NRL_3,186,114,0,0.0
expression,PCDH10_3,186,114,0,0.0
expression,RGL3_3,186,114,0,0.0
expression,SLC25A18_3,186,114,0,0.0
expression,TMC2_3,186,114,0,0.0
expression,TMPRSS5_3,186,114,0,0.0
expression,C18H11orf96_3,186,113,0,0.0
expression,CACNG4_3,186,113,0,0.0
expression,CLEC4O_3,186,113,0,0.0
expression,EPOR_3,186,113,0,0.0
expression,GFAP_3,186,113,0,0.0
expression,GLYAT_3,186,113,0,0.0
expression,H2AC17_3,186,113,0,0.0
expression,ICAM5_3,186,113,0,0.0
expression,LOC100686132_3,186,113,0,0.0
expression,LOC102156835_3,186,113,0,0.0
expression,LOC102157259_3,186,113,0,0.0
expression,LOC106559748_3,186,113,0,0.0
expression,LOC111091039_3,186,113,0,0.0
expression,LOC111092205_3,186,113,0,0.0
expression,LOC111095784_3,186,113,0,0.0
expression,LOC111096325_3,186,113,0,0.0
expression,LOC111097008_2,186,113,0,0.0
expression,LOC111098392_3,186,113,0,0.0
expression,LOC119865005_3,186,113,0,0.0
expression,LOC119865751_3,186,113,0,0.0
expression,LOC119868459_2,186,113,0,0.0
expression,LOC119869604_3,186,113,0,0.0
expression,LOC119869629_3,186,113,0,0.0
expression,LOC119869744_3,186,113,0,0.0
expression,LOC119877884,186,113,0,0.0
expression,LOC751814_3,186,113,0,0.0
expression,NUTM1_3,186,113,0,0.0
expression,OPTC_3,186,113,0,0.0
expression,SLC30A10_3,186,113,0,0.0
expression,SMCO1_3,186,113,0,0.0
expression,TEX12_3,186,113,0,0.0
expression,TRIM55_3,186,113,0,0.0
expression,USH1G_3,186,113,0,0.0
expression,ABRA_3,186,112,0,0.0
expression,ATP4A_3,186,112,0,0.0
expression,CFAP100_3,186,112,0,0.0
expression,ECT2L_3,186,112,0,0.0
expression,KCNMB2_3,186,112,0,0.0
expression,LOC102151811_3,186,112,0,0.0
expression,LOC102152698_3,186,112,0,0.0
expression,LOC102154414_3,186,112,0,0.0
expression,LOC102154577_3,186,112,0,0.0
expression,LOC102155092_3,186,112,0,0.0
expression,LOC102156778_3,186,112,0,0.0
expression,LOC102157065_3,186,112,0,0.0
expression,LOC106558720_3,186,112,0,0.0
expression,LOC111093676_3,186,112,0,0.0
expression,LOC111094549_3,186,112,0,0.0
expression,LOC111096307_3,186,112,0,0.0
expression,LOC111097017_3,186,112,0,0.0
expression,LOC111099007_3,186,112,0,0.0
expression,LOC119864857_3,186,112,0,0.0
expression,LOC119865603_1,186,112,0,0.0
expression,LOC119868081_2,186,112,0,0.0
expression,LOC119868549_3,186,112,0,0.0
expression,LOC119869121_1,186,112,0,0.0
expression,LOC119872142_3,186,112,0,0.0
expression,LOC119872506_3,186,112,0,0.0
expression,LOC119872852_3,186,112,0,0.0
expression,LOC119876341,186,112,0,0.0
expression,LOC119876514,186,112,0,0.0
expression,LOC119877095_1,186,112,0,0.0
expression,LOC119877740,186,112,0,0.0
expression,LOC119878699,186,112,0,0.0
expression,LOC119878840,186,112,0,0.0
expression,LOC479649_3,186,112,0,0.0
expression,LOC608248_3,186,112,0,0.0
expression,MAML3_3,186,112,0,0.0
expression,NRN1L_3,186,112,0,0.0
expression,PRAME_3,186,112,0,0.0
expression,RAB17_3,186,112,0,0.0
expression,TLX1_3,186,112,0,0.0
expression,VAX2_2,186,112,0,0.0
expression,C18H11orf86_3,186,111,0,0.0
expression,CACNA1F_3,186,111,0,0.0
expression,CDH7_3,186,111,0,0.0
expression,CPLX3_3,186,111,0,0.0
expression,EFHB_3,186,111,0,0.0
expression,ESPNL_3,186,111,0,0.0
expression,INHA_3,186,111,0,0.0
expression,KBTBD11_3,186,111,0,0.0
expression,KCNMB3_3,186,111,0,0.0
expression,LOC102151550_3,186,111,0,0.0
expression,LOC102152414_3,186,111,0,0.0
expression,LOC102156322_3,186,111,0,0.0
expression,LOC102156552_3,186,111,0,0.0
expression,LOC106558008_3,186,111,0,0.0
expression,LOC106559255_3,186,111,0,0.0
expression,LOC106559379_3,186,111,0,0.0
expression,LOC106559603_3,186,111,0,0.0
expression,LOC111091109_3,186,111,0,0.0
expression,LOC111091918_2,186,111,0,0.0
expression,LOC111092334_3,186,111,0,0.0
expression,LOC111092644_3,186,111,0,0.0
expression,LOC111094426_3,186,111,0,0.0
expression,LOC111095958_3,186,111,0,0.0
expression,LOC111097087_3,186,111,0,0.0
expression,LOC119865685_3,186,111,0,0.0
expression,LOC119869234_3,186,111,0,0.0
expression,LOC119870891_3,186,111,0,0.0
expression,LOC119871970_3,186,111,0,0.0
expression,LOC119872239_3,186,111,0,0.0
expression,LOC119872681_3,186,111,0,0.0
expression,LOC119873263_3,186,111,0,0.0
expression,LOC119873873_3,186,111,0,0.0
expression,LOC119873992_3,186,111,0,0.0
expression,LOC119876041,186,111,0,0.0
expression,LOC119877407,186,111,0,0.0
expression,LOC119878801,186,111,0,0.0
expression,LOC119878923,186,111,0,0.0
expression,LOC119879151,186,111,0,0.0
expression,LOC609669_3,186,111,0,0.0
expression,OR51E2_3,186,111,0,0.0
expression,OTOP1_3,186,111,0,0.0
expression,PKD2L2_3,186,111,0,0.0
expression,SLC18A2_3,186,111,0,0.0
expression,SPAG17_3,186,111,0,0.0
expression,TTBK1_3,186,111,0,0.0
expression,ABCC8_3,186,110,0,0.0
expression,AJM1_3,186,110,0,0.0
expression,DCDC2_3,186,110,0,0.0
expression,DISP2_3,186,110,0,0.0
expression,FAM180B_3,186,110,0,0.0
expression,FGFBP3_3,186,110,0,0.0
expression,HSD17B3_3,186,110,0,0.0
expression,HTR2A_3,186,110,0,0.0
expression,KLF1_3,186,110,0,0.0
expression,LOC100855768_3,186,110,0,0.0
expression,LOC102153066_3,186,110,0,0.0
expression,LOC102154975_3,186,110,0,0.0
expression,LOC102155232_3,186,110,0,0.0
expression,LOC102155349_3,186,110,0,0.0
expression,LOC106558158_3,186,110,0,0.0
expression,LOC111094266_3,186,110,0,0.0
expression,LOC111096006_3,186,110,0,0.0
expression,LOC111096251_3,186,110,0,0.0
expression,LOC111097083_3,186,110,0,0.0
expression,LOC111097659_3,186,110,0,0.0
expression,LOC119866222_1,186,110,0,0.0
expression,LOC119866330_3,186,110,0,0.0
expression,LOC119866878_3,186,110,0,0.0
expression,LOC119869826_3,186,110,0,0.0
expression,LOC119870427_3,186,110,0,0.0
expression,LOC119870990_3,186,110,0,0.0
expression,LOC119873403_3,186,110,0,0.0
expression,LOC119873443_3,186,110,0,0.0
expression,LOC119873847_3,186,110,0,0.0
expression,LOC119874031_3,186,110,0,0.0
expression,LOC119874240_3,186,110,0,0.0
expression,LOC119876372_2,186,110,0,0.0
expression,LOC119877880,186,110,0,0.0
expression,LOC119878254,186,110,0,0.0
expression,LOC119879139,186,110,0,0.0
expression,LOC119879340,186,110,0,0.0
expression,LOC489461_3,186,110,0,0.0
expression,LOC609886_3,186,110,0,0.0
expression,SAG_3,186,110,0,0.0
expression,SEMA3E_3,186,110,0,0.0
expression,SGPP2_3,186,110,0,0.0
expression,SLC14A2_3,186,110,0,0.0
expression,SLC6A4_3,186,110,0,0.0
expression,SYNPR_3,186,110,0,0.0
expression,A2ML1_3,186,109,0,0.0
expression,BTN1A1_3,186,109,0,0.0
expression,CCDC102B_3,186,109,0,0.0
expression,CFAP74_3,186,109,0,0.0
expression,CITED1_3,186,109,0,0.0
expression,CLEC4G_3,186,109,0,0.0
expression,ECEL1_3,186,109,0,0.0
expression,FAM166B_3,186,109,0,0.0
expression,GJA9_3,186,109,0,0.0
expression,GRHL2_3,186,109,0,0.0
expression,GRM7_3,186,109,0,0.0
expression,LOC100685309_3,186,109,0,0.0
expression,LOC102151569_3,186,109,0,0.0
expression,LOC102152176_3,186,109,0,0.0
expression,LOC102154590_3,186,109,0,0.0
expression,LOC102156766_3,186,109,0,0.0
expression,LOC102157222_4,186,109,0,0.0
expression,LOC111091896_3,186,109,0,0.0
expression,LOC111093391_3,186,109,0,0.0
expression,LOC111094961_3,186,109,0,0.0
expression,LOC111096581_3,186,109,0,0.0
expression,LOC111097405_3,186,109,0,0.0
expression,LOC111097692_3,186,109,0,0.0
expression,LOC111098147_3,186,109,0,0.0
expression,LOC119865916_1,186,109,0,0.0
expression,LOC119867633_3,186,109,0,0.0
expression,LOC119869542_3,186,109,0,0.0
expression,LOC119870496_3,186,109,0,0.0
expression,LOC119871435_3,186,109,0,0.0
expression,LOC119873282_3,186,109,0,0.0
expression,LOC119878704,186,109,0,0.0
expression,LOC119878727,186,109,0,0.0
expression,LOC490387_3,186,109,0,0.0
expression,LOC608048_3,186,109,0,0.0
expression,LOC612180_2,186,109,0,0.0
expression,LSMEM2_3,186,109,0,0.0
expression,NANOS3_3,186,109,0,0.0
expression,POU3F1_3,186,109,0,0.0
expression,RPH3A_3,186,109,0,0.0
expression,SLC25A41_3,186,109,0,0.0
expression,TTC29_3,186,109,0,0.0
expression,BOLL_3,186,108,0,0.0
expression,C15H12orf50_3,186,108,0,0.0
expression,CYP3A4_3,186,108,0,0.0
expression,DNAAF1_3,186,108,0,0.0
expression,EPYC_3,186,108,0,0.0
expression,FAM3B_3,186,108,0,0.0
expression,HTR3B_3,186,108,0,0.0
expression,LIX1_3,186,108,0,0.0
expression,LOC100683099_3,186,108,0,0.0
expression,LOC100686524_3,186,108,0,0.0
expression,LOC102154051_3,186,108,0,0.0
expression,LOC102154735_3,186,108,0,0.0
expression,LOC102155545_3,186,108,0,0.0
expression,LOC102156098_3,186,108,0,0.0
expression,LOC102157022_3,186,108,0,0.0
expression,LOC106557970_3,186,108,0,0.0
expression,LOC106558610_3,186,108,0,0.0
expression,LOC106559991_3,186,108,0,0.0
expression,LOC106560001_3,186,108,0,0.0
expression,LOC111094898_3,186,108,0,0.0
expression,LOC111095376_3,186,108,0,0.0
expression,LOC111096259_3,186,108,0,0.0
expression,LOC111097081_3,186,108,0,0.0
expression,LOC111097726_3,186,108,0,0.0
expression,LOC119871632_3,186,108,0,0.0
expression,LOC119872157_3,186,108,0,0.0
expression,LOC119872689_3,186,108,0,0.0
expression,LOC119873284_3,186,108,0,0.0
expression,LOC119876797,186,108,0,0.0
expression,LOC119878756,186,108,0,0.0
expression,LOC119878898,186,108,0,0.0
expression,LOC481728_3,186,108,0,0.0
expression,LOC486082_3,186,108,0,0.0
expression,LOC608395_4,186,108,0,0.0
expression,LOC609278_3,186,108,0,0.0
expression,LOC609469_3,186,108,0,0.0
expression,M1AP_3,186,108,0,0.0
expression,MEIOC_3,186,108,0,0.0
expression,PLCH2_3,186,108,0,0.0
expression,PPP1R3A_3,186,108,0,0.0
expression,PRSS56_3,186,108,0,0.0
expression,SLC6A1_3,186,108,0,0.0
expression,TNFRSF13B_3,186,108,0,0.0
expression,VWA2_3,186,108,0,0.0
expression,ZIC3_3,186,108,0,0.0
expression,ATP1A3_3,186,107,0,0.0
expression,CA8_3,186,107,0,0.0
expression,CAMK2B_3,186,107,0,0.0
expression,CLCA2_3,186,107,0,0.0
expression,CLVS2_3,186,107,0,0.0
expression,CRNN_3,186,107,0,0.0
expression,CRYBA2_3,186,107,0,0.0
expression,ELF3_3,186,107,0,0.0
expression,HOXC11_3,186,107,0,0.0
expression,LOC100683563_3,186,107,0,0.0
expression,LOC100855450_3,186,107,0,0.0
expression,LOC102151763_3,186,107,0,0.0
expression,LOC102152025_3,186,107,0,0.0
expression,LOC102154358_3,186,107,0,0.0
expression,LOC102154430_3,186,107,0,0.0
expression,LOC106559853_3,186,107,0,0.0
expression,LOC111090309_3,186,107,0,0.0
expression,LOC111091940_3,186,107,0,0.0
expression,LOC111092671_3,186,107,0,0.0
expression,LOC111092672_3,186,107,0,0.0
expression,LOC111095218_3,186,107,0,0.0
expression,LOC111096238_3,186,107,0,0.0
expression,LOC111096742_3,186,107,0,0.0
expression,LOC111096831_3,186,107,0,0.0
expression,LOC111097122_3,186,107,0,0.0
expression,LOC111097982_3,186,107,0,0.0
expression,LOC119865576_3,186,107,0,0.0
expression,LOC119865666_3,186,107,0,0.0
expression,LOC119865725_2,186,107,0,0.0
expression,LOC119867309_3,186,107,0,0.0
expression,LOC119867529_3,186,107,0,0.0
expression,LOC119869537_2,186,107,0,0.0
expression,LOC119872672_2,186,107,0,0.0
expression,LOC119873621_3,186,107,0,0.0
expression,LOC119877102_1,186,107,0,0.0
expression,LOC119877185,186,107,0,0.0
expression,LOC119877742,186,107,0,0.0
expression,LOC119879146,186,107,0,0.0
expression,LOC119879271,186,107,0,0.0
expression,LOC475605_3,186,107,0,0.0
expression,LOC477365_3,186,107,0,0.0
expression,LOC612497_3,186,107,0,0.0
expression,MUC20_3,186,107,0,0.0
expression,MYLK3_3,186,107,0,0.0
expression,MYO16_3,186,107,0,0.0
expression,OR10J4_3,186,107,0,0.0
expression,PON1_3,186,107,0,0.0
expression,POU6F2_3,186,107,0,0.0
expression,PRDM14_3,186,107,0,0.0
expression,RTL9_3,186,107,0,0.0
expression,SLC47A1_3,186,107,0,0.0
expression,SSUH2_3,186,107,0,0.0
expression,WFIKKN2_3,186,107,0,0.0
expression,ALOX12B_3,186,106,0,0.0
expression,ARHGEF16_3,186,106,0,0.0
expression,BEST2_3,186,106,0,0.0
expression,C1QTNF4_3,186,106,0,0.0
expression,CLDN19_3,186,106,0,0.0
expression,H2AC15_3,186,106,0,0.0
expression,KCNA4_3,186,106,0,0.0
expression,KLB_3,186,106,0,0.0
expression,LOC100856432_3,186,106,0,0.0
expression,LOC102152383_3,186,106,0,0.0
expression,LOC102153673_3,186,106,0,0.0
expression,LOC106558507_3,186,106,0,0.0
expression,LOC106559001_3,186,106,0,0.0
expression,LOC106560160_3,186,106,0,0.0
expression,LOC111092483_3,186,106,0,0.0
expression,LOC111092897_3,186,106,0,0.0
expression,LOC111095615_2,186,106,0,0.0
expression,LOC111096328_3,186,106,0,0.0
expression,LOC111096532_3,186,106,0,0.0
expression,LOC111096656_3,186,106,0,0.0
expression,LOC119864714_3,186,106,0,0.0
expression,LOC119865301_3,186,106,0,0.0
expression,LOC119867938_3,186,106,0,0.0
expression,LOC119874198_3,186,106,0,0.0
expression,LOC119877872,186,106,0,0.0
expression,LOC119878472,186,106,0,0.0
expression,LOC119878508,186,106,0,0.0
expression,LOC478449_3,186,106,0,0.0
expression,LOC480918_3,186,106,0,0.0
expression,LOC607624_3,186,106,0,0.0
expression,LOC608379_5,186,106,0,0.0
expression,LRIT1_3,186,106,0,0.0
expression,LRRC31_3,186,106,0,0.0
expression,MYBPC3_3,186,106,0,0.0
expression,PGPEP1L_3,186,106,0,0.0
expression,PRKCG_3,186,106,0,0.0
expression,SERINC4_3,186,106,0,0.0
expression,SLC6A13_3,186,106,0,0.0
expression,SSTR5_3,186,106,0,0.0
expression,TMEM82_3,186,106,0,0.0
expression,ARC_3,186,105,0,0.0
expression,B3GALT2_3,186,105,0,0.0
expression,CEACAM19_3,186,105,0,0.0
expression,CLCA1_3,186,105,0,0.0
expression,COBL_3,186,105,0,0.0
expression,CT55_3,186,105,0,0.0
expression,DYDC1_3,186,105,0,0.0
expression,EFCAB13_3,186,105,0,0.0
expression,ERICH3_3,186,105,0,0.0
expression,FCN2_3,186,105,0,0.0
expression,FZD5_3,186,105,0,0.0
expression,GDF1_3,186,105,0,0.0
expression,KLK13_3,186,105,0,0.0
expression,LOC100685875_3,186,105,0,0.0
expression,LOC102155732_3,186,105,0,0.0
expression,LOC102156307_3,186,105,0,0.0
expression,LOC111091587_3,186,105,0,0.0
expression,LOC111095953_3,186,105,0,0.0
expression,LOC119864288_2,186,105,0,0.0
expression,LOC119865060_3,186,105,0,0.0
expression,LOC119865628_2,186,105,0,0.0
expression,LOC119866170_3,186,105,0,0.0
expression,LOC119866410_3,186,105,0,0.0
expression,LOC119868457_3,186,105,0,0.0
expression,LOC119869349_3,186,105,0,0.0
expression,LOC119870970_3,186,105,0,0.0
expression,LOC119871520_3,186,105,0,0.0
expression,LOC119872322_3,186,105,0,0.0
expression,LOC119876145,186,105,0,0.0
expression,LOC119878212,186,105,0,0.0
expression,LOC119878246,186,105,0,0.0
expression,LOC119878299,186,105,0,0.0
expression,LOC119878305,186,105,0,0.0
expression,LOC119878687,186,105,0,0.0
expression,LOC475215_3,186,105,0,0.0
expression,LOC478381_3,186,105,0,0.0
expression,LOC489893_3,186,105,0,0.0
expression,LOC606849_3,186,105,0,0.0
expression,LOC610338_3,186,105,0,0.0
expression,MAK_3,186,105,0,0.0
expression,MLC1_3,186,105,0,0.0
expression,RASGRF1_3,186,105,0,0.0
expression,UNC13C_3,186,105,0,0.0
expression,DNAH6_3,186,104,0,0.0
expression,ENO4_3,186,104,0,0.0
expression,FBXL22_3,186,104,0,0.0
expression,FBXO24_3,186,104,0,0.0
expression,LOC100682679_3,186,104,0,0.0
expression,LOC100682772_3,186,104,0,0.0
expression,LOC100686721_2,186,104,0,0.0
expression,LOC102151633_3,186,104,0,0.0
expression,LOC102152720_3,186,104,0,0.0
expression,LOC102153006_3,186,104,0,0.0
expression,LOC106558874_3,186,104,0,0.0
expression,LOC106559509_3,186,104,0,0.0
expression,LOC111092212_3,186,104,0,0.0
expression,LOC111093120_3,186,104,0,0.0
expression,LOC111093842_3,186,104,0,0.0
expression,LOC111095463_3,186,104,0,0.0
expression,LOC119864408_2,186,104,0,0.0
expression,LOC119867030_2,186,104,0,0.0
expression,LOC119867507_3,186,104,0,0.0
expression,LOC119867905_3,186,104,0,0.0
expression,LOC119868044_3,186,104,0,0.0
expression,LOC119868259_3,186,104,0,0.0
expression,LOC119869028_3,186,104,0,0.0
expression,LOC119869334_3,186,104,0,0.0
expression,LOC119870314_3,186,104,0,0.0
expression,LOC119870662_3,186,104,0,0.0
expression,LOC119871469_3,186,104,0,0.0
expression,LOC119872215_3,186,104,0,0.0
expression,LOC119872246_3,186,104,0,0.0
expression,LOC119873773_3,186,104,0,0.0
expression,LOC119877881,186,104,0,0.0
expression,LOC119878896,186,104,0,0.0
expression,LOC484505_3,186,104,0,0.0
expression,LOC487079_3,186,104,0,0.0
expression,LOC490629_3,186,104,0,0.0
expression,OVOL2_3,186,104,0,0.0
expression,PCSK1_3,186,104,0,0.0
expression,RAB44_3,186,104,0,0.0
expression,SLC13A4_3,186,104,0,0.0
expression,TMEM139_3,186,104,0,0.0
expression,ZNF385D_3,186,104,0,0.0
expression,ABCG8_3,186,103,0,0.0
expression,C8H14orf39_3,186,103,0,0.0
expression,HPSE2_3,186,103,0,0.0
expression,HTR4_3,186,103,0,0.0
expression,LOC100686745_3,186,103,0,0.0
expression,LOC102151723_3,186,103,0,0.0
expression,LOC102152272_3,186,103,0,0.0
expression,LOC102154812_3,186,103,0,0.0
expression,LOC102154834_3,186,103,0,0.0
expression,LOC106557580_3,186,103,0,0.0
expression,LOC106557585_3,186,103,0,0.0
expression,LOC106558054_3,186,103,0,0.0
expression,LOC106558146_3,186,103,0,0.0
expression,LOC106558621_3,186,103,0,0.0
expression,LOC106559282_3,186,103,0,0.0
expression,LOC106559318_3,186,103,0,0.0
expression,LOC106560172_3,186,103,0,0.0
expression,LOC111092009_3,186,103,0,0.0
expression,LOC111095255_3,186,103,0,0.0
expression,LOC111096292_3,186,103,0,0.0
expression,LOC111098391_3,186,103,0,0.0
expression,LOC119866561_3,186,103,0,0.0
expression,LOC119866844_3,186,103,0,0.0
expression,LOC119867089_2,186,103,0,0.0
expression,LOC119869016_1,186,103,0,0.0
expression,LOC119870764_3,186,103,0,0.0
expression,LOC119873573_3,186,103,0,0.0
expression,LOC119873714_3,186,103,0,0.0
expression,LOC119873868_3,186,103,0,0.0
expression,LOC119876311,186,103,0,0.0
expression,LOC119876586,186,103,0,0.0
expression,LOC119876640_1,186,103,0,0.0
expression,LOC119876867,186,103,0,0.0
expression,LOC119877025,186,103,0,0.0
expression,LOC119877641,186,103,0,0.0
expression,LOC119878475,186,103,0,0.0
expression,LOC119878984,186,103,0,0.0
expression,LOC611979_3,186,103,0,0.0
expression,NAA11_3,186,103,0,0.0
expression,PAX2_3,186,103,0,0.0
expression,SPTA1_3,186,103,0,0.0
expression,TEX11_3,186,103,0,0.0
expression,ACSBG2_3,186,102,0,0.0
expression,ATG9B_3,186,102,0,0.0
expression,DMRT1_3,186,102,0,0.0
expression,GADL1_3,186,102,0,0.0
expression,GRID2_3,186,102,0,0.0
expression,HHATL_3,186,102,0,0.0
expression,HMCN2_3,186,102,0,0.0
expression,ITGB6_3,186,102,0,0.0
expression,LOC100682947_3,186,102,0,0.0
expression,LOC100855681_3,186,102,0,0.0
expression,LOC102151623_3,186,102,0,0.0
expression,LOC102151692_3,186,102,0,0.0
expression,LOC102153035_3,186,102,0,0.0
expression,LOC102153807_2,186,102,0,0.0
expression,LOC102155195_3,186,102,0,0.0
expression,LOC102155895_3,186,102,0,0.0
expression,LOC102156136_2,186,102,0,0.0
expression,LOC106558132_3,186,102,0,0.0
expression,LOC106559789_3,186,102,0,0.0
expression,LOC111090394_3,186,102,0,0.0
expression,LOC111093269_3,186,102,0,0.0
expression,LOC111094721_2,186,102,0,0.0
expression,LOC111097371_2,186,102,0,0.0
expression,LOC111097881_3,186,102,0,0.0
expression,LOC111098270_3,186,102,0,0.0
expression,LOC111098751_3,186,102,0,0.0
expression,LOC119863998_3,186,102,0,0.0
expression,LOC119864460_2,186,102,0,0.0
expression,LOC119864732_3,186,102,0,0.0
expression,LOC119867775_3,186,102,0,0.0
expression,LOC119869356_3,186,102,0,0.0
expression,LOC119871475_3,186,102,0,0.0
expression,LOC119873033_2,186,102,0,0.0
expression,LOC119873984_3,186,102,0,0.0
expression,LOC119874050_3,186,102,0,0.0
expression,LOC119874621_3,186,102,0,0.0
expression,LOC119875706_2,186,102,0,0.0
expression,LOC119875780_3,186,102,0,0.0
expression,LOC119877856,186,102,0,0.0
expression,LOC475113_3,186,102,0,0.0
expression,LOC478277_3,186,102,0,0.0
expression,MMEL1_3,186,102,0,0.0
expression,QRICH2_3,186,102,0,0.0
expression,SOX2_3,186,102,0,0.0
expression,TGM3_3,186,102,0,0.0
expression,TMEM178B_3,186,102,0,0.0
expression,TMEM210_3,186,102,0,0.0
expression,VSX2_3,186,102,0,0.0
expression,AQP6_3,186,101,0,0.0
expression,CACNG6_3,186,101,0,0.0
expression,CALB2_3,186,101,0,0.0
expression,CALHM4_3,186,101,0,0.0
expression,CDH18_3,186,101,0,0.0
expression,CSRP3_3,186,101,0,0.0
expression,DNAH8_3,186,101,0,0.0
expression,ENKUR_3,186,101,0,0.0
expression,FSD2_3,186,101,0,0.0
expression,GPR1_3,186,101,0,0.0
expression,KCNK16_3,186,101,0,0.0
expression,LOC100687051_3,186,101,0,0.0
expression,LOC100688504_3,186,101,0,0.0
expression,LOC102151480_3,186,101,0,0.0
expression,LOC106557798_3,186,101,0,0.0
expression,LOC106559897_3,186,101,0,0.0
expression,LOC111092004_3,186,101,0,0.0
expression,LOC111092516_1,186,101,0,0.0
expression,LOC111092700_3,186,101,0,0.0
expression,LOC111094969_3,186,101,0,0.0
expression,LOC111097257_3,186,101,0,0.0
expression,LOC119863907_3,186,101,0,0.0
expression,LOC119864630_3,186,101,0,0.0
expression,LOC119864744_3,186,101,0,0.0
expression,LOC119866113_2,186,101,0,0.0
expression,LOC119866594_3,186,101,0,0.0
expression,LOC119867081_3,186,101,0,0.0
expression,LOC119867834_3,186,101,0,0.0
expression,LOC119868208_3,186,101,0,0.0
expression,LOC119868238_2,186,101,0,0.0
expression,LOC119868555_3,186,101,0,0.0
expression,LOC119869364_3,186,101,0,0.0
expression,LOC119873653_3,186,101,0,0.0
expression,LOC119877187,186,101,0,0.0
expression,LOC119877886,186,101,0,0.0
expression,LOC119879231,186,101,0,0.0
expression,LOC474642_3,186,101,0,0.0
expression,NCAN_3,186,101,0,0.0
expression,OR51F23_3,186,101,0,0.0
expression,OTOR_3,186,101,0,0.0
expression,SLC26A3_3,186,101,0,0.0
expression,CCDC153_3,186,100,0,0.0
expression,CCL24_3,186,100,0,0.0
expression,CTXN3_3,186,100,0,0.0
expression,DDO_3,186,100,0,0.0
expression,EGF_3,186,100,0,0.0
expression,GDF15_3,186,100,0,0.0
expression,GPR75_3,186,100,0,0.0
expression,HPGDS_3,186,100,0,0.0
expression,KCNJ11_3,186,100,0,0.0
expression,LOC100856019_3,186,100,0,0.0
expression,LOC102151295_3,186,100,0,0.0
expression,LOC102151407_3,186,100,0,0.0
expression,LOC102154268_3,186,100,0,0.0
expression,LOC102155782_3,186,100,0,0.0
expression,LOC102156824_5,186,100,0,0.0
expression,LOC106558329_3,186,100,0,0.0
expression,LOC106558903_3,186,100,0,0.0
expression,LOC111097037_3,186,100,0,0.0
expression,LOC111098296_3,186,100,0,0.0
expression,LOC119864008_3,186,100,0,0.0
expression,LOC119865121_3,186,100,0,0.0
expression,LOC119865701_3,186,100,0,0.0
expression,LOC119865919_3,186,100,0,0.0
expression,LOC119867609_3,186,100,0,0.0
expression,LOC119868447_3,186,100,0,0.0
expression,LOC119869746_3,186,100,0,0.0
expression,LOC119870210_2,186,100,0,0.0
expression,LOC119871252_3,186,100,0,0.0
expression,LOC119871530_3,186,100,0,0.0
expression,LOC119872355_3,186,100,0,0.0
expression,LOC119872669_3,186,100,0,0.0
expression,LOC119874489_3,186,100,0,0.0
expression,LOC119874697_3,186,100,0,0.0
expression,LOC119875637_5,186,100,0,0.0
expression,LOC119877091,186,100,0,0.0
expression,LOC119879213,186,100,0,0.0
expression,OPN4_3,186,100,0,0.0
expression,PCK1_3,186,100,0,0.0
expression,POU2F3_3,186,100,0,0.0
expression,PTPRQ_3,186,100,0,0.0
expression,SAXO1_3,186,100,0,0.0
expression,TREH_3,186,100,0,0.0
expression,ANKRD63_3,186,99,0,0.0
expression,ATP1B4_3,186,99,0,0.0
expression,BIK_3,186,99,0,0.0
expression,DCT_3,186,99,0,0.0
expression,DGCR6L_3,186,99,0,0.0
expression,FGF16_3,186,99,0,0.0
expression,GCG_3,186,99,0,0.0
expression,HPD_3,186,99,0,0.0
expression,LOC102152331_3,186,99,0,0.0
expression,LOC102152579_3,186,99,0,0.0
expression,LOC106557714_3,186,99,0,0.0
expression,LOC106559306_3,186,99,0,0.0
expression,LOC111091192_3,186,99,0,0.0
expression,LOC111091731_3,186,99,0,0.0
expression,LOC111092328_3,186,99,0,0.0
expression,LOC111097646_3,186,99,0,0.0
expression,LOC119866255_2,186,99,0,0.0
expression,LOC119867498_3,186,99,0,0.0
expression,LOC119869506_3,186,99,0,0.0
expression,LOC119869758_3,186,99,0,0.0
expression,LOC119870730_3,186,99,0,0.0
expression,LOC119873373_2,186,99,0,0.0
expression,LOC119876621,186,99,0,0.0
expression,LOC119876782,186,99,0,0.0
expression,LOC119877883,186,99,0,0.0
expression,LOC119878125,186,99,0,0.0
expression,LOC119878423,186,99,0,0.0
expression,LOC480822_3,186,99,0,0.0
expression,LOC485469_3,186,99,0,0.0
expression,LOC612295_3,186,99,0,0.0
expression,LORICRIN_3,186,99,0,0.0
expression,LRRC14B_3,186,99,0,0.0
expression,OPRK1_3,186,99,0,0.0
expression,PPP2R2C_3,186,99,0,0.0
expression,RNF208_3,186,99,0,0.0
expression,SLC35D3_3,186,99,0,0.0
expression,SLC35G6_3,186,99,0,0.0
expression,SNAI3_3,186,99,0,0.0
expression,AGT_3,186,98,0,0.0
expression,AOC3_3,186,98,0,0.0
expression,APOBEC2_3,186,98,0,0.0
expression,BDKRB1_3,186,98,0,0.0
expression,CALCA_3,186,98,0,0.0
expression,CASR_3,186,98,0,0.0
expression,CCL13_3,186,98,0,0.0
expression,CIDEB_3,186,98,0,0.0
expression,COL6A6_3,186,98,0,0.0
expression,CYP4F22_3,186,98,0,0.0
expression,FAM177B_3,186,98,0,0.0
expression,GABRD_3,186,98,0,0.0
expression,HTR2B_3,186,98,0,0.0
expression,IL1B_3,186,98,0,0.0
expression,IMPG1_3,186,98,0,0.0
expression,KCNC2_3,186,98,0,0.0
expression,LOC102151706_3,186,98,0,0.0
expression,LOC102151840_3,186,98,0,0.0
expression,LOC102154532_3,186,98,0,0.0
expression,LOC102155734_3,186,98,0,0.0
expression,LOC102156577_3,186,98,0,0.0
expression,LOC102156824_6,186,98,0,0.0
expression,LOC106557902_3,186,98,0,0.0
expression,LOC106558924_3,186,98,0,0.0
expression,LOC106559160_3,186,98,0,0.0
expression,LOC111094286_3,186,98,0,0.0
expression,LOC111095541_3,186,98,0,0.0
expression,LOC111095969_3,186,98,0,0.0
expression,LOC111096075_3,186,98,0,0.0
expression,LOC111096505_3,186,98,0,0.0
expression,LOC111096771_3,186,98,0,0.0
expression,LOC111097140_3,186,98,0,0.0
expression,LOC119863944_3,186,98,0,0.0
expression,LOC119864783_3,186,98,0,0.0
expression,LOC119866606_1,186,98,0,0.0
expression,LOC119866939_3,186,98,0,0.0
expression,LOC119867525_3,186,98,0,0.0
expression,LOC119867532_3,186,98,0,0.0
expression,LOC119870765_3,186,98,0,0.0
expression,LOC119871107_3,186,98,0,0.0
expression,LOC119871958_3,186,98,0,0.0
expression,LOC119872371_3,186,98,0,0.0
expression,LOC119874203_3,186,98,0,0.0
expression,LOC119874695_3,186,98,0,0.0
expression,LOC119877230,186,98,0,0.0
expression,LOC119877334,186,98,0,0.0
expression,LOC119877871,186,98,0,0.0
expression,LOC119878069,186,98,0,0.0
expression,LOC119878461,186,98,0,0.0
expression,LOC119879270,186,98,0,0.0
expression,LOC119879400,186,98,0,0.0
expression,LOC609288_1,186,98,0,0.0
expression,LPAR4_3,186,98,0,0.0
expression,NTS_3,186,98,0,0.0
expression,PRSS57_3,186,98,0,0.0
expression,RASGEF1C_3,186,98,0,0.0
expression,TMEM158_3,186,98,0,0.0
expression,TMEM182_3,186,98,0,0.0
expression,TMEM221_3,186,98,0,0.0
expression,TMEM238_3,186,98,0,0.0
expression,TTLL6_3,186,98,0,0.0
expression,ARL14EPL_3,186,97,0,0.0
expression,C18H11orf80_3,186,97,0,0.0
expression,DNAI1_3,186,97,0,0.0
expression,FAM217A_3,186,97,0,0.0
expression,FAM25A_3,186,97,0,0.0
expression,GLP1R_3,186,97,0,0.0
expression,KLHL33_3,186,97,0,0.0
expression,LOC102151489_3,186,97,0,0.0
expression,LOC102152631_3,186,97,0,0.0
expression,LOC106558567_3,186,97,0,0.0
expression,LOC111092580_3,186,97,0,0.0
expression,LOC111093245_3,186,97,0,0.0
expression,LOC111096122_3,186,97,0,0.0
expression,LOC111097378_3,186,97,0,0.0
expression,LOC111097702_3,186,97,0,0.0
expression,LOC111098026_3,186,97,0,0.0
expression,LOC111098398_3,186,97,0,0.0
expression,LOC119864482_3,186,97,0,0.0
expression,LOC119865961_3,186,97,0,0.0
expression,LOC119866142_3,186,97,0,0.0
expression,LOC119868318_3,186,97,0,0.0
expression,LOC119868419_2,186,97,0,0.0
expression,LOC119870901_3,186,97,0,0.0
expression,LOC119871024_4,186,97,0,0.0
expression,LOC119872826_3,186,97,0,0.0
expression,LOC119873915_3,186,97,0,0.0
expression,LOC119874505_2,186,97,0,0.0
expression,LOC119876409,186,97,0,0.0
expression,LOC119876877_2,186,97,0,0.0
expression,LOC119877616,186,97,0,0.0
expression,LOC403585_3,186,97,0,0.0
expression,LY6G6F_3,186,97,0,0.0
expression,ONECUT1_3,186,97,0,0.0
expression,PRIMA1_3,186,97,0,0.0
expression,RORC_3,186,97,0,0.0
expression,SOX8_3,186,97,0,0.0
expression,SYCE1_3,186,97,0,0.0
expression,SYNDIG1L_3,186,97,0,0.0
expression,TLX2_3,186,97,0,0.0
expression,ADAMTS8_3,186,96,0,0.0
expression,ALOX12_3,186,96,0,0.0
expression,BPIFB2_3,186,96,0,0.0
expression,CFAP77_3,186,96,0,0.0
expression,CHRNA3_3,186,96,0,0.0
expression,COLEC11_3,186,96,0,0.0
expression,CSTA_3,186,96,0,0.0
expression,CYP17A1_3,186,96,0,0.0
expression,DTHD1_3,186,96,0,0.0
expression,EHF_3,186,96,0,0.0
expression,F11_3,186,96,0,0.0
expression,HDC_3,186,96,0,0.0
expression,KCNIP4_3,186,96,0,0.0
expression,LOC100685183_3,186,96,0,0.0
expression,LOC100855427_3,186,96,0,0.0
expression,LOC102152030_3,186,96,0,0.0
expression,LOC102154451_3,186,96,0,0.0
expression,LOC106557644_3,186,96,0,0.0
expression,LOC111090268_3,186,96,0,0.0
expression,LOC111090330_3,186,96,0,0.0
expression,LOC111091122_3,186,96,0,0.0
expression,LOC111092017_3,186,96,0,0.0
expression,LOC111092067_3,186,96,0,0.0
expression,LOC111092431_3,186,96,0,0.0
expression,LOC111092577_3,186,96,0,0.0
expression,LOC111095987_2,186,96,0,0.0
expression,LOC111096466_3,186,96,0,0.0
expression,LOC119864681_2,186,96,0,0.0
expression,LOC119867860_3,186,96,0,0.0
expression,LOC119870551_3,186,96,0,0.0
expression,LOC119872925_3,186,96,0,0.0
expression,LOC119877599,186,96,0,0.0
expression,LOC119877603,186,96,0,0.0
expression,LOC119878635,186,96,0,0.0
expression,LOC481473_3,186,96,0,0.0
expression,LOC608379_6,186,96,0,0.0
expression,NEXMIF_3,186,96,0,0.0
expression,OXT_3,186,96,0,0.0
expression,PNLDC1_3,186,96,0,0.0
expression,SERPINC1_3,186,96,0,0.0
expression,SLCO1C1_3,186,96,0,0.0
expression,SOX11_3,186,96,0,0.0
expression,SYCP3_3,186,96,0,0.0
expression,TEX28_3,186,96,0,0.0
expression,ABCB11_3,186,95,0,0.0
expression,ARMC3_3,186,95,0,0.0
expression,C6_3,186,95,0,0.0
expression,CAV3_3,186,95,0,0.0
expression,CCDC180_3,186,95,0,0.0
expression,CD200R1L_3,186,95,0,0.0
expression,FBXO40_3,186,95,0,0.0
expression,LOC100688166_3,186,95,0,0.0
expression,LOC102152813_3,186,95,0,0.0
expression,LOC102153714_3,186,95,0,0.0
expression,LOC102154706_3,186,95,0,0.0
expression,LOC106560115_3,186,95,0,0.0
expression,LOC111090544_3,186,95,0,0.0
expression,LOC111090560_3,186,95,0,0.0
expression,LOC111090564_3,186,95,0,0.0
expression,LOC111091002_3,186,95,0,0.0
expression,LOC111092010_3,186,95,0,0.0
expression,LOC111092851_3,186,95,0,0.0
expression,LOC111093050_3,186,95,0,0.0
expression,LOC111094198_2,186,95,0,0.0
expression,LOC111094419_3,186,95,0,0.0
expression,LOC111095048_3,186,95,0,0.0
expression,LOC111095780_3,186,95,0,0.0
expression,LOC111097290_3,186,95,0,0.0
expression,LOC111098888_3,186,95,0,0.0
expression,LOC119864636_3,186,95,0,0.0
expression,LOC119864682_3,186,95,0,0.0
expression,LOC119864751_3,186,95,0,0.0
expression,LOC119867307_3,186,95,0,0.0
expression,LOC119867585_3,186,95,0,0.0
expression,LOC119868364_3,186,95,0,0.0
expression,LOC119871552_3,186,95,0,0.0
expression,LOC119873377_3,186,95,0,0.0
expression,LOC119873566_3,186,95,0,0.0
expression,LOC119873948_3,186,95,0,0.0
expression,LOC119876072,186,95,0,0.0
expression,LOC119876494,186,95,0,0.0
expression,LOC119877128,186,95,0,0.0
expression,LOC119877146,186,95,0,0.0
expression,LOC119877239,186,95,0,0.0
expression,LOC475353_3,186,95,0,0.0
expression,LOC485179_3,186,95,0,0.0
expression,LOC608314_3,186,95,0,0.0
expression,NCR3_3,186,95,0,0.0
expression,PAX7_3,186,95,0,0.0
expression,PDYN_3,186,95,0,0.0
expression,PRRG4_3,186,95,0,0.0
expression,SLC26A9_3,186,95,0,0.0
expression,SLC9A3_3,186,95,0,0.0
expression,SMYD1_3,186,95,0,0.0
expression,TRPM8_3,186,95,0,0.0
expression,WNT7A_3,186,95,0,0.0
expression,WNT8A_3,186,95,0,0.0
expression,AJAP1_3,186,94,0,0.0
expression,ARHGAP36_3,186,94,0,0.0
expression,ART5_3,186,94,0,0.0
expression,CAMK2N2_3,186,94,0,0.0
expression,CCR4_3,186,94,0,0.0
expression,CFAP97D2_3,186,94,0,0.0
expression,CRTAM_3,186,94,0,0.0
expression,DACT2_3,186,94,0,0.0
expression,FNDC11_2,186,94,0,0.0
expression,GPR174_3,186,94,0,0.0
expression,GPR33_3,186,94,0,0.0
expression,GUCA1A_3,186,94,0,0.0
expression,HCRTR1_3,186,94,0,0.0
expression,HS3ST4_3,186,94,0,0.0
expression,LOC102152138_3,186,94,0,0.0
expression,LOC102152621_3,186,94,0,0.0
expression,LOC102154789_3,186,94,0,0.0
expression,LOC102154930_3,186,94,0,0.0
expression,LOC102156225_3,186,94,0,0.0
expression,LOC111090550_3,186,94,0,0.0
expression,LOC111090988_3,186,94,0,0.0
expression,LOC111092316_3,186,94,0,0.0
expression,LOC111093169_2,186,94,0,0.0
expression,LOC111093900_3,186,94,0,0.0
expression,LOC111097845_3,186,94,0,0.0
expression,LOC119865218_3,186,94,0,0.0
expression,LOC119866570_3,186,94,0,0.0
expression,LOC119867356_3,186,94,0,0.0
expression,LOC119867535_3,186,94,0,0.0
expression,LOC119869433_3,186,94,0,0.0
expression,LOC119869501_2,186,94,0,0.0
expression,LOC119870288_3,186,94,0,0.0
expression,LOC119870645_2,186,94,0,0.0
expression,LOC119870966_3,186,94,0,0.0
expression,LOC119871178_3,186,94,0,0.0
expression,LOC119871803_3,186,94,0,0.0
expression,LOC119873213_3,186,94,0,0.0
expression,LOC119873254_3,186,94,0,0.0
expression,LOC119874138_3,186,94,0,0.0
expression,LOC119876125,186,94,0,0.0
expression,LOC119876354,186,94,0,0.0
expression,LOC119877137,186,94,0,0.0
expression,LOC119878042,186,94,0,0.0
expression,LOC119878344,186,94,0,0.0
expression,LOC119879508,186,94,0,0.0
expression,LOC491854_3,186,94,0,0.0
expression,PDE6G_3,186,94,0,0.0
expression,PNMA6E_3,186,94,0,0.0
expression,SERPIND1_3,186,94,0,0.0
expression,SMTNL1_3,186,94,0,0.0
expression,SOWAHA_3,186,94,0,0.0
expression,SPACA1_3,186,94,0,0.0
expression,UBXN10_3,186,94,0,0.0
expression,WDR72_3,186,94,0,0.0
expression,WNT10A_3,186,94,0,0.0
expression,ADGRG7_3,186,93,0,0.0
expression,CELA1_3,186,93,0,0.0
expression,DYDC2_3,186,93,0,0.0
expression,FGF22_3,186,93,0,0.0
expression,LCA5L_3,186,93,0,0.0
expression,LHB_3,186,93,0,0.0
expression,LOC100683637_3,186,93,0,0.0
expression,LOC100856429_3,186,93,0,0.0
expression,LOC102151543_3,186,93,0,0.0
expression,LOC102154698_3,186,93,0,0.0
expression,LOC102155202_3,186,93,0,0.0
expression,LOC102155816_3,186,93,0,0.0
expression,LOC102156672_3,186,93,0,0.0
expression,LOC106557683_3,186,93,0,0.0
expression,LOC106558170_3,186,93,0,0.0
expression,LOC106559121_2,186,93,0,0.0
expression,LOC106559495_3,186,93,0,0.0
expression,LOC111091792_3,186,93,0,0.0
expression,LOC111092054_3,186,93,0,0.0
expression,LOC111092686_3,186,93,0,0.0
expression,LOC111093045_3,186,93,0,0.0
expression,LOC111093501_3,186,93,0,0.0
expression,LOC111094877_3,186,93,0,0.0
expression,LOC111096703_2,186,93,0,0.0
expression,LOC111096729_3,186,93,0,0.0
expression,LOC111098518_3,186,93,0,0.0
expression,LOC119868012_2,186,93,0,0.0
expression,LOC119869050_2,186,93,0,0.0
expression,LOC119869995_3,186,93,0,0.0
expression,LOC119871989_3,186,93,0,0.0
expression,LOC119872026_3,186,93,0,0.0
expression,LOC119872509_2,186,93,0,0.0
expression,LOC119872871_3,186,93,0,0.0
expression,LOC119873365_3,186,93,0,0.0
expression,LOC119876299,186,93,0,0.0
expression,LOC119876306,186,93,0,0.0
expression,LOC119876561,186,93,0,0.0
expression,LOC119877580,186,93,0,0.0
expression,LOC476397_3,186,93,0,0.0
expression,LOC608051_3,186,93,0,0.0
expression,LRRC38_3,186,93,0,0.0
expression,MGAT4C_3,186,93,0,0.0
expression,NME3_3,186,93,0,0.0
expression,OPCML_3,186,93,0,0.0
expression,RASSF10_3,186,93,0,0.0
expression,SEL1L2_3,186,93,0,0.0
expression,SHISA3_3,186,93,0,0.0
expression,SLC26A8_3,186,93,0,0.0
expression,SSTR1_3,186,93,0,0.0
expression,STKLD1_3,186,93,0,0.0
expression,STOML3_3,186,93,0,0.0
expression,TRHR_3,186,93,0,0.0
expression,UPK1A_3,186,93,0,0.0
expression,BARX2_3,186,92,0,0.0
expression,C17H2orf16_1,186,92,0,0.0
expression,CAMP_3,186,92,0,0.0
expression,CCDC71L_3,186,92,0,0.0
expression,CEBPE_3,186,92,0,0.0
expression,DMKN_3,186,92,0,0.0
expression,H2AC4_3,186,92,0,0.0
expression,HAS1_3,186,92,0,0.0
expression,KLHL14_3,186,92,0,0.0
expression,KRT25_3,186,92,0,0.0
expression,LOC102153479_3,186,92,0,0.0
expression,LOC102155935_3,186,92,0,0.0
expression,LOC102155995_3,186,92,0,0.0
expression,LOC106558014_2,186,92,0,0.0
expression,LOC106559310_3,186,92,0,0.0
expression,LOC106560201_3,186,92,0,0.0
expression,LOC111090573_3,186,92,0,0.0
expression,LOC111091651_3,186,92,0,0.0
expression,LOC111091917_3,186,92,0,0.0
expression,LOC111094729_3,186,92,0,0.0
expression,LOC111095895_3,186,92,0,0.0
expression,LOC111096756_3,186,92,0,0.0
expression,LOC111097033_3,186,92,0,0.0
expression,LOC111097072_3,186,92,0,0.0
expression,LOC111098029_3,186,92,0,0.0
expression,LOC111098330_3,186,92,0,0.0
expression,LOC111098494_3,186,92,0,0.0
expression,LOC111098621_3,186,92,0,0.0
expression,LOC119865184_3,186,92,0,0.0
expression,LOC119865216_3,186,92,0,0.0
expression,LOC119866292_3,186,92,0,0.0
expression,LOC119866448_2,186,92,0,0.0
expression,LOC119869335_3,186,92,0,0.0
expression,LOC119869417_3,186,92,0,0.0
expression,LOC119869994_3,186,92,0,0.0
expression,LOC119870860_3,186,92,0,0.0
expression,LOC119871849_3,186,92,0,0.0
expression,LOC119871930_3,186,92,0,0.0
expression,LOC119872266_3,186,92,0,0.0
expression,LOC119873310_3,186,92,0,0.0
expression,LOC119873977_3,186,92,0,0.0
expression,LOC119874668_3,186,92,0,0.0
expression,LOC119876466,186,92,0,0.0
expression,LOC119877622,186,92,0,0.0
expression,LOC474472_3,186,92,0,0.0
expression,LOC484865_3,186,92,0,0.0
expression,LOC489080_3,186,92,0,0.0
expression,LOC490173_3,186,92,0,0.0
expression,LOC491793_3,186,92,0,0.0
expression,NUDT11_2,186,92,0,0.0
expression,SPATA21_3,186,92,0,0.0
expression,TSKS_3,186,92,0,0.0
expression,TUBB1_3,186,92,0,0.0
expression,ANKDD1A_3,186,91,0,0.0
expression,ANKFN1_3,186,91,0,0.0
expression,ASIP_3,186,91,0,0.0
expression,CBY2_3,186,91,0,0.0
expression,CLDN3_3,186,91,0,0.0
expression,DMRTA1_3,186,91,0,0.0
expression,DNAJB13_3,186,91,0,0.0
expression,EPHA10_3,186,91,0,0.0
expression,FAM71E2_3,186,91,0,0.0
expression,GJA8_3,186,91,0,0.0
expression,HRK_3,186,91,0,0.0
expression,IGSF1_3,186,91,0,0.0
expression,INHBC_3,186,91,0,0.0
expression,IQCN_3,186,91,0,0.0
expression,LOC102153575_3,186,91,0,0.0
expression,LOC102154548_3,186,91,0,0.0
expression,LOC102157017_3,186,91,0,0.0
expression,LOC106557658_3,186,91,0,0.0
expression,LOC111092396_3,186,91,0,0.0
expression,LOC111095594_3,186,91,0,0.0
expression,LOC111096825_3,186,91,0,0.0
expression,LOC111097540_3,186,91,0,0.0
expression,LOC111098816_3,186,91,0,0.0
expression,LOC119864139_1,186,91,0,0.0
expression,LOC119864956_3,186,91,0,0.0
expression,LOC119867027_3,186,91,0,0.0
expression,LOC119867505_3,186,91,0,0.0
expression,LOC119867922_3,186,91,0,0.0
expression,LOC119868515_3,186,91,0,0.0
expression,LOC119869520_3,186,91,0,0.0
expression,LOC119870732_3,186,91,0,0.0
expression,LOC119871519_3,186,91,0,0.0
expression,LOC119873664_3,186,91,0,0.0
expression,LOC119878090,186,91,0,0.0
expression,LRRC53_3,186,91,0,0.0
expression,MAPK12_3,186,91,0,0.0
expression,SMC1B_3,186,91,0,0.0
expression,BRINP1_3,186,90,0,0.0
expression,BTNL2_3,186,90,0,0.0
expression,C20H19orf67_3,186,90,0,0.0
expression,CCDC13_3,186,90,0,0.0
expression,CEACAM20_3,186,90,0,0.0
expression,CERKL_3,186,90,0,0.0
expression,CROCC2_3,186,90,0,0.0
expression,CSMD3_3,186,90,0,0.0
expression,DHRS7C_3,186,90,0,0.0
expression,GALNT13_3,186,90,0,0.0
expression,GALNTL6_3,186,90,0,0.0
expression,GRIN3B_3,186,90,0,0.0
expression,IGSF5_3,186,90,0,0.0
expression,IRF6_3,186,90,0,0.0
expression,LAMP5_3,186,90,0,0.0
expression,LOC102152543_3,186,90,0,0.0
expression,LOC102156427_3,186,90,0,0.0
expression,LOC106558956_3,186,90,0,0.0
expression,LOC111091243_3,186,90,0,0.0
expression,LOC111093740_3,186,90,0,0.0
expression,LOC111094447_3,186,90,0,0.0
expression,LOC111095576_3,186,90,0,0.0
expression,LOC111097161_3,186,90,0,0.0
expression,LOC111097655_3,186,90,0,0.0
expression,LOC111099008_3,186,90,0,0.0
expression,LOC119864736_3,186,90,0,0.0
expression,LOC119865904_3,186,90,0,0.0
expression,LOC119865911_3,186,90,0,0.0
expression,LOC119868046_3,186,90,0,0.0
expression,LOC119873004_3,186,90,0,0.0
expression,LOC119875760_2,186,90,0,0.0
expression,LOC119878826,186,90,0,0.0
expression,LOC119879447,186,90,0,0.0
expression,LOC119879448,186,90,0,0.0
expression,LOC612537_3,186,90,0,0.0
expression,LSMEM1_3,186,90,0,0.0
expression,LY6G6C_3,186,90,0,0.0
expression,LYPD5_3,186,90,0,0.0
expression,MCHR1_3,186,90,0,0.0
expression,MIR8883_3,186,90,0,0.0
expression,MPP4_3,186,90,0,0.0
expression,PLEKHG4B_3,186,90,0,0.0
expression,TACR1_3,186,90,0,0.0
expression,TMEM252_3,186,90,0,0.0
expression,A1BG_3,186,89,0,0.0
expression,ASIC5_3,186,89,0,0.0
expression,BEX5_3,186,89,0,0.0
expression,C26H22orf31_3,186,89,0,0.0
expression,CDH10_3,186,89,0,0.0
expression,FOXD3_3,186,89,0,0.0
expression,H4-16_3,186,89,0,0.0
expression,KLHL32_3,186,89,0,0.0
expression,LOC102151740_3,186,89,0,0.0
expression,LOC102155017_3,186,89,0,0.0
expression,LOC102156351_3,186,89,0,0.0
expression,LOC106559017_3,186,89,0,0.0
expression,LOC106559135_3,186,89,0,0.0
expression,LOC106559908_3,186,89,0,0.0
expression,LOC111091974_3,186,89,0,0.0
expression,LOC111092079_3,186,89,0,0.0
expression,LOC111093490_3,186,89,0,0.0
expression,LOC111096101_3,186,89,0,0.0
expression,LOC111096796_3,186,89,0,0.0
expression,LOC111096992_3,186,89,0,0.0
expression,LOC111098261_3,186,89,0,0.0
expression,LOC119864959_3,186,89,0,0.0
expression,LOC119865899_2,186,89,0,0.0
expression,LOC119866555_3,186,89,0,0.0
expression,LOC119867512_3,186,89,0,0.0
expression,LOC119867840_3,186,89,0,0.0
expression,LOC119869011_2,186,89,0,0.0
expression,LOC119869014_2,186,89,0,0.0
expression,LOC119869556_3,186,89,0,0.0
expression,LOC119871531_3,186,89,0,0.0
expression,LOC119872181_3,186,89,0,0.0
expression,LOC119873343_3,186,89,0,0.0
expression,LOC119873707_3,186,89,0,0.0
expression,LOC119876467,186,89,0,0.0
expression,LOC119877468,186,89,0,0.0
expression,LUZP4_3,186,89,0,0.0
expression,MFSD6L_3,186,89,0,0.0
expression,MIR8871_3,186,89,0,0.0
expression,PDCD1_3,186,89,0,0.0
expression,PLA2G4F_3,186,89,0,0.0
expression,RHCE_3,186,89,0,0.0
expression,RNASE10_3,186,89,0,0.0
expression,SLC18A1_3,186,89,0,0.0
expression,SLC26A1_3,186,89,0,0.0
expression,SPINK5_3,186,89,0,0.0
expression,SPX_3,186,89,0,0.0
expression,SYT14_3,186,89,0,0.0
expression,ADAM20_3,186,88,0,0.0
expression,EPB42_3,186,88,0,0.0
expression,FAM124A_3,186,88,0,0.0
expression,FAM133A_3,186,88,0,0.0
expression,FBXO16_3,186,88,0,0.0
expression,FCRL5_3,186,88,0,0.0
expression,GPA33_3,186,88,0,0.0
expression,IFNE_3,186,88,0,0.0
expression,KCNA7_3,186,88,0,0.0
expression,LOC100685053_3,186,88,0,0.0
expression,LOC100688306_3,186,88,0,0.0
expression,LOC102152815_3,186,88,0,0.0
expression,LOC102153548_3,186,88,0,0.0
expression,LOC102153978_3,186,88,0,0.0
expression,LOC102156398_3,186,88,0,0.0
expression,LOC111090739_3,186,88,0,0.0
expression,LOC111091359_3,186,88,0,0.0
expression,LOC111092987_3,186,88,0,0.0
expression,LOC111093328_3,186,88,0,0.0
expression,LOC111093844_5,186,88,0,0.0
expression,LOC111094354_3,186,88,0,0.0
expression,LOC111095147_3,186,88,0,0.0
expression,LOC111096963_3,186,88,0,0.0
expression,LOC111097970_3,186,88,0,0.0
expression,LOC111098779_3,186,88,0,0.0
expression,LOC111098790_3,186,88,0,0.0
expression,LOC119864647_3,186,88,0,0.0
expression,LOC119866856_3,186,88,0,0.0
expression,LOC119866875_3,186,88,0,0.0
expression,LOC119866933_3,186,88,0,0.0
expression,LOC119870117_3,186,88,0,0.0
expression,LOC119871109_3,186,88,0,0.0
expression,LOC119872297_3,186,88,0,0.0
expression,LOC119872593_3,186,88,0,0.0
expression,LOC119872819_3,186,88,0,0.0
expression,LOC119873217_3,186,88,0,0.0
expression,LOC119873286_3,186,88,0,0.0
expression,LOC119873626_3,186,88,0,0.0
expression,LOC119875827_3,186,88,0,0.0
expression,LOC119876870,186,88,0,0.0
expression,LOC119877925,186,88,0,0.0
expression,LOC119878798,186,88,0,0.0
expression,LOC119878807,186,88,0,0.0
expression,LOC491316_3,186,88,0,0.0
expression,MORC1_3,186,88,0,0.0
expression,MUCL3_3,186,88,0,0.0
expression,NRSN1_3,186,88,0,0.0
expression,PHACTR3_3,186,88,0,0.0
expression,CFAP73_3,186,87,0,0.0
expression,COLEC10_3,186,87,0,0.0
expression,CTXN1_3,186,87,0,0.0
expression,DLGAP1_3,186,87,0,0.0
expression,FNDC7_3,186,87,0,0.0
expression,GJC2_3,186,87,0,0.0
expression,GLIPR1L2_3,186,87,0,0.0
expression,HTR5A_3,186,87,0,0.0
expression,IL-15L_3,186,87,0,0.0
expression,KCNQ3_3,186,87,0,0.0
expression,LOC100688778_3,186,87,0,0.0
expression,LOC102151334_1,186,87,0,0.0
expression,LOC102155937_3,186,87,0,0.0
expression,LOC102156315_3,186,87,0,0.0
expression,LOC102156884_3,186,87,0,0.0
expression,LOC106557794_3,186,87,0,0.0
expression,LOC106557989_3,186,87,0,0.0
expression,LOC106559427_3,186,87,0,0.0
expression,LOC111091367_3,186,87,0,0.0
expression,LOC111094422_3,186,87,0,0.0
expression,LOC111094660_3,186,87,0,0.0
expression,LOC111094738_3,186,87,0,0.0
expression,LOC111098970_3,186,87,0,0.0
expression,LOC119864163_2,186,87,0,0.0
expression,LOC119864506_3,186,87,0,0.0
expression,LOC119864957_3,186,87,0,0.0
expression,LOC119866237_1,186,87,0,0.0
expression,LOC119866595_3,186,87,0,0.0
expression,LOC119867489_3,186,87,0,0.0
expression,LOC119867711_3,186,87,0,0.0
expression,LOC119868233_3,186,87,0,0.0
expression,LOC119868454_3,186,87,0,0.0
expression,LOC119869118_1,186,87,0,0.0
expression,LOC119869315_3,186,87,0,0.0
expression,LOC119870066_3,186,87,0,0.0
expression,LOC119870774_3,186,87,0,0.0
expression,LOC119872549_3,186,87,0,0.0
expression,LOC119876010,186,87,0,0.0
expression,LOC119876461,186,87,0,0.0
expression,LOC119877212,186,87,0,0.0
expression,LOC119878302,186,87,0,0.0
expression,LOC119878368,186,87,0,0.0
expression,LOC119878748,186,87,0,0.0
expression,LOC485143_3,186,87,0,0.0
expression,LOC612475_3,186,87,0,0.0
expression,MAPK10_3,186,87,0,0.0
expression,MIR8856_3,186,87,0,0.0
expression,MYOC_3,186,87,0,0.0
expression,PDE6C_3,186,87,0,0.0
expression,PLD6_3,186,87,0,0.0
expression,SLC25A45_3,186,87,0,0.0
expression,C20H19orf71_3,186,86,0,0.0
expression,CAMK1G_3,186,86,0,0.0
expression,CAPN14_3,186,86,0,0.0
expression,DCST1_3,186,86,0,0.0
expression,DPP10_3,186,86,0,0.0
expression,FAM83B_3,186,86,0,0.0
expression,FIGNL2_3,186,86,0,0.0
expression,GAL3ST3_3,186,86,0,0.0
expression,GBX2_3,186,86,0,0.0
expression,HCN4_3,186,86,0,0.0
expression,LOC102152591_3,186,86,0,0.0
expression,LOC102153253_3,186,86,0,0.0
expression,LOC106558664_3,186,86,0,0.0
expression,LOC111091012_3,186,86,0,0.0
expression,LOC111092365_3,186,86,0,0.0
expression,LOC111094224_3,186,86,0,0.0
expression,LOC111094235_3,186,86,0,0.0
expression,LOC111096308_3,186,86,0,0.0
expression,LOC111097437_3,186,86,0,0.0
expression,LOC111097584_2,186,86,0,0.0
expression,LOC111097643_3,186,86,0,0.0
expression,LOC119865445_3,186,86,0,0.0
expression,LOC119866932_3,186,86,0,0.0
expression,LOC119867969_3,186,86,0,0.0
expression,LOC119869140_3,186,86,0,0.0
expression,LOC119869238_2,186,86,0,0.0
expression,LOC119869324_3,186,86,0,0.0
expression,LOC119870389_3,186,86,0,0.0
expression,LOC119870791_3,186,86,0,0.0
expression,LOC119871840_3,186,86,0,0.0
expression,LOC119871850_3,186,86,0,0.0
expression,LOC119874762_3,186,86,0,0.0
expression,LOC119877014,186,86,0,0.0
expression,LOC119877579,186,86,0,0.0
expression,LOC119878802,186,86,0,0.0
expression,LOC119879315,186,86,0,0.0
expression,LOC611363_3,186,86,0,0.0
expression,NPFFR1_3,186,86,0,0.0
expression,PNMT_3,186,86,0,0.0
expression,SEC14L5_3,186,86,0,0.0
expression,SGK2_3,186,86,0,0.0
expression,SOX30_3,186,86,0,0.0
expression,STXBP5L_3,186,86,0,0.0
expression,STYK1_3,186,86,0,0.0
expression,AGTR2_3,186,85,0,0.0
expression,BCAN_3,186,85,0,0.0
expression,CXXC4_3,186,85,0,0.0
expression,DSPP_3,186,85,0,0.0
expression,EDN2_3,186,85,0,0.0
expression,ELAVL3_3,186,85,0,0.0
expression,GPX2_3,186,85,0,0.0
expression,H3C1_3,186,85,0,0.0
expression,KLRA1_3,186,85,0,0.0
expression,LGR5_3,186,85,0,0.0
expression,LIPH_3,186,85,0,0.0
expression,LOC100855875_3,186,85,0,0.0
expression,LOC102155707_3,186,85,0,0.0
expression,LOC111093077_3,186,85,0,0.0
expression,LOC111093171_3,186,85,0,0.0
expression,LOC111095638_3,186,85,0,0.0
expression,LOC111096389_3,186,85,0,0.0
expression,LOC111096671_3,186,85,0,0.0
expression,LOC111096752_3,186,85,0,0.0
expression,LOC111097459_3,186,85,0,0.0
expression,LOC111097882_3,186,85,0,0.0
expression,LOC119865242_3,186,85,0,0.0
expression,LOC119869390_3,186,85,0,0.0
expression,LOC119869982_3,186,85,0,0.0
expression,LOC119870180_3,186,85,0,0.0
expression,LOC119872139_3,186,85,0,0.0
expression,LOC119872710_3,186,85,0,0.0
expression,LOC119876456,186,85,0,0.0
expression,LOC119876588,186,85,0,0.0
expression,LOC119877008,186,85,0,0.0
expression,LOC119878534,186,85,0,0.0
expression,LOC119879323,186,85,0,0.0
expression,LOC610444_3,186,85,0,0.0
expression,LRRTM1_3,186,85,0,0.0
expression,MARCHF10_3,186,85,0,0.0
expression,RUNDC3A_3,186,85,0,0.0
expression,SCML4_3,186,85,0,0.0
expression,SNORC_3,186,85,0,0.0
expression,SPAG8_3,186,85,0,0.0
expression,TTLL2_2,186,85,0,0.0
expression,VSNL1_3,186,85,0,0.0
expression,C34H3orf80_3,186,84,0,0.0
expression,CFHR5_3,186,84,0,0.0
expression,CSRNP3_3,186,84,0,0.0
expression,DAW1_3,186,84,0,0.0
expression,ELOVL3_3,186,84,0,0.0
expression,ESRRB_3,186,84,0,0.0
expression,GPR141_3,186,84,0,0.0
expression,LOC102152069_2,186,84,0,0.0
expression,LOC102153022_3,186,84,0,0.0
expression,LOC106557811_3,186,84,0,0.0
expression,LOC106557881_3,186,84,0,0.0
expression,LOC111092430_3,186,84,0,0.0
expression,LOC111093054_3,186,84,0,0.0
expression,LOC111093892_3,186,84,0,0.0
expression,LOC111093993_3,186,84,0,0.0
expression,LOC119867815_3,186,84,0,0.0
expression,LOC119870316_3,186,84,0,0.0
expression,LOC119870452_3,186,84,0,0.0
expression,LOC119871132_3,186,84,0,0.0
expression,LOC119871509_3,186,84,0,0.0
expression,LOC119871921_3,186,84,0,0.0
expression,LOC119872352_3,186,84,0,0.0
expression,LOC119872825_3,186,84,0,0.0
expression,LOC119874168_3,186,84,0,0.0
expression,LOC119876151,186,84,0,0.0
expression,LOC119877336,186,84,0,0.0
expression,LOC119878535,186,84,0,0.0
expression,LOC477570_3,186,84,0,0.0
expression,MC4R_3,186,84,0,0.0
expression,MUC4_3,186,84,0,0.0
expression,PLA2G2F_3,186,84,0,0.0
expression,RAB33A_3,186,84,0,0.0
expression,RBFOX3_3,186,84,0,0.0
expression,SERPINA12_3,186,84,0,0.0
expression,TFR2_3,186,84,0,0.0
expression,UNC5CL_3,186,84,0,0.0
expression,ZCCHC18_3,186,84,0,0.0
expression,CBLN1_3,186,83,0,0.0
expression,CDKN2B_4,186,83,0,0.0
expression,CELF5_3,186,83,0,0.0
expression,CHRM1_3,186,83,0,0.0
expression,CLTRN_3,186,83,0,0.0
expression,DMRTA2_3,186,83,0,0.0
expression,FGF5_3,186,83,0,0.0
expression,FTCDNL1_3,186,83,0,0.0
expression,GPBAR1_3,186,83,0,0.0
expression,IL17REL_3,186,83,0,0.0
expression,KCNK12_3,186,83,0,0.0
expression,KCTD8_3,186,83,0,0.0
expression,LGI1_3,186,83,0,0.0
expression,LINGO4_3,186,83,0,0.0
expression,LOC100687370_3,186,83,0,0.0
expression,LOC102152274_3,186,83,0,0.0
expression,LOC102154106_3,186,83,0,0.0
expression,LOC102155029_3,186,83,0,0.0
expression,LOC106557754_3,186,83,0,0.0
expression,LOC106558299_3,186,83,0,0.0
expression,LOC106558692_2,186,83,0,0.0
expression,LOC106559407_3,186,83,0,0.0
expression,LOC106559535_3,186,83,0,0.0
expression,LOC111090219_3,186,83,0,0.0
expression,LOC111091609_3,186,83,0,0.0
expression,LOC111092373_3,186,83,0,0.0
expression,LOC111093276_3,186,83,0,0.0
expression,LOC111093453_3,186,83,0,0.0
expression,LOC111093651_3,186,83,0,0.0
expression,LOC111097063_3,186,83,0,0.0
expression,LOC111097670_2,186,83,0,0.0
expression,LOC111097833_3,186,83,0,0.0
expression,LOC111098503_3,186,83,0,0.0
expression,LOC119864422_2,186,83,0,0.0
expression,LOC119868934_1,186,83,0,0.0
expression,LOC119873201_3,186,83,0,0.0
expression,LOC119873766_3,186,83,0,0.0
expression,LOC119873951_3,186,83,0,0.0
expression,LOC119875638_3,186,83,0,0.0
expression,NAALADL1_3,186,83,0,0.0
expression,NEFM_3,186,83,0,0.0
expression,PPP1R1C_3,186,83,0,0.0
expression,RASEF_3,186,83,0,0.0
expression,RHEX_3,186,83,0,0.0
expression,SLC38A11_3,186,83,0,0.0
expression,SPEM1_3,186,83,0,0.0
expression,STRC_3,186,83,0,0.0
expression,ZAN_3,186,83,0,0.0
expression,CATSPERE_3,186,82,0,0.0
expression,CPLX4_3,186,82,0,0.0
expression,CTF1_3,186,82,0,0.0
expression,EDAR_3,186,82,0,0.0
expression,GABRA5_3,186,82,0,0.0
expression,GKN2_3,186,82,0,0.0
expression,HORMAD2_3,186,82,0,0.0
expression,KCNJ9_3,186,82,0,0.0
expression,KRT222_3,186,82,0,0.0
expression,LOC102151164_3,186,82,0,0.0
expression,LOC102151385_3,186,82,0,0.0
expression,LOC102151832_3,186,82,0,0.0
expression,LOC102153481_3,186,82,0,0.0
expression,LOC102154968_3,186,82,0,0.0
expression,LOC102154979_3,186,82,0,0.0
expression,LOC102155595_2,186,82,0,0.0
expression,LOC102156008_3,186,82,0,0.0
expression,LOC102156452_3,186,82,0,0.0
expression,LOC106560074_3,186,82,0,0.0
expression,LOC111090076_3,186,82,0,0.0
expression,LOC111090958_3,186,82,0,0.0
expression,LOC111092040_3,186,82,0,0.0
expression,LOC111092647_3,186,82,0,0.0
expression,LOC111093151_2,186,82,0,0.0
expression,LOC111093313_3,186,82,0,0.0
expression,LOC111095595_3,186,82,0,0.0
expression,LOC111097181_3,186,82,0,0.0
expression,LOC111097288_3,186,82,0,0.0
expression,LOC119865626_3,186,82,0,0.0
expression,LOC119865807_3,186,82,0,0.0
expression,LOC119866530_3,186,82,0,0.0
expression,LOC119872030_3,186,82,0,0.0
expression,LOC119872347_3,186,82,0,0.0
expression,LOC119872956_3,186,82,0,0.0
expression,LOC119876644,186,82,0,0.0
expression,LOC119877548,186,82,0,0.0
expression,LOC119878674,186,82,0,0.0
expression,LOC611565_3,186,82,0,0.0
expression,LRP2BP_3,186,82,0,0.0
expression,PLEKHG6_3,186,82,0,0.0
expression,RHCG_3,186,82,0,0.0
expression,SYT4_3,186,82,0,0.0
expression,TLX3_3,186,82,0,0.0
expression,TMEM151A_3,186,82,0,0.0
expression,ZNF343_3,186,82,0,0.0
expression,ATP6V1B1_3,186,81,0,0.0
expression,CDHR1_3,186,81,0,0.0
expression,CFAP43_3,186,81,0,0.0
expression,F2_3,186,81,0,0.0
expression,G6PC1_3,186,81,0,0.0
expression,KIAA1210_3,186,81,0,0.0
expression,LCN8_3,186,81,0,0.0
expression,LOC100856504_3,186,81,0,0.0
expression,LOC102151554_3,186,81,0,0.0
expression,LOC102151730_3,186,81,0,0.0
expression,LOC102153706_3,186,81,0,0.0
expression,LOC102155419_3,186,81,0,0.0
expression,LOC102156373_3,186,81,0,0.0
expression,LOC106557901_3,186,81,0,0.0
expression,LOC106557915_3,186,81,0,0.0
expression,LOC106559462_3,186,81,0,0.0
expression,LOC106559469_3,186,81,0,0.0
expression,LOC111091383_3,186,81,0,0.0
expression,LOC111094568_3,186,81,0,0.0
expression,LOC111095542_3,186,81,0,0.0
expression,LOC111097412_3,186,81,0,0.0
expression,LOC119866303_3,186,81,0,0.0
expression,LOC119866924_3,186,81,0,0.0
expression,LOC119867042_3,186,81,0,0.0
expression,LOC119869261_2,186,81,0,0.0
expression,LOC119871992_2,186,81,0,0.0
expression,LOC119873316_3,186,81,0,0.0
expression,LOC119873691_3,186,81,0,0.0
expression,LOC119875902,186,81,0,0.0
expression,LOC119876551_1,186,81,0,0.0
expression,LOC119877561,186,81,0,0.0
expression,LOC119878080,186,81,0,0.0
expression,LOC119879301,186,81,0,0.0
expression,LOC478072_3,186,81,0,0.0
expression,LOC607806_3,186,81,0,0.0
expression,MIP_3,186,81,0,0.0
expression,MROH7_3,186,81,0,0.0
expression,MYH3_3,186,81,0,0.0
expression,PDX1_3,186,81,0,0.0
expression,SCN7A_3,186,81,0,0.0
expression,TSSK6_3,186,81,0,0.0
expression,ZNF541_3,186,81,0,0.0
expression,ABCA13_3,186,80,0,0.0
expression,AGMAT_3,186,80,0,0.0
expression,CCL25_3,186,80,0,0.0
expression,CLDND2_3,186,80,0,0.0
expression,DCAF17_4,186,80,0,0.0
expression,DNALI1_3,186,80,0,0.0
expression,ELSPBP1_3,186,80,0,0.0
expression,ETV2_3,186,80,0,0.0
expression,FOXA2_3,186,80,0,0.0
expression,KRT23_3,186,80,0,0.0
expression,LOC100683574_2,186,80,0,0.0
expression,LOC102151424_3,186,80,0,0.0
expression,LOC102153409_3,186,80,0,0.0
expression,LOC102156856_3,186,80,0,0.0
expression,LOC111095612_3,186,80,0,0.0
expression,LOC111098050_3,186,80,0,0.0
expression,LOC111098513_3,186,80,0,0.0
expression,LOC119863977_3,186,80,0,0.0
expression,LOC119864382_3,186,80,0,0.0
expression,LOC119865017_1,186,80,0,0.0
expression,LOC119867623_3,186,80,0,0.0
expression,LOC119869010_2,186,80,0,0.0
expression,LOC119871782_3,186,80,0,0.0
expression,LOC119876139_2,186,80,0,0.0
expression,LOC119876881,186,80,0,0.0
expression,LOC119876982_1,186,80,0,0.0
expression,LOC119878269,186,80,0,0.0
expression,LOC476070_2,186,80,0,0.0
expression,LOC482176_3,186,80,0,0.0
expression,MC1R_3,186,80,0,0.0
expression,MPL_3,186,80,0,0.0
expression,MTNR1A_1,186,80,0,0.0
expression,OR51E1_3,186,80,0,0.0
expression,SERPINB13_3,186,80,0,0.0
expression,TDRD15_3,186,80,0,0.0
expression,TRH_3,186,80,0,0.0
expression,ZMYND15_3,186,80,0,0.0
expression,ZSCAN10_3,186,80,0,0.0
expression,ALDH1B1_3,186,79,0,0.0
expression,ART1_3,186,79,0,0.0
expression,FNDC9_3,186,79,0,0.0
expression,FRMPD4_3,186,79,0,0.0
expression,H4C13_3,186,79,0,0.0
expression,HKDC1_3,186,79,0,0.0
expression,LOC100682919_3,186,79,0,0.0
expression,LOC100856762_3,186,79,0,0.0
expression,LOC102151771_3,186,79,0,0.0
expression,LOC102151902_3,186,79,0,0.0
expression,LOC102152182_3,186,79,0,0.0
expression,LOC102152416_3,186,79,0,0.0
expression,LOC102152574_3,186,79,0,0.0
expression,LOC102153240_3,186,79,0,0.0
expression,LOC102154138_3,186,79,0,0.0
expression,LOC102155750_3,186,79,0,0.0
expression,LOC106559279_3,186,79,0,0.0
expression,LOC106559872_3,186,79,0,0.0
expression,LOC111092064_3,186,79,0,0.0
expression,LOC111092166_3,186,79,0,0.0
expression,LOC111093579_3,186,79,0,0.0
expression,LOC111093907_3,186,79,0,0.0
expression,LOC111097048_3,186,79,0,0.0
expression,LOC111097774_3,186,79,0,0.0
expression,LOC111098044_3,186,79,0,0.0
expression,LOC111098610_2,186,79,0,0.0
expression,LOC111098625_3,186,79,0,0.0
expression,LOC119863964_3,186,79,0,0.0
expression,LOC119863987_3,186,79,0,0.0
expression,LOC119864564_3,186,79,0,0.0
expression,LOC119864574_3,186,79,0,0.0
expression,LOC119866368_3,186,79,0,0.0
expression,LOC119867195_3,186,79,0,0.0
expression,LOC119867515_3,186,79,0,0.0
expression,LOC119869724_3,186,79,0,0.0
expression,LOC119872424_3,186,79,0,0.0
expression,LOC119872921_3,186,79,0,0.0
expression,LOC119872999_2,186,79,0,0.0
expression,LOC119873022_3,186,79,0,0.0
expression,LOC119874702_2,186,79,0,0.0
expression,LOC119876046,186,79,0,0.0
expression,LOC119876623_1,186,79,0,0.0
expression,LOC119877047,186,79,0,0.0
expression,LOC119877081,186,79,0,0.0
expression,LOC486183_3,186,79,0,0.0
expression,LOC606786_3,186,79,0,0.0
expression,LOC607038_3,186,79,0,0.0
expression,LOC607396_3,186,79,0,0.0
expression,MMP21_3,186,79,0,0.0
expression,MPV17L_3,186,79,0,0.0
expression,NMBR_3,186,79,0,0.0
expression,NPFFR2_3,186,79,0,0.0
expression,OVOL1_3,186,79,0,0.0
expression,PLSCR5_3,186,79,0,0.0
expression,RAD51AP2_3,186,79,0,0.0
expression,RERGL_3,186,79,0,0.0
expression,TCEAL5_3,186,79,0,0.0
expression,C24H20orf202_3,186,78,0,0.0
expression,CCDC42_3,186,78,0,0.0
expression,CDH20_3,186,78,0,0.0
expression,CFAP57_3,186,78,0,0.0
expression,CRB1_3,186,78,0,0.0
expression,CRSP-3_2,186,78,0,0.0
expression,GIP_3,186,78,0,0.0
expression,GPR61_3,186,78,0,0.0
expression,GRIA4_3,186,78,0,0.0
expression,HAL_3,186,78,0,0.0
expression,LOC102151990_3,186,78,0,0.0
expression,LOC102152359_3,186,78,0,0.0
expression,LOC102153112_3,186,78,0,0.0
expression,LOC102155974_3,186,78,0,0.0
expression,LOC102156144_3,186,78,0,0.0
expression,LOC102156371_3,186,78,0,0.0
expression,LOC102156703_3,186,78,0,0.0
expression,LOC106558377_3,186,78,0,0.0
expression,LOC106558563_3,186,78,0,0.0
expression,LOC106558614_3,186,78,0,0.0
expression,LOC106558660_3,186,78,0,0.0
expression,LOC111091492_3,186,78,0,0.0
expression,LOC111091706_3,186,78,0,0.0
expression,LOC111092057_2,186,78,0,0.0
expression,LOC111092639_3,186,78,0,0.0
expression,LOC111093260_3,186,78,0,0.0
expression,LOC111097163_3,186,78,0,0.0
expression,LOC111097483_3,186,78,0,0.0
expression,LOC111097691_3,186,78,0,0.0
expression,LOC111097989_3,186,78,0,0.0
expression,LOC111098765_3,186,78,0,0.0
expression,LOC119865381_3,186,78,0,0.0
expression,LOC119866196_3,186,78,0,0.0
expression,LOC119866238_2,186,78,0,0.0
expression,LOC119869355_3,186,78,0,0.0
expression,LOC119870148_3,186,78,0,0.0
expression,LOC119870441_3,186,78,0,0.0
expression,LOC119873323_3,186,78,0,0.0
expression,LOC119874158_3,186,78,0,0.0
expression,LOC119875638_2,186,78,0,0.0
expression,LOC119876045,186,78,0,0.0
expression,LOC119876275,186,78,0,0.0
expression,LOC119877879,186,78,0,0.0
expression,LOC119878794,186,78,0,0.0
expression,LOC119879144,186,78,0,0.0
expression,LOC119879309,186,78,0,0.0
expression,LOC612524_3,186,78,0,0.0
expression,MUC2_3,186,78,0,0.0
expression,PIGR_3,186,78,0,0.0
expression,PRAP1_3,186,78,0,0.0
expression,TSHR_3,186,78,0,0.0
expression,CLDN16_3,186,77,0,0.0
expression,CLGN_3,186,77,0,0.0
expression,DPEP2NB_3,186,77,0,0.0
expression,FA2H_3,186,77,0,0.0
expression,IGFALS_3,186,77,0,0.0
expression,KRT16_3,186,77,0,0.0
expression,LOC100684571_3,186,77,0,0.0
expression,LOC102152749_3,186,77,0,0.0
expression,LOC102152830_3,186,77,0,0.0
expression,LOC102153933_3,186,77,0,0.0
expression,LOC102155649_3,186,77,0,0.0
expression,LOC106559074_3,186,77,0,0.0
expression,LOC106559141_2,186,77,0,0.0
expression,LOC106559534_3,186,77,0,0.0
expression,LOC111090996_3,186,77,0,0.0
expression,LOC111091588_3,186,77,0,0.0
expression,LOC111092076_3,186,77,0,0.0
expression,LOC111096309_3,186,77,0,0.0
expression,LOC111097345_3,186,77,0,0.0
expression,LOC111098310_3,186,77,0,0.0
expression,LOC119863924_3,186,77,0,0.0
expression,LOC119864892_2,186,77,0,0.0
expression,LOC119866835_3,186,77,0,0.0
expression,LOC119867365_3,186,77,0,0.0
expression,LOC119867803_3,186,77,0,0.0
expression,LOC119867915_3,186,77,0,0.0
expression,LOC119868394_3,186,77,0,0.0
expression,LOC119870442_3,186,77,0,0.0
expression,LOC119871071_3,186,77,0,0.0
expression,LOC119871828_3,186,77,0,0.0
expression,LOC119874611_3,186,77,0,0.0
expression,LOC119874672_3,186,77,0,0.0
expression,LOC119875943,186,77,0,0.0
expression,LOC119877867,186,77,0,0.0
expression,LOC119877902,186,77,0,0.0
expression,NGB_3,186,77,0,0.0
expression,PFN3_3,186,77,0,0.0
expression,RSPO4_3,186,77,0,0.0
expression,SBK3_3,186,77,0,0.0
expression,SKOR1_3,186,77,0,0.0
expression,SLC36A3_3,186,77,0,0.0
expression,SPO11_3,186,77,0,0.0
expression,SRD5A2_3,186,77,0,0.0
expression,TOX3_3,186,77,0,0.0
expression,ASB16_3,186,76,0,0.0
expression,CFAP97D1_3,186,76,0,0.0
expression,CRYBG2_3,186,76,0,0.0
expression,CYP1A1_3,186,76,0,0.0
expression,EN2_3,186,76,0,0.0
expression,EPPK1_3,186,76,0,0.0
expression,ERFL_3,186,76,0,0.0
expression,FXYD7_3,186,76,0,0.0
expression,GDAP1_3,186,76,0,0.0
expression,INA_3,186,76,0,0.0
expression,LOC100687178_3,186,76,0,0.0
expression,LOC102151868_3,186,76,0,0.0
expression,LOC102152029_3,186,76,0,0.0
expression,LOC102153434_3,186,76,0,0.0
expression,LOC102153951_3,186,76,0,0.0
expression,LOC102153977_3,186,76,0,0.0
expression,LOC102154598_3,186,76,0,0.0
expression,LOC102155890_1,186,76,0,0.0
expression,LOC102156228_3,186,76,0,0.0
expression,LOC102156314_3,186,76,0,0.0
expression,LOC106557784_3,186,76,0,0.0
expression,LOC106558479_3,186,76,0,0.0
expression,LOC111090069_3,186,76,0,0.0
expression,LOC111092080_3,186,76,0,0.0
expression,LOC111093819_3,186,76,0,0.0
expression,LOC111094227_3,186,76,0,0.0
expression,LOC111097716_3,186,76,0,0.0
expression,LOC119864282_3,186,76,0,0.0
expression,LOC119867649_3,186,76,0,0.0
expression,LOC119867682_3,186,76,0,0.0
expression,LOC119869821_3,186,76,0,0.0
expression,LOC119870026_3,186,76,0,0.0
expression,LOC119870969_3,186,76,0,0.0
expression,LOC119871471_3,186,76,0,0.0
expression,LOC119871534_3,186,76,0,0.0
expression,LOC119872612_3,186,76,0,0.0
expression,LOC119873279_3,186,76,0,0.0
expression,LOC119874319_3,186,76,0,0.0
expression,LOC119876009,186,76,0,0.0
expression,LOC119876598,186,76,0,0.0
expression,LOC119876884,186,76,0,0.0
expression,LOC119877164,186,76,0,0.0
expression,LOC119877747,186,76,0,0.0
expression,LOC119877840,186,76,0,0.0
expression,LOC119878332,186,76,0,0.0
expression,LOC119878836,186,76,0,0.0
expression,LOC479047_3,186,76,0,0.0
expression,LOC491883_3,186,76,0,0.0
expression,LOC609321_3,186,76,0,0.0
expression,LOC612173_3,186,76,0,0.0
expression,LYPD6B_3,186,76,0,0.0
expression,MGAM2_3,186,76,0,0.0
expression,MYH8_3,186,76,0,0.0
expression,QRFP_3,186,76,0,0.0
expression,S1PR4_3,186,76,0,0.0
expression,SEZ6L_3,186,76,0,0.0
expression,SNAP25_3,186,76,0,0.0
expression,TNFRSF17_3,186,76,0,0.0
expression,VWA3B_3,186,76,0,0.0
expression,ZNF683_3,186,76,0,0.0
expression,CA15_3,186,75,0,0.0
expression,CADPS_3,186,75,0,0.0
expression,CFAP65_3,186,75,0,0.0
expression,FCRL1_3,186,75,0,0.0
expression,FRK_3,186,75,0,0.0
expression,HAO2_3,186,75,0,0.0
expression,KCNK10_3,186,75,0,0.0
expression,LOC100683619_3,186,75,0,0.0
expression,LOC102152333_3,186,75,0,0.0
expression,LOC102154163_3,186,75,0,0.0
expression,LOC102154401_3,186,75,0,0.0
expression,LOC102154487_3,186,75,0,0.0
expression,LOC102156970_3,186,75,0,0.0
expression,LOC102157245_3,186,75,0,0.0
expression,LOC106558656_3,186,75,0,0.0
expression,LOC106559158_3,186,75,0,0.0
expression,LOC106560205_3,186,75,0,0.0
expression,LOC111091560_3,186,75,0,0.0
expression,LOC111092087_3,186,75,0,0.0
expression,LOC111093325_3,186,75,0,0.0
expression,LOC111094999_3,186,75,0,0.0
expression,LOC111095006_3,186,75,0,0.0
expression,LOC111095344_3,186,75,0,0.0
expression,LOC111095917_3,186,75,0,0.0
expression,LOC111096040_3,186,75,0,0.0
expression,LOC111098776_3,186,75,0,0.0
expression,LOC119864598_3,186,75,0,0.0
expression,LOC119865648_3,186,75,0,0.0
expression,LOC119865658_3,186,75,0,0.0
expression,LOC119866188_3,186,75,0,0.0
expression,LOC119866231_3,186,75,0,0.0
expression,LOC119866320_3,186,75,0,0.0
expression,LOC119867308_3,186,75,0,0.0
expression,LOC119867737_3,186,75,0,0.0
expression,LOC119869748_3,186,75,0,0.0
expression,LOC119870761_3,186,75,0,0.0
expression,LOC119871193_3,186,75,0,0.0
expression,LOC119871532_3,186,75,0,0.0
expression,LOC119871954_3,186,75,0,0.0
expression,LOC119872644_3,186,75,0,0.0
expression,LOC119873347_3,186,75,0,0.0
expression,LOC119874631_3,186,75,0,0.0
expression,LOC119878399,186,75,0,0.0
expression,LOC476372_3,186,75,0,0.0
expression,LOC489397_3,186,75,0,0.0
expression,MT-III_3,186,75,0,0.0
expression,NKAPL_3,186,75,0,0.0
expression,PSMB11_3,186,75,0,0.0
expression,RIBC2_3,186,75,0,0.0
expression,SIX3_3,186,75,0,0.0
expression,SLC5A10_3,186,75,0,0.0
expression,SMIM34A_3,186,75,0,0.0
expression,STPG1_3,186,75,0,0.0
expression,C11H9orf152_3,186,74,0,0.0
expression,CCIN_3,186,74,0,0.0
expression,DNASE2B_3,186,74,0,0.0
expression,ERMAP_3,186,74,0,0.0
expression,ETV3L_3,186,74,0,0.0
expression,LIN28B_3,186,74,0,0.0
expression,LOC102151134_3,186,74,0,0.0
expression,LOC102152238_3,186,74,0,0.0
expression,LOC102153399_3,186,74,0,0.0
expression,LOC102155048_3,186,74,0,0.0
expression,LOC102157132_3,186,74,0,0.0
expression,LOC106559579_3,186,74,0,0.0
expression,LOC111091865_3,186,74,0,0.0
expression,LOC111093290_3,186,74,0,0.0
expression,LOC111093613_2,186,74,0,0.0
expression,LOC111097273_3,186,74,0,0.0
expression,LOC111098018_3,186,74,0,0.0
expression,LOC111098725_3,186,74,0,0.0
expression,LOC111098813_3,186,74,0,0.0
expression,LOC119864227_3,186,74,0,0.0
expression,LOC119866161_3,186,74,0,0.0
expression,LOC119866304_1,186,74,0,0.0
expression,LOC119866436_3,186,74,0,0.0
expression,LOC119866676_3,186,74,0,0.0
expression,LOC119867480_3,186,74,0,0.0
expression,LOC119867636_3,186,74,0,0.0
expression,LOC119869196_2,186,74,0,0.0
expression,LOC119870047_3,186,74,0,0.0
expression,LOC119870383_2,186,74,0,0.0
expression,LOC119870553_3,186,74,0,0.0
expression,LOC119870720_2,186,74,0,0.0
expression,LOC119870979_3,186,74,0,0.0
expression,LOC119871074_3,186,74,0,0.0
expression,LOC119871257_3,186,74,0,0.0
expression,LOC119872639_3,186,74,0,0.0
expression,LOC119874431_3,186,74,0,0.0
expression,LOC119876105_1,186,74,0,0.0
expression,LOC119876517,186,74,0,0.0
expression,LOC119876826,186,74,0,0.0
expression,LOC119878398,186,74,0,0.0
expression,LOC119878894,186,74,0,0.0
expression,LOC119879342,186,74,0,0.0
expression,LOC484341_3,186,74,0,0.0
expression,MAGEB4_3,186,74,0,0.0
expression,MEP1A_3,186,74,0,0.0
expression,MYO3B_3,186,74,0,0.0
expression,NKX2-2_3,186,74,0,0.0
expression,PLPPR3_3,186,74,0,0.0
expression,TCF21_3,186,74,0,0.0
expression,ADCY1_3,186,73,0,0.0
expression,CDHR4_3,186,73,0,0.0
expression,COL10A1_3,186,73,0,0.0
expression,DUSP29_3,186,73,0,0.0
expression,IL19_3,186,73,0,0.0
expression,KCNA1_3,186,73,0,0.0
expression,KRT17_3,186,73,0,0.0
expression,LGALS7B_3,186,73,0,0.0
expression,LOC102151716_3,186,73,0,0.0
expression,LOC102153048_3,186,73,0,0.0
expression,LOC102154836_3,186,73,0,0.0
expression,LOC102155860_3,186,73,0,0.0
expression,LOC102156901_3,186,73,0,0.0
expression,LOC106557533_3,186,73,0,0.0
expression,LOC106558069_3,186,73,0,0.0
expression,LOC111090225_3,186,73,0,0.0
expression,LOC111091927_3,186,73,0,0.0
expression,LOC111092800_3,186,73,0,0.0
expression,LOC111095237_3,186,73,0,0.0
expression,LOC111095469_3,186,73,0,0.0
expression,LOC111096340_3,186,73,0,0.0
expression,LOC111096376_3,186,73,0,0.0
expression,LOC111096714_3,186,73,0,0.0
expression,LOC111097071_3,186,73,0,0.0
expression,LOC111097534_3,186,73,0,0.0
expression,LOC111097706_3,186,73,0,0.0
expression,LOC111097762_3,186,73,0,0.0
expression,LOC111097820_3,186,73,0,0.0
expression,LOC111098285_3,186,73,0,0.0
expression,LOC119864387_3,186,73,0,0.0
expression,LOC119865401_3,186,73,0,0.0
expression,LOC119866164_2,186,73,0,0.0
expression,LOC119866258_3,186,73,0,0.0
expression,LOC119866260_3,186,73,0,0.0
expression,LOC119867063_3,186,73,0,0.0
expression,LOC119867537_3,186,73,0,0.0
expression,LOC119867565_3,186,73,0,0.0
expression,LOC119867791_3,186,73,0,0.0
expression,LOC119867810_3,186,73,0,0.0
expression,LOC119872477_2,186,73,0,0.0
expression,LOC119873355_3,186,73,0,0.0
expression,LOC119876340_1,186,73,0,0.0
expression,LOC119876359,186,73,0,0.0
expression,LOC119876450,186,73,0,0.0
expression,LOC119878277,186,73,0,0.0
expression,LOC119878672,186,73,0,0.0
expression,LOC119879245,186,73,0,0.0
expression,MALRD1_3,186,73,0,0.0
expression,NAAA_3,186,73,0,0.0
expression,RNF207_3,186,73,0,0.0
expression,TLCD3B_3,186,73,0,0.0
expression,VWC2_3,186,73,0,0.0
expression,CCDC175_3,186,72,0,0.0
expression,CCZ1_3,186,72,0,0.0
expression,CE10_3,186,72,0,0.0
expression,CHRNA1_3,186,72,0,0.0
expression,CLEC17A_3,186,72,0,0.0
expression,GCM1_3,186,72,0,0.0
expression,GLRA2_3,186,72,0,0.0
expression,GPR37_3,186,72,0,0.0
expression,LCN15_3,186,72,0,0.0
expression,LOC102151221_3,186,72,0,0.0
expression,LOC102152773_3,186,72,0,0.0
expression,LOC102153064_3,186,72,0,0.0
expression,LOC102154188_3,186,72,0,0.0
expression,LOC102156585_3,186,72,0,0.0
expression,LOC106559496_3,186,72,0,0.0
expression,LOC111090039_3,186,72,0,0.0
expression,LOC111091389_3,186,72,0,0.0
expression,LOC111093708_3,186,72,0,0.0
expression,LOC111094577_3,186,72,0,0.0
expression,LOC111095145_3,186,72,0,0.0
expression,LOC111096344_3,186,72,0,0.0
expression,LOC111096414_3,186,72,0,0.0
expression,LOC111097490_3,186,72,0,0.0
expression,LOC111097492_3,186,72,0,0.0
expression,LOC111097680_3,186,72,0,0.0
expression,LOC119866384_3,186,72,0,0.0
expression,LOC119869784_3,186,72,0,0.0
expression,LOC119870632_3,186,72,0,0.0
expression,LOC119871561_3,186,72,0,0.0
expression,LOC119871612_3,186,72,0,0.0
expression,LOC119873198_2,186,72,0,0.0
expression,LOC119873379_3,186,72,0,0.0
expression,LOC119876194,186,72,0,0.0
expression,LOC119878258,186,72,0,0.0
expression,LOC119879057,186,72,0,0.0
expression,LOC119879492,186,72,0,0.0
expression,LOC491803_3,186,72,0,0.0
expression,MSH4_3,186,72,0,0.0
expression,NTNG1_3,186,72,0,0.0
expression,SH3YL1_3,186,72,0,0.0
expression,SLCO1A2_3,186,72,0,0.0
expression,SULT4A1_3,186,72,0,0.0
expression,TRIML2_3,186,72,0,0.0
expression,ANTXRL_3,186,71,0,0.0
expression,AVPR2_3,186,71,0,0.0
expression,C5H16orf86_3,186,71,0,0.0
expression,CD52_3,186,71,0,0.0
expression,CXCR5_3,186,71,0,0.0
expression,FAM216B_3,186,71,0,0.0
expression,GFY_3,186,71,0,0.0
expression,GJA3_3,186,71,0,0.0
expression,H2BU1_3,186,71,0,0.0
expression,HTR6_3,186,71,0,0.0
expression,LOC100686930_3,186,71,0,0.0
expression,LOC102151412_4,186,71,0,0.0
expression,LOC102151727_3,186,71,0,0.0
expression,LOC102153134_3,186,71,0,0.0
expression,LOC102153804_3,186,71,0,0.0
expression,LOC102155481_3,186,71,0,0.0
expression,LOC102155668_3,186,71,0,0.0
expression,LOC102156003_2,186,71,0,0.0
expression,LOC102156905_3,186,71,0,0.0
expression,LOC106558654_3,186,71,0,0.0
expression,LOC106559079_3,186,71,0,0.0
expression,LOC111090744_3,186,71,0,0.0
expression,LOC111091314_3,186,71,0,0.0
expression,LOC111091376_3,186,71,0,0.0
expression,LOC111091707_3,186,71,0,0.0
expression,LOC111092163_2,186,71,0,0.0
expression,LOC111092200_3,186,71,0,0.0
expression,LOC111092497_3,186,71,0,0.0
expression,LOC111096422_3,186,71,0,0.0
expression,LOC111097282_3,186,71,0,0.0
expression,LOC111098807_3,186,71,0,0.0
expression,LOC119864211_3,186,71,0,0.0
expression,LOC119865117_3,186,71,0,0.0
expression,LOC119865703_3,186,71,0,0.0
expression,LOC119870232_3,186,71,0,0.0
expression,LOC119871176_3,186,71,0,0.0
expression,LOC119871266_3,186,71,0,0.0
expression,LOC119871529_3,186,71,0,0.0
expression,LOC119873441_3,186,71,0,0.0
expression,LOC119875928,186,71,0,0.0
expression,LOC119876162,186,71,0,0.0
expression,LOC119876304,186,71,0,0.0
expression,LOC119877368,186,71,0,0.0
expression,LOC119878873,186,71,0,0.0
expression,LOC119879100,186,71,0,0.0
expression,LOC480492_3,186,71,0,0.0
expression,MYF6_3,186,71,0,0.0
expression,NTSR1_3,186,71,0,0.0
expression,PNPLA1_3,186,71,0,0.0
expression,TDRD6_3,186,71,0,0.0
expression,TMEM179_3,186,71,0,0.0
expression,TNF_3,186,71,0,0.0
expression,ANKUB1_3,186,70,0,0.0
expression,AOC1_3,186,70,0,0.0
expression,ARHGAP8_3,186,70,0,0.0
expression,ENTHD1_3,186,70,0,0.0
expression,EPO_3,186,70,0,0.0
expression,FATE1_3,186,70,0,0.0
expression,GCSAML_3,186,70,0,0.0
expression,GJC3_3,186,70,0,0.0
expression,LOC100684252_3,186,70,0,0.0
expression,LOC100855743_3,186,70,0,0.0
expression,LOC102153215_3,186,70,0,0.0
expression,LOC102155078_3,186,70,0,0.0
expression,LOC102155469_3,186,70,0,0.0
expression,LOC102155548_3,186,70,0,0.0
expression,LOC102156441_3,186,70,0,0.0
expression,LOC102156776_3,186,70,0,0.0
expression,LOC106559529_2,186,70,0,0.0
expression,LOC111090095_3,186,70,0,0.0
expression,LOC111092175_3,186,70,0,0.0
expression,LOC111092486_3,186,70,0,0.0
expression,LOC111092589_3,186,70,0,0.0
expression,LOC111092796_4,186,70,0,0.0
expression,LOC111093060_3,186,70,0,0.0
expression,LOC111093766_3,186,70,0,0.0
expression,LOC111095162_3,186,70,0,0.0
expression,LOC111095986_3,186,70,0,0.0
expression,LOC111098237_3,186,70,0,0.0
expression,LOC119864741_3,186,70,0,0.0
expression,LOC119865006_3,186,70,0,0.0
expression,LOC119865865_2,186,70,0,0.0
expression,LOC119865888_1,186,70,0,0.0
expression,LOC119866531_3,186,70,0,0.0
expression,LOC119867332_3,186,70,0,0.0
expression,LOC119868018_2,186,70,0,0.0
expression,LOC119868247_3,186,70,0,0.0
expression,LOC119868998_3,186,70,0,0.0
expression,LOC119872214_3,186,70,0,0.0
expression,LOC119872356_3,186,70,0,0.0
expression,LOC119876048,186,70,0,0.0
expression,LOC119877729,186,70,0,0.0
expression,LOC119878037,186,70,0,0.0
expression,MAFA_3,186,70,0,0.0
expression,MS4A1_3,186,70,0,0.0
expression,NLGN4X_3,186,70,0,0.0
expression,PPP1R42_3,186,70,0,0.0
expression,RNF225_3,186,70,0,0.0
expression,TBX19_3,186,70,0,0.0
expression,AREG_3,186,69,0,0.0
expression,CYP2W1_3,186,69,0,0.0
expression,DCST2_3,186,69,0,0.0
expression,EYS_3,186,69,0,0.0
expression,GABRB3_3,186,69,0,0.0
expression,IL13_3,186,69,0,0.0
expression,KCNA2_3,186,69,0,0.0
expression,KCNU1_3,186,69,0,0.0
expression,L1TD1_3,186,69,0,0.0
expression,LOC102153406_3,186,69,0,0.0
expression,LOC102153734_3,186,69,0,0.0
expression,LOC102154052_3,186,69,0,0.0
expression,LOC102154784_3,186,69,0,0.0
expression,LOC102155021_3,186,69,0,0.0
expression,LOC102155911_3,186,69,0,0.0
expression,LOC102156976_3,186,69,0,0.0
expression,LOC102157205_3,186,69,0,0.0
expression,LOC106557743_3,186,69,0,0.0
expression,LOC106558455_3,186,69,0,0.0
expression,LOC111090224_3,186,69,0,0.0
expression,LOC111090423_3,186,69,0,0.0
expression,LOC111091305_3,186,69,0,0.0
expression,LOC111093189_3,186,69,0,0.0
expression,LOC111093196_3,186,69,0,0.0
expression,LOC111093856_3,186,69,0,0.0
expression,LOC111097085_3,186,69,0,0.0
expression,LOC111097616_3,186,69,0,0.0
expression,LOC111099011_3,186,69,0,0.0
expression,LOC119864171_3,186,69,0,0.0
expression,LOC119864283_2,186,69,0,0.0
expression,LOC119865967_3,186,69,0,0.0
expression,LOC119866766_3,186,69,0,0.0
expression,LOC119870767_3,186,69,0,0.0
expression,LOC119871215_3,186,69,0,0.0
expression,LOC119872893_3,186,69,0,0.0
expression,LOC119873383_3,186,69,0,0.0
expression,LOC119876103,186,69,0,0.0
expression,LOC119876123,186,69,0,0.0
expression,LOC119876651,186,69,0,0.0
expression,LOC119877168,186,69,0,0.0
expression,LOC119877169,186,69,0,0.0
expression,LOC119877649,186,69,0,0.0
expression,LOC119878293,186,69,0,0.0
expression,LOC483954_3,186,69,0,0.0
expression,LOC485809_3,186,69,0,0.0
expression,LRRTM3_3,186,69,0,0.0
expression,LY6H_3,186,69,0,0.0
expression,NELL1_3,186,69,0,0.0
expression,NKX6-1_3,186,69,0,0.0
expression,PADI1_3,186,69,0,0.0
expression,SFT2D3_3,186,69,0,0.0
expression,SMIM6_3,186,69,0,0.0
expression,SOX3_3,186,69,0,0.0
expression,TM4SF20_3,186,69,0,0.0
expression,UTS2B_3,186,69,0,0.0
expression,A4GNT_3,186,68,0,0.0
expression,ACSM5_3,186,68,0,0.0
expression,ALKAL2_3,186,68,0,0.0
expression,AQP7_3,186,68,0,0.0
expression,ASB18_3,186,68,0,0.0
expression,BRINP2_3,186,68,0,0.0
expression,BTC_3,186,68,0,0.0
expression,CRHBP_3,186,68,0,0.0
expression,DLGAP2_3,186,68,0,0.0
expression,DNASE1_3,186,68,0,0.0
expression,DYRK4_3,186,68,0,0.0
expression,FCRL2_3,186,68,0,0.0
expression,GPR12_3,186,68,0,0.0
expression,GSDMA_3,186,68,0,0.0
expression,KRT27_3,186,68,0,0.0
expression,LINGO2_3,186,68,0,0.0
expression,LOC102151209_3,186,68,0,0.0
expression,LOC102152802_3,186,68,0,0.0
expression,LOC102153957_3,186,68,0,0.0
expression,LOC102155828_3,186,68,0,0.0
expression,LOC102156172_3,186,68,0,0.0
expression,LOC106557730_3,186,68,0,0.0
expression,LOC106558575_3,186,68,0,0.0
expression,LOC106559373_3,186,68,0,0.0
expression,LOC106559752_3,186,68,0,0.0
expression,LOC111090478_3,186,68,0,0.0
expression,LOC111092038_3,186,68,0,0.0
expression,LOC111095464_3,186,68,0,0.0
expression,LOC111095994_3,186,68,0,0.0
expression,LOC111098416_3,186,68,0,0.0
expression,LOC119865706_3,186,68,0,0.0
expression,LOC119866403_3,186,68,0,0.0
expression,LOC119866412_3,186,68,0,0.0
expression,LOC119866455_3,186,68,0,0.0
expression,LOC119867056_3,186,68,0,0.0
expression,LOC119868063_3,186,68,0,0.0
expression,LOC119868333_2,186,68,0,0.0
expression,LOC119869313_3,186,68,0,0.0
expression,LOC119871637_3,186,68,0,0.0
expression,LOC119871855_3,186,68,0,0.0
expression,LOC119871906_3,186,68,0,0.0
expression,LOC119872582_3,186,68,0,0.0
expression,LOC119873919_3,186,68,0,0.0
expression,LOC119875637_4,186,68,0,0.0
expression,LOC119876844,186,68,0,0.0
expression,LOC119877134,186,68,0,0.0
expression,LOC119877613,186,68,0,0.0
expression,LOC119878172,186,68,0,0.0
expression,LOC119879268,186,68,0,0.0
expression,LOC119879406,186,68,0,0.0
expression,LOC119879437,186,68,0,0.0
expression,LOC492221_3,186,68,0,0.0
expression,NKAIN2_3,186,68,0,0.0
expression,SLURP1_3,186,68,0,0.0
expression,SMIM43_3,186,68,0,0.0
expression,SPTSSB_3,186,68,0,0.0
expression,ST8SIA2_3,186,68,0,0.0
expression,TESMIN_3,186,68,0,0.0
expression,TMC3_3,186,68,0,0.0
expression,TRIM6_3,186,68,0,0.0
expression,TTLL9_3,186,68,0,0.0
expression,UNC80_3,186,68,0,0.0
expression,AADACL3_3,186,67,0,0.0
expression,ADAM29_3,186,67,0,0.0
expression,CALHM1_3,186,67,0,0.0
expression,CSMD2_3,186,67,0,0.0
expression,DEFB109B_3,186,67,0,0.0
expression,DNTT_3,186,67,0,0.0
expression,FXYD4_3,186,67,0,0.0
expression,HBQ1_3,186,67,0,0.0
expression,KLRF1_3,186,67,0,0.0
expression,LAMB4_3,186,67,0,0.0
expression,LOC102154996_3,186,67,0,0.0
expression,LOC102156291_3,186,67,0,0.0
expression,LOC102156485_3,186,67,0,0.0
expression,LOC102156760_3,186,67,0,0.0
expression,LOC102156907_3,186,67,0,0.0
expression,LOC102157045_3,186,67,0,0.0
expression,LOC106557852_6,186,67,0,0.0
expression,LOC106558301_3,186,67,0,0.0
expression,LOC106559087_3,186,67,0,0.0
expression,LOC111090562_3,186,67,0,0.0
expression,LOC111090880_3,186,67,0,0.0
expression,LOC111091116_3,186,67,0,0.0
expression,LOC111091948_3,186,67,0,0.0
expression,LOC111092530_3,186,67,0,0.0
expression,LOC111094265_3,186,67,0,0.0
expression,LOC111094382_3,186,67,0,0.0
expression,LOC111095843_3,186,67,0,0.0
expression,LOC111096057_3,186,67,0,0.0
expression,LOC111096094_3,186,67,0,0.0
expression,LOC111097722_3,186,67,0,0.0
expression,LOC111097930_3,186,67,0,0.0
expression,LOC111098116_3,186,67,0,0.0
expression,LOC111098956_3,186,67,0,0.0
expression,LOC116183080_3,186,67,0,0.0
expression,LOC119864146_2,186,67,0,0.0
expression,LOC119867341_3,186,67,0,0.0
expression,LOC119870752_3,186,67,0,0.0
expression,LOC119872559_3,186,67,0,0.0
expression,LOC119872674_3,186,67,0,0.0
expression,LOC119876015,186,67,0,0.0
expression,LOC119876056,186,67,0,0.0
expression,LOC119876086,186,67,0,0.0
expression,LOC119876865_1,186,67,0,0.0
expression,LOC119876983,186,67,0,0.0
expression,LOC119877176,186,67,0,0.0
expression,LOC119877180,186,67,0,0.0
expression,LOC119877184,186,67,0,0.0
expression,LOC119878382,186,67,0,0.0
expression,LOC119879375,186,67,0,0.0
expression,LOC489366_3,186,67,0,0.0
expression,LOC491432_2,186,67,0,0.0
expression,LOC610854_3,186,67,0,0.0
expression,LOC612247_3,186,67,0,0.0
expression,LRRC74B_3,186,67,0,0.0
expression,LYPD3_3,186,67,0,0.0
expression,MOGAT3_3,186,67,0,0.0
expression,PCDH15_3,186,67,0,0.0
expression,PCNX2_3,186,67,0,0.0
expression,RAX_3,186,67,0,0.0
expression,RFX6_3,186,67,0,0.0
expression,SLC25A31_3,186,67,0,0.0
expression,STMN2_3,186,67,0,0.0
expression,UMODL1_3,186,67,0,0.0
expression,CELF3_3,186,66,0,0.0
expression,COX7B2_3,186,66,0,0.0
expression,ESPN_3,186,66,0,0.0
expression,FER1L5_3,186,66,0,0.0
expression,HAO1_3,186,66,0,0.0
expression,LHCGR_3,186,66,0,0.0
expression,LOC100682812_3,186,66,0,0.0
expression,LOC100687994_3,186,66,0,0.0
expression,LOC100856611_3,186,66,0,0.0
expression,LOC102152259_3,186,66,0,0.0
expression,LOC102153375_3,186,66,0,0.0
expression,LOC102156504_3,186,66,0,0.0
expression,LOC102156618_3,186,66,0,0.0
expression,LOC102157191_3,186,66,0,0.0
expression,LOC102157222_3,186,66,0,0.0
expression,LOC106558049_3,186,66,0,0.0
expression,LOC106559351_3,186,66,0,0.0
expression,LOC106559997_3,186,66,0,0.0
expression,LOC111090238_3,186,66,0,0.0
expression,LOC111090487_3,186,66,0,0.0
expression,LOC111091156_2,186,66,0,0.0
expression,LOC111091240_3,186,66,0,0.0
expression,LOC111091528_3,186,66,0,0.0
expression,LOC111093015_3,186,66,0,0.0
expression,LOC111093307_3,186,66,0,0.0
expression,LOC111096499_3,186,66,0,0.0
expression,LOC111097552_3,186,66,0,0.0
expression,LOC111098901_3,186,66,0,0.0
expression,LOC119864209_3,186,66,0,0.0
expression,LOC119864481_3,186,66,0,0.0
expression,LOC119867311_3,186,66,0,0.0
expression,LOC119867479_2,186,66,0,0.0
expression,LOC119868053_3,186,66,0,0.0
expression,LOC119869515_3,186,66,0,0.0
expression,LOC119869979_3,186,66,0,0.0
expression,LOC119870372_3,186,66,0,0.0
expression,LOC119871487_3,186,66,0,0.0
expression,LOC119873193_3,186,66,0,0.0
expression,LOC119873351_3,186,66,0,0.0
expression,LOC119876116,186,66,0,0.0
expression,LOC119876679,186,66,0,0.0
expression,OXER1_3,186,66,0,0.0
expression,PDE6B_3,186,66,0,0.0
expression,PLIN5_3,186,66,0,0.0
expression,PYY_3,186,66,0,0.0
expression,SLC22A31_3,186,66,0,0.0
expression,SMPDL3B_3,186,66,0,0.0
expression,SNCA_3,186,66,0,0.0
expression,SPOCK3_3,186,66,0,0.0
expression,TEX26_3,186,66,0,0.0
expression,ACSM3_3,186,65,0,0.0
expression,AICDA_3,186,65,0,0.0
expression,ANKRD34C_3,186,65,0,0.0
expression,ATP13A4_3,186,65,0,0.0
expression,CA1_3,186,65,0,0.0
expression,CCL19_3,186,65,0,0.0
expression,DAB1_3,186,65,0,0.0
expression,DEFB123_3,186,65,0,0.0
expression,DMBX1_3,186,65,0,0.0
expression,DNAH9_3,186,65,0,0.0
expression,LOC100683471_3,186,65,0,0.0
expression,LOC100687619_3,186,65,0,0.0
expression,LOC102152485_3,186,65,0,0.0
expression,LOC102154128_3,186,65,0,0.0
expression,LOC102155342_3,186,65,0,0.0
expression,LOC102156336_3,186,65,0,0.0
expression,LOC102156453_3,186,65,0,0.0
expression,LOC102156758_3,186,65,0,0.0
expression,LOC102157002_3,186,65,0,0.0
expression,LOC102157140_3,186,65,0,0.0
expression,LOC106559086_3,186,65,0,0.0
expression,LOC111090894_3,186,65,0,0.0
expression,LOC111092419_3,186,65,0,0.0
expression,LOC111092528_3,186,65,0,0.0
expression,LOC111093048_3,186,65,0,0.0
expression,LOC111096001_3,186,65,0,0.0
expression,LOC119865548_3,186,65,0,0.0
expression,LOC119866294_3,186,65,0,0.0
expression,LOC119868252_3,186,65,0,0.0
expression,LOC119868535_3,186,65,0,0.0
expression,LOC119869327_3,186,65,0,0.0
expression,LOC119870957_3,186,65,0,0.0
expression,LOC119871164_3,186,65,0,0.0
expression,LOC119871171_2,186,65,0,0.0
expression,LOC119873993_3,186,65,0,0.0
expression,LOC119876068,186,65,0,0.0
expression,LOC119876534,186,65,0,0.0
expression,LOC119876564,186,65,0,0.0
expression,LOC119877149,186,65,0,0.0
expression,LOC119877387,186,65,0,0.0
expression,LOC119877640,186,65,0,0.0
expression,LOC119878390_2,186,65,0,0.0
expression,LOC119878703,186,65,0,0.0
expression,LOC119878861,186,65,0,0.0
expression,LOC486036_3,186,65,0,0.0
expression,LOC607841_3,186,65,0,0.0
expression,LOC611145_2,186,65,0,0.0
expression,LYZF2_3,186,65,0,0.0
expression,MATN1_3,186,65,0,0.0
expression,MUSK_3,186,65,0,0.0
expression,OR10AA2_3,186,65,0,0.0
expression,PPIAP1_3,186,65,0,0.0
expression,RASSF6_3,186,65,0,0.0
expression,RBMXL2_3,186,65,0,0.0
expression,SHOX_3,186,65,0,0.0
expression,SMIM31_3,186,65,0,0.0
expression,SPIRE2_3,186,65,0,0.0
expression,B3GNT3_3,186,64,0,0.0
expression,DUSP13_3,186,64,0,0.0
expression,EPX_3,186,64,0,0.0
expression,FSCB_3,186,64,0,0.0
expression,GDF5_3,186,64,0,0.0
expression,HSPB9_3,186,64,0,0.0
expression,IL25_3,186,64,0,0.0
expression,LHFPL3_3,186,64,0,0.0
expression,LOC100685532_3,186,64,0,0.0
expression,LOC102151790_3,186,64,0,0.0
expression,LOC102152218_3,186,64,0,0.0
expression,LOC102152864_1,186,64,0,0.0
expression,LOC102154649_3,186,64,0,0.0
expression,LOC102155087_3,186,64,0,0.0
expression,LOC102155343_3,186,64,0,0.0
expression,LOC102156196_3,186,64,0,0.0
expression,LOC102156770_3,186,64,0,0.0
expression,LOC102157237_3,186,64,0,0.0
expression,LOC106558322_3,186,64,0,0.0
expression,LOC106558802_3,186,64,0,0.0
expression,LOC111090513_3,186,64,0,0.0
expression,LOC111091895_3,186,64,0,0.0
expression,LOC111091990_3,186,64,0,0.0
expression,LOC111092645_3,186,64,0,0.0
expression,LOC111093365_3,186,64,0,0.0
expression,LOC111094268_3,186,64,0,0.0
expression,LOC111096425_3,186,64,0,0.0
expression,LOC111096977_2,186,64,0,0.0
expression,LOC111097819_3,186,64,0,0.0
expression,LOC111098400_3,186,64,0,0.0
expression,LOC119865934_3,186,64,0,0.0
expression,LOC119866145_3,186,64,0,0.0
expression,LOC119868073_3,186,64,0,0.0
expression,LOC119869628_3,186,64,0,0.0
expression,LOC119869721_3,186,64,0,0.0
expression,LOC119870356_3,186,64,0,0.0
expression,LOC119870436_3,186,64,0,0.0
expression,LOC119870914_3,186,64,0,0.0
expression,LOC119871263_3,186,64,0,0.0
expression,LOC119872141_3,186,64,0,0.0
expression,LOC119872831_3,186,64,0,0.0
expression,LOC119876215,186,64,0,0.0
expression,LOC119876530,186,64,0,0.0
expression,LOC119877700,186,64,0,0.0
expression,LOC119878355,186,64,0,0.0
expression,LOC488436_3,186,64,0,0.0
expression,LOC608835_3,186,64,0,0.0
expression,LRFN5_3,186,64,0,0.0
expression,MYL7_3,186,64,0,0.0
expression,MYO1H_3,186,64,0,0.0
expression,NKX2-1_3,186,64,0,0.0
expression,NKX2-5_3,186,64,0,0.0
expression,NR1H4_3,186,64,0,0.0
expression,NXPH1_3,186,64,0,0.0
expression,PKD2L1_3,186,64,0,0.0
expression,PLP1_3,186,64,0,0.0
expression,PRSS48_3,186,64,0,0.0
expression,PSCA_3,186,64,0,0.0
expression,RSPO1_3,186,64,0,0.0
expression,SPATS1_3,186,64,0,0.0
expression,SYCP2L_3,186,64,0,0.0
expression,TM4SF4_3,186,64,0,0.0
expression,ABCB5_3,186,63,0,0.0
expression,CFAP52_3,186,63,0,0.0
expression,CLUL1_3,186,63,0,0.0
expression,DNAI2_3,186,63,0,0.0
expression,DRAXIN_3,186,63,0,0.0
expression,GALR2_3,186,63,0,0.0
expression,H4C9_3,186,63,0,0.0
expression,IL5RA_3,186,63,0,0.0
expression,KRT14_3,186,63,0,0.0
expression,LIPN_3,186,63,0,0.0
expression,LOC102151169_3,186,63,0,0.0
expression,LOC102152107_3,186,63,0,0.0
expression,LOC102152191_3,186,63,0,0.0
expression,LOC102154421_3,186,63,0,0.0
expression,LOC102155990_3,186,63,0,0.0
expression,LOC106557773_3,186,63,0,0.0
expression,LOC106557927_3,186,63,0,0.0
expression,LOC106558884_3,186,63,0,0.0
expression,LOC106558930_3,186,63,0,0.0
expression,LOC106559977_3,186,63,0,0.0
expression,LOC111090527_3,186,63,0,0.0
expression,LOC111090647_3,186,63,0,0.0
expression,LOC111092910_3,186,63,0,0.0
expression,LOC111094348_3,186,63,0,0.0
expression,LOC111094790_3,186,63,0,0.0
expression,LOC111095499_1,186,63,0,0.0
expression,LOC111095505_3,186,63,0,0.0
expression,LOC111096042_3,186,63,0,0.0
expression,LOC111096111_3,186,63,0,0.0
expression,LOC111098093_3,186,63,0,0.0
expression,LOC119864187_3,186,63,0,0.0
expression,LOC119864746_3,186,63,0,0.0
expression,LOC119865028_3,186,63,0,0.0
expression,LOC119865125_3,186,63,0,0.0
expression,LOC119866391_3,186,63,0,0.0
expression,LOC119866915_2,186,63,0,0.0
expression,LOC119869554_3,186,63,0,0.0
expression,LOC119870173_3,186,63,0,0.0
expression,LOC119872504_3,186,63,0,0.0
expression,LOC119872519_3,186,63,0,0.0
expression,LOC119873221_3,186,63,0,0.0
expression,LOC119873976_3,186,63,0,0.0
expression,LOC119877464,186,63,0,0.0
expression,LOC119878094,186,63,0,0.0
expression,LOC119878310,186,63,0,0.0
expression,LOC119879185,186,63,0,0.0
expression,LOC119879308,186,63,0,0.0
expression,LOC476825_3,186,63,0,0.0
expression,LRRC18_3,186,63,0,0.0
expression,MUC15_3,186,63,0,0.0
expression,MYH6_3,186,63,0,0.0
expression,TCTE1_3,186,63,0,0.0
expression,TGFBR3L_3,186,63,0,0.0
expression,UBD_2,186,63,0,0.0
expression,VSTM2A_3,186,63,0,0.0
expression,AZGP1_3,186,62,0,0.0
expression,CCDC83_3,186,62,0,0.0
expression,CCT8L2_3,186,62,0,0.0
expression,CHRNA6_3,186,62,0,0.0
expression,FGF19_3,186,62,0,0.0
expression,LOC100687756_3,186,62,0,0.0
expression,LOC102152135_3,186,62,0,0.0
expression,LOC102153191_3,186,62,0,0.0
expression,LOC102153400_3,186,62,0,0.0
expression,LOC102154601_3,186,62,0,0.0
expression,LOC102156372_3,186,62,0,0.0
expression,LOC102156827_3,186,62,0,0.0
expression,LOC102157144_3,186,62,0,0.0
expression,LOC111090934_3,186,62,0,0.0
expression,LOC111091087_3,186,62,0,0.0
expression,LOC111091507_2,186,62,0,0.0
expression,LOC111091945_3,186,62,0,0.0
expression,LOC111092873_3,186,62,0,0.0
expression,LOC111093778_3,186,62,0,0.0
expression,LOC111095131_3,186,62,0,0.0
expression,LOC111095371_3,186,62,0,0.0
expression,LOC111096171_3,186,62,0,0.0
expression,LOC111096804_3,186,62,0,0.0
expression,LOC111097281_3,186,62,0,0.0
expression,LOC111098264_3,186,62,0,0.0
expression,LOC119864142_3,186,62,0,0.0
expression,LOC119864978_3,186,62,0,0.0
expression,LOC119865440_3,186,62,0,0.0
expression,LOC119866191_3,186,62,0,0.0
expression,LOC119866298_3,186,62,0,0.0
expression,LOC119866717_3,186,62,0,0.0
expression,LOC119866759_3,186,62,0,0.0
expression,LOC119869609_3,186,62,0,0.0
expression,LOC119870885_3,186,62,0,0.0
expression,LOC119871859_3,186,62,0,0.0
expression,LOC119872301_3,186,62,0,0.0
expression,LOC119872578_3,186,62,0,0.0
expression,LOC119873419_3,186,62,0,0.0
expression,LOC119873434_3,186,62,0,0.0
expression,LOC119874694_3,186,62,0,0.0
expression,LOC119875828_3,186,62,0,0.0
expression,LOC119877310,186,62,0,0.0
expression,LOC119878265,186,62,0,0.0
expression,LOC119878818,186,62,0,0.0
expression,LOC119879125,186,62,0,0.0
expression,LOC609612_3,186,62,0,0.0
expression,LYPD8_3,186,62,0,0.0
expression,NEPN_3,186,62,0,0.0
expression,QRFPR_3,186,62,0,0.0
expression,RGS8_3,186,62,0,0.0
expression,SIAH3_3,186,62,0,0.0
expression,SLC1A6_3,186,62,0,0.0
expression,TPPP2_3,186,62,0,0.0
expression,BICDL2_3,186,61,0,0.0
expression,C12H6orf163_3,186,61,0,0.0
expression,CA7_3,186,61,0,0.0
expression,CALY_3,186,61,0,0.0
expression,DPPA5_3,186,61,0,0.0
expression,LOC102151880_1,186,61,0,0.0
expression,LOC102152650_3,186,61,0,0.0
expression,LOC102153667_3,186,61,0,0.0
expression,LOC102153773_3,186,61,0,0.0
expression,LOC102155214_3,186,61,0,0.0
expression,LOC102155749_3,186,61,0,0.0
expression,LOC102157247_3,186,61,0,0.0
expression,LOC106557779_3,186,61,0,0.0
expression,LOC106558940_3,186,61,0,0.0
expression,LOC111090938_5,186,61,0,0.0
expression,LOC111090979_3,186,61,0,0.0
expression,LOC111091635_3,186,61,0,0.0
expression,LOC111092606_3,186,61,0,0.0
expression,LOC111093600_3,186,61,0,0.0
expression,LOC111094032_3,186,61,0,0.0
expression,LOC111094184_3,186,61,0,0.0
expression,LOC111094279_3,186,61,0,0.0
expression,LOC111095281_3,186,61,0,0.0
expression,LOC111095510_3,186,61,0,0.0
expression,LOC111097003_3,186,61,0,0.0
expression,LOC111097404_3,186,61,0,0.0
expression,LOC111097651_3,186,61,0,0.0
expression,LOC111098741_3,186,61,0,0.0
expression,LOC119864576_3,186,61,0,0.0
expression,LOC119864608_3,186,61,0,0.0
expression,LOC119866086_3,186,61,0,0.0
expression,LOC119867060_3,186,61,0,0.0
expression,LOC119867942_3,186,61,0,0.0
expression,LOC119870036_2,186,61,0,0.0
expression,LOC119870772_3,186,61,0,0.0
expression,LOC119871643_3,186,61,0,0.0
expression,LOC119871939_3,186,61,0,0.0
expression,LOC119872482_3,186,61,0,0.0
expression,LOC119874271_3,186,61,0,0.0
expression,LOC119876084_2,186,61,0,0.0
expression,LOC119876298,186,61,0,0.0
expression,LOC119876415,186,61,0,0.0
expression,LOC119877882,186,61,0,0.0
expression,LOC119879267,186,61,0,0.0
expression,LOC119879279,186,61,0,0.0
expression,LOC119879481,186,61,0,0.0
expression,LOC480784_3,186,61,0,0.0
expression,LOC481939_2,186,61,0,0.0
expression,LOC491346_3,186,61,0,0.0
expression,LOC609263_2,186,61,0,0.0
expression,LOC612553_3,186,61,0,0.0
expression,NKPD1_3,186,61,0,0.0
expression,TEKT3_3,186,61,0,0.0
expression,VSIG2_3,186,61,0,0.0
expression,ZGLP1_3,186,61,0,0.0
expression,ANKAR_3,186,60,0,0.0
expression,ARSH_3,186,60,0,0.0
expression,ASB10_3,186,60,0,0.0
expression,C15H1orf210_3,186,60,0,0.0
expression,C2CD4D_3,186,60,0,0.0
expression,CCR10_3,186,60,0,0.0
expression,KCND2_3,186,60,0,0.0
expression,KIF12_3,186,60,0,0.0
expression,LOC100682725_3,186,60,0,0.0
expression,LOC100683076_3,186,60,0,0.0
expression,LOC100688776_3,186,60,0,0.0
expression,LOC102152595_3,186,60,0,0.0
expression,LOC102152672_3,186,60,0,0.0
expression,LOC102153688_3,186,60,0,0.0
expression,LOC102155864_3,186,60,0,0.0
expression,LOC102156514_3,186,60,0,0.0
expression,LOC106558571_3,186,60,0,0.0
expression,LOC111093832_3,186,60,0,0.0
expression,LOC111095258_3,186,60,0,0.0
expression,LOC111095665_3,186,60,0,0.0
expression,LOC111096045_3,186,60,0,0.0
expression,LOC111096290_3,186,60,0,0.0
expression,LOC111096322_3,186,60,0,0.0
expression,LOC111096606_3,186,60,0,0.0
expression,LOC111096917_3,186,60,0,0.0
expression,LOC111097034_3,186,60,0,0.0
expression,LOC111098352_3,186,60,0,0.0
expression,LOC111098756_3,186,60,0,0.0
expression,LOC119865245_3,186,60,0,0.0
expression,LOC119865652_3,186,60,0,0.0
expression,LOC119866376_3,186,60,0,0.0
expression,LOC119866516_3,186,60,0,0.0
expression,LOC119866764_3,186,60,0,0.0
expression,LOC119867144_3,186,60,0,0.0
expression,LOC119868021_2,186,60,0,0.0
expression,LOC119868024_3,186,60,0,0.0
expression,LOC119868367_3,186,60,0,0.0
expression,LOC119869101_1,186,60,0,0.0
expression,LOC119869117_1,186,60,0,0.0
expression,LOC119869679_3,186,60,0,0.0
expression,LOC119870354_3,186,60,0,0.0
expression,LOC119870887_2,186,60,0,0.0
expression,LOC119870993_3,186,60,0,0.0
expression,LOC119871173_3,186,60,0,0.0
expression,LOC119872162_3,186,60,0,0.0
expression,LOC119872592_3,186,60,0,0.0
expression,LOC119872835_3,186,60,0,0.0
expression,LOC119872868_3,186,60,0,0.0
expression,LOC119874140_3,186,60,0,0.0
expression,LOC119876269,186,60,0,0.0
expression,LOC119878062,186,60,0,0.0
expression,LOC479033_3,186,60,0,0.0
expression,LOC486100_3,186,60,0,0.0
expression,LOC611724_3,186,60,0,0.0
expression,PRSS36_3,186,60,0,0.0
expression,RBM24_3,186,60,0,0.0
expression,UNC5D_3,186,60,0,0.0
expression,ACTL8_3,186,59,0,0.0
expression,CDH4_3,186,59,0,0.0
expression,CDX1_3,186,59,0,0.0
expression,CFAP157_3,186,59,0,0.0
expression,DPP6_3,186,59,0,0.0
expression,ENPP7_3,186,59,0,0.0
expression,FBXL21P_3,186,59,0,0.0
expression,FOXL3_3,186,59,0,0.0
expression,GPR119_3,186,59,0,0.0
expression,HMX1_3,186,59,0,0.0
expression,KRT20_3,186,59,0,0.0
expression,LOC100683357_3,186,59,0,0.0
expression,LOC100686288_3,186,59,0,0.0
expression,LOC102155058_3,186,59,0,0.0
expression,LOC102155347_3,186,59,0,0.0
expression,LOC102155985_3,186,59,0,0.0
expression,LOC102157308_3,186,59,0,0.0
expression,LOC106558126_3,186,59,0,0.0
expression,LOC106559547_3,186,59,0,0.0
expression,LOC111091976_3,186,59,0,0.0
expression,LOC111092681_3,186,59,0,0.0
expression,LOC111093588_3,186,59,0,0.0
expression,LOC111093631_2,186,59,0,0.0
expression,LOC111093940_3,186,59,0,0.0
expression,LOC111095501_3,186,59,0,0.0
expression,LOC111095896_3,186,59,0,0.0
expression,LOC111096317_3,186,59,0,0.0
expression,LOC111097620_3,186,59,0,0.0
expression,LOC111098573_3,186,59,0,0.0
expression,LOC111098780_3,186,59,0,0.0
expression,LOC119864776_3,186,59,0,0.0
expression,LOC119866087_3,186,59,0,0.0
expression,LOC119866243_3,186,59,0,0.0
expression,LOC119868511_3,186,59,0,0.0
expression,LOC119869687_3,186,59,0,0.0
expression,LOC119869835_3,186,59,0,0.0
expression,LOC119871521_3,186,59,0,0.0
expression,LOC119871832_3,186,59,0,0.0
expression,LOC119874206_3,186,59,0,0.0
expression,LOC119876541,186,59,0,0.0
expression,LOC119876901_1,186,59,0,0.0
expression,LOC119877117_1,186,59,0,0.0
expression,LOC119878068,186,59,0,0.0
expression,LOC478801_3,186,59,0,0.0
expression,LOC480600_3,186,59,0,0.0
expression,NCR1_3,186,59,0,0.0
expression,OLFM4_3,186,59,0,0.0
expression,PABPC1L_3,186,59,0,0.0
expression,PAK5_3,186,59,0,0.0
expression,POU4F1_3,186,59,0,0.0
expression,PRRT1_3,186,59,0,0.0
expression,SAPCD1_3,186,59,0,0.0
expression,SH2D4B_3,186,59,0,0.0
expression,SLC15A2_3,186,59,0,0.0
expression,SLC39A2_3,186,59,0,0.0
expression,SLC47A2_3,186,59,0,0.0
expression,SLC9A4_3,186,59,0,0.0
expression,TAFA2_3,186,59,0,0.0
expression,TRHDE_3,186,59,0,0.0
expression,YJEFN3_3,186,59,0,0.0
expression,AURKC_3,186,58,0,0.0
expression,CCDC178_3,186,58,0,0.0
expression,CDH19_3,186,58,0,0.0
expression,ELAVL2_3,186,58,0,0.0
expression,HRH3_3,186,58,0,0.0
expression,HS3ST5_3,186,58,0,0.0
expression,LOC102153923_3,186,58,0,0.0
expression,LOC102154767_3,186,58,0,0.0
expression,LOC102155613_3,186,58,0,0.0
expression,LOC102155706_3,186,58,0,0.0
expression,LOC106557682_3,186,58,0,0.0
expression,LOC111092895_3,186,58,0,0.0
expression,LOC111094367_3,186,58,0,0.0
expression,LOC111096306_3,186,58,0,0.0
expression,LOC111096631_3,186,58,0,0.0
expression,LOC111098101_3,186,58,0,0.0
expression,LOC111098350_3,186,58,0,0.0
expression,LOC119864456_2,186,58,0,0.0
expression,LOC119864930_2,186,58,0,0.0
expression,LOC119865141_2,186,58,0,0.0
expression,LOC119866146_3,186,58,0,0.0
expression,LOC119866424_3,186,58,0,0.0
expression,LOC119866550_3,186,58,0,0.0
expression,LOC119866720_3,186,58,0,0.0
expression,LOC119866934_3,186,58,0,0.0
expression,LOC119869710_3,186,58,0,0.0
expression,LOC119869766_3,186,58,0,0.0
expression,LOC119870669_3,186,58,0,0.0
expression,LOC119871194_3,186,58,0,0.0
expression,LOC119871622_3,186,58,0,0.0
expression,LOC119871879_3,186,58,0,0.0
expression,LOC119872685_3,186,58,0,0.0
expression,LOC119873232_3,186,58,0,0.0
expression,LOC119873678_3,186,58,0,0.0
expression,LOC119873784_3,186,58,0,0.0
expression,LOC119874202_3,186,58,0,0.0
expression,LOC119876118,186,58,0,0.0
expression,LOC119876929,186,58,0,0.0
expression,LOC119877378,186,58,0,0.0
expression,LOC119878077,186,58,0,0.0
expression,LOC119878282,186,58,0,0.0
expression,LOC119879088,186,58,0,0.0
expression,LOC119879304,186,58,0,0.0
expression,LOC119879494,186,58,0,0.0
expression,MOGAT2_3,186,58,0,0.0
expression,NLRP14_3,186,58,0,0.0
expression,OLFM3_3,186,58,0,0.0
expression,RNF186_3,186,58,0,0.0
expression,SLC30A8_3,186,58,0,0.0
expression,ACTC1_3,186,57,0,0.0
expression,ATP12A_3,186,57,0,0.0
expression,C11H9orf24_3,186,57,0,0.0
expression,CFAP161_3,186,57,0,0.0
expression,CNTN3_3,186,57,0,0.0
expression,DMBT1_3,186,57,0,0.0
expression,GP1BA_3,186,57,0,0.0
expression,HHIPL2_3,186,57,0,0.0
expression,HPCA_3,186,57,0,0.0
expression,LOC102152224_3,186,57,0,0.0
expression,LOC102152782_3,186,57,0,0.0
expression,LOC102153261_3,186,57,0,0.0
expression,LOC102153356_3,186,57,0,0.0
expression,LOC102153504_3,186,57,0,0.0
expression,LOC102155863_3,186,57,0,0.0
expression,LOC102155967_3,186,57,0,0.0
expression,LOC106557625_3,186,57,0,0.0
expression,LOC106558227_3,186,57,0,0.0
expression,LOC106559188_3,186,57,0,0.0
expression,LOC106559586_3,186,57,0,0.0
expression,LOC106559651_2,186,57,0,0.0
expression,LOC111092270_3,186,57,0,0.0
expression,LOC111093347_3,186,57,0,0.0
expression,LOC111093383_3,186,57,0,0.0
expression,LOC111095550_3,186,57,0,0.0
expression,LOC111096475_3,186,57,0,0.0
expression,LOC111096818_3,186,57,0,0.0
expression,LOC111097000_3,186,57,0,0.0
expression,LOC111097474_3,186,57,0,0.0
expression,LOC111097533_3,186,57,0,0.0
expression,LOC119864356_3,186,57,0,0.0
expression,LOC119864699_3,186,57,0,0.0
expression,LOC119865138_3,186,57,0,0.0
expression,LOC119865146_1,186,57,0,0.0
expression,LOC119865160_2,186,57,0,0.0
expression,LOC119865923_3,186,57,0,0.0
expression,LOC119867106_3,186,57,0,0.0
expression,LOC119867948_3,186,57,0,0.0
expression,LOC119869339_3,186,57,0,0.0
expression,LOC119870174_3,186,57,0,0.0
expression,LOC119871546_2,186,57,0,0.0
expression,LOC119873242_2,186,57,0,0.0
expression,LOC119873305_3,186,57,0,0.0
expression,LOC119874395_3,186,57,0,0.0
expression,LOC119875937,186,57,0,0.0
expression,LOC119876491,186,57,0,0.0
expression,LOC119877248,186,57,0,0.0
expression,LOC119877388,186,57,0,0.0
expression,LOC487083_3,186,57,0,0.0
expression,LOC612779_3,186,57,0,0.0
expression,OR6N2_3,186,57,0,0.0
expression,PKHD1_3,186,57,0,0.0
expression,RIPK4_3,186,57,0,0.0
expression,SLC6A20_3,186,57,0,0.0
expression,TCEAL7_3,186,57,0,0.0
expression,UBL4B_3,186,57,0,0.0
expression,ACTL6B_3,186,56,0,0.0
expression,ADGRF2_3,186,56,0,0.0
expression,ANGPTL7_3,186,56,0,0.0
expression,CD1B_3,186,56,0,0.0
expression,CDC20B_3,186,56,0,0.0
expression,CTXN2_3,186,56,0,0.0
expression,FOXN4_3,186,56,0,0.0
expression,KCNS1_3,186,56,0,0.0
expression,LINGO3_3,186,56,0,0.0
expression,LOC102151683_3,186,56,0,0.0
expression,LOC102151737_3,186,56,0,0.0
expression,LOC102152159_3,186,56,0,0.0
expression,LOC102153123_3,186,56,0,0.0
expression,LOC102153173_3,186,56,0,0.0
expression,LOC102154391_3,186,56,0,0.0
expression,LOC102155759_3,186,56,0,0.0
expression,LOC102156099_3,186,56,0,0.0
expression,LOC106559220_3,186,56,0,0.0
expression,LOC106559357_3,186,56,0,0.0
expression,LOC111090933_3,186,56,0,0.0
expression,LOC111091003_2,186,56,0,0.0
expression,LOC111091068_3,186,56,0,0.0
expression,LOC111092745_3,186,56,0,0.0
expression,LOC111092766_3,186,56,0,0.0
expression,LOC111092805_3,186,56,0,0.0
expression,LOC111093612_3,186,56,0,0.0
expression,LOC111095007_2,186,56,0,0.0
expression,LOC111095126_3,186,56,0,0.0
expression,LOC111097274_3,186,56,0,0.0
expression,LOC111097510_3,186,56,0,0.0
expression,LOC111097806_3,186,56,0,0.0
expression,LOC111097883_3,186,56,0,0.0
expression,LOC119863979_2,186,56,0,0.0
expression,LOC119864770_3,186,56,0,0.0
expression,LOC119865981_3,186,56,0,0.0
expression,LOC119866743_3,186,56,0,0.0
expression,LOC119867033_3,186,56,0,0.0
expression,LOC119867650_3,186,56,0,0.0
expression,LOC119869295_3,186,56,0,0.0
expression,LOC119869569_3,186,56,0,0.0
expression,LOC119869983_3,186,56,0,0.0
expression,LOC119871486_3,186,56,0,0.0
expression,LOC119871845_3,186,56,0,0.0
expression,LOC119873937_3,186,56,0,0.0
expression,LOC119874430_2,186,56,0,0.0
expression,LOC119875990_1,186,56,0,0.0
expression,LOC119876493,186,56,0,0.0
expression,LOC119878224,186,56,0,0.0
expression,LOC119878389_2,186,56,0,0.0
expression,LOC119878731,186,56,0,0.0
expression,LOC119878774,186,56,0,0.0
expression,LOC119879241,186,56,0,0.0
expression,LOC475936_2,186,56,0,0.0
expression,LOC486151_3,186,56,0,0.0
expression,LOC486373_2,186,56,0,0.0
expression,LOC611771_3,186,56,0,0.0
expression,LRRC7_3,186,56,0,0.0
expression,MLNR_3,186,56,0,0.0
expression,MLPH_3,186,56,0,0.0
expression,NOS1_3,186,56,0,0.0
expression,OTOS_3,186,56,0,0.0
expression,SCP2D1_3,186,56,0,0.0
expression,SH2D6_3,186,56,0,0.0
expression,SHISA9_3,186,56,0,0.0
expression,SI_3,186,56,0,0.0
expression,SOX15_3,186,56,0,0.0
expression,SSMEM1_3,186,56,0,0.0
expression,STX19_3,186,56,0,0.0
expression,TMEM121B_3,186,56,0,0.0
expression,ALDH3A1_3,186,55,0,0.0
expression,BCAS1_3,186,55,0,0.0
expression,FGF17_3,186,55,0,0.0
expression,G6PC2_3,186,55,0,0.0
expression,GATA1_3,186,55,0,0.0
expression,GJB6_3,186,55,0,0.0
expression,HBM_3,186,55,0,0.0
expression,HNF1A_3,186,55,0,0.0
expression,KLF14_3,186,55,0,0.0
expression,KRT124_3,186,55,0,0.0
expression,LOC100685794_3,186,55,0,0.0
expression,LOC102152043_3,186,55,0,0.0
expression,LOC102152918_3,186,55,0,0.0
expression,LOC102153038_3,186,55,0,0.0
expression,LOC102153203_3,186,55,0,0.0
expression,LOC102153457_3,186,55,0,0.0
expression,LOC102154341_3,186,55,0,0.0
expression,LOC102154729_3,186,55,0,0.0
expression,LOC102154853_3,186,55,0,0.0
expression,LOC102155893_3,186,55,0,0.0
expression,LOC102155931_3,186,55,0,0.0
expression,LOC102156326_3,186,55,0,0.0
expression,LOC106558108_3,186,55,0,0.0
expression,LOC106558139_2,186,55,0,0.0
expression,LOC111090535_3,186,55,0,0.0
expression,LOC111091556_3,186,55,0,0.0
expression,LOC111091977_3,186,55,0,0.0
expression,LOC111092723_3,186,55,0,0.0
expression,LOC111092824_3,186,55,0,0.0
expression,LOC111094404_3,186,55,0,0.0
expression,LOC111094874_3,186,55,0,0.0
expression,LOC111096027_3,186,55,0,0.0
expression,LOC111097066_3,186,55,0,0.0
expression,LOC111098615_3,186,55,0,0.0
expression,LOC119864202_3,186,55,0,0.0
expression,LOC119864433_3,186,55,0,0.0
expression,LOC119864898_3,186,55,0,0.0
expression,LOC119865334_3,186,55,0,0.0
expression,LOC119865624_2,186,55,0,0.0
expression,LOC119865895_3,186,55,0,0.0
expression,LOC119869317_3,186,55,0,0.0
expression,LOC119869988_3,186,55,0,0.0
expression,LOC119870333_3,186,55,0,0.0
expression,LOC119870456_3,186,55,0,0.0
expression,LOC119871929_3,186,55,0,0.0
expression,LOC119872827_2,186,55,0,0.0
expression,LOC119873764_3,186,55,0,0.0
expression,LOC119876147,186,55,0,0.0
expression,LOC119876745_2,186,55,0,0.0
expression,LOC119877356,186,55,0,0.0
expression,LOC119877933,186,55,0,0.0
expression,LOC119878287,186,55,0,0.0
expression,LOC119879079,186,55,0,0.0
expression,LOC475517_3,186,55,0,0.0
expression,LYG1_3,186,55,0,0.0
expression,NDST4_3,186,55,0,0.0
expression,NEU2_3,186,55,0,0.0
expression,SLC12A1_3,186,55,0,0.0
expression,SLC13A1_3,186,55,0,0.0
expression,TDO2_3,186,55,0,0.0
expression,TECTB_3,186,55,0,0.0
expression,TMED11_3,186,55,0,0.0
expression,TMEM233_3,186,55,0,0.0
expression,USH2A_3,186,55,0,0.0
expression,ZIM2_3,186,55,0,0.0
expression,ZP2_3,186,55,0,0.0
expression,ADGRA1_3,186,54,0,0.0
expression,BTBD18_3,186,54,0,0.0
expression,C1H19orf85_3,186,54,0,0.0
expression,CATSPERZ_3,186,54,0,0.0
expression,CCDC192_3,186,54,0,0.0
expression,DNAH12_3,186,54,0,0.0
expression,FAM187A_3,186,54,0,0.0
expression,H2AC21_3,186,54,0,0.0
expression,KNCN_3,186,54,0,0.0
expression,LOC102152171_3,186,54,0,0.0
expression,LOC102152877_3,186,54,0,0.0
expression,LOC102153493_3,186,54,0,0.0
expression,LOC102153664_3,186,54,0,0.0
expression,LOC102154995_3,186,54,0,0.0
expression,LOC102155370_3,186,54,0,0.0
expression,LOC102155449_3,186,54,0,0.0
expression,LOC106557719_3,186,54,0,0.0
expression,LOC106558216_3,186,54,0,0.0
expression,LOC106559397_3,186,54,0,0.0
expression,LOC111090086_3,186,54,0,0.0
expression,LOC111090333_2,186,54,0,0.0
expression,LOC111091563_3,186,54,0,0.0
expression,LOC111091963_3,186,54,0,0.0
expression,LOC111092539_3,186,54,0,0.0
expression,LOC111093331_3,186,54,0,0.0
expression,LOC111093341_3,186,54,0,0.0
expression,LOC111093574_3,186,54,0,0.0
expression,LOC111093839_3,186,54,0,0.0
expression,LOC111093850_3,186,54,0,0.0
expression,LOC111094668_3,186,54,0,0.0
expression,LOC111095746_3,186,54,0,0.0
expression,LOC111096779_3,186,54,0,0.0
expression,LOC111096979_3,186,54,0,0.0
expression,LOC111098810_3,186,54,0,0.0
expression,LOC111098895_3,186,54,0,0.0
expression,LOC119864623_3,186,54,0,0.0
expression,LOC119865607_3,186,54,0,0.0
expression,LOC119866109_3,186,54,0,0.0
expression,LOC119866135_3,186,54,0,0.0
expression,LOC119866364_1,186,54,0,0.0
expression,LOC119866532_3,186,54,0,0.0
expression,LOC119866745_2,186,54,0,0.0
expression,LOC119869238_3,186,54,0,0.0
expression,LOC119869545_3,186,54,0,0.0
expression,LOC119870368_3,186,54,0,0.0
expression,LOC119870498_3,186,54,0,0.0
expression,LOC119871095_3,186,54,0,0.0
expression,LOC119871514_3,186,54,0,0.0
expression,LOC119872363_3,186,54,0,0.0
expression,LOC119874502_4,186,54,0,0.0
expression,LOC119875833_3,186,54,0,0.0
expression,LOC119877114_1,186,54,0,0.0
expression,LOC119877227,186,54,0,0.0
expression,LOC119877577,186,54,0,0.0
expression,LOC119878514,186,54,0,0.0
expression,LOC119878562,186,54,0,0.0
expression,LOC608299_3,186,54,0,0.0
expression,NPAS4_3,186,54,0,0.0
expression,PPDPFL_3,186,54,0,0.0
expression,SLC22A13_3,186,54,0,0.0
expression,TENM1_3,186,54,0,0.0
expression,TMEM132D_3,186,54,0,0.0
expression,WFDC2_3,186,54,0,0.0
expression,ZBTB8B_3,186,54,0,0.0
expression,ZNF512_4,186,54,0,0.0
expression,CPB1_3,186,53,0,0.0
expression,FAM151A_3,186,53,0,0.0
expression,GSTO2_3,186,53,0,0.0
expression,H4C4_3,186,53,0,0.0
expression,KCTD4_3,186,53,0,0.0
expression,KLK10_3,186,53,0,0.0
expression,LOC102151402_3,186,53,0,0.0
expression,LOC102151646_3,186,53,0,0.0
expression,LOC102156734_3,186,53,0,0.0
expression,LOC106557555_3,186,53,0,0.0
expression,LOC106558772_3,186,53,0,0.0
expression,LOC111090246_3,186,53,0,0.0
expression,LOC111091679_3,186,53,0,0.0
expression,LOC111092019_3,186,53,0,0.0
expression,LOC111092411_3,186,53,0,0.0
expression,LOC111093628_3,186,53,0,0.0
expression,LOC111093754_3,186,53,0,0.0
expression,LOC111093926_3,186,53,0,0.0
expression,LOC111094061_3,186,53,0,0.0
expression,LOC111094340_3,186,53,0,0.0
expression,LOC111094825_3,186,53,0,0.0
expression,LOC111095670_3,186,53,0,0.0
expression,LOC111097054_3,186,53,0,0.0
expression,LOC111097743_2,186,53,0,0.0
expression,LOC111097769_3,186,53,0,0.0
expression,LOC111098269_2,186,53,0,0.0
expression,LOC119864570_3,186,53,0,0.0
expression,LOC119865099_3,186,53,0,0.0
expression,LOC119866747_3,186,53,0,0.0
expression,LOC119867510_3,186,53,0,0.0
expression,LOC119868790_2,186,53,0,0.0
expression,LOC119870777_3,186,53,0,0.0
expression,LOC119870787_3,186,53,0,0.0
expression,LOC119871274_3,186,53,0,0.0
expression,LOC119872802_3,186,53,0,0.0
expression,LOC119873247_3,186,53,0,0.0
expression,LOC119877311,186,53,0,0.0
expression,LOC119877404,186,53,0,0.0
expression,LOC119877531,186,53,0,0.0
expression,LOC119878892,186,53,0,0.0
expression,LOC478576_3,186,53,0,0.0
expression,LOC487375_3,186,53,0,0.0
expression,LOC488981_3,186,53,0,0.0
expression,LRRC26_3,186,53,0,0.0
expression,PIWIL1_3,186,53,0,0.0
expression,RBPJL_3,186,53,0,0.0
expression,SCG2_3,186,53,0,0.0
expression,SLC15A3_3,186,53,0,0.0
expression,SLC5A11_3,186,53,0,0.0
expression,SPATC1L_3,186,53,0,0.0
expression,TLE7_3,186,53,0,0.0
expression,TMEM249_3,186,53,0,0.0
expression,TMPRSS7_3,186,53,0,0.0
expression,TRAF3IP3_4,186,53,0,0.0
expression,ACP7_3,186,52,0,0.0
expression,ANO9_3,186,52,0,0.0
expression,FSTL5_3,186,52,0,0.0
expression,GAB3_3,186,52,0,0.0
expression,HCRTR2_3,186,52,0,0.0
expression,IGSF21_3,186,52,0,0.0
expression,INSM1_3,186,52,0,0.0
expression,LOC100682736_3,186,52,0,0.0
expression,LOC100684412_3,186,52,0,0.0
expression,LOC102151123_3,186,52,0,0.0
expression,LOC102152610_3,186,52,0,0.0
expression,LOC102153647_3,186,52,0,0.0
expression,LOC102154158_3,186,52,0,0.0
expression,LOC102154216_3,186,52,0,0.0
expression,LOC102155638_3,186,52,0,0.0
expression,LOC102156001_3,186,52,0,0.0
expression,LOC102156247_3,186,52,0,0.0
expression,LOC106558781_3,186,52,0,0.0
expression,LOC106559816_3,186,52,0,0.0
expression,LOC111090999_3,186,52,0,0.0
expression,LOC111091685_3,186,52,0,0.0
expression,LOC111091714_3,186,52,0,0.0
expression,LOC111092395_3,186,52,0,0.0
expression,LOC111093203_3,186,52,0,0.0
expression,LOC111094492_3,186,52,0,0.0
expression,LOC111095880_3,186,52,0,0.0
expression,LOC111095941_3,186,52,0,0.0
expression,LOC111096194_3,186,52,0,0.0
expression,LOC111097423_3,186,52,0,0.0
expression,LOC111098229_3,186,52,0,0.0
expression,LOC111098799_3,186,52,0,0.0
expression,LOC119863974_1,186,52,0,0.0
expression,LOC119864705_3,186,52,0,0.0
expression,LOC119867794_3,186,52,0,0.0
expression,LOC119871172_3,186,52,0,0.0
expression,LOC119872531_3,186,52,0,0.0
expression,LOC119872599_3,186,52,0,0.0
expression,LOC119872930_3,186,52,0,0.0
expression,LOC119873619_3,186,52,0,0.0
expression,LOC119873884_3,186,52,0,0.0
expression,LOC119874458_3,186,52,0,0.0
expression,LOC119876087,186,52,0,0.0
expression,LOC119877233,186,52,0,0.0
expression,LOC119877234,186,52,0,0.0
expression,LOC119877399,186,52,0,0.0
expression,LOC119878443,186,52,0,0.0
expression,LOC119878812,186,52,0,0.0
expression,LOC482200_3,186,52,0,0.0
expression,LOC610384_3,186,52,0,0.0
expression,MYF5_3,186,52,0,0.0
expression,OLIG2_3,186,52,0,0.0
expression,OR9Q3_3,186,52,0,0.0
expression,PCP4_3,186,52,0,0.0
expression,PKLR_3,186,52,0,0.0
expression,PLA2G12B_3,186,52,0,0.0
expression,PLPPR1_3,186,52,0,0.0
expression,PRR29_3,186,52,0,0.0
expression,PTGDR2_3,186,52,0,0.0
expression,TERB1_3,186,52,0,0.0
expression,THRSP_3,186,52,0,0.0
expression,TMPRSS9_3,186,52,0,0.0
expression,VPREB3_3,186,52,0,0.0
expression,AKAP14_3,186,51,0,0.0
expression,BNIP5_3,186,51,0,0.0
expression,ELF5_3,186,51,0,0.0
expression,FAM237A_3,186,51,0,0.0
expression,FGF3_3,186,51,0,0.0
expression,GP6_3,186,51,0,0.0
expression,HAND1_3,186,51,0,0.0
expression,KLHDC8A_3,186,51,0,0.0
expression,LGSN_3,186,51,0,0.0
expression,LOC100682542_3,186,51,0,0.0
expression,LOC100687983_3,186,51,0,0.0
expression,LOC100855666_3,186,51,0,0.0
expression,LOC102151307_3,186,51,0,0.0
expression,LOC102151415_3,186,51,0,0.0
expression,LOC102152633_3,186,51,0,0.0
expression,LOC102154212_2,186,51,0,0.0
expression,LOC102155052_3,186,51,0,0.0
expression,LOC102156143_3,186,51,0,0.0
expression,LOC102156668_3,186,51,0,0.0
expression,LOC102156873_3,186,51,0,0.0
expression,LOC106558051_3,186,51,0,0.0
expression,LOC106558361_3,186,51,0,0.0
expression,LOC106558669_3,186,51,0,0.0
expression,LOC106558842_3,186,51,0,0.0
expression,LOC106559724_3,186,51,0,0.0
expression,LOC111091544_3,186,51,0,0.0
expression,LOC111092362_3,186,51,0,0.0
expression,LOC111093093_3,186,51,0,0.0
expression,LOC111093408_3,186,51,0,0.0
expression,LOC111093583_3,186,51,0,0.0
expression,LOC111094057_3,186,51,0,0.0
expression,LOC111094403_3,186,51,0,0.0
expression,LOC111094807_3,186,51,0,0.0
expression,LOC111095229_3,186,51,0,0.0
expression,LOC111095260_3,186,51,0,0.0
expression,LOC111096981_3,186,51,0,0.0
expression,LOC119863971_3,186,51,0,0.0
expression,LOC119863982_3,186,51,0,0.0
expression,LOC119864578_3,186,51,0,0.0
expression,LOC119864719_3,186,51,0,0.0
expression,LOC119864940_3,186,51,0,0.0
expression,LOC119866317_2,186,51,0,0.0
expression,LOC119866841_3,186,51,0,0.0
expression,LOC119867055_3,186,51,0,0.0
expression,LOC119867832_3,186,51,0,0.0
expression,LOC119868498_3,186,51,0,0.0
expression,LOC119868903_1,186,51,0,0.0
expression,LOC119871450_3,186,51,0,0.0
expression,LOC119871759_2,186,51,0,0.0
expression,LOC119871794_3,186,51,0,0.0
expression,LOC119871966_3,186,51,0,0.0
expression,LOC119872271_3,186,51,0,0.0
expression,LOC119872500_3,186,51,0,0.0
expression,LOC119873655_3,186,51,0,0.0
expression,LOC119877367,186,51,0,0.0
expression,LOC119877474,186,51,0,0.0
expression,LOC119878515,186,51,0,0.0
expression,LOC119879521,186,51,0,0.0
expression,LOC481841_3,186,51,0,0.0
expression,LY6G6D_2,186,51,0,0.0
expression,MAPK4_3,186,51,0,0.0
expression,MIR8854_3,186,51,0,0.0
expression,MPPED1_3,186,51,0,0.0
expression,PASD1_3,186,51,0,0.0
expression,PMFBP1_3,186,51,0,0.0
expression,SLC25A2_3,186,51,0,0.0
expression,SPATA25_3,186,51,0,0.0
expression,SPTY2D1OS_3,186,51,0,0.0
expression,SVOPL_3,186,51,0,0.0
expression,TMPRSS13_3,186,51,0,0.0
expression,WNT6_3,186,51,0,0.0
expression,ANKRD40CL_3,186,50,0,0.0
expression,CD1C_3,186,50,0,0.0
expression,CNTN5_3,186,50,0,0.0
expression,GATA5_3,186,50,0,0.0
expression,LEAP2_3,186,50,0,0.0
expression,LMNTD2_3,186,50,0,0.0
expression,LOC100685713_3,186,50,0,0.0
expression,LOC100688200_3,186,50,0,0.0
expression,LOC102151305_3,186,50,0,0.0
expression,LOC102151686_3,186,50,0,0.0
expression,LOC102152290_3,186,50,0,0.0
expression,LOC102153289_3,186,50,0,0.0
expression,LOC102153419_3,186,50,0,0.0
expression,LOC102153563_3,186,50,0,0.0
expression,LOC102153595_3,186,50,0,0.0
expression,LOC102156946_3,186,50,0,0.0
expression,LOC106557781_3,186,50,0,0.0
expression,LOC106558222_3,186,50,0,0.0
expression,LOC106559172_3,186,50,0,0.0
expression,LOC106559473_3,186,50,0,0.0
expression,LOC106559739_3,186,50,0,0.0
expression,LOC106560021_3,186,50,0,0.0
expression,LOC111091701_3,186,50,0,0.0
expression,LOC111092426_3,186,50,0,0.0
expression,LOC111093014_3,186,50,0,0.0
expression,LOC111093087_3,186,50,0,0.0
expression,LOC111093278_3,186,50,0,0.0
expression,LOC111095611_3,186,50,0,0.0
expression,LOC111096199_3,186,50,0,0.0
expression,LOC111096443_3,186,50,0,0.0
expression,LOC111096613_3,186,50,0,0.0
expression,LOC111096720_3,186,50,0,0.0
expression,LOC111096737_3,186,50,0,0.0
expression,LOC111096892_3,186,50,0,0.0
expression,LOC111097678_3,186,50,0,0.0
expression,LOC111097778_3,186,50,0,0.0
expression,LOC111098764_3,186,50,0,0.0
expression,LOC111098899_3,186,50,0,0.0
expression,LOC111098972_3,186,50,0,0.0
expression,LOC119864717_3,186,50,0,0.0
expression,LOC119865921_3,186,50,0,0.0
expression,LOC119866682_3,186,50,0,0.0
expression,LOC119868341_3,186,50,0,0.0
expression,LOC119869596_3,186,50,0,0.0
expression,LOC119869730_3,186,50,0,0.0
expression,LOC119870119_3,186,50,0,0.0
expression,LOC119870331_3,186,50,0,0.0
expression,LOC119870740_3,186,50,0,0.0
expression,LOC119870862_3,186,50,0,0.0
expression,LOC119872581_3,186,50,0,0.0
expression,LOC119873874_3,186,50,0,0.0
expression,LOC119873953_3,186,50,0,0.0
expression,LOC119876055,186,50,0,0.0
expression,LOC119876129,186,50,0,0.0
expression,LOC119878493,186,50,0,0.0
expression,LOC119878533,186,50,0,0.0
expression,LOC119878972,186,50,0,0.0
expression,LOC487290_3,186,50,0,0.0
expression,LOC491028_3,186,50,0,0.0
expression,LOC607191_3,186,50,0,0.0
expression,LRRC43_3,186,50,0,0.0
expression,LTA_3,186,50,0,0.0
expression,MIR8809_3,186,50,0,0.0
expression,MPZ_3,186,50,0,0.0
expression,NME8_3,186,50,0,0.0
expression,NR5A1_3,186,50,0,0.0
expression,PRR23A_3,186,50,0,0.0
expression,SALL3_3,186,50,0,0.0
expression,SLC22A11_3,186,50,0,0.0
expression,SMIM33_3,186,50,0,0.0
expression,SNTG1_3,186,50,0,0.0
expression,THSD7B_3,186,50,0,0.0
expression,TULP1_3,186,50,0,0.0
expression,ZMYND12_3,186,50,0,0.0
expression,ASAH2_3,186,49,0,0.0
expression,BLID_3,186,49,0,0.0
expression,C29H8orf89_3,186,49,0,0.0
expression,C4BPA_3,186,49,0,0.0
expression,C5H11orf65_3,186,49,0,0.0
expression,CRSP-2_3,186,49,0,0.0
expression,CT83_3,186,49,0,0.0
expression,ELAVL4_3,186,49,0,0.0
expression,ERP27_3,186,49,0,0.0
expression,KLC3_3,186,49,0,0.0
expression,LOC102152871_3,186,49,0,0.0
expression,LOC102153059_3,186,49,0,0.0
expression,LOC102153132_3,186,49,0,0.0
expression,LOC102153427_3,186,49,0,0.0
expression,LOC102154438_3,186,49,0,0.0
expression,LOC102155509_3,186,49,0,0.0
expression,LOC102157195_3,186,49,0,0.0
expression,LOC106559951_3,186,49,0,0.0
expression,LOC106559959_3,186,49,0,0.0
expression,LOC111090217_3,186,49,0,0.0
expression,LOC111090270_2,186,49,0,0.0
expression,LOC111090445_3,186,49,0,0.0
expression,LOC111090799_3,186,49,0,0.0
expression,LOC111091794_3,186,49,0,0.0
expression,LOC111091923_3,186,49,0,0.0
expression,LOC111094337_3,186,49,0,0.0
expression,LOC111094605_3,186,49,0,0.0
expression,LOC111095108_3,186,49,0,0.0
expression,LOC111095388_3,186,49,0,0.0
expression,LOC111095430_3,186,49,0,0.0
expression,LOC111096201_3,186,49,0,0.0
expression,LOC111096713_3,186,49,0,0.0
expression,LOC119864721_3,186,49,0,0.0
expression,LOC119864790_3,186,49,0,0.0
expression,LOC119864925_3,186,49,0,0.0
expression,LOC119864985_3,186,49,0,0.0
expression,LOC119866103_3,186,49,0,0.0
expression,LOC119866353_3,186,49,0,0.0
expression,LOC119866575_3,186,49,0,0.0
expression,LOC119867093_3,186,49,0,0.0
expression,LOC119867455_3,186,49,0,0.0
expression,LOC119869341_3,186,49,0,0.0
expression,LOC119870707_3,186,49,0,0.0
expression,LOC119871457_3,186,49,0,0.0
expression,LOC119871627_3,186,49,0,0.0
expression,LOC119871858_3,186,49,0,0.0
expression,LOC119875991_2,186,49,0,0.0
expression,LOC119876208,186,49,0,0.0
expression,LOC119877126,186,49,0,0.0
expression,LOC119877465,186,49,0,0.0
expression,LOC119877695,186,49,0,0.0
expression,LOC119878046,186,49,0,0.0
expression,LOC485909_3,186,49,0,0.0
expression,LOC610540_3,186,49,0,0.0
expression,PIK3C2G_3,186,49,0,0.0
expression,POU3F2_3,186,49,0,0.0
expression,SLBP2_3,186,49,0,0.0
expression,TBR1_3,186,49,0,0.0
expression,TEX38_3,186,49,0,0.0
expression,TMEM95_3,186,49,0,0.0
expression,WDR87_3,186,49,0,0.0
expression,ANKEF1_3,186,48,0,0.0
expression,C35H6orf52_3,186,48,0,0.0
expression,CCDC33_3,186,48,0,0.0
expression,GYPA_3,186,48,0,0.0
expression,KLHL35_3,186,48,0,0.0
expression,KLK2_3,186,48,0,0.0
expression,LOC100687145_3,186,48,0,0.0
expression,LOC100688456_3,186,48,0,0.0
expression,LOC100856021_3,186,48,0,0.0
expression,LOC102153519_3,186,48,0,0.0
expression,LOC102154504_2,186,48,0,0.0
expression,LOC102156887_3,186,48,0,0.0
expression,LOC106559644_3,186,48,0,0.0
expression,LOC111090946_3,186,48,0,0.0
expression,LOC111091676_3,186,48,0,0.0
expression,LOC111091822_3,186,48,0,0.0
expression,LOC111093596_3,186,48,0,0.0
expression,LOC111093776_3,186,48,0,0.0
expression,LOC111093971_3,186,48,0,0.0
expression,LOC111094320_3,186,48,0,0.0
expression,LOC111096628_3,186,48,0,0.0
expression,LOC111097660_3,186,48,0,0.0
expression,LOC111097952_3,186,48,0,0.0
expression,LOC111098266_3,186,48,0,0.0
expression,LOC111098562_3,186,48,0,0.0
expression,LOC119864679_2,186,48,0,0.0
expression,LOC119866608_3,186,48,0,0.0
expression,LOC119866866_3,186,48,0,0.0
expression,LOC119868028_3,186,48,0,0.0
expression,LOC119868368_3,186,48,0,0.0
expression,LOC119869828_3,186,48,0,0.0
expression,LOC119870366_3,186,48,0,0.0
expression,LOC119870651_3,186,48,0,0.0
expression,LOC119871434_3,186,48,0,0.0
expression,LOC119871533_3,186,48,0,0.0
expression,LOC119871916_3,186,48,0,0.0
expression,LOC119872361_3,186,48,0,0.0
expression,LOC119872688_3,186,48,0,0.0
expression,LOC119875913,186,48,0,0.0
expression,LOC119875998,186,48,0,0.0
expression,LOC119876312,186,48,0,0.0
expression,LOC119877648,186,48,0,0.0
expression,LOC119877720,186,48,0,0.0
expression,LOC119877777,186,48,0,0.0
expression,LOC119878866,186,48,0,0.0
expression,LOC119878897,186,48,0,0.0
expression,LOC119879397,186,48,0,0.0
expression,LOC119879484,186,48,0,0.0
expression,MASP2_3,186,48,0,0.0
expression,MYADML2_3,186,48,0,0.0
expression,MYMK_3,186,48,0,0.0
expression,MYMX_3,186,48,0,0.0
expression,NME9_3,186,48,0,0.0
expression,OTOP2_3,186,48,0,0.0
expression,PVALB_3,186,48,0,0.0
expression,TMEM171_3,186,48,0,0.0
expression,BRINP3_3,186,47,0,0.0
expression,CATIP_3,186,47,0,0.0
expression,DAPL1_3,186,47,0,0.0
expression,DRC7_3,186,47,0,0.0
expression,EGR4_3,186,47,0,0.0
expression,ELANE_3,186,47,0,0.0
expression,EPS8L3_3,186,47,0,0.0
expression,GSX2_3,186,47,0,0.0
expression,H2AC14_2,186,47,0,0.0
expression,IL21_3,186,47,0,0.0
expression,KCNK4_3,186,47,0,0.0
expression,LOC100687042_3,186,47,0,0.0
expression,LOC102152153_3,186,47,0,0.0
expression,LOC102152531_3,186,47,0,0.0
expression,LOC102153633_3,186,47,0,0.0
expression,LOC102155044_3,186,47,0,0.0
expression,LOC102155965_3,186,47,0,0.0
expression,LOC106558136_3,186,47,0,0.0
expression,LOC106559783_3,186,47,0,0.0
expression,LOC111090065_3,186,47,0,0.0
expression,LOC111091015_3,186,47,0,0.0
expression,LOC111091149_3,186,47,0,0.0
expression,LOC111091232_3,186,47,0,0.0
expression,LOC111091889_3,186,47,0,0.0
expression,LOC111091984_3,186,47,0,0.0
expression,LOC111091994_3,186,47,0,0.0
expression,LOC111093291_3,186,47,0,0.0
expression,LOC111094301_3,186,47,0,0.0
expression,LOC111094997_3,186,47,0,0.0
expression,LOC111095698_3,186,47,0,0.0
expression,LOC111095993_3,186,47,0,0.0
expression,LOC111097031_3,186,47,0,0.0
expression,LOC111097089_3,186,47,0,0.0
expression,LOC111097254_3,186,47,0,0.0
expression,LOC119864162_3,186,47,0,0.0
expression,LOC119864392_3,186,47,0,0.0
expression,LOC119864603_3,186,47,0,0.0
expression,LOC119864722_3,186,47,0,0.0
expression,LOC119865042_3,186,47,0,0.0
expression,LOC119865623_3,186,47,0,0.0
expression,LOC119865678_3,186,47,0,0.0
expression,LOC119865992_3,186,47,0,0.0
expression,LOC119867428_3,186,47,0,0.0
expression,LOC119869814_3,186,47,0,0.0
expression,LOC119871221_3,186,47,0,0.0
expression,LOC119871488_3,186,47,0,0.0
expression,LOC119872078_3,186,47,0,0.0
expression,LOC119872567_3,186,47,0,0.0
expression,LOC119874451_2,186,47,0,0.0
expression,LOC119876142,186,47,0,0.0
expression,LOC119876196,186,47,0,0.0
expression,LOC119876476_1,186,47,0,0.0
expression,LOC119876515,186,47,0,0.0
expression,LOC119876703,186,47,0,0.0
expression,LOC119878058,186,47,0,0.0
expression,LOC119878113,186,47,0,0.0
expression,LOC474706_3,186,47,0,0.0
expression,LOC606890_2,186,47,0,0.0
expression,LOC608379_4,186,47,0,0.0
expression,MMP27_3,186,47,0,0.0
expression,PTH_3,186,47,0,0.0
expression,RPS6KA6_3,186,47,0,0.0
expression,SLC22A1_3,186,47,0,0.0
expression,TM6SF2_3,186,47,0,0.0
expression,USP26_3,186,47,0,0.0
expression,YIPF7_3,186,47,0,0.0
expression,AGBL1_3,186,46,0,0.0
expression,ARX_3,186,46,0,0.0
expression,CDH16_3,186,46,0,0.0
expression,DOC2A_3,186,46,0,0.0
expression,DUOXA2_3,186,46,0,0.0
expression,ETNPPL_3,186,46,0,0.0
expression,F8A1_3,186,46,0,0.0
expression,GAD1_3,186,46,0,0.0
expression,GPR88_3,186,46,0,0.0
expression,H4C8_3,186,46,0,0.0
expression,KLK12_3,186,46,0,0.0
expression,LOC100684705_3,186,46,0,0.0
expression,LOC100686969_3,186,46,0,0.0
expression,LOC100687510_3,186,46,0,0.0
expression,LOC102152454_3,186,46,0,0.0
expression,LOC102152703_3,186,46,0,0.0
expression,LOC102153322_3,186,46,0,0.0
expression,LOC102154795_3,186,46,0,0.0
expression,LOC102155121_3,186,46,0,0.0
expression,LOC102155321_3,186,46,0,0.0
expression,LOC102155942_3,186,46,0,0.0
expression,LOC106558449_3,186,46,0,0.0
expression,LOC106558730_3,186,46,0,0.0
expression,LOC106558890_3,186,46,0,0.0
expression,LOC111090858_2,186,46,0,0.0
expression,LOC111091230_3,186,46,0,0.0
expression,LOC111091501_3,186,46,0,0.0
expression,LOC111092466_3,186,46,0,0.0
expression,LOC111092585_3,186,46,0,0.0
expression,LOC111093073_3,186,46,0,0.0
expression,LOC111093382_3,186,46,0,0.0
expression,LOC111093558_3,186,46,0,0.0
expression,LOC111095403_3,186,46,0,0.0
expression,LOC111095527_3,186,46,0,0.0
expression,LOC111097589_3,186,46,0,0.0
expression,LOC111097639_3,186,46,0,0.0
expression,LOC119863952_3,186,46,0,0.0
expression,LOC119864155_3,186,46,0,0.0
expression,LOC119864426_3,186,46,0,0.0
expression,LOC119865300_3,186,46,0,0.0
expression,LOC119866147_3,186,46,0,0.0
expression,LOC119866204_3,186,46,0,0.0
expression,LOC119867494_3,186,46,0,0.0
expression,LOC119867635_3,186,46,0,0.0
expression,LOC119867744_1,186,46,0,0.0
expression,LOC119868155_3,186,46,0,0.0
expression,LOC119870390_3,186,46,0,0.0
expression,LOC119872545_3,186,46,0,0.0
expression,LOC119872899_3,186,46,0,0.0
expression,LOC119873233_3,186,46,0,0.0
expression,LOC119873848_3,186,46,0,0.0
expression,LOC119876075,186,46,0,0.0
expression,LOC119876131_1,186,46,0,0.0
expression,LOC119876920_1,186,46,0,0.0
expression,LOC119877837,186,46,0,0.0
expression,LOC119879025,186,46,0,0.0
expression,LOC119879198,186,46,0,0.0
expression,LOC492055_3,186,46,0,0.0
expression,LOC612467_3,186,46,0,0.0
expression,NKX2-3_3,186,46,0,0.0
expression,NSG2_3,186,46,0,0.0
expression,PLA2G2C_3,186,46,0,0.0
expression,SERPINE3_3,186,46,0,0.0
expression,TNR_3,186,46,0,0.0
expression,TPH2_3,186,46,0,0.0
expression,ZDHHC19_3,186,46,0,0.0
expression,ZG16B_3,186,46,0,0.0
expression,C3H4orf19_3,186,45,0,0.0
expression,CBLN4_3,186,45,0,0.0
expression,COL19A1_3,186,45,0,0.0
expression,CRYBB1_3,186,45,0,0.0
expression,DCDC2B_3,186,45,0,0.0
expression,DIO1_3,186,45,0,0.0
expression,GRTP1_3,186,45,0,0.0
expression,HSD3B2_3,186,45,0,0.0
expression,ILDR1_3,186,45,0,0.0
expression,KRT13_3,186,45,0,0.0
expression,LOC100683646_3,186,45,0,0.0
expression,LOC100687367_3,186,45,0,0.0
expression,LOC102151755_3,186,45,0,0.0
expression,LOC102153805_3,186,45,0,0.0
expression,LOC102155262_3,186,45,0,0.0
expression,LOC102156116_3,186,45,0,0.0
expression,LOC102156271_3,186,45,0,0.0
expression,LOC102156825_3,186,45,0,0.0
expression,LOC102156860_3,186,45,0,0.0
expression,LOC102156954_3,186,45,0,0.0
expression,LOC102157270_3,186,45,0,0.0
expression,LOC106557943_3,186,45,0,0.0
expression,LOC106558833_3,186,45,0,0.0
expression,LOC106559592_3,186,45,0,0.0
expression,LOC111090025_3,186,45,0,0.0
expression,LOC111090626_3,186,45,0,0.0
expression,LOC111091549_3,186,45,0,0.0
expression,LOC111092674_3,186,45,0,0.0
expression,LOC111092793_3,186,45,0,0.0
expression,LOC111093281_3,186,45,0,0.0
expression,LOC111093346_3,186,45,0,0.0
expression,LOC111093714_3,186,45,0,0.0
expression,LOC111094305_3,186,45,0,0.0
expression,LOC111094739_1,186,45,0,0.0
expression,LOC111095132_3,186,45,0,0.0
expression,LOC111096447_2,186,45,0,0.0
expression,LOC111097424_3,186,45,0,0.0
expression,LOC111098001_3,186,45,0,0.0
expression,LOC111098223_3,186,45,0,0.0
expression,LOC111098286_3,186,45,0,0.0
expression,LOC111098988_3,186,45,0,0.0
expression,LOC119863990_3,186,45,0,0.0
expression,LOC119863991_3,186,45,0,0.0
expression,LOC119864294_3,186,45,0,0.0
expression,LOC119866390_2,186,45,0,0.0
expression,LOC119866405_3,186,45,0,0.0
expression,LOC119866681_3,186,45,0,0.0
expression,LOC119867616_3,186,45,0,0.0
expression,LOC119867694_3,186,45,0,0.0
expression,LOC119868248_3,186,45,0,0.0
expression,LOC119869689_3,186,45,0,0.0
expression,LOC119870875_3,186,45,0,0.0
expression,LOC119871210_3,186,45,0,0.0
expression,LOC119871222_3,186,45,0,0.0
expression,LOC119871888_3,186,45,0,0.0
expression,LOC119872255_3,186,45,0,0.0
expression,LOC119873311_3,186,45,0,0.0
expression,LOC119873575_3,186,45,0,0.0
expression,LOC119873637_3,186,45,0,0.0
expression,LOC119873911_3,186,45,0,0.0
expression,LOC119874426_3,186,45,0,0.0
expression,LOC119876680,186,45,0,0.0
expression,LOC119876692,186,45,0,0.0
expression,LOC119878188,186,45,0,0.0
expression,LOC119878290,186,45,0,0.0
expression,LOC119878295,186,45,0,0.0
expression,LOC119878806,186,45,0,0.0
expression,LOC607920_3,186,45,0,0.0
expression,LOC608637_1,186,45,0,0.0
expression,LY6G5C_3,186,45,0,0.0
expression,NEFL_3,186,45,0,0.0
expression,PTTG1IP2_3,186,45,0,0.0
expression,RHO_3,186,45,0,0.0
expression,RP1_3,186,45,0,0.0
expression,SERPINB7_3,186,45,0,0.0
expression,SLC27A2_3,186,45,0,0.0
expression,SLITRK4_3,186,45,0,0.0
expression,TCN1_3,186,45,0,0.0
expression,VSIG1_3,186,45,0,0.0
expression,ABCC11_3,186,44,0,0.0
expression,ARHGEF38_3,186,44,0,0.0
expression,C6H16orf82_3,186,44,0,0.0
expression,DSCAM_3,186,44,0,0.0
expression,FRMD1_3,186,44,0,0.0
expression,GLB1L3_3,186,44,0,0.0
expression,HRH4_3,186,44,0,0.0
expression,INSYN2B_3,186,44,0,0.0
expression,KCNG4_3,186,44,0,0.0
expression,KRT72_3,186,44,0,0.0
expression,LACRT_3,186,44,0,0.0
expression,LOC100684768_3,186,44,0,0.0
expression,LOC100686146_3,186,44,0,0.0
expression,LOC100688271_3,186,44,0,0.0
expression,LOC102152291_3,186,44,0,0.0
expression,LOC102153138_3,186,44,0,0.0
expression,LOC102154275_3,186,44,0,0.0
expression,LOC102155395_3,186,44,0,0.0
expression,LOC102156301_3,186,44,0,0.0
expression,LOC102157175_3,186,44,0,0.0
expression,LOC106559292_3,186,44,0,0.0
expression,LOC111090936_3,186,44,0,0.0
expression,LOC111091499_3,186,44,0,0.0
expression,LOC111092215_3,186,44,0,0.0
expression,LOC111093070_3,186,44,0,0.0
expression,LOC111093132_3,186,44,0,0.0
expression,LOC111093168_3,186,44,0,0.0
expression,LOC111094871_3,186,44,0,0.0
expression,LOC111094891_3,186,44,0,0.0
expression,LOC111095387_3,186,44,0,0.0
expression,LOC111096400_3,186,44,0,0.0
expression,LOC111096716_3,186,44,0,0.0
expression,LOC111096873_3,186,44,0,0.0
expression,LOC111096907_3,186,44,0,0.0
expression,LOC111097334_3,186,44,0,0.0
expression,LOC111097902_3,186,44,0,0.0
expression,LOC111098061_3,186,44,0,0.0
expression,LOC111098106_3,186,44,0,0.0
expression,LOC111098601_3,186,44,0,0.0
expression,LOC111098665_3,186,44,0,0.0
expression,LOC111098709_3,186,44,0,0.0
expression,LOC111098954_3,186,44,0,0.0
expression,LOC119864621_3,186,44,0,0.0
expression,LOC119864637_3,186,44,0,0.0
expression,LOC119865319_2,186,44,0,0.0
expression,LOC119865346_3,186,44,0,0.0
expression,LOC119865830_3,186,44,0,0.0
expression,LOC119866332_3,186,44,0,0.0
expression,LOC119868269_3,186,44,0,0.0
expression,LOC119869037_1,186,44,0,0.0
expression,LOC119871135_3,186,44,0,0.0
expression,LOC119871655_3,186,44,0,0.0
expression,LOC119872407_3,186,44,0,0.0
expression,LOC119872942_2,186,44,0,0.0
expression,LOC119873574_3,186,44,0,0.0
expression,LOC119873699_3,186,44,0,0.0
expression,LOC119874511_3,186,44,0,0.0
expression,LOC119875832_3,186,44,0,0.0
expression,LOC119876816,186,44,0,0.0
expression,LOC119877201,186,44,0,0.0
expression,LOC119877536,186,44,0,0.0
expression,LOC119878147,186,44,0,0.0
expression,LOC119878702,186,44,0,0.0
expression,LOC119878860,186,44,0,0.0
expression,LOC119878940_1,186,44,0,0.0
expression,LOC119879476,186,44,0,0.0
expression,LOC474547_3,186,44,0,0.0
expression,LOC475406_3,186,44,0,0.0
expression,LOC480493_1,186,44,0,0.0
expression,MSMP_3,186,44,0,0.0
expression,RFPL4B_3,186,44,0,0.0
expression,RPTN_3,186,44,0,0.0
expression,SHCBP1L_3,186,44,0,0.0
expression,TSSK2_3,186,44,0,0.0
expression,BAAT_3,186,43,0,0.0
expression,CAR1_3,186,43,0,0.0
expression,GAL3ST2_3,186,43,0,0.0
expression,GBX1_3,186,43,0,0.0
expression,GSG1_3,186,43,0,0.0
expression,KRT39_3,186,43,0,0.0
expression,KRTAP11-1_3,186,43,0,0.0
expression,LEXM_3,186,43,0,0.0
expression,LOC100682834_3,186,43,0,0.0
expression,LOC102151672_3,186,43,0,0.0
expression,LOC102152421_3,186,43,0,0.0
expression,LOC102152467_3,186,43,0,0.0
expression,LOC102154595_3,186,43,0,0.0
expression,LOC102156401_3,186,43,0,0.0
expression,LOC106558686_3,186,43,0,0.0
expression,LOC106559315_3,186,43,0,0.0
expression,LOC111090631_3,186,43,0,0.0
expression,LOC111090900_3,186,43,0,0.0
expression,LOC111091862_4,186,43,0,0.0
expression,LOC111092500_3,186,43,0,0.0
expression,LOC111093221_3,186,43,0,0.0
expression,LOC111093736_3,186,43,0,0.0
expression,LOC111093979_3,186,43,0,0.0
expression,LOC111094470_3,186,43,0,0.0
expression,LOC111094575_3,186,43,0,0.0
expression,LOC111094795_3,186,43,0,0.0
expression,LOC111096709_3,186,43,0,0.0
expression,LOC111097038_3,186,43,0,0.0
expression,LOC111098485_3,186,43,0,0.0
expression,LOC111098957_3,186,43,0,0.0
expression,LOC111099017_3,186,43,0,0.0
expression,LOC119864276_3,186,43,0,0.0
expression,LOC119865643_3,186,43,0,0.0
expression,LOC119865710_3,186,43,0,0.0
expression,LOC119865822_3,186,43,0,0.0
expression,LOC119866944_3,186,43,0,0.0
expression,LOC119867917_3,186,43,0,0.0
expression,LOC119868026_3,186,43,0,0.0
expression,LOC119868070_3,186,43,0,0.0
expression,LOC119869383_3,186,43,0,0.0
expression,LOC119869511_2,186,43,0,0.0
expression,LOC119870568_3,186,43,0,0.0
expression,LOC119870667_3,186,43,0,0.0
expression,LOC119870710_3,186,43,0,0.0
expression,LOC119871787_3,186,43,0,0.0
expression,LOC119871806_3,186,43,0,0.0
expression,LOC119872257_3,186,43,0,0.0
expression,LOC119873452_3,186,43,0,0.0
expression,LOC119874181_3,186,43,0,0.0
expression,LOC119874195_3,186,43,0,0.0
expression,LOC119876007,186,43,0,0.0
expression,LOC119876761,186,43,0,0.0
expression,LOC119876998,186,43,0,0.0
expression,LOC119877601,186,43,0,0.0
expression,LOC119878232_1,186,43,0,0.0
expression,LOC119878918_2,186,43,0,0.0
expression,LOC119879134,186,43,0,0.0
expression,LOC119879327,186,43,0,0.0
expression,MNX1_3,186,43,0,0.0
expression,NECTIN4_3,186,43,0,0.0
expression,NMUR2_3,186,43,0,0.0
expression,NPPC_3,186,43,0,0.0
expression,NXPE4_3,186,43,0,0.0
expression,PFKFB1_3,186,43,0,0.0
expression,PRR9_3,186,43,0,0.0
expression,REG3A_3,186,43,0,0.0
expression,RLN3_3,186,43,0,0.0
expression,SLC16A11_3,186,43,0,0.0
expression,XKR4_3,186,43,0,0.0
expression,AADAC_3,186,42,0,0.0
expression,ABCG5_3,186,42,0,0.0
expression,C1QL2_3,186,42,0,0.0
expression,C3H4orf50_3,186,42,0,0.0
expression,CACNG1_3,186,42,0,0.0
expression,CAPN8_3,186,42,0,0.0
expression,CSF3_3,186,42,0,0.0
expression,DRGX_3,186,42,0,0.0
expression,ERMN_3,186,42,0,0.0
expression,FAM163B_3,186,42,0,0.0
expression,FBXL16_3,186,42,0,0.0
expression,FCRLB_3,186,42,0,0.0
expression,FGF8_3,186,42,0,0.0
expression,FMO2_3,186,42,0,0.0
expression,GAL3ST1_3,186,42,0,0.0
expression,GRXCR2_3,186,42,0,0.0
expression,HCAR1_3,186,42,0,0.0
expression,ITIH2_3,186,42,0,0.0
expression,KCNK15_3,186,42,0,0.0
expression,LOC102151315_3,186,42,0,0.0
expression,LOC102151636_2,186,42,0,0.0
expression,LOC102152220_3,186,42,0,0.0
expression,LOC102153552_3,186,42,0,0.0
expression,LOC102154405_3,186,42,0,0.0
expression,LOC102155082_3,186,42,0,0.0
expression,LOC106557771_3,186,42,0,0.0
expression,LOC106559274_3,186,42,0,0.0
expression,LOC111090430_3,186,42,0,0.0
expression,LOC111090925_3,186,42,0,0.0
expression,LOC111091718_3,186,42,0,0.0
expression,LOC111092003_1,186,42,0,0.0
expression,LOC111092603_3,186,42,0,0.0
expression,LOC111092646_3,186,42,0,0.0
expression,LOC111092706_3,186,42,0,0.0
expression,LOC111093525_3,186,42,0,0.0
expression,LOC111093565_3,186,42,0,0.0
expression,LOC111094024_3,186,42,0,0.0
expression,LOC111095329_3,186,42,0,0.0
expression,LOC111095471_3,186,42,0,0.0
expression,LOC111095547_3,186,42,0,0.0
expression,LOC111096402_3,186,42,0,0.0
expression,LOC111096670_3,186,42,0,0.0
expression,LOC111097231_3,186,42,0,0.0
expression,LOC111097825_3,186,42,0,0.0
expression,LOC111098048_3,186,42,0,0.0
expression,LOC111098832_3,186,42,0,0.0
expression,LOC119864667_3,186,42,0,0.0
expression,LOC119865189_3,186,42,0,0.0
expression,LOC119866169_3,186,42,0,0.0
expression,LOC119866202_3,186,42,0,0.0
expression,LOC119867044_2,186,42,0,0.0
expression,LOC119867601_3,186,42,0,0.0
expression,LOC119867622_3,186,42,0,0.0
expression,LOC119868429_3,186,42,0,0.0
expression,LOC119868474_3,186,42,0,0.0
expression,LOC119869538_3,186,42,0,0.0
expression,LOC119870276_3,186,42,0,0.0
expression,LOC119871508_3,186,42,0,0.0
expression,LOC119876204,186,42,0,0.0
expression,LOC119876624,186,42,0,0.0
expression,LOC119877245,186,42,0,0.0
expression,LOC119877329,186,42,0,0.0
expression,LOC119877545,186,42,0,0.0
expression,LOC119877861,186,42,0,0.0
expression,LOC119878369,186,42,0,0.0
expression,LOC119878409,186,42,0,0.0
expression,LOC119879105,186,42,0,0.0
expression,LOC476900_3,186,42,0,0.0
expression,LOC481834_3,186,42,0,0.0
expression,LOC484898_3,186,42,0,0.0
expression,LOC606817_3,186,42,0,0.0
expression,LOC610488_3,186,42,0,0.0
expression,NKAIN4_3,186,42,0,0.0
expression,RPL32_5,186,42,0,0.0
expression,SLC12A3_3,186,42,0,0.0
expression,SORCS3_3,186,42,0,0.0
expression,TMEM235_3,186,42,0,0.0
expression,TMEM271_3,186,42,0,0.0
expression,TMEM45B_3,186,42,0,0.0
expression,ASB4_3,186,41,0,0.0
expression,ASTL_3,186,41,0,0.0
expression,ASZ1_3,186,41,0,0.0
expression,CLDN9_3,186,41,0,0.0
expression,CSF2_3,186,41,0,0.0
expression,DLK1_3,186,41,0,0.0
expression,ERICH6_3,186,41,0,0.0
expression,FSCN2_3,186,41,0,0.0
expression,LOC102152393_3,186,41,0,0.0
expression,LOC102153281_3,186,41,0,0.0
expression,LOC102155186_3,186,41,0,0.0
expression,LOC102155742_3,186,41,0,0.0
expression,LOC102155852_3,186,41,0,0.0
expression,LOC102156503_3,186,41,0,0.0
expression,LOC106558292_3,186,41,0,0.0
expression,LOC106558988_3,186,41,0,0.0
expression,LOC106559069_3,186,41,0,0.0
expression,LOC106559137_3,186,41,0,0.0
expression,LOC111090178_3,186,41,0,0.0
expression,LOC111090964_3,186,41,0,0.0
expression,LOC111091473_3,186,41,0,0.0
expression,LOC111091559_3,186,41,0,0.0
expression,LOC111093029_3,186,41,0,0.0
expression,LOC111093210_3,186,41,0,0.0
expression,LOC111093428_3,186,41,0,0.0
expression,LOC111093570_3,186,41,0,0.0
expression,LOC111093656_3,186,41,0,0.0
expression,LOC111094360_2,186,41,0,0.0
expression,LOC111095470_3,186,41,0,0.0
expression,LOC111095573_3,186,41,0,0.0
expression,LOC111096522_3,186,41,0,0.0
expression,LOC119864214_3,186,41,0,0.0
expression,LOC119867096_3,186,41,0,0.0
expression,LOC119868435_3,186,41,0,0.0
expression,LOC119869605_3,186,41,0,0.0
expression,LOC119871202_3,186,41,0,0.0
expression,LOC119871925_3,186,41,0,0.0
expression,LOC119873571_2,186,41,0,0.0
expression,LOC119874540_3,186,41,0,0.0
expression,LOC119875839_3,186,41,0,0.0
expression,LOC119876214,186,41,0,0.0
expression,LOC119876325,186,41,0,0.0
expression,LOC119876357_1,186,41,0,0.0
expression,LOC119876483,186,41,0,0.0
expression,LOC119876492_2,186,41,0,0.0
expression,LOC119876570,186,41,0,0.0
expression,LOC119877654,186,41,0,0.0
expression,LOC119877673,186,41,0,0.0
expression,LOC119877751,186,41,0,0.0
expression,LOC119877806,186,41,0,0.0
expression,LOC119878200,186,41,0,0.0
expression,LOC119878276,186,41,0,0.0
expression,LOC119878301,186,41,0,0.0
expression,LOC119878790,186,41,0,0.0
expression,LOC119879040,186,41,0,0.0
expression,MCMDC2_3,186,41,0,0.0
expression,NPBWR1_3,186,41,0,0.0
expression,PKD1L2_3,186,41,0,0.0
expression,SLC28A3_4,186,41,0,0.0
expression,SLC4A1_3,186,41,0,0.0
expression,SMIM35_3,186,41,0,0.0
expression,TRIM58_3,186,41,0,0.0
expression,ASPG_3,186,40,0,0.0
expression,C4H5orf47_3,186,40,0,0.0
expression,C5H1orf141_3,186,40,0,0.0
expression,CDH12_3,186,40,0,0.0
expression,CFAP126_3,186,40,0,0.0
expression,CHRNG_3,186,40,0,0.0
expression,FAM71F1_3,186,40,0,0.0
expression,GTF2A1L_3,186,40,0,0.0
expression,LOC100683694_3,186,40,0,0.0
expression,LOC100687820_3,186,40,0,0.0
expression,LOC102151626_3,186,40,0,0.0
expression,LOC102152033_3,186,40,0,0.0
expression,LOC102152614_3,186,40,0,0.0
expression,LOC102152686_3,186,40,0,0.0
expression,LOC102153332_3,186,40,0,0.0
expression,LOC102153615_3,186,40,0,0.0
expression,LOC102155488_3,186,40,0,0.0
expression,LOC106557830_3,186,40,0,0.0
expression,LOC106560154_3,186,40,0,0.0
expression,LOC111090026_3,186,40,0,0.0
expression,LOC111090413_3,186,40,0,0.0
expression,LOC111090917_3,186,40,0,0.0
expression,LOC111091749_3,186,40,0,0.0
expression,LOC111092559_3,186,40,0,0.0
expression,LOC111093763_3,186,40,0,0.0
expression,LOC111094690_3,186,40,0,0.0
expression,LOC111094796_3,186,40,0,0.0
expression,LOC111095583_3,186,40,0,0.0
expression,LOC111096911_3,186,40,0,0.0
expression,LOC111097018_3,186,40,0,0.0
expression,LOC111097422_3,186,40,0,0.0
expression,LOC111097744_3,186,40,0,0.0
expression,LOC111098550_3,186,40,0,0.0
expression,LOC111098660_2,186,40,0,0.0
expression,LOC119863934_2,186,40,0,0.0
expression,LOC119864135_3,186,40,0,0.0
expression,LOC119864241_3,186,40,0,0.0
expression,LOC119864739_3,186,40,0,0.0
expression,LOC119865004_3,186,40,0,0.0
expression,LOC119865641_3,186,40,0,0.0
expression,LOC119866615_3,186,40,0,0.0
expression,LOC119866868_3,186,40,0,0.0
expression,LOC119867811_3,186,40,0,0.0
expression,LOC119868540_3,186,40,0,0.0
expression,LOC119869395_3,186,40,0,0.0
expression,LOC119869987_3,186,40,0,0.0
expression,LOC119872572_3,186,40,0,0.0
expression,LOC119873663_3,186,40,0,0.0
expression,LOC119873706_3,186,40,0,0.0
expression,LOC119874315_3,186,40,0,0.0
expression,LOC119875768_2,186,40,0,0.0
expression,LOC119875826_2,186,40,0,0.0
expression,LOC119876447_1,186,40,0,0.0
expression,LOC119876555_1,186,40,0,0.0
expression,LOC119876616,186,40,0,0.0
expression,LOC119876800,186,40,0,0.0
expression,LOC119877411,186,40,0,0.0
expression,LOC119879076,186,40,0,0.0
expression,LOC119879138,186,40,0,0.0
expression,LOC481310_3,186,40,0,0.0
expression,PMAIP1_3,186,40,0,0.0
expression,SERPINA3_3,186,40,0,0.0
expression,SP9_3,186,40,0,0.0
expression,TCHHL1_3,186,40,0,0.0
expression,TTC6_3,186,40,0,0.0
expression,UGT1A6_3,186,40,0,0.0
expression,VSIG8_3,186,40,0,0.0
expression,WNT8B_3,186,40,0,0.0
expression,CHRM5_3,186,39,0,0.0
expression,CLEC18C_3,186,39,0,0.0
expression,CYP3A12_2,186,39,0,0.0
expression,GH1_3,186,39,0,0.0
expression,GPR87_3,186,39,0,0.0
expression,H2BC14_3,186,39,0,0.0
expression,KCNC1_3,186,39,0,0.0
expression,KCNJ6_3,186,39,0,0.0
expression,KPNA7_3,186,39,0,0.0
expression,LOC100684429_2,186,39,0,0.0
expression,LOC100687054_3,186,39,0,0.0
expression,LOC102151391_3,186,39,0,0.0
expression,LOC102151663_3,186,39,0,0.0
expression,LOC102153319_3,186,39,0,0.0
expression,LOC102153624_3,186,39,0,0.0
expression,LOC102154417_3,186,39,0,0.0
expression,LOC102156622_3,186,39,0,0.0
expression,LOC106557567_3,186,39,0,0.0
expression,LOC106558013_3,186,39,0,0.0
expression,LOC106558317_3,186,39,0,0.0
expression,LOC106558564_3,186,39,0,0.0
expression,LOC106558827_3,186,39,0,0.0
expression,LOC106558856_3,186,39,0,0.0
expression,LOC106558973_3,186,39,0,0.0
expression,LOC106559133_3,186,39,0,0.0
expression,LOC111090131_3,186,39,0,0.0
expression,LOC111090541_3,186,39,0,0.0
expression,LOC111095833_3,186,39,0,0.0
expression,LOC111095909_3,186,39,0,0.0
expression,LOC111096035_3,186,39,0,0.0
expression,LOC111096999_3,186,39,0,0.0
expression,LOC111097313_3,186,39,0,0.0
expression,LOC111098949_3,186,39,0,0.0
expression,LOC119865357_3,186,39,0,0.0
expression,LOC119866445_3,186,39,0,0.0
expression,LOC119867345_3,186,39,0,0.0
expression,LOC119868192_3,186,39,0,0.0
expression,LOC119868384_3,186,39,0,0.0
expression,LOC119868399_3,186,39,0,0.0
expression,LOC119869066_3,186,39,0,0.0
expression,LOC119869593_3,186,39,0,0.0
expression,LOC119869683_3,186,39,0,0.0
expression,LOC119871903_3,186,39,0,0.0
expression,LOC119872133_3,186,39,0,0.0
expression,LOC119872298_3,186,39,0,0.0
expression,LOC119872833_3,186,39,0,0.0
expression,LOC119873129_3,186,39,0,0.0
expression,LOC119873682_3,186,39,0,0.0
expression,LOC119876747,186,39,0,0.0
expression,LOC119877045,186,39,0,0.0
expression,LOC119877278,186,39,0,0.0
expression,LOC119877446,186,39,0,0.0
expression,LOC119877488,186,39,0,0.0
expression,LOC119877875,186,39,0,0.0
expression,LOC119878532,186,39,0,0.0
expression,LOC119878549,186,39,0,0.0
expression,LOC119878849,186,39,0,0.0
expression,LOC119879117,186,39,0,0.0
expression,MYH4_3,186,39,0,0.0
expression,OTOL1_3,186,39,0,0.0
expression,PVALEF_3,186,39,0,0.0
expression,SLC5A8_3,186,39,0,0.0
expression,TAT_3,186,39,0,0.0
expression,TMPRSS4_3,186,39,0,0.0
expression,TMPRSS6_3,186,39,0,0.0
expression,APOA5_3,186,38,0,0.0
expression,ARID3C_3,186,38,0,0.0
expression,C9H17orf67_3,186,38,0,0.0
expression,CFAP47_3,186,38,0,0.0
expression,CMTM2_3,186,38,0,0.0
expression,CTXND1_3,186,38,0,0.0
expression,GABRR2_3,186,38,0,0.0
expression,GPR20_3,186,38,0,0.0
expression,HTR3A_3,186,38,0,0.0
expression,LHX4_3,186,38,0,0.0
expression,LOC100856335_3,186,38,0,0.0
expression,LOC102151445_3,186,38,0,0.0
expression,LOC102151524_3,186,38,0,0.0
expression,LOC102153778_3,186,38,0,0.0
expression,LOC102154308_3,186,38,0,0.0
expression,LOC102154967_3,186,38,0,0.0
expression,LOC102155115_3,186,38,0,0.0
expression,LOC106557645_3,186,38,0,0.0
expression,LOC106559643_3,186,38,0,0.0
expression,LOC106559852_3,186,38,0,0.0
expression,LOC111090138_3,186,38,0,0.0
expression,LOC111090233_3,186,38,0,0.0
expression,LOC111091191_3,186,38,0,0.0
expression,LOC111092325_3,186,38,0,0.0
expression,LOC111092749_3,186,38,0,0.0
expression,LOC111092956_3,186,38,0,0.0
expression,LOC111093279_3,186,38,0,0.0
expression,LOC111093454_3,186,38,0,0.0
expression,LOC111094048_3,186,38,0,0.0
expression,LOC111095544_3,186,38,0,0.0
expression,LOC111097183_3,186,38,0,0.0
expression,LOC111097376_3,186,38,0,0.0
expression,LOC111098506_3,186,38,0,0.0
expression,LOC111098803_3,186,38,0,0.0
expression,LOC119863968_2,186,38,0,0.0
expression,LOC119864266_3,186,38,0,0.0
expression,LOC119864622_3,186,38,0,0.0
expression,LOC119864753_3,186,38,0,0.0
expression,LOC119864756_3,186,38,0,0.0
expression,LOC119866690_3,186,38,0,0.0
expression,LOC119867177_3,186,38,0,0.0
expression,LOC119867298_1,186,38,0,0.0
expression,LOC119869707_3,186,38,0,0.0
expression,LOC119869996_3,186,38,0,0.0
expression,LOC119870506_3,186,38,0,0.0
expression,LOC119870513_3,186,38,0,0.0
expression,LOC119870934_3,186,38,0,0.0
expression,LOC119871890_3,186,38,0,0.0
expression,LOC119873214_3,186,38,0,0.0
expression,LOC119874176_3,186,38,0,0.0
expression,LOC119875840_2,186,38,0,0.0
expression,LOC119876645,186,38,0,0.0
expression,LOC119877874,186,38,0,0.0
expression,LOC119879178,186,38,0,0.0
expression,LOC119879210,186,38,0,0.0
expression,LOC489979_3,186,38,0,0.0
expression,LOC611716_3,186,38,0,0.0
expression,NOX1_3,186,38,0,0.0
expression,NT5DC4_3,186,38,0,0.0
expression,RNF148_3,186,38,0,0.0
expression,RNF39_3,186,38,0,0.0
expression,TAFA1_3,186,38,0,0.0
expression,TERB2_3,186,38,0,0.0
expression,CFAP99_3,186,37,0,0.0
expression,CFTR_3,186,37,0,0.0
expression,CLDN2_3,186,37,0,0.0
expression,DRD3_3,186,37,0,0.0
expression,LOC111091921_3,186,37,0,0.0
expression,LOC111092161_3,186,37,0,0.0
expression,LOC111093863_3,186,37,0,0.0
expression,LOC111095118_3,186,37,0,0.0
expression,LOC111097102_3,186,37,0,0.0
expression,LOC119864206_3,186,37,0,0.0
expression,LOC119866873_3,186,37,0,0.0
expression,LOC119867423_3,186,37,0,0.0
expression,LOC119868035_3,186,37,0,0.0
expression,LOC119870703_3,186,37,0,0.0
expression,LOC119873007_3,186,37,0,0.0
expression,LOC119874790_3,186,37,0,0.0
expression,LOC119875918,186,37,0,0.0
expression,LOC119876296,186,37,0,0.0
expression,LOC119878201,186,37,0,0.0
expression,PLET1_3,186,37,0,0.0
expression,PTF1A_3,186,37,0,0.0
expression,STPG4_3,186,37,0,0.0
expression,ADTRP_3,186,36,0,0.0
expression,B3GAT2_3,186,36,0,0.0
expression,C1H19orf84_3,186,36,0,0.0
expression,CA6_3,186,36,0,0.0
expression,CCDC63_3,186,36,0,0.0
expression,CCL7_3,186,36,0,0.0
expression,HNF1B_3,186,36,0,0.0
expression,KRT80_3,186,36,0,0.0
expression,LOC100686262_3,186,36,0,0.0
expression,LOC102155839_3,186,36,0,0.0
expression,LOC111094299_3,186,36,0,0.0
expression,LOC111097146_3,186,36,0,0.0
expression,LOC111097736_3,186,36,0,0.0
expression,LOC119864149_3,186,36,0,0.0
expression,MISP_3,186,36,0,0.0
expression,NEK3_3,186,36,0,0.0
expression,PNPLA5_3,186,36,0,0.0
expression,RIPPLY1_3,186,36,0,0.0
expression,SLC5A5_3,186,36,0,0.0
expression,SOWAHB_3,186,36,0,0.0
expression,ANO7_3,186,35,0,0.0
expression,APOC3_3,186,35,0,0.0
expression,GJB4_3,186,35,0,0.0
expression,GRIK3_3,186,35,0,0.0
expression,LOC119864244_3,186,35,0,0.0
expression,ZNF648_3,186,35,0,0.0
expression,LOC119864157_3,186,34,0,0.0
expression,LOC119866433_3,186,34,0,0.0
expression,LRRN4_3,186,34,0,0.0
expression,TRPV6_3,186,34,0,0.0
clinical,__index__,186,186,186,1.0
clinical,Patient ID,186,186,186,1.0
clinical,patient_id_clean,186,186,186,1.0
clinical,sample_id_bracket,186,186,186,1.0
clinical,OS_time,186,163,20,0.10752688172043011
clinical,os_time,186,163,20,0.10752688172043011
clinical,DFS_time,186,136,19,0.10215053763440861
clinical,dfi_time,186,136,19,0.10215053763440861
clinical,weight,185,37,0,0.0
clinical,age,186,13,0,0.0
clinical,PH,186,2,0,0.0
clinical,DFS_status,186,2,0,0.0
clinical,OS_status,186,2,0,0.0
clinical,dfi_event,186,2,0,0.0
clinical,os_event,186,2,0,0.0
clinical,dfi_event_365d,161,2,0,0.0
clinical,dfi_event_540d,161,2,0,0.0
