,PC1,PC2,PC3,PC4,PC5,PC6,PC7,PC8,PC9,PC10,PC11,PC12
ABCC3,0.06697224468435915,-0.00922459063271116,0.006287127814380645,0.03031553607080333,0.002490186639896616,0.007599006075555924,0.039784378150547264,0.012899598452879676,-0.026587331832567007,0.017342442223315546,-0.021519064102488043,-0.0001946912502705997
ADAMTS1,-0.00637528521186298,0.06828063590451088,0.00836331696875898,0.06211649696352635,0.002555066030954286,0.00632388675327626,-0.05463528767619542,-0.016668678574520007,0.05737322901623642,0.03053477534755917,0.04557321507836655,-0.02771596383953964
ADAMTS4,0.010985033062434374,0.0558652914844047,-0.007618217842553012,0.051429472395089944,0.04903772892285687,-0.021086467217912908,-0.031126191601917923,-0.015073700153123336,0.06283280656825456,-0.02811583552877652,0.09900236619599223,-0.020957292584238167
ADCY7,0.053989218084504534,0.05446649602331649,-0.0061478429061678184,0.02737103496465962,-0.0028492875656416956,0.013226265747718352,-0.017579801028313385,0.000796022443496058,-0.07602722057039867,0.020747018099427143,0.05320071214041601,0.014552360340599974
ALOX5,0.057538886571212255,0.003136215931111608,0.009532962984003062,-0.0113086812622009,-0.038339801152905695,0.025843564506275257,0.03013025343226214,-0.007479311221740561,-0.007454122603222516,-0.013801529170250763,-0.006078769109389459,-0.005523686375369941
ANGPT2,-0.00032882815109989733,0.0031387042413897515,0.0058130529409461205,0.012366405741330404,-0.027500702013597902,-0.011995629727051201,-0.07595538549696114,-0.00247557765438872,0.08793082223163062,-0.000434527156572234,0.013044412502548777,-0.04608779286370428
ANKRD22,0.0678113420365234,-0.03258788950818178,-0.023410901063155527,0.016731168140236806,-0.009257531640539943,0.012995702985931792,0.04277289708904357,-0.00864231063991264,-0.03373203191182975,0.03231063441106789,0.06622605908840144,-0.005241110367604999
ANXA3,0.03473175368098906,-0.00818628718504999,0.007923647256036448,-0.005281722261706232,-0.01661883530517111,0.022050534488224298,-0.05778474749395612,-0.01932035929328535,-0.07731580684361282,0.05934718961434232,-0.04723559804658773,-0.036641690047830924
ARHGAP30,0.0813551317140859,-0.0033708409101003067,-0.024362984049247385,0.04438904290355144,-0.022065235908005097,0.004556327804990726,0.03212844599412428,0.03311369818875208,0.0061124696169230965,0.0026901692489628946,-0.014635207885826474,0.016985788183335675
ARHGDIB,0.0786375910948621,-0.013407270613323561,0.0031906009484597717,-0.0035544315999292133,-0.007203744937301401,-0.015195941967666092,0.022673958237038733,-0.011880940590499513,0.04588606702232215,-0.0008666459667713653,-0.02636976466253785,-0.003635332938442615
ARL4D,-0.04148202549674234,-0.03962573399862985,0.0022284373208124723,0.045155288481649826,-0.015310761309906216,-0.013439877357722084,0.032507202399238586,0.056226740672364425,0.033008146434919165,0.010064358981067218,0.013628890195618137,0.010163705736534922
ARRB1,0.05649008654241184,-0.035016930024973705,0.03748057770645671,0.019796341310459153,0.016408510672554794,-0.046563776188785405,-0.011142328347431413,-0.019504029749833916,0.03768470122522655,-0.02194422437339119,-0.06675086749452443,0.026620944672036777
ATAD2,-0.03560381645282834,-0.036042538857143216,-0.019506222742146105,0.081648821558347,0.012307409464967514,0.04935204801290033,-0.06977502973808443,0.013406418643252935,0.002284573285818296,-0.0033509509811535283,0.015863134783194517,0.0204883736838853
ATF7IP2,0.02915014691905235,-0.03648656430639868,0.027655554980120466,0.003108764074625997,-0.0402321231208344,-0.00474727392419941,-0.03161414628293342,-0.03828598343909236,0.006829033598593303,0.006972996850505753,0.0032961611080484093,0.005620730887830237
ATP8A1,0.041170386207860496,-0.04062951483516993,0.013005236270521348,0.010077414981589755,-0.05527793274226756,-0.0010718888691069687,-0.058811279122920404,-0.00796644092688083,-0.08224755876145894,0.019576030749238905,-0.0497130664389626,0.04021162582666149
B2M,0.06553902772707453,-0.021174142971160333,-0.017803336408114736,0.00787145019263514,-0.01354276390848912,0.03248760614237959,-0.033327450716453,0.03746387125491429,-0.011213689550570883,-0.012743575608284255,0.0005935771168940774,-0.03518454672901791
BARX1,-0.037366276414048064,0.02472278693304302,-0.00010274180359525777,0.023904309449504318,-0.0343500690975204,-0.0001874543024638236,0.030912538270274556,-0.006954129618574296,-0.014067774669836098,0.087656321690685,0.08160194915382261,-0.056246805476258765
BATF2,0.0585457972228189,-0.024313004076737685,0.001353357620583761,0.012773509800565892,-0.0608230889220599,0.018521690541154393,-0.015102247756224657,-0.00032966111484693163,-0.0012740052368040884,0.0018250236966287619,0.03648934946141875,0.01980631315960355
BLNK,0.07009577232964508,-0.009267134527510788,-0.008430938212952604,0.031861679709534185,-0.04108706883003076,0.00394788801500951,0.023838029445676628,0.01712816093785718,-0.06258441555822375,-0.015274589387191628,0.021257222849223364,-0.022219848219321464
BTK,0.07741901238623508,-0.026637612685224594,-0.013169840605096388,0.032508598722650675,0.035160174129765,-0.04789790322724836,0.017255026889160786,0.021506688885288318,-0.03447948388552366,-0.00117845321431571,0.04643556418809353,-0.0072292121978267815
BUB1,-0.03951927893497123,-0.04036664112167473,-0.04798712400795865,0.09365137475369155,0.023710001218454346,0.013739053130910513,-0.0535460022835786,0.022854253855112156,-0.012142519638176752,-0.019456252538491058,0.0013513981043272762,-0.003972443246455085
C1S,0.04864483483925883,0.05400369412330466,0.04463168027889038,-0.00599144945240771,0.0058267598028729686,0.05170822202647969,0.011912181726659046,-0.011507294837666153,0.02391811931884872,-0.005600382550858971,-0.0033137385719956055,0.060555367565419384
C3AR1,0.07692677371760143,0.0063875584147925525,-0.020648915161423576,0.03634866627535281,-0.04081296449483019,0.02450915463995362,0.031802464299407925,0.04280946312351194,-0.035314046855694545,-0.04136505957229669,0.04025817473275446,-0.026242187076240348
CAPG,0.04549119779972061,-0.022509586574736597,-0.005088181173112063,-0.000377958468363158,0.1022437300523463,-0.0018210652857289073,0.01033686636185524,-0.0025073645091797424,-0.029181799543425747,0.040224098669493405,0.09718407867589501,-0.03735019158556808
CARD9,0.06374280612489777,-0.020409225681596494,0.005795431761120878,0.025265972324082953,-0.005428135331837272,-0.010767287668281729,0.06342918449367754,0.017571716467880538,0.008335291195181529,0.07256539111074217,-0.05823087209413422,-0.005090913364456193
CASP8,0.041515342087063575,-0.005254929903878557,0.0016085141074608112,0.02579436138307639,0.0006047945322269133,0.035196065260354785,-0.08194472299475132,0.04782818841714546,-0.044666595960085265,0.025221749827463245,0.026102130915753377,-0.02180046760286047
CBX7,0.05601320299494696,0.005396519404076856,0.025615233942465974,-0.012855502136767116,-0.03284144924422858,0.05163143917685934,-0.03760156102504591,-0.05113564219414467,-0.04831703603339457,0.0057042720156163,0.0330134803693594,0.04564246832881943
CCNA2,-0.03877307871220064,-0.01520915143834621,-0.049669609148925695,0.10041904015751231,0.023198222317699118,0.016933971589637976,-0.03475745486840039,0.023326237584370572,0.0040641395965265465,-0.021439315974098087,-0.005603063385805343,0.04423295079616569
CCNB3,-0.02679081152730415,-0.028592461796140035,-0.038353248963397375,0.06750918100882251,-0.0011184081559405638,0.021677830717656374,-0.017350110043448233,-0.04244194803415706,0.016837501999344424,-0.028804142219459455,0.02580789602810267,0.016867014008112868
CCR2,0.0677572388232431,0.006028675055419902,-0.009985098151838994,0.028974897407306445,-0.06344169283201659,0.019497903022478294,-0.0058161621240470866,0.003771011778480403,-0.02399736110875836,-0.01827826293453516,0.015428740932718479,-0.008389000290099159
CD244,0.06079293202984085,-0.02219544439935022,-0.019699122096638832,0.014636500640834223,-0.05472192739999551,-0.003995495154926022,-0.007697425652628277,0.013582744321034027,-0.026441967689597657,0.015259478607160728,0.03472382223229878,0.020818050498832917
CD74,0.07708127130945829,0.003640613876536956,-0.02177898161896424,0.025401925220557824,-0.06309896491450863,0.027208706104489166,0.03383243465768129,0.036460293645656575,0.010390575032190248,-0.012102905314957155,0.021910063505050842,-0.01500041996107002
CD80,0.06772928597061396,0.0013491511615200229,-0.03215880615841435,0.015562041976760924,-0.03594552308483427,0.02223448575032622,-0.01511142638288119,0.005608141701882247,-0.02685284801316974,0.040036347007288885,0.05141803764961968,-0.031182304779524675
CD86,0.06936822351483495,0.009797529867415344,-0.027882535055828068,0.03456119763589793,-0.0294778321335602,0.03654596187692573,0.03809578405806871,0.06300046884670496,-0.011223553459211843,0.00446572516196898,-0.00968131101924058,-0.0040162057536023334
CDC20,-0.04201336203792827,-0.021265381724131064,-0.04478750826556391,0.0863069041640314,0.030119976230833664,0.022743609403036092,0.02026062252322354,0.03920088404060812,0.03455524324385818,0.00040842889578022925,-0.001884363730988728,0.04149996684057959
CDC6,-0.03310299201290467,-0.03236874639998337,-0.05803481577854383,0.08489340041724673,0.026694493945388822,0.041169239334131386,-0.014813851498483143,-0.000809568021622388,0.0010848114903556465,-0.016224024643455036,0.028105687095369758,0.06149738833310437
CDCA2,-0.04323626496508404,-0.014083519461266562,-0.041174930727243556,0.09323891719946695,0.031160980816303134,0.018584065462022993,-0.02148197124841402,0.017686450131754766,0.0023528437600526704,-0.0239318687757819,-0.017078506616446533,0.07611508621405352
CDCA8,-0.04160819030338219,-0.021581747753725185,-0.043515214858953016,0.09883944715578476,0.01627718880596366,0.032221717563505614,0.010230556645356199,0.0022125796090685483,0.00019041332234561413,-0.0281237831785252,0.09988681469799623,0.06713911869363287
CEP72,-0.03605334373651414,-0.021210532727309155,-0.0281576240473685,0.06991778952083486,-0.005317321260401143,0.017455625583145496,0.003918956497735876,-0.022655563017524836,-0.009674599970992934,0.035519154268732325,0.0492358383179293,-0.010022740586217575
CHST2,0.0060580242574140965,-0.004863935867891917,-0.0033449488988824753,0.06090998959263341,-0.0341344847171889,-0.06848813220915188,-0.05171243489231575,-0.0806601839438117,0.05575943257519422,-0.019124386433369698,0.04766454920248877,-0.05684018526964076
CLEC12A,0.06950307174952017,0.005987095747640481,-0.012771359572807355,0.024382633800888318,-0.05478639038195732,0.02739543325269806,0.031079430536357054,0.021880022960153192,-0.007194197203499178,0.007071331619953642,-0.02244053083181855,0.02886291399283706
CLSPN,-0.03656084981475461,-0.022854944577726195,-0.026580954437500373,0.09941928561175148,0.014899312551823357,0.030104728894463202,-0.03717311458142908,0.013049152446288834,-0.009145251064347121,-0.04061491970167681,0.028930619089411636,0.010294803651077662
CLTCL1,-0.021669093560852972,0.021733157421691403,-0.015229872797205309,0.07119265348620032,-0.021352856347356383,-0.014280512996185218,0.04960919716061771,-0.0618278224321984,-0.05312667109554643,-0.024845523329317082,0.07929458340106946,0.014566269248078884
CSF1R,0.07029672699354751,-0.04705826003293967,0.025417910997542054,0.028143832399186244,0.04888568553477065,-0.04729379482118048,0.04472979135709286,0.002927023041077017,-0.010910480312394513,-0.01904408588872079,-0.0046961044003138094,0.0011044608538962435
CSF2RB,0.07274507455747037,-0.007042915234591515,0.0048537709704710285,0.025653246109374556,0.0133268031018948,-0.04076752335970248,-0.014584449240323361,0.01431653948114925,1.1177051272535119e-05,-0.014231183474002623,-0.017703686625553366,0.029481980539327234
CTSH,0.05529595933242591,-0.010972174582783841,0.004957685752220954,0.013575934299513207,-0.011447415981706805,0.07304742523397997,0.04956486809635863,0.02477274112573868,0.0032237969703074777,0.024919572044713907,0.008640991271673898,-0.0067881714775216455
CXCL14,0.03317233478699883,0.06111350169964838,0.05554845377455689,-0.00874313584182122,-0.007881545241378417,0.014154247951324517,0.005996652824795196,0.0341809430953907,0.011555563795131632,0.0333004127352991,0.022703367138600106,0.0017892756889624885
CYP4V2,0.06414620799983584,-0.006217349584918137,0.0181776818312062,0.00787661523515924,0.0007531590797993717,0.05385322501805778,-0.004803354241127551,0.023912112218536043,-0.019209444153712073,0.01196389022166658,-0.011810832752609171,0.002440627136964145
CYSLTR2,0.05102123791659875,-0.004861902596763611,-0.005696166599313407,0.014616805524006068,-0.05187110419925494,-0.00604312342768114,-0.0467947790569996,0.03341241690534585,-0.018797076526333084,-0.007351321970596508,0.059649720154738586,-0.027452704006762325
DAPP1,0.06878723353760896,-0.005160782441636506,-0.021676814224960587,0.029315085134226117,-0.042205971408841796,0.001299708438394078,-0.03520287890771168,0.006519474952903861,-0.0628033887136658,0.025194586755248116,0.03618292924088525,-0.0628651305072001
DENND1C,0.07562157351246901,-0.020784722188124154,-0.014965315347419917,0.02277826185401871,-0.02119611359283119,-0.020555541784425653,0.03269250714539484,-0.0055075055322504,-0.009467917865658423,0.02981022155408198,-0.042656143387622664,-0.02024946189224805
DEPDC1,-0.050153170904233935,-0.016209753773120568,-0.03699772407179519,0.09415460398521067,0.02721060589074848,0.026397264874209063,-0.0473038200390053,0.02422492354061638,-0.01379828613541825,-0.018933005062095654,-0.029843375578524012,-0.007050065475333208
DNAJB1,-0.02025688336809154,0.0012286579130019182,0.004872482915851995,0.026037723969476397,0.03397894997311642,0.07396114064338506,0.011200572019735218,-0.038987428491204665,0.05046072358476634,0.10927814671661915,0.02100930102352357,0.04928256550663732
DNASE1L3,0.047011272397722265,-0.012052109536892841,0.036660455689221966,-0.0004185260369854345,-0.04800588394257419,0.0020537807043745173,-0.008926366737465791,-0.018216315175757024,0.03756547018529439,-0.01536437970974163,0.015739718983802022,0.010434706980729918
DOCK2,0.08205415056385218,-0.010802866199252213,-0.019001669225375217,0.04355124011698237,-0.0363598037042589,0.018706893822606353,0.01961210464518158,0.011521946040200414,-0.021288265459224246,-0.02128635549086414,0.02737813612889544,0.02811882938782594
DOK2,0.06910538495312643,-0.006859602485865257,-0.039106637899552196,0.03006586228111092,-0.04194771615191963,-0.016004735938760437,0.023951226891443286,0.03057312902423141,0.02173296898798224,0.00960307404123591,-0.018801186486424253,-0.03791431726958473
DRD1,-0.0030886351775202335,0.014654244951467688,0.01603362431090888,0.021790456500768697,-0.030171625025672662,-0.005377378115236385,-0.053769208287098726,-0.04324002909879362,0.03767551777658436,-0.015061975603746168,0.07586262660038633,0.005486415213769493
DTX3L,0.04237123112504543,-0.02628598280118162,0.01719246331100661,0.021614176720989337,-0.006029591853035218,0.10906354133340122,-0.012664289835849961,0.019198516559326043,-0.02655800572545925,-0.022416913184091607,0.04017318484744773,0.010574471069187012
E2F1,-0.04681015567371981,-0.028905955071618628,-0.0483844544171489,0.061716780695294404,0.009797438988815473,-7.426373913129716e-05,-0.004628426339314304,0.005799995328643517,0.029650743467874486,0.017754991845559218,0.06684641101854111,0.04729280209775305
E2F7,-0.03655114211113788,0.01461761553772814,-0.03228625595655089,0.11228269908785032,0.03800954705342718,0.018239939690439095,-0.01752651946452456,0.005479034411690981,0.0011709165457881596,-0.02930154625090706,-0.013141669048932634,0.03835258053241717
E2F8,-0.03891160323970566,-0.030116140538156803,-0.028537621280730695,0.08987525522052946,0.009499084520837123,0.033240550239246526,-0.03118803337718683,0.007733235371206634,0.0017575932979452388,-0.028862418334357487,0.04445785067557901,0.06800750309407039
ECT2,-0.03344870535703769,-0.013068445847806556,-0.03749387720197429,0.0970159055026393,0.0401267282166059,0.03501460080136828,-0.02845939355522408,0.028419024251656086,0.013104877660195859,-0.02401783945915511,0.008767151255439875,0.07976271428662769
EGR1,0.0234096545054891,-0.0022434908357298012,0.03267806241434478,0.017467581304529516,0.010325701974729835,0.004434660250944012,-0.06457402320624082,0.002336884227571951,0.04418693367266806,0.07298185088178714,0.013493378048015378,0.009134537565622458
EHD3,0.02874311506792491,-0.04066926063025009,0.05595481181602271,-0.0048855260793471324,0.023489821028060236,0.015773172486835452,-0.06949286449997505,0.0009266073122677893,-0.02893060790565853,-0.028019495955805426,0.026987677117705146,0.00034499772115793295
ELOVL4,-0.04406336981153637,-0.010645857496913146,0.01965391426557142,0.05449506089720769,0.003328728938620831,-0.015844859085370647,0.025483284232193253,0.016491771563583772,-0.0057219996442266635,-0.0085928903270313,0.0007676272958128307,-0.015200764739147901
ENPP5,0.04310762370360336,-0.04058547974978984,0.030594454179334787,-0.0027145767403099694,-0.0016222144739498545,0.011444813600587139,-0.0520736292990019,-0.02150596008209827,-0.04677393542368432,0.016962157442582497,-0.03587138235347768,-0.04733600784137869
EPAS1,0.05252914416704307,-0.001216640067079397,0.06984537565755951,-0.01020710040274498,-0.003176607491463434,0.04396378026222631,-0.06859733026399474,-0.031268376791548355,0.03520086494284523,-0.014969676691114035,-0.038693632863722335,0.0013549700547926414
EPHA2,-0.029772626156618874,-0.04088209861486936,0.019359795652034845,0.041221054232962726,0.01485905938087475,0.001121782155609998,0.012253984577297723,0.057183579090147964,0.02903357077395597,0.019584270412184673,0.034991869096944635,-0.03564048048292574
EPHB3,-0.02061081193034402,0.07455859471277282,0.02152289569790353,0.044580110737085246,0.012647746005316216,0.017154651921168464,0.0623729639419916,0.01144738994461033,0.001436409137227701,-0.030348210336253203,0.08195969555311361,0.014157770054749618
ESPL1,-0.040921856329359296,-0.03890834179984229,-0.02834079671109211,0.08347688283112295,0.03409820889024772,0.05629534228720514,-0.018234622711890438,-0.01598906897045514,0.012864188104525316,0.023612088820733568,0.014983443110106444,0.04939383023166524
EVI2A,0.05223860984631075,0.01747418689625762,-0.01552476105664313,0.014771865015159006,0.022741284770343814,-0.05092420909776188,-0.04420293817341962,0.11189384757950602,-0.04010863786910735,-0.02778301950314201,-0.030642037692261256,-0.06314895246920893
EXO1,-0.03206302607587598,-0.04148761155756272,-0.019349348514971967,0.06758299786849051,0.03644164389601039,0.04469880029617517,-0.05524880893908712,0.024918374295554126,-0.005063887659200409,0.03120570637392739,-0.020814768082078383,0.007305620243573439
F5,0.05272383084146787,-0.0092809244443485,0.03619576550780403,-0.013408570140672068,0.03926960710633494,-0.03677995145080056,-0.03856696252050093,0.03216562402342786,-0.004923158113809145,0.003921561959790898,0.07996848164549973,0.05196690040386773
FAM107A,0.02385408210191992,0.0021197882437332745,0.057371750800171414,-0.01971328047898469,-0.03092328491939842,0.05332548903997164,0.0002964144107899958,-0.07850527793191715,0.010331089786965519,0.025794269888788128,-0.03729391907305403,0.036453248110099465
FANCA,-0.04361847039646736,-0.03265128125543658,-0.03548775975951804,0.06831102355895734,-0.00586662200000782,-0.013330670088439316,-0.0420144570673621,-0.021960360157203408,-0.031151650529683144,-0.008389653001928272,0.09173164549559988,0.01929533728904876
FANCD2,-0.03928892741336268,-0.017198590001953912,-0.03328227251859967,0.10339501812482231,0.013033090385763006,-0.008366731801341044,-0.044466554269136996,4.67702303457683e-05,-0.03211114786764588,-0.014453591230714803,0.011943124144363975,-0.033427114999988294
FANCM,-0.025592626197121646,-0.0010184443256655287,-0.04158299805261208,0.10439858528329685,0.013594108021368343,0.02670391349081122,-0.023750263609504385,0.002018732025223416,-0.011511900823574953,-0.04663376898502891,0.032703089161623095,0.030640383874901967
FCER1G,0.07640993674541315,-0.013849759247722646,-0.033789580473754396,0.023464525380940807,-0.007532000708048827,-0.01398053245994324,0.04943751622397532,0.0377816280890352,-0.000789488637961867,-0.022832635142419604,0.0034320037960562603,-0.008391721550705776
FGR,0.07253532734037484,-0.004589129417382203,-0.014151326393474079,0.029300379230390847,-0.042149042501523425,-0.0039849530160627825,0.004334978048098668,0.03762865588862224,0.01328429518492814,0.020969483844757324,-0.045530346764395775,0.00035397048691485663
FN1,0.033819724576195406,0.033358863005746406,0.059077827869598205,0.009666332222578726,0.06559683070457265,0.022152892631336307,-0.04418101019551847,0.03135174673780388,0.004552246687999459,-0.0018606682703398696,0.02904517892619578,-0.0010084058567297535
GAB2,0.059473114067022735,-0.012736754213748988,0.04012682663016686,0.00838035845716488,0.008335566259256657,0.008681138606890675,-0.06863312125385551,-0.027497346735413257,-0.020124684570756727,-0.01876452453819151,-0.0031486919160574924,0.03885742938237629
GABRA2,-0.019100081868862438,0.007553235325374419,-0.002723820484105953,0.0428235197501591,-0.055488662764908166,-0.03836719276804548,-0.002885419266173344,-0.03212609483455304,-0.033440557855160404,0.040237493904747304,0.028628544435499757,0.001423397618468763
GAS6,0.037584080321532105,0.04136779620727949,0.06126200991541328,-0.021968474966137092,-0.011978103995921446,0.04897907598675392,0.03551269079017322,-0.01680495215964511,0.02298313684978945,-0.015158021296591391,-0.031262785465571555,0.02810408643741414
GBP1,0.06253068036030378,-0.001371864675300287,-0.02108632508444367,0.019062015500282956,-0.016975366699681957,0.06829418731028195,-0.010971228822290478,-0.016666801226072187,-0.0063282036932748465,-0.020669762950033928,-0.03136109612432932,-0.0021324845192359767
GIMAP6,0.07759748193414878,-0.009132482401222285,-0.016490524887942514,0.028250824657228935,-0.0597791226192481,-0.00019245629548372226,0.021707619067120307,0.007655949255078998,0.0012932347636740813,-0.026103390514034538,0.0036755671278971315,0.014135075183597417
GLUL,0.049437181526842455,-0.017385075356000725,0.010522598125566688,0.00619029793199471,0.012988453395613782,0.029077726225843786,-0.0325789711332124,-0.020996372770353888,-0.019233233664399305,0.006886798003331226,0.027274101712165533,0.06286570234090005
GMFG,0.06345059486745307,-0.022957252921001915,-0.005273315243003927,-0.006829487233768455,-0.038678869946058486,-0.03675690140122961,-0.019692612648337292,0.01931310029791658,0.006393701678593652,-0.008618941518743897,0.06753071158954017,-0.0554767264718114
GPRC5C,-0.03446773963040116,-0.02517453087062814,0.06230908291726939,0.020403045887940396,-0.023903358778882142,-0.027248522814189862,0.049792957767577986,0.06277037021986678,0.06948222337622098,-0.013792263519885606,0.019703564480899285,0.010163553052183427
GPSM3,0.0738856541203568,-0.03454303864852008,-0.006899085894621782,0.024870516952130287,-0.020784213559229305,-0.003907314293364118,0.0249874924761636,-0.008173557621729506,0.025067444924977506,0.004189528496802882,0.023911309901966243,0.005715906702189001
GTSE1,-0.038079487015481625,-0.023247421025540775,-0.03695874956519064,0.10315001312441205,0.032092229841049785,0.035831220764473634,-0.0071340293668219305,0.005254290382498851,0.03375178328850023,-0.007712307914257732,-0.033597118920978934,0.03833695588006452
HCLS1,0.07980901504554114,-0.006990911934352254,-0.016436844808235207,0.024404171090164226,-0.009993648220238537,0.008034365717783435,0.01564380037086107,-0.012963933677195906,0.020284823067978762,-0.006345077119382533,-0.036268443328755,0.014298300012848996
HELLS,-0.03909448753354591,-0.026520298481265994,-0.028568089402038057,0.09324244038851891,0.02005308340046097,0.015272492564246131,-0.030780864531057203,0.0038866403304982436,0.001919689956123907,-0.012270572307234655,-0.0025195730023523533,0.06781215722955188
HHIP,-0.015278621697580017,0.01799522350646367,0.005149491644020867,0.05378078566576058,-0.021822101405553546,-0.05341722737183886,-0.01004912427828741,-0.05234728628854378,-0.025357653820007316,0.014608894311297024,0.017737368557687906,-0.022544264001182424
HNMT,0.057689919307409354,-0.005573816256827083,0.012381591661627995,0.007263440129443792,0.013536849890350254,0.02720921196115703,-0.015942426960030006,0.029828280802066235,0.009664791825544012,-0.01740116637112111,-0.04225305761008814,-0.009800983078436505
HSP90AA1,-0.03182604739702578,-0.009411112861346436,-0.019130375270767892,0.08396788017700098,0.006381116638687361,0.0190321912797651,-0.03601131204212567,-0.026295639298235456,-0.01720350905106771,0.05524046561489148,-0.035700226544137535,0.01450321416672365
HSPH1,-0.018217581988167794,-0.015583051628117996,-0.012034995539453927,0.07510971875564075,0.026813719709232787,-0.007043248550131513,-0.04178141515987089,-0.04693822083077966,0.030554977859705585,0.06486119458426245,-0.021436925824510913,-0.0033044321331089747
IFI30,0.05631021316958939,-0.05292085794017965,0.012320285517061855,0.011183798876151443,0.037043355345697394,-0.033369041902537366,0.04002162363113361,-0.0019424830029996275,-0.015802367178162587,0.025540089341069442,-0.07062105736129226,0.019499665349346863
IFI35,0.05257390935566739,-0.026870344495196624,0.004411444120140605,-0.0004512767319183792,-0.00024158509088949807,0.09713626715915845,0.043178520904915044,0.043971784480740225,0.04272518980047255,0.012240976413880209,-0.0034541683238623784,0.0189620027641996
IFITM5,-0.030541746976660906,-0.06235752660149267,0.04521833721307463,0.010065935036171644,-0.06617935073460487,-0.06451905650782372,0.03799289904304113,0.05991818592315066,0.02652322898295849,0.012276227885835858,0.02621541488032874,0.017655296414027875
IGFBP3,-0.005005076030693922,0.04657976104594824,0.008413794613834374,0.033159550410743484,0.018407132123083248,0.01319239074488273,-0.035683007552090584,-0.018869458277002007,0.1154022216715596,0.04841998236359608,0.014112425979068336,-0.08760913158678219
IL18,0.06243204512095282,-0.014864134513976682,-0.012894685102812433,0.027645507535579216,-0.05280775027280753,-0.014166287095470997,-0.02320707691240179,0.01757522237456926,-0.05008559051846692,-0.025501695061421636,0.014044852966664136,-0.0692976089049462
IL1RN,0.061319914844052636,-0.017584943755012163,-0.03296607710255197,0.031307595601799056,-0.017450456304356016,0.031050174673764898,-0.008649951858200328,-0.0058071096940844474,-0.011973205007804324,0.07121660149363387,0.08001881227904598,-0.018533599011246876
INPP5D,0.07127524406085296,-0.032725572994272825,0.002872149284488335,0.03731325691615587,-0.028561850495101244,-0.028542526381962537,0.004960797706375243,0.012438066072720518,-0.021936681332276418,-0.013842257266309667,-0.008723264501633106,-0.013572596489131466
IRF5,0.07399003706803438,-0.030346720059608936,-0.008701631576572017,0.024685686203700426,-0.02314987113849799,0.013694939014212319,0.033304960069180316,0.007149203105249142,0.032296506470067626,0.01804364769013915,-0.05466896155157739,0.0019409736681829035
ITGBL1,0.030438077272906486,0.04662207661348097,0.040512325315287485,-0.01662587585988808,0.00016901353378145217,-0.0021121605686922366,-0.06150665360556465,0.03715082678759675,-0.07614952284636187,0.005625466906043788,0.05807032485553966,-0.0163413668625606
KCNQ1,0.062009127085290806,-0.008134864251275138,0.008286742435146315,0.03362640675376765,-0.04186625815359308,0.004364474399308085,0.005908746530877456,0.03312512605068656,0.038459956666054805,0.015713632648390447,-0.013919569190672908,-0.03874502811302265
KIAA0040,0.046430073430094275,-0.0540039884843128,0.054400268446561255,-0.0015966793130806583,0.0699544410737276,-0.05714721616392569,0.00453036515992057,-0.0256654438473239,-0.017548874813502143,0.014386429286756914,0.017428094322354093,0.060391666827296735
KIF15,-0.0429980906873024,-0.007311737127810303,-0.033978278537312584,0.10571029461494541,0.02611983209955408,0.016721437649446176,-0.042394475720281585,0.021450439726783694,-0.011241738834614082,-0.025302027366640122,-0.021566275636137524,0.008185236464195313
KIF22,-0.03918894046732232,-0.02468616008152407,-0.039135500501635424,0.08991311690690156,0.01604547252355389,0.03839056564813342,0.017479028246376566,0.004689826056834489,0.04988601816335197,0.009262669862897529,-0.01851135571700936,0.06462505341881075
KIF23,-0.041394798351612715,-0.014642296186059393,-0.048495387960627225,0.09434897663897153,0.031754610138613325,0.02946749105094476,-0.036940634313477515,0.018320940547624363,-0.013073574324558752,-0.029418095633132066,0.010731650870533875,0.012185663427873023
KIF4A,-0.03856068312426507,-0.025662177282993894,-0.04391966207752318,0.09599198182437706,0.04830701976755086,0.046688951198300424,-0.017988022316227127,-0.0026280480405684297,0.022199543778167703,-0.04878025569256125,0.022467153170707882,0.03432675803526558
LAMA3,0.015317801277576995,-0.00271183085651551,0.05241702185746934,-0.0062366136669069335,-0.003709958223872646,0.0667443837031648,-0.03390114535709766,-0.006973908908082151,-0.08684460989615378,0.04675863278090415,-0.040313192389180005,0.050699062336573106
LAPTM5,0.07595862266549648,-0.03734663273399533,0.0016809544698880973,0.03263090797130956,0.04732774534175423,-0.037912360730731925,0.04392488158764184,0.0035855257860907827,0.00523227417600784,0.009125931572308347,-0.020588773790378077,-0.008253024595386078
LCP1,0.07630395298667844,-0.04044139588624337,-0.008352278425814794,0.03349654281280616,0.03485484757277385,-0.045740135376202355,0.026658956768792076,0.028321046826677992,-0.0058188028520356,0.008376415901354847,-0.05481917385584819,0.016284700549064817
LGR4,-0.045551921524535105,-0.008709923416384604,0.03157771770836254,0.0422703502614292,-0.040637728843873906,-0.019037321356930807,-0.04773043366992283,0.00803824814272901,-0.0068450827740736304,-0.057073128842254545,-0.0481307422044662,-0.010316709679779594
LHX2,-0.04591007497822643,0.006555420272508803,0.013475283359551235,0.0571273279675299,0.007342629333623288,0.03196261479767169,0.043399130009291735,-0.011662757496624229,0.02545855318978589,0.006331003127790492,-0.014818513102788401,-0.019008128656923463
LIMS2,0.04123852036764867,0.046462701307772594,0.030479625161568023,-0.013864410260397302,-0.07169794839441673,-0.0016825991984424729,-0.004783856164272825,0.007855596331803966,0.03183902700434654,0.0283750414591582,0.030715371615162638,0.08067497930500978
LY96,0.07331665936287013,0.0130834240886335,-0.002333601362712519,0.009537241654781483,0.0198995057244856,-0.010590275161422098,0.01889895849959217,0.023458577893678202,-9.181509726028866e-05,-0.02216770033087374,0.0060023167421048625,-0.03707070730059848
MAP1LC3C,0.03044290296082054,0.02004307218283072,0.024369976697570486,-0.013890316452264155,0.009360980651967067,-0.032153323634358064,-0.05092607777010773,-0.01410875452639877,-0.08954858972340893,0.009912314795142074,0.06520865488876233,0.0290798405705553
MCAM,0.0005042702611708183,-0.0032302184684115803,0.021055897344755433,0.04252658955377798,-0.05671308964353654,-0.06991120480845138,-0.12113820062441297,0.014787103172907018,0.11857090006059168,-0.010909710021440281,-0.03482990292788006,-0.06159344394976042
MCM2,-0.049506311938180385,-0.017317384329123914,-0.01432539672450998,0.08596815631512658,0.02598588141934597,0.0603914760501646,-0.01208960238319246,-0.011174539903127206,0.003885330617900429,0.023991531639842283,0.0031177655956860536,0.06512931811478598
MCM5,-0.03419797348517233,-0.033080175681248464,-0.03476588616081967,0.07965569598797552,0.01427733390599847,0.04036647475733756,0.01762976533922486,-0.03378631794104453,-8.653317337385148e-05,-0.005513465810964467,0.08714064413115238,0.06443192266248418
MCTP1,0.0637775085937646,0.011224169720749532,-0.012971893295787105,0.0202681423075403,-0.04981622269745803,-0.026252704973558194,-0.045455057119653974,0.012999471606351096,0.009033369661333383,-0.003368287435424751,-0.024977012738646883,0.08643327634370976
MOSPD2,0.04252054295172238,-0.020830209157614528,0.033989921582676795,0.0149747687929066,0.0228382182984583,0.09640398499817153,-0.03642532227863944,0.007933879647601916,-0.018697403436707553,0.023595415316016197,-0.08088279232226397,0.00566676162484439
MS4A7,0.0690314899450425,0.010274692923841193,-0.02710919398292529,0.030471361834773253,-0.057900110887054046,0.002064795971940532,0.02033216477659777,0.04532994606809328,-0.03223043704566146,-0.03582188519634597,0.03240662095717634,-0.044795266785404436
MSI1,-0.037132728391928466,-0.024816135049042606,0.026517850705020208,0.029932015771872548,-0.055552107877719914,0.019207260577082882,0.011220270924411326,-0.03447758392842942,-0.040845612672773465,0.051200422678632715,-0.003924857218884291,-0.030088686139573183
MXRA5,0.025318449771621267,0.06914218552685558,0.039496843072804357,0.0182807891913842,0.05277287586720129,0.04015027701368042,0.00027395611817152866,0.0508156391434019,0.007579997673107842,-0.02373866100970574,-0.03215666280060598,-0.02910985134251573
MYBL2,-0.037274921900527135,-0.03172609942492275,-0.05060649011275752,0.0743395869690182,0.008125644347201524,-0.016236051660264973,0.002302794973963738,0.023231962256768157,0.008989956358866385,-0.0056228423164016,0.10881269790631046,-0.00856799557550851
MYO1G,0.07212012103053024,-0.01206432373898176,-0.022875038715118978,0.029044858153785907,-0.02861348488339062,0.014075667079799046,0.03561952560717564,-0.007656395235064473,-0.024093701605905987,0.0695340148918982,-0.0019728540857812775,-0.015303988514705484
NCF4,0.07624395294251966,-0.03979321306683697,-0.000996076274523278,0.02647891037859124,0.007049372462262167,-0.02864753868309431,0.061759399447367636,-0.005858546843670994,-0.016494696149556842,-0.004948137458656739,-0.0030702533866181526,-0.019319019735278817
NDUFB9,-0.025771377145500117,-0.04598410559462634,-0.02703641023893307,0.02120415364637504,-0.01717241189231413,-0.006581703829043658,0.00044958083725469764,-0.009732938949845442,-0.017507039136092764,0.0300981327116407,0.015810898226504746,-0.06656334222038705
NETO1,-0.030917771579165455,0.0043139115378658536,-0.014978047606976568,0.05562555304483321,-0.0350663651653733,-0.0770888979936531,-0.005636766634151934,-0.03677148165303604,-0.001128912063504288,-0.011158375196586981,-0.028456174712530057,-0.05947423438972167
NFAM1,0.06974835481428357,-0.02406780764768341,-0.011079012124858002,0.04055810261886936,-0.008743995624949744,-0.017843557920519025,0.028137786123393346,-0.012014451101673573,-0.03764974072793564,0.002906631715139873,0.033519738207948575,-0.03777971314513402
NR2F1,-0.013091473547479672,0.04185804962093829,0.0023556210610802095,0.05957913520995033,-0.0011246492548866406,-0.04114149493652292,-0.02031941080567707,-0.056239836113873454,0.037942715639606085,-0.018566858086433456,-0.036813110992656085,-0.03579837969448402
OAS1,0.04610771168612478,-0.024947850428861454,-0.006734836906018959,0.013507408321613262,-0.0070837392651151255,0.10304953174981886,0.034988802668003305,0.0576298563833793,0.0380302266162908,0.016853635272579028,0.013112392553940415,0.0003166599319103375
OAS2,0.05446249499878405,-0.015927218673623417,0.0004822774067161405,0.011341907126997185,-0.0029444383612133437,0.08666805957089035,0.001011482256497674,0.04430253760120718,0.04472741432780409,-0.0021560456037436047,0.019178880099319007,-0.008772674097466782
OSBPL3,0.04010777171190758,0.013233955815253379,0.023439265048407026,0.053101408029201595,0.012050715413787053,0.031878340049749834,-0.03676485214599516,-0.031869123430532,-0.010511939248260688,0.04498318661151983,-0.004422167927581204,0.04195361545348601
OSR2,-0.02815905719784869,0.03616871789740436,-0.005593927871990503,0.026951110308732176,-0.02990214989014905,0.0008089903674996894,-0.01222565719102358,-0.04914019531011256,0.012505765237713863,-0.016636575344207177,0.07711466491793326,0.047612694571745905
PAG1,0.04107843951755355,0.014774910939321213,-0.015301285950722457,0.054249151668189104,-0.02890725992181214,0.006307809654998052,-0.01432386803752402,-0.03025256069813543,-0.06197163814073028,0.004205515046675252,-0.010513143641352142,-0.03210478495627239
PAPPA,0.026257400022098018,0.005679951415036933,0.052263818701754006,-0.003075145175211781,0.026981311868249022,0.014698624937760932,-0.07462791840501734,0.013829822107064184,-0.024136091313355566,0.018574777535497102,0.02841718060921883,-0.0640093100032122
PARP12,0.06509125885661912,-0.025084805183191387,0.0007116762111983093,0.007189668403233922,0.005651025908547565,0.08028649368887993,0.01060279041024617,0.01724858569601124,0.015087882350974424,0.011747152463239784,-5.627650013435327e-05,0.029198746032270927
PARP14,0.051501069802454245,-0.018086454317682323,0.006668443207597529,0.03347511020323742,-0.027871541532152405,0.0913387644528743,-0.003760659756344313,0.04275590599008546,-0.007699841947201396,-0.01758407417572276,0.02039986606634797,0.002553106555832305
PARP15,0.0629639380061708,-0.03086284097837277,0.009767884927657455,-0.0017315420890209369,-0.02014766617700201,0.04213986856163068,-0.04596470878587499,0.011406945789955252,-0.02541891835222636,-0.009142092833483733,0.0014230961277589263,0.01094386873546283
PARP9,0.054063150509593594,-0.016634424783976056,0.01585902499842627,0.016533028831737896,-0.012136211411397025,0.10827758223435612,0.004722210057028567,0.018454540808324794,-0.003960968804951948,-0.02106798819301889,0.06430075057786734,0.04019067029048383
PARVG,0.07781688000069127,-0.009344690222006973,-0.015488487757189352,0.04395356474127804,-0.019472509292787665,0.006860201795674542,0.056634141658868646,0.013673738210624196,-0.00594706958151559,-0.000956082004183706,-0.054999779771419566,-0.003408880811768023
PIK3AP1,0.06652063939584872,-0.03584292137888365,0.007284728376604731,0.032423216262112226,0.002151500173873985,-0.007419770292414334,-0.0263025140862567,0.02978620058965393,-0.05946428344941769,0.0018285548891494047,-0.014547694308921083,-0.07567152344033741
PIK3CG,0.06318145820293969,-0.04193850512259999,0.023589307582645266,0.04027847584030596,0.04203701647795474,-0.043832851389204536,-0.02639902964166512,-0.014130207632350237,-0.0472062388881531,-0.010035952584586274,-0.02770689928921347,-0.06868132861873197
PLK4,-0.03566520938394732,-0.016519106413496975,-0.048184156539135714,0.10052508074803676,0.020927261698511394,0.03633980616811842,-0.054697329884471395,0.011601357019606845,-0.006517781206114239,-0.022631841334285172,-0.01566116745971967,0.047510953139729084
POLE,-0.049920914784494126,-0.019075456681995184,-0.021932220775015936,0.09876300508872167,0.0027019116421982967,0.028599209115129337,-0.010139800516467533,0.004491290923665767,0.005387336884093851,0.02822460764377444,-0.029092800977296183,0.02339827686455352
POLE2,-0.036765490931261635,-0.018059044791915335,-0.04634941413779029,0.08324589509191786,0.01721710977747619,-0.0038893255224233744,-0.013070564676167875,0.0009769823565819163,0.02822941494769892,-0.03800304627544803,0.050431516518722574,0.05608323069913642
POLQ,-0.04502953318918308,-0.01204713117603317,-0.036694159980927746,0.08481987705547826,-0.005259617047822888,0.017584330612573265,-0.04784334262325587,-0.004428332183987365,-0.024500407320612323,-0.021605890543035383,0.021971025881400444,0.04615493599979016
PRDM1,0.05624170289017801,-0.03689572688690069,0.01432276960527868,0.038222254331231185,0.04284331514248505,-0.06292543706609505,-0.0370439793346745,-0.03181212726506612,-0.038130964345510776,0.006293610551696421,-0.025038696398543107,-0.08436906656585988
PRKAR2B,0.04011539994012262,-0.0004541971209035909,0.014169894576858735,0.0012398911560127304,-0.05652786329736518,-0.004464882445413384,-0.05974303070442708,0.004420613746717888,-0.04432223819748389,0.013829451123916283,-0.034975385762958416,0.025520478959917128
PTAFR,0.07844112199532141,-0.017471369800270597,-0.021768834737029612,0.014873222569830216,-0.028792452504547258,0.008156716678182536,-0.0005980415865060288,-0.005086026480942694,-0.028302360786977104,-0.00959752820037494,0.017122219058904577,-0.02500000457262881
PTK2B,0.07205955705056447,-0.029473529333113917,-0.005150034756076829,0.02294222477527854,0.022658286484112486,-0.0322113230569004,0.022638748295229674,-0.015151861111587332,-0.00838963627105418,0.02397745416628655,0.05862288539313751,0.06128114671495033
PTPN6,0.08185618946838902,-0.02286959896619962,-0.028015119857677705,0.021039651766275196,-0.025882943777473723,-0.004915180238811236,0.03549155016574132,-0.0036317523534294335,-0.013129521982733263,-0.0007660930661010509,0.019750542633834283,0.02237614773536615
PTPRC,0.0771452099852563,-0.027899441259958833,-0.014355391248896069,0.03481908683221506,-4.313060846174556e-05,-0.0113744177740965,-0.00013754077465379978,-0.0008121049809840528,-0.03328934211053071,5.7281006036637074e-05,-0.009027925855998237,0.007911763572544174
PTPRJ,0.06356375286140661,-0.036352740842682044,0.00926024225041532,0.023143300780769142,0.030783564785628187,-0.008150877872342472,0.0044451412244069875,-0.03195205486626859,0.00022711713423109042,0.024326473844926685,-0.012377075677878036,0.06653652972331794
PTPRO,0.06422011555941706,-0.012502043335034588,0.00211342201105393,0.03135004908309697,-0.04057210730247218,-0.000707805151113726,0.002398636867051343,0.02373184830103338,-0.041389853100080226,-0.028001616967440662,-0.05286920578259456,-0.03322339268065503
PYCARD,0.07727736824930224,-0.01768619179917748,-0.019622128108606553,0.008148817956849694,-0.03116615350023144,0.010666925768982108,0.06832408310828555,-0.012650797344427266,-0.008122994607134884,0.017226895700102777,0.08272788530946552,0.018188178638714008
RAB30,0.0190007801192209,0.035382376707693924,0.040811896782917544,0.0013967445297038512,0.023283974297050047,0.07302835273329145,-0.04116753419227988,0.03236419906163432,-0.05974228933465618,-0.033884985691425555,0.027556529737218994,0.06023760866827546
RASSF5,0.05045278760486144,-0.014718586690099261,-0.005271027785767563,0.016805285112091575,-0.03445953181006083,0.025633654561589003,0.023901490749878705,0.0003062502052552773,-0.009564581321660114,0.020333426504552776,0.009721655443474107,0.05270712191033082
RCOR2,-0.057471644251091844,-0.03525899499561869,0.014043435109090553,0.03801978669289549,-0.043853887394738916,-0.03803548180716543,0.03551619492636894,0.10575498420561875,0.03772199416073377,0.00837957247407733,-0.016732996838228806,0.01931943574247605
RECQL4,-0.04160219534494076,-0.018442605272022714,-0.04326934587566818,0.06353458814592892,-0.0034271980425440423,5.8670660633718986e-05,0.03485918604461982,0.012302351174638144,0.06778416168859962,0.04623714887150019,0.01551501119593637,0.015362536910636819
RELN,0.016666863017558535,0.024384917611025656,0.02954954561056703,0.012836700216225997,-0.023853770160810212,-0.06389562577149309,-0.08942816289845554,0.022033073743041906,-0.03381170455485907,0.0420095789115776,-0.015507524950475866,0.014217255822828383
RETSAT,0.03879916148694013,-0.020043271351470358,0.025024899291407696,-0.005993281018788618,0.06887750161083771,0.06694039933205288,0.006638896611479888,0.006925721676998311,-0.024367831422767494,0.024588400916010465,-0.02008416656238231,0.07722807681166602
RGS18,0.07429724128136661,-0.006014070144749989,-0.007303273887759478,0.01250467434409691,-0.066171680449671,0.0010138583747664352,0.0028012040059314305,0.028033055204307322,-0.018846181857814937,-0.01931917772964263,0.055283957154714854,0.002421577233749135
RNASEL,0.048346749926068,-0.01634045390086929,0.045613338633709644,0.01602365877923692,0.022423095985999973,0.08937151291648343,-0.022789667608407706,-0.016796647216076373,0.01660461671128438,0.0052702879390320555,-0.038395667008413806,0.02876570073197933
RRM2,-0.02532382766171852,-0.01946026181734093,-0.04640817235570667,0.09065975101661033,0.053938605293715775,0.008197755483670407,-0.030955142616685617,0.047254283576803224,0.021411306147904836,-0.014912667504145004,-0.012516860834731976,0.07940503179996151
RYR2,-0.02820923858840942,0.0027434357839936667,0.008614650130951966,0.028497696293259444,-0.06855448035777792,-0.04465110479109964,-0.0003572890817663179,-0.06695601160691211,-0.00900443631872868,-0.020927833220140146,0.029423664968124,-0.00849036107731687
SAMD9L,0.057710265872573864,-0.0014455640964891603,0.008464336431401086,0.02517449545088592,-0.009871860445917698,0.09351553851445131,-0.032211320282739216,0.03122868568686902,-0.03791517086745663,-0.018168206355270142,-0.022829492816171727,-0.06651865505105442
SAMSN1,0.07173898159573852,-0.004377175836553721,-0.042101975800601286,0.03533912007643355,-0.052921175108808276,0.032641169007547335,0.013948772128870534,0.02087223367628766,-0.035482454908052685,0.0054474312318099445,0.06708086622234868,-0.024510596642424606
SCML2,-0.045482192754362424,0.0014428916958632051,0.0017026350480676858,0.06192371083534244,-0.02991429729590459,0.024742965989277697,0.03597217853417621,-0.0747869132291053,-0.008520462159469491,0.008493007539756955,0.029831343841017967,0.053689916891262866
SCTR,0.038646346252426196,0.00686063172425794,0.03202419549679121,0.005844007240594314,-0.03472547926322738,-0.027504856000250523,-0.021399812156308297,0.033760207295874214,-0.05132602613310302,0.041972751758360745,0.05228807824979384,-0.026840738810064227
SERPINB8,0.03976695029939438,-0.042585373324857546,0.011391921655027636,-0.0004697893681461958,0.06992776953387807,-0.021918444231932458,-0.0023948860732577832,-0.008346197987802353,-0.026414411246741813,0.002926305526860582,-0.0009018323641710014,0.07876473279658378
SERPINB9,0.04944078495733351,-0.01995492559977269,0.00216361739315283,0.0005741984999323713,-0.062089706276071265,0.056632657526035066,-0.037227915621472235,-0.03662945268729666,-0.04032908384195005,-0.0072733109192794155,0.05240997866480587,0.007612549105164673
SERPING1,0.05651291192552575,-0.003211031103605086,0.05950234765464349,-0.014567498115188319,-0.011291400441133435,0.03823437722743387,-0.012669412290509812,0.0014030880211618711,-6.50483350572717e-06,0.02240401054456106,-0.0011172907940140853,0.04176136341355024
SFRP4,0.04617994153349827,0.04036290637690012,0.05058102467742898,-0.009094696903711496,0.049775864684041854,0.006840228668081605,0.021257132353486727,-0.009103528035419407,-0.00013592004856877735,-0.01516361887312618,0.04652405939086755,0.04073588302944973
SH3D19,0.010772443196259002,0.04184158763159639,0.044556001354678104,-0.013654068061996146,0.022597967298002942,0.013726661954078276,-0.0910314870273581,0.03460843156043973,-0.07428393362632749,-0.04655994697353483,-0.0451199277762899,-0.0017724831067612926
SH3TC1,0.07487085215339334,-0.009580945050585168,0.010736380420103117,0.026148068708719815,-0.016332517302640896,-0.019033091115052074,0.0031526031269991832,-0.018443607853197038,0.06281978052813067,-0.004574397809219562,-0.034271306596106485,0.0174466536251029
SIM2,-0.03526236635905707,0.03431291822603197,-0.011444264215794036,0.053375458442556915,-0.020294114465248324,0.01824764768670742,0.05242938693764048,-0.057076427506413056,-0.02755609069654407,0.039820795794060226,-0.009417731490901873,-0.045575767745124465
SLC13A5,-0.03649618813532017,-0.00955322331902013,0.01990525330731671,0.04330711245727879,-0.06128830439540298,-0.08039820045305571,0.040719198169673704,0.05792025158152382,-0.005610596715773208,-0.021144070131669516,0.0251081435303477,0.010149550362579923
SLC43A2,0.07609764682157491,-0.004200299152635727,-0.016333519325318468,0.035007238500223664,0.014407580987683861,-0.021275370683710333,0.024102123301182977,-0.0022730336763286674,0.018463605825618245,0.022664472067926267,-0.07358359367786346,0.024528949544580885
SLC6A6,0.0517629870783763,-0.008836789977728004,0.023202590469143785,0.015620036170530628,0.0610729353774208,0.02506025593399904,-0.04739936348431036,-0.016430490600310106,-0.010263712023086263,0.030893221581440845,-0.040399223824319486,0.016429814263464092
SLC8A1,0.03807317053078123,-0.0033307575220960783,0.015412445181288134,0.005559446582017639,-0.02615414106818361,0.017014556002120592,-0.058552798759845336,-0.0005791292018117273,-0.052402273166395806,0.004205717645778845,0.015187679984604747,-0.02162951043678428
SLCO2B1,0.07727953799217092,-0.00021102790710305795,-0.007397773682634703,0.054099052038157715,-0.05007917300209408,0.01817922422887812,0.033145280999684064,0.025948565979219566,-0.004754224285540492,-0.037168558361550676,-0.03139882236580209,-0.0079904306454145
SLCO3A1,0.04609695623152875,0.0014744555488826116,0.05231188208919005,0.0009876133159773212,0.02198693377817694,0.019272115843179345,-0.05961771851878442,-0.047677786549861205,0.023920626267506368,-0.00793153707036568,0.049476530556366395,0.020490865779098526
SMO,-0.048682866888261685,-0.0006623091761554063,0.040590111899438536,0.05540998473780181,-0.027760892527530043,0.019706079663453523,0.047114822437253845,-0.0298787068022545,-0.03267603029458112,-0.023968097155103122,0.07021668639854146,0.007318641517983657
SP100,0.04963608750918317,-0.009757007873375209,0.014777094991548284,0.010198542336437636,-0.015565149553070336,0.10996921900952139,-0.028000351958710142,0.0356652202320956,-6.608136001938231e-05,0.01754506178986811,-0.04163248276944765,-0.0401331960451849
SPAG5,-0.04759080771265085,-0.019410204567006647,-0.051904756810118406,0.08615971085429709,0.027605592579966032,0.030962372145100402,-0.011076399195774439,0.014907048939243111,-0.013708612477237214,-0.006260488177141097,0.0072012852748389155,0.03258835620097894
SRM,-0.034604760205108984,0.011284036430016057,-0.04085775828871309,0.03868648947383255,-0.0021426210022004464,-0.03180096419556435,0.0333550166083591,0.0738346591578326,0.07411966222940852,0.0038219204261401764,-0.023505486374971934,0.03887078923909697
ST6GALNAC3,-0.018679330437129438,-0.02029975971588816,0.01696372663349416,0.07219126313280973,-0.030072237067781563,-0.03441579973718469,0.012123353970951899,-0.057349176101021596,0.006555816931612359,-0.03479507644353344,0.015033309467499319,-0.04506368813004709
ST8SIA5,-0.03190090647614132,-0.006066069801057073,0.013388735256521051,0.03504432457294195,0.0206474658815641,-0.03798565442225896,0.031754660241840274,-0.027744692630931746,-0.0011670608751008977,-0.0025603956647732226,0.009040231095133525,-0.001704652934862251
STC1,-0.0042866989739890025,0.009982946237397023,-0.013239614621056129,0.04258923719311997,0.020316778274153485,-0.029638192896245932,-0.05629751029938978,-0.02342276585240117,0.09405178168152037,0.05639477279078013,-0.01242708552738234,-0.0862471455099167
SUSD1,0.034313703243883865,-0.05865514030144127,0.03485192721206251,0.008323804158480448,-0.007986616241968636,0.002672366953720852,-0.04017410115610798,0.017490516243025223,-0.009735037462404304,-0.013751710214752341,-0.07651477330254253,0.03395204844231792
SYK,0.05423671887662829,-0.03136790928654222,0.018828495449591236,0.02708710856826467,0.01968714919638451,-0.02210840292703479,0.024970153384044586,0.02392985542054151,-0.04207484777477901,0.038548015781571535,-0.0029837022534866904,0.028981224231670523
SYTL1,0.03695527852691521,-0.009076819445925931,-0.003052941614341673,0.013188740331163256,0.003214594497958082,-0.027939484709537485,0.03908174847981538,-0.06849847919103952,-0.07351141518963486,0.10019301419495368,0.010404189815242632,0.02649273172099453
TAGAP,0.07354067954567178,-0.0052081938090365165,-0.01732451537531663,0.02875914066761414,-0.024236167666997,0.023615794213858107,0.02414227910612453,0.0004711037745670759,-0.01844720070081509,0.026513734513303286,-0.011135592409140029,0.015898473501734615
TAPBPL,0.05776902036923666,-0.02570208917997094,0.020094978852523114,0.006549721681147861,-0.005421894778640321,0.046641855904303274,0.01472251156868343,-0.001729589934450125,0.023978876903321504,-0.025650809445302136,-0.00033772733864204617,0.020092656269806275
TBC1D9,0.04059646646416696,-0.04336739205595391,0.03383321553623609,0.040834375804918874,0.03483605977074699,-0.042890809930205775,-0.04590102408427753,0.013255511076005075,-0.09136860572868438,0.009622790136350938,-0.046894688945516405,-0.06062570027126578
TK1,-0.032226745107303244,-0.03693667607304729,-0.05234603876541703,0.05956579026805342,0.03385753605812544,0.021875371109909288,0.019111543360690392,0.027386142976002083,0.061259470507076044,0.020086210164278022,0.047147325382485214,0.03482883594300254
TLR1,0.06250058025147853,-0.0016458138668719235,-0.01422169265565026,0.04660706147053716,-0.03613002827431464,0.003427894715684606,-0.02640193228742028,0.046111902804152366,-0.04660693168077082,-0.028921215187433853,-0.03262117649446797,-0.07938563928241568
TLR3,0.048889984727987966,-0.022797907302906057,0.03298621095234753,0.006884866127820527,-0.015065557961496645,0.09353570625520548,-0.019957769788816856,0.03966843409574298,-0.014157176497584217,-0.009896396710235792,-0.02158871785134885,0.035966493272409444
TLR7,0.0756788399847078,-0.006546501643634398,0.007978523718307566,0.03612810511508075,-0.031235366132439442,0.03838963523447145,0.03071776988949563,0.028551906394051554,-0.02983262402871969,-0.02727831574296905,-0.020801561209402193,-0.0348690126100429
TLR8,0.07455555032666418,0.0001876767066698124,-0.035204656029931024,0.0390878027789248,-0.036592362898869024,-0.001359076866634341,0.026658057652691598,0.030939998085830096,-0.01985793602612277,-0.010839973657262664,0.020248531319130562,-0.008162499031977303
TMEM123,0.023747183029394922,-0.029489825924364384,0.031514588003308155,0.01837622414204696,-0.005072299121883086,0.06724724022133247,-0.06924735544962411,-0.017366378711307976,-0.0386993335669685,-0.00901817507577948,-0.014385528617163343,0.045140168718602075
TMEM86A,0.07196303555045264,-0.034652475238670814,0.004306827065787579,0.02470120852002044,0.008470276747983767,-0.009229838358885063,0.04479017627663505,0.022983385151839064,-0.003691117950804002,-0.02285144411878371,-0.015029693052550731,0.02176788868265966
TNFAIP8,0.05042399701580421,0.005303439588872408,-0.03249707703958252,0.050524359432574786,-0.018743235502955268,-0.007526781529615748,-0.007630632194880901,-0.008764523260399608,-0.024021887032690408,0.013657674248674003,-0.045114887604678106,0.049499057690010284
TNFAIP8L2,0.07253625818687683,-0.017842231800764607,-0.028012859638250735,0.014713590925331583,-0.05151278521602441,0.007922663014595663,0.05047721339963919,0.030320322417556944,-0.002045847207650036,-0.00942618916921769,-0.03919150828752305,0.006098707772970086
TNFSF8,0.06934927992815702,0.006729884328984075,-0.015030943857243045,0.024908790806497237,-0.05596290076899865,0.034357453542522086,0.0259877810402471,0.009210598936003709,-0.03425455344152428,-0.004402006924904618,0.0564130557052282,-0.026563932185871587
TOP2A,-0.04484044408337814,-0.015580854864457382,-0.027430777628681232,0.1111359562671821,0.029895152742804583,0.046080442549507925,-0.028070324805148636,-0.004537410249932529,-0.013946818759639334,-0.026266661042634278,-0.04448421347839698,0.03972797852153714
TRIB3,-0.018213380371301394,-0.014633479572930118,-0.022662618658950077,0.03588041888386935,0.018689304038814615,0.04720300437689876,0.029105478020245358,-0.013241734447063454,0.08060555208815112,0.02307474747054001,0.06378576006881592,-0.031098672687492154
TRIM14,0.04159733409578347,-0.014446075819551839,-0.02484144895442133,0.034950993167030056,-0.000544736165024521,0.09120287396639418,-0.007636570016107088,0.009421437281558311,-0.04374519997992597,0.03677000808767261,0.020803381619495437,-0.004688146071526577
TRIM22,0.06758647525684024,-0.009391525431384799,-0.009893913218480311,0.027503981163342052,-0.04889061019680834,0.06635432152220032,0.024778029614046432,0.05051772426012626,0.013581231604690956,-0.015636706128186167,0.00016164235812647643,-0.002611691566155861
TRIP13,-0.039564792801505114,-0.018018229148135927,-0.03825092362497002,0.07640986404100766,0.03902800766296611,0.021414723618964935,-0.016570443727817328,0.017047154973528145,0.04317444342180275,-0.013789158382991612,-0.0527051753755024,0.006959402960966726
TSPAN33,-0.00456911807070498,-0.044149012409447394,0.003825968802851759,0.053054961726222004,-0.06402564460054555,-0.008931134924043833,0.0605571527150979,-0.0028050547942982153,0.05592574594271413,-0.022548727687979976,0.01023918891827828,0.02113049829180691
TYMS,-0.043703839834882775,-0.03378304511609275,-0.014832807690204619,0.07766370625454219,0.008188819905280495,0.03266425088451535,-0.03883144188439797,0.0023424391704711667,0.007546962449153129,0.0060503544795208475,0.03087215951680913,0.03943278795652204
UBE2S,-0.04179196578538493,-0.021465030454189248,-0.052831150962175506,0.05876410795317572,0.00419435985373324,-0.0013862646114389293,0.01490669145397994,0.009779346248384418,0.04382750048575065,0.060993866499482866,0.08271238237442047,0.05840745098171429
UBE2T,-0.04697898824758638,-0.042942565616049616,-0.04756988669363287,0.06311168798748143,0.013089415552632,0.025895718191820717,-0.029082516708838504,0.002458590160021983,0.02482584504282523,0.038112596218679975,-0.0018632008195223326,0.009370093609725308
UHRF1,-0.036407849565964115,-0.006818836988083016,-0.02177933835900018,0.10460156708891474,0.04172680138711127,0.03696606293771818,-0.011376960325734046,-0.0037540404719248544,0.01691690409002464,-0.0025305342409093438,-0.02859028366980705,0.03003257958102004
VAV1,0.08221607087429685,-0.01524365930576798,-0.021373579702676157,0.038116479677971535,-0.02214215869152785,-0.009260213154910778,0.04380079501878158,0.006135089352695668,-0.0156260811391329,-0.0039849978902075905,0.017005434654172327,-0.00062620585044601
ZMAT1,0.042359172487186486,-0.034270438291073575,0.024979664927748946,0.012692129084415475,-0.018002607672617316,-0.004035656117044485,-0.04305200363989457,-0.060096409238191165,-0.0718007289648743,0.001572243582430583,-0.01629246370989884,-0.056366206677203934
A4GALT,0.040187227176749704,0.04830412031266203,0.021645818760623714,-0.00621521835301093,-0.04200198392859225,-0.00936413059792615,-0.026745880416294655,0.015194307225027796,0.03293005753972615,0.03686402258241241,0.04942868964016718,0.04690271662604082
AADAT,-0.027506317367075338,-0.029816483542573206,0.003119462103451486,0.020086388501527747,-0.009761035840795892,0.012290058934524267,-0.02797998772532837,0.04131826850281815,-0.00814308706639133,-0.006504935307326293,-0.02451720439954677,0.012195279596548198
ABCA3,0.03735565648649561,-0.03588159505562483,0.0027567792574359332,0.03414564629202513,-0.07673919969904608,-0.03222509136581906,-0.014813849632384909,0.012877791853855007,-0.02639368740639901,0.05712797633638718,-0.020060529802158805,0.045274465796758576
ABI3BP,0.023165421975516527,0.07763024989256252,0.03177387897760853,0.02957502958968987,-0.0393524385217896,-0.02799361513627903,-0.01910286580137987,0.004998643350939223,0.00024928970668849915,0.004073079718206175,-0.0016909208135308523,0.0557306534709071
ABLIM2,-0.00016070815222844715,-0.04974542802738152,0.050269405273861686,-0.014074396657239903,-0.010564694511278814,-0.02175601330566338,0.0017245604224624947,-0.04598097837019999,0.008240283766218612,0.026290946359175397,0.001010878979673219,0.05598645952527697
ACOT7,-0.019487789210560123,-0.01556408731313774,-0.049082786023819075,0.06012272855307363,0.01569657294480052,-0.009534448992949335,0.0038572053594873104,0.030068506159768357,0.015880842507471266,0.08081272617759742,0.045018902540474665,0.005328697796186766
ACTA2,0.033016593281443705,0.047435307993010115,0.02308249978803193,0.009967998303183536,0.018124175319214675,0.02582915896504778,-0.02193541124025456,-0.025640067646639345,0.04449343841282371,-0.026866671659299526,-0.039094136017304215,0.0070154055100961794
ADAM12,0.010249481898254163,0.015086654065571397,0.013006566063567803,0.04312248164713509,0.05187918556582314,-0.03809548669620905,-0.043167198217280836,0.013271143347070963,-0.02321314213371003,-0.10746608844868366,0.00871254011921997,0.018595514290895822
ADAM22,-0.036852640647790744,-0.006748788998965225,0.020567986048890267,0.05079605119402842,-0.06296225328952655,-0.01742189194077251,-0.031147689215839117,0.028622892819787412,-0.04288208577544514,0.0011461904373933165,0.036979614951216336,0.042537984928935756
ADAMTS2,0.013981203941043987,0.025882132770942357,0.06778833293491011,-0.011895386144061687,-0.006038895005370653,-0.014888365848249216,-0.022591435687780846,0.08002962046883472,-0.007514987141538522,-0.06751061679507271,0.03415331077516081,0.0200316397926136
ADAMTSL2,-0.003581918011377243,-0.019628447640277373,0.08968199450604858,0.0012139166840991573,-0.014761752072655388,-0.014041973848084054,-0.019903740332409027,0.034595904753769606,0.023173335611194376,0.03692745256606286,-0.013415903656245851,-0.0038933027484434283
AEBP1,0.02551018508997096,0.06630405834808609,0.060414452544943334,0.005038495523023573,0.059259840056986104,0.020171735453567027,0.03216459951307024,0.0318777505824008,-0.01767425245795167,0.015598375531202645,-0.02133532168927519,-0.001205855242871869
AGTR1,0.008851360659551576,0.0339213283402633,0.03486992697186613,0.01909187831508633,-0.001201175220006661,0.02882290602080946,-0.034072298686066524,-0.03110731387382847,-0.0025934587035099277,-0.06172310654997821,0.047597593054547076,0.02357005966450802
AHR,0.03029172467111572,0.05435360322961627,0.012990426027879943,0.03663439982013822,-0.021631669570728963,0.013047596968019234,-0.07396809034907526,-0.004553979468254619,-0.035096460553669856,0.03739188074233441,0.03595490568441364,-0.057219806353049005
AIF1,0.07798814578127919,-0.0030367325222648996,-0.03873474492342269,0.018092394251242646,-0.0557691647492711,0.0002299517213402041,0.0415282744002061,0.03041807625022326,0.007813031022972955,-0.013849119806410402,0.03107242790165352,-0.005872021259424315
ALCAM,0.03023677119960303,-0.006806043618375319,-0.009687809605433608,0.02694130193686942,-0.0036880509219304127,-0.009591206597587757,-0.056514661441853936,0.007802761549460972,-0.08832206989444345,0.04827756649511643,-0.03630311018233404,-0.07062514300314351
ALDH1A1,0.016874748930143343,-0.015814582800291774,-0.01565327934143541,0.05514787167858892,-0.018953771817287336,-0.03052719565475681,0.03023341309344691,-0.03682420404601662,0.04610541128647532,-0.04599230519290061,-0.0056269575638991445,0.016405436461182
ALDH1A3,-0.005253198048516491,-0.004396182124329983,0.03669612831172543,0.039952784508429755,-0.05325426621594756,-0.014190879226205762,0.023135440923667434,-0.02371005298751464,-0.005271018434940444,0.03529857778408375,-0.020929957865145565,0.00585967327565162
ALDOC,-0.015655286528268322,0.008440639984426393,-0.02884964075383006,-0.009572994694165676,0.03130130269408882,0.051535254590887904,0.007430620227860546,0.06943682203492003,-0.021633613352203273,0.05784116309010195,-0.04115282580900555,-0.0028484355297461565
AMOT,-0.0423619620775413,-0.003643247850612859,0.048231494237867066,0.05479690650193816,-0.008409306395511598,0.02916719031672251,0.028239169755594165,0.013496973603587736,-0.047340845064939144,-0.04306796871432906,0.028116697826073015,-0.002370208235184395
AMPH,-0.0030707059319488254,0.04755694060405782,0.006225637041677303,0.02969432533610686,0.011041820638317474,0.020404051871631548,0.012154816684171794,-0.06117593830942572,-0.033121275201484966,-0.003067109472942843,0.05523751726761174,0.017696315187465315
ANGPT1,-0.00952859168020631,-0.039507916097154885,0.026182249199319333,0.031800504456450024,-0.048223920055218715,-0.018795333727883386,-0.08024382388525331,0.015903417178114936,-0.03004024020268932,-0.070332647403693,-0.0011656289351456607,-0.0471389840886079
ANGPTL2,-0.009087970444815513,0.09263774185203637,0.006666562470502535,0.04438168377984533,0.02093911161288042,-0.010079391892782103,0.04741183038778456,0.04571201722330465,0.03197119425182067,-0.013085561522545773,-0.008885526468261937,0.0029948175406305736
ANGPTL4,-0.020061624479804155,-0.012214660951071805,0.0476468774153543,0.0023991748759473706,0.012624028999974295,0.042717233027119966,0.03930388131955963,-0.0035241945081785154,0.07022891470265819,0.048853367175609896,0.026587130749501697,-0.030591040791965566
ANKRD35,0.0060384170345335435,0.043958975975546676,0.0338351935715053,0.016691230592341545,0.0038885286846505485,-0.059213273032576244,0.0296767026155442,0.03932751339340628,0.018649808661558263,-0.00407291919928408,0.027930520407912256,0.08164817670787636
ANPEP,0.014275836656208511,-0.04571936550566297,0.0328361814551833,0.04914326833250849,0.07090704347227689,-0.04088090790754906,0.0713856467791817,0.0003700340884562974,0.04960849989026009,-0.04262757472690862,0.019632565965961496,-0.013565208647923922
AOAH,0.06607139551382811,-0.0198316630061528,-0.035079357554768154,0.020720439910462636,-0.04194654329272912,0.02285163930693713,0.029748541342543802,-0.000735973523407582,0.006393477040170072,-0.012409909557247911,0.07416387676902858,-0.016921773651376162
AOC2,-0.01758352371992635,-0.04050486722748277,0.08093446601443799,-0.007030417869227719,-0.022803120706561944,0.018437253178942282,-0.009682429442882147,0.06422673072179617,-0.001353073974295448,0.04097730788654255,0.024639432694367316,-0.0002465748610925323
APCDD1,-0.03553006532509457,-0.04302891862147565,0.0353796370750006,0.04838359831177281,-0.04677892210445155,-0.0685763503984707,0.01201826422623864,0.03826972523174005,0.018331933029203336,-0.01170967759651898,0.008892908996592145,-0.00521384728585789
APOC1,0.05963425309624988,-0.016473224162864862,-0.04325829460426589,0.03309284801889116,-0.031892021841575725,-0.014738468636251275,0.04419670258589529,0.04253521699247665,-0.007253804368640846,0.006449274552303742,0.0023527783979688417,0.003963264209703783
APOE,0.06043430756552154,-0.003730625865878342,0.004032266769228536,0.018466872572376797,-0.02256222055123787,-0.01322598371704301,0.05406224101801428,0.02569187773142156,0.03702822949495238,0.02459532444897001,-0.047091943374595574,-0.009208062437674906
AQP1,0.019217064979556286,0.014599043238254134,0.08831969404438869,-0.009239903997310311,-0.012606420451421253,0.05363807376695778,-0.006067445442120517,0.008138563850620529,0.0482162773345535,0.023964176489223186,0.003443524235460753,0.03578579129169854
ARHGEF19,-0.01465332831489411,0.03500027161960991,0.07207302637726336,-0.02459150816815166,0.03156345403568245,0.015191301909665575,0.055595238312893466,0.0767371109565551,0.01085260102455296,0.03383345065603803,-0.009390146484468124,0.013588324573068376
ARMCX2,0.009298550739111747,0.0389966576376644,0.021381993777679267,0.01933561172392823,-0.014308006526163203,0.005149917608709256,-0.006613280056614599,0.02930992381533475,-0.039189767467456484,-0.03519571958541492,-0.05454450634121977,-0.0036702744461958314
ASPN,-0.006757907714232904,0.08686986851060517,0.026703399235250447,0.028345061386599084,0.01981166371882906,-0.0235346181774413,0.05367820504898484,0.053094357356733374,-0.025437912273545048,-0.03640833251927581,-0.000779279535748514,-0.01741644823488006
ATP6V0D2,0.032760944108964456,-0.06268448169329746,0.04613224957338914,0.00789523476719863,0.1075605205449019,-0.07808041144703869,0.02197392679466974,-0.0112506031672822,-0.0001306975723768325,0.0027139604086210112,-0.0035366923341960347,0.015570077366600064
ATP6V1A,0.029409846662673607,-0.06198633853758374,0.03716660339196452,0.03850371325122124,0.09954036777399859,-0.050471945579740086,-0.023906670124020805,4.4116877998926895e-05,-0.0440035584934548,0.009523701530728953,-0.053275506200062904,0.029534626573638624
ATP6V1B2,0.03934685775284529,-0.06114078445726639,0.032500546353229715,0.03346188408969236,0.10837833694347737,-0.06083642399596531,0.01359583185596063,-0.007676944664058019,-0.001992748943381091,0.012211997489037445,-0.0668739867445226,0.03519722617052161
BAALC,0.013661881498887956,0.02207908849669869,0.02079887381684138,-0.004751494189815917,-0.009746112407493441,-0.01870433742608665,-0.03380470293908397,-0.0019029639011698234,0.027575202272738252,-0.041488517766443946,0.09439841639454702,-0.0029410172662264747
BACE2,0.010419583106822842,0.03896144788198214,0.0518560650300628,0.010644589213621457,0.023278487043312056,0.0008945010142818836,0.020331732775583207,-0.030019336789142485,0.029389750029986624,0.046333218204017396,-0.04417302259376039,-0.03529561447993598
BAIAP2L2,-0.035258207068380225,-0.02772223849113914,0.036085740928077384,0.007059965601405694,-0.04055566727141895,-0.017288787178271123,0.016068917408150883,0.039045842322160434,0.04025483635115477,0.061003313741290935,-0.02905914289072283,-0.014032481287362767
BAMBI,-0.035045585113289236,-0.0805081713383521,0.0576591457416504,0.0140380145673379,-0.027291333208419224,-0.03867913767561953,0.014098067737607821,0.04762774730945508,0.014833672386728065,0.002821764093213117,0.013538015538652477,-0.01926609237292311
BASP1,-0.004453964226489989,0.04727968797978686,-0.013996484348665229,0.047890855466034825,0.01392689228226719,-0.027388973978847684,0.0671856303118742,0.0255500315364352,-0.022976946491361,-0.0016048510313521453,-0.048571350654476694,-0.052010729136131854
BCAT1,-0.0007084921575033715,0.033448322173424604,-0.045494538532898185,0.061910774150711334,0.01091821003852548,-0.04956683994683583,-0.052536492083343524,0.06023998085987398,-0.02284434288581775,-0.008348447124811914,-0.03503586243969424,0.009305842812441994
BCL11A,-0.023125917852398738,0.009851157068376285,-0.010500347440863034,0.05693328763912185,-0.028945618427994424,-0.023309174698897775,0.05582140309855321,-0.05992625230357906,-0.023065289903824684,-0.006396780524659476,-0.028738800515790433,-0.05481836803257381
BCL6B,0.02672909096636882,-0.002882292551335101,0.0571892733916028,0.014086400056099981,-0.04023235393760987,-0.03526143373093449,-0.07285370645083447,-0.06452700601375215,0.09861134195487697,-0.05489953425793059,0.07385125337041591,-0.029200919246511466
BGLAP,-0.001340751411043086,-0.03323517415973583,0.07840712422154157,-0.025332354412191917,-0.010896816207749387,0.030868555610172235,0.04825056376231062,-0.004984929813941923,-0.01271655614436433,-0.012994597843218809,0.053120965850417576,0.06585007318055337
BIRC3,0.05641134654273045,-0.043412985957559526,-0.005579820787376192,0.011341745986304552,0.060213410738796186,-0.037324858900550616,-0.02331131882579251,-0.05316244029134176,-0.031936687784314174,0.03148357960596186,0.06379345849224796,0.03201092546842284
BMP2,-0.023284372124045178,-0.01628881122595898,0.042076865392755555,0.023818887900322445,-0.01953613694498678,-0.03826619445646176,-0.0072274780937162195,0.026806743541758993,0.026906445269705953,0.08425337365535458,-0.008252494875417953,-0.021012461380665415
BMP4,-0.023137834040058373,-0.06975329180592578,0.0388895028053177,0.013680709878087862,-0.02743551877802043,0.0422888799630245,0.013766340309260749,0.050610615052469374,0.035081166501469974,-0.0005268039128918916,0.002029884839074573,-0.02459562380881743
BMP5,-0.009930686734054908,0.012252403463556796,0.017113938844995416,0.031048130306940994,-0.058332731349728065,-0.04715327227784636,0.004688018035452811,-0.00500559316195791,-0.023038511398005012,0.016655392462202833,-0.002540531310784604,-0.01052940564713662
BMP6,-0.024689070361089683,-0.04701650719527503,0.0451078635437166,-0.013607536759572743,-0.044896072232209476,0.05006447696605751,0.015871630867514135,0.0026445439268108837,-0.023454216212379017,0.031013919975921622,-0.01215767169338387,-3.5889822024804882e-06
BMP7,-0.032319768419286195,-0.019439545196808187,0.014320124279844687,0.047188161527213716,-0.04403352927026483,-0.04534036435835834,0.007945818727907596,0.007586577203712974,-0.016897986128589126,0.06818466170979073,0.006588896448846901,-0.033718186520842616
BNC2,0.02293951488295482,0.07664213580927776,-0.004146275086074517,0.04309571195597144,0.048753634885263714,-0.019804658498011683,-0.03686031169117962,-0.011704904093414155,-0.04572192567984523,-0.04147721373308115,0.007902436821479054,0.017307182204359534
BNIP3,-0.02885329812536022,0.019537825945008216,-0.024977403197471843,0.0011741703362606764,0.03580157650369645,0.01257639106932367,-0.04357141720785322,0.07079953516953351,-0.029668941922294453,0.10231208596348135,-0.06794681484526222,-0.026390661819499357
C1QA,0.073637397003592,-0.005808543819308224,-0.022885672966881352,0.019967899051709787,-0.07519098817227064,0.025289283096585728,0.058707035563078706,0.013169836408724761,0.008405672126017925,-0.021447716474483278,0.03970478322321401,-0.011389133986473926
C1QB,0.06989527057844763,-0.0045698480921766045,-0.017456923193569788,0.01990164951422585,-0.06857496699579144,0.023516874506839102,0.05360280141823734,0.025925450950519985,0.010988829596452912,-0.021994479439192076,-0.0032335451025778325,-0.00836515630522709
C1QTNF1,0.0065981164215325235,-0.05299293805342326,0.09383052320913653,-0.035418046524403474,0.0022176957050402337,0.005331484112037119,-0.031844333408016366,0.08282879002961502,0.0406128920691302,-0.013923104795457678,0.007911671276792383,-0.021455800770002434
C1R,0.04404970435393057,0.03375435385157378,0.05762272547314121,-0.011978305621914796,0.024751517385515245,0.07852123086311633,0.019786505607199904,0.001462557367786518,0.04183884381115703,-0.0105529079615502,0.007975887954901286,0.039991263710781516
C2,0.0620175812465305,0.01186224810580809,-0.01986777938686361,0.03100008079214035,0.01997791082537517,-0.004315426116061102,0.04256163366604186,0.02333592038513475,0.01881600496151094,-0.04003797610173623,-0.008283353300879764,0.02983632235352022
C5AR1,0.0648264060699264,0.005697193226616564,-0.046948415953963436,0.040035960477064814,-0.02407990495700869,0.01781076868361408,0.006242611886212812,0.03146588968903577,0.03980411033080443,0.011761718776795917,0.000668399362715906,-0.02025978865864319
CA12,0.00873790848994982,0.07955421182418884,-0.02047663965977514,0.022081855184123853,0.0407025637825529,-0.04139931001812255,-0.0029622304356442144,0.04581853188780257,0.03009028666279788,0.032955101946791396,-0.02811548793893369,0.029581149663100704
CA3,-0.025697763779066296,-0.045115999091185265,0.024694805439496374,0.012013201926016017,-0.05564533613757621,-0.051801079633470776,-0.015074669201439649,0.058842407416187466,0.019060759150345413,-0.020927745802278606,0.028647190829836855,0.07054799619359388
CADPS2,0.02379346014870724,0.014364815709717142,0.04888695553640906,0.019969328393869085,-0.01991061145187031,-0.01358669136952796,-0.06804398563529752,0.025477075157007825,-0.020084262660954946,-0.036108578708412484,-0.04135224280221691,0.04813788857332196
CAV1,0.0406844849776028,0.06586070216066463,-0.019862650271799735,0.028587067821984412,0.028210662675040882,0.00919187355125411,-0.07957208668916904,-0.028384520028028177,0.057044255700419016,-0.038876783002313536,0.04078069970794507,0.01461163287653124
CAV2,0.04013844593507348,0.06944188715951885,-0.016166677473278348,0.018110860792882984,0.008434152546232187,-0.006905233109902695,-0.06319256113502957,-0.03583776975728122,0.02924980773484827,-0.01299470709637425,0.0672872830331965,0.0014755339927235277
CBS,-0.04128585877078832,-0.014748049345844911,0.01932547777099388,0.0578633465444233,-0.013627126789991272,0.035527533400054996,0.04119048825607324,0.006404604511742091,0.022095345363331357,0.030713571914940205,-0.023013214483098416,-0.03536186053379123
CCDC3,0.011203164988765413,-0.019985389501671322,0.06202665671256109,-0.018851377257332002,-0.049842669525339174,0.006138543469096344,-0.06618632099248237,0.039282417898083524,-0.024929655928862534,0.05078456398198809,0.04347094040614888,0.05470578129083115
CCDC68,-0.01855541192926355,0.008807819191746565,0.02432666373099531,0.018805913016937525,-0.01813063305918588,0.0011586021159181678,-0.002420081124498253,0.05853779877721494,0.0033374673295140257,-0.015879644462228035,0.0050663548044005795,0.01935876668869646
CCL21,0.02671448446928308,0.02403463168100738,0.01701093354250437,-0.016641383943583804,-0.025149186311072554,-0.03868903441407714,-0.04196552187291738,-0.03432602916063175,0.02570361161870173,-0.01742973617221598,0.020249299636714315,0.04219696009023179
CD248,0.007671946732638322,0.05800198644829036,0.03127333180504893,0.048435668742445884,0.008384759132463266,-0.05980761800068415,0.03614176949880213,0.02861035681383599,0.047243540642323695,-0.021707978798913716,0.008264400748249096,-0.0066391835421429094
CD72,0.0618840102802117,-0.004048539888524379,-0.041833475160112606,0.01687206902209087,-0.04467709541731803,-0.02363204883917198,0.034865659228139126,0.009734953561231134,0.00684312795876803,-0.02040655081460389,0.08396934731347355,0.028828372504975816
CD83,0.013506646766274381,-0.02651326404440445,0.01612087089051488,0.026135470273672596,-0.015278239570251581,0.0971592145205289,0.01792199975681752,0.020023930708449152,0.0028040529985578697,0.035644976720165034,-0.012636806123190195,0.00747702607530764
CD84,0.04846185192309635,-0.0630178667725353,0.0447972603997628,0.012104900133269838,0.0841764179276767,-0.0715395268231657,0.03219666165331536,-0.02399913016773052,-0.01668238063599209,-0.0160238759730906,0.01761281140347231,0.03350195228505059
CDA,0.05951997563076689,-0.01124133655741643,-0.024935682270623177,0.007029337742173036,0.02591819051828413,-0.0038097929022834326,0.012340330065795062,-0.00037041691758590476,0.040779429653206134,0.034115108488465565,-0.060560528352330036,0.031657830986917615
CDC42EP5,0.0049230878671521015,0.040380585313470774,0.046160565351836894,-0.022834459005751685,-0.012186744597553367,-0.019720973520633713,0.04301255203460318,0.03660788762829034,0.07161673773689407,0.06082361497435614,0.02430837630759776,-0.00947491327253237
CDH15,-0.009299168081595107,-0.0724626260914063,0.051330422801620604,0.011962407459485097,-0.014585729487590153,-0.020464937543954488,0.010342742507723799,0.05208697843906592,0.0735204057265288,-0.03113213128440881,0.04087203256287466,-0.024170586267551607
CDH23,-0.008902026979433425,0.030725280387287716,0.056367349881378204,0.0175911504165411,-0.003521355249098506,0.04293735205123804,0.010639654374183703,-0.01376371263717804,-0.0210705195237088,0.043559053961785006,0.015539826306658396,0.010012316531216465
CDK5R1,-0.020931284714980396,-0.014798106336078996,0.043786903031928164,0.03282267334385483,-0.008022593362714681,0.023691036345604072,0.01486484474450699,0.018957488893790404,-0.01925193715151267,-0.002205040152488619,0.017988854137488738,0.02282647858935268
CDO1,-0.017313452358740048,0.018631402225247173,0.026505819065905586,0.018585827963788007,-0.050116204482130944,-0.05613125410760442,-0.0012856828983220762,0.0017519376991635832,-0.018896984439299817,-0.006094752855737615,-0.020108630190022802,0.06708029236568239
CENPF,-0.04473049983667759,-0.024455861258797118,-0.02152168798575174,0.09429185976285744,0.030420521019947213,0.054432215161919845,-0.04385062005599888,0.0015960232878243809,-0.008754891855056695,-0.024353189060963516,-0.04779798562256186,0.02877633382435508
CFI,0.04897861896671728,0.007211031150104836,0.024480602537050828,0.010024391527004763,-0.008680669022579104,-0.05449574647163663,-0.013880739063854416,-0.05253594084602253,-0.006972859542275337,-0.008044576818791699,-0.006531285719016108,0.03603165453730505
CGNL1,0.013514736766828902,0.05569937216692999,0.04689335245281203,0.029362884634283756,-0.001959752702377031,0.004376372279221289,-0.03853595546397997,-0.03719919726913635,0.015770159270902306,-0.01790837771534099,-0.05524248287031759,0.012555361421313305
CHAD,-1.9694910611545158e-05,-0.01121926622868058,0.08368592570321279,-0.0160861637533831,-0.0428854901722115,-0.026477472398880084,0.012380358060354424,0.06142295809692586,0.003804922342505037,-0.010955547068417948,0.023868962196668463,0.017359407823611013
CHPF,-0.0010299709040766038,0.05119799495369503,0.028657906565582158,-0.01252045041422821,-0.0031228532728874454,0.02102263351845613,0.04202447433714224,0.03323962388481782,0.05794604396014604,0.055944922720880585,-0.010735756877822404,-0.040942404880566545
CLDN5,0.03971822918795892,0.014078495694112157,0.02870884545050965,-0.00805423416695943,-0.046046666336147145,-0.06018488536827643,-0.022812645232249035,-0.030903395025663957,0.13389018320608861,-0.023015476097821404,-0.018793784774018125,0.014583012177518635
CLIC3,0.014617926241940199,0.022595433035466163,0.03998014960120247,-0.0018827736480459254,0.04095761743041392,-0.03102732722320208,0.014875078027000072,0.06985489695384371,-0.027070207188870106,0.12176301080632929,-0.019149354378902663,0.01776677795589595
CLIC6,0.011750467985554925,-0.011410792801356245,0.0319908044735337,0.03179950092784534,0.02539935300887522,-0.048043922718840705,0.0010089432860264898,0.017224319086697103,0.024134918624773342,0.029545757214501908,-0.03307108694615754,0.036088160272000694
CNTNAP1,-0.016152099701175194,0.016852060763317522,0.04255599188873131,0.06800864152977118,-8.687650200433009e-05,0.046048739273043426,0.05108301135111192,-0.06014464141839408,0.00977442395847607,0.0249715536337968,-0.05152819842207129,-0.028041368334398048
COBLL1,0.003196146328977524,0.024296232656625776,0.02152899991152642,0.007713832803741354,-0.031909800271991404,0.03862912644812496,-0.10636134949784798,0.024954714120689957,0.04289562718297216,0.031267960952982524,-0.05064602376359056,0.04232438182245152
COL11A1,-0.013763898560338984,0.06635572679928153,0.03342328804712674,0.02785531561347465,-0.008384970455611974,-0.021178795475210004,0.05187482668812405,0.06103295602301056,-0.057868197654765745,0.03177509596468008,-0.04237982663692174,-0.04551412582443134
COL11A2,-0.04288369214985866,-0.014135565167911996,0.040332054458137104,0.009699821506640028,-0.06529602579623313,-0.053819952242414204,0.016446438754233877,0.05051350565950425,-0.023699576216386534,0.07383455289706993,0.0024418735645419876,-0.01166726729954582
COL12A1,0.0016082026647344315,0.06351047661039748,0.03738481667863894,0.024936018643491327,0.042544084185766814,-0.03253480081536719,0.030689175872892577,0.050173870241569114,-0.05074674404395811,-0.03252667170133173,0.087549783357737,0.005284732329687623
COL13A1,-0.03236620834582528,-0.05316638285662976,0.08380009496870242,0.008568104533305754,-0.029816565687019493,0.006102742527499875,0.013198918500246702,0.04053447110838469,0.02855437714899659,-0.006054445915258319,0.0006818417356493855,-0.019003942295174023
COL14A1,0.006273215672293568,0.08997149495296809,0.015784515472141717,0.0353600389069507,-0.021539986330817364,-0.0188062272741853,-0.012889476744994889,-0.04077092452034026,0.002894079015018803,-0.010260981515900873,0.08683805165963462,0.03574428468777449
COL15A1,0.039808427879272926,0.03748967646089333,0.02245621889292904,0.037957642118790894,0.03460077171304407,0.007022977031221722,-0.07248482571363403,0.0016532559738205235,0.07676046299913122,0.00646278432228937,0.04124982504135112,-0.03327623307281999
COL18A1,0.024893252468091345,0.03819713602124999,0.04176605460729731,0.026421125069802202,-0.02086660445813541,-0.04030437345051212,-0.03899937247508364,-0.026461798868375283,0.14455617158432796,0.05641447083583308,-0.013978290246459954,-0.05378425881233313
COL22A1,-0.01652393239831454,-0.06478844424344116,0.05999666433219203,0.011068592736263975,-0.03734837521779894,-0.07265099707360459,0.008983064126434612,0.06339675066239417,0.013915651436300578,-0.009749991159864118,-0.002483179288246624,0.005640478708747818
COL24A1,-0.04234235574972629,-0.03922637176272419,0.04668848084562485,0.032689092225987884,-0.026979634492242468,-0.02332371085620665,0.0013160132751721901,0.06410791310550158,-0.027494353013125323,-0.03234849041502204,0.03976962364540812,-0.026414925911384127
COL2A1,-0.039768298690084136,0.02389657239470523,0.028739630908533154,0.029999091416664847,-0.03889464836407059,-0.035033605144675926,0.03155021626716018,0.002694221970753311,-0.02237467463135589,0.09104590971993037,0.00909944939080162,0.00032469201765749495
COL3A1,-0.00306697623854293,0.09546894713256296,0.02758366878576336,0.0302267715514105,0.027516639658401343,-0.03476130195261339,0.0018716945849271607,0.02362247241471052,-0.0006179490500540768,-0.03946581017997654,0.03498793761578324,-0.02900170373616901
COL5A1,-0.00612560267999815,0.06169276856839335,0.059358316474816285,0.020251446705344157,0.056635868246779984,-0.013724603445029168,0.023308167370080724,0.06907883402080757,-0.010029338964152507,-0.03871565776839557,0.0399875784456983,-0.04146602228974797
COL5A3,0.016735605476394754,0.024483883652039327,0.053127677044353304,0.024088720915838815,0.010513498223636723,-0.01381408255266482,-0.04011497024892904,-0.0369131436134373,0.12286864555933905,-0.047015044192332656,0.06273069787443028,-0.039744416115711535
COL6A1,0.015893436407697734,0.07562462440443136,0.04886724562194168,0.009201899020069522,0.07033953145946725,0.05093672262441594,0.0007071076858782199,0.009688227138860724,0.05621787356125395,0.019502935875479792,0.002183265550148251,-0.04932148980346738
COL6A2,0.019481542645548265,0.07671200982745295,0.03196388406583103,0.0007139214404243599,0.05703478995958582,0.020085402326528497,0.0051260166976258535,-0.023756238475603906,0.04214048280382221,0.02553305824923284,0.08841329665971778,-0.03463077065788897
COL6A3,0.0036229895031756236,0.07591116680023059,0.03988370900285139,0.039159976090217694,0.059853020264583556,0.016098331705497557,-0.007899627634577779,0.024062253497539106,0.030045815850121654,-0.012240822587620596,0.008526901554725273,-0.05462469768490266
COL8A2,-0.015020533629318867,0.04872887641902752,0.046660743210653964,0.012031361314980714,0.02888632025276126,0.025963623323241876,0.12381680834754348,-0.041661018394366284,-0.04714029394985397,0.00040713399092445757,0.07426132286373469,-0.02503930658326227
COL9A2,-0.03272003973355999,0.024618078538716816,0.019776307684155264,0.035748389743292065,-0.0420907113744095,-0.060625659346242,0.06366803219673586,0.023587972544549012,0.0007526326376764577,0.03708791559877285,-0.039257930236462804,0.005026969562109706
COMP,0.004658638438423557,0.07737188052118649,0.03319233351389974,0.010282310518200534,-0.026792795969212198,-0.004344641553425614,0.02267353577673235,0.012257123363603692,0.031947892981154496,0.06200979978241794,-0.00853808469268606,0.05031163406054413
CPE,-0.04483497814167312,-0.0444818552311071,0.07498468441015413,0.011238265626444227,-0.043466450764707294,-0.015701069601606072,-0.008869551152261325,0.06722338387596735,-0.01293096792149378,-0.019494532115161153,-0.01579939322778675,-0.04856880461950516
CPNE8,-0.0029699205707893043,-0.006979354923545654,0.0308947619023637,0.008077548523994501,-0.01647836144633926,-0.008703949412866242,0.0071335927198652145,0.05068477422022408,-0.00959042318801267,0.019304213449243702,-0.03589583301899095,0.07904029048091385
CPXM2,0.012171333318429386,0.032037105748028545,0.05799900714716655,-0.007637665510192255,-0.06346064257295664,0.018798264507755992,0.017241501003858056,-0.03215682297677807,0.01137423491210887,0.0343722601061408,0.005707707483068432,0.04303862325918866
CRYAB,-0.0011029332641750524,-0.01890849080945935,0.046339679198412906,-0.012217509485759812,0.020253650199837204,-0.014734743089101299,-0.04480307204496389,0.027449317549094566,0.014854601700567108,0.12867626803117493,-0.014466296104356789,0.055814337034766015
CSF1,0.053661430193485224,-0.05102719939537436,0.03873074201784868,0.010496371572945671,0.04869935174059085,-0.001623204892726918,0.04173871572573901,-0.006395878070792221,0.001536798047622797,0.022894845602967083,0.008358540168321216,-0.032169041954660915
CSPG4,-0.018314294115708306,0.004397167692776419,0.07617583810996156,0.0077788202021440295,0.0253256837293345,0.018040421929712367,-0.01778149874103469,0.051155185115141937,-0.005430912903673292,0.03554830594516555,0.06418759622846781,-0.004385878762521056
CTHRC1,0.007275764982853138,0.021187034384003517,0.015440536438463128,0.023455253834532903,0.04571467443603621,-0.06946295240911092,-0.023734008110208066,0.0736529470742775,-0.025808937975204588,-0.030699788616833083,0.034796715673642925,-0.035364158759672366
CTSK,0.04382116707619872,-0.05084732487660267,0.04837684336034806,0.012150848736560834,0.10893708402546497,-0.058352256773841836,0.02363738066802002,-0.00031177481598272834,-0.007205893142761112,0.0021668236296586247,-0.03188963723224622,0.03097736825133767
CTSS,0.07648459492125106,0.0017495912568438713,-0.038049240970357466,0.04021077229604683,-0.040980241318238665,0.013422880293745167,0.028852545925863303,0.064123826980996,0.0014940028795128386,-0.019021515659021226,0.012646822378960042,-0.019568620724507456
CXCL12,0.04798047216552787,0.032639430291897066,0.03282720514484769,0.023755004774145314,-0.03215019202906161,-0.015621997107700998,0.006109265264715162,-0.0716839117655346,0.013859749817044307,-0.04085331314527976,-0.025851787887510073,0.058249038000674
CYBRD1,0.01536657259851228,0.030933986182709854,0.06575363886614033,-0.013512143835257904,0.018843185989708876,0.10019705781822894,-0.03642185273497494,0.025009740500117617,-0.020513453421507018,-0.01172530435247654,0.01314284511308008,0.03865842232020833
CYGB,0.01827620285292936,-0.034948883594328954,0.08310121614467894,0.009492570258227266,0.00807450803559365,-0.02626448776527697,-0.008096888349821134,-0.004125112882923356,0.06213483113551806,0.03494044103187169,-0.02183055838993336,-0.012048232406251974
CYP1B1,0.0303769295753859,-0.003076845739665441,0.08244007757519857,0.0020092326150895944,0.0242057453296067,0.02549929807405623,-0.061016546896601624,0.014033633021169027,-0.012601176840088638,-0.010905311977660627,-0.04425983487613362,0.008864262495037845
DAAM2,-0.024373287861182043,-0.003365533308073004,0.06028733265912929,0.02346711193797098,-0.018544144418055707,0.05608522942624123,0.0019260896734824562,-0.0111643902419915,-0.03327122989501122,-0.015780415011747553,0.09193779255565793,-0.06937131424316607
DACT1,0.004566158956584603,0.0775906762772862,0.016967203825949663,0.04751919631093513,-0.018553800374778735,-0.010490176106370205,-0.03248590803250921,-0.026697476267705134,-0.03673696936334875,-0.03664588160891713,0.004378736660603864,-0.0033059003189230916
DCN,0.017480629282998005,0.05847940837784856,0.04555718713283646,-0.014592636925425347,0.04157285875326409,0.040725374916140325,0.015550157801964639,0.08514652913985994,-0.022934213443927542,-0.047238109007615194,0.028153126614834996,0.05269166618921
DDIT4L,0.006206404633301916,0.05902123094946297,0.035549949032022694,0.007194977701831293,-0.02738272536431931,0.04680094522388368,0.00397621163625586,-0.02625157564379435,-0.021205584606554466,0.00459342310884631,-0.029796237504120707,0.0465169262801481
DHRS3,0.024553343344071565,0.008377316647552575,-0.014258217845599224,0.011450618313294175,-0.06577150035477373,-0.05367011243146847,0.013663381136558633,0.013146480061758321,-0.026067367968520758,0.039521599872867394,-0.0026003670037845006,0.051976465181547575
DKK1,-0.012741819110766245,-0.02754376843229464,0.039098408056088566,0.007608452750200532,-0.06508846296557314,-0.055380311721570784,-0.025230146715907165,0.0319032505459052,-0.021889366316386577,0.023359278614570725,-0.027138043036017773,0.011124662188053115
DKK3,0.0038967808985594637,0.07297938010904696,0.022736729726713274,0.013374865273033311,-0.00472066738196543,-0.003231446409333574,-0.011168320982333425,0.07883142627090878,-0.02071847738967142,0.015273174279121235,-0.013341335545983168,-0.02583859839880207
DLX1,-0.043491313694399104,-0.03911737908426152,-0.005026245297778644,0.040439618262593534,-0.029107584160441315,0.01955131694039747,-0.01820993142260357,0.014242457623870112,-0.027923024454277433,0.004222130116973156,0.028423062824457834,0.0016505170576157917
DLX3,-0.028155354476276175,-0.08586105117737058,0.0691135161695948,0.010518789051549595,-0.03788971358966447,0.0008850558724090125,-0.013487133431629265,0.04447416762264467,0.010545806123706697,0.009041833003613645,0.014821202278343437,-0.0008896180443598285
DLX5,-0.031499468387663966,-0.045678864469966655,0.058785112207570794,0.008535869522925,-0.011501374374136019,0.04047350326725498,0.027419055291077788,0.04175635199147508,0.008190213746069798,0.0028989735370387945,-0.033888954156233546,-0.0013576533410061022
DNAJA4,-0.010543373241622477,-0.028831462910877435,0.022736614106697306,0.045225601433303085,-0.0006112031947014514,-0.01658101395075897,0.0006216700222059779,-0.0006057160068377206,0.010255593224598104,0.07137770390404997,-0.04894298625902872,0.0697114546566981
DPP4,0.02549869647852419,-0.04892866183936132,0.042255036892543535,0.010359908932262718,0.09194123763272403,-0.07651445028853762,-0.0006273092060961293,-0.038500248624561674,-0.07001337225428018,-0.0026805032356964943,0.0356015492885126,-0.034927718353438005
DPT,0.014557534629363537,0.021681146684508545,0.0564658714468412,-0.020413007289421997,0.04495076133791594,0.02966834788851413,0.015257405467875412,0.08730853771208409,0.029149879545753717,-0.05427973191361175,0.047685996901937325,0.05229473632030424
DTNA,-0.009293739232416,0.00445657191446675,0.02098460498303925,0.006535174130597899,-0.07795849491291038,0.002304729331562275,-0.05578751450749084,0.00018695802463436668,-0.05347617325886994,0.012372396312703197,-0.04394167799739173,0.04526762569766473
DUSP1,0.034268493510911865,0.02741623599492482,-0.017411836227994068,-0.0018273097191823788,0.027812141834194656,0.02229845522647344,-0.06092209690763043,0.017546345247379646,0.06452199048929155,0.07753477327414518,-0.0011922622026230706,0.03283339352523505
DUSP10,0.04188693082198431,0.014070082835197322,-0.008130487197077891,0.0371185638936558,0.05561755351285042,0.014438489082296967,-0.02885787185983509,-0.024935354140527867,0.03859144467916391,0.07448377984684691,-0.01636030015388827,-0.012334810443590971
DUSP2,0.03303326483158255,-0.030220402469044783,-0.007163408856301577,0.0030773855208851538,0.039292642381859005,-0.021016475259671746,0.029291494654237707,-0.101375270856394,-0.047677458261510444,0.10036805440863761,0.05063697210121669,0.038825941562565504
EBF3,0.005718694696534313,-0.012508265027796202,0.06285944596231785,0.008442044771195853,-0.0572125638128912,0.002231556006612569,-0.02883189302617259,-0.03439615515745386,0.036002679388378436,-0.040287051002780086,-0.03207448299343142,0.03544330298197842
ECHDC2,0.0016429239929490538,0.005537387450043707,0.01033537024296684,-0.0019623081959042896,0.000943731694174433,-0.02165473679656965,0.012681139724890905,0.06061601399121946,0.011039586875137241,-0.01111389862227027,-0.03147894183614519,0.07486634334081005
ECM1,0.0354433205502627,0.02947505003109155,0.043612524806250656,2.331498650836889e-05,0.03707780301748064,0.025504506863154995,-0.021170159972938408,0.04632517651847683,0.04046775176172067,0.016006053262866474,-0.018590412743708068,0.09542944724935788
ECM2,0.0058305066516290294,0.0676874678333577,0.0452946209600477,0.019351464137693727,0.0368968852253039,0.03202760435635929,0.04564702284198144,0.027013044065168173,0.01670013724252805,-0.049275909480426386,0.02290525944085587,0.01090566328032569
EDIL3,-0.007354376227286515,0.0686707090778675,0.0060462280975001025,0.0338428358743772,0.034711861665467275,-0.02484731928283035,0.057081874195704214,0.041526498460441444,-0.06414997945522506,-0.03268141231386038,-0.012199180248665818,-0.049694073363071606
EEF1A2,0.005664207269227585,-0.01634224654705247,0.02850282169817535,0.001580616299896775,0.004670859020324414,-0.036362971638759733,-0.0012865439534470325,-0.036529285375326785,-0.058611224778596566,0.13203053550359606,-0.013921026314102886,0.033956901842411444
EFEMP1,0.011929400110239397,0.05494241714773739,0.013628258971306716,0.019655110667847454,-0.025701676076709316,-0.02740667879831829,-0.01021418048415733,0.03226214620694233,-0.018360253774071057,0.0421562767947093,-0.0429562699198901,0.07273833911393074
EGFR,0.002829148936847148,0.0740766690386778,0.01439612494816162,0.055312528277259236,0.03268601931402906,0.0003035838871134674,-0.00492090630494568,-0.04408919109133147,-0.009568079843235676,-0.02737841810102049,-0.055415506082462505,-0.014058104695117347
EMCN,0.031880908005435256,0.0025741649016611176,0.03744470330849535,-0.00037393482626223813,-0.06666237609386833,-0.021760607558919558,-0.07455917650083431,-0.060416211174761085,0.09482063051912305,-0.0398927029407704,0.0454187220250733,-0.02515184624806513
EMILIN1,-0.026389012192612825,-0.016121509972161607,0.04613199647096429,0.05703469090902939,0.043614885200036126,0.014932991469523673,0.07956733916790226,0.003953475911796157,0.042864759878515395,-0.013760813312128814,-0.011438343884400431,-0.06937245287948388
ENC1,-0.006012438346563356,0.00258520795439478,0.006327417278897473,0.05630810931446488,-0.0695052879870172,-0.016778483972958363,-0.03686776875643755,-0.017677454524758565,0.0048811284572655884,-0.036983819829657275,0.007447916564712458,-0.03789513826186694
ENO2,-0.006383426571288938,0.028185192250025245,-0.0036408044709917153,0.031147672863199857,0.015357856565228867,0.024555949171346615,0.005583208323873396,-0.00024090001249315457,-0.01663999122083561,0.09190438291741673,-0.04565115377313425,0.022422157477409457
ENPEP,-0.016319894496678197,0.013147275630462201,0.04669868313415033,0.05906694462875664,-0.0006263291524704192,0.009029702033828082,0.007369339744966896,-0.03799164157180939,-0.005990269601219121,-0.02811479763379526,-0.0025005940689275504,-0.07654826328785089
ENPP2,0.009124137813416904,-0.03823405075904179,0.07202076256602001,0.03412964463870057,0.020970877037114574,0.039649405138692057,0.022351771112657695,0.02319770653679723,0.04172567504613096,0.022376943769824544,0.022847179151015633,-0.031482425344127096
ENTPD3,0.002957961018587619,-0.05239183854810656,0.048582116287642585,0.017068775035465472,0.004795963946940586,-0.016023336233901373,-0.048747223130083533,0.048500760993852324,0.021227894226674707,-0.05484321637162829,0.07291299429751674,0.039991529580615026
EPDR1,0.023489164070734914,-0.02671312283619694,0.055554835909992335,-0.004519742765954346,0.0504962951384635,0.01700395727041116,0.018833250562841148,0.05813993790439975,-0.007350712324127517,-0.013934597177034401,-0.014714941817865167,-0.012128559362306203
EPHA3,-0.02541368369278732,-0.0008886921628977178,0.035297693604955424,0.031888680600467074,0.019591385661898664,0.03738210333587513,0.03644120721079791,-0.06199781102329227,-0.019715990079268168,-0.013855538216799876,0.055521226230347984,-0.0894304990435922
EPHB6,-0.0029963989629128458,-0.006698368017970727,0.06387240783124293,0.012201517710790139,-0.023305494753021204,0.05637623594059829,0.04902818942263692,-0.05763966075386086,0.0026475683885709275,0.03283283888260291,0.010361759885627556,-0.03028956280720958
EPHX2,-0.017067880418922727,-0.020134131429801857,0.050703374463735774,0.029599367938444636,-0.03915179712270961,0.025400528346693332,0.017814520038171165,-0.023425417122643292,0.005678212961500683,0.02966590921334005,-0.029411748191358212,0.03185047338764472
ERRFI1,0.009242796198166172,-0.0004885944173695189,-0.020249470652901592,0.012690294037184621,0.03621842788693813,-0.037929940196790295,-0.0785202299052897,0.06056424343874568,0.027226266312829223,0.04705659990132401,0.022842866373326776,0.015548790707784133
ESM1,-0.007699893759457178,-0.01829045841693262,-0.006926655710555283,0.01795324892936941,-0.010566618313260029,-0.02695766820603534,-0.08370102563664152,0.03530015812010467,-0.009061833298124192,0.05559821593402181,-0.014192414031406288,-0.11204293823752781
EYA1,-0.0063520206980861435,0.0032894698224369095,0.031513730752887076,0.05938315424889146,0.004994801725323872,-0.0059779476936391825,0.010024323175643796,-0.03683924017800309,-0.07903252073217079,-0.03729843418413881,-0.02074623642113104,-0.051575709147594545
EYA2,0.0051336950842991455,0.04619508504260654,0.03574598145886005,0.002568229395081822,0.021401760507521843,-0.03752501291258113,0.032198566072493086,-0.012751465725026407,-0.023129884846503055,-0.033585396223937164,-0.011272241436702937,0.04270536165545036
F11R,0.044854680354318596,0.00850144556199825,0.024445185745848756,0.01464625214523238,-0.03545571479438365,-0.057107786497475804,-0.09446573028195103,-0.04524788029291033,-0.009721869962090814,-0.0179639890192885,0.06791980096671088,-0.05584885005061356
F3,0.011975445471908167,0.0006401233353998115,-0.00877711867353164,0.010636336503378623,0.015261654950188226,-0.0047252783260733,-0.05973222002600058,0.06117676622538176,0.032242400299582766,0.02407647237004503,-0.03078619829170866,0.009690542053292466
FABP5,0.01341970325062999,0.015217608710535124,-0.05458961764270127,0.04337051665757964,-0.007378074335254904,-0.04851479661403577,-0.01765623196825339,0.03099912229242672,-0.044932824096536095,0.048779106056484,0.007081188984759443,-0.08355596623195603
FAH,-0.01764927538651612,-0.04922642642415742,-0.002848917864796929,0.015354746604281103,-0.027034646562306253,0.038395008322530254,-0.005875222088709612,0.036531211263717264,0.024263134473361855,-0.005587749411488917,0.0019097382463718806,0.020165375247836327
FBLN1,0.011675454584022325,0.03519118712080042,0.07110333307642516,0.014679176437237656,0.03163692424814547,0.056133955476139474,0.04226659241255866,-0.06568344974272088,0.013983692893226415,0.029375256835811124,-0.04908284330146314,0.016626929045170706
FBLN2,0.016056639907373375,0.05771263679396194,0.02819930214911949,0.01804745740379944,-0.03886873892046411,-0.028747500819543994,-0.04229871905128765,0.07053802332255307,0.0319615398045897,0.01811394998803225,-0.010864319755029822,0.04579588433374793
FBLN5,0.016282015726907708,0.049878921414602685,0.07267387426520255,0.0063359511258010886,0.004117567735777272,0.043928753362734586,-0.010248410335389115,-0.03001987856246097,0.002946514783752582,-0.0023418136710428696,0.009079014077263556,0.010399603454049729
FBN1,0.03786202641330026,0.06833052696637508,0.03951082634852417,0.02318848676650287,0.03446991636146855,0.023403202648430377,-0.049877091632651784,0.006766844412410466,0.0045014781015256175,-0.003365607204832725,0.018942126313004577,0.017546827951450336
FBN2,-0.013947519772197298,0.01582453346061741,0.012431008676885107,0.06147372618668363,-0.05160427971140339,-0.06963146072005082,-0.018224330699271256,0.001866492193586363,-0.042727082208413196,0.02810276558185944,-0.06136537866998497,-0.02516310027805313
FEZ1,-0.01634085792546395,0.018266863352392738,0.022929519837575272,0.02762693369232555,-0.055768013598316665,-0.04115115963989014,-8.149934112038369e-05,-0.026820968226965024,-0.00544458313002719,0.025355690990169696,0.03394090084004228,0.05685751611940986
FGFR1,-0.014138064181926462,-0.02694782783115936,0.08629466151136946,0.013899957101860424,0.03660417324999123,0.061297599870733445,0.023445984255803874,0.018126884744235315,-0.035852651326045794,0.015286522984019599,-0.0029446056064097014,-0.006409448008786529
FGFRL1,-0.015149058261141931,0.06705941140301537,0.013020831763300133,0.015924876385978847,-0.026682032339962285,-0.02327687507310964,0.031500113543452356,-0.009518649391221906,-0.010921188873422588,0.07306757240236729,-0.04169351086144474,0.029844669603703213
FHL1,0.006616860887382758,0.07184359517005347,0.012920466086102766,0.018418798593377958,-0.010793641245630715,0.007413824267943916,-0.015168185240766848,-0.021324531232274308,-0.01815104830331828,0.0014651231325695617,0.03118712250605759,0.06147639662299254
FJX1,0.0020097960134645245,-0.030859000667126428,0.048828251190630584,0.009803637316211474,0.008037072205198545,-0.038086492000985295,-0.0014603982510378848,-0.056045060889512305,0.052975644939602454,0.02254690612542056,0.03029948855732663,-0.02177287368809215
FLNC,-0.006586640394355536,0.06414675683352701,-0.006836338105894235,0.03567049956082742,0.012393465978331516,0.007526826632500781,-0.02433187375565282,-0.028335389184285183,-0.04781009402980606,-0.0072651350943157954,-0.011797231027755605,0.0016905816985433968
FLRT2,-0.02788909744756291,0.04749641995699458,0.030326834515203783,0.062458401781177876,0.011990971629410487,0.009517387959716071,0.04731550463018144,-0.01436719261721607,0.001547335017228122,-0.02254231857726318,-0.028273444072672172,0.008753930421923531
FLRT3,-0.019598932750783674,0.02414098371340704,0.02576223389621813,0.0733110815754475,0.026197049480415804,-0.016474638518302203,0.049782090408880895,-0.04052437948799493,0.03203588717691662,-0.010470645633944543,-0.031746019851844116,-0.04621330329637335
FMOD,0.012478317850577163,0.04476369187072602,0.07355650291963331,-0.02825995856941749,0.016148301054560686,0.03497159350888432,-0.0037274625796588972,0.03720702358954661,-0.02664134629819867,0.05332610546634005,0.04135995584814832,0.018790719202546033
FNDC1,0.004704895115241722,0.063285889306898,0.06501083287709229,0.00768419003235956,-0.0083985508453445,-0.013605895844323488,0.03279256171305271,0.06807767439884992,-0.04464342552463035,-0.02573564762137118,0.01987905808425907,0.01160727143689463
FNDC4,-0.013412465695382472,0.03244378389383369,0.009105646692522177,0.02884758562429153,-0.022112006294083192,-0.07560044353184683,0.025353694729081333,0.003167246886893341,-0.02881980044322557,-0.017258620157568755,0.054776469752298676,-0.006598916388941983
FOS,0.02068667663161898,0.0018554509273222674,-0.0042935132330243556,0.019749471410442497,0.03416601218873889,0.00901991384027952,-0.07676200404469782,0.024439322139412717,0.0668745134826286,0.0965847386660433,-0.008027052104976604,0.02223028025488303
FOSB,0.006201631767470052,0.011175996631960308,0.006588261533397495,0.005875500879781656,0.016649921479806984,0.011812735035224762,-0.07916827179014772,-0.0013992689967395771,0.07564479196561427,0.0732814617860123,0.05726682200209854,0.03287877456389021
FOSL1,0.016293287071102825,0.027154838090783038,-0.03831679796448108,0.02060148791688607,0.08874601210492716,0.04795315210767139,-0.026447416049528445,0.02998823186005798,0.05089759915073839,0.05559424910276464,0.01711778939644145,0.001909171915715619
FRAS1,-0.002788262232555126,0.025541158928627357,0.008252028275902998,0.04187353831147567,-0.03272128506267538,-0.011904673142607751,0.0015830401113878251,0.001624174642246538,-0.019340473590098748,-0.0055785909920348705,-0.039701224256501015,-0.0005390888965041921
FRZB,-0.016890604432799546,0.026385590405472115,0.02272384687021928,0.007237412463062342,-0.08399214861347605,-0.0056751738679068214,-0.03370882003552435,0.018395847676831056,-0.02391348978734505,0.03951728144053995,0.03287388477676036,0.007812987727124915
FSTL3,0.022896366282027618,0.0067717574664838305,0.005663553255232465,-0.00028495974596323074,0.0532972170168043,-0.020631282947380328,0.029881924191481585,-0.011365479403227841,-0.013832671181564855,0.13948745255073428,0.01784412310884916,0.0148219176181398
FZD1,-0.0017886607989147422,0.08544758108665096,0.013522612383868678,0.03538216942525752,0.024171451687515923,-0.01825904771924939,-0.02455383642869938,0.025786803196407443,-0.06720932871106339,-0.03207667164655113,-0.013313937094166142,-0.04962604734598873
FZD3,-0.026178339566437014,-0.0021081462269663767,7.864982378721387e-05,0.05105810438638379,-0.010675671162484033,-0.042543667024011474,0.009348394837536831,-0.013469124331441165,-0.013657971434945113,0.004816782165557143,-0.025167729449848512,0.05136422798421431
FZD7,-0.00027107355044563713,-0.026720087143323926,0.05289009113534408,0.02297701361005719,0.01715386068123466,0.04417707974669398,-0.059126852184740085,-0.0699555519777973,-0.032989272350450155,0.01582090012195753,0.08477562200042235,-0.03519818625225524
GABBR1,-0.01889256330713327,0.017523896539848555,0.05383576139294984,0.004694283567508402,-0.04177526514735906,0.007017396143904148,0.003928526829816694,-0.03015500885619788,-0.029284218534357476,0.056211806347272644,0.03804177251424757,0.0007439482395700473
GABRE,-0.0055534387005771926,0.037438974421272884,0.026554280624035972,0.03177667143775082,-0.05215948441356643,-0.049681264530246017,0.020059372190376897,-0.01261082274666579,0.029543291540568485,0.005572135388775913,0.06891127040318155,0.009432849973751867
GALNT14,-0.01968754722356742,-0.042714299520154514,0.03855910086654418,0.006529558725766164,-0.05575469205707655,-0.021848829160902444,-0.04347512206979138,-0.008005783940721215,-0.040912418032829356,0.012265457538024403,0.00032669821951190024,-0.022932750015273347
GALNT3,-0.02127713094724696,-0.05345665358434044,0.06253963378456145,-0.0035383830144688298,-0.02579547145616974,0.029496186095057393,-0.025013399774692253,0.04264460667247935,-0.04110052388505927,0.020167735554841148,0.010924823363741397,-0.029764993247720462
GAS1,0.02562913972794237,0.06010845372431041,0.0271346023830875,0.008920316745163363,0.034114386089396126,0.0012789262361124316,-0.029343425268318898,-0.036389108923378134,0.007260682998743016,0.0010843809562945984,0.004601023085010397,0.011685057203619686
GCNT1,0.009654808437489141,0.00888436236345179,-0.011213173877668974,0.03512919192204315,-0.008257997547855733,0.01055289395955325,0.011449091708309113,-0.0266788013617483,-0.03105855079193843,0.010835304211094809,-0.047792065322741335,0.010418826253461792
GHR,-0.006657620281707972,0.007496682094285102,0.08339567389111294,0.0036208466627527243,-0.03176757825638495,0.03919872550444606,-0.05043969252023002,0.033520092015965855,-0.056109332749963776,-0.033880384299073314,-0.02477500196089882,-0.04120002213132985
GIMAP4,0.07072751687719514,-0.00882434247527131,-0.03472805308782931,0.03315163716233592,-0.07325121021078018,0.02174278722301009,0.03926251025156956,0.03038734762099632,0.03323750172574507,-0.031004847543810967,0.013889358446914565,0.0009935686484621974
GIMAP7,0.06767065594793917,-0.0008016947809091728,-0.026981823685519195,0.032567799172061776,-0.08480613465480318,0.016028881044280574,0.021171468371226146,0.020586415886093192,0.014844048760903356,-0.01921936645896739,0.005266816001427421,0.00041389865704809584
GJA1,-0.010172411122085865,-0.0031046972985843786,0.04595798739200464,0.036289901584606495,0.05755078910658106,-0.024590951351585528,-0.026518330073674393,0.07302170839595562,-0.05922730595432309,-0.05177607942701167,-0.014899064726330092,-0.05359562380417522
GLDN,0.012195951302514163,-0.032623004609107976,0.08733657889959898,-0.0036290994715200255,0.015483214667062942,0.06769033613185152,0.0029675755604044356,0.00903941628882804,0.03367736674675561,0.00855415986342764,-0.018014461033762086,-0.00593049737611033
GM2A,0.011703913092123342,-0.049577950116668226,0.030474074096624996,0.0084727224058283,0.031211230690630636,-0.011972167227853625,0.01920794342386362,-0.007612579672143514,-0.007195201523488338,-0.06614012566478505,-0.014807548107492048,0.02715662040165378
GNPTAB,0.04208663707193315,-0.05530582706691105,0.0396697679359021,0.01775211392424793,0.08225994457318465,-0.04393308206683262,-0.008669769948836682,-0.031007487384228143,-0.06525707301675703,-0.01412925698179019,0.05274705549092922,0.07656097955467324
GPC1,-0.038673805635828284,0.01194162474699324,0.0448111013853425,0.01055320244563428,0.0007242299705850358,0.02389679308893569,0.07228406517663388,0.052556894276568976,0.03157893343573473,0.0560605134959637,0.015663008806599668,-0.04953729760048379
GPC2,-0.021360013747134497,-0.014457923430564096,0.0027557390744215064,0.07361354433804927,-0.01958427366714139,-0.0340753857195255,0.024211082499646985,-0.041968515087510476,-0.037250244960300244,0.014657949522304545,0.02681475281020247,-0.0249831706823295
GPM6B,-0.01718694033847206,-0.013853812852279416,0.03335636512012443,0.06612077128520717,-0.03268404186138289,0.01760700777249014,0.036473003763237984,-0.045300033741206586,0.01645154478639852,-0.02353032593704093,-0.033031238691461955,-0.04409211710338688
GPR137B,0.04379840025059115,-0.04690154964706236,0.05545784381188927,0.013353512565311487,0.09514516672469109,-0.06338177319807942,0.009057840853413358,-0.019687223481589834,-0.028085548535479746,0.0264250525140104,-0.0163541181199743,-0.009100944509620252
GPRASP2,-0.009804318486775326,0.0019996488513450545,0.037756061030660065,0.04004999456352599,-0.0514702728289758,0.003201890935717053,-0.005922274418357557,-0.021228492699125318,-0.05984991331717214,-0.02602699953743943,-0.013853258071267482,0.05529102694359007
GUCY1A2,0.013149035261778515,0.0391956028910036,0.014052185298346783,0.04546452719976252,-0.021469851231648688,-0.04207513290343992,-0.060873726376075785,0.0237493292396488,0.027328294836509642,-0.03172412356760658,-0.023986978107319302,0.021112753846216668
GZMB,0.05550658855004376,-0.0063493762856372355,-0.033422482287339184,0.02925805237108164,-0.02210749433336455,0.005129972247139975,0.026320217867025868,0.004534418411710917,0.039867963547769336,0.01395679290409991,-0.03635327679319347,0.04455363253161707
HAPLN1,-0.020617446385432493,0.0692525623884914,0.014820515714855188,0.030634732250404438,-0.01169007565499694,-0.00939504259176853,0.0680298826510802,0.050386140892598706,-0.030852679761387402,0.043819102802861845,0.005593770719884959,-0.02074961998215165
HAS2,-0.007743501266611575,0.06339390812562357,-0.015389333908338307,0.04791040655692651,0.009407481922422831,-0.024330004152034103,0.011283192501675563,0.006091636012398321,-0.03369833374709037,-0.009490522058680763,0.053641740024554393,-0.08026849449159154
HCK,0.0327652964463017,-0.05607583628446614,-0.0068170509380272555,0.03951385779773569,0.031113779801285033,0.02769250305785616,0.0709508996691821,-0.027374328331359478,0.07237258949476313,0.0009903881865780037,-0.007627561100992917,-0.04782580403996171
HERC5,0.03429537676910625,-0.04507173287648937,0.008295316986747741,0.02752025678413452,-0.0022618314199323642,0.0763854088077469,0.008687483980630926,0.006677804732482779,-0.0007531621125444372,0.022435275469256867,-0.050044642612229434,0.010104752115016257
HERC6,0.048238449628574626,-0.028462478691740782,-0.004861905641678021,0.0077348990407818865,-0.004021757422287114,0.09056841213727186,-0.011461105830286814,0.029984025571478917,0.01282881736390625,-0.002121410414486484,0.047883242547122395,0.005080753548667614
HES4,-0.012562865636708175,-0.03958378315083854,0.05017498437215877,0.026165573928964764,-0.03105706564412672,0.0035169160720826577,-0.028692070576526094,-0.03419900661630862,0.11849901560164942,0.037122706259481726,0.03322900444256175,-0.049841213147769695
HEY1,-0.022886763897199958,-0.06217574860749121,0.041449002214149495,0.023993636873210256,-0.028485444632341973,-0.01700400115950701,-0.03299403026930678,-0.013605435642181155,0.02888708921810797,-0.03963529734164775,-0.010180996246821117,-0.08634053797902239
HEY2,0.007217524521861988,-0.04842819396800947,0.08473149159128067,0.004360356191755028,0.00996071329708633,0.02226273314234078,-0.036734239288050446,0.006993045548201591,0.03343700453316295,0.013314413446403245,-0.030577601395743698,-0.05014397913943112
HEYL,0.013786538304955622,-0.015451524213037571,0.05775287222805689,0.03600677370051964,-0.027474987274180483,-0.04366593652452678,-0.05563386527483797,-0.02837150831445024,0.12407750277332409,-0.02274855428909138,0.017613048968345413,-0.05216392215897993
HK2,-0.022255824143387854,0.01956979651178457,-0.045030030402100935,0.0578652089418914,0.03513121183794195,-0.0012313229539059594,-0.020926975376142402,0.011536635661001866,-0.021793143247024287,0.0819051684781232,0.056841013530516564,-0.005796576027177467
HMOX1,0.05134824006745999,-0.0023577911341273517,-0.03729065236523302,0.04422235059286066,0.020891849009582922,-0.02295625723327237,0.008882615737629454,0.02359622324342143,0.04993697549410654,0.002386118449273434,-0.01274684562156906,0.005495027420196219
HOXA5,-0.024121124953154292,-0.02594113781884371,0.04145649912602921,0.02822550530885801,-0.009926458381821844,0.014866303242472637,0.01321981914785702,-0.024996331890680526,-0.029967665286969217,-0.005034988526916199,-0.037811014531018344,0.033256896790776536
HOXB8,-0.020634297897133325,-0.01790795540815144,0.0272163453542743,0.01457800801587781,-0.0353101912831143,0.0005596186317926993,-0.008837682438519774,-0.006823819717033108,0.000987889105749744,0.031298222204117446,-0.03075718175553662,-0.07841116243626073
HOXD13,-0.04027882445055741,-0.04352418017233877,0.028413960508974087,0.0430277142093137,-0.014286921418399157,0.0655191590177934,0.011802837330893327,0.007338375344116221,0.006316778349144036,0.007818493575597264,-0.028636141929571316,0.0007432906113507276
HRH1,0.003902132097710058,0.05866558814186593,0.016721187630698978,0.0532454988320858,-0.00360342045462731,0.01003069273045682,-0.006643161704480888,-0.058136111635592375,0.0350833320679885,-0.03822761406137345,0.07978726112045136,0.016489594306039402
HS3ST3A1,-0.013843587635198206,0.02560330344888463,0.013059702913680445,0.061440603505216664,-0.0011997177511285486,0.000261929097357649,0.051925411664249285,-0.04646493862148956,-0.021052744275893428,0.04514449832280073,0.01902602271807434,-0.023548430091363443
HSPA12B,0.010633667942582171,0.06665393488247083,0.032934453409632546,0.03262218546130782,-0.025119950721754217,-0.03458349847660695,0.013419908764985654,-0.004776170542123684,0.03644483391849218,-0.0017566357770000159,-0.040628894302942815,0.05123209149105296
HSPA2,-0.013618414502277278,-0.0265685275851557,0.042191410588515416,0.03079122353491998,0.004026389690482378,0.0666037967660133,0.005613895324209123,0.0007110196829059525,0.00978010849892004,0.009967295640835615,0.021516559035464712,0.014611747213849273
HSPB6,-0.01270017296059077,0.05560168570831046,0.008308672687261699,0.01915561043887857,-0.006986488423397556,0.0003986139305653608,-0.012504162149062196,0.00747738651020859,0.03259047670890167,0.0052140048869374405,0.0023553864762721564,0.06466666261918598
HSPB8,-0.010604028874172697,0.014942301780254815,0.02325460332897032,-0.016033056961972193,0.010535906749958447,0.040454351767036274,-0.05787960188994974,0.03762841101215956,0.0047996107848269545,0.08352781416016261,0.0029223186984265797,0.05539179698679167
HYOU1,-0.018039512729425517,-0.03571877642013771,-0.01098690445296491,0.06465470025298828,0.01080264775574153,0.021872499788123664,-0.06368018314640908,0.03235306136612291,-0.0054980790808507075,0.002171209309717472,0.04318307347322847,-0.02946026807302162
IBSP,-0.017346854515822616,-0.057429130640976815,0.05248055098570498,0.01356964342279016,-0.02006677884359055,-0.09311899101035022,0.02160950643049914,0.04604089211483997,0.007214070929046546,-0.010227439542359943,0.0708916229754648,-0.016619606521456807
ID1,-0.04047804924775527,-0.016933060819585496,0.011079023196180884,0.008081245377059211,0.004538096704504088,0.009114665309314353,0.05829563225534204,0.04313287556276893,0.08278775923961253,0.07212369195996912,-0.008969384293357285,-0.01600910165258423
IER5L,0.010235018860152356,0.04770926462944664,-0.008568345615430007,0.003329818188780651,0.00863199855621275,-0.005353278456025411,0.008922001296612112,-0.032677792229991495,0.07454514859788305,0.09473347913209582,0.03661332279574635,0.0008989109882309755
IGF2BP2,-0.019111571226212223,-0.011133169827162497,0.003565334523539944,0.035527468172932876,-0.016591147703382998,-0.013789846084106558,-0.01165062517463931,-0.021196121525992883,-0.04410642320977838,0.02737433981834406,-0.06406858534947843,-0.027473847862775506
IGF2BP3,-0.015092162954786752,-0.0035616554294262805,-0.01298830397902963,0.07052338825584828,-0.042934130372254055,-0.07135574789375043,-0.07815196223739979,0.01045776531447994,0.02233159900467938,0.023474593356552255,-0.024401370828440436,-0.01719038827471052
IGFBP4,0.040680769407861785,0.04409732592397236,0.04894869231111446,0.031977825200384204,-0.009970297526731321,-0.014589334508367038,0.031877735790824,-0.02940806503737548,0.04918693041178689,-0.020373848092631295,0.0012586730325317187,0.015672223859140844
IGFBP5,-0.016348466119301158,0.03066707273861814,0.044643048575545026,0.060795300042241124,0.0036109807634037458,-0.005499736015040955,0.012183728266575518,-0.02054259944901761,0.04629970584106263,0.021688719153684505,-0.003884061458430066,-0.033502961419097345
IL10RA,0.07542964875751496,-0.012300198139175591,-0.018211657630852418,0.03737973186730584,-0.03737648397873684,0.00808091012710055,0.022843444936228998,0.00745013415430328,0.041861563131178434,-0.00505263469239812,-0.0011957258165361567,-0.010755051200055937
IL11RA,-0.006461384397939865,0.0646839805273455,0.023443148898577248,0.03757220891171822,-0.04766287281418267,-0.024922002831848502,0.0437039057209391,-0.011712694914777595,-0.042297348346156914,0.0545357617542426,-0.038584638221702786,0.05793689543266756
IL1R1,0.023701682069843476,0.003958215693352499,0.06796565125499085,-0.010340560223312147,0.03679907645044214,0.0387886436217922,-0.07691321985490307,0.008427042827763407,-0.048961151271728995,-0.037058275076707586,0.031958483048393424,-0.07458535143601769
IL1R2,0.04225288415883619,-0.019750723997595275,-0.003787416547816803,0.00933732126473674,0.053164736526254655,0.003251382117715057,-0.01394761748993078,0.003914165660666336,0.023888387396848558,0.014425475532600965,0.03607350027574578,0.009606995781326493
IL21R,0.04678690122582544,-0.026648427297265298,0.007772826612340662,0.030791159257422682,0.0015462643172195027,-0.03084124613327421,-0.009499708146559545,0.01183026027464827,-0.0026160581363187303,0.04164403912739619,-0.01680209584031793,-0.020533912082633582
IL2RB,0.05450044658976307,-0.011221351897179311,-0.019392870440790563,0.03927030391140156,-0.04660677854515716,0.022709757843668712,0.015967096017583234,-0.002495310845200138,0.007017382652078727,0.0020500298172050034,0.05522494096346975,-0.0020162389094415013
INHBB,0.015696021730932454,0.03938126669728557,0.0019197793305948843,0.009551932217616736,-0.0016900753111959018,-0.02977173805528048,-0.06523906076146245,-0.015557326078755176,0.028662143945944525,0.08054877643881708,0.09592119771202828,-0.08988699317824547
INSIG1,0.0062853371912339785,-0.03172843619886872,0.027931108681763323,0.031208917686205435,0.10135395908814719,0.00048541068790806594,-0.00933380905337558,-0.020429076973867907,-0.05907271518678652,0.058697907960231,0.0374763272706157,0.03558278809103138
IRF8,0.07379210174868622,-0.0004355629418814564,-0.02041013269041767,0.03971308879526163,-0.08085231137994378,0.008698169236103927,0.00691452242189614,0.007463617715422239,-0.003969183082289541,-1.0310116074848438e-05,0.04254851013032447,0.01602502718228225
IRX2,-0.027478202456153063,-0.0026172762598065673,0.01492632179377672,0.031516289569197685,-0.030630375268944604,0.016967845795034252,0.05157454009729256,-0.0107373690849534,0.012976770458186437,0.04840650740651182,-0.03943887337528879,-0.026621584602150385
ISG20,0.04982206803767168,0.006728996156431535,-0.03496346875277216,0.035113813384942884,-0.00339468205192614,0.07062227528856935,0.02331165212578777,0.04349583961936483,0.04190867378798186,0.051996572861097996,-0.0013674971428349197,-0.015452990255202005
ISLR,-0.0032978012002766992,0.04744614878032098,0.041915580681811476,0.033014169045147285,-0.009345459529164171,-0.011604854117964476,0.06364226020455582,-0.07184853598492642,-0.0024540900060816065,0.01158261812186126,0.0058295949279659615,-0.014063847272988945
ITGA10,-0.02563567450732749,-0.04455591816200567,0.06178098298072204,0.031166021354009102,0.008041107409390635,-0.00017768530789304474,-0.013295454409912208,0.023315303184181096,0.0030752397684757583,-0.018534089320912495,-0.01920205200158432,-0.02800658409342511
ITGA11,0.005915593193107452,0.03542773262029089,0.05359961648714309,0.010542306216324945,0.09618289487716951,0.03508190377878911,0.0697487464847227,0.023246709603276725,-0.03497916332226584,-0.016417853748608664,-0.01014646024319496,-0.03405386354324532
ITGA2,0.02853030176000775,-0.05286838580889263,0.0483310508257461,0.0306669046045863,0.07039057370732252,-0.06137102272060081,-0.058929025251006274,-0.01886368327980996,0.012495734434684254,-0.015448782745094102,-0.016569800932048098,0.010434514319063299
ITGA4,0.0006842459895711945,-0.021052409484716483,-0.03343945346597992,0.06947189992370512,-0.05808252926755413,-0.015615488746260654,0.003705543063208589,0.016418754877972896,-0.03226175212237818,-0.024509186356642683,0.03275468656578751,-0.022104264938670747
ITGAL,0.07139113611558776,-0.01705470473404833,-0.02990789858992137,0.048613168326532334,-0.05100672254517639,0.010254269157196013,0.01798341145981211,0.021077435891299873,-0.006768755240470228,0.002152891281421497,-0.06228424469895628,-0.016114036599912243
ITGAM,0.06577237300455276,-0.0006085650708082522,-0.029790080704950397,0.04455327612157964,0.004366337986746175,-0.02038376663402937,0.023551445827634694,0.01541824140008489,-0.006215977082114261,-0.022818928711136745,-0.017721057289465894,-0.029446851913348636
ITGB2,0.08089331934056983,-0.009355129618123924,-0.02386321552342241,0.039671930072661746,-0.01605515747284409,0.00454191745263787,0.0427871891828838,0.03811764658723367,0.014358812622411895,0.0210957934454898,-0.02551799326171487,-0.024318439195695797
JDP2,0.030633838372087305,-0.030164066199335107,0.07008412429862641,0.005763491755678966,0.10037048034846181,-0.04724815468966177,0.027753709911858267,-0.018703401485276425,-0.027842486076391327,0.007056673230607607,0.09053231559658867,0.010406710925758149
JPH1,-0.018079956623588255,0.03334449013296344,0.00790630252813956,0.0095970121200105,-0.0675867438247408,-0.00915734415327173,-0.04725142821107569,-0.022394390967062666,-0.053447004596563034,0.04994289774687916,-0.036203763723056,0.08710613092498683
KAZALD1,-0.043751908842678607,-0.020288784141303765,0.039477850533791346,0.007937295814591426,-0.06826865030972336,-0.005838423042430955,0.009165282700914296,0.06085653779020052,0.026909809971765498,-0.0032777491493636308,-0.011323863176059542,0.03246848864395728
KCNG1,-0.03425506301294708,-0.013126611716639616,0.006538427396270238,0.040614084538780265,-0.015511998406399703,-0.019529636055741168,-0.013504393284716212,0.01691936500756747,0.0024271010262881558,0.0677528398414972,0.014827552276618788,-0.07395854991978455
KIF20A,-0.037578712960465825,-0.030602907187682594,-0.03515792470773342,0.09050995746527894,0.020435928394119826,0.051026119599197346,-0.030672607200077764,0.017408085185348827,0.006090773181733774,-0.020237369947011488,0.020811979263214618,0.037870880771056055
KIT,-0.010005334742515273,-0.0009463809842285131,0.05421180334483972,0.03593074535732619,-0.03989224400879995,0.030029332583685564,-0.016852257158847642,-0.03932217050254691,-0.008526788466397206,-0.03457380554382112,0.025499686888292857,-0.08540632208149698
KLK4,0.006252670282885595,-0.049891704389564015,0.05147317680024179,-0.018160994748543532,0.014388058978536655,-0.008331081849188012,-0.01114137102586307,0.060791795333166546,0.040504411956923,-0.05890951361526597,0.010756929768911426,0.00796641358424085
KNTC1,-0.030554638112498773,-0.029101830151402157,-0.020567655586416198,0.08585215526714064,0.020299845986085217,0.051263963167161454,-0.019141860597289135,-0.002527031330081941,-0.015205118512721081,0.0017536618503871176,-0.021522221292328093,0.05275033350918415
LAMB3,0.013118671175378502,-0.03880752209273434,0.029906614854821142,0.008625413486041683,0.025043965638443334,0.021610031301397856,-0.008761018353521433,-0.03521273542440737,0.03659553693468323,0.043103919382210205,0.027520289415583772,0.0073147523822951165
LAMC3,-0.012195128201640978,0.0013030700311883786,0.07951716415346662,-0.0008663166771982599,-0.030952317689604478,0.04096863911493557,0.015665982433218484,-0.02207985771923855,-0.02025057955212843,0.06423749190051517,-0.014169591740061915,-0.0169876214753455
LAYN,0.012305201030823758,0.029649784709903308,0.021609599350166174,0.028593332092997793,0.024479905164548003,0.03981097411044644,0.0003052430428571243,-0.013129020160402356,0.05136106909465961,-0.05383291771619596,-0.01504099017266665,-0.010083308754802886
LCP2,0.061572697783124235,-0.04246290480042324,-0.006800478422639963,0.04720063151201272,-0.0032284880931277233,0.0003424162728044276,0.045434495475818674,-0.03860951159386243,0.03031658243273538,-0.006888592029474711,-0.017547858203403478,-0.024520044471697623
LDLR,-0.021503380874084654,0.008842043401383592,0.0018201521939484487,0.04800063601493567,0.04049674433080684,0.04270379339107811,-0.0314286246356484,0.03837667600065749,0.035982937636903765,0.03006690180886002,0.0036919097231461594,0.005739803314714366
LEF1,-0.02479513192315428,-0.00901753325749365,0.06672246481545088,0.04565198961326203,0.004271336044907547,0.03450203784046805,0.006003286122229201,-0.0324273126350054,0.015465352297010241,0.011138121014565952,-0.010321190342757901,-0.043533035902625895
LIFR,-0.0119238708876794,-0.07480154074111539,0.05771445731699434,0.019702933996905904,0.009105668577656576,0.03076326936596019,-0.0529088309253318,-0.004001967078056591,-0.04981840464819043,-0.0397244732951124,0.021738104973701072,-0.07347327974943213
LOX,-0.005049547111318983,0.022048229504461156,0.011158087889014505,0.018703742156105714,0.007144531139399537,-0.04873028823326448,-0.06397291189804998,0.14994493821745639,-0.035566644831195406,-0.0037391475777741687,-0.025571559826383372,0.018114581724490552
LRIG3,-0.010479204069379201,0.06506190368985958,0.01562963955048173,0.04429900059441101,0.00394708428540292,0.011774101615932142,0.006010310581682216,-0.014644304786532423,-0.06043301450076364,-0.007253336413781789,-0.002508662500217914,0.005397426557620515
LRP4,-0.02719355237699213,-0.060017012329767444,0.05487467587208222,0.027033280211972904,-0.017448245335486483,0.02352767636332076,0.006108904253940516,0.019080346484756157,-0.00932145672297003,0.003184004769762637,-0.021282044131213887,0.02054407935246699
LRRC15,0.009549185516481908,0.012907452571311049,0.058970664121597495,0.0016173002589142237,0.06786086858988875,0.009012310425037208,0.030564590959065763,0.05201067651621192,-0.020824885888891115,-0.009253322870274163,0.08005008869069245,0.01600329238892693
LRRC17,-0.002691548707070092,0.049105108686286134,0.02587355642536714,0.03526342427797932,0.017864554714601265,-0.03592009701405385,0.015232676090325189,0.05417599062486516,0.004944221264871803,-0.08483309617129835,-0.046866045227500944,0.04468921687852797
LRRC25,0.0744912126840429,-0.030066958020888445,-0.01449200930069169,0.037894748930262595,0.020895959912152186,-0.033473751550761335,0.07405772696413879,0.004440533903778425,0.0157480446361109,0.004314864593827622,-0.008826763711514399,-0.00796023289353202
LRRC32,0.031185860433073646,0.05634556389343428,0.020136553701862778,0.03353667648236302,0.01874367318657451,-0.004718883264437966,-0.044833966753239765,0.0005218926481402771,0.09441537897969954,0.00786390963821056,-0.023205874748564108,-0.03421972244334531
LRRN1,-0.010313500995369828,0.005468610559441031,0.0526174488801436,0.03423436934498716,-0.03987747745052027,-0.010292365723281212,0.011735015759442306,-0.0017034971034752527,-0.04623883821076232,-0.006655645251579797,-0.007353984090080095,0.027758835850043028
LRRN3,-0.026957081879976485,0.020753679185465154,0.03775360069525768,0.05235645523174667,-0.019132087799758953,-0.03855438692286261,0.046472592746685276,0.0012568569011499236,-0.057005516953650415,0.006317292410347062,0.007455975915730335,-0.007107074378642849
LSAMP,-0.012286765193047897,0.013140884273615596,0.030950949943751124,0.02105226797446584,-0.008842874086002197,0.00790951544239739,0.031055532832108563,-0.03949523164795441,-0.03490778007575715,0.018903534781747874,0.013540516800992023,0.021240645297381122
LSP1,0.03839195712266269,0.06263680087021632,0.011007895362649582,0.010964003500243829,-0.0020633655122415965,-0.018862027554038673,0.0021761605671400124,0.05438621971552658,0.028911169178358103,-0.04864134262813195,0.00789586607188751,0.034764783682949954
LTBP2,0.02827875974070312,0.0026530254829099887,0.07021702244089655,-0.0059814531222816625,0.004849825383161385,0.04981606221074302,0.017818957311803035,-0.058375214412738366,-0.011778584837564129,0.027716962268397573,0.020998414626039744,-0.02174968816291592
LTBP4,0.0015106618313365378,0.05866010912030591,0.050722280843832825,-0.00360214716251635,-0.03713327991215972,-0.0008395700706623861,0.0028552900121988755,-0.0407751879055098,0.01235679767385746,0.07999758673583524,-0.0013289964615069982,0.04561380472791228
LUM,0.016764887716848767,0.05328486203847308,0.05681995032318565,-0.020052271153058156,0.05392033797928742,0.03761741946619494,0.022302910132039198,0.11296455283057807,-0.03356334230555926,-0.04322262831351729,0.005784411131590237,0.018252770260284972
LXN,0.011316941821786441,-0.04114051422962793,0.04328433850731188,-0.01540309078147136,0.010153141087104555,0.025092209516225726,-0.032243311113453715,0.013922693898964271,0.04596979139084455,0.023193496271091622,0.01717263721198249,-0.039492444940643766
MAB21L2,0.009908979040818219,-0.019565601400612056,0.040731464373750775,-0.024133222846640587,-0.007466619833101144,0.0014446617469886626,-0.025931652481317097,0.03860577698993932,-0.04998489823818703,-0.014922368296252826,-0.006547667293377666,0.04204062754871349
MAF,0.029601688359377674,0.05654608208510555,0.005864385689554241,0.04656669726597126,-0.03228196703374236,-0.0002845986735631619,0.024004423635895233,-0.017694264314035403,0.009031358897718148,-0.0276994512200439,-0.05455344444920601,0.023832014117096543
MAMDC2,-0.005652335249043147,-0.05168445997356172,0.07183564960309749,0.017760891850016097,0.020698864065362213,-0.011403387608893558,-0.03309254894719401,0.08142741687407712,0.004221226935207297,-0.025659380987664293,0.022441037810674375,-0.029554337040740418
MAP2,-0.01616317218488803,-0.056051340971906276,0.04635430912487705,0.01782511561576988,-0.03981857251410451,0.04893454370585394,-0.04084513943307812,-0.04945811759594709,-0.029175071396581497,0.022860977495887683,0.01868832810457986,-0.028108205179850288
MAPK13,0.017952644507257105,0.0028186792005148067,-0.00870687324367098,0.03733751069357248,-0.007841828895912362,-0.07071235425274344,0.03669341391113425,0.012030393553931602,0.052425435957573444,-0.038635109647503024,-0.03138146118388875,0.04925589680778657
MATN3,-0.0010726396174402034,0.02556939914634105,0.02857598085683217,0.04535124694995318,0.0005287683325019507,0.03052914232283756,0.06395537778432356,-0.0030068008698266304,0.018416653577666735,0.022854701710976005,0.060799482485161295,-0.009110009043627323
MET,0.024539475994077648,-0.0027712077529214616,-0.0010727582334294269,0.02835144612053826,0.04555717748100172,-0.04186510611858185,-0.09127602538209165,-0.06310679008310557,-0.11409140024736215,-0.002517518547084603,0.009079863020915162,-0.0024377554209465725
MFAP2,-0.015838634276453222,0.03700354167008811,0.04930695180614022,0.03221527503938623,0.03633884794181133,-0.03210167993452953,0.06689413563296262,-0.030170309042801765,-0.023221079758681068,0.04734300290419016,-0.018436472508082193,-0.032001853716865515
MFAP4,0.011294507735962534,0.09294523921581985,0.014269563751583208,0.02770427367341793,-0.01616176555614827,-0.01551882495133499,0.014006974807118574,-0.03675270994980204,0.004762681004070483,0.0026366209991867486,-0.03946968835439682,0.05211977141449561
MGLL,0.011267074488078994,-0.03477014531026072,0.06716382621553765,-0.006560586965027407,-0.04488705336512734,0.025321466766256257,0.0030257735481846997,-0.05476710118784603,0.046877910923168696,0.0014431130558368716,-0.011937151633469019,0.02955524515330997
MGST1,0.027469994990123123,0.0031634080886444095,-0.043999969459218836,0.026901134219729915,-0.04177915277990022,0.014749883840707752,0.00382447162323571,-0.004290952687685619,-0.01982731222746619,0.057935694227554124,-0.030097178091049243,0.04681666271674347
MMP11,0.01809152378569811,0.010595303634934097,0.023658009859373445,0.01622014251471679,0.033977880865184225,0.030743700422624316,0.042627438702843815,-0.012894945696427343,0.016633857239993673,-0.01966941097731941,-0.019706675017373894,-0.05199183040736696
MMP12,0.026994031914617772,-0.023712155188368004,0.0014445254495606937,0.01550317892969862,0.049495364420656975,-0.04855698832289071,-0.03733945508633261,0.03698006082096366,-0.019090200939022358,0.07683841537962571,0.050353290933986994,-0.048445917302715594
MMP13,0.007862091817382726,-0.0444824407420976,0.04535311263868453,0.02762989821412303,0.03915110346592581,-0.06801723776014246,0.026998177102229372,-0.03784658121741773,0.02038286313701844,-0.017200242226674507,0.03374973042212689,-0.016712291615248988
MMP2,0.006783975902570384,0.07748984818450316,0.042638151320344736,0.011742030501854416,0.014274355558400998,0.004257083999534303,0.04617049482656999,0.03724666745833215,-0.018098937828551553,-0.023847687991567914,0.05254160958557893,0.025891702094118396
MMP9,0.025949246860220963,-0.06674680425605448,0.05669713484872132,0.014737129905321162,0.09165287794046156,-0.06821843659772538,0.014665751350224555,-0.008230110606578345,0.014797854882868774,0.0170229208880101,-0.011350508291517963,0.016537317059793964
MRC2,-0.013553700036914652,-0.05082141616392897,0.07232104126458898,0.01883757013396303,0.02383581389997613,-0.01256048117819124,0.050807637883023074,0.036111448697865096,0.004095016194923085,-0.05187907719421277,0.016494965173714526,-0.023255453266773862
MSR1,0.06783130497225015,0.00968214020938309,-0.04301540337259219,0.040349083603779715,-0.03848094992487683,0.0224808024745599,0.03062012164911446,0.05534699225997218,-0.03118372048597601,-0.02567536175142592,0.05285009456792445,-0.02479842375526749
MTMR11,-0.005086667318918761,0.04084072414992032,0.04816523564318041,0.005977234371148889,8.073757867494043e-05,0.04389542199940006,0.00893840093085567,-0.032049722453102315,-0.019086234134526373,0.018915042706818982,-0.03431233081980321,0.026008825486472403
MTSS1,0.009089955681257865,-0.07350878614068622,0.03282525624311923,0.028704697334942356,-0.033581322347757125,-0.03714517392437844,-0.04102215934311464,-0.015582697286362484,0.059039171795833484,-0.05194990500427732,-0.04087049735320598,0.01477127304418808
MXRA8,-0.019420203404710772,-0.020159598825459445,0.06156944241609063,0.0012237144569742253,0.017358744767056476,0.01387621996723664,0.060866802456768426,0.07017466983238169,0.008922109644244027,-0.019162237285387917,0.007473681850776565,-0.04488689824490908
MYH10,-0.013153495247245496,0.017116365269977046,0.027414040047941464,0.055108347084765655,-0.01458547060629871,0.019587787416439746,0.045311222137754875,-0.04064342274888354,-0.009903192037800131,-0.08231772543639532,-0.04989910569275584,-0.02618012352570892
MYLK,0.0083289785613512,0.012540662935457362,0.06036797682911074,0.008215856191971455,-0.018750319266615884,0.07660503167754243,-0.02868342728849095,0.013043678145595278,-0.0183692249765871,-0.06545485696690212,-0.04301318451236541,-0.012343318740799006
MYOM1,0.0038058893278243126,-0.009587782925546191,0.03555382269128848,0.005574148182025435,-0.0573673986469045,-0.030748502080690625,-0.03940153827873333,-0.056646369508565976,-0.00870451148216243,-0.01939684570224046,-0.06758124365481784,0.07631179653893716
NAALAD2,0.007236521049803551,-0.03119608713230268,0.05844187541688019,-0.004710328203926455,-0.025147722667484922,-0.004937691286609296,-0.035838508462464315,-0.002906439356889087,-0.01162740342345188,-0.0213940108066229,0.046474221677854484,0.054491855300371615
NCAM1,-0.034833552678333726,-0.04586515030190036,0.06367716252441655,0.016844957991252338,-0.02113420807040559,-0.007560712128476919,-0.0071427520593862984,0.008101830506735517,-0.06184879548511812,-0.026664812333629134,0.018031559284947596,0.03665618323687316
NDN,-0.00688186166042474,-0.0012937577659213211,0.01331311395475322,0.008004785969225691,-0.0449904662375627,-0.00035732289469315916,0.005630049339430451,0.010599099385744408,-0.037020016566986384,0.04104421636428242,-0.06632665418666582,0.03296139166533364
NDRG2,0.005150745968916941,0.008103699224836239,0.04001672495124403,-0.017555269152650776,-0.08237672244917192,0.009656538221189602,-0.010868329695719587,-0.04787000860320113,-0.03043992618331299,0.03563877943203819,0.011558830663513188,0.12058830384230398
NETO2,-0.026209060853873582,-0.02050484305946722,-0.024566131613676174,0.055268115948797436,-0.021436948313002694,-0.010894110431758516,-0.027847976911172252,-0.0015225139447823596,-0.02860706672131483,-0.029646987793858808,-0.08370973116786952,-0.026937778648471602
NEXN,0.00421976989564361,0.04781060590109693,-0.011015375124187694,0.014358867276537696,-0.04948732713548395,-0.04071862266399651,-0.06332306167532183,0.03770707695928003,-0.015479568583910154,-0.045294696539139125,-0.0018861702145155175,0.02904625503790205
NFIX,-0.023276592381599466,0.07067250228250692,0.04819773716737613,0.0159296971293716,-0.004450363728253721,0.06666095000022752,0.014057174455098811,0.03022946051679992,-0.03520550662096121,-0.01869151640731502,-0.02855337400302497,0.0010222934976507596
NFKBIZ,0.029856483281433126,0.04317739760424161,-0.0051102278458536165,0.030570901687003035,0.0009398271458826869,0.008265315192006585,-0.05521617513319792,0.0006593032582934482,0.013953929551315278,0.02880629880569073,0.009159026240963342,-0.007001329029962417
NGEF,-0.020257845500716982,0.0190646535187018,0.05542037158025975,-0.020640359552831694,-0.018663279926670752,0.019294595361324756,-0.015229968892294336,0.1155669553593139,0.00024376012404279295,0.10925593580102311,-0.022018615726483205,0.00873990336127756
NID2,0.0009678823761637258,0.05650415630607787,-0.007807891170181194,0.07730484809704584,0.03271315434784864,-0.03948080374179175,-0.05926918364549398,-0.018570366748323262,0.002784773573977377,-0.03016679376814236,-0.02682258646932644,-0.09970558671200974
NINJ2,0.0048834102877895955,-0.01111729932294096,0.06598440256079566,-0.011434931384296038,0.02222983200141021,0.02177376806350499,0.04203057423144452,0.041668629480095726,0.03761922207035284,0.024370801125309663,0.0036488513945299736,0.03525115405211633
NKD2,-0.009909289731066594,-0.00865797740509091,0.08252862133715357,-0.008677652838126153,0.011440819461489393,0.061800906329540536,0.03328681511353513,-0.023799858247854945,0.013840267856478147,0.06596155750926239,-0.006106894037037829,-0.06566907649137393
NOTCH3,0.0009496583259076308,-0.0065819623383530715,0.08768299763909602,0.028615624747836813,0.024247000892273475,0.03896778369714882,-0.006280718900649617,-0.066641169357242,0.07955650005338488,-0.025904359255268756,0.04441168030277061,-0.06378724757111541
NPNT,-0.016037470695067186,-0.005133070102710192,0.05801009864980145,0.034374454176248924,-0.032891327117440416,0.020748248657558227,-0.0005764250914356305,-0.028901335723271818,-0.022045032640704496,0.0006608222641119269,0.047109789879799524,0.012922307133849658
NQO1,0.0162086072437221,-0.02026077223465461,-0.015090479203821646,0.0002985086651177511,0.015522765051403816,0.05651036432639179,-0.044706559502859976,0.044101880321208514,0.05984748175196225,0.04816380767954964,-0.030872286200386304,0.006881808713967434
NR4A2,-0.0062119694507490955,0.034967388094608656,-0.00865888705728406,0.017294684314742147,-0.014365394379781038,-0.006268800082194189,-0.09501412229465356,0.035852233318478595,-0.0019865146434438707,0.10805240105298576,0.019928120451551515,-0.032088234692828774
NRIP3,0.015551058551023634,0.011669908799804929,0.015869101558311057,0.04370195326683836,0.034662707081469096,-0.08372513342836177,-0.007389278453814686,0.017212606569493978,0.028524236621506202,-0.023833019179880642,-0.035654735409871074,0.03666011577683971
NRXN2,-0.002593270072522214,0.02344556724938604,0.05706562377543948,0.011713685152976166,-0.026623878337260626,0.02880024613303272,0.01563074157929164,-0.05748848977544408,0.03356514746080699,0.04520743366761209,-0.05063723895384663,-0.01713780573800425
NT5E,0.027529415708912656,0.008838539984121489,0.05809407908184858,-0.00869014662856683,0.07384484731572653,0.018044132327021647,-0.05162228917279778,-0.016281194145688002,-0.03680068048173597,0.02460483203812355,0.009687912487005741,-0.03572158418831743
OAS3,0.03707170638749474,-0.020662087252823005,-0.0012712681774553949,0.030110821283005698,-0.007019212402429753,0.09527641165913943,-0.027126328207270452,0.07088154912621379,0.002672723451388498,0.013718923035359622,-0.02277449730606285,-0.04411414204126508
OGN,-0.0193351973088366,0.06980637579950362,0.028823154809216947,0.028661992098327718,0.02169445370776511,0.0022463591407196667,0.0492322164236872,0.028541490991370714,-0.07058327752146039,-0.015446555296759444,0.00761238089193141,-0.0650865189245957
OMD,-0.028720232756759324,-0.013486677529927105,0.07802701693106896,0.0031307751246601413,0.002971640172951909,0.010027688338692053,0.05820965290149927,0.07586692892630151,-0.010384096213638328,-0.027629158156381263,0.041293885532837166,0.00041419961642385345
OSCAR,0.03684986726673224,-0.05366199685882485,0.031531390185942136,0.0025419141626047306,0.08498355624126622,-0.08898385590920811,0.05723919367842395,-0.03242434150705049,0.010468374645059203,0.020402241144527294,0.049099303970652826,0.033275218018527994
OSMR,0.044562577149324545,0.033236344530635564,0.024370916983428467,0.020873353049098,0.06482454146438586,-0.022925608994920313,-0.029960838863325838,0.037377227961315165,0.010636376791701818,0.008087278389681346,0.01573605151621177,0.03493089072868377
PALM,0.0027510647297918616,0.04280215281481738,0.03747270626791565,-0.0069632642766766385,-0.08937804699412119,-0.01721759040723167,0.005187347662554106,-0.008386717216648883,0.017441665610987388,0.11180138871955236,-0.010321280444727635,0.04537862748078025
PAQR8,0.004343325597975598,-0.02632562237367203,0.03952264773985498,0.04174917379863209,-0.0080177353424181,0.0205395596937253,0.023080693561761144,-0.04414528234286548,-0.07144576867913735,0.00829830341983485,-0.032768895680190174,-0.013232762317061466
PCDH12,0.026258364336203006,-0.018020083043235147,0.05707597548229756,0.022699597143330596,-0.028639103800004923,-0.0098543327982314,-0.03561154622638952,-0.06806326816879847,0.117814840998753,-0.04763429411907143,-0.003014803114978643,-0.01556281429957513
PCSK5,0.004140729855792668,0.027268968636340485,0.05743094239595249,0.0027827757492801296,-0.0021776721529791457,-0.013455315984871414,-0.05039593338717332,0.017179300327306007,-0.03927166291502915,-0.013293854135911738,0.01734381105560689,0.032822161358442264
PDE7B,0.02464708961132426,0.036322513988493045,0.05869739835673656,0.005549758614329767,0.0039534987806418695,0.03984044157381641,-0.006750836689901401,-0.07957512090962598,-0.009029817381168134,-0.021234390964800245,-0.047641951022737994,0.038955391130406
PDGFRL,0.006872222786567012,0.046702604690409474,0.06637919960254542,-0.014931400509668452,0.024103715605355992,0.042612712903682314,0.042113959225377515,0.05948006236927974,0.00992660069029487,-0.005152025455760844,-0.03286436306145671,0.06048880052379177
PDLIM1,0.020372253310956625,0.04346160123101522,-0.001536953543830126,-0.011082251053183285,-0.01866582649363182,-0.02733597577699536,-0.05794900617015128,0.021066331664724006,0.01143798855756363,0.057500069805706565,0.08268480002677835,0.06942925696927234
PDZRN3,-0.012357206204695426,0.07449427772029106,0.006952406874848858,0.022248986287498704,-0.010543789388189985,-0.04313606819374619,-0.019869793929041604,0.03538886467579214,-0.06674303353191939,0.02009303649567202,0.010235186012456769,-0.022547122417201408
PFKFB3,0.02396235304674152,0.0020018510635659873,-0.009971225281160567,0.029605218003536948,0.05207179999077848,0.03218558747838437,-0.06538928729538768,0.025094756657770917,-0.012401221376595448,0.1070841800368481,-0.02107726018239256,-0.010344884686397863
PHOSPHO1,-0.03362849449026428,-0.05549908539441014,0.05215200629061335,-0.003475976378189957,-0.05396639500481735,-0.06242545586154303,0.011606281078251719,0.08454974283697198,0.007117895875523379,0.010338789927805622,0.012595951965518807,0.020032920041851837
PI15,0.0099836900929911,0.07007017419925457,0.019245049788165717,0.033291295927564295,0.004916290442614306,-0.022581259771550517,-0.021038994034521478,0.02718897234439075,-0.023807246630909946,0.03845671434990689,-0.006846623575155086,0.015446215140966436
PIR,0.007185538494904279,-0.030789443399736213,-0.0026749684644752575,-0.010843066817611295,-0.0029054076161540423,0.03736765065729324,-0.08341089934809223,0.025399728378367792,-0.0018645383418294144,0.021765464222437806,0.03823509712612391,0.039654854586588725
PITX2,-0.026772390559598118,0.0130090370515578,0.015953641998885916,0.02569916165829706,-0.030866076318273962,0.03949941561859244,0.026637382940038607,-0.03703967769087608,-0.03029610405776603,0.05334662374561819,0.010531144649587414,-0.020369082548064913
PKIA,0.017933432856978467,0.0037012152087420444,0.015159262675669326,0.027825934850616366,0.014494598964903505,-0.08457974617702371,-0.05041253577069905,-0.03449728438382228,-0.09365342714758024,0.01394131416873709,-0.039383018543111326,0.04813568689576989
PLAG1,-0.00892657775303769,0.008034498625437779,0.009755600603993032,0.05358302989693034,-0.04822344936301654,-0.056341715781087265,-0.004725029215965767,-0.061147364199486624,-0.042956321575247286,0.03250231407278034,0.015191045314725222,-0.04806958804306845
PLAU,0.042700983725149105,0.03137606086093231,-0.028130041871836025,0.04618018739264135,0.07879185061661938,0.0020324924242819493,-0.03464325806940482,0.006094655270685722,0.08091577766096984,0.004639072866472697,0.007490866389272915,-0.027407784434763893
PLCB1,-0.008249312479258053,0.058314946529663354,0.014285121673948242,0.04780496924812966,-0.05543835694918501,-0.026645500557850012,-0.07351155584419856,0.0024022000856170327,-0.026096235822033163,-0.010340254809311326,-0.0010690455954852351,-0.040219545373703
PLEK,0.07764640167460192,-0.03217631796101682,-0.024881014054755686,0.037833740803120915,0.023085403566065595,-0.017900773932097817,0.02489833784351183,0.012947050736370124,0.015120523860797317,0.009962414055103749,-0.03314876855006791,0.0025775221560745583
PLEK2,-0.01645036137458526,-0.016442790540951553,-0.023852368158327135,0.04672541020994105,0.004191421684256974,-0.013638311175095749,0.04727385576080428,0.006769064478290413,0.026721921303047538,-0.001665622227361694,0.028044366667844767,0.035548143968000684
PLEKHA4,0.011935048457654161,0.027449184023131148,0.028030500193698328,0.01845263919153415,-0.027278508544954876,0.014599991070418268,0.02311463105879116,-0.0006747804923657877,0.012800061585966357,0.04875236432454405,0.03331695314511664,0.026952801824873533
PLEKHG4,-0.030982332877122678,0.04012712969523496,0.020280520792463046,0.02933293798326345,0.021052161995331137,-0.0002548074563702924,0.019327529643719466,0.03569710692942041,0.023283434767975838,0.051088924114313684,-0.022040623351963544,0.032179888724233836
PLTP,0.010079928995305127,0.010150707392918578,0.00860364795304327,0.04889289107819021,-0.021216292880790404,-0.03046267528256646,0.11486703313424619,-0.014533166875336102,0.0411755947710278,0.0023095466569134915,0.01700502648061477,-0.004922018729145569
PLXDC1,0.02176801219828093,-0.01063959166195531,0.0683923006631983,-0.008183012664868886,0.023905312609045812,0.07646362202041043,0.02733375514742473,-0.06900578575980695,0.013404793143678272,-0.027258911187120153,0.0801075245761797,-0.005587722006977885
PMP22,0.0012587725165296927,0.060416255771220846,0.009438085797105863,0.02798326290260044,0.030645503225977484,0.010304903924022888,0.01831655370436215,0.05177963442462445,0.03158663970314714,0.04465496256605252,-0.03194442977237067,-0.003759768551569634
PODN,0.022038433035824076,0.09102255443048056,0.018920295082498127,0.022400570139297048,0.006524091870629568,-0.030661558843481762,0.023123061441599403,0.01437711629110014,0.021130927332519048,-0.008882354439122522,0.025603021555404976,0.04625207711231706
PODXL2,-0.02975285892287579,-0.01161613453783177,-0.00045962619990867586,0.04058810963315082,-0.044461633223565326,-0.061670453944960034,0.05182151965388791,-0.02607936615331553,-0.008264376684188572,0.060167952808425934,-0.020683516105623252,0.028383593524469432
POSTN,-0.0019833423010438174,0.07765952280139904,0.012633438238014301,0.026097967074294622,0.028303428372701837,-0.03530907646603488,0.028534357918442773,0.0015325251349861228,0.002031795959954936,-0.051088488069060675,0.013122105334275026,-0.0558839108196901
PPARG,0.02683872925779391,-0.028160354943665256,-0.0019544605296854794,0.038486107433055625,-0.025762931866256562,0.019487825584106337,0.016350158162703736,-0.010915504197195246,0.06661124899508661,-0.0742321617510328,-0.010306247757310563,-0.02970842047476089
PPFIA2,-0.009125654306063807,-0.05653385644829284,0.0769795432449097,0.0011623179571550882,-0.005653344346246101,0.041772800685376456,0.00341228161881508,-0.006097780267011969,0.0003346333552132798,-0.047002842286972296,-0.026380223510111794,-0.031847507042293645
PPFIA4,-0.017584875707395173,0.018871256142560733,0.045582797783238864,-0.00480407226302226,-0.019498984779851423,0.011124005897381958,-0.019103172071788948,-0.001664875821902544,-0.04643443580899614,0.08080074744870326,-0.06581754060316163,0.02121007123546404
PRDM8,0.0037620516464974187,-0.011656431467092703,0.04793959002413632,0.005765035115692251,0.03801569011331825,0.036503515261774894,-0.002723325663233831,-0.07124921224496163,-0.0568650016299531,-0.005225655893654915,-0.017782249159071773,-0.04625760043002379
PRICKLE1,-0.0002676613364888331,0.062203139881627505,0.0031314736603180763,0.050745352022315726,-0.033320723104164396,-0.05006127566151739,-0.003571639860635709,-0.005322010578729025,-0.028002814522481902,0.02796483235014962,-0.03011247066296351,0.01578004662523988
PRICKLE2,0.01677237017642421,0.08445482691554446,0.02330573719562659,0.02892183148292433,0.017426021650323805,-0.02934210712876496,-0.009782713994917753,0.0026186280128373163,-0.02227588810016882,-0.029519507625503226,0.00932263117962105,0.04722335419833796
PRND,0.024558974090438484,-0.0025342752370266603,0.059715696264559553,0.03293065939447691,-0.037961217408129654,-0.03916367375790498,-0.05492701916295148,-0.036501974964244274,0.08429969783645609,-0.05306580283802655,-0.013570451898710903,-0.006991970685442855
PROS1,0.019845448894098207,0.010741042763743545,0.05895050501949795,0.025860867426382834,-0.013519072657757671,-0.03612625114628488,-0.007345146586291617,-0.016052122961223925,0.01691934529911791,-0.004147336065622417,-0.05362522914753725,0.033391160229267566
PRPH,-0.03252555723468765,-0.017759045206239433,0.009707603216745499,0.02065847879689533,-0.0538070734154464,0.035790977222845174,0.012764383440169808,-0.02210245977659633,0.015255146199438931,0.07597508654117224,-0.009224429712153263,0.0005141333863426956
PRSS23,0.032616934059631175,0.06122464837663558,0.028334339091041164,0.0018345352257939946,0.04443545840811511,0.015286351083212957,-0.01802219669169097,0.024525315337068594,0.04262305454023015,-0.016384690999392663,0.006622742529155654,-0.046193083317298864
PRSS35,-0.011727607333887407,0.019084481860814916,0.05219292526931013,-0.001278716377673687,-0.01855457514372308,-0.007226628233167576,-0.043414674694814186,0.1307794014733777,-0.026706571750942362,-0.030066669883480782,-0.004249720716312679,0.0012830142209406172
PSAT1,-0.040241344917739647,-0.0008649995536257073,-0.029646380266864364,0.06287090497223255,-0.005847701209121786,0.06521342473870424,0.013308563813465527,-0.003351377752685441,0.05174752244489579,-0.008993969800309778,-0.03445905289344059,-0.012104501918553064
PTGDS,-0.013533843349253706,0.01890513075164066,0.035430976860099064,0.03578260815029269,-0.05233550909443402,0.004881438286762224,0.05745321906497581,-0.045893986747957215,0.01466953851210499,0.04996937258297241,-0.008358882994126592,-0.03190752633252781
PTGER4,0.05163079960927488,0.02887669775828929,0.010381872713562444,0.008650523105954768,-0.006255897498468199,0.0299103407309588,-0.07813803587866006,-0.008452448457072876,0.035960492493491925,0.020044110119003797,-0.0043624022783904474,-0.041420968089561465
PTGES,-0.017266116263331893,0.027251672894266728,-0.011411781616614766,0.02929193869981125,0.0009363923383201565,-0.01364698877748951,0.03022863600912632,0.05573993378298356,0.014599708809541678,0.06410150429172412,0.007384953344196511,-0.023241015531344084
PTGFR,0.010644955891513624,0.08009982650075576,0.03673041303046574,0.013451143449235486,0.02798749251036308,0.03169276353327683,0.019220036493327843,0.016265382900135218,-0.04285866516285192,-0.01631495904003004,0.02286597008844546,-0.00019134251339879976
PTGFRN,-0.013700154138747679,0.017203426902433917,0.055224229115284885,0.03163675093830694,0.02805880727904674,0.10599808150202474,0.0214735186255079,-0.030597753564748302,-0.012245714078364379,-0.058854149488134146,-0.03652575060726466,0.016913549271890767
PTGS1,0.03178655514771133,0.023454634306435174,0.030749613691320614,0.032626775816324956,-0.0005407173388425888,-0.04844278223857164,0.07240501168414593,0.02096944259277385,-0.006064372832840007,-0.016850865451788138,-0.041208598611968704,0.013996829268798628
PTGS2,-0.011209536106561346,0.015563275977565292,-0.013997226154144947,0.05164355124798572,0.04779208045132726,-0.02836080519691498,-0.03949963666381355,0.03962150556948104,0.009402478384620636,0.12164420465673333,0.012041979641539323,-0.07064393728460291
PTK7,-0.016419192579408746,0.028402941551700076,0.006812590083655546,0.07389213788507974,0.034194577499212654,0.008129318236605334,0.06839357640627435,-0.015456471049530187,0.0151287820144709,0.011649870686407273,-0.02062577415334285,-0.06690381524365158
PTPN22,0.04290452026216633,-0.06152123126239141,0.03326297753158377,0.021066370872133595,0.09111552701008227,-0.06734422949101448,0.027966424781047442,-0.023170964136507235,-0.031883186652667816,-0.0019364510699585863,0.010492671564743861,0.04131203725564364
PTPRE,0.07192892663119453,-0.03014331512132558,0.012659993241515444,0.02655410129781274,0.040904081168696454,-0.05373815802389675,-0.00938073307795541,-0.019762953099859974,0.005231771539460667,0.009741319847339305,0.02119625685353153,0.013910984385436507
PTPRG,0.01915587888796469,0.022551114578910538,0.050772138796325895,0.054711831447440504,-0.019250951173267444,-0.040316341508618084,-0.11070291584332341,-0.04615372935557799,-0.021700894960467166,-0.06940837462263012,-0.007479276488575838,-0.03949058915460086
PTPRZ1,-0.02236010156606478,-0.054488018506281696,0.04182495807458209,0.023450087993687703,-0.04611266412681094,-0.052127093043180805,-0.053751499645318584,-0.000420635186828798,-0.029357850104056,0.028600252780696556,0.05191334515713356,0.021273367260484413
QPCT,-0.010593281304209598,-0.044169591236928735,0.04064167127698695,0.007159114551527334,0.0010622938335728884,-0.01801065289266039,0.018241208448220716,0.04766984504882028,-0.014104322205939605,-0.020941915475519903,0.09099365904410744,0.04933753654107094
RAB20,0.060333645891875835,-0.01791867190641714,-0.03160804188967825,0.0311722849003045,-0.02169162639052107,0.0018862038401039013,0.03922769601392748,-0.033956836825042414,0.009014817500590647,0.06013148890049913,0.005105007606433218,-0.019127384662548916
RAC2,0.05789568184345733,-0.056759813653888685,0.02061796490163366,0.02026663905136468,0.06828225264616752,-0.06005239334445148,0.04799953303642192,-0.018458579930102532,0.004647290831206929,0.007049414155996493,-0.015650081641180036,0.016395166450759308
RAC3,-0.023743946595798662,0.028815463342059578,0.006147607122673757,-0.00041771317337978286,-0.027228170450353695,-0.026905899333510636,0.060016952811318316,-0.005168369115894739,-0.05029048459787709,0.053366776837129884,0.07312231759031386,0.03425083403238478
RARB,-0.01260680229964372,-0.06864109902443934,0.04551988409496011,0.025947457304892303,-0.033260652744061085,0.004181903088617258,-0.021917347072741088,-0.008980227545534868,-0.012139935416077925,-0.027780574759711317,0.008858665209179235,0.01775870331004666
RARRES2,0.030242801565663092,0.06742451077966881,0.0017189497865566917,0.01710146781220162,-0.02446023656907967,-0.02970426374359502,-0.0038378620676379318,0.005825090889555646,0.014088808174631408,0.04102765455314076,-0.0050249067279410885,0.053785275487959514
RASD1,0.001297109917531717,0.03532126719038874,0.012952256659900853,0.025589290407659483,0.02366864354648542,-0.010320867709507834,0.0010904034223575016,0.009045361168668185,0.028667375966412806,0.03962659901752745,0.09410653217451768,0.034005925058254824
RGS1,0.05243395938310357,0.0012248205215278684,-0.03938842353956176,0.030866743384881948,-0.012899099935981996,-0.010416845653273823,-0.0055207909464489325,0.03799395457762115,0.0034803470403527133,0.05275666783394567,0.037442227905581035,-0.04351788668597587
RGS2,0.03649962372937476,0.01602670761832589,-0.006165806410482769,0.02395103903381717,0.027338244982259816,0.0012307495970023024,-0.06724619585586962,-0.014422649589730795,-0.009859451912026172,0.09529881606804737,-0.002292271633872197,-0.0569675134668196
RGS4,0.02687093801712249,-0.015523451531424485,0.02709128394688991,0.027324470362394316,0.07204057113593858,-0.005729911743128006,0.005695279279108927,-0.09244518849581261,-0.04701558391959421,0.038028580374820556,-0.0027775896282516838,0.0009391464131207651
RGS5,0.025531429362730663,0.03879010441978941,0.0587833400727867,0.018149073082425197,-0.05464840271782295,-0.020494373902846447,-0.0429939298782185,-0.009770361248396716,0.018159342689905218,0.00186321462124058,0.003571850573669706,0.014343097615601593
RHBDL2,-0.03775668981692441,-0.06469558668194565,0.04882053528207042,-0.004941655994622211,-0.041531533318953213,0.004808982341805447,0.017989755876359356,0.0603665266788668,-0.02704804027488619,0.008009651200461107,0.10171993854798084,0.0025799346390808636
RHPN2,-0.047431146129777564,-0.02427645624236234,0.021080949826254823,0.03118214067251435,-0.07664766223959249,-0.008916814886871596,0.029581108532759318,-0.01000753942088092,-0.002616493317481211,0.053186499395171394,-0.028071095463514918,0.0076180415828135655
RNF150,-0.008818032343058273,0.0345099699885977,0.03395903079700997,0.06036466782143825,-0.030731517926457494,-0.02480290513225463,0.040877427408588025,-0.07326811949946685,-0.01723547212871287,-0.009788944669456436,-0.05916661944751128,-0.005333160596787851
ROR1,0.007072793608233992,0.06897572859204847,0.0283796704020719,0.03842110130329857,0.005795414040068184,0.002008517212502561,-0.00541074759960877,-0.02319578328904794,-0.010401331854378706,-0.07347270003964633,0.00220685006310601,0.0212001268180001
ROR2,-0.01975012859227832,0.07512278557803177,-0.015456659311108118,0.06056932510393175,-0.007404444860737733,-0.01634551246587454,0.05083491220592426,0.02710564154695074,-0.046522386729682265,0.014828412572061297,-0.03001297305896574,0.010354122453920271
RSAD2,0.031809794790231494,-0.02967994649602216,-0.009030413985631034,0.02608848014997011,-0.025149488766870634,0.08744884231582914,0.005574157962319217,0.05199112544994755,-0.002910500675489938,0.022402578772233044,0.04943546915792676,-0.04874867964642516
RTN4RL1,-0.020193074673425376,0.0017598404818831483,0.03736334594098186,0.012277174679019787,-0.04197387470695982,0.001137750486591238,0.05755199783667633,-0.02589163494283433,-0.03228032668747355,0.054797101241729235,0.07799602993691926,0.03723053398533732
S100A16,0.041318290561689903,0.06076521082311457,0.012510016280887838,0.0027914603359993407,-0.0015125287973518876,-0.022381504654319352,-0.024688284181254856,-0.009685676953540953,0.06602833592433649,-0.015610924218701354,0.00390762775730507,0.08258997917597188
SCARA5,0.0164219814891258,0.025248111605430446,0.059790089064038314,0.023268929184217687,0.00989965766756857,-0.022769044984756074,-0.02075569959167254,0.024956473737410192,0.04444629759596828,0.04375931194650533,-0.018546660131706312,0.03217777667005979
SCD,-0.027893851981192073,-0.02714680428608266,-0.00021954073366761088,0.03266699481786526,0.009172774036617908,0.05869577942741096,-0.0002406865458684862,0.012374399995097072,-0.04233940896851866,0.038165302001443774,-0.03370008036413784,-0.006787647617744721
SCRN1,-0.006738098548390122,-0.016875606082491192,0.02573032099349832,0.024389487991232466,-0.005733844295839781,0.015373624453794981,-0.0012407680005013903,-0.015405642093523837,-0.004196272449357039,-0.03561408651580562,-0.08109160326183308,0.03041505268569454
SDK2,-0.040757201751585995,-0.04403367859802524,0.06809767575589876,0.023121670392408644,-0.04074284069881199,0.00097880853273728,-0.005498204642182857,0.03745029487735896,-0.0244018538092989,0.01347506523338779,0.013175228338743277,0.014440773457757003
SELENBP1,-0.009854654866849551,0.020782181708408298,0.024599976531839155,0.03141101729796246,-0.08284721959469812,-0.010179201950615776,0.008066570065083111,0.044667693693801955,0.018765883563783718,-0.013671608462170694,0.04506186991178747,0.0654674213019052
SEMA3A,-0.013625867208892995,0.05848819856785398,-0.004180717684194657,0.05553666986970864,0.0033786076354419287,-0.02322147071146863,0.03491905490914046,0.00624358956707906,-0.011563419251374399,0.0021932251440759916,-0.046768193712956437,-0.014908815879014457
SEMA3B,-0.02783509162397247,0.01927503390969923,0.03741533658835215,0.012428066067767432,-0.043865398641641504,-0.07513549479976568,0.010626614972133876,0.09617268640994239,-0.01787414682845617,0.05021039541134505,-0.02261840764077742,0.0021188995047302602
SEMA4B,0.0038076557845265584,-0.07678676962734475,0.0259607176285045,0.028685551675151154,0.022351757809725207,-0.003281563770916893,0.008514939656257945,-0.013793942729793075,0.001663011478218998,-0.00964072178512269,0.01026091225381661,0.007551299370631778
SEMA6A,-0.00020503598207246882,0.031596786124372125,0.03127615106369816,0.05317837058390562,-0.05864159140122383,-0.044058128919535026,-0.04021618532187481,-0.045326255103498365,0.020134922574518384,0.02002619229457488,-0.05718069669601995,-0.022483240378702057
SERPINA1,0.05543986531767788,0.0052511243556424645,-0.05758827353413372,0.028043186524930697,-0.023633048247110527,-0.004391498940995166,0.024669370274131464,0.03125800041625983,-0.0025939094641636087,0.03897862486525169,0.10240950996621287,-0.022751515322920704
SERPINE1,0.037850389500465584,0.04697069161776683,-0.022163500462582367,0.014335147758451154,0.05081235985765751,0.00105716452745761,-0.045443220391542555,-0.015887807271371356,0.031003723020180594,0.05278282011058242,0.04939400601818472,0.0013040665465123592
SERPINI1,-0.010320972927759475,-0.024466393718325756,0.010657854503718693,0.03673225290082042,-0.01641887180803115,0.02021546057458196,0.01961138425074356,-0.059514783194220475,0.0075634891487265515,0.012123335766771052,0.007738746266549752,0.017007101780359052
SERTAD4,-0.010582475105084012,0.06600065720361588,0.03918471613492916,0.02916444253472555,0.0005235036842971559,0.028785929642430715,0.03434345651210118,-0.030795097996554912,-0.05426876813459614,0.02335839790022593,-0.014386532620854557,0.02075209074720507
SETBP1,-0.01346241106765878,0.015695426920899775,0.08814983063990607,0.01983953824399715,-0.010899106941273665,0.07688001815216641,-0.0029735950566342154,-0.05489665392211655,-0.0596101870977921,-0.020018354158697165,0.008595469560669484,0.0034622740571464156
SGCA,-0.004146430500930816,0.002114101473231318,0.0365509550169462,-0.01036979147231639,-0.05608612740990459,-0.005400189738053838,-0.008020830287970834,-0.011196952223427615,-0.03872396790738833,0.02357400236875871,0.042543903860464416,0.06824493315504995
SIX4,-0.011846134047542355,0.07263611767949302,-0.02125977865786629,0.058322233533937534,0.016384512941868774,-0.02671819467913681,-0.020836254814841033,0.015017557910936142,-0.03166390624477532,-0.004236959444949098,-0.062079539659597394,0.04826154671230859
SKP2,-0.04822732465829074,-0.02586823916918455,0.006886598917612181,0.08162427888897969,-0.0077765937759229405,0.05021816682307012,-0.010907372700704356,-0.0031103496843298438,-0.031251367535188465,-0.007559406064799538,-0.03785294152644609,0.02347413095754443
SLAMF8,0.07614856837379279,-0.007788244707889204,-0.024710270147898283,0.044777792542895496,-0.009453821754179668,0.01333389951132894,0.020479779591840757,0.022257340668936455,-0.009526174621990943,-0.00882939559585157,-0.04283370870795524,-0.011567506848132089
SLC11A1,0.060376099371386355,-0.001975456012622271,-0.05144498687775259,0.04709411565993967,-0.00624261269823578,0.011662610179012912,0.032480375818163335,0.0365541662486527,0.04481651692817154,0.04698585207174947,-0.04804844590152908,-0.034727284895269155
SLC16A3,-0.012931558076931887,0.007693267323070102,-0.009442359436379746,0.01236993110344913,0.06118474080837667,-0.028298486726474316,0.0002064189280100593,0.0690670129458273,-0.02804041261326309,0.13391761864287155,0.05353618700643798,-0.09340887455722269
SLC1A3,0.004815690837889385,-0.021017075826298484,0.016782423317083857,0.0462223715575212,0.03265966185303148,0.03895856714558926,0.07075916908831029,-0.013320811336104214,0.02291847522493478,-0.07092677149854756,-0.03806570653362393,-0.06240867984743905
SLC20A2,0.004344765990714568,-0.029814198965208132,0.06020096477946302,0.0027523460685283945,-0.01524716716382216,0.028217813212660044,-0.00421669117783331,-0.004597932802122815,0.02655050804519794,0.02398703712127965,-0.044591374118194256,0.03923932396204653
SLC29A1,0.0055721609257577435,-0.05946060256820205,0.06527206056636123,-0.004294023356468668,0.022515297301892563,0.04250444780183706,-0.02262428222958712,0.0021209384515738254,0.04284853717636561,0.019460754333067317,0.01996599200754204,-0.006015747433814568
SLC29A4,-0.029856914786460263,-0.0375652519797138,0.05892696199177937,0.015931805163208225,-0.012858676088533288,0.016254159158095673,0.07902749489543828,-0.022018403868266652,-0.011524833988289922,0.04408403161791284,0.005891987189356482,-0.03879865479387161
SLC36A2,-0.03406013533952221,-0.06411054539431756,0.053444258548491615,0.01964511373703278,-0.05204814370816462,-0.03673185794451136,0.011251836982138063,0.08969532985644116,0.03584778700183145,-0.023359828700563683,-0.022322778880807206,0.0038110943746474672
SLC38A5,-0.00038087703202308325,0.041504966728773914,-0.03521904801310373,0.00869918919822434,0.021404261517325062,-0.01864102036191259,-0.024117417742204564,0.04160876038737067,-0.028600257913121086,0.01700881654647713,0.09346063567095317,0.059345811344762765
SLC7A5,-0.0319356144899207,-0.015235946164702417,-0.02470472130809044,0.04935602819597228,0.017083407594302418,0.04411652480011836,-0.009808051066145768,0.04253888440607852,0.04728212476402352,0.05560812414060061,-0.014034638251848468,0.009371016498802079
SLC7A8,0.043003515318529965,0.030208321111511047,-0.016891054980863872,0.04120558286022022,0.0056176949696989985,0.031462480021038366,0.028483381288679766,-0.01030929054524201,-0.033679476920821017,-0.032844081403753736,0.04766321970986287,0.020613655333739375
SLC8A3,-0.04841857720793921,-0.05771105241972904,0.056882530733976235,0.024497542996431487,-0.048583361334752204,-0.024260773845761533,0.013379945398000472,0.06560546152514875,0.0013755529131340496,-0.027818278722295427,-0.004418080918577233,0.01993217952992113
SLCO4A1,0.031034732646067792,-0.03839590495839172,0.016412614958611065,0.004632884644032028,0.06771297828549054,-0.07335401067924281,-0.010164763315078588,-0.05408764420647092,0.0009982388293620862,0.11335002519335487,0.059501681738500636,0.057033989292407564
SLIT2,-0.006813959722606216,-0.007429311683825893,0.08166038445035591,0.04387707187830751,-0.026807702412746805,-0.015118130395820065,0.03185555341387511,-0.03820717514296539,0.02428752526970903,-0.03444897748128683,-0.05809482086296239,-0.017671681982311067
SLIT3,-0.014231078168608484,0.002750978037817093,0.07713621479493081,0.028967559220545447,-0.00030560964404717506,-0.006604673965557904,0.02671545952869868,-0.023841984482702035,0.024633729787433733,-0.026782182537088785,-0.003954162110382346,-0.0012324436291122134
SMOC2,0.0006420261529594506,0.07839052541658154,0.05056073563997022,0.01443841335488284,0.01533821327089736,-0.0012879582046127673,0.033025522387470765,0.006157769219010629,-0.02547801379738936,0.013418664001210797,0.02086181179227091,-0.010333947494768514
SMPD3,-0.034646880357675595,-0.05589304602489342,0.05202124347714093,0.02583015136597254,-0.05561695292867149,-0.05994174113040631,-0.002450613111229842,0.07695564544847422,4.5243653256296645e-05,-0.012962030990863606,0.051758673100014856,-0.006499753224349661
SNCAIP,-0.020545704865280373,-0.03931359380443573,0.04441177054352298,0.019962947501855215,-0.028467832296308854,0.028895241067080843,0.0011698553680527717,0.05965607742749686,-0.01278741244812708,-0.012322066761149322,-0.03737927741987415,-0.006375734716164762
SNTB1,0.002525093476913069,0.022560422317414487,0.038378795933587395,0.04031178599336337,-0.00783489141720374,0.0322627266703189,0.004911412985364395,-0.05006055121479083,0.0078000108435130125,2.8287958481091474e-05,-0.05765584620172075,-0.030887364601485015
SNX10,0.04846454755118648,-0.05585421362553275,0.018983081884227586,0.018722247608896646,0.08767413251040927,-0.0563369014555161,0.027215718828515954,-0.021143372251429277,-0.012791559722519647,0.034237167027099884,-0.026837398644262506,0.04663952899300109
SOST,-0.028076966069392504,-0.05208969647462919,0.05287318900993793,0.010902413046424052,-0.07314313619023352,-0.06980588245911686,0.0177996593979842,0.027446102732995106,-0.004829794444698929,0.033299055165606134,0.03215044459823125,0.012662132268948328
SOX18,0.0232139814896044,0.0034099340563776056,0.02830803216603238,-0.002292990667090501,-0.04463923138282396,-0.05777141845111024,-0.029565649847470142,0.014108334024309504,0.13196270913786964,0.061148695791791184,-0.04801906884404668,-0.024893839173396354
SOX7,0.031176507998796902,0.003938708072506654,0.04995692748175456,0.024478833454689514,-0.05886425917702147,-0.0318365460415791,-0.06620292121220363,-0.045445772436544546,0.10790897539352698,-0.04299404775500221,-0.0004660800831162472,0.019546447948591762
SPARCL1,0.03133549285004696,0.0414403593579978,0.03240893033422898,0.011956068685290021,-0.04659450378815663,-0.012430077262659881,-0.06050124626281438,-0.07447764423323987,0.06535087794679562,-0.027825680990016154,-0.010425819470492616,0.040370331126191684
SPI1,0.07038584868722367,-0.05368389210944918,0.013278647387084746,0.02199612830949662,0.05408873536112112,-0.05529353327596577,0.042825064625070616,-0.0006505548640136924,0.008088293248817702,0.011314449774799206,-0.010491458426905414,-0.028039738202453653
SPOCK2,0.04125144062116783,-0.017987098640692024,0.03192972082145491,0.023072931870496836,-0.05943840585037957,0.001152253914868763,0.03335849290738452,-0.07472018135915079,0.0037137393995359206,0.010948640335946292,-0.02742235952705128,0.014960718894369118
SPON1,-0.021999982942986204,0.05502898990638452,0.04276761033782624,0.02430915881923476,-0.009509703418742757,0.008716773857488192,0.049819311231210736,0.023941621427277918,0.004819336438793186,-0.009189963280238527,-0.008611576362370522,-0.007080828717490702
SPP1,0.03478766837721603,-0.061631052977265545,0.03466692452980022,0.015123980118309673,0.038848337668744536,-0.08952058454579342,0.031658979028120274,0.035445056214358485,-0.013859396344001972,0.0066577163961969495,0.036703432075408375,0.021312227141455177
SQLE,-0.0311454208803107,-0.036375891155943904,-0.012955793003665955,0.023035272914077587,0.01166224096252684,0.04659352740713644,-0.02374408163849587,0.036081277609492764,-0.008549894788161634,0.027068140751972315,0.014661506616021436,0.010252892952950315
SRPX2,0.03416307374771491,0.016935242587749574,0.029922220945726698,-0.004502156708855384,0.0862855211413302,0.008274013775795057,-0.030640766791702568,0.06262483193970121,0.015198567377845553,-0.010066309989690405,0.00768127931595861,-0.008283384312479587
ST3GAL6,0.028008046321968683,-0.05432606159148702,0.02645013891466052,0.018029573124279764,-0.008259027613488339,-0.06768482029757414,-0.02254360476194972,-0.06285404734461257,0.02669284391860869,-0.031036810582939306,-0.051151055119124,0.010892874097533317
ST8SIA1,-0.005626236215107954,-0.0034794218742733043,0.04945731435554137,0.03873056250721071,-0.01237349548417277,-0.005979936503273655,-0.0029350789217507875,0.014210072925473107,0.005896211022519432,-0.03233583218006054,-0.04868103281797137,0.0019250108205532933
STC2,-0.006437732333061888,-0.0011369322225612732,0.006491753463506928,0.0024351869382375777,0.012495137447770595,0.02744620516990653,-0.05463740820274273,0.05185077018818574,0.002770145980168566,0.06872133547129572,-0.038905264641242186,-0.07371779541717023
STEAP2,0.012170181056485601,0.035999214028623314,-0.022300962824143327,0.04787906689451868,-0.0025949096041346167,-0.036583526346740565,-0.01832918301910927,-0.0032440358569090226,0.003712796097597366,-0.04046701468107654,-0.011302764046807776,0.04086673643935509
STEAP3,-0.004190641639892266,-0.04670342474990521,0.04109563503764029,-0.00016665197439071685,0.002809349122469208,-0.009902286213863895,0.03909256334695223,-0.02148343619693896,-0.013273319571097139,-0.007150192142456173,0.07950362677520288,0.05626470036570823
STK32B,0.01256965271968249,0.05301372422889185,0.031752121394259473,0.024959528061348775,-0.0007522061056668226,-0.04138535428223793,0.003811705628336529,0.006380645953844329,0.003929425128301446,-0.037261761990043885,-0.05084856185485856,-0.03511203056296255
SULF1,0.03651467653574301,0.019293721140658776,0.06117022208764974,0.008154063253511052,0.05247760582574364,0.008866553709078986,-0.039509227165078466,-0.00519759951674402,0.0192795615682422,-0.008035213503772887,0.010098385819520089,-0.0063303105881586195
SULF2,0.012934092848352105,0.027462643136922503,4.361570747861399e-05,0.043015412322131276,0.007412689249742045,0.028122132299444734,-0.020689742127835385,-0.04565946477210643,-0.020704400993650198,0.004374163536269255,0.0011997420938887034,-0.09013747597430552
SUPT3H,0.006138265192342536,-0.047593811617858854,0.02428592720351915,0.004719195820318924,0.0144191006443716,0.046313823010167995,0.0005118967558277662,-0.014826933544182665,0.02653345231920034,0.012571920548569416,0.0372438850924329,-0.006566360772345297
SV2A,-0.026586826587147356,-0.010872003678954951,0.04041728957374127,0.04900350883482618,0.005863375311847811,0.01566166349733322,0.010769959740965146,-0.048502811569938395,-0.02589280912263055,-0.009798489350303901,-0.029739308933288876,0.0010673301840595367
SYT12,-0.004217151692639202,-0.03674205104002708,0.043982816615414914,0.01062975356641076,-0.024945079807755684,-0.08790460558024525,0.001193478001669821,0.041761692559155975,0.00557927666828812,-0.0015667264909988501,0.060922836372825036,0.028546887089610486
SYTL2,-0.018101167272701935,-0.009723496053353205,0.03566265314602747,0.0012506420716539442,0.00478000953024984,0.009409815171391476,-0.035634245535681286,0.09790890265445164,-0.0145595697834704,-0.09568656338130574,0.02799634020013109,-0.027697593894037087
TBX2,-0.019228380169616126,-0.05351341486342422,0.07428518180257644,-0.0010732700133216488,-0.02630653847131628,0.018685627672194886,-0.011816114291558323,0.03613200800883164,0.017826686862520903,0.012111218460012922,-0.017591826888419294,-0.021474899200760317
TBX3,-0.027001415779364348,0.005471399436369453,0.07072578060291305,0.0181172589602867,-0.0074615280313642665,0.06271082604805021,0.03302627067871459,-0.06457310928505071,0.0006281752068435752,0.025780912246487497,0.03400939635179295,-0.03654171696720138
TCIRG1,0.04365880804716562,-0.06300636002523362,0.03486021807840057,0.012418920466099059,0.09507432981057823,-0.07477489611765267,0.02881173003378846,-0.008634312063776071,0.014355103049179288,0.027527686658687524,-0.024764690974652604,0.02462275298289926
TFAP2A,-0.024685071726633773,-0.001980152452408909,0.006587049195173722,0.03644687439338126,-0.0330933374413906,0.006774036249788704,0.005075177769974595,-5.484871330688201e-06,-0.026241893491139708,0.08878696720601428,-0.025397698877027485,-0.07386331952261141
TFRC,-0.007958165629762676,-0.030330430824677238,0.01086046963673756,0.049324979228709466,0.06358085102654283,-0.0044100752961993995,-0.04992302611769154,0.02921101060461241,-0.05991160982397855,0.023613359864715862,-0.04069321532235051,0.01807778799630899
TGFB3,-0.000658766608825911,0.06723510474933575,0.016213004499546754,0.05812093128977678,0.043094840514819564,-0.027552045467340705,-0.012981092320184491,-0.00310072787074985,0.046579802179668825,-0.021812489659073106,-0.01577831755447802,-0.03372053926882376
TGFBI,0.007316616466592488,0.05325157318907222,0.003026242958885486,0.062198047448407276,0.04642252704431587,-0.030836536858452748,0.06605311463792639,0.029607760364835305,-0.005037835976564894,0.007733938394695613,-0.001211735716978436,-0.03305832708251063
TGM2,0.058596164455997565,-0.011817481755211436,-0.004903594814271137,0.035732503230308604,-0.01454660918274902,-0.02444747449416649,-0.03804334941339799,-0.0008918368246050423,0.07552896840462006,0.007330464876820332,-0.013862110232686808,0.015035071728905596
THBS2,0.011959085812797,0.09174011556773279,0.014865594614782525,0.027286955035595264,0.027792114401805207,-0.0329308991093523,0.01826860876710145,0.04406728984059223,-0.027088371086739473,-0.024777040616645193,-0.025752485189588774,0.01073013214037394
THBS3,-0.0071010634464479284,0.07768800804590592,0.022501053206589426,0.02455997389091317,-0.014406886873214581,-0.039197197969287036,-0.003757428251455539,0.02953195517728999,-0.021079847828639395,0.03611738960893854,0.02961931499581076,-0.011353609548126576
THY1,0.015480334773203002,0.08023329950596252,0.01948690246232741,0.024020740078402263,0.012755407937625262,-0.018997359612533196,0.00328057877854892,0.024819686156398266,0.07261542639562567,-0.03333284729145892,-0.010458372186216421,-0.015587852649863653
TIAM1,0.008913246604034065,-0.012850661573531225,0.05021075191698814,0.06325424852309543,0.06261330942910891,-0.03192045503559664,0.04028415557871024,-0.050576737468614366,-0.019401261444090403,0.021028355501788002,-0.04461158422630491,0.07359813432864583
TM4SF1,0.04939826686677557,0.050460599305540275,0.005909313313439711,0.00850944304269416,-0.008973586112599961,-0.022124908813852387,-0.03396810258841069,-0.025762246489733458,0.08479097623899212,0.005333935050751956,-0.01906174120290809,0.027297129269484972
TMEM100,0.015407951078860777,0.028526612530586477,0.05223478055025816,0.018111143341882224,-0.02289018105068782,-0.018012987091289512,-0.03265781084103617,0.0217198495178838,-0.0063171120094898045,0.06378675065819608,0.030898359187009384,0.009548249255453892
TNC,-0.010251969817268933,0.011261741644164642,0.05581877394691195,0.04438167548916344,0.043949411145172534,0.046042793948267345,0.030073774297065176,0.028257122027518122,0.01891482828187218,-0.060798819993510944,0.01073265182346622,0.01563194996337662
TNFAIP6,0.018677463569603942,0.06926763543294949,0.012170828550119115,0.0392594147398381,0.013275117627278394,-0.039741235737210716,-0.010024901144592455,0.051138266183223105,0.02077677448337792,-0.006439710914530773,0.013583235485005642,0.003909561645714361
TNFAIP8L3,-0.03077901419625633,0.027733394921232467,0.0330704802803726,0.03054788622090577,-0.005737860271294226,0.04409875093838486,0.053127914953625746,0.003526240620503704,-0.009223081760697745,-0.0027825617085919145,0.022968957408552957,0.021084359635014857
TNFRSF11A,0.041947109347381994,-0.05928444121837246,0.04625845341991974,0.01830122674070288,0.0825789273484758,-0.06938585586617364,0.029527734495950867,-0.011363070127848297,-0.034629272219634855,-0.01869993545210602,0.011186193527616212,0.011093633402164465
TNFRSF11B,-0.026854310756065355,0.01922252159559775,0.025680719096372352,0.03341617845003174,-0.04298526617966706,0.01611294180613938,0.022499458148599483,0.06450259997919561,0.02658359048017531,0.066731781403255,0.01962624716832676,-0.004955697257892471
TNFRSF12A,0.022596554746377544,0.0386510762185588,-0.03687408565842106,0.019392706982602086,0.0828041228518014,-0.01864509690845854,-0.0012555279603332697,0.03776938643203253,0.03013277442176017,0.04484409573760047,0.02466564375244968,-0.040789765316562004
TNFRSF19,-0.01926176094096085,0.017467381635732304,0.03259372774810992,0.06206403049507956,0.014220144473930604,-0.0009804786857911287,0.0829957012167089,-0.028579533495869357,-0.03808913247341686,-0.03989535966031101,-0.025564888034820217,0.009491443602890587
TNFSF13B,0.06784454248485164,0.010361508623913957,-0.04367340189583136,0.021166133622252982,-0.062153013810528096,0.023518368456151725,0.013790746044793887,0.03608667047840592,-0.00442203576244166,0.008439849256153665,0.0172092384027637,-0.010369479945544543
TNN,-0.02757121694236385,0.05047708605443372,0.03277748585763417,0.019579896993220967,0.0024501940707618844,-0.01568989991548203,0.042810969420076304,0.09102293075409275,0.005073275562336678,-0.019396689296987894,0.0031090382937748913,-0.02534144392621389
TNS1,0.024348856508827916,0.08394840269277129,0.027607306166807316,0.026628016213558762,-0.004364847027228941,-0.0016953408541354816,-0.029531592125845416,-0.02830360374363613,0.01706722135954389,0.009633866266846187,0.034771689928729844,0.04074905420125749
TP53INP1,0.030470696878487944,-0.017887782919400946,0.04356354464687903,0.024574587855930672,-0.03995652954052852,-0.011343176395171743,-0.007317700923456758,-0.06654061012134924,-0.08121709900303488,-0.010572930034512564,0.027425964304451184,0.03761409972738767
TPM2,0.015619711150329903,0.01740181178238911,-0.01760976958807416,0.003682964936078058,0.03339774267182929,0.0028180903050491046,-0.033482734260304,0.04217820298420158,0.020458123965902415,-0.008411258559727498,-0.060957121660365626,-0.002085828800002636
TSC22D3,0.019017577756365672,0.010998478395524931,0.04411825123993558,-0.013923950944168957,-0.008609097735416842,0.05386860153862593,0.0239768205855104,-0.05139929713495923,0.014223544657376548,0.007786232846135439,0.010227809706790242,0.002494021190780696
TUB,-0.038649672332987536,0.024974615274627455,0.03854660020108329,0.0174911712299581,-0.03762145338459642,0.01348030145719251,-0.02525794521125555,0.0415402851874202,-0.05015342374751829,-0.001979758384767224,-0.0016679485414448636,-0.016893970735815028
UNC5B,-0.020921316944002684,-0.059123954852398526,0.07742907054719968,0.025832505571454886,0.008165622391616612,0.023761101887885064,0.003047292384734092,0.007133452938596929,0.014508709708856048,0.006668502893578751,0.02488231723848544,-0.033625033176683625
VANGL2,-0.021309629490550586,-0.012158414731320484,0.04178784683178474,0.049914418645167165,-0.037949512917498804,0.01801468699374579,0.020254713665738885,-0.07276812088263628,-0.06342537675869633,0.007584431389926276,-0.008084270871883629,-0.04600799646178282
VCAM1,0.0408988963712059,0.03092222259510051,0.032677995725863294,0.03809317250556232,-0.003177481318925304,-0.005148491180999654,-0.012223236449479707,-0.023361201774141516,-0.03004017286901185,-0.02306660742896808,-0.018095351523505523,-0.08539176214855515
VDR,0.0018320740450464353,-0.030309041147821594,0.03924683762605469,0.06494444034455416,0.015602469754158377,-0.017519270175929347,0.05315786759592083,-0.02384817281377246,0.032061329228964784,-0.04452123587163217,0.029963030102656236,0.02771042320127261
WNT5A,-0.016348264060732434,0.00579176293488049,0.01380930131421908,0.04705044372065833,0.04132194756214764,0.013375780296369552,-0.009159599191989425,-0.02904763170243081,-0.05120692464773072,0.04131165846403561,0.03520429031782061,-0.04241574582398956
XPR1,0.01559828979485136,-0.06959511022890807,0.03876224624407846,0.04646639667330335,0.06676093958645782,-0.04967492200831198,-0.040690694621927044,0.013650255861659973,-0.0669771408444632,0.004417053282398078,-0.05848579032641092,0.023293799098347855
ZNF521,-0.0020287512551378463,0.09107522303327104,0.02242710913004271,0.0410682486122592,-0.017000839127314822,0.010444287294744828,0.008322849152905088,-0.008583550762700433,-0.04907154323617021,-0.0003752753348948085,-0.019542977474531358,0.0021547232367791318
