,Factor1,Factor2,Factor3,Factor4,Factor5,Factor6,Factor7,Factor8,Factor9,Factor10
COMP,0.000551878,0.25961927,0.064595625,-0.0039686994,-0.073393345,0.043362305,0.14944479,0.04121908,-0.14059207,-0.12195007
ASPN,-0.024795836,0.29698858,0.0017503483,0.15986668,-0.005228807,0.14401291,-0.11710743,-0.0025876195,0.14662889,-0.18521668
COL22A1,-0.020303123,-0.21383527,0.0009333625,-0.07987074,0.0022918137,0.3310195,-0.012778107,0.111173876,-0.0889168,-0.2026328
CA3,-0.02773611,-0.12920068,-0.0306965,-0.16412649,0.06930617,0.288034,0.05137684,0.12027232,-0.08800703,-0.15355404
HAPLN1,-0.05708999,0.23820987,0.0007107497,0.08822713,0.0012612175,0.0778289,-0.03175228,-0.0799341,0.052079566,-0.23651104
CHAD,-0.001472467,-0.04361252,0.09851433,-0.021600254,-0.11209936,0.3390704,-0.02837607,0.0656316,-0.013788467,-0.13901775
CA12,0.03040185,0.26903826,-0.16925795,0.108242474,0.031737946,0.0025024477,0.09849943,0.14188905,-0.03272928,-0.062943324
SFRP4,0.1074885,0.110056974,0.08959519,0.24906078,-0.118943095,0.033739667,0.08842821,0.03071116,-0.017451938,0.05664235
FMOD,-0.004979968,0.14546527,0.099620186,0.13050166,-0.13905795,0.2109389,0.052601032,0.039757982,-0.110960156,0.12008336
COL11A1,-0.039490607,0.22622037,0.0022896274,0.111364,-0.02612896,0.1590069,-0.17197207,-0.06941907,-0.0091408165,-0.2131108
SFRP2,0.035159297,0.1974797,0.07455073,0.055871826,-0.04252219,0.01953216,0.08121013,0.08729887,-0.109945394,-0.05774154
MMP13,0.017358646,-0.1788826,0.12024224,0.15118101,0.000906859,-0.0026316077,-0.01829707,0.09894781,0.0230902,-0.22214118
POSTN,-0.004313347,0.27808326,0.038385186,0.14883128,-0.004287995,0.04161508,-0.1451833,0.03514462,0.20478077,-0.18927583
SLC36A2,-0.06697229,-0.19236988,0.01886823,-0.15704125,0.05243901,0.4145566,-0.0016647327,0.03009056,0.033164006,-0.17268024
DKK1,-0.009052223,-0.10273652,0.0031623167,-0.14534697,-0.0100668855,0.12999572,-0.09104384,0.048334833,-0.28992543,-0.1640023
IBSP,-0.027967937,-0.20333485,-0.0026555688,-0.017524322,0.0040093404,0.29449165,-0.07442094,0.124977954,0.0012051178,-0.28833476
THBS2,0.042595554,0.3178926,-0.044501238,0.17776956,-0.0016422578,0.107150935,-0.0134171955,0.08845528,0.0143582905,-0.13450776
ACP5,0.08168472,-0.27620643,0.05751305,0.2926086,-0.0050119204,0.0008028068,0.0876318,0.25088075,0.06223995,-0.15119855
CXCL14,0.09397295,0.19257033,0.101675905,0.07418973,-0.13590126,0.1297857,0.015947009,0.05906291,0.0037531708,0.019077355
IGFBP2,0.03874582,-0.02384086,0.06589717,-0.00078754174,-0.08800145,-0.0092696315,0.006770807,-0.10881353,-0.28915107,-0.11733664
FBN2,0.00353694,0.07599548,0.044068713,-0.045270458,0.0959493,0.003514214,-0.20044462,0.06386316,-0.20759617,-0.27065217
C3,0.18622266,0.14340758,0.0539579,0.024617793,-0.09732919,0.12462321,0.018295446,-0.15543203,-0.17834035,0.006456829
FNDC1,0.0023279353,0.22519106,0.0664559,0.13052972,-0.09756362,0.2545975,-0.06602955,-0.0043980936,-0.013535844,-0.10458345
CDH15,-0.0067700455,-0.2272601,0.088843375,-0.054723557,0.029708855,0.298132,0.048101265,0.03192336,0.16480611,-0.06822385
NKD2,-0.083015636,-0.058855828,0.27820286,0.09842532,-0.12034959,0.0020261223,-0.009480325,-0.12052619,0.040948402,0.018843053
RARRES2,0.12804973,0.20977305,-0.030574681,-0.014796623,-0.019403923,-0.001995631,0.059800792,0.10389929,-0.1340916,-0.113066226
MMP9,0.063878216,-0.26926816,0.07263658,0.30830845,0.0021362468,0.003714967,0.054425493,0.22799332,0.0055330987,-0.11778463
IFITM5,-0.056723095,-0.20527999,0.00065613113,-0.15941608,0.0066681155,0.3395514,0.00076828623,0.033806056,-0.0037961847,-0.3270929
MFAP4,0.023288319,0.3211031,0.04248617,0.06923625,-0.035432495,-0.06812069,0.027143048,0.021000782,-0.15124306,-0.1504642
IGF2,-0.06268546,0.020305378,0.26324308,0.020017974,-0.14385812,-0.00043813515,-0.12378582,-0.107804015,-0.27673608,-0.12624827
IGFBP5,-0.0407828,0.11468736,0.17098112,0.07306103,0.07898261,0.025005864,-0.012379045,0.01099411,0.037783474,-0.16510996
COL2A1,-0.11098843,0.08395693,0.050326142,-0.018736674,0.012133651,0.072438926,-0.017354567,-0.0023410178,-0.14508569,-0.3224979
CPXM2,0.015308354,0.09321065,0.19074745,-0.059599224,-0.13271226,0.0237321,0.10064976,-0.046285834,-0.19454165,-0.09664711
PTPRZ1,-0.03650005,-0.17014623,0.06006986,-0.11533246,0.06570099,0.1912015,-0.12491356,0.13818297,-0.25252715,-0.13746132
FGFR3,-0.15299986,-0.010902012,0.10934134,-0.107043624,0.0035862972,0.21321215,-0.03831634,-0.0861475,0.01635361,-0.28226224
PI15,0.044653393,0.2333181,-0.005798339,0.085951775,0.0039648814,0.031170787,-0.048706647,0.12383304,-0.14266883,-0.07253932
NGEF,-0.08881817,0.06641062,-0.023843382,-0.034595434,-0.07165408,0.2840754,0.027174074,0.035098832,-0.16109218,0.025527867
ACTA2,0.08606041,0.15815154,0.14196612,0.07226703,-0.024729092,-0.097821765,-0.0021310197,0.04528152,0.053144127,0.11059923
CCDC3,0.015538354,-0.08087411,0.068358354,-0.09964997,-0.079126745,0.1869214,0.021368664,0.0947512,-0.3223881,0.111735575
C1QB,0.29664746,0.0058861645,0.004524949,-0.1034156,-0.04744703,0.06288373,0.0017222926,-0.28233394,0.040768918,-0.039760858
SOST,-0.05760499,-0.17507708,0.049636565,-0.14254373,-0.0059489543,0.23193252,-0.0324225,0.019211376,-0.18845434,-0.320521
COL3A1,-0.0050539467,0.3312563,0.012369313,0.14420174,0.008629665,0.12963346,-0.1163896,0.13711764,0.19996966,-0.120876476
GREM1,0.06338135,0.12142235,-0.015824681,0.20556617,0.0059615606,0.017440626,-0.042205635,0.055518,-0.044393867,0.04877855
SERPINA1,0.2565173,0.04986844,-0.12312187,-0.017634971,0.060883127,-0.0036274965,-0.0033782274,-0.14946176,0.06601277,-0.017401023
C1QA,0.31063324,-0.004994911,0.0049275635,-0.11642766,-0.051790398,0.05969121,0.009103967,-0.28720593,0.06575572,-0.05891399
LRRN3,-0.06935983,0.07397598,0.08866617,0.058515243,0.029432403,0.059545763,-0.16191104,-0.03444643,-0.07919286,-0.323921
ANGPTL2,-0.015620207,0.33404914,-0.003017688,0.10589016,0.058127694,0.09995613,0.06278285,0.010658415,0.17496708,-0.16325758
C1QC,0.30663556,0.0036913774,0.010258016,-0.09940331,-0.02275484,0.06956961,0.007963865,-0.29645386,0.08078226,-0.053301178
THBS4,0.06376616,0.1634521,0.08188958,-0.024166264,0.0025712685,-0.007948114,0.055457067,0.16910255,-0.24473682,-0.10969235
MME,0.061792728,0.031539913,0.11457786,0.1830685,0.00529914,-0.05211315,-0.0413674,-0.042785,0.048292942,0.033504233
ISLR,-0.017584352,0.16033193,0.19200078,0.105546296,-0.035704438,-0.07793752,-0.0109831905,-0.09878016,-0.042134743,-0.22003673
TNFAIP6,0.07230522,0.24209465,-0.046969164,0.083008595,0.015121151,0.11228541,-0.0010795859,0.10651825,-0.021921346,-0.09068005
CRISPLD2,-0.007593217,0.30102473,0.030733604,0.09036081,0.015853815,0.08324436,0.08309514,0.047839005,0.2267747,-0.21036704
PODN,0.061353542,0.31867006,0.002118868,0.11005089,-0.031037403,0.04858059,0.11981107,0.07734455,-0.04254329,-0.14387126
GFPT2,0.014899534,0.2661004,0.019612644,0.17565668,-0.0011403307,-0.0041470714,0.12259603,0.009869603,0.0057806843,0.011987821
LRRC15,-0.002223878,0.032287043,0.019606221,0.24893597,-0.015671816,0.24541533,0.06847325,-0.004927938,0.04406936,0.08960528
APCDD1,-0.05958171,-0.11711654,0.05741802,-0.10258148,0.11593602,0.23350936,-0.012923841,0.062199015,-0.04206218,-0.31819558
DPT,0.0077109267,0.06841164,0.0008347936,0.14125118,-0.07002987,0.3213707,0.15865806,0.040545877,0.15698884,0.17571954
CAP2,0.02684181,0.17779915,0.06623108,-0.09697044,-0.00079769775,-0.11044539,-0.027896792,-0.028713832,-0.30900568,-0.08011361
FLRT3,-0.04427631,0.09795096,0.1853494,0.14207304,0.09904895,-0.041635673,-0.089387156,-0.057030562,0.16389507,-0.28866088
CD84,0.13688357,-0.25347728,0.028028838,0.33325273,-0.010279368,0.0029365802,0.051327575,0.1807556,-0.055921488,-0.12388185
FST,0.015679603,0.029268032,0.20928796,0.07217501,-0.13570842,-0.0024094218,0.027907003,-0.18737777,-0.13698663,0.14271654
ENO2,-0.03744377,0.09729599,-0.014609216,0.086819984,0.049288496,-0.11215482,0.115995735,-0.09003024,-0.30279517,0.0029357735
C1S,0.12373377,0.17877181,0.13070321,0.11733,-0.1257156,0.051118065,0.1624397,-0.050909664,-0.117727876,0.12686159
GJB2,0.059901204,0.03272562,-0.00025122747,0.26999107,0.045093928,-0.055809036,-0.05100929,-0.020086765,-0.053638138,-0.038734205
FBLN2,0.08447047,0.23214392,0.0064321454,-0.020615967,-0.00026198148,0.12757279,0.049822137,0.17211287,-0.11069868,-0.037812587
KLK4,0.0153392935,-0.1682456,0.051999416,0.017969707,-0.028147781,0.25363854,0.04109227,0.10580666,0.12592502,0.0579945
CRYAB,-0.036228925,-0.11699534,-0.0049212347,0.08616539,-0.035798836,0.002690728,0.10932831,0.21364433,-0.2684693,0.019739395
IGSF10,-0.05875485,0.23424858,0.036367968,0.14339736,0.041809235,0.08018384,-0.015010511,-0.14470124,0.14122164,-0.18284108
TNFRSF11B,-0.063104205,0.09512894,0.029678257,-0.081772804,0.03531077,0.19572787,0.07045514,-0.08853092,-0.057284042,-0.13714147
CD74,0.31853384,0.043991417,0.0045444285,-0.09840638,-0.029471016,0.07473553,0.007587068,-0.24714562,0.032379508,0.0154040875
RAC3,-0.0835683,0.09142395,-0.027304268,0.0119341165,-0.022759125,0.00644516,0.046100844,-0.06487768,-0.0741512,-0.2547939
FRZB,-0.042245608,0.10996415,0.038520068,-0.16701329,-0.0060209436,0.09880323,-0.02369432,-0.014543846,-0.25571054,-0.047504928
COL13A1,-0.10512742,-0.1858838,0.18094142,-0.079347536,-0.0020367086,0.29565224,0.0067680916,-0.015987782,0.004785939,-0.05394823
SLC38A5,0.0057389294,0.15266949,-0.18637794,0.038167484,0.08377607,0.0465846,0.08711606,0.086638846,-0.09452967,0.063953474
HS3ST3A1,-0.034737278,0.09643132,0.12887086,0.08317957,0.08735179,-0.10146635,0.00201532,-0.12580717,-0.034117375,-0.20699069
CYP1B1,0.07145426,-0.014416102,0.19420986,0.12016566,-0.083874844,0.15674554,-0.086845845,0.11348975,-0.15337013,0.21897298
ENPP2,0.023781786,-0.1232158,0.21282353,0.10346313,0.0057083787,0.20565079,0.043252446,-0.069703646,0.06511427,0.013432311
DLX3,-0.085827224,-0.28334254,0.14013486,-0.12232959,0.044455007,0.26451138,0.0021681497,0.0075161653,-0.086120024,-0.0036664968
SEMA3B,-0.060627602,0.07675212,-0.09026338,-0.053368397,-0.0044644405,0.31369022,-0.09622358,0.12573168,-0.15678829,-0.28646103
CLIC6,0.04224597,-0.065135576,0.017971141,0.13219401,0.012820254,0.021243747,0.07302796,0.12031495,-0.1822573,-0.15110904
MGST1,0.15326403,0.019468354,-0.07648065,-0.082627125,0.040710274,-0.052837223,-0.010486323,-0.1345344,-0.14987603,-0.048771463
TGM2,0.23520826,-0.016960371,0.031997457,-0.060041826,0.046263997,-0.026402127,0.08984796,0.09176659,-0.070703946,0.019709567
AMPH,-0.028682914,0.18090576,0.08702827,0.14744693,0.024589619,-0.07142551,0.0369163,-0.060713906,-0.13528636,-0.012608333
C1R,0.09402524,0.1060512,0.17165719,0.1538672,-0.1308862,0.0823858,0.2210894,-0.10406903,-0.01821851,0.2119493
F13A1,0.112205334,0.023180919,0.10170451,0.03837783,-0.08601339,0.08290716,-0.018234849,-0.1810267,0.054372706,0.019910824
MXRA5,0.051606998,0.24296992,0.04813789,0.21863374,-0.021394152,0.14677028,0.0053281845,-0.008202789,0.07450319,0.17243905
SFRP1,0.016019663,0.13627012,0.17553729,-0.010535285,-0.022104543,-0.005999945,-0.007377532,-0.033158418,-0.21192396,-0.23002577
MAMDC2,-0.014989213,-0.16789687,0.08502941,0.034408968,0.026780836,0.34153602,-0.08830836,0.11066641,0.027597591,0.09882688
IGF2BP2,-0.045296222,-0.019898387,0.029620113,-0.009120706,0.072226904,-0.051387776,-0.10760305,-0.03979192,-0.22604042,-0.08174318
CXCL12,0.17203607,0.10748137,0.17195722,0.0065489146,-0.06702331,-0.026145458,0.04084933,0.019837163,-0.10178583,-0.07751398
PRSS35,-0.035903066,0.07644085,-0.036850587,-0.024652548,-0.004244294,0.40641913,-0.058060735,0.12017941,0.0019283264,0.064367436
ABI3BP,0.09874345,0.2547943,0.03747965,-0.0062978095,-0.005608296,0.08723623,0.009665793,0.124540366,-0.2069237,-0.11357053
EYA4,-0.06737541,0.021658266,0.036112417,-0.08854274,0.08654347,0.007838259,-0.1449558,-0.011409764,-0.27818424,-0.26740798
NDN,-0.014132378,-0.00042204713,0.009334574,-0.06294325,-0.004358299,0.015157148,-0.013365332,-0.06526611,-0.24065696,-0.05862451
SERPINF1,0.0296781,0.07724012,-0.047239784,0.11667382,-0.046509713,0.2812756,0.016260652,0.17471777,-0.012616846,-0.3131194
EBF3,0.013793997,-0.04785785,0.24259956,-0.12975985,-0.027899545,0.0679809,0.024797944,0.10253116,-0.043302342,-0.027217936
SLC13A5,-0.055897534,-0.013517048,-0.043604337,-0.124659985,0.09056932,0.26912105,-0.046988346,0.02386901,0.0022148339,-0.39220566
PPP1R14C,-0.018430835,-0.063072056,-0.0016123317,-0.046432596,-0.0012779257,0.02720438,0.050489187,0.037443828,-0.27275214,-0.0019689722
SERPING1,0.14919981,-0.031979457,0.12810381,0.05789303,-0.13724187,0.07743633,0.13614789,0.0018784399,-0.2382502,0.18223354
CD248,0.04198035,0.20476203,0.011566188,0.11325591,0.020452356,0.1580266,0.028476018,0.086192034,0.058777593,-0.24698171
EEF1A2,0.025960477,-0.12711047,-0.0027558224,0.14874743,-0.039106507,-0.013099114,-0.029788457,0.13556693,-0.21871917,-0.18242255
COL24A1,-0.109852456,-0.10559477,0.025123317,-0.054506715,0.10680936,0.38886312,-0.08585797,-0.0025803603,-0.0016699426,-0.108500525
CXADR,-0.08414667,-0.110279255,0.005064343,-0.09920207,0.12809291,0.013999716,-0.00060117804,-0.05490179,-0.33743367,-0.014320808
EFEMP1,0.055027574,0.2065879,-0.020740466,0.024144705,-0.0005819022,0.081567265,0.040557276,0.09283133,-0.23988058,-0.08752135
ESM1,-0.00019436808,-0.053589303,-0.0065945233,-0.08104901,0.08313893,-0.02964565,-0.30110785,0.14258917,-0.06644514,0.055287592
SLC8A3,-0.12642415,-0.17230421,0.05139926,-0.13325468,0.08148854,0.37996763,0.0013164618,0.0020189907,-0.056416415,-0.15623702
PHOSPHO1,-0.07869069,-0.178445,-0.041110802,-0.13987054,0.00080053543,0.37564927,-0.02515275,0.094125174,-0.047502264,-0.21329662
LAMC3,-0.07211296,0.012808637,0.2750377,0.01065345,-0.12794277,0.053011365,0.004597566,-0.11561702,-0.17839621,-0.033053063
PRND,0.10919226,-0.013347731,0.32860476,-0.11674249,0.00557578,0.0026377048,-0.030213445,0.26854903,0.13508876,-0.087537505
COL9A2,-0.07977687,0.08616236,0.0020057736,-0.026598366,0.008945631,0.062022876,-0.00023979157,-0.014547475,-0.027986012,-0.38250586
HMOX1,0.22622542,0.0101618795,-0.09130395,0.061725233,0.09778989,-0.0027624115,0.009582715,-0.012641627,0.0965796,-0.014297028
KAZALD1,-0.12130606,-0.06471189,0.01488459,-0.18532127,0.009823997,0.27933553,0.099114716,-0.010192206,-0.07427547,-0.12656504
DCN,0.0130575,0.20007007,-0.021208784,0.19128698,-0.09304846,0.26636758,0.057639107,-0.016335983,0.045802206,0.18440033
ATP6V0D2,0.08401371,-0.25489897,0.010225872,0.35802275,-0.0069029545,0.005504825,-0.0018742328,0.2206994,0.0046834196,-0.14122361
ENTPD3,0.0147847375,-0.15530218,0.025056472,-0.005604154,0.0756915,0.2971262,0.03174719,0.1413923,-0.03455801,0.13114066
SMPD3,-0.05992734,-0.16916436,0.004698529,-0.13297647,0.077276014,0.3787076,-0.08630935,0.08957825,-0.017971078,-0.2088644
SLC29A1,-0.009995281,-0.19207457,0.24691455,0.038376216,-0.002917898,0.019778736,0.1289641,0.037388213,-0.0128225,0.18085721
PALM,0.003336896,0.12506557,0.072536275,-0.15770917,-0.12278473,-0.005802074,0.08343487,0.024841154,-0.3143028,-0.19813548
SMOC2,-0.018040176,0.25318214,0.09487112,0.17810471,-0.07449625,0.11162889,-0.015342913,-0.002505682,-0.010351366,-0.12914394
TNNC1,-0.02856096,0.017803751,-0.018219452,-0.14744359,0.0003002378,0.050576333,0.055750713,0.04019054,-0.10365082,-0.14454411
CTSK,0.13171516,-0.21793337,0.005087349,0.3678374,-0.0003644237,0.025174323,0.0074636857,0.20955557,-0.009723718,-0.08039663
PIR,0.017865647,-0.09102212,-0.007193851,-0.073801465,0.030106917,0.06111183,-0.01633902,0.058424484,-0.061890267,0.25504136
QPCT,-0.018544646,-0.1404187,0.008060426,0.011435927,0.024372462,0.27723786,0.04231506,0.033927884,0.019336337,-0.050957665
MAB21L2,0.0029475777,-0.06955153,0.0034389386,0.014018424,-0.08804623,0.13351756,0.0042891647,0.024225926,-0.22424555,0.12142888
SEMA5A,-0.047202792,-0.12586938,0.2076614,0.049169037,-0.009891709,0.1899641,-0.080859505,-0.02540342,-0.19520009,0.073766515
STC2,-0.030400494,0.007144419,-0.014702665,0.0052072206,0.008002524,0.045495186,-0.04447811,-0.0014118927,-0.111787915,0.17531925
SLC37A2,0.14568478,-0.24170057,-0.0030259318,0.35745853,-0.0009453105,0.056627784,0.08565361,0.16344115,0.0017674059,-0.14235698
SULF1,0.08257102,0.06056931,0.16466732,0.19190216,-0.05012388,0.070558794,0.0038340057,0.12517262,-0.04636954,0.17213333
SATB2,-0.08819038,-0.26824835,0.13207155,-0.056858014,0.07263448,0.31399983,-0.037899353,0.0057686083,-0.05982678,0.018926209
SPP1,0.13263364,-0.2328558,-0.07474687,0.17938446,-0.002446332,0.16015486,-0.016570479,0.14015554,-0.050202716,-0.21098985
SLCO2A1,0.11290975,0.09588413,0.25975984,-0.1107623,-0.033596326,0.029779198,0.11311249,0.1815431,-0.06009357,-0.006752328
AK5,0.022633044,-0.23186974,0.05578214,0.20542328,-0.044433698,0.13963826,0.011705528,0.0675208,-0.051516853,-0.041663773
NPNT,-0.053748976,-0.008087074,0.26037827,-0.013587934,0.015718104,0.04909693,0.010587743,-0.02356441,-0.07141389,-0.099976346
RGS1,0.22099288,0.014879484,-0.103906326,-0.020354483,0.040777236,-0.006699414,-0.035727195,-0.07715462,-0.02458083,0.0070576943
COL14A1,0.030352121,0.31867772,0.11550003,0.017024264,0.009708623,-0.0068748887,0.01016677,0.09656807,-0.027938172,-0.12938586
PLXDC1,0.018462237,-0.053599387,0.33739305,0.13908917,-0.10302365,0.06459429,0.12909657,-0.16181527,0.09784682,0.14271246
MRGPRF,0.013300869,0.297141,-0.08824109,0.13084538,-0.0203853,0.026924942,0.12909625,0.12993643,0.038356084,-0.13462247
RAC2,0.19034709,-0.2399761,-0.008282272,0.28057957,-0.0038042038,-0.058090378,0.034720957,0.101392746,0.00074786734,-0.16137058
ROR2,-0.03465485,0.27900282,-0.053690366,0.08904144,0.09579705,-0.008857709,-0.09834186,-0.10296814,-0.0393228,-0.24749185
PTGFR,0.0023050695,0.27483568,0.07027051,0.18937998,-0.06332283,0.06494559,-0.0058523244,-0.047257405,-0.010968432,0.042314544
OCIAD2,0.06728047,-0.07779428,-0.00079144444,0.12715451,-0.0062283357,-0.12570737,0.10225997,-0.030249182,-0.18860562,0.21285763
MS4A7,0.30634472,0.07107504,-0.05069856,-0.07301487,-0.00035367152,0.14433347,-0.18948735,-0.20826833,0.07972704,-0.011038077
BAIAP2L2,-0.11185989,-0.092402175,0.04487811,-0.1004665,-0.0025790995,0.10930678,0.051532447,-0.034984443,-0.07819778,-0.16771379
TNFRSF19,-0.05845677,0.06271973,0.15979634,0.1326535,0.07974486,0.02228474,-0.029697496,-0.13725153,0.033919796,-0.25510004
EPHA4,-0.04913378,0.16425234,0.24787642,0.028048635,0.027614858,-0.080007255,-0.043561537,-0.11626492,0.0050701504,-0.34777886
RCOR2,-0.13404182,-0.085772984,-0.085314825,-0.15661311,0.14870399,0.32365525,0.10955922,0.0070002195,0.032888815,-0.25097445
LUM,0.004720129,0.18335257,-0.02293853,0.23640591,-0.12415842,0.29421368,0.0026185415,-0.015860856,0.089728594,0.18784806
GBP1,0.23643355,-0.00023433918,0.07603444,-0.030042915,-0.004974848,-0.10327948,-0.0053308955,-0.18344605,-0.04866726,0.17590277
LHX2,-0.13024352,0.04611822,0.12781715,0.03420507,0.13220309,0.039421007,0.046788543,-0.15214625,0.12121644,-0.12853448
HAS2,0.0045268782,0.24723881,-0.0061707487,0.09573907,0.08686639,0.0074724862,-0.25535995,-0.0116572995,0.137567,-0.15614158
CRISPLD1,-0.051397156,0.13827673,0.20143875,0.10160615,0.033963792,-0.14095494,-0.032910563,-0.23350352,-0.1595995,-0.0709359
OMD,-0.099653095,-0.04437663,0.097240925,0.073052324,-0.013330056,0.404637,0.02206847,-0.029427262,0.14819998,-0.0967777
REEP1,-0.095961034,0.0045896317,-0.038277403,-0.08043392,0.08332439,0.0985591,0.0076136324,-0.03590434,-0.33760327,-0.09457629
NCAM1,-0.11995048,-0.15188822,0.12997761,-0.004856157,0.033715174,0.21804777,-0.0101222815,-0.0048210374,-0.21375754,-0.055785272
SPON1,-0.07544232,0.19572556,0.10470706,0.058429904,-0.00952137,0.15751837,0.0319311,-0.05291071,0.05987762,-0.15570669
APOC1,0.26176393,-0.037212655,-0.12868282,-0.024662403,0.031121977,0.01343907,0.003789923,-0.17118695,0.01959113,-0.06501831
TNFSF10,0.23866735,0.06848944,0.04166283,0.027318422,-0.04813372,-0.011441618,-0.025451243,-0.10277948,-0.061039895,0.21165311
GPRC5C,-0.09142476,-0.076991536,0.061533533,-0.04540486,0.010494579,0.34770536,0.14090565,0.027560806,0.12151082,-0.26054233
SEMA4B,0.02674907,-0.25275737,0.09829282,0.06835556,0.09094819,0.14639172,0.024771597,-0.009215775,-0.02659144,0.012601805
MYOM1,0.016437171,-0.031092709,0.124959044,-0.12573154,-0.02264134,0.006834408,0.00111639,0.10462853,-0.28976312,-0.0635824
PRSS23,0.08503866,0.19591242,0.09699151,0.14261228,-0.051656358,0.00047824258,-0.06935519,0.10652528,0.17790884,0.12715101
AIF1,0.32650143,0.011432082,-0.07753026,-0.077470034,-0.030757379,0.058512893,0.0045053386,-0.21306783,0.053615134,-0.043409318
COL12A1,0.0010354205,0.22338064,-0.0170209,0.2381642,0.0029707062,0.2437902,-0.039153583,0.06476934,0.0978453,-0.09612826
SLC7A8,0.20067047,0.1300639,0.004759216,0.08483343,0.058849126,0.07786293,-0.020241274,-0.16080351,0.04625722,0.01042275
VWF,0.11125419,0.18371975,0.0995757,-0.15865998,0.018168971,-0.0112598585,0.1275987,0.281996,0.019679908,-0.045182347
SCARA5,0.061835162,0.07901577,0.09290502,0.07718137,-0.005703386,0.13673317,0.025347555,0.16584314,-0.086184904,-0.06335295
WFDC1,-0.010203293,0.019676698,0.0022273564,-0.109840184,-0.00900405,0.27854037,0.12875225,0.05213192,0.08796007,-0.24507773
RHPN2,-0.122815505,-0.05823982,0.096560866,-0.17406408,0.05345307,0.06988318,0.010497602,-0.1371208,-0.20176989,-0.25272155
BMP4,-0.07681115,-0.22209606,0.10701671,-0.07904651,0.043720286,0.17400603,0.06598984,-0.15435174,0.013504097,0.07909306
OAS2,0.19296603,-0.021350088,0.07865707,0.005639236,0.0020825742,0.089970626,0.12711304,-0.13471228,0.10470578,0.24347802
GLDN,0.02208597,-0.12756899,0.27027634,0.07901364,-0.075973466,0.1614354,0.10192196,-0.030431638,0.051955592,0.16766381
THBS1,0.06306285,0.1695068,-0.046258014,0.014376936,-0.00020220496,0.14483897,-0.021830132,0.07659823,-0.14536603,0.04663934
PRICKLE1,0.02779923,0.22467,0.0056611276,-0.004727886,0.07646072,0.0006253703,-0.0259845,0.085912816,-0.15920253,-0.2066004
SRPX2,0.06826738,0.05381541,-0.0255271,0.24278127,-0.018386757,0.07200415,0.06540926,0.107991055,0.00013849953,0.25423542
TFAP2A,-0.060536865,0.00585517,0.07334274,-0.03871313,0.05870861,-0.011327304,-0.15089431,-0.107006624,-0.12647913,-0.1470132
APOE,0.23241232,-0.019677388,0.0010365926,0.021116009,-0.06456594,0.008379032,0.061395694,-0.113404155,0.026281856,-0.13402656
SNX10,0.14701442,-0.23393553,-0.03184757,0.31041965,0.00034027154,-0.0676738,0.03735278,0.14705954,-0.10700225,-0.09831089
CSF1R,0.24913876,-0.1779396,0.004994904,0.25189042,-0.0026472458,0.069784105,-0.002210845,0.04126322,0.007642525,-0.104805976
CCND2,0.07912717,0.12409769,0.14829168,-0.053198624,-0.02122399,-0.08566902,-0.00028086646,-0.074826516,-0.2574322,-0.27557665
DHCR24,-0.09209318,-0.11055023,-0.01319942,0.042254318,0.24000406,0.11818542,0.04059509,-0.039513793,-0.06180526,0.031148596
LYZ,0.30420464,0.017096223,0.0054167453,-0.09255381,0.026114896,-0.0040478916,-0.01515721,0.03825619,-0.045041736,-0.03166428
ALPL,-0.09264883,-0.22350514,0.086999744,-0.044236053,0.079483606,0.33537322,0.012687433,-0.008882144,0.12990877,-0.069951124
SEMA3A,-0.017998766,0.21352433,0.0018362413,0.08163925,0.07316435,-0.0124658365,-0.059374444,-0.02384589,0.0070830355,-0.21855049
CAV1,0.1370536,0.23731707,0.08442627,0.0064806174,0.08138082,-0.15546301,0.06953068,0.21966316,0.066331804,0.21832511
BIRC3,0.19186966,-0.18107161,-0.007680039,0.18729763,0.03386584,-0.14184205,0.005539359,0.14349827,-0.12084987,0.004452024
TCIRG1,0.13808471,-0.25365397,-0.00014150185,0.32821798,2.3430323e-06,0.0074634403,0.08871475,0.2120107,0.0004918567,-0.15874332
OAS1,0.17739394,-0.05463383,0.060567535,0.005743284,0.00409742,0.1029208,0.14679068,-0.24490272,0.12375785,0.17620179
LRRN1,-0.019964823,0.024709528,0.13648653,-0.015680756,0.0043392675,0.1159588,-0.026648976,-0.0068761446,-0.15080763,-0.14866386
TNC,-0.04141431,0.064061254,0.152131,0.17129122,0.08186931,0.21666767,0.0951304,-0.0724184,0.12728964,0.06702517
GPM6B,-0.018140135,-0.032133993,0.24213561,0.00012405906,0.104403675,0.0072691753,-0.07352545,-0.12447119,0.068624154,-0.20450225
CD2,0.29189175,0.008323814,0.0047167903,-0.11559961,0.0052291295,-0.0075110667,0.005055086,-0.25876868,-0.01612415,-0.018088263
COCH,-0.019673413,-0.06371541,0.008124619,-0.11889409,0.03712077,0.015656486,-0.051279876,0.0024324656,-0.40091565,-0.037826702
COL5A3,0.05623362,0.07781051,0.27201512,0.012806248,0.004351902,0.02119622,0.050755013,0.20225313,0.24452682,-0.009515876
HSPA12B,0.05328455,0.2290847,0.11249659,-0.0011389232,-0.0064981584,0.030304085,0.07378092,0.1268262,-0.01794954,-0.2155913
WASF3,0.0323879,0.15416038,0.08744085,-0.037136678,0.0032682063,-0.019838946,0.006344201,0.07955229,-0.26552024,-0.18016417
COL6A3,-0.004225655,0.25715438,0.09538595,0.23075658,0.012194895,0.07128293,-0.014704542,0.047017578,0.13374226,0.03854594
ENPEP,-0.041832652,0.04846627,0.2391911,0.082862146,0.07930415,-0.0012403443,-0.21069825,-0.06433884,0.066506565,-0.1292228
S100A16,0.15865842,0.17620908,0.08057265,-0.022570184,-0.05878226,0.0077671194,0.15677412,0.26516616,0.108983174,-0.070775054
LIFR,-0.039532628,-0.23307727,0.20552616,0.033599984,0.06062415,0.1592689,-0.31938028,-0.051337585,-0.012388066,0.175764
ECM2,-0.0044400217,0.23402582,0.13562822,0.17060792,-0.014553795,0.11408275,0.035505142,-0.025078343,0.18341441,-0.004051387
RERG,-0.10660225,-0.05517326,0.101592615,-0.064633295,0.019409826,0.24655345,0.0013567583,0.008975972,-0.17601897,-0.06937049
SLC7A2,-0.019854652,0.17577055,0.12455705,0.0013008747,-0.0013823792,0.03039348,-0.009421824,0.09511822,-0.13499112,-0.12949142
PKIA,0.06264798,-0.012107509,-0.054249823,0.12073739,0.017694939,-0.08931801,-0.26043183,0.22624005,-0.40466037,-0.13447265
PTGIS,-0.016905807,-0.011091556,0.20386158,0.04419535,0.049782258,0.17023413,0.06454481,-0.11258402,-0.054496314,-0.0054873643
AXL,0.0818555,0.14306219,0.12251436,0.086670965,-0.03341392,0.0013180303,0.08999759,-0.062434167,-0.2535225,0.075400345
NPTX2,-0.007914112,-0.045821413,-0.0049818405,-0.016249819,0.120205894,-0.025391633,-0.052767668,0.043994755,-0.23294161,-0.1792667
SDK2,-0.12605691,-0.124743596,0.11123202,-0.079804845,0.039472032,0.28607884,-0.0052317586,-0.025814354,-0.17775637,-0.059866
LRRC17,-0.0026324233,0.19094798,-0.021872021,0.093648635,0.020813873,0.22744071,0.019535031,0.0896551,0.021367898,-0.11897053
GAS1,0.058087688,0.19401804,0.07658847,0.16155572,-0.03791587,-0.025228295,-0.031582676,0.08017439,-0.059283707,0.0590956
ITGA11,-0.016318088,0.11934278,0.10144814,0.36020195,-0.050243657,0.13586651,0.012783628,-0.099502675,0.14192387,0.038667522
ALDH1A1,0.11471926,-0.03697399,0.03424131,-0.011476224,0.10662166,-0.051743716,0.035671547,-0.027719041,0.031011103,-0.18663186
AQP1,0.020959212,0.04208084,0.2518022,0.0108105,-0.11333024,0.14359662,0.1856694,0.006689257,-0.11139849,0.16062643
EPHA3,-0.09488724,0.011425725,0.23793831,0.12530774,0.029129311,0.010340686,-0.16674058,-0.17521626,0.14925456,-0.07012848
BAALC,0.026043039,0.07329749,0.08877993,-0.009491954,-0.016190533,0.008598222,0.040830687,0.111297816,0.011169151,0.0611858
ZNF469,0.02399994,0.25997126,0.018514076,0.17425752,0.038332917,0.08271765,-0.0089302715,0.031304173,0.11368654,-0.09248911
GEM,0.014706308,0.30299404,-0.013995944,0.14005117,0.05297986,-0.031874165,0.1672805,0.04951777,-0.020991288,0.046154883
GIMAP4,0.30347127,0.0012507242,0.00012603386,-0.15352741,0.005195953,0.017744193,0.09802433,-0.22476614,0.047552977,-0.0143027585
FOS,0.06975715,0.0013390799,-0.029954223,0.017460784,0.07798006,-0.01705931,0.12765092,0.16451956,-0.10506271,0.18871807
FLNC,-0.018700156,0.23872958,0.014827693,0.09060634,0.045502968,-0.100267574,-0.1879214,-0.008554361,-0.12333631,0.007571058
CDO1,-0.04931764,0.06545594,0.007164166,-0.068196274,-9.4462004e-05,0.07122485,0.039814353,0.07827532,-0.24167298,-0.20449087
THBS3,-0.015396522,0.26476118,-0.038925245,0.02904016,-0.000356833,0.08270815,-0.114122555,0.07874411,-0.122380294,-0.15948913
DDIT4L,-0.003994528,0.19582452,0.13281809,0.012940695,-0.07675777,-0.008783465,0.025804145,-0.096358895,-0.1800627,0.036625586
CD14,0.24763848,-0.12637511,-0.0020484203,0.21867332,-0.045309633,-0.017836249,0.015689772,0.024573594,0.045104884,-0.13285308
COL18A1,0.0907888,0.11298561,0.21719435,-0.06704562,-0.024769938,-0.07488956,0.09962876,0.24661048,0.11387897,-0.14858587
HSPA2,-0.05947485,-0.06662279,0.16810614,0.023103328,0.057589963,0.027743028,0.11895336,-0.16033754,-0.11823393,0.11562563
IL7R,0.24932443,-0.04034066,-0.07163119,-0.027086262,0.06438234,0.115031466,-0.056491025,-0.13186911,0.07317842,0.13426735
NT5E,0.033216815,0.0051352466,0.13794811,0.24426384,-0.07068985,0.005838082,-0.18255037,0.12135476,-0.05413498,0.20549229
ANPEP,0.074256,-0.16488205,0.053229325,0.2694938,0.08688964,0.09515385,0.06713454,0.030554434,0.20100951,-0.18024111
CA2,0.025747439,-0.23811069,0.0019014876,0.21165258,0.07354816,0.003898447,0.028398942,0.22461607,-0.050391395,-0.11666287
RGS5,0.09596519,0.13678451,0.23734003,-0.08997369,-0.060374606,0.090234995,-0.06794637,0.1760186,-0.051139954,-0.06942522
LGR6,-0.042483885,-0.26473543,0.10922889,0.02792732,-0.0033619148,0.17833719,0.0807354,0.0080927005,-0.21057744,-0.009760114
OGN,-0.07374668,0.24034396,0.045173276,0.17857218,-0.0039935503,0.09948146,-0.26819044,-0.09411006,0.10925935,-0.15794507
VIT,-0.08039045,-0.07848023,0.038181394,-0.08184397,-0.065874465,0.33021772,0.04136244,0.035315447,-0.09788984,-0.05930885
CCL21,0.102899976,0.06339545,0.11500401,-0.07107969,-0.053765386,0.0035400826,0.025710734,0.2389682,0.041621283,-0.015793193
RASD1,0.005277365,0.1372817,0.03163922,0.10963333,0.03296849,0.037186604,0.1228476,0.044163056,-0.0013796026,-0.07831199
EDNRA,0.0028576525,0.16887563,0.18686284,0.10209562,0.030848624,-0.032383513,-0.05007279,0.1402471,0.18722282,-0.07846761
SYTL2,-0.054861505,-0.01731975,0.0065318295,-0.019906288,0.040447496,0.3076292,-0.115787104,0.06849492,0.1276979,0.17697205
PHEX,0.034148607,-0.18188088,0.10303169,-0.028988915,-0.012562174,0.28466034,0.0009219502,0.055221785,-0.097088106,-0.17611559
COL21A1,0.063938506,0.0641111,0.30527937,-0.065987185,0.005069504,0.024231324,-0.14052376,0.17423661,0.16814019,-0.0031583058
SLCO2B1,0.33077538,0.041273445,0.07223806,-0.044548433,0.027396504,0.10020461,-0.047118314,-0.21770446,0.008687222,-0.0040393407
NID2,0.0405893,0.20261846,0.07976795,0.09492583,0.16781698,-0.08880932,-0.3549402,0.1760976,0.0989845,-0.06574413
GPC4,-0.05231456,-0.11669104,0.25927302,0.054034717,0.10599926,0.035461918,-0.03739151,-0.057362624,0.14496209,-0.08846242
SLIT2,-0.01260998,-0.024298713,0.28257042,0.03414025,-0.0057088654,0.087727845,-0.020502359,-0.020368563,-0.04846329,-0.22843553
PSTPIP1,0.13548352,-0.2504138,0.0086078225,0.3058784,-0.059393935,-0.049280412,0.19105683,0.118931755,-0.010938431,-0.20878738
PTGDS,-0.033966582,0.060824666,0.2025468,-0.019403785,-0.015600659,-0.037925556,-0.051760286,-0.16907923,-0.03183488,-0.27804774
OSMR,0.13705508,0.11644277,-0.047971066,0.23310928,0.0037942897,0.13201985,0.087046385,0.17261468,-0.079129554,0.09787764
EGR1,0.06064012,-0.015140524,0.07369182,0.021925934,0.0070512015,-0.0057924334,0.07942959,0.11278771,-0.20365807,0.14197972
TRIM22,0.27580205,-0.0033590782,0.028882429,-0.07665713,-0.0017038345,0.12987135,0.03150638,-0.24729255,0.05996323,0.11168492
LGR4,-0.12186185,-0.0049072746,0.101816826,-0.12887138,0.107001096,0.16598181,-0.1646552,0.05403925,-0.10406387,-0.0632852
STC1,0.0012627289,0.043747146,0.11070298,-0.036028333,0.12382293,-0.16495894,-0.0030709915,0.19996606,0.15677463,-0.023708628
MSC,0.04723374,0.12117831,0.08639523,0.22611801,0.0054428033,-0.17321123,0.021867245,-0.028655842,0.101656936,0.085816115
SLC11A1,0.26860487,0.015126777,-0.09735368,-0.00923127,0.07550809,-0.045763828,0.006965684,-0.1808018,0.06828304,0.0022054396
FZD1,-0.004906332,0.29416266,-0.011037936,0.15917058,0.03044125,0.076874405,-0.339765,0.050039444,-0.004559631,-0.014442928
GPC3,-0.04088569,0.1351211,0.1974143,0.0034460232,0.018407656,-0.052346002,0.0108974995,-0.22353068,-0.25295344,-0.14095286
LRCH2,-0.0028653287,0.13439707,-0.032314867,-0.084209226,0.07789185,0.043000694,-0.04447397,0.090185136,-0.31510326,-0.1915344
TGFB3,0.008457876,0.2339207,0.0915506,0.13081935,0.10063786,0.0131224,-0.015174132,0.16529925,0.17298831,-0.09455514
COL8A2,-0.09311857,0.1528886,0.17537902,0.2513611,-0.077100724,0.004476784,0.0022726574,-0.2520643,0.11626467,-0.21623781
RGS4,0.072714955,-0.14943323,0.13735425,0.35293218,0.0062824273,-0.15141368,-0.00675528,0.14124297,-0.09561529,-0.07984861
PSAT1,-0.09437688,0.0399389,0.07654372,-0.07296969,0.21265729,-0.0739062,0.07863462,-0.20153312,0.11166966,0.0050757513
SERPINE1,0.115288384,0.1590116,-0.041430797,0.12862259,0.014345057,-0.13623366,0.12395526,0.10276959,-0.106283925,0.16906674
DACT1,0.023589374,0.28578848,0.10753369,0.021511862,0.04648455,-0.0089130625,-0.12578458,0.035475418,-0.13501465,-0.032950632
SLC7A5,-0.080746315,-0.012761305,-0.036228016,-0.020088196,0.20704997,0.02898371,0.16557689,-0.06873202,-0.05568709,0.11022842
TFRC,-0.010869631,-0.08329304,-0.04041844,0.16830547,0.18170011,0.10610378,-0.05162817,0.12220915,-0.19101343,0.09950201
SLC6A15,-0.070147246,-0.09016608,-0.005061671,-0.096726805,0.06712674,-0.06117041,-0.09644175,-0.097239904,-0.21350761,-0.08892117
CPE,-0.14113294,-0.14526975,0.102375485,-0.10619372,0.0017346402,0.33728293,-0.18426785,-0.0016492399,-0.037652805,-0.084826075
CTSS,0.32808563,0.042810228,-0.09741491,-0.059846643,0.034512464,0.09357506,-0.056621794,-0.22571716,0.06775356,0.017420294
TSPAN33,0.04122052,-0.12230997,0.10610125,-0.16212384,0.10471244,0.06374582,0.15174006,-0.15009843,0.008866406,-0.20890419
SERPINI1,-0.015481388,-0.084520325,0.15666744,-0.024634268,0.07844512,-0.10086606,0.017359307,-0.082376756,-0.057570066,-0.08440135
TRIM9,-0.05888628,0.018288609,0.27063075,0.19876274,0.020262498,-0.18092799,0.011157474,-0.10943423,-0.041211937,0.1523687
IL1R2,0.13695882,-0.09625059,-0.0155539755,0.15114407,0.009525772,-0.11252276,0.011457055,0.058840983,0.07474726,0.08427096
BAMBI,-0.0953569,-0.27287054,0.056368284,-0.07201381,0.03136217,0.26790917,-0.030329607,0.01736659,-0.046252333,-0.15636519
SLC16A3,-0.057874728,0.02318948,-0.17497961,0.17824733,0.042920336,0.0040233172,-0.16845617,0.025529252,-0.023166757,-0.010088476
CKM,0.06611001,0.011929116,-0.01913541,-0.08601178,-0.017891914,0.035016097,-0.0033100538,0.10250242,-0.14856842,-0.07644935
MAPK13,0.14624651,-0.08497366,-0.12336382,0.20150405,0.09113901,0.0045141317,0.13113524,0.14789657,-0.048668817,-0.26656216
F5,0.1541895,-0.054002173,-0.04750854,0.16903958,-0.053231563,0.15248418,0.12902196,0.21203879,-0.15341897,0.10117112
LRIG3,-0.02548997,0.24704672,0.10429964,0.09661374,0.055545036,0.015979886,-0.080905505,-0.042686295,-0.06594366,-0.06843614
LRP4,-0.07192281,-0.18818346,0.15869942,-0.03448375,0.085174,0.23541012,0.053587314,-0.03638352,-0.06772336,-0.0053617153
IL2RB,0.24473685,-0.008747195,0.028535033,-0.08636393,0.052645396,-0.0021957315,0.047384743,-0.18026397,-0.07954266,-0.004412006
ITGA2,0.0870553,-0.19380133,0.13665573,0.19034375,0.08912513,0.0049938997,-0.05320779,0.356672,-0.02240513,0.028642157
C1QTNF1,-0.009425822,-0.1920059,0.10678021,0.0076273214,-0.11935101,0.34652352,0.004648739,0.08974386,0.0026289686,0.14828344
BMP5,0.008252367,0.051899176,0.06812959,-0.0777395,0.0018713699,0.060251866,-0.15304618,0.031245776,-0.056710068,-0.2828128
CYP26B1,-0.07190267,0.12584281,0.2749051,0.09051927,0.009606322,0.086894,0.111147396,-0.085558474,0.06397803,-0.030772116
NRIP3,0.0735725,0.0054546366,-0.070392966,0.19552815,0.08830399,0.015839575,0.054578133,0.25712544,-0.12131074,-0.18935217
IRF8,0.32473,0.03192518,0.026779296,-0.13750194,0.002976877,0.019198857,0.00921777,-0.18162808,-0.12892348,-0.015523409
EPHB3,-0.061858226,0.27986163,0.081952095,0.13831316,0.068029895,0.1378197,0.10761637,-0.08288303,0.16994041,-0.16298129
FBLN1,-0.012028431,0.10653819,0.26382166,0.19946875,-0.09322315,-0.01805872,0.11112545,-0.122367695,-0.0632571,0.011314881
RNF150,-0.008366787,0.12297096,0.19437474,0.017408095,0.02860269,-0.04872924,-0.028545953,-0.052468963,-0.124828726,-0.27979487
VCAM1,0.13078761,0.08857494,0.124374844,0.116968505,-0.0088257175,-0.050283004,-0.37319794,-0.020585759,0.008506833,-0.015673824
BAIAP2L1,0.010483556,0.008503278,0.105787866,0.2757546,0.046226487,-0.17242,0.025311658,-0.10344249,-0.05986367,-0.18331984
SEMA4D,0.13640714,-0.27358302,-0.0030946322,0.16942081,0.012626223,-0.038234044,-0.0052274712,0.095357105,-0.13747711,-0.1427233
HK2,-0.04893787,0.091074035,-0.1646722,0.08335057,0.21189915,-0.0282549,0.015082227,-0.010235304,-0.14764437,0.010157447
TFPI,0.15411282,0.04777655,0.1565479,-0.051352367,0.07067564,-0.018488558,0.019525759,0.3898669,0.08044894,0.053209253
IL11RA,0.0001586546,0.21956488,0.020505464,0.012153738,-0.007190356,0.0014834024,0.0068864054,-0.06342674,-0.27747345,-0.31363022
PLEKHG4,-0.109661914,0.13986665,0.013042125,0.07444363,0.05628854,0.08389012,0.12896837,0.018977487,-0.016018389,-0.13042167
ZIC4,-0.07506263,0.10305019,0.18238828,0.13631038,0.0015212691,-0.080824465,-0.072974645,-0.1528325,-0.18086125,-0.012388572
SAMD9L,0.21215121,0.012004034,0.11566215,0.020944184,-0.0011045807,0.04009344,-0.24862947,-0.17256343,0.04432407,0.3000066
TGFBI,0.044810027,0.19718748,-0.027704282,0.22332683,0.088399045,0.08071589,-0.028208507,-0.021339294,0.15929295,-0.21179402
HERC5,0.122370176,-0.14062963,0.10489181,0.027165502,0.020781832,-0.027752966,0.05991047,-0.15683547,-0.064781256,0.14115028
RHBDL2,-0.10300512,-0.20569184,0.034265604,-0.09354739,0.010122426,0.41333765,-0.002569865,-0.06941986,-0.006566802,-0.06817312
AHR,0.12178026,0.201518,0.10068535,0.00045630708,0.02435951,-0.01017771,-0.21578245,0.051657185,-0.13103428,0.11049308
TM4SF1,0.18091488,0.15462333,0.104810946,-0.01854465,-0.050310913,-0.1118859,0.12122342,0.21852224,0.009981808,0.018173432
VANGL2,-0.06251211,-0.033008244,0.2421528,0.0035840077,0.044028364,-0.060803775,-0.17221789,-0.15239435,-0.17179917,-0.16140251
MMP2,0.003461928,0.2713508,0.021027401,0.1567657,-0.05581564,0.21547128,0.08163773,-0.038167268,0.019649876,-0.05198331
DTNA,-0.03007326,0.023868833,0.026425295,-0.17732003,-0.010306994,0.009076235,-0.040273935,-0.0122697055,-0.42115608,0.039834972
BGLAP,-0.030163564,-0.1365882,0.17396304,0.037407592,-0.1257456,0.21824932,0.1385858,-0.10178142,-0.059642266,-0.026704716
ITGAM,0.310781,0.0066464036,-0.06617512,0.062307864,0.032968972,0.007367051,-0.12068246,-0.17136182,0.038846105,-0.07549955
ECM1,0.08173522,0.097565226,0.0063846014,0.12494996,-0.031305145,0.12939012,0.26293382,0.092986494,-0.18651551,0.19490197
ANGPT1,0.007669919,-0.12634519,0.10288469,-0.14776067,0.092118844,0.17515561,-0.2207634,0.09493296,-0.021556512,0.039234284
KCNG1,-0.08942982,-0.014772568,0.018373199,-0.015225474,0.112971276,0.030559214,-0.117706716,-0.026707394,-0.1149561,-0.14947678
TRPV4,-0.14152534,-0.010971905,0.001958934,0.010394224,0.057573125,0.2957523,0.13373335,-0.066511124,-0.06767275,-0.1752136
HEY1,-0.05503772,-0.20445922,0.21801955,-0.10148082,0.05838555,0.04621367,-0.18965733,0.027408801,0.10167955,-0.042329926
COL6A2,0.017201658,0.24183926,0.111043185,0.23276374,-0.058754325,-0.010136539,0.0821999,0.055163633,0.15051173,0.036239766
GCNT1,0.054002076,0.062481765,0.0042173285,0.00038836844,0.06537595,-0.020512646,-0.035191063,-0.06638319,-0.0789526,-0.001263023
PIK3AP1,0.26200864,-0.12601782,-0.0062315795,0.0877587,0.003781297,0.05494556,-0.3499214,-0.065566786,-0.064050615,0.086667895
GPR137B,0.107524075,-0.20388442,0.03402967,0.36152005,-0.023781156,0.0014509992,-0.095068306,0.20088403,-0.11977973,-0.05765913
SELL,0.19890231,-0.13093595,0.06635372,-0.010989198,-0.054525364,-0.023189384,0.17292936,-0.045628227,-0.0499295,0.123870604
ARMCX2,0.028841635,0.1466616,0.011869439,0.03476337,-0.010947961,0.08733604,-0.12478516,-0.055791672,-0.123230375,0.022062125
KCNJ8,0.07086409,0.15146527,0.1510461,-0.17376494,0.0013266787,0.023056535,0.08142239,0.2353902,0.0004141144,-0.12693867
ITGB2,0.3217473,-0.01832317,-0.059144903,0.025323812,0.0021595627,-0.00094122696,-0.0031033615,-0.17295623,-0.003923338,-0.008093505
DKK3,-0.0014143656,0.27351546,-0.029132262,0.09245028,-0.02059492,0.061893545,-0.087595396,0.032355767,-0.057077933,0.020460587
EDIL3,-0.020191966,0.23493907,-0.029393656,0.21207188,0.004695965,0.057279445,-0.22151197,-0.04415115,0.1620302,-0.18233903
CLIC3,0.03827576,0.035426755,-0.07253422,0.23502307,-0.03732898,0.13796231,0.009222443,0.16456287,-0.10962451,-0.065686844
CNTNAP1,-0.051760845,0.07566468,0.28404105,0.087307796,0.07762452,-0.052536823,-0.0029209992,-0.15162608,0.008489026,-0.14580375
ZIC2,-0.044980787,-0.06539361,-0.0072429394,-0.097933054,0.13442144,-0.11622586,-0.055593375,-0.039529674,-0.23038018,-0.2283736
EGFR,0.001400355,0.26422462,0.11415031,0.1613716,0.052833542,-0.0858138,-0.073597774,0.0123509,-0.023375573,-0.058115743
IGFBP3,-0.0065172515,0.15951306,0.18188292,-0.016162517,0.053460617,-0.122469805,-0.00020590475,0.13066643,0.27746102,-0.017074147
TBX2,-0.06831084,-0.16941315,0.1717468,-0.049886476,-0.02402549,0.2900517,-0.00079491764,-0.0058099786,-0.052067902,0.031071138
INHBB,0.046639603,0.12944761,0.026349628,-0.0022939073,-0.0022628496,-0.08383531,-0.13502596,0.15230116,-0.031441677,0.0049102814
ABCB4,0.05345002,-0.22831796,-0.0068910364,0.29050535,0.013233914,0.0084239775,-0.09421164,0.26924914,-0.07479429,-0.068892725
PTGES,-0.03078054,0.103023574,-0.11054987,0.016294114,0.046056587,0.07644329,0.0074765775,-0.054202512,0.005943308,-0.13913591
FGFR1,-0.08561667,-0.08862294,0.20080712,0.19152702,-0.0043924237,0.1824653,0.021998392,-0.15166505,-0.109682314,0.13228135
RGS16,0.08631748,0.17028803,-0.0076635364,0.019292563,-0.02998151,-0.16537781,0.03651254,0.14575289,-0.1764021,0.008855319
EYA2,-0.0074675283,0.14523588,0.066766135,0.14869757,-0.07414403,0.0014700163,0.0028900167,0.0735141,-0.0013345805,-0.1434096
LDLR,-0.06266589,0.051689554,0.021892654,0.06349453,0.18456161,0.048190404,0.07924464,0.022205094,0.026497465,0.1418007
SERTAD4,-0.048119187,0.23567805,0.16189823,0.10718138,-0.0043052523,-0.0074956915,0.02189232,-0.08580592,-0.15592568,-0.076676846
SPARCL1,0.11192154,0.14425166,0.2832632,-0.1482821,-0.04589035,-0.09583024,0.08190869,0.23864788,-0.0069064302,-0.0033085519
DOK6,-0.021947851,0.014066972,-0.009532161,-0.05975671,0.10889479,-0.014254227,-0.054180797,0.11124276,-0.18370926,-0.24319687
C3AR1,0.32131973,0.06366328,-0.006463494,-0.009913555,0.001906759,0.13108042,-0.1222849,-0.25512207,0.06388867,0.055556066
TLR7,0.30171573,0.006489565,0.089033745,0.0072863367,-0.017538114,0.12558092,-0.09523838,-0.24830398,0.009806939,0.07908058
FNDC5,0.004774024,0.17112036,0.016412018,-0.010052629,0.03836818,0.015998619,0.068633065,-0.09849895,-0.15318555,-0.115522206
IL18,0.29827842,-0.029934678,-0.008616179,-0.0647766,0.004698259,0.09018747,-0.266179,-0.12806708,0.03384424,0.01389221
THY1,0.04844075,0.2781879,0.047033906,0.07600029,-0.00672093,0.046911765,0.033871982,0.094986916,0.11244156,-0.07082347
LTBP2,0.043209318,-0.006868756,0.27147064,0.10994427,-0.13411796,-0.008590186,0.010025143,-0.13111624,-0.13116282,0.10813288
WNT10B,-0.09638006,-0.085956305,-0.053516276,-0.032123487,0.049645577,0.1690181,0.011605659,-0.040467594,-0.18666384,-0.28637475
NFIX,-0.10036852,0.255312,0.11759959,0.06832819,-0.010263139,0.1677014,-0.031246407,-0.12564154,-0.002522734,0.08685331
LTBP4,-0.018616855,0.19207777,0.15477547,0.0015541106,-0.11732279,-0.030322867,0.12369859,0.011749557,-0.2683859,-0.12557615
PDZRN3,-0.034248803,0.2475101,-0.07463408,0.00918332,0.0060299723,0.05640404,-0.30049995,0.10539645,-0.085915565,-0.120928675
HOXD10,-0.06754128,0.035120595,0.12199847,0.055637043,0.02750376,-0.009328113,-0.0026669188,-0.06371709,0.05318577,0.11251825
PDGFRA,-0.02947257,0.007874537,0.16066068,0.11648632,0.024149096,0.1769731,-0.03892106,0.044283725,-0.0010969996,0.11243283
AGTR1,0.008386668,0.12680416,0.15692973,0.061303955,-0.00020514856,0.016688181,-0.0013750958,-0.0046234494,-0.09517745,0.109289795
CRTAC1,-0.06523033,0.08807297,0.117967404,0.0044143577,0.0020693417,-0.059651036,0.02110268,-0.089005865,-0.011015395,-0.28666326
ITGA10,-0.091213904,-0.1400552,0.14587283,0.023575103,0.062303007,0.18561128,-0.04529642,-0.0035697685,-0.079758085,0.0010825499
OSCAR,0.12933004,-0.24257624,-0.0087861335,0.33314404,-0.014119409,-0.0006710973,0.10524797,0.20783284,0.0030353302,-0.2659327
ADAMTSL2,-0.03197606,-0.07415245,0.18014097,0.0031978223,-0.055674415,0.2329488,0.04946285,0.112953626,-0.1267637,-0.02255104
GAS6,0.09283106,0.1260275,0.22489546,0.055285607,-0.18073158,0.033114832,0.1132726,-0.08856955,-0.009513996,0.054332443
TLR4,0.30920333,0.065491095,-0.033604387,-0.05818515,-0.0006533552,0.044619665,-0.047526374,-0.07865493,0.018235756,0.04622771
HSPB6,-0.04606798,0.19552603,0.007960551,-0.0013574078,0.027497467,0.010744542,0.13015454,0.06491102,-0.0521893,-0.026702972
NINJ2,-0.025267206,-0.049414665,0.08779844,0.104476064,-0.09135405,0.16981189,0.2072029,-0.045465417,-0.031697895,0.019539388
MSR1,0.2973732,0.07768675,-0.091818914,-0.017490776,0.043323934,0.10913186,-0.10238564,-0.2562331,0.08825212,0.046385262
BASP1,0.014991856,0.17422473,-0.028839935,0.12721819,0.05023932,0.023728807,-0.16322464,-0.09900639,0.15214145,-0.26114866
RSAD2,0.13731897,-0.063719876,0.03969282,-0.02553959,0.046329483,0.10926463,-0.07238575,-0.23147674,0.059861638,0.15937668
PTPN22,0.13080524,-0.24980722,0.0096345255,0.32941243,0.0038133205,0.0008688797,-0.013844916,0.18344417,-0.045013558,-0.13311085
SLC20A2,0.010134124,-0.11251028,0.1894417,-0.003154333,-0.032399263,0.12031432,0.094259664,0.048430376,-0.031296425,0.012538695
TMEM108,-0.05731021,0.05613561,0.13820417,0.07297776,0.082994215,-0.104731634,-0.049080137,-0.22912103,-0.17175084,-0.10494181
PAPPA,0.063767724,0.018975079,0.12764193,0.12106405,-0.030705716,0.07682056,-0.16322759,0.09491752,-0.08553103,0.25104183
FEZ1,-0.030386733,0.06514603,0.075810775,-0.09334976,0.012000214,0.014114531,0.057235844,0.049189012,-0.23473081,-0.25859222
PLEK,0.31212035,-0.10767354,-0.060882613,0.10056008,0.04452466,-0.02590752,0.017084496,-0.050319735,-0.004324696,-0.0044653094
SELENBP1,0.006795433,0.09551282,0.010500216,-0.16238686,0.023835372,0.22875182,0.043831605,-0.026444202,-0.085465044,-0.16880366
CLDN5,0.14899641,0.01796049,0.19193293,-0.15965864,-0.10532266,-0.077887386,0.11323767,0.2854151,0.22738266,-0.17421977
CD4,0.27371272,-0.08515559,-0.0911423,0.09267427,0.05615229,0.009517473,-0.04254376,0.04071818,0.04595603,-0.10299948
BMP6,-0.07866505,-0.15949953,0.18088667,-0.10862944,-0.056135967,0.13056788,-0.023617014,-0.13628136,-0.0141939465,-0.0007706452
FZD2,0.023056675,0.1897279,-0.031458568,0.105919346,-0.00073894643,-0.060099706,0.0444925,-0.06294567,-0.07826204,-0.2012015
TMEM100,0.038686473,0.094999224,0.08104733,0.031464137,-0.027288537,0.07790634,0.00803595,0.08592858,-0.25265,-0.004934118
LXN,0.010809235,-0.14552364,0.1609012,0.003661123,-0.038127363,0.058713317,-0.008208859,0.059216585,0.0803493,0.12514539
TBXAS1,0.30729085,-0.006644646,-0.12138229,0.07583584,0.0012639785,0.11098667,0.0005180782,-0.09324673,0.03718493,-0.047847543
HOXB9,-0.066817895,0.00023005785,0.119208865,-0.019020146,0.03632358,-0.023016097,-0.020011164,-0.15941481,-0.014636979,-0.0936994
NDRG2,0.0041180006,0.024276778,0.12406567,-0.13375631,-0.11029404,0.024552919,0.22089139,-0.01682559,-0.44990984,-0.060395215
SNCAIP,-0.05847882,-0.11293414,0.09394905,-0.06925602,0.03560703,0.1970996,-0.04178152,-0.062062394,-0.000516608,0.029557806
DPP4,0.057615384,-0.21840361,0.045868378,0.34911528,-0.0061644344,-0.0057330513,-0.27198157,0.19338295,-0.04696652,-0.12879565
GALNT3,-0.07160154,-0.17149556,0.12214658,-0.042051595,-0.0044602877,0.26675367,-0.16513662,-0.04850857,-0.11957594,0.07977196
IGF2BP3,0.030339777,0.0128276665,0.002021132,-0.1618334,0.20251729,0.028458137,-0.15129526,0.24272428,-0.10414939,-0.20335938
ADAMTS1,0.0010761122,0.2569524,0.1543769,0.0016573245,0.13944133,-0.019931477,-0.009373854,0.14435405,0.08496235,0.0005582118
OAS3,0.15294707,-0.039125387,0.038454194,-0.010751518,0.059508614,0.10095267,-0.07302619,-0.14389537,0.049168527,0.2756397
PTK7,-0.030981343,0.11630873,0.14552285,0.15121919,0.1328181,-0.06557985,-0.010042873,-0.13908757,0.16677645,-0.20212695
IGFBP4,0.1456828,0.14420429,0.19796656,0.06679502,-0.05194041,0.03728571,0.045086607,0.018550465,0.04187601,-0.13525756
FZD7,-0.026390871,-0.085878536,0.2272204,0.096750796,0.03996142,-0.010388,-0.1648936,-0.021419704,-0.16208863,0.19350572
KIAA0040,0.12490367,-0.23408988,0.0459648,0.28529325,-0.059104577,0.028987808,0.09320622,0.22492996,-0.16514935,-0.07784148
ADAM22,-0.07773281,-0.00194215,0.02838695,-0.14663146,0.14170499,0.16215663,-0.023053523,0.010441336,-0.25170982,-0.10637835
LOX,0.002587734,0.09824804,-0.24199519,0.0042638937,0.08161063,0.35506806,-0.070689425,0.18859884,-0.18601723,0.09463538
GPR68,0.11938502,-0.15643379,0.004819126,0.37458697,-0.0013898413,-0.01033384,0.08978691,0.20713966,-0.06484145,-0.11788629
KERA,0.036050014,0.13448834,-0.011383629,0.039965454,-0.017550647,0.1734989,-0.01155594,-0.034183897,-0.056179713,0.1346957
ID1,-0.12621649,-0.05696732,0.03666909,-0.012749095,0.024093186,0.0674122,0.14213325,-0.040173307,0.24297068,-0.18213788
OLFML2A,0.092435144,-0.029236663,0.4243162,-0.054118574,0.009205697,0.07738091,0.004740728,0.12734698,0.075711496,0.06639227
AKAP12,0.034925006,0.05307487,0.065995425,-0.16537681,0.13931423,-0.09903976,0.030842027,0.052508548,-0.30912977,0.06300594
MMP11,0.037106425,0.02410389,0.13448347,0.14732453,-0.016732,-0.04198293,0.019572744,-0.11724433,0.088936195,0.02963712
PDGFRL,-0.016778708,0.15165722,0.058218375,0.14918675,-0.11421103,0.24188823,0.1642961,-0.038486805,0.00266749,0.04837113
SYK,0.25494748,-0.16032873,-0.0125959115,0.17556074,-0.011345651,-0.0060486314,-0.07710463,0.0335845,-0.03867596,-0.13626155
GPC2,-0.020664003,-0.021866709,0.09320525,0.015663013,0.16495441,-0.015107095,-0.06723297,-0.0594203,-0.07379325,-0.2604052
IRX2,-0.07956727,0.0059408,0.077828065,-0.024145003,0.01857504,-0.008541543,0.021027094,-0.18325818,-0.063861415,-0.19242737
IFI35,0.17399713,-0.09005264,0.06579015,0.017396532,-0.054108597,0.0074088853,0.17371808,-0.22121826,0.10952324,0.18158387
ADAMDEC1,0.16582106,-0.08088267,-0.020179031,0.012803472,0.028613461,0.002885268,-0.042989712,0.13340369,-0.019031303,-0.08551729
CTSH,0.19901006,-0.03244261,0.032873657,0.022481607,-0.04525785,0.020319466,0.09498702,-0.2929399,-0.036522266,0.13427466
CADPS2,0.08237701,0.054655496,0.10507269,-0.02432547,-0.002543788,0.11791586,-0.04196715,0.17502166,-0.18077596,0.08839325
ADAMTS4,0.062078215,0.21317698,0.06592015,0.11714252,0.14575219,0.012369353,0.022425858,0.20508623,0.2988029,-0.011423737
WNT5A,-0.05160946,0.02519998,0.09084368,0.1411244,0.110526524,-0.033603128,-0.087589525,-0.04418405,-0.07155783,0.012542585
PLTP,0.07471656,0.045727406,0.05385018,0.037197836,0.010353228,0.04067292,0.10136382,-0.18796954,0.095693246,-0.34990227
IGSF3,-0.05511761,-0.16456118,0.18943514,0.027487962,0.101492986,0.19036263,-0.018704673,-0.0757224,-0.0012018147,-0.108142644
TUB,-0.12165941,0.09775414,0.052209318,-0.034286425,0.028921196,0.20928122,-0.16873163,-0.015912585,-0.088834375,-0.063955486
HSPB8,-0.063443474,0.058120314,0.0037040862,-0.012607154,-0.00772489,0.06689604,0.070839725,0.07110943,-0.18078992,0.19702205
DLX1,-0.11291043,-0.097656995,0.04046021,-0.11207979,0.17384894,0.056263402,-0.021652203,-0.07594574,-0.076394916,-0.017999593
ATP6V1B2,0.12197237,-0.24637148,-0.00041605125,0.3478684,0.051135503,-0.0022882398,0.009800122,0.20362161,-0.06387782,-0.11366
LAYN,0.035769645,0.12492146,0.1750282,0.07057121,0.01890382,0.004691233,0.09797542,-0.013460576,0.14834072,0.07346267
FN1,0.06878836,0.110448115,0.091202706,0.22837177,-0.016764946,0.14822163,0.06972492,0.109115176,-0.05625875,0.25606766
SPI1,0.25069654,-0.21006879,-0.00092531735,0.22602536,-0.0052109784,-0.029870726,-0.050173294,0.05682324,0.073156156,-0.10875652
CDC20,-0.08166358,-0.025195425,-0.0629349,0.0069082016,0.34313318,-0.007853962,0.12652208,-0.082707115,0.09108392,-0.028664509
RARB,-0.019845836,-0.21872748,0.15215078,-0.07241247,0.06526998,0.13540296,-0.023077747,-0.05420465,-0.18715979,0.0046012998
SULF2,0.05375578,0.11183529,0.17199387,0.050895806,0.035562787,-0.14178066,-0.29903853,-0.025935493,0.03469567,0.03268828
CALCRL,0.14446041,0.055000834,0.25387362,-0.16266046,0.009070274,-0.006131152,0.015667442,0.31740713,0.023695452,0.114718564
PITX2,-0.10493139,0.03455961,0.12910028,0.00322043,0.0009580454,-0.15588252,-0.01957966,-0.20673911,-0.21416123,-0.08893595
RBM20,-0.0018584687,-0.084164955,0.052150052,-0.18865263,0.024949769,0.022995783,-0.05715226,-0.01935617,-0.21181554,-0.27708197
CLDN1,0.12762496,0.17580684,0.08815154,0.024033079,-0.038144186,0.022978233,0.021039156,-0.09145128,-0.29267475,0.020636383
SIX2,-0.08654922,0.0674002,0.21687444,0.0934001,0.024193447,-0.1297897,0.0125411,-0.16117623,0.18545346,-0.1585501
HOXC8,-0.083744735,0.048614927,0.090911075,0.058645524,-0.08129856,-0.026583236,0.026353564,-0.121487595,-0.1320657,0.015207926
C1QTNF3,-0.0058018067,0.33466157,-0.1051125,0.08638877,0.0018202241,0.07910083,0.029909287,0.032888066,0.0019036003,-0.13981408
SLC29A4,-0.107797734,-0.12395046,0.19819027,0.07050775,-0.007728632,0.08934032,0.010749072,-0.17967223,0.001748394,-0.18000834
MYLK,0.016600685,0.07848206,0.24648234,-0.003596847,-0.026750142,0.19868283,-0.106359005,-0.091578074,0.0069528976,0.19014753
SPOCK2,0.1538449,-0.07921908,0.22682476,-0.08036622,-0.06442608,-0.08659768,0.04765224,-0.08283481,-0.18371563,-0.14234413
AOAH,0.2854653,-0.045508802,0.0052042967,-0.07033675,0.0019056124,0.00724301,0.0011245939,-0.19742791,0.0559405,0.021126859
GPC1,-0.14195937,0.046509534,0.075249694,0.06443558,-0.010584839,0.18788743,0.0363305,-0.14740564,0.14063723,-0.15604354
LRRC25,0.29073605,-0.11405923,-0.016998664,0.16229811,0.004884528,-0.02285817,0.013401632,-0.05707367,0.13619904,-0.16102782
OSR2,-0.09015815,0.14238912,0.071637504,-0.07733414,0.07508524,-0.02360633,0.10344278,-0.006878714,-0.1258496,-0.066399254
GALNT5,-0.07441543,-0.058119327,0.18043558,0.11952396,-0.022150721,0.26916373,0.012874697,-0.103886455,0.057785533,0.12933311
CACHD1,-0.13078792,0.014264646,0.20933907,0.014281458,0.061341163,-0.012553579,-0.29532024,-0.16384599,-0.1538721,-0.0534945
CDC42EP5,-0.012636595,0.10500366,0.023195561,0.027268453,-0.15567864,0.06663674,0.102896184,0.02544349,0.0690719,-0.15970346
MATN3,0.0026716585,0.09460644,0.1551906,0.091455646,0.028609522,0.023790624,0.1052779,-0.1535259,0.05501252,-0.11268665
ISG20,0.1975007,0.015878178,-0.03212964,-0.002530858,0.038680498,-0.10225955,0.09142834,-0.2084614,0.09465005,0.11737417
ITGA4,0.08071178,-0.03357283,0.00036295658,-0.1262686,0.17780244,0.011818677,-0.16098249,-0.10274682,0.0042975154,-0.13788116
EBI3,0.2774758,-0.1097241,-0.015508288,-0.00031887475,0.000936407,-0.01664596,0.0013654594,-0.17677787,0.004276491,-0.17975093
FBN1,0.09784263,0.2332234,0.09780031,0.1634369,-0.0036923573,0.02783688,0.024825795,0.10380314,-0.11877719,0.20392814
ARHGAP30,0.33226594,0.0046821097,-0.049972076,0.008192702,0.031250298,0.042696886,0.0710657,-0.15581149,-0.07930033,0.00031540354
PTGS1,0.15112285,0.075907975,0.011339258,0.15283677,-0.031318873,0.12047102,0.01857097,-0.033492886,-0.061094064,-0.24805205
GABBR1,-0.08062051,0.063308045,0.15351942,-0.012167353,-0.036278274,0.05858435,-0.0014007181,-0.043442443,-0.22070526,-0.101848334
F3,0.046575997,0.004915168,-0.1010002,0.0068277414,0.04574716,0.04494522,0.07469366,0.085171804,-0.14588283,0.12821828
NRXN2,-0.0401595,0.06830362,0.24603143,0.0125201335,-0.08775032,-0.0928669,0.05028769,-0.081717275,-0.14335404,-0.08857247
PROS1,0.06460898,0.028842876,0.16510926,0.042205974,-0.032390486,0.0374636,0.0027154384,0.10257589,-0.16494772,-0.1520263
BCL6B,0.10888068,-0.026199494,0.40117198,-0.1612671,-0.004116748,-0.03271038,-0.018702976,0.32462943,0.28098115,-0.038401984
TNFSF13B,0.29952395,0.072017424,-0.08569423,-0.10644558,-0.00055734016,0.0546241,-0.014979676,-0.19731107,-0.04886518,0.03741909
PPFIA2,-0.06305627,-0.18700671,0.23354971,-0.0024523423,-0.06420498,0.14593874,-0.01621111,-0.12595217,-0.0649019,0.08936691
IL1RN,0.24294141,-0.046909567,-0.0014140018,0.0021312148,0.046562117,-0.081174076,-0.0064600497,-0.11924492,-0.0506012,0.1048796
TNFAIP8L3,-0.10688225,0.112305775,0.12990832,0.0332958,0.0348507,0.13050617,0.09847376,-0.13833709,0.027497295,-0.078431904
LOXL3,0.030885527,0.17270306,0.019613927,0.13685301,0.054923795,0.026727524,0.1512622,-0.06664991,-0.1485123,-0.09810329
TSC22D3,0.012727144,0.01451748,0.18762185,0.035005413,-0.14335023,-0.06806003,0.06992935,-0.15273342,-0.09686861,0.06616232
BMP7,-0.07675615,-0.046447437,0.0064182035,-0.05571172,0.09985086,0.012010323,-0.092357464,-0.022130128,-0.22829226,-0.27779835
GUCY1A2,0.084779665,0.15742163,0.06456326,-0.0752048,0.070431136,0.06914431,-0.047557,0.2533699,-0.06529195,-0.060070176
BNC2,0.07674891,0.2717801,-0.0013652056,0.1922034,0.07350131,-0.062361762,-0.1021864,0.12497311,-0.085096166,0.049824484
PDK4,0.11791524,0.039090473,0.033678267,-0.12421736,-0.0046797623,0.033084337,-0.15465811,0.1367139,-0.1645183,0.071275316
RAI2,-0.0013473895,-0.08410097,0.18960015,-0.12110236,-0.13276291,0.22551805,-0.019260146,0.049302556,-0.12196469,0.061402775
CAV2,0.1285477,0.23530404,0.06361932,0.006045346,0.017063662,-0.18459025,-0.00044624598,0.17897098,0.010452507,0.1323439
STEAP3,-0.017981587,-0.17786473,0.061879225,0.0017528082,0.0039135157,0.2424507,0.16381067,-0.0072085112,-0.08838589,-0.08964583
CDH5,0.1641975,0.0049171005,0.3750487,-0.16804162,0.03131239,0.0009862718,0.03384071,0.36392316,0.25023332,0.0017994046
LCP2,0.2881208,-0.110852495,0.124411754,0.01652487,0.0026339993,-0.03186542,0.0077418243,-0.1680403,0.069168374,-0.02952043
ANGPTL4,-0.09612476,-0.05555298,0.16744703,0.030478751,-0.025440842,0.07413687,0.16351524,-0.09171719,0.14520402,-0.0011359632
COL15A1,0.14172964,0.14181377,0.18660913,0.0532028,0.0806425,0.0045382073,0.032265205,0.25262344,0.16013005,0.15744129
C2,0.24398968,0.05622337,-0.07363912,0.106001586,0.020034201,0.027236087,0.06422111,-0.09064933,0.047410283,-0.0073085115
LSP1,0.16304328,0.20989685,-0.007311423,-0.0054680845,-0.03379307,0.07212532,0.067763574,0.12870131,0.06471761,-0.024783855
FHL1,0.02430222,0.2709291,0.06219996,0.049271617,-0.006016139,0.017724287,0.013755597,0.014059016,-0.1444373,-0.046987135
OSM,0.1740044,0.027373472,-0.08143171,0.008753974,0.14012629,-0.15606406,0.060684256,-0.031378806,0.12072692,-0.03330204
PODXL2,-0.046747625,-0.023245668,0.0017090661,-0.06525384,0.07328648,0.0019059534,-0.0077893143,-0.028584192,-0.14390698,-0.4208879
SEMA3C,0.051762972,0.2843806,-0.116870336,0.05212256,0.025860848,0.0029546095,-0.28169087,0.024584712,-0.16554664,-0.016788129
HOXD13,-0.121372595,-0.11372637,0.17121266,-0.044720113,0.12452548,0.053502377,0.06014631,-0.19780153,-0.05680287,0.03129683
DNASE1L3,0.17652205,-0.04795528,0.224692,-0.09070477,-0.07627873,0.013699584,0.029563818,0.05609181,0.08219409,-0.020627012
COL11A2,-0.11604525,-0.04441067,-0.002205191,-0.12797913,-0.0012621448,0.22301736,-0.08149714,0.042824727,-0.15363806,-0.29368043
TRIB3,-0.050306905,-0.028772559,0.04245631,0.008488306,0.13633592,-0.049133193,0.18516809,-0.13545407,0.17436475,0.007601135
AEBP1,0.027318766,0.2083923,0.06411239,0.28412017,-0.10392568,0.10359841,0.027473044,-0.0105381925,-0.017939026,0.044892415
MMP12,0.09148307,-0.09076749,-0.08037709,0.14558567,0.031997625,0.0012323571,-0.09820754,0.15126948,-0.05160871,0.014399143
SNTB1,-0.00069227593,0.09194099,0.21646526,0.024137331,0.0057934206,-0.04064377,-0.014661177,-0.053958356,-0.042524654,-0.010547125
MEF2C,-0.03791299,-0.22378686,0.1141344,-0.14623338,0.039004378,0.26548985,-0.031186543,0.010484157,-0.2501227,0.022147767
COLEC12,-0.10132162,-0.13372844,0.21529329,0.09590325,0.0037999337,0.21964884,-0.062092833,-0.073713295,0.025702178,-0.0016431767
ADORA3,0.2937577,0.03493464,-0.0048153396,-0.059954353,-0.0020057857,0.034014776,-0.10839161,-0.24530464,0.0011184481,-0.018710889
SCD,-0.0790087,-0.067131095,0.016262036,0.007070534,0.13897598,0.12479224,-0.03266885,-0.1467846,-0.069861814,0.11369063
LSAMP,-0.052425668,0.038496368,0.12277625,0.050548833,-0.002669731,-0.033429075,-0.002347505,-0.09024865,-0.12384336,-0.10207614
GIMAP7,0.29516897,0.024140997,-0.00067711965,-0.15544716,0.0025196364,0.008444299,0.012802854,-0.2157636,-0.043751895,-0.019890679
RGS2,0.115552105,0.034058623,0.007221049,0.06305097,0.010712351,-0.15348658,-0.18598703,0.09089826,-0.097396195,0.13008608
CD36,0.08064384,-0.09004316,-0.08741814,-0.09965388,0.06534094,0.38461685,-0.168549,0.14848958,-0.043237068,-0.055625018
SLC35F2,-0.0427749,0.12202527,-0.1288161,0.009387318,0.1792881,0.11422025,0.05751401,0.040622175,-0.06656002,0.044774953
NAALAD2,0.0072051967,-0.11543692,0.13760374,-0.020669095,-0.016464874,0.11898761,0.029858314,0.103384025,-0.16228409,0.03675526
CFI,0.14902215,-0.005527388,0.052186795,0.052701246,-0.07773503,-0.09751256,-0.026303539,0.121462524,-0.23940657,-0.07078075
PLAG1,0.0004416407,0.03382626,0.09432731,-0.029521134,0.046525326,-0.10423139,-0.1985441,-0.03566282,-0.25074512,-0.27189985
CPNE8,0.0022282952,-0.01434606,-0.008703208,-0.00067693775,0.00025348552,0.2101662,0.13206144,-0.0034666103,-0.23684007,-0.038996857
MTMR11,-0.051725116,0.13683829,0.17053385,0.07207024,-0.06767269,-0.00013778516,0.042206436,-0.09151,-0.20759141,0.03356103
EMILIN1,-0.08657415,-0.04449242,0.16862237,0.18498819,0.08603491,0.09736919,0.0008570783,-0.18038858,0.1876882,-0.17500152
BCAT1,0.0361813,0.15711488,-0.2034422,-0.0091921445,0.20574903,0.0066851135,-0.0727065,0.120623454,-0.19027707,0.002856201
LRRC32,0.10928537,0.19932763,0.14586218,0.018456783,0.017633624,-0.009954877,0.020393202,0.18375336,0.13899566,0.062578924
MAP1B,-0.0009257335,0.108944885,0.010122061,-0.00981623,0.1431536,0.19167483,-0.03504048,0.13481548,-0.0767913,0.3153507
GLRB,0.006402372,0.077310205,-0.029541623,0.08258026,0.062547654,-0.016141428,-0.009928993,0.1241378,-0.27932432,0.05197955
HPSE,0.18258299,0.047144525,-0.08903237,-0.05043214,0.11905826,-0.0049275104,-0.227291,-0.12563851,-0.12859328,0.13904588
TMIE,-0.019438297,-0.08858795,0.0774571,0.06930969,-0.002240085,0.20814057,0.006664762,-0.02540686,0.019970689,-0.0829891
MGLL,0.022346664,-0.12562606,0.28347588,-0.10983834,-0.09616447,0.09627438,0.1721498,-0.009385197,-0.08760405,-0.01687511
IL1R1,0.03712625,0.013277118,0.1621467,0.1405246,-0.066910274,0.15196963,-0.31695467,0.05016375,-0.0074926987,0.31188962
TAPBPL,0.19346298,-0.08874947,0.10773325,0.017600203,-0.033386156,0.009044441,0.12296626,-0.106514364,-0.0067412695,0.14471754
SGCA,-0.019892039,0.004537139,0.034857124,-0.07071707,-0.068362735,0.118264206,0.029225592,-0.00956948,-0.2584461,-0.05512824
CHPF,-0.023016,0.17038143,0.051968724,0.05700444,-0.11129816,0.07744735,0.088447414,-0.06879441,0.11079218,-0.10133081
SUPT3H,0.0064842543,-0.16414516,0.15691648,0.0153200505,0.0070767687,-0.0061449283,0.07976175,-0.041552365,0.076002456,0.089501694
MAP2,-0.06656886,-0.1808117,0.26695868,-0.07276434,0.0288369,0.02234289,-0.08056109,-0.07531483,-0.13911468,0.1351166
PRICKLE2,0.036136862,0.29173476,0.00051657116,0.13742843,-0.0014022316,0.04163396,0.047119487,0.12125648,-0.15606451,-0.02830818
NQO1,0.053574044,-0.052684516,-0.020004528,-0.030426035,0.046869494,0.009520891,0.11989027,-0.022152442,-0.014703054,0.26109883
XPR1,0.053317893,-0.2480884,0.0091476645,0.23012342,0.124405466,0.092141435,-0.16173102,0.2070887,-0.23993354,0.016101751
EYA1,-0.007449736,0.014117845,0.16847727,0.13029474,0.066437155,-0.008143375,-0.2774018,-0.10102977,-0.044312645,-0.11718472
PSMB9,0.20852438,-0.09305479,0.017660933,-0.05809241,0.0045454237,-0.016402755,0.1117429,-0.16728534,0.089787945,0.14391786
LAG3,0.16162261,0.017347028,-0.011522442,-0.06036769,0.004097909,-0.01317366,0.07236238,-0.14510787,-0.049622655,-0.25312927
ALCAM,0.121086344,-0.008812002,-0.015679779,0.04140313,0.021699907,-0.035139583,-0.34462437,-0.023433592,-0.21678028,0.06297517
LAPTM5,0.28630686,-0.15068017,-0.017383013,0.19309486,0.0022621902,-0.007352865,0.0023699824,-0.00673846,0.031987656,-0.09305944
SGCD,-0.123486206,0.09682597,0.12266555,0.09582864,0.002706899,0.27128646,-0.2678916,-0.0528926,-0.108101755,0.046826493
SLC10A4,-0.08704628,0.05041366,0.054395113,0.08656891,0.088022046,0.007862512,0.047560647,-0.12112268,-0.051339336,-0.054967064
SLCO4A1,0.09466158,-0.1806415,-0.009552136,0.21766144,0.0034872463,-0.12758565,0.1279066,0.28014666,-0.17153007,-0.14799997
MCOLN2,0.1549177,-0.17197655,-0.009535311,0.123547226,0.0054873885,-0.17177862,0.050977435,-0.027662588,-0.16324078,-0.073387764
STAB1,0.28051612,0.08004305,0.11198699,-0.030021518,-0.004004854,0.084703416,-0.0021912486,-0.007584361,0.16702302,-0.11765828
MYH10,-0.02980741,0.07801813,0.19232264,0.043564055,0.05107254,-0.011477406,-0.049636748,-0.17215753,0.036662377,-0.12357659
PYCARD,0.301505,-0.056720503,0.0073020523,0.032193895,-0.05527083,-0.0026883332,0.091977194,-0.20862955,0.02967502,-0.056151055
NFKBIZ,0.105409056,0.15001617,0.008444786,0.0046711895,0.031386804,-0.057050154,-0.020704055,0.046817284,-0.09769179,0.13685027
IL21R,0.18787043,-0.08996111,-0.0026034035,0.044331737,0.0036112282,-0.013376957,-0.033851586,0.04638069,-0.07458312,-0.089388825
ANKRD35,0.0130826775,0.13778009,-0.037412986,0.089894116,-0.020054184,0.120330654,0.19278094,0.12398812,-0.100284114,-0.22345917
PTP4A3,0.07982158,0.084654264,0.14425042,-0.18982811,-0.044353344,-0.025127344,0.06814176,0.24051891,-0.022907194,-0.14860785
TP53INP1,0.11588323,-0.069009654,0.1799834,0.005041824,-0.021936426,0.029917756,-0.07794882,-0.009414209,-0.25503236,-0.083612144
NOTCH3,-0.025784759,-0.028671104,0.40861297,0.10893322,-0.0006056275,0.01451004,0.01544121,0.02173538,0.19949894,0.04407484
PPARG,0.12925668,-0.07563608,0.1265101,-0.055529878,0.04833313,-0.002046704,0.0041249837,-0.11415822,0.18820445,-0.009679089
CORO1A,0.31090572,0.0042079883,0.04042732,-0.07989334,0.062563814,-0.039061736,0.038987663,-0.24547052,0.07614902,-0.060887214
BACE2,-0.0016532716,0.124943286,0.16027613,0.14530072,-0.08039948,-0.014745828,-0.01919263,0.0316551,-0.026024189,-0.0688084
CDK5R1,-0.05371618,-0.032662064,0.12579867,-0.001697189,0.056123447,0.20932347,0.024665568,-0.042788822,-0.02893421,-0.049860798
SEMA6A,0.047484923,0.11997311,0.20205216,-0.1106199,0.054838352,0.0040750774,-0.07872978,0.18070222,-0.08445726,-0.20439227
NEXN,0.029980611,0.18453987,-0.08920732,-0.12030713,0.0025678475,0.084591605,-0.093754046,0.15056549,-0.13898894,-0.04050838
HES4,-0.023251377,-0.12559275,0.31033733,-0.121825166,0.060663056,-0.027142264,0.10320101,0.10220558,0.13678347,-0.030456023
LCP1,0.29174885,-0.1487363,-0.10522705,0.15911852,0.03044246,0.0046192273,0.002617184,0.023602482,-0.08311103,-0.05303748
MEGF10,0.06448602,-0.11042443,0.1897064,0.2566345,-0.021126624,0.026758865,-0.0044040624,-0.05121176,-0.1289241,0.05779712
EPHX2,-0.059818998,-0.054175384,0.19565834,-0.020208871,0.0034966324,0.013676344,0.045235522,-0.147611,-0.23611559,-0.098311506
PLA2G7,0.18753737,-0.0050736615,-0.14353094,-0.023694135,0.10649603,-0.018715585,-0.028383471,-0.032178942,-0.0113653485,-0.015528658
MAF,0.12997332,0.21649389,0.10098499,0.0066344575,0.005899244,-0.0019825236,0.021669928,-0.072331615,-0.0553235,-0.11288954
CCDC68,-0.04512367,0.048336215,0.02048668,-0.028992083,0.0387307,0.18962839,0.015616181,0.010445097,0.007079652,-0.04493643
ADAM12,0.04801205,0.07563488,0.005185648,0.13936959,0.12696949,0.11855518,-0.07216905,0.19388917,0.037814364,0.06725889
THBD,0.13553213,0.101462506,0.16280633,-0.10499977,0.004893973,0.17993347,0.08854056,0.19967633,-0.025252586,0.086579576
HERC6,0.1779074,-0.0725076,0.06338678,0.009723353,0.006535372,0.06969384,0.06232241,-0.12898888,0.07819975,0.24564822
FAM20A,0.07974676,-0.10102727,0.103412926,0.17177688,0.07704558,0.013095319,-0.12998313,-0.08490722,0.123630814,-0.12199215
WWC1,-0.00410495,-0.11632391,-0.021523342,0.19533986,0.1271292,0.029023992,-0.013908388,0.03473109,-0.12576813,-0.16946717
TEK,0.20105022,0.059466995,0.29172966,-0.114256896,-0.047973394,0.07395247,0.03393055,0.2943749,0.11512941,0.013116041
PHLDB2,0.068172276,0.24816687,0.12596492,0.12862766,0.00096510217,-0.045150973,-0.28126845,0.01679052,-0.025930105,-0.013726906
LZTS1,-0.09693267,-0.101812735,0.13112578,-0.07801471,0.0637002,0.3425272,0.062330652,-0.005733197,-0.06591653,-0.014578501
PCDH12,0.10758239,-0.06656293,0.44830328,-0.12042173,0.004736348,-0.007131155,0.087539226,0.2621574,0.32764944,-0.040506944
TMEM26,0.14607795,0.047989722,0.09035646,0.12732512,0.10156947,-0.04060842,-0.19352478,0.18317322,0.04943069,-0.037015606
PARVG,0.33096996,-0.036676224,0.008861796,0.035758942,-0.0024390747,0.014926462,-0.015846403,-0.18138833,-0.015945163,-0.07881932
IFIH1,0.16249096,-0.10955723,0.14643037,0.032469757,0.0062504485,0.07231056,0.04262588,-0.17409022,0.010003202,0.25328124
KIF20A,-0.05135878,-0.043483563,0.03328342,-0.0074016843,0.37953928,0.050997615,0.04199565,-0.06308996,0.05653484,0.10643962
RAB20,0.24639273,-0.060792454,0.017845588,0.0072274534,-0.004327677,-0.16211683,0.021072185,-0.16332021,-0.04224164,-0.119205706
GIMAP6,0.33203772,-0.021029478,-0.0011174071,-0.05519884,-0.009631748,0.06116314,-0.004875037,-0.13736431,-0.04064693,-0.08463184
PLCB2,0.21864791,-0.20961092,0.026833003,0.16222976,0.003992552,-0.0077025234,-0.0035318658,-0.02319422,-0.044063423,-0.22063641
CD86,0.3041361,0.07310721,-0.048397586,-0.0061367555,0.022240996,0.092573635,-0.0074034077,-0.23797801,0.034266807,0.09620389
FOSB,0.0030507012,0.03360077,0.019238947,-0.012101655,0.056203015,-0.030002456,0.18646501,0.18708448,-0.0919023,0.18269822
ST8SIA1,-0.0025668642,0.007657094,0.16646975,0.011361014,0.027155101,0.11779655,-0.024676602,0.0106483465,-0.059153125,-0.073326685
ARHGDIB,0.26823094,-0.070481636,0.06602134,0.012311632,-0.106546074,-0.09989546,0.07944735,0.025824124,0.04898738,-0.011918624
CYBRD1,-0.0010303917,0.11393394,0.17296226,0.09568259,-0.06822166,0.20182173,0.09522908,-0.057894815,-0.082660876,0.37537757
PDZRN4,-0.04936798,0.16459519,0.04201811,0.11138336,0.06670885,0.027630866,-0.011470908,-0.039720964,0.018157214,-0.32563597
KIT,-0.019433552,0.017373625,0.30285433,-0.05446361,0.013028717,0.04390574,-0.1987452,-0.05563115,0.06927187,-0.0023313295
PDLIM1,0.066653624,0.17023101,-0.044224747,-0.0030817883,-0.0028705548,-0.004738951,0.1349796,0.25392532,-0.13409665,0.06957578
SORCS2,0.0060242563,0.2810931,0.06293588,0.10561513,-0.0020288837,0.032313988,-0.045861814,-0.059470654,-0.05675424,-0.21660578
GJA1,-0.034276765,0.005431743,0.00029459648,0.18329889,0.07311466,0.19270672,-0.3297653,0.09227825,0.107373156,0.055158544
CDH23,-0.05698504,0.11098141,0.14536111,0.09691136,-0.017837977,0.11468509,0.053243786,-0.053378284,-0.14235508,-0.016044158
NKG7,0.22905254,-0.022660846,0.0077454974,-0.13135286,0.0027112237,-0.11308166,0.064653575,-0.24203753,-0.051510617,-0.0390156
TNFRSF12A,0.072113454,0.12093128,-0.15190485,0.20972797,0.06091061,-0.124795996,0.004516956,0.06331588,0.07311452,0.0782195
MYO1F,0.32609457,-0.0034019449,0.001229361,-0.028291743,0.0032223586,0.02013197,-0.06648687,-0.2295033,0.024341995,0.00052039116
CCR1,0.18977256,-0.23030072,-0.0020217488,0.29453373,0.009684787,-0.00011025452,-0.09913018,0.14556117,0.0009072752,-0.07130889
ARL4D,-0.09564235,-0.12061094,-0.021700112,-0.059934717,0.14952046,0.16409786,0.015450505,-0.053306572,0.09534446,-0.17334433
SIX4,-0.008031514,0.27331063,-0.08449402,0.08980534,0.15100119,-0.0028972218,-0.020519415,0.09649359,-0.15899687,-0.083750226
DUSP1,0.10092575,0.0951566,-0.03532268,0.016256763,0.001401301,-0.07659213,0.1475587,0.10421759,-0.07935219,0.214673
ADAMTS9,0.061945006,0.0039575486,0.19427586,-0.13124496,0.05465609,0.19456357,-0.009443018,0.21471524,0.06331067,-0.17255022
PLCB1,0.003502841,0.20930557,0.08883158,-0.12624821,0.077502005,0.024007307,-0.31452864,0.1494359,-0.060368013,-0.0496566
EPHB2,-0.060732618,0.28770435,0.042920027,0.042658087,0.06855906,0.016940514,0.05539234,-0.16534853,-0.04406141,-0.19469446
EDNRB,0.18077855,0.03195627,0.17297255,-0.13477944,0.004761584,0.027973149,0.080592096,0.20973717,-0.0017761132,0.1361882
ADAMTS2,0.03746262,0.09687088,0.02000475,0.031657595,-0.09903522,0.38931125,-0.022677537,0.07945215,-0.03106085,0.052148122
DOK5,-0.066528596,-0.06786887,0.0026163643,-0.07332898,0.10692112,0.16856067,0.036914878,-0.11012319,-0.044910587,-0.103449464
GULP1,-0.022200909,-0.010489506,0.16148809,0.00832138,-0.014115722,0.15878598,-0.0039090235,-0.006809875,-0.20730597,0.1474736
EFHC2,-0.0013674205,-0.002547054,0.09057761,0.00972772,0.044345558,0.0669883,-0.2017646,-0.07890612,0.0842262,-0.01465101
NETO2,-0.040359,-0.03405939,0.010478732,-0.07812069,0.16652207,-0.04726048,-0.17781672,-0.035803653,-0.089716844,-0.056358043
PTPN6,0.33073598,-0.06275904,-0.036864348,0.011518928,-0.0018776475,0.0021200988,0.061913084,-0.13153683,-0.075998895,-0.027090007
HEYL,0.06850318,-0.052231397,0.28640503,-0.10293709,0.016840657,-0.0031236527,0.010903391,0.25431105,0.14812948,-0.101235434
LAMB3,0.03758314,-0.1256291,0.14203236,0.07938868,0.009189992,0.0058106496,0.117145985,-0.0058660815,-0.06075052,0.04331058
SV2A,-0.097520575,-0.029957648,0.19685541,0.05045936,0.077949524,-0.026105417,-0.03470769,-0.07392936,-0.14377104,-0.07603307
LY96,0.2576247,0.03883756,-0.01180175,0.11893471,-0.06496836,-0.011524485,-0.13847554,-0.02566801,0.1254964,0.056864083
SLC43A2,0.29785833,-0.030383425,-0.04457804,0.108306214,0.006559601,-0.032528173,0.057579104,0.019644799,-0.101374045,-0.03686181
PTGER4,0.17483664,0.10562648,0.09550652,-0.012736241,-0.01842662,-0.05767674,-0.11483345,0.057879187,-0.05844105,0.22681826
EGR2,0.1111892,-0.007924392,0.04606933,-0.04058273,0.0061791027,-0.15235963,-0.11800816,-0.03629378,-0.28919545,0.1374148
SKP2,-0.1161823,-0.036658034,0.14868626,-0.017529653,0.25509596,0.050756145,-0.05901208,-0.13628358,-0.072874464,0.0042624925
IRX3,-0.06377804,-0.13773726,0.154911,0.18281749,-0.0017029691,-0.0007207879,0.08886683,-0.14611113,0.020074502,0.14161769
EPHB6,-0.028160904,-0.026593678,0.29854795,0.028446736,-0.06590924,0.0057157637,0.036674343,-0.20224084,-0.027002623,-0.07281584
INPP5D,0.2996245,-0.10158149,0.017784785,0.0018692291,0.018685006,0.094460264,-0.096440315,-0.01466399,-0.058638986,-0.056316603
A4GALT,0.13683707,0.15335378,0.00837889,-0.06329942,-0.11093448,0.03855787,0.1037125,0.072745115,-0.14913091,-0.0026793105
TIMP1,0.0716945,-0.11827087,0.092273384,0.15791833,0.004063027,-0.02314867,0.15832213,-0.016537976,-0.0053387554,0.05095803
FAH,-0.023576606,-0.13682306,-0.0007852369,-0.11441576,0.10233051,0.17718554,0.073847055,-0.120081194,-0.0033283625,0.08336892
JDP2,0.06392888,-0.15169679,0.088150784,0.4022882,-0.046964075,0.064909905,0.0025748913,0.16473328,0.0258511,-0.074522175
SOX18,0.09773547,-0.009482391,0.13295613,-0.1597351,-0.07368764,-0.026283318,0.058463085,0.27404505,0.16039824,-0.17760086
PCSK5,-0.002019914,0.10252429,0.05603864,0.04545884,-0.025772773,0.2210828,-0.017796606,0.12557916,-0.23531015,0.09158535
GM2A,0.08013332,-0.18303074,0.040484868,0.17006594,0.016185224,0.10563055,0.016486278,0.014607159,-0.03931696,-0.017635535
ZBTB16,-0.062386613,0.03649471,0.026915658,-0.15044689,-0.14505379,0.15877804,-0.042649277,-0.064661354,-0.24444523,-0.061323687
DUSP2,0.14160678,-0.2215137,0.01206166,0.24278758,-0.004002507,-0.14728415,0.028827885,0.121393986,-0.036486853,-0.16837187
ERRFI1,0.049281914,-0.0006746762,-0.15612622,0.022888746,0.08753831,0.045284264,0.0040674815,0.21074063,-0.11351594,0.09574613
AOC2,-0.07189449,-0.13467574,0.12997153,-0.03257445,-0.03183783,0.30156964,-0.013433129,0.016296431,-0.0848375,0.029158536
MTSS1,0.061215647,-0.25422302,0.13718508,-0.16298074,0.07702702,0.08654037,0.011835154,0.14588384,-0.035155747,-0.019352477
ROR1,0.012716594,0.26263213,0.12407792,0.106767766,0.008233737,0.024124285,-0.011974295,-0.0013282887,-0.029787928,-0.001828889
PRPH,-0.097435735,-0.05180059,0.12106208,-0.1393295,0.03145636,-0.08482845,0.014442382,-0.15809254,-0.114857525,-0.072617896
ABCA3,0.1907479,-0.10195888,-0.012943548,-0.12857178,0.031685248,0.055383094,0.0027457385,-0.08480303,-0.35869804,-0.106143646
UNC5B,-0.06878788,-0.18869855,0.23428296,0.03056832,0.0645028,0.22628883,0.03301967,-0.040182944,-0.015519922,0.039728746
TM4SF18,0.1423708,-0.035908565,0.34080774,-0.19305296,0.025145471,-0.04464053,-0.041663047,0.3019646,0.29417783,0.050539047
EPAS1,0.14681147,-0.0093744695,0.29014438,0.0025477773,-0.10855765,0.07278685,0.009276896,0.109018154,-0.077836715,0.27355713
PTPRG,0.08126941,0.095051855,0.26007482,-0.043099567,0.08345383,0.011965825,-0.29347304,0.26896438,-0.16062988,0.04723353
GPRASP2,-0.012842788,0.025106994,0.13331632,-0.042384088,0.03524954,0.08233114,-0.014790656,-0.064319596,-0.29160094,-0.073489755
LRIG1,0.0971705,0.19205362,0.07638982,0.11074201,0.017606897,-0.27935544,0.018308239,0.09884365,-0.27721682,0.0025102152
COL1A1,-0.042851966,0.15080288,-0.027292326,0.15398756,-0.009100423,0.42889833,0.06064414,0.11691335,0.22191444,-0.12543309
CYGB,0.040335648,-0.14970328,0.2261748,0.121980056,-0.050382216,0.042116087,0.04311452,0.21051632,-0.007097876,-0.08475174
CLEC11A,-0.09329636,-0.12580639,0.12947474,0.005728817,-0.0039987303,0.2570035,0.07926647,-0.024128871,0.201353,-0.07731355
STEAP2,0.07433248,0.14540595,-0.056760903,0.007902451,0.10864619,-0.0017561093,0.020257337,0.057313286,-0.11170641,-0.04888395
HOXA11,0.0017538534,0.08996069,-0.054785106,0.023443514,0.083932064,-0.022420261,0.010490056,0.067577496,0.037089683,-0.14837915
PDE4B,0.21334866,0.14619774,-0.035064436,0.0052521466,0.021483691,-0.07434338,-0.028202824,0.14099531,-0.07680216,0.12858254
CGNL1,0.023562443,0.19462255,0.21035503,0.04205768,-0.0030543704,-0.020174906,0.020829396,0.1210302,-0.13231038,0.025115632
TNN,-0.08768928,0.1995728,-0.0023137792,0.08694396,0.0041582305,0.25775665,-0.02430995,-0.0073521524,0.19651732,-0.15222405
DAAM2,-0.088642694,0.003987076,0.24930188,0.011112093,0.009095618,0.16089994,-0.13761275,-0.1374459,0.07800219,0.03425839
PTAFR,0.30375472,-0.047217023,-0.0050387145,-0.00456004,-0.023643887,-0.008126583,-0.12195199,-0.13510752,-0.0695084,0.077427596
BNIP3,-0.10875741,0.068283744,-0.1979109,0.032393306,0.063076936,0.0038433063,-0.034286026,0.023011299,-0.17800736,0.13343328
FSTL3,0.070079245,-0.03941991,-0.07160463,0.2787893,-0.032364737,-0.07549862,0.08118201,0.087106444,-0.061418634,-0.12890652
CD72,0.26632607,0.011217288,-0.106730975,-0.057003092,0.006076246,0.015198631,0.079132505,-0.12653354,-0.014790409,-0.09404019
LEF1,-0.08949173,-0.022510692,0.2910289,0.03339424,0.05445249,0.06682522,-0.010615084,-0.028799089,0.029927399,-0.04480935
PLAU,0.16520691,0.112592526,-0.0035348062,0.15055227,0.114409484,-0.15242665,0.06567336,0.1266187,0.18218702,0.1763235
BCL11A,-0.039948065,0.057464965,0.090371266,-0.004596515,0.079519585,-0.13744466,-0.15756619,-0.1667326,-0.010424761,-0.30586535
SLC1A3,0.019818397,-0.061303485,0.16813827,0.13031724,0.062053878,0.002572486,-0.032252513,-0.21636163,0.2450485,-0.027389146
FGFRL1,-0.047684826,0.22281162,0.0055958703,0.004514077,-0.042616934,-0.0080223875,0.012018961,-0.0028969084,-0.14091197,-0.2537392
PTPRE,0.2611881,-0.124846265,0.016257768,0.1690721,0.0039116405,-0.013043342,0.008721143,0.17483856,-0.073887005,-0.029087374
SETBP1,-0.083667114,0.06500243,0.31541848,0.08308371,-0.027246716,0.11948376,-0.010067473,-0.16867644,-0.23115195,0.15785563
COL5A1,-0.037736967,0.21697593,0.015546874,0.23785792,-0.0030048967,0.31366748,-0.035147447,0.0735694,0.1517661,-0.016580714
SQLE,-0.0849262,-0.090038866,-0.004939259,-0.018065043,0.15039681,0.06418385,0.024005989,-0.06691843,-0.021637753,0.122532755
TBX3,-0.1249165,0.013795696,0.32699394,0.049662217,-0.040432956,0.000632232,0.017051304,-0.1944014,-0.037740145,-0.036268637
CSPG4,-0.09318297,0.019219799,0.11384831,0.10545378,-0.001305437,0.26796588,0.06435361,0.044844456,-0.088397354,0.09137373
MET,0.079332955,-0.03199669,0.032624383,0.17021772,0.06821802,-0.15167709,-0.38085827,0.24412905,-0.247402,0.07734098
IL10RA,0.3205213,-0.02473829,0.03512472,-0.040575422,0.00058668415,0.03564208,0.052037664,-0.14217708,0.012576772,-0.021486968
ZNF521,-0.0043306197,0.32296872,0.11354284,0.06345818,0.004070494,-0.0020407266,-0.07687644,-0.027712028,-0.10261146,-0.084770255
PRDM8,-0.03640072,-0.0435834,0.21527034,0.17943102,-0.028829034,-0.076413006,-0.12808105,-0.12408485,-0.16752763,0.10456952
INSIG1,0.031772472,-0.17636296,0.009965005,0.33750883,0.077346675,0.008085732,-0.005607185,0.14248088,-0.04036139,-0.019999484
NAV3,-0.01034193,0.19354056,0.03364007,0.09581094,0.16157325,0.13287714,-0.018780878,0.008547987,0.034799226,-0.039798476
C5AR1,0.28562367,0.049725216,-0.06554111,-0.048222173,0.062121592,-0.0076540504,0.0026883017,-0.14994085,0.028992478,0.051204383
FOSL1,0.041474998,0.1109313,-0.10341408,0.16793363,0.12234431,-0.08398652,0.21056074,0.01200597,0.039978072,0.28325528
PPFIA4,-0.08987189,0.053101324,0.04163958,0.013463682,-0.0586265,0.032936797,-0.022365814,0.010809517,-0.33635536,-0.024250602
GTSE1,-0.0669986,-0.026636882,0.022793218,0.007044732,0.367078,-0.027489088,0.120473295,-0.082896635,0.026331807,0.0057169846
SLC16A2,0.01593221,0.16831672,0.15976284,0.113048725,-0.0035558874,0.004578992,0.04861601,0.0024046933,-0.21668255,0.079455785
SAMSN1,0.30632156,0.01641309,-0.037369445,-0.06718953,0.02311828,0.004169101,-0.10725398,-0.2669273,-0.0054056556,0.062006116
RTN4RL1,-0.069986835,0.015694112,0.1110308,0.008452039,-0.00908198,0.060406957,0.12172087,-0.13610235,-0.21435755,-0.2124025
NR4A2,-0.009224448,0.13347709,-0.033036873,-0.07515468,0.06047045,-0.0075024855,-0.18725555,0.168055,-0.1821723,0.06855114
PIK3CG,0.23613493,-0.16067566,0.076076366,0.19277506,0.03565509,-0.0010393726,-0.3226481,0.11331369,0.00063767954,0.0037323097
CTHRC1,0.027811062,0.067544185,-0.12091734,0.13580294,0.046829883,0.17206982,-0.18903144,0.18269311,0.019677524,-0.024683824
ST3GAL6,0.12076943,-0.21123679,0.115515426,0.007394369,0.0029762122,-0.052057214,-0.016895894,0.1882838,-0.099035144,-0.11385559
HEY2,0.0023274303,-0.17437279,0.25141615,0.048008613,-0.046343807,0.07375491,-0.060039233,0.089115836,0.0100365095,0.12717953
PMP22,-0.006719645,0.22652897,-0.025319057,0.13717219,0.009275849,0.037884228,0.10969938,-0.023325665,-0.0296681,-0.0043412438
PELI2,-0.02077559,-0.1244941,0.20350486,-0.07417867,0.03007563,0.061996862,0.023485783,-0.030244121,-0.14605637,0.1601248
FBLN5,0.008314548,0.16424882,0.24238224,0.11364282,-0.100763045,0.030559784,0.025491416,-0.030426783,-0.10753892,0.09764884
TSPAN7,0.041235905,0.1627124,0.13509367,0.0008522454,-0.0656389,0.045557227,-0.00630492,-0.1438946,-0.0441747,-0.08996128
CILP2,-0.03678349,0.23617637,0.032159794,0.043279037,-0.02537835,0.0048516677,0.09971435,-0.030193955,-0.08455245,-0.32434678
SERPINB8,0.122936994,-0.18401562,-0.012871788,0.2406576,-0.0077679916,-0.0114044985,0.07165301,0.12413372,-0.07601226,-0.0038197762
CNTN1,-0.017918399,0.10219284,0.05989614,0.18961011,0.036477447,-0.01584,-0.04932703,-0.11697938,0.008682098,-0.23509064
PIM2,0.12616833,-0.059120283,0.10703355,-0.093212105,0.05908196,-0.17857336,0.041877605,-0.23323286,-0.275928,0.012734316
EVI2A,0.2056236,0.073184885,-0.20933248,0.096490644,-0.0011994793,0.13588926,-0.3415123,0.109542936,0.03945042,0.054604698
MFAP2,-0.07667433,0.10498028,0.119709775,0.21152581,-0.010763961,-0.027658226,-0.041135866,-0.03947553,-0.052023448,-0.25766933
IQGAP2,0.16726288,0.06304781,0.061069615,-0.12933624,0.07251784,-0.11358372,-0.0073859207,-0.19967967,-0.27617842,-0.015263697
UBE2T,-0.106569044,-0.10341518,-0.017486833,-0.062554434,0.30378205,-0.1003126,-0.0032608814,-0.045248453,0.02373815,0.021241035
ALOX5,0.2236414,-0.0031996465,0.035290927,-0.0038412157,-0.12020191,-0.0025320773,0.03071626,-0.16928113,-0.051400375,0.06421038
LSS,-0.0784361,0.049700897,0.023987157,0.13049716,0.12263365,0.041868158,0.116652235,-0.09376307,-0.0068575446,0.032792218
IER5L,0.029363774,0.14662568,0.040792108,0.022472532,-0.016172927,-0.13044748,0.09703586,0.055711742,0.08898597,-0.098084055
HRH1,0.026667828,0.22414075,0.18836825,0.044557802,0.08277302,-0.013083515,0.058973927,0.028377205,0.09257343,-0.043913364
BICD1,-0.011518528,-0.10956841,0.15381224,0.0151944375,0.045732655,0.031588797,-0.052553207,0.04429874,-0.34040123,0.100770585
AMOT,-0.12500046,0.01890414,0.17958866,0.03484125,0.12532245,0.19840643,-0.07254814,-0.11879127,0.015698852,-0.0874692
FLRT2,-0.07889919,0.18817982,0.14147623,0.106824204,0.095107906,0.06372989,0.007818839,-0.06503428,0.05614747,-0.17280541
CNTN4,-0.014325816,-0.022219375,0.06684742,-0.009680491,0.026686298,0.0999499,-0.14149012,0.033475373,-0.23040952,-0.049121726
GZMB,0.22315037,-0.017022856,-0.035041746,-0.072930545,0.020250171,-0.12098759,0.12297603,-0.11742664,-0.060148686,-0.010144944
B2M,0.25102094,-0.06739107,-0.02074232,-0.020092402,-0.0067951013,0.014393126,-0.07402765,-0.08725299,0.0031918457,0.17302494
FJX1,0.00048104473,-0.12608992,0.19367242,0.03198537,-0.0061296895,-0.023604352,0.040892914,0.1290375,0.010352392,-0.13962919
PLEKHA4,0.028363544,0.095456146,0.07578567,0.02120589,-0.020835923,0.0021187072,0.07787817,-0.0867951,-0.18480572,-0.075817905
DNAJA4,-0.016223062,-0.08296351,0.02960563,0.01890582,0.0843474,0.03098724,0.15299784,-0.0015828129,-0.33708176,-0.13431641
EPDR1,0.047358844,-0.0936786,0.03703165,0.1980484,-0.06891529,0.2026381,-0.0009864211,-0.026407573,0.015047292,0.092746675
SOX7,0.14086056,0.015122688,0.3621116,-0.1980257,-0.0005018206,0.012058792,0.07255713,0.31714034,0.17216325,-0.07729705
DUSP10,0.13604935,0.050796106,0.062409803,0.14468117,0.06496083,-0.17882918,0.076954976,0.0675167,-0.04122536,0.114459984
ENC1,0.03465976,0.03907352,0.11424059,-0.1703273,0.11563584,0.061639257,-0.11762583,-0.0018317413,-0.060430575,-0.08345955
STK32B,0.03698847,0.17676327,0.057057936,0.08631086,-0.021808855,0.014345914,-0.08940086,0.068841055,-0.007819201,-0.121395744
GABRE,0.0077489717,0.12922493,0.07770949,-0.060276825,0.0020835097,0.07828542,0.012887478,0.0568186,0.0081265895,-0.2705114
EPHA2,-0.077283576,-0.111828096,0.045389004,0.009586084,0.1538277,0.14840145,0.040487412,0.0015234762,0.09255398,-0.012443237
ALDOC,-0.06649442,0.045786772,-0.15072405,0.047741503,0.015129686,0.023670793,0.034349654,-0.14786969,-0.019863546,0.17316368
MAN1A1,0.1339925,0.25878337,-0.030501857,-0.0047407486,0.057328902,-0.034683548,-0.35882685,0.09172634,-0.071612746,0.01053065
CENPF,-0.10486088,-0.02172334,0.06327752,0.004811682,0.3678254,0.0038315605,0.0079970015,-0.058682807,-0.054139882,0.151383
JPH1,-0.046425294,0.13101868,0.03280255,-0.14090015,0.001995647,-0.0029698687,0.00047806327,0.057736594,-0.38025624,-0.07821354
FRAS1,0.0054870145,0.1070605,0.018718418,-0.020349197,0.036970817,-0.032350346,-0.038217787,-0.046168614,-0.23542348,-0.0988757
ITGA1,0.13530612,0.05043861,0.23398723,-0.034297243,-0.00407509,-0.00677905,-0.0413448,0.17514744,-0.050982293,0.2645125
AADAT,-0.077860855,-0.08569885,0.016174356,-0.07114905,0.09654522,0.062988326,-0.0040809363,0.0034046895,-0.09143497,0.036261257
GSC,-0.0863648,0.10707092,-0.00904231,-0.0126543455,0.0673922,0.19862188,0.07018473,-0.0016220208,0.16848722,-0.32101446
E2F7,-0.06535252,0.113279395,0.010695872,0.06531073,0.36161128,0.01013396,0.018772604,-0.014945904,-0.0069863633,-0.007614839
HOXA13,-0.091490686,0.078576505,0.02426961,0.023588944,0.1162827,-0.06598093,-0.059759747,-0.078996904,-0.07217786,-0.12543738
ATP6V1A,0.11080117,-0.24081472,0.016657868,0.32773778,0.085248776,0.041759413,-0.15881304,0.2166213,-0.06599709,-0.06848254
EMCN,0.12281862,-0.005699055,0.33862904,-0.23462714,-0.042068772,-0.09356082,-0.0108398,0.3042737,0.22206287,0.0027877325
STARD10,0.00555537,-0.11052195,0.14855565,0.10124927,-0.048271686,-0.09920381,0.23098078,-0.17096195,0.042085964,0.06811517
TNS1,0.0736597,0.29457417,0.11476023,0.05949293,-0.002025609,-0.0013438807,0.09507743,0.13501516,-0.12738198,0.002843456
ALDH1A3,0.001503356,-0.0064281053,0.14560708,-0.06615986,0.007045848,0.0100691775,-0.028129997,-0.07199398,-0.1409225,-0.19190644
ECHDC2,0.001374717,0.011683435,-0.09668162,0.015171438,-0.0045758374,0.10567975,0.10816419,0.043723628,-0.09453556,-0.020486012
CSF1,0.17131157,-0.18806288,0.10156261,0.23918211,-0.058852635,0.016651157,0.007960083,-0.04683365,0.030478874,-0.0066289376
FNDC4,-0.029177105,0.13133992,-0.01571797,0.0178394,0.0064218733,0.062799096,-0.07661434,0.00994305,-0.060144816,-0.2946022
TOM1L1,-0.06245075,-0.118135795,0.06392465,0.0017501538,0.0548408,-0.029575361,0.009243751,-0.060973134,-0.2038643,-0.013288533
TMEM45A,-0.07086576,0.20981315,-0.043450326,0.1569286,0.054839067,0.19202107,0.04308702,0.019403776,0.07414735,-0.00852905
HCK,0.15727943,-0.19346885,0.11399607,0.088476166,0.05814049,-0.07943117,0.092039965,-0.22604045,0.16833219,-0.03512148
TIAM1,0.046821225,-0.07822941,0.11784732,0.26163775,0.11212101,-0.009750234,0.08210544,0.11503894,-0.16472736,-0.2105696
PGBD5,-0.03488517,0.003825196,0.05510047,-0.16385832,0.05102728,0.003800718,-0.016747888,-0.09232608,-0.3123363,-0.23842733
NCF4,0.28756902,-0.15601616,0.0024824652,0.12471545,-0.0276936,-0.0056635602,-0.074604,-0.10914193,0.033484485,-0.116423726
FZD3,-0.06856678,0.019273609,0.0016290837,0.0021736622,0.13564634,-0.021974305,0.029083751,0.009484776,-0.25367868,-0.19270808
F11R,0.1773111,0.050334726,0.2012373,-0.09197977,-0.0038581851,0.0038897116,-0.27516544,0.25974333,-0.02267677,-0.006112402
PLEK2,-0.038702875,-0.00025891783,0.0035200063,0.007840558,0.15394285,-0.013033209,0.18462312,-0.1238087,-0.034745056,-0.15822701
PTGS2,-0.016713394,0.060215093,-0.08235587,0.09732949,0.14170867,-0.019996244,-0.15035574,0.09609867,-0.060567923,-0.015227271
PAG1,0.18836893,0.08288428,0.046261538,0.0089319935,0.071288235,-0.03600155,-0.13197546,-0.123842135,-0.19067362,-0.015157857
COL6A1,-0.0012878493,0.2383231,0.15808466,0.24543253,-0.054018456,4.0691057e-06,0.05924262,0.0133625325,0.14940041,0.14544345
CA9,-0.058264174,0.24463204,-0.16279493,0.08141061,0.077783816,0.0015070861,-0.015343601,-0.043053422,-0.03190091,-0.02009219
PRDM1,0.21141769,-0.13721325,0.0800968,0.19184764,0.0357761,-0.078967914,-0.35477275,0.17833133,-0.011118206,-0.04320774
CBS,-0.10164101,-0.02846412,0.120121315,-0.009137486,0.13299483,0.07796233,-0.0019572938,-0.17676497,0.054299336,-0.12818213
RGS18,0.30054697,0.0016090648,-0.00084276847,-0.07947091,-0.052301668,0.10564045,-0.052499093,-0.12011838,-0.03151982,0.02300419
GALNT14,-0.056662727,-0.14309703,0.089632995,-0.1129876,0.0026747414,0.08666641,-0.23299111,0.03813819,-0.1668711,-0.09272562
MCAM,0.062249355,0.0017333109,0.16244546,-0.2773503,0.11459386,0.029127145,-0.16752045,0.41930208,0.15323584,-0.062172312
VDR,0.029706523,-0.09133769,0.13083279,0.09743454,0.110459015,0.104472734,0.10998842,-0.041278478,0.008442238,-0.1892869
SLAMF8,0.30894327,-0.007197004,-0.01640551,0.029270574,0.05544535,-0.0002821186,-0.03789363,-0.17700036,-0.08381172,0.06024414
DHRS3,0.11664071,0.030581785,-0.0954033,-0.09638679,-0.019392664,0.0069956835,-0.016960878,0.0073059457,-0.21898788,-0.20264012
ABLIM2,-0.020439724,-0.18451574,0.083291106,-0.026300622,-0.051865004,0.12741333,0.14946404,0.031412967,-0.2719408,-0.063942544
ARHGEF19,-0.09397508,0.0989727,0.023152556,0.16119723,-0.14965624,0.26536715,0.14122991,-0.0052605127,0.04011501,-0.055851046
ITGAL,0.30748108,-0.028532328,-0.0068642693,-0.08094531,0.04705245,-0.007856972,-0.05698899,-0.17800815,-0.08935489,0.011418322
RECQL4,-0.06799523,-0.017705714,-0.04281176,-0.049171764,0.24489339,-0.025286121,0.20549072,-0.07512007,0.11670855,-0.19125116
OLR1,0.19452618,0.012327603,0.006785673,0.026165605,0.07398214,-0.011783641,0.00822487,-0.0077855126,0.07787438,0.15025768
GHR,-0.041802224,0.044003725,0.18823265,0.0010705153,-0.06839707,0.24052098,-0.2624176,-0.028294584,-0.1332649,0.15919949
PPP1R3C,-0.035944942,0.060554948,0.01938949,-0.10804433,0.006472682,0.15969439,-0.0140697695,0.09081441,-0.15773433,-0.16766904
HTRA3,0.004088337,-0.029220045,0.13232704,0.23650041,0.04270884,0.0770065,0.026257498,0.037848063,0.22485964,-0.16648978
SCRN1,-0.023598667,-0.043938115,0.114836894,0.0028753455,0.02760236,0.012942177,0.06391593,-0.03724599,-0.18765049,0.034801964
CMKLR1,0.19763978,0.044845115,0.1340265,0.03925193,-0.018775053,0.0031430873,0.032064937,-0.05631491,-0.035326734,0.03539797
COX4I2,0.022734951,0.04580746,0.1862464,-0.13797563,-0.003687909,-0.024787141,0.09818517,0.18670133,0.14768581,-0.23690788
LIPC,0.0145504,-0.09957613,0.15172565,0.097941555,-0.10387199,0.2503868,0.20041153,-0.020161847,0.010217611,0.19221652
GNPTAB,0.13022697,-0.20054637,0.051785175,0.3270691,0.040176142,0.07532935,0.0087319445,0.19853498,-0.16330607,-0.00018963899
ITGBL1,0.07455536,0.16070741,0.009011021,0.08577548,-0.10553827,0.17545703,-0.18806835,0.084933154,-0.18912499,0.1379688
PTPRC,0.31742525,-0.091548406,-0.028093927,0.07317442,0.042000633,0.022954628,-0.06929825,-0.06069617,-0.093664035,0.006810662
PLCL1,0.038745616,-0.031525917,0.071847126,-0.10840673,0.06406401,0.19355023,-0.20050646,0.24123794,-0.17722936,-0.0024807195
BMP2,-0.0589974,-0.053725272,0.058510948,-0.027514355,0.015676208,0.15581056,0.03796372,0.06450421,-0.16219734,-0.18106495
DAPK2,-0.01201488,-0.24850225,0.2056493,-0.055910364,0.0006733916,0.1798912,0.015379452,-0.09945972,0.02555117,-0.010519278
ABCC4,0.038611017,0.105496615,0.005251296,0.07821791,0.03625679,0.06987621,-0.008540595,0.105411775,-0.33811897,0.101751976
MAOB,-0.01208058,-0.076589525,0.111580364,-0.09199807,-0.04846776,0.095903754,-0.20137829,0.04918137,-0.22719608,0.014830576
CD83,0.056030218,-0.08703192,0.1524,-0.01655028,0.01581055,0.020980233,0.025837218,-0.21259902,0.034176648,0.12635334
INPP4B,0.11223141,0.14011933,0.048195206,-0.0015330181,0.015304813,-0.08452517,0.000277362,0.14585963,-0.20897035,0.07191482
COBLL1,0.0024196936,0.11154994,0.10639481,-0.15185307,0.023589445,0.016839674,0.098619536,0.14422642,-0.20340751,0.25707132
ECT2,-0.06567216,0.012427253,-0.02114842,0.027445406,0.3949238,0.008449805,0.1353615,0.008352751,0.009246366,0.13128304
TSPAN5,0.04040988,0.093109235,0.0846882,0.07003838,0.082718275,-0.22412226,-0.028261194,-0.0033511133,-0.20515297,-0.14803894
FABP5,0.10223659,0.068542235,-0.15343587,-0.0073087136,0.113027126,-0.0649217,-0.38038552,0.027110996,0.057267323,-0.13504703
MXRA8,-0.08524851,-0.056513824,0.10399523,0.109349005,-0.038992263,0.24823013,-0.014537222,-0.11766789,0.15596254,-0.055785745
PAQR8,0.0054284325,-0.093011044,0.16077824,0.09143371,0.0129381055,-0.05634124,-0.1230124,-0.134827,-0.2334037,-0.032599144
PDE7B,0.04504884,0.104481965,0.28505665,0.103004664,-0.11050992,-0.058041573,0.032969046,0.0034824011,-0.11465945,0.04379357
PFKFB3,0.078962415,0.019031024,-0.06146692,0.10702397,0.09933046,-0.0039908444,0.0097262375,0.037851796,-0.17427441,0.24588588
MRC2,-0.060191594,-0.16724075,0.12741707,0.13696359,0.0038099906,0.30617508,0.0043745167,-0.058826957,0.10506793,-0.06177429
KNTC1,-0.049752004,-0.0512291,0.058445457,0.009844107,0.31095397,0.014005742,0.07164467,-0.08176932,-0.06349313,0.06834085
MYCT1,0.18076393,0.0233668,0.22434577,-0.17356242,-0.003686425,0.008977166,0.1140755,0.37880847,0.16788356,0.009518337
BTK,0.29794225,-0.10077532,-0.08735148,0.18132965,0.032503054,0.007617278,-0.08696487,0.02614927,-0.010887548,-0.04242621
SYT12,0.015134998,-0.12710014,-0.007165554,-0.024272045,-0.00095056975,0.2740012,0.020038556,0.15127224,-0.08107845,-0.237993
ACOT7,-0.0044460017,-0.039732665,-0.14269444,0.01496744,0.24335583,-0.072622314,0.04767586,-0.036483593,0.0018421554,-0.088652164
GALNT6,0.1340836,-0.21743096,-0.07999383,0.19792512,0.057173874,-0.026214244,-0.03161431,0.20642802,-0.1715001,-0.099511325
SLIT3,-0.053937484,0.006113888,0.21842887,0.08709184,-0.0013678082,0.16499892,0.040386137,-0.0006863553,-0.047856018,-0.13609678
CDA,0.2263743,-0.070771344,-0.082053475,0.110851794,0.0020571132,-0.10264503,0.06970843,0.022249278,0.009434922,0.021292182
ADCY7,0.2077211,0.20117316,-0.0013387661,0.10978719,0.002164631,0.0071113044,-0.12398692,-0.027835228,-0.15887873,0.08408779
TPM2,0.054596826,0.054057665,-0.084287666,0.05038367,0.011686241,-0.0032209107,-0.0400765,0.06853482,0.05258699,0.10315804
RND1,0.06428132,-0.19071604,0.009346203,0.12860094,-0.0094964495,-0.018244147,0.07061917,0.21725276,-0.15837954,-0.17297012
PTGFRN,-0.07011721,0.08917103,0.2861938,0.14625715,0.032303832,0.10048129,0.06886258,-0.19662882,0.01811738,0.19239
TNFRSF11A,0.134248,-0.23435992,0.02622026,0.33049816,-0.0014447597,0.067328945,-0.08070682,0.15755907,-0.0067827804,-0.14610606
HYOU1,-0.0075031198,-0.08059078,0.01563914,-0.018008053,0.25426033,0.1144309,-0.07116236,0.019983618,-0.05278399,0.14886943
DLX5,-0.11569259,-0.14964801,0.16073647,-0.0031456181,0.00079194445,0.16171953,0.004120248,-0.14198114,0.0020690304,-0.0025175137
HOXB8,-0.06988078,-0.060025986,0.13166597,-0.07308669,-0.0009955041,-0.011981624,-0.10444084,-0.063245036,-0.06094036,-0.06615364
HOXA5,-0.08999377,-0.08882957,0.15073511,0.019445157,0.027489996,0.010310323,0.010843353,-0.055539194,-0.16261709,-0.03548173
HSPA4L,-0.046739317,-0.0785799,0.008454725,-0.11925118,0.18139091,-0.009402184,0.0015201375,0.031577498,-0.39349782,0.05838642
FGL1,0.06761515,-0.0053087194,0.08174673,-0.11184168,-0.026917165,0.2324841,-0.033254214,0.16392148,-0.08947586,-0.013316794
MTAP,0.047640882,-0.002575911,0.0758917,0.02089774,0.062325332,0.030235419,-0.10911408,0.011611382,-0.08168266,0.2631091
DLX4,-0.12791345,-0.21894228,0.15441577,-0.05806204,0.015649242,0.07391748,-0.07725565,-0.11589313,-0.20564733,0.027910113
SLC16A9,0.07008176,0.1709641,0.030859422,-0.01628382,-0.0072509097,-0.00859319,-0.15957394,0.09177685,-0.20725673,-0.0719939
DOCK5,0.08416211,-0.19844265,0.023369338,0.29997805,0.04213592,-0.0085769575,-0.05420255,0.2127953,-0.2425607,-0.122725986
TNFSF11,0.007959844,-0.19124955,0.059734814,0.22160412,0.014604278,-0.017976735,-0.13731202,0.20116487,-0.005794384,-0.1029984
MAN1C1,0.053892147,0.09700269,0.11050936,-0.11952801,-0.0056517376,0.047929145,0.050020777,0.117286816,-0.09577779,-0.08790696
ARHGEF5,0.0070209573,0.14008622,0.024723615,0.095861465,0.004857228,-0.00037018998,0.08416906,0.004510615,-0.28996986,0.01750815
SORL1,0.25990695,0.0754515,0.021354368,-0.0716203,0.04252945,-0.10594554,-0.098549865,-0.14939275,-0.20151514,-0.026572095
DSP,-0.09411009,-0.055767637,0.15916172,0.103753924,0.0065721218,0.0029997944,-0.029737853,-0.16084701,-0.13812606,0.098434635
ZNF662,0.0027679328,0.15105437,0.032771535,-0.011412809,-0.08352016,0.13197772,-0.00011473547,0.100628935,-0.2692429,-0.16559623
SLC44A3,-0.048771907,-0.14849691,0.17361693,0.07953453,0.0063577923,0.10933605,0.063465334,-0.11872663,-0.038344506,0.104605176
NCALD,0.0007261175,-0.034549892,0.1878133,-0.031404145,-0.051159937,-0.0068980725,0.012152036,-0.027460199,-0.10535822,0.11434477
NCF2,0.29563552,0.048459847,-0.10264841,-0.036874723,0.06766317,0.019616658,-0.3019205,-0.13667819,0.03856611,0.015487488
PFKM,-0.038188454,0.00926822,0.015163468,-0.00015346504,0.08029739,0.023046525,0.14850938,0.038389847,-0.30351275,-0.22108583
CD200,0.011213853,-0.21401119,0.26961762,0.09025688,-0.10332278,0.13098812,-0.03424673,0.05096901,-0.023019504,0.074862055
BUB1,-0.06085336,-0.074836716,-0.038701594,-0.023500705,0.3890945,0.0052212235,-0.15013103,-0.002806377,0.017649818,0.05273489
MLLT3,0.0033465708,-0.027996724,0.062476814,0.06258349,0.03549571,0.065159306,0.2251062,-0.1039739,-0.2585982,-0.011893121
VEGFC,0.13225846,0.06899321,0.061195243,-0.0042586382,0.06462025,-0.09834391,0.016896263,0.27020177,0.16764721,0.016182812
FGR,0.29849094,0.00623363,-0.0058350563,-0.10003043,-0.003924295,0.005698097,0.0031466733,-0.10304669,-0.11212401,0.022820137
ARL9,-0.0745434,-0.04023981,0.10733504,0.015995776,0.081158444,-0.019208992,0.0013316746,-0.10525057,-0.07002531,0.036984164
ETV4,0.013805706,-0.074299216,0.1493889,0.09370091,0.1261173,-0.22417943,0.16636004,0.051559452,0.0039687594,0.13285789
TMEM88,0.06883483,-0.040438775,0.045001872,-0.13304484,-0.034916602,-0.0342644,-0.10301163,0.041266203,-0.068135284,-0.04246268
CYP51A1,-0.1021285,-0.019346664,0.06834301,0.08497804,0.20596357,0.0020137676,-0.26976597,-0.12248872,0.09932876,0.18506634
ABLIM3,0.15412512,0.13112238,0.25137034,-0.12754427,-0.014124735,-0.028753737,0.10638117,0.27756742,0.09731633,0.015391578
IRX5,-0.10458247,-0.16010506,0.0612435,0.022950165,-0.02891122,0.22080685,0.005154625,-0.064798996,-0.17390461,0.01287758
RAB6B,-0.1216452,-0.058684077,0.23303147,-0.0067656916,0.01631406,-0.0048720906,-0.019218061,-0.17303641,-0.24633835,0.011270909
CYP27B1,0.008908174,0.13794911,-0.0963765,-0.020482369,0.04183196,0.08573098,0.014530915,0.109418906,-0.13455985,-0.17293142
TWIST2,0.022915136,0.22945477,0.002023862,-0.0070933453,0.0044039995,-0.010239477,0.11696241,0.0048038973,-0.1628025,-0.2692355
CARD11,0.25660056,-0.03994962,0.16028214,-0.015944183,-0.057067867,-0.0421422,-0.0043086745,-0.226478,-0.06504746,0.032478668
ATOH8,-0.122775346,-0.06079852,0.19768803,-0.11180824,0.00317204,0.08986146,0.017793959,-0.15655766,0.09887425,-0.10021688
S100P,0.1833117,0.11988125,-0.1479673,-0.07840136,0.07278724,-0.015824739,-0.04964157,-0.14991012,-0.0025229533,-0.025757328
SLAMF9,0.17774782,0.03343427,-0.0056767864,-0.026091842,0.03863347,-0.010286162,0.040670324,-0.06894724,0.12212082,0.089678265
FHOD3,-0.061723772,-0.08268891,0.15088095,0.033112507,0.09282358,0.16395313,-0.01954386,-0.07543506,-0.14275217,0.09478479
DOCK2,0.33267638,-0.004514742,-0.0008127024,-0.004301685,0.04185106,0.08022864,0.054176465,-0.19658345,-0.091006875,0.06907795
KCNMA1,-0.037120264,0.08289512,-0.022453433,-0.09618715,0.022704067,0.3515306,0.16728382,0.09262919,-0.21777399,0.02338733
SOCS3,0.148376,0.0398978,-0.017094554,0.08144708,0.008655499,-0.0941018,0.05871827,0.19951907,-0.03338227,0.0023715221
MCM5,-0.061016522,-0.06486355,0.07897413,0.0024324793,0.30735782,-0.057016,0.13700008,-0.12367846,0.047991835,-0.021166565
CX3CL1,0.08052922,-0.029523656,0.27145395,-0.03660698,-0.007021927,-0.020143986,0.032512177,-0.14221394,-0.0121109085,-0.1273799
GPC6,0.03223994,0.12148185,-0.104492895,0.031558715,0.07042838,0.0026190705,-0.026651483,0.1496604,-0.31917748,-0.016434405
PCDH17,0.10011257,-0.017893504,0.2988276,-0.1320901,0.019493124,-0.021643214,-0.24361186,0.28404066,0.10091136,-0.046528835
ARSJ,0.03130384,0.20061116,0.0012618373,0.22447674,0.016950844,-0.017772865,-0.05893066,-0.053651035,-0.021591589,0.16154587
MCOLN3,0.031208515,-0.11875616,-0.027148705,0.28249878,0.035000946,-0.09433896,-0.04447462,0.07386154,-0.26445958,-0.05677287
SCARA3,-0.01928411,0.01369533,0.026095433,0.013764764,0.091628075,0.17239188,0.09890844,0.086800896,-0.034969807,-0.0742828
GPR65,0.28834444,0.023252329,-0.025570668,-0.039198358,-0.0053613577,0.02667074,-0.39942676,-0.18373387,0.016747294,0.050380107
PPFIBP2,-0.07325214,-0.22021757,0.17937528,-0.07268282,0.0030056525,0.27139205,-0.07281945,-0.11975256,-0.02386697,-0.03480238
RRAD,0.004459372,0.06782864,-0.042481974,-0.04565971,-0.0038498107,-0.027590994,0.1935272,0.043378226,-0.14616226,-0.26210967
CILP,0.03855211,0.12391766,0.16530815,0.021183148,-0.020844804,-0.063527144,0.015006731,-0.012510412,-0.16860788,0.14597225
MFGE8,-0.020959022,0.06528957,0.1511827,0.15435602,-0.04362589,0.026950847,0.113755606,-0.066365965,0.076605655,0.22411487
SEMA6B,0.04555709,-0.14962475,0.24844442,0.12876531,-0.029920107,-0.08353788,-0.019427111,0.11697779,0.072256684,0.080968544
ATF3,0.020466935,0.10108164,-0.10408832,-0.0876899,0.1577973,-0.16027498,0.13496774,0.039995603,-0.144357,0.08884478
KCNH3,-0.13570705,-0.028751178,0.053180892,-0.07599606,0.111760095,0.01471192,-0.036535542,-0.09778026,-0.22422278,-0.19321866
CES2,-0.057478953,-0.013408954,0.17405674,0.01934463,-0.094999425,-0.051897187,0.15225792,-0.15052639,-0.2625897,0.009833567
JAKMIP2,-0.013607468,-0.17265204,0.0017793325,-0.055195767,0.005817238,0.16905777,-0.13369979,-0.011910987,-0.19035406,0.013803126
BOC,-0.100734465,0.072933905,0.16507357,-0.013216276,-0.0065974435,0.2534561,0.03911079,-0.118435115,-0.10219456,0.02208762
LTBP3,-0.019252285,-0.077144824,0.23827931,0.09353821,-0.1405046,0.09809945,0.086671196,-0.0010188674,-0.2091982,0.07046685
BIN2,0.32644734,-0.085537404,-0.06452257,0.05276519,0.046223007,-0.008421048,0.011048304,-0.093615815,-0.027326664,-0.03447916
FAM89A,-0.039041787,-0.028149165,0.15051648,0.014767431,-0.04433994,0.0065205717,-0.27273956,0.10232152,-0.05132423,-0.119710915
RAPGEF4,0.02305874,-0.16432674,0.22017485,-0.09419504,-0.0042536375,0.16215125,0.005885332,0.14479537,-0.09809731,0.19812399
ASPM,-0.09370767,-0.0101285335,0.032824937,0.0012298723,0.3785473,0.06827445,-0.14949894,-0.017487152,-0.007433643,0.17035323
PLSCR1,0.14414895,-0.08541195,0.015228216,0.008967384,0.081115104,-0.046841998,-0.38169843,-0.07494412,-0.040249355,0.17220888
CLMN,-0.053440627,-0.08567775,0.21884991,0.00029424694,0.02813182,0.06036593,0.024192574,-0.11139083,-0.12760107,-0.008920614
LOXL4,-0.089116685,-0.092111096,-0.012689973,-0.008311672,0.0070820926,0.28010646,-0.22981061,0.051125437,-0.05632206,-0.09573309
CDON,-0.0051701474,0.11854952,0.1381229,0.010024384,0.008113395,0.17097399,0.03113498,0.008819033,-0.31573498,0.24749275
LAMA3,0.0223371,0.0042246734,0.1509166,0.07861288,-0.06796975,0.10091662,0.004507963,-0.067970105,-0.35270438,0.2279614
NTRK2,0.0089734895,0.18235707,0.054475006,0.0024704428,-0.002287827,0.086563975,0.1055607,0.046468828,-0.26628143,-0.11703059
PANX2,-0.076718874,-0.026300335,0.09985531,0.029044272,0.09229226,-0.05226188,-0.0047299834,-0.13334696,-0.01883512,0.0072911433
CPT1C,0.05054044,0.057718776,0.17065823,-0.071350925,0.06873808,-0.07437327,0.14222905,0.29375306,0.03195868,-0.06885329
MEPE,0.022449767,-0.12503159,0.009143321,0.004584923,-0.020233637,0.210392,-0.0057992553,0.14803529,-0.091994084,-0.281338
ADAMTS5,0.029259274,0.08442632,0.14167719,0.016032565,-0.0051057236,0.12261661,-0.29760167,0.17280774,-0.03794774,0.22669807
LRFN4,-0.053219706,0.11144681,-0.017219638,-0.0135174785,0.10447431,0.055526525,0.02003831,-0.041252565,0.058361713,-0.14826131
ALDH1L2,-0.011882469,0.1805517,-0.124865524,0.007544169,0.11051806,0.34683865,-0.13052769,0.15949188,0.2089205,-0.013443175
SH3D19,-5.1662206e-05,0.15327829,0.06763984,0.087636374,-0.06542456,0.14259917,-0.240001,0.16336903,-0.18451253,0.2620287
ZFHX4,-0.09275347,-0.003950618,0.21537018,0.05080507,0.012525759,0.16546912,-0.16278408,-0.11979331,-0.17723463,-0.013512781
MYO6,-0.02898144,-0.24109608,0.09069633,-0.019578133,0.015826214,0.1966406,0.05965099,0.012404687,-0.20524055,0.1880432
HK3,0.27222016,-0.038242284,-0.109317645,0.061056048,0.06632997,-0.040452953,0.017286299,-0.10438094,-0.0074709877,-0.13701896
DEPDC1,-0.1057007,-0.0025699602,-0.012202417,-0.0019610785,0.36897278,0.0075055356,-0.15224856,-0.021595705,0.02921,0.07108442
IRF1,0.22319497,-0.087385386,0.07530327,-0.039088123,0.01773192,-0.06283579,0.1560841,-0.19112481,-0.014019621,0.22037221
OLFML2B,0.062714584,0.03873085,0.1685975,0.24046028,-0.019608079,0.15675485,0.10955698,0.025021397,0.22351721,0.09537858
STON1,-0.009854677,-0.019081166,0.09565364,-0.0051586353,-0.026857432,0.26534662,-0.20433311,0.00010617326,-0.22982275,0.16339698
FAM81A,-0.072709166,-0.01379249,0.033241607,-0.018647095,0.19391681,0.05863153,-0.067716435,0.02638756,-0.0897854,0.10404777
AKAP6,0.09373558,-0.20575048,0.050891,0.3102738,0.0032343369,-0.0019279314,0.014712058,0.25355428,-0.15714459,-0.08366275
BMP3,-0.028343406,-0.14981404,0.13555513,0.028192034,-0.06232254,0.2363141,0.0092198225,-0.08813986,-0.12775876,-0.0503183
LIMS2,0.13630614,0.16002958,0.083230235,-0.11716136,-0.122895874,0.064738795,0.16115622,0.07846836,-0.14799072,-0.019232951
SLC2A6,0.04571177,-0.06687835,-0.012578241,-0.012452164,0.07981545,0.0036729618,0.16744512,-0.1300981,0.012691884,0.095005
TOX,0.03254688,0.16535726,0.10209066,-0.054476924,-0.0030318773,-0.101698205,-0.09006161,-0.13042794,-0.20363756,-0.16140871
GCA,0.12993196,-0.20515843,0.15279543,0.026595289,-0.0070401723,-0.116060175,-0.046394873,-0.17239133,-0.03978666,0.03570495
C1QTNF6,-0.01456764,0.003745307,0.19668047,0.1831674,-0.00053900445,0.23766483,0.029767664,-0.032758776,0.40189132,-0.1837408
CYP39A1,-0.045113467,-0.17371202,0.23502691,0.02019732,0.008276369,0.016458742,0.0060617444,-0.1054766,0.02056102,-0.035305798
TNS3,0.13658187,-0.13080426,0.15884654,0.17060836,-0.04236392,0.08337598,-0.004645833,-0.014630007,-0.13929206,-0.009178905
PAPLN,0.055939242,0.13692147,0.14211455,-0.022964872,-0.04088957,0.013028075,-0.22138688,0.13010183,-0.15395166,0.058933694
FHL2,0.03785357,0.13428704,-0.11217838,0.23451535,0.074319646,-0.10197009,-0.016472736,0.006304784,-0.062230606,0.018934205
OLFML3,-0.04243601,-0.034294978,0.21900375,0.17768307,0.12879169,0.13465744,0.030624699,-0.08969264,0.28683096,-0.037620172
KLF4,-0.06992528,0.014370023,-0.019997519,-0.06001187,0.0042661857,0.31142575,-0.019379206,0.02561362,-0.21683823,0.18321832
SEMA3G,0.13832091,0.090296894,0.19462788,-0.16488175,-0.046117205,0.09119057,0.044457477,0.23643778,-0.09458247,-0.12009761
LAMB2,-0.041677676,-0.05020715,0.18519261,0.026522929,-0.07925715,0.15570687,0.009050159,0.010912414,-0.17947342,0.20582357
ARMCX4,-0.035468806,0.17033911,0.060371034,0.05201447,0.06835713,0.17582242,0.0050270595,0.023673765,-0.18449473,0.0064246985
VAV1,0.3361373,-0.04034122,-0.021666633,0.05890919,0.0029308074,0.0019467743,-0.016345503,-0.13629915,0.007378967,-0.049349945
FBXO32,-0.003097409,-0.05075466,0.1728474,-0.007914214,-0.05896338,-0.06514797,0.06063132,0.049272876,-0.26348102,0.058862086
HNMT,0.20227103,-0.009535771,0.061433848,0.06902794,-0.03274714,0.018010449,-0.035877403,-0.01936497,0.022172319,0.1351754
NKD1,-0.097435094,0.09251222,0.09897929,-0.02860345,0.052290663,0.058841333,-0.0058643664,-0.12095595,-0.14021933,-0.1776299
PLXNA3,-0.081309676,-0.050501164,0.12349482,-0.02131953,0.011853027,0.18173255,-0.046665788,-0.09324475,-0.15728249,-0.17166036
CHMP4C,-0.033619627,-0.23898019,0.033163723,-0.07409317,-0.022146922,0.124063656,-0.16999878,0.037695237,-0.23176312,0.16928247
TLR1,0.28660166,0.02834998,-0.007278003,-0.04321761,0.03743539,0.09842655,-0.3602108,-0.14641331,0.0060783154,0.056426533
PAWR,-0.005899452,0.13106117,0.112481415,0.112980425,0.0021158599,-0.14501075,-0.05285848,-0.099416114,-0.11728062,0.13474046
ADAM8,0.2065747,-0.060089685,-0.12582825,0.20933342,0.03942782,-0.06811971,0.014109947,-0.0059059686,-0.030728426,-0.035065405
SEMA6D,-0.004636768,-0.12887311,0.21727052,0.009256642,0.07501772,0.114347145,-0.049202412,0.01941413,0.010541553,-0.093080714
RGS10,0.16454667,-0.2231935,-0.07328289,0.2279941,-0.065229185,0.068748705,0.09989783,0.08764524,0.0013476082,-0.29984024
PPFIA3,-0.034918748,-0.08728013,0.086282484,0.16168334,-0.007166577,-0.07065524,0.021064905,-0.03308354,-0.13312559,-0.060586028
ARHGAP15,0.25913313,0.004685874,0.0012161888,-0.115562014,-0.004636145,0.0053655356,-0.07692338,-0.14626588,0.015254786,-0.075996086
ENPP6,-0.03180342,-0.035986524,0.13773444,0.01035475,-0.11652605,0.24870178,-0.018298017,-0.02894633,-0.09207684,-0.06736783
CCR7,0.2573245,-0.008672779,0.012755707,-0.06830183,0.059833355,-0.08987623,0.08054393,-0.08870432,-0.07556533,0.025763564
EGLN3,-0.045040328,0.02823147,-0.07706136,0.0138411345,0.12639183,-0.13537437,-0.22394608,-0.051874135,-0.07042834,-0.0062204134
EMILIN2,0.14293355,0.1479179,-0.13757145,0.051999513,0.11974236,0.033585574,0.05557508,0.13504204,-0.021840291,-0.034895644
SHANK3,0.112330295,0.06786352,0.37117216,-0.17970915,-0.029434834,-0.0017114547,-0.008143979,0.30811882,0.024488162,-0.04297581
SLCO5A1,-0.010705364,-0.040009446,0.11481807,-0.05562508,0.08604481,-0.12060378,-0.06707471,0.124766365,-0.2217024,0.015386224
RASSF2,0.23398598,-0.054427102,0.11567627,0.008336345,0.0048009334,0.11751065,-0.00824719,0.075273514,-0.18043947,0.092071116
FZD9,-0.07892103,0.12786654,0.021273157,-0.004265226,0.020235388,0.053398423,0.018298028,-0.0812212,0.064364724,-0.27103493
FRMD3,0.073829256,0.06903373,0.057805866,-0.1947236,0.0334113,0.13229127,-0.008341865,0.20651768,-0.17612217,-0.08771841
EPHX1,-0.003937089,-0.08312355,0.2361541,0.005411042,0.014517443,-0.025586363,0.09487673,-0.23080479,-0.041188765,-0.006262681
TPD52L1,-0.008523521,-0.16562705,0.21527612,0.038354564,-0.081817046,-0.008956452,0.022090012,-0.14280008,-0.0073511247,-0.0049324958
PCOLCE2,-0.0313846,-0.05213925,-0.0441693,-0.15668409,0.10302787,0.16554059,-0.03338116,0.053474274,-0.13894829,-0.034603067
SLC4A2,0.07066259,-0.23008217,0.058079623,0.34017172,0.062672906,0.01643696,0.06503321,0.19326124,-0.10561145,-0.08144388
CLEC7A,0.26320636,-0.049529143,-0.05032392,0.11798196,0.014394107,0.09406166,-0.21301295,-0.0696449,0.06837922,-0.06824816
TTYH2,0.029719474,0.06491124,-0.03330452,0.19838463,0.081443556,0.16671388,0.11073356,0.03323745,0.0065483702,-0.23216593
USP46,-0.08286769,0.03265852,0.08873008,0.056945354,0.18845227,0.10478651,0.087189294,-0.06113015,-0.18800263,-0.13928677
KLHL8,0.08613936,-0.21503146,0.050912388,0.23044688,0.055160005,0.009631439,-0.26695132,0.23932403,-0.13686326,-0.026449667
PDCD1LG2,0.2894911,0.07009666,-0.031876903,-0.00985135,0.012841309,0.01777263,0.011414833,-0.22616158,0.028588418,-0.033317365
POLE2,-0.055064555,-0.0042359056,-0.034934826,-0.013333772,0.33226326,-0.0055110613,0.10334045,0.01999619,0.10686786,-0.062695496
AGPAT3,0.25995007,-0.02285302,-0.025215194,0.015069078,-0.00025692736,0.015140664,0.016814688,-0.04684118,-0.119456574,-0.04485784
BANK1,0.071808904,0.1196763,0.022969013,0.06722294,-0.05527504,-0.02659194,-0.036630094,0.03657727,-0.021500636,0.18882985
RTN1,0.05087577,-0.06616545,0.0018478945,-0.07057227,0.13297577,0.012805551,0.08321746,-0.044695534,-0.27597123,-0.22245216
MAP1A,-0.03159614,-0.0065036477,0.10716346,0.12644443,0.024379864,0.31987834,-0.022299932,0.008633731,-0.03794706,0.20651218
CDCA2,-0.071154065,0.015666496,-0.04332845,0.0072771693,0.38313058,0.050829083,0.12531719,0.0046906974,-0.02040533,0.006965442
SDSL,0.09743727,-0.09218675,0.074547805,0.08370614,-0.006390017,-0.023268057,0.17003934,-0.13223474,-0.03456912,-0.099221036
KCNB1,-0.003956167,-0.09730866,0.28368002,-0.12188334,-0.07523222,0.10434105,-0.006208743,-0.018479666,-0.21924278,-0.04660597
HOXC13,-0.08911276,-0.06352054,0.1708501,-0.027305838,-0.0026134963,-0.09802035,-0.03118404,-0.19498523,-0.21536061,-0.03944844
DPYD,0.20020744,0.068207614,-0.044877425,0.11891732,0.092005074,0.019831927,-0.40317884,0.010084319,-0.048520066,0.14905776
PLK1,-0.055739164,-0.042104617,-0.04284216,-0.00086794654,0.3817925,0.025109557,0.013403585,0.009395911,0.013530835,-0.045371156
CCND1,0.0282438,-0.049812198,0.15189129,0.10914144,0.003726587,-0.006387936,0.0881099,-0.021318736,0.023352353,-0.0030697207
FZD4,0.10197291,0.092015386,0.30579612,-0.15149564,-0.009992464,0.093440264,-0.011339902,0.23650676,0.037599415,0.11104907
SLAMF7,0.2446475,-0.16949472,-0.073665634,0.070641376,0.017295036,-0.03222891,-0.042368297,0.058158573,-0.1342336,-0.02354575
CSF3R,0.23722883,0.010587364,-0.011200105,-0.03807147,0.047244567,-0.09604259,-0.055850476,-0.11500088,0.036004785,-0.062294103
GNA15,0.26060277,-0.12099462,-0.095245145,0.18561985,0.0032843805,-0.010571782,0.108295985,-0.026384257,-0.03185481,-0.1568603
RYR1,0.059020106,0.04539544,0.02504814,-0.089290366,-0.023001323,-0.0073573603,-0.073975205,0.02906625,-0.30139884,-0.114572994
IGSF11,0.0059452737,0.11572189,-0.12081522,-0.124704756,0.022742225,0.23669702,-0.092856795,0.094217226,-0.2488602,-0.11310431
TTK,-0.06299467,-0.03270091,-0.011409629,0.008054622,0.3760356,-0.002929301,-0.12342174,-0.0057106614,0.035281956,0.11698521
PSMB10,0.22102275,-0.023924122,-0.060414974,-0.13077347,0.003027247,-0.0034531846,0.20218728,-0.13948204,0.10420874,-0.015721576
PDGFC,0.019653693,-0.13553478,0.11133472,0.082948625,-0.015566767,0.031810015,-0.256398,0.07802805,-0.22338891,0.22603582
BATF2,0.22164564,-0.07023954,0.04910739,-0.10950778,-0.018937362,0.00866825,0.004528876,-0.0698417,-0.16220568,0.045113876
ME3,0.13605677,0.055535994,-0.06807866,0.004637121,0.0010499101,0.0062201866,-0.018007947,0.1010355,0.04257766,0.10773086
BLVRB,0.103595786,-0.029966582,-0.05839948,0.0024044772,0.037059378,-0.09390428,-0.27847722,-0.09620393,0.17560989,0.091209695
CAPN6,-0.025657456,0.20438306,0.08698189,-0.001776321,-0.0028650418,0.037448447,0.18585694,0.0013907085,-0.14924356,-0.28733897
SESN3,0.036202427,0.08669505,0.16002615,0.016775807,0.003658359,0.0030617756,-0.25854018,-0.025009824,-0.26914486,0.12545255
KCNJ15,0.11593619,0.08530676,-0.005677335,0.05712301,0.037789695,-0.013128809,-0.058627665,0.13939776,-0.011532485,0.0024777749
AASS,-0.05572772,-0.063514814,0.19233984,0.0012266127,-0.021566952,0.007354285,-0.104650915,0.012288834,-0.38653958,0.10867517
CHRD,-0.015763892,0.14164618,0.20577405,0.03651262,-0.092540525,0.09487147,0.04580223,0.057513636,-0.13969049,-0.0040872274
CDCA3,-0.0840867,-0.03896862,-0.035047032,-0.043044973,0.30946374,0.00038036422,-0.16739878,-0.02716764,0.13682877,-0.11283487
PTPN7,0.2634271,-0.11352285,0.014142088,0.056745227,0.0018677079,-0.14288221,0.07905322,-0.0085335905,-0.065446146,-0.14701775
LEPR,0.05432889,-0.10690475,0.15739523,0.15119497,-0.026960101,0.07727234,-0.0607929,-0.029035933,-0.10414632,0.09278168
PRRX2,-0.14059988,0.011886723,0.07552859,-0.0034145042,-0.030689083,0.15359879,0.0010749266,-0.11192969,-0.006624179,-0.13940413
PRR11,-0.024815075,-0.010314919,-0.043768868,0.0035193844,0.34052706,0.00618017,0.065254755,-0.0031017528,0.120493256,0.019578248
TNFAIP8L2,0.29619774,-0.049825493,-0.029809657,-0.06961907,-0.05058342,0.006502322,0.0016860776,-0.21383096,0.0010717942,-0.046496768
PGM5,0.077889375,0.1476349,0.22332735,-0.086139254,-0.015631365,-0.11838098,0.0439318,-0.04383357,-0.2688372,-0.050347857
ITK,0.16608739,-0.15896876,-0.020602964,-0.19736457,0.059443712,0.091711625,0.003593927,-0.026082637,-0.28444576,0.024337664
GNB3,-0.04193896,0.11560648,0.04990975,0.01672151,-0.02975527,0.058017656,-0.22920136,0.032039277,-0.04047487,-0.19739895
SEMA7A,0.11586167,-0.16712722,0.07605954,0.22276126,0.021211572,-0.1520596,0.0811661,0.1049927,0.027933152,0.03319705
RUNX1,0.1110487,0.15626204,0.041709423,0.15903498,-0.00036706522,-0.00612118,0.067526795,0.11084238,-0.10075524,0.24338542
ACTN2,0.021904942,-0.04981943,-0.031902794,0.033727597,-0.0020511218,0.015503547,0.028116718,0.14004633,-0.17292187,-0.23182344
SORBS2,0.0795942,0.05096554,0.12807167,-0.051114112,-0.0024538317,0.115291014,0.005615276,0.21503481,-0.11400383,0.062749475
ARL4C,0.11685697,0.15115412,-0.04685645,0.17126493,0.07420268,-0.080988154,-0.080321305,-0.0627222,0.11851852,0.042136494
PKNOX2,-0.016400984,-0.004000805,0.20724098,0.04301326,0.014321533,-0.048877303,-0.0340991,0.10357384,-0.12809198,-0.17045169
NEK2,-0.07280849,-0.1156587,0.011896432,-0.030486014,0.37002733,-0.065743946,0.13381971,-0.016173653,-0.018315103,0.106359355
KIRREL2,-0.0029886626,-0.092420846,-0.058892008,0.15125991,0.07200821,0.029373093,0.1450523,0.12869182,0.016983094,-0.25456148
GADD45GIP1,-0.06905936,0.023774166,-0.09687953,-0.032731242,0.03720432,-0.06654003,-0.26181155,-0.028143661,0.19578174,-0.15504444
NPL,0.28186983,0.011367029,0.009883595,0.00656631,-0.036550056,0.035467952,-0.034126993,-0.09624969,0.01752334,0.06554805
SP6,-0.03422297,-0.27258185,0.116177134,0.07978871,0.027199194,0.096611395,-0.09352784,0.035824727,0.01479385,0.005394606
CAPG,0.12466439,-0.09791753,-0.045648895,0.33168486,0.0032621322,-0.050808944,-0.005508114,0.013258744,0.07899566,0.11187373
ITGB4,0.15077554,0.119831465,0.2159909,-0.07205352,-0.027187452,0.06296048,0.2110971,0.24285744,0.00041080752,-0.049289472
FAP,0.0012561465,0.19504426,0.10360135,0.2613206,0.0033363437,0.058401566,0.14989692,-0.009709404,0.13103499,0.11140219
ENPP5,0.1548243,-0.1384967,0.12841715,0.06885414,-0.094446644,-0.115846775,-0.26627448,-0.03651896,-0.12092457,0.1469762
ACOT11,0.050678555,-0.122228675,-0.012238894,0.14751904,0.03683335,0.12590739,0.031535015,0.28151616,-0.24527861,-0.0115864985
FBLIM1,0.10060738,-0.010975095,0.30700782,0.09742157,-0.0014718672,-0.107463114,0.094647475,0.08521019,0.009922067,0.008196677
ADRA1D,-0.07031139,-0.18080154,0.23596883,-0.10008162,0.01762786,-0.0036837112,-0.033213854,-0.02221517,0.06805644,-0.05778887
HSD17B6,-0.055018827,-0.017252808,0.19348462,0.15596746,0.077710696,-0.050413556,-0.049706623,-0.22612436,0.011375065,0.16327058
CAMK1D,0.098255016,0.20690371,0.018907404,0.008334623,-0.0070603862,0.0117870355,0.0054376535,0.031065498,-0.17151757,0.0008576329
SMAD7,-0.038063314,-0.20239769,0.22174992,0.012044878,0.0030196945,0.10426444,0.12514135,-0.039747972,-0.12986095,0.10997992
TCFL5,-0.026526587,0.10495594,-0.0187923,-0.014572672,0.11399126,0.008282602,0.03481895,0.012326323,0.016213303,-0.30782378
LMO7,-0.04887679,0.040304396,-0.018912228,0.02138479,0.00040438218,0.2578272,-0.0030843078,0.050467428,-0.2685216,0.104700916
ETNK2,-0.07340548,0.029032871,0.18015178,0.013513175,0.07884826,-0.22150189,0.06630703,-0.22533625,-0.10988638,-0.06640471
DUSP26,-0.05393839,-0.06355254,0.10981768,-0.12865667,-0.07305545,-0.005336164,-0.061218012,-0.0882161,-0.31450337,0.0061367312
IL18R1,0.07088983,0.08187458,0.116651714,0.03350422,0.0033754397,-0.12661396,-0.08663436,-0.012232509,-0.08572065,-0.064954594
MYL1,0.055523254,0.018421141,-0.009039533,-0.06911487,-0.005506572,-0.007457558,-0.013969822,0.050924696,-0.11547638,-0.052489113
DDIT3,-0.026080694,-0.030645061,0.019532591,-0.008584248,0.03259458,-0.041171182,0.20320083,-0.06815229,0.1049631,0.011617009
SCML2,-0.12219289,0.0033573178,0.14988494,-0.066255294,0.14653282,-0.08302251,0.049323075,-0.16007866,-0.09510875,-0.22326162
GFRA2,-0.0627011,0.04379447,0.208883,-0.07850971,0.024560379,0.026962018,0.013194641,-0.08746471,-0.14288387,-0.26147002
KREMEN1,-0.03654996,0.14556824,0.022574764,0.15549105,0.045385852,0.102439545,0.16045386,0.025707023,-0.025727864,-0.06450298
BARX1,-0.10993048,0.09524398,0.017870232,-0.024811625,0.0341996,0.0046299165,-0.02579417,-0.12712638,-0.03944888,-0.2161481
SIRPB2,0.3173497,0.034806926,0.00035863838,-0.050660085,-0.0059183547,0.10209055,-0.01303806,-0.24408999,0.042122725,0.002374928
HNF4G,-0.059241362,-0.10603427,0.18588875,0.0049191928,0.010880628,0.0029458362,-0.07795541,-0.1624693,-0.15195268,0.07596601
DAB2,0.22148363,0.20429818,0.0145584745,0.031618126,0.0155345425,0.10036427,0.044523697,-0.0012037107,0.038849015,-0.0060094586
SLCO3A1,0.13224742,-0.007449695,0.20071249,0.0876071,-0.030831384,-0.013941207,0.09009482,0.15392117,-0.13162926,0.19978006
CPNE5,-0.03553106,-0.08448758,0.017776374,-0.1851577,0.05664215,0.013828651,0.04776367,-0.012138821,-0.15021099,-0.30513278
RAB30,0.02428403,0.15158007,0.10894846,0.10731342,-0.008560034,0.17550328,0.008626301,-0.01407077,-0.12822671,0.32825133
TPBG,-0.018549599,0.09587455,0.014352444,0.14400956,0.09956876,0.038365055,-0.24934772,0.09536059,-0.064328775,-0.05950819
RHBDL3,0.0103058135,0.087000504,-0.026180886,0.019111708,0.12675487,0.027794516,0.02022248,0.1844266,-0.083260566,-0.09044307
POU2F2,0.25649062,0.13505916,-0.0012171796,-0.076302536,-0.020729724,-0.012432383,-0.0064049973,-0.20952426,-0.00671476,0.009407556
MID1,-0.10413199,0.05322299,0.17571007,0.115238786,0.03055965,0.09734755,-0.0057286276,-0.13261761,0.06496125,0.1105411
FRMD4B,0.07251789,-0.114441596,0.2116666,-0.11786472,-0.021293854,0.20735712,-0.011923327,0.017570775,-0.24831347,0.049695205
SCAMP5,0.08038695,-0.013802265,0.18229038,-0.086674616,0.09218077,-0.1078288,0.08356379,-0.022686755,0.0009032726,-0.16997942
LGI4,0.034561537,0.07905863,-0.0035284022,-0.0022620393,-0.17018333,0.19226134,0.06544773,0.096987456,-0.14586924,-0.061988857
RAB3IL1,0.15553187,0.24095374,-0.058992468,0.034120884,0.021793997,-0.0010305506,0.10607347,0.007091285,0.027584476,-0.10030169
DLL4,0.058001876,-0.04132822,0.32701114,-0.18119161,0.03574624,-0.07108173,0.17591627,0.32453975,0.25483736,-0.051086392
STX11,0.20531291,-0.04326159,-0.0023963093,-0.12961534,0.0656557,-0.055890497,-0.019415278,0.07734895,-0.15561375,0.13061212
SLC4A4,0.0046203467,-0.042267065,0.1273726,0.0019616645,-0.016348451,-0.012599614,-0.016713543,0.019397536,-0.33941266,0.290881
COL1A2,-0.07024604,0.08536437,0.008360209,0.13754791,-0.005702707,0.4964188,-0.00030945666,0.095957175,0.210072,-0.063030414
CSAD,0.04832279,-0.14883918,0.10363573,0.098141655,0.040741872,-0.030689377,0.010803885,0.10814485,-0.10704733,-0.16171569
MATK,0.122285694,-0.22759591,0.005818339,0.32670835,-0.042285692,-0.009984378,0.08819884,0.16070546,0.037391316,-0.21256737
ABCB1,0.0815961,-0.10759903,0.15295532,-0.09642939,-0.010234966,-0.024155213,-0.018328672,-0.016328676,-0.33743757,0.035394855
ABLIM1,0.057905763,-0.06190584,0.121614285,-0.21324761,0.05667695,0.10977558,-0.0077220104,0.16403909,-0.24251062,0.13855545
MMRN2,0.11217226,-0.034145862,0.284459,-0.17272602,-0.043830685,0.0052155587,-0.11645243,0.39275476,0.24128479,-0.07537159
MPP2,-0.06989215,0.03168162,0.17722481,0.02195872,0.113009036,-0.108786024,-0.07078949,-0.20827375,-0.17028183,-0.16026217
VGLL3,0.08157136,0.28934774,-0.04838129,0.040028784,-0.0016208095,-0.056259252,-0.04624499,0.05430608,-0.15718421,0.031510323
PRKAR1B,0.014539343,0.0023184381,0.090927795,-0.007550444,-0.07452038,0.007517366,0.092336684,-0.0848541,-0.27031562,-0.26241452
CYP4V2,0.23827276,-0.029949429,0.017908167,0.07902169,-0.0778442,0.053249363,-0.021616451,-0.123773105,-0.06714551,0.1609663
ESAM,0.15131904,0.0045497124,0.29355457,-0.21753046,-0.021569181,-0.004465321,0.09571227,0.3841067,0.2780623,-0.08831923
CX3CR1,0.19383162,0.06603892,0.16097228,0.009966138,-0.06341156,0.21795224,-0.17998558,-0.17599049,0.04801113,0.015831714
CTSW,0.1953767,0.0020082062,0.012592733,-0.13305487,0.0018123763,-0.10519342,0.066520356,-0.19320974,-0.14695266,-0.09826334
TGFBR3,0.10125755,0.18605702,0.17489833,-0.051033083,-0.028548729,0.014934277,0.003314914,0.029453123,-0.17642187,0.0992336
GNAI1,-0.070652716,-0.11110803,0.08666518,-0.054410554,-0.0020728773,0.20982252,-0.2549174,0.052586723,-0.32433918,0.04621752
DOK3,0.24862327,-0.1751791,-0.0009776182,0.19889997,-0.02715773,-0.08446951,-0.0012774809,-9.782363e-05,0.018439677,-0.17242713
PNMA2,-0.04638249,0.028561022,-0.00084983493,0.00038337742,0.1393432,0.010779419,-0.011947199,-0.007603655,-0.19200836,-0.097651646
CLSTN3,0.059201572,-0.029875042,0.26049688,0.17430365,0.0046098847,-0.08823375,0.07909489,-0.109908305,-0.10696469,-0.080209784
TP53I11,-0.04013146,-0.18625021,0.191148,-0.14893435,-0.0072718114,0.311384,0.20672119,-0.06943405,0.03176967,-0.18449403
CREB3L1,-0.06811915,-0.038806587,-0.046580102,0.015117741,0.09193266,0.40897483,-0.11613534,0.097325444,0.18351436,-0.047906958
COL16A1,-0.07364794,0.13462238,0.117079906,0.2700645,-0.0047007115,0.20868948,0.017527364,0.0108016,0.23241872,-0.06445743
IRX1,-0.085831605,-0.025861597,0.14255989,-0.0616261,0.12072645,0.00085876044,0.21008398,-0.18943363,-0.0001940105,-0.20854126
ITGA3,0.1458178,0.05029841,0.13772894,0.029522108,0.005339765,-0.16473332,0.063552715,0.20938182,-0.09613544,0.13403246
ABCA1,0.21944281,-0.043830395,0.009465286,-0.002290257,0.069276005,0.09682961,-0.14639017,0.041723303,-0.24890004,0.044380415
FCGRT,0.19341552,-0.06589174,0.08127496,-0.029941369,0.005350186,0.044389423,0.08890724,-0.14837693,0.06929196,-0.3865033
PARP3,0.116879635,0.05275651,-0.0062213712,0.16181454,-0.035474323,0.16140012,0.17579657,0.17437471,-0.019465232,0.12983544
ATF7IP2,0.12797217,-0.1177028,0.17608371,-0.104133084,-0.0028984027,-0.007684084,-0.021237278,0.05675575,-0.06599391,0.0061042914
SCN1B,0.074825116,0.14073701,0.005303328,0.021385953,-0.090514734,0.084181525,0.04102105,0.033720784,-0.11235022,-0.087940075
NOX4,0.117161274,0.08922221,0.13542806,-0.039639447,0.0023206398,-0.113291375,-0.09671882,0.35138887,-0.0655049,0.23491263
TLR3,0.16583158,-0.051569942,0.13370979,0.018509582,-0.01710385,0.13021098,0.04716766,-0.1294636,-0.14487307,0.28891677
ARRB1,0.21362059,-0.13124992,0.13398059,0.08100481,-0.0025858695,0.03472405,-0.0023945204,0.22456513,-6.0958802e-05,-0.0832966
PGAP1,-0.058633108,0.053184696,0.16284628,-0.024710467,0.2392923,0.004086422,-0.19031128,0.016144032,-0.169375,0.048176803
B4GALT6,-0.040007174,-0.13301362,0.03758861,-0.039109264,0.054610033,0.002647518,-0.259472,-0.004283459,-0.33611426,-0.04455383
HELLS,-0.07167319,-0.035680518,0.015858725,-0.0042743837,0.34392914,-0.010374091,0.08278906,0.026542915,-0.054612894,0.005922116
PTPRU,0.034068625,0.16019511,0.02709526,0.06386437,-0.017889312,-0.02082272,-0.003162473,0.00034493726,-0.24568324,-0.0605024
TOP2A,-0.0816557,0.0036509526,0.07463515,0.022981003,0.39471656,-0.02177112,-0.03173238,-0.056131307,-0.0256802,0.051136505
HR,-0.010333108,0.046802234,0.024923922,0.09037526,-0.010668326,0.08231277,-0.046515696,0.18130396,-0.12761076,-0.009389606
PECAM1,0.18776883,0.057061154,0.26765475,-0.1937332,0.001241726,0.0106302295,0.062118445,0.3730294,0.20529222,0.0015195123
NR4A3,0.06102873,0.20234597,-0.09314908,-0.057192594,0.13966563,-0.059381235,0.045868672,0.11647303,-0.15731376,0.01725999
GAL3ST4,0.17033271,0.10694545,0.1069627,0.1497776,0.03656371,0.15261035,-0.16884625,-0.17874669,0.15219618,-0.15414962
KIF21A,-0.13326319,-0.06817418,0.08281127,-0.03754096,0.00633821,0.015322959,-0.10779231,-0.0817387,-0.35854852,0.0058317482
HDAC9,-0.038378965,-0.10131222,0.17391041,0.22651252,0.06013366,-0.089628115,-0.28766134,-0.0863595,-0.05515439,0.2126113
SERINC2,0.0010040569,-0.10258617,0.07615562,0.15052462,0.043130424,-0.0116678085,-0.07460793,0.058978446,-0.12465563,-0.1791459
COL4A1,0.12492815,0.12248437,0.30520248,-0.065318204,0.0870023,-0.058000315,0.11235163,0.35931033,0.08516804,0.0800903
CLDN11,-0.0066895518,-0.19269472,0.19439222,-0.041245066,-0.0015362204,0.053919833,-0.08758359,-0.04551313,-0.09906919,0.009751534
TIE1,0.13380697,-0.046980258,0.3729317,-0.085746005,-0.0003528243,-0.018340435,0.14974648,0.38931522,0.26930594,-0.055435658
TGFB2,-0.05209038,0.09697082,0.038738854,0.120961204,0.01167169,0.13278736,-0.022311497,-0.070302956,0.016248822,-0.079156205
ATP6V1C1,0.058407933,-0.24614984,-0.0092683,0.28737277,0.05009232,-0.07551208,-0.13823684,0.21405591,-0.06625629,-0.016639225
ZFPM2,0.03480225,0.11026329,0.119167015,-0.10177676,0.011743502,-0.13297412,-0.09814925,0.1251324,-0.32352805,0.015403456
GAB2,0.19650951,-0.07295577,0.13648032,0.010948827,-0.059646156,0.0044757808,-0.016949765,0.15318213,-0.1741016,0.21300448
CYP2J2,0.013161788,0.16854464,0.12450077,-0.012301371,-0.018019762,-0.10069196,-0.075218745,-0.15963793,-0.26121902,-0.07309471
SLC1A1,-0.025513863,0.02589118,-0.04410523,-0.07314731,0.15048605,0.008809299,3.7046197e-05,-0.027008679,-0.28969616,-0.13464536
PTPN4,-0.0055740285,-0.17909156,0.19536115,-0.028232327,0.008853967,0.20624329,0.07588802,0.0831886,-0.17897291,0.23802681
MYL3,0.016225854,-0.072953925,-0.018948086,-0.09582866,-0.0026308487,0.16939095,-0.090972304,0.11656221,-0.15164147,-0.10502133
BUB1B,-0.07429361,-0.004733389,-0.039587274,-0.015559259,0.4048823,0.031255204,-0.0037707842,-0.011039742,-0.011819163,0.04522391
NDRG1,0.048799638,-0.06557034,0.00719841,0.22951744,0.0056572226,-0.063603476,3.0133526e-05,0.052487005,-0.22006454,0.27492142
CNIH2,-0.05228496,0.05828047,0.034733787,-0.017201249,0.08769263,-0.0032761162,-0.016545285,-0.05866226,0.02045113,-0.28157982
CDH13,0.07188537,0.18464282,0.07708106,-0.104643255,0.04718244,0.022428814,-0.017681759,0.26829532,0.021445671,0.036777604
CACNB1,-0.028963594,-0.083808675,0.15628786,-0.13180216,-5.3247382e-05,0.024972243,0.006645928,-0.05298639,-0.2076014,0.007857458
PRCP,0.13803472,-0.024813928,0.20903891,-0.047189664,0.0058916975,0.17286684,0.05183276,0.23219728,0.14096846,0.07938623
LAMA2,0.03725706,0.25111002,-0.003931562,0.0069997343,-0.0018536284,-0.029869564,0.06511948,0.027406428,-0.35315365,0.0058079315
KCNK5,0.012019715,0.015241883,0.16873936,-0.084815964,0.008982595,-0.11150515,-0.0033699118,0.0047128727,-0.11303673,-0.07384126
SNTA1,-0.07410939,-0.109014764,0.01981782,-0.004878752,0.099426754,0.033469405,0.054506898,-0.13833472,0.02465995,-0.10302449
NPDC1,0.087036766,0.10229338,0.044771206,-0.14389452,-0.16167301,-0.0133931795,0.011852386,0.15844682,-0.20608293,-0.1890756
HOXB3,-0.008893067,-0.059418347,0.10831969,-0.1080739,0.04000597,0.03129419,-0.06436378,-0.008908071,-0.2720612,-0.08926633
MFAP5,0.10565291,0.24678491,-0.005718553,-0.059777267,-0.0047500646,0.02628895,0.012633557,0.15389718,-0.12108054,-0.07092147
MYO7A,0.25666475,0.071944326,0.03332346,-0.0074441656,0.006417318,0.1197017,0.02505676,-0.1286094,-0.04167817,-0.0066567617
MMP19,0.21672714,0.12994787,-0.13012564,0.08463405,0.016349845,0.11085053,0.044621237,0.040881,0.0025126606,-0.074841276
HOXC4,-0.1284305,-0.050301615,0.13520694,-0.050097346,-0.008878922,-0.003264913,-0.03439489,-0.05434724,-0.17275281,0.04755943
ANKRD6,0.019767484,-0.014754024,0.07183024,0.09237923,0.030049676,-0.017069919,0.109631576,-0.060505625,-0.20932779,-0.016543906
PYGM,0.078004874,-0.05026874,-0.012799167,-0.18784426,-0.021493414,0.12022384,0.026765585,0.16539285,-0.16865277,-0.07701857
ARHGEF15,0.14748183,0.008486157,0.3546813,-0.20415226,-0.04608013,0.019918378,0.13248365,0.33811173,0.20337847,-0.08937614
NFE2L3,0.046546966,-0.111815214,0.1127026,-0.028560983,0.010848388,-0.19080009,0.043251034,-0.24348375,-0.19242905,0.016950078
SH2D3C,0.18111044,-0.0021969725,0.36403698,-0.19872946,-0.003342971,-0.08593728,0.101531886,0.23358352,0.14002219,-0.062300134
PLEKHG1,0.122097634,0.042241998,0.1996077,-0.0055374065,-0.0065757367,0.0055429526,-0.09003966,0.1835527,-0.17000176,0.011641367
PTK2B,0.2679677,-0.10433585,-0.059723873,0.14833447,0.01993206,-0.003983509,0.16178618,0.023230167,-0.16972977,-0.047178198
EHD3,0.08376239,-0.15753224,0.14717442,0.042305306,-0.03786297,0.08160332,-0.098654404,0.115313195,-0.11903763,0.22569312
CHRNA5,-0.032642953,-0.012825053,-0.010687512,-0.045154206,0.15843764,-0.016245164,0.07730917,-0.013069532,-0.14620775,-0.18260406
PRELP,-0.0087181,0.17514245,0.038061332,0.036543585,-0.12514295,0.23934628,0.06758403,0.050642658,-0.09080571,0.0781275
RXRG,-0.016633676,0.08198318,0.008838782,0.0131246885,-0.01109043,0.040681824,-0.22010104,0.053298462,0.0057793,-0.10081052
MEOX2,0.0014199587,-0.005005884,0.120639235,-0.0149341915,-0.06652495,0.07676003,-0.21984227,0.122461125,-0.140153,0.21027304
ANK3,-0.039816763,-0.091742344,0.24346088,0.030951137,-0.009502899,0.010878755,-0.025531486,-0.08310031,-0.34981763,0.11703484
SIX1,0.02832818,0.24928525,0.0087713115,0.020922089,0.016532974,-0.010619348,0.14613117,0.07664111,-0.22859138,0.05245089
POLE,-0.098508626,-0.01902637,0.032982636,-0.02406633,0.3479762,0.0010707895,0.054341935,-0.051402826,-0.022155162,-0.021183593
RNF180,-0.032850973,-0.02796827,0.055956043,-0.01926174,-0.008706466,0.0301639,-0.21836428,0.013413561,-0.023166515,-0.07834729
ADRA1B,-0.041048232,-0.025332004,0.16435139,0.035943005,0.055201475,-0.013661963,-0.0056836368,-0.13591649,0.1948296,-0.06537908
DES,0.058757577,0.13001183,-0.008699762,-0.037697982,-0.013607941,-0.02335778,0.014985716,0.07878727,-0.25026783,-0.13452815
IL16,0.12811045,0.19676355,0.0968469,-0.14003488,-0.010164004,0.006523764,-0.11217943,-0.13676159,-0.010539789,-0.09927667
DNAJB1,-0.08725594,0.009647934,0.12456936,0.07434236,0.0880049,-0.13731681,0.27973878,-0.100668915,-0.09504015,0.06788467
CUBN,-0.013308521,0.08262533,0.16313417,0.1335813,0.062959686,-0.007303383,0.07457132,-0.1448269,0.034545083,0.20053123
EXTL1,-0.056021713,0.045500483,0.08307712,-0.030962713,-0.0026560542,0.099833384,-0.00863885,-0.044011485,-0.13585648,-0.23766333
NRP2,0.010595747,-0.15056834,0.19216874,0.14446232,-0.008472431,0.08791973,0.0018644807,-0.04751677,-0.09765069,0.15926065
MCM2,-0.1150295,-0.008701261,0.092184775,0.023626843,0.32461745,-0.019484427,0.14975007,-0.09390909,-0.057655957,0.032126073
SDC1,0.012273178,0.076600775,0.092450246,0.36960724,0.009434112,-0.044345107,0.049074095,-0.05109322,0.17892823,-0.14144056
DYSF,0.025195079,-0.017190825,0.3233673,-0.069375545,0.08911266,0.018017722,0.109016545,0.15532927,0.2433148,0.16607577
ZDHHC14,-0.026868416,-0.15594196,0.23182721,-0.026349967,-0.007254234,0.02839313,0.13697031,-0.029847994,-0.018524949,-0.07728831
FANCA,-0.09350184,-0.064752094,-0.008526607,-0.059984077,0.2955271,-0.020157496,-0.051652607,0.020911155,-0.08142886,-0.028878875
ELOVL4,-0.13444877,-0.031371012,0.015198887,0.018653905,0.1424799,0.078073904,0.009027066,-0.04575153,-0.024305105,-0.13306463
ZFP36,0.15026659,0.0037037062,-0.038022652,-0.028674182,0.019673945,-0.09117683,0.11860745,0.11117378,-0.09334304,0.13976084
DTX3L,0.14425847,-0.05450805,0.1492544,0.017605318,0.0077302675,0.09465377,0.01636171,-0.21545869,0.0015420201,0.28295466
CLK1,-0.0030816153,-0.0660077,0.12789789,-0.015526405,0.0054132915,0.0060710227,-0.29306015,0.06649605,-0.06613043,0.07100008
CLCN5,-0.05314129,0.1292485,0.08504865,0.0133806225,0.18369775,0.062219806,0.15029687,-0.090530366,-0.058612954,0.019601477
CLTCL1,-0.034732647,0.09671839,0.07172615,0.018095946,0.15203822,-0.07920073,-0.05112895,-0.14711821,-0.09664216,-0.25338897
RUNX1T1,-0.025983509,0.1952621,0.14675675,0.09045173,0.068613276,0.007822192,-0.07444803,-0.014098094,0.024339022,-0.2125632
GPR27,-0.09398435,0.010395719,0.07903727,-0.004813783,-0.051553324,-0.010676533,-0.18074559,-0.08931449,-0.1761157,-0.06486602
SPARC,-0.021731555,0.056000315,0.0280991,0.08441184,-0.12111393,0.4841397,0.0065756943,0.10981314,0.19069517,0.045581248
ALDH1A2,0.111192085,-0.02480195,0.07076127,0.004313112,0.018243086,-0.051527917,0.0371135,0.15615392,-0.18905987,-0.23831728
APOLD1,0.07436373,-0.0071487227,0.21467713,-0.112797074,0.058355495,0.034516692,0.060631655,0.3810098,0.0002080515,0.12468
SLC25A27,-0.051657222,-0.1455032,0.25245517,-0.02155588,-0.0012675747,-0.0019898394,-0.1398771,-0.09893374,0.010317887,-0.048380643
PTPN13,-0.07660756,-0.06090442,0.28516594,0.14544518,0.010132116,0.15543245,-0.1604228,-0.08234536,-0.03401127,0.10819847
MMRN1,0.12045789,0.12576778,0.15498236,-0.13650194,-0.0020058705,0.001820054,0.037339356,0.26266932,0.12801412,0.018656023
ITGA8,0.07174071,0.15519255,0.1625694,-0.060501818,-0.054196462,0.06382626,-0.24254718,0.14257047,-0.19491799,0.078527324
CDH11,-0.09005284,-0.014815528,0.27681503,0.15427789,0.044920117,0.22480467,-0.23937814,-0.12652795,0.09500324,0.15101635
TK1,-0.044084735,-0.08864489,-0.069529176,0.020362342,0.29877013,-0.00844516,0.19058014,-0.0413303,0.19014339,-0.03253736
EPHA5,-0.081468716,-0.036071166,0.21490957,0.12663639,0.0024566601,-0.00933269,-0.09702762,-0.18671376,-0.034409694,0.039319478
HTATIP2,0.11174312,-0.121976145,0.028302621,0.019663498,-0.0027737685,-0.005667436,0.048394334,-0.06964416,-0.04162852,0.25972217
RAMP1,0.033090226,0.022247285,-0.049690265,-0.19948216,-0.07273397,0.116379194,0.06992104,0.16645718,-0.19916742,-0.17120661
PBX1,-0.041652415,-0.0066399877,0.15686311,-0.06953853,0.110525504,0.051052324,-0.08578891,-0.0053517604,-0.15651566,-0.19457532
CIITA,0.3028606,0.060585104,-0.0040677153,-0.09143406,-0.011863984,0.06382866,0.05082817,-0.19331628,-0.03564102,0.011266609
MDGA1,-0.025367917,0.075766645,0.20207232,0.0987907,0.06457992,-0.04417169,-0.15698723,-0.059009075,0.043310557,-0.053459156
ABCC9,0.053021915,0.12917514,0.20022447,-0.14560147,0.0062127844,0.09282848,-0.23232163,0.24868251,-0.025843734,0.02207497
SORBS1,0.049471892,0.18083633,0.13248073,-0.098226175,-0.009641354,-0.0003773004,0.006009622,0.1404157,-0.4167629,-0.06388703
SMAD6,-0.08093516,-0.20836382,0.12861195,-0.09975913,-0.00462359,0.21812664,0.0008150294,0.07163375,-0.04698036,-0.036757104
BACH2,-0.028953036,0.09716788,0.07823394,0.15028206,0.011058136,-0.11679051,-0.31881255,0.018228004,-0.2989652,-0.07536343
HSPB7,0.019481275,0.021704266,-0.1338485,-0.054020688,-0.0012267019,0.1444378,-0.019443601,0.23795098,-0.2530616,-0.037550803
CTNND2,-0.062003568,0.004803028,0.09180555,-0.008470924,0.07136352,0.001995262,-0.064902656,-0.09579216,-0.21890023,-0.22596034
MAP2K6,-0.1131797,-0.05368911,0.1124997,-0.049224537,0.07678185,0.23772603,-0.024135193,-0.12944596,0.021950478,-0.1585321
CELSR2,-0.060251843,-0.043910794,0.047947336,-0.038189746,0.07011792,-0.003116056,-0.21038336,-0.04288437,-0.36880073,-0.07127216
SCAND1,0.027951578,-0.02973175,0.008813666,-0.047913086,-0.02622893,-0.1390661,0.265791,-0.07891369,0.0592795,-0.22621481
ICAM1,0.20603989,0.0041989186,-0.07009653,0.1946021,0.117256716,-0.018027626,0.15947829,0.061436612,-0.14842601,-0.030820807
RALGPS2,0.0014562291,-0.0008123368,0.0062429626,0.0040869615,0.10586236,0.03764879,-0.084043555,0.104051575,-0.06976576,0.100926906
C1QTNF7,0.038110297,0.06265931,0.16062154,0.25345343,-0.08367277,-0.008145955,-0.118303664,0.023527918,-0.064626694,-0.03353974
SLC39A8,0.14697912,-0.040026758,0.00020779727,0.15248343,0.093080975,-0.031440157,-0.27793777,0.07362698,0.06044871,0.121762075
HCLS1,0.33208838,-0.034619972,0.061296586,-0.004314959,-0.008587818,-0.047491323,0.03429626,-0.015200739,0.081240125,-0.004308417
DDAH1,-0.00067954697,0.07845093,0.014549977,-0.02770433,0.05246494,-0.026385834,-0.27961847,0.008531295,-0.22751452,0.093118295
DENND1C,0.33118826,-0.06448822,-0.013650892,0.045229483,-0.011719233,0.010958381,0.024429226,-0.13544038,-0.029454164,-0.09270033
DGKI,0.025948236,-0.04929121,0.14941606,0.29959667,0.013783365,-0.0026020373,-0.0652337,0.124259606,-0.009622377,-0.10896187
KIFC1,-0.058527607,-0.06603518,9.500108e-05,-0.0022204742,0.3567413,-0.03598308,0.32743195,-0.06129594,0.016031967,0.0063144853
RASL10B,-0.0024277184,-0.0514046,0.020894634,0.06589307,0.059136536,-0.13075216,-0.23580623,-0.03862766,-0.09516936,-0.35496837
CLIC5,0.108210325,-0.11257495,0.15107696,-0.14153665,-0.00019061202,0.010736187,-0.028336713,0.032431412,-0.26696974,0.036306903
HMCN1,0.030865747,0.23247762,0.1158494,0.084978454,0.04732813,0.01594788,-0.3411179,0.11258856,-0.119320184,-0.004152164
CSTB,0.14398244,-0.19198811,-0.13247311,0.31481168,-0.002700016,0.0036970084,0.09355667,0.15355733,0.014313305,-0.12130721
TBC1D16,-0.055808816,0.043604348,0.22333126,0.024231303,0.0587193,-0.0023101727,0.015473433,-0.18110004,-0.104236856,-0.22976923
SATB1,0.05361441,-0.008150395,0.028394151,0.010912832,0.119848736,-0.057069276,-0.18844402,0.014480544,-0.2150891,-0.07995403
FGD5,0.12703162,0.052461516,0.35324702,-0.12035027,-0.0024556594,0.015718022,0.19675085,0.2004374,-0.0054114177,0.09660237
MLLT11,0.010136828,0.036604725,-0.1008042,0.04457757,0.1018162,-0.10849266,-0.041572984,0.00550147,-0.17091092,0.059846826
SCUBE2,0.015803104,0.19966073,0.0732464,0.008734664,-0.11001243,0.17538191,0.059802,0.011012517,-0.10692125,-0.10259261
MANEAL,-0.03908404,0.05537054,-0.003751881,-0.09445146,0.019951714,-0.0017781017,0.016962806,-0.07416949,-0.21463743,-0.17544009
ARHGAP18,0.14141543,-0.17370981,0.14768228,0.23304299,0.036693763,-0.049074847,-0.39116874,0.20239112,0.097799666,-0.09224062
FADS1,-0.041258615,-0.055460535,-0.17052433,-0.050450068,0.25057167,0.1692016,0.009860762,0.047453582,-0.029371247,0.08675425
MYO10,-0.077732354,-0.09085363,0.18150473,0.06351197,0.112872384,0.23145708,-0.13787162,0.041038644,-0.005416473,0.14169843
MATN4,-0.098581545,0.07069108,0.12359724,0.038726635,0.019095628,-0.023812482,-0.014035341,-0.09309748,-0.00857636,-0.38765207
ABCC3,0.26266852,-0.009320443,0.020195479,0.10989498,-0.0057919323,0.07187916,0.0021789991,-0.17082322,-0.074665524,0.0016733279
ANGPT2,0.015992785,0.01661238,0.10574701,-0.15842687,0.030312499,-0.02753924,0.0034558736,0.17860222,0.11114407,0.050687134
DMPK,-0.045788467,-0.0021772655,0.12035145,-0.059142906,-0.0930618,0.04013391,0.008785717,-0.008938757,-0.30878422,-0.09957938
CRIP1,0.06692328,0.05222905,-0.11089939,-0.07460688,-0.047428258,0.07356048,0.27107957,0.1233101,-0.11864623,0.08883647
PLA2R1,0.0030575448,-0.013369824,0.22484688,0.16663718,-0.0745129,0.16588739,0.012688173,-0.014982182,-0.033339996,0.1823512
SUSD1,0.11718243,-0.1977883,0.064284034,-0.017012103,-0.0048787394,0.07238206,-0.006690564,0.057478737,-0.22999714,0.12748888
DPEP1,-0.04929279,-0.028161237,0.099526346,0.0039370544,0.011282407,0.03237128,-0.019872805,-0.004076742,-0.004840311,-0.28689492
DTL,-0.09759412,-0.0071111196,0.066501655,-0.03219262,0.34630516,-0.06211637,0.009162026,-0.03496686,-0.08954848,0.031866927
PER1,-0.058279313,0.07002086,0.0645344,-0.03536645,-0.018592676,-0.001514464,-0.0024778936,-0.06707477,-0.082450174,-0.05464849
RCN1,-0.00271599,0.19866776,-0.08501848,-0.022306573,-0.009159405,0.20633173,-0.18857704,0.118256,0.18144195,-0.10884744
NOTUM,-0.094737686,-0.12854847,0.03750195,0.01116028,0.021067463,0.13950595,0.030394174,-0.10144582,-0.05248882,-0.100557335
CDCA8,-0.072200894,-0.018979887,-0.0041797827,0.0029528316,0.38797966,0.007218768,0.16037148,-0.08818375,0.07574644,-0.008713525
DDN,-0.10745139,-0.021324264,-0.012394507,0.028878434,0.13082187,0.05413256,0.02755444,-0.083567984,-0.11247802,-0.110911824
GPRC5B,0.08143774,0.14789711,0.12928589,-0.1282848,0.043015987,0.0019499619,0.111656725,0.26942742,-0.24775954,-0.03192643
DEPDC1B,0.0009385524,-0.06973938,-0.0697748,-0.07841816,0.3764092,-0.044473108,0.050394982,0.0023974704,-0.019727126,0.09302555
PLK4,-0.04409742,0.011182232,0.0002464824,-0.022617962,0.40389827,-0.00093532423,0.017000116,0.0031572564,-0.0051569277,0.11958662
MFAP3L,-0.026134513,-0.17295054,0.0645675,-0.01754934,0.0038248512,0.13863781,-0.14274012,0.09038588,-0.19945143,-0.0015047226
SLC6A9,-0.097787395,0.06175574,0.12345217,0.018965675,0.015254823,0.2093621,0.123657025,-0.120713,0.054821163,-0.09932698
PKP1,-0.072125964,0.09451501,0.20623893,0.02268669,0.032750033,-0.05829982,0.10406722,0.062816694,0.06831135,0.023142992
NAP1L5,-0.032653954,0.026369411,0.030651482,0.018729344,0.09898143,-0.006737847,0.0473094,-0.04648921,-0.051569697,-0.07545928
FZD10,-0.0040657143,-0.017143065,0.2678859,-0.03191308,0.0022798153,0.00046592316,-0.05042688,0.027264016,-0.12524286,-0.08348421
CNTFR,-0.060892753,0.16807781,0.027070943,-0.10965814,0.046450373,0.087365665,-0.082358085,-0.07510829,-0.1761774,-0.206594
ID4,-0.07827349,0.06573513,0.14736962,-0.010879112,-0.018178347,-0.00358535,-0.25248295,-0.009182024,-0.0037583136,-0.06723501
CORO6,-0.01834127,-0.08945817,0.035076365,-0.091836706,-0.023114178,0.019485395,0.012191963,0.07599087,-0.15702698,-0.0053004134
BLNK,0.30115443,-0.009423005,0.005858058,0.01383527,-0.009221739,0.08869441,-0.18055342,-0.19632764,-0.015087262,-0.031871986
SLC12A7,0.005514909,-0.18458717,0.19769326,0.21359932,-0.010055445,-0.08421026,-0.13906392,0.04902109,-0.08377181,-0.013909926
KIF6,-0.08164972,-0.08383936,0.22083111,-0.06598794,-0.003997681,0.118902996,0.09647127,-0.120238975,0.12628053,-0.044538416
CDK6,-0.014412081,0.14865974,0.17917043,0.16109483,0.021645574,-0.12900007,-0.104198016,-0.08870795,-0.031562164,0.23405401
NPTXR,-0.04416815,0.0019423286,0.17969319,0.12345664,-0.0006279247,0.02344217,0.029036293,-0.11739993,-0.09093403,-0.12386859
COL23A1,-0.07116036,0.054372083,0.1258161,0.03184384,-0.0033580542,-0.013038282,-0.015695639,-0.103516616,-0.10889614,-0.246394
RGMA,0.034031797,0.20950319,0.12637347,-0.0144579,-0.05141049,-0.17314999,-0.11514438,-0.02616712,-0.21824412,-0.14422545
GALM,0.08631166,-0.19216628,0.09235824,0.26914254,0.009834884,-0.09520546,0.012741195,0.04200169,0.02925646,-0.08101133
HSD11B2,-0.040025853,-0.084229544,0.25572973,-0.039302167,0.032254577,0.08369378,-0.07745338,0.014110242,0.16605152,-0.10787323
NXPH4,-0.1174018,0.028403118,0.039587967,0.0069076247,0.09781099,-0.003659885,-0.028249115,-0.19400544,-0.12185378,-0.16528729
COL4A2,0.11212018,0.13038754,0.3075624,-0.042448595,0.0483002,-0.07684496,0.07225548,0.3127918,0.059478324,0.06482808
KDR,0.14114648,0.0172353,0.33603048,-0.14742374,0.07110684,0.015765779,-0.09811272,0.3650382,0.13658927,0.09495019
SYNGR1,-0.08918443,-0.031436604,0.12580039,0.01597416,0.014777138,-0.11802508,0.0008758858,-0.2548233,-0.06213451,-0.28379676
HOXB13,-0.089574784,-0.082989894,0.22122039,-0.056965765,-0.0043749553,0.0018710769,-0.011947256,-0.21078318,0.0162193,0.0026640685
HMGB2,-0.031736206,0.021196079,-0.018659346,-0.083148874,0.28223217,-0.15178311,-0.014284433,-0.0840889,-0.0671837,-0.08335074
DUSP9,-0.08800827,0.05539152,0.054381177,-0.03610921,0.0924794,-0.005418089,0.34125564,-0.13486233,-0.17226575,-0.3067667
CD34,0.1568358,0.0013167732,0.38044775,-0.20345528,0.0048498535,-0.004400576,0.120639294,0.3295055,0.21573688,-0.01526273
CRLF1,-0.0011515149,0.08868511,-0.007010509,0.02797223,-0.07155826,0.075071216,0.017545301,0.0706149,-0.22525214,0.10573033
TIMP3,-0.007853275,0.05297511,0.24220695,0.12807776,-0.018797342,-0.04126892,0.01878652,-0.16011198,-0.15104696,0.1733345
TSPAN6,0.025299791,-0.07878774,0.071708955,0.11344604,-0.0015504932,-0.012580838,-0.03627949,-0.0050466256,-0.06477066,0.1951146
CBX6,-0.059102952,0.032575138,0.27102113,0.02000977,0.0024571961,-0.023351142,-0.09045496,-0.22542444,-0.27750546,0.07079825
EXPH5,0.15471084,-0.03325464,-0.022825494,-0.004677608,0.0034330385,0.2098999,-0.18146849,0.113911465,-0.26699507,0.019959712
SLC16A6,0.16709226,-0.17291255,-0.04384326,0.16329801,0.1109009,-0.05219135,-0.12063266,0.16253145,-0.07385608,-0.005080129
IGF2R,-0.05897503,-0.053082746,0.18271086,0.105311126,0.14793518,-0.00670803,0.033026345,-0.103415124,-0.13759403,-0.03610429
SLC4A8,-0.0018655114,-0.05332583,0.0217133,-0.09907949,0.16232112,0.06441434,-0.15093456,0.07185135,-0.25172454,-0.13768585
DENND2D,0.28498372,-0.030932026,-0.03901345,-0.07188184,0.015363835,0.0070665353,0.09454582,-0.14464612,-0.14547046,-0.1162324
ALS2CL,0.10136873,0.022732833,0.16871843,-0.064606085,-0.08247733,0.14941707,0.13112418,0.2369584,0.0441469,-0.08809907
SGCG,-0.080642365,-0.001905883,0.12421523,0.0039350092,0.0063570025,0.07338987,-0.09638407,-0.0780073,0.018899146,-0.21713983
RPS6KA2,0.10890565,0.14491129,0.1854361,-0.03949466,0.0031193634,-0.00021410966,0.07068069,0.25809214,-0.0242668,0.0582019
KIF14,-0.091984995,-0.038542613,0.057329215,0.0027449413,0.3874625,0.039289903,-0.059333336,-0.017492425,0.0020428062,0.13406332
ABCG1,0.2606892,0.007550904,0.10522251,-0.17332871,0.06060099,-0.0727592,-0.051247235,0.0404697,0.008956079,0.005483934
RAD51AP1,-0.043541346,0.018169453,-0.01398125,-0.044308595,0.36192036,-0.013644844,0.0017173515,0.026082385,0.0032028407,-0.078839295
KCNMB1,0.1711864,0.12390829,0.07637615,-0.026002042,-0.016653053,-0.02625919,0.003326344,0.10675103,0.009038529,0.025352709
DUSP5,0.13938111,-0.116798244,-0.000980501,-0.014567023,0.09121341,-0.20253567,0.09698546,0.16379616,-0.09817433,0.06910164
GPR176,-0.08770507,0.008040927,0.11074787,0.12730037,0.02494968,0.11623889,0.13567942,-0.023728605,-0.01712253,0.09089165
RBMS3,0.07165681,-0.040203962,0.20670149,0.034029935,-0.08117479,-0.005246814,0.02152431,0.013741409,-0.23502319,0.12889129
IRF5,0.29867446,-0.09493159,0.036019176,0.00057873107,-0.013919513,-0.028907206,0.06299869,-0.14546926,-0.026638743,-0.0076853875
HBEGF,0.057682525,-0.12101277,0.07240885,-0.0031899288,0.078057006,-0.0569797,0.021021131,0.07743273,0.0606385,0.19734621
KLHL3,0.10440476,0.05188258,0.14602111,-0.042684447,0.09388754,-0.06129185,-0.012841529,0.065994546,-0.09414388,-0.019384976
CEP72,-0.068954,-0.034130845,0.051034488,-0.020326056,0.23412535,-0.0324406,-0.043208793,-0.1064832,0.030041838,-0.11844841
GPR153,-0.11269872,0.11752597,0.00063978485,-0.012296627,0.12951043,0.14753497,0.049084943,-0.049485043,-0.0232904,-0.22595781
CCNA2,-0.05162162,0.005479923,-0.04330908,-0.019762306,0.40167987,-0.005510391,0.027867852,0.01089076,0.01972949,0.02864642
KIF22,-0.05912897,-0.029940205,0.0054501505,-0.0042697685,0.35814872,-0.002636628,0.24394578,-0.098658554,0.050577335,-0.025387121
GPR162,-0.0077704606,-0.018138753,0.1557374,-0.05102101,0.03438573,-0.023667304,0.02418248,-0.08411262,-0.09418819,-0.23604539
HORMAD1,-0.050575085,0.0033945697,0.01090801,0.0068210526,0.12135077,-0.033630103,-0.016625991,-0.09107901,0.031635504,-0.11656851
TFPI2,0.003529654,-0.047581743,0.038085572,0.15363805,-0.012214441,0.01675093,-0.15197751,0.0026009695,0.07084619,0.12877028
FSTL1,-0.0038977386,0.11078905,0.18264666,0.14453563,-0.05936178,0.13196658,0.038877416,0.010576996,-0.112835884,0.089329936
CENPA,-0.07174304,-0.09143703,-0.044717588,-0.027971027,0.35086578,0.005516019,0.11233058,-0.01091542,0.09714623,-0.06209488
GJA5,0.10559128,-0.043676917,0.3541819,-0.029072916,-0.055018254,0.015331234,0.23256674,0.06138069,0.202008,0.09222392
NT5M,-0.08310666,0.09668822,0.0488288,0.014272741,0.018272564,-0.05367846,0.062797315,-0.21580599,0.055018235,-0.26326025
GIMAP2,0.27999315,-0.09046013,-0.016142724,0.042998895,0.003942949,-0.007934393,-0.243163,-0.04284308,-0.010199468,-0.01930175
RGS17,-0.0051840474,0.21872084,-0.0055368314,0.011145901,0.09208405,-0.14336477,-0.041477647,0.07706797,-0.23643984,-0.11529587
EDA,0.0029354617,0.08265511,0.02454774,-0.10457582,-0.014780004,0.15991601,0.030108623,0.065631285,-0.35382342,-0.059264805
CACNA2D2,-0.083239004,0.050373204,0.1498753,0.0118683325,0.013677237,0.13386644,-0.06990975,-0.09285542,-0.08172952,-0.0875762
PRTFDC1,-0.027509535,0.023186686,0.08400717,-0.012980499,0.009741842,0.030827766,-0.21907087,0.0014707799,-0.12845445,0.1466366
CA11,0.058864187,0.08778092,0.037016213,-0.008528927,-0.10742312,-0.0053798086,0.07694308,0.028173454,-0.30358884,-0.1503429
CCNF,-0.02392794,-0.17418437,0.0038991973,0.17821726,0.28468367,0.014465134,-0.009410085,0.0692547,-0.021456879,-0.15693723
TXNIP,0.1599182,-0.05721318,0.19944817,0.05885191,-0.09291299,0.004842715,0.014720493,-0.10649633,-0.10054097,0.032905083
PLD1,-0.026119705,-0.015798744,0.22558881,0.21332893,-0.00044235264,0.121818766,-0.057459004,-0.06333982,0.060703665,0.1879764
ACSL5,0.28129977,-0.012067601,0.121376246,-0.0184401,-0.007915052,-0.0034734092,0.13981803,0.06773429,0.051690444,0.05408416
WNT2B,0.06743635,-0.109534495,0.14112276,0.1893407,-0.014879912,0.05589307,0.03812546,0.032386474,-0.0026368527,0.17866237
BRSK1,-0.05389165,0.074871145,0.018563638,0.024092555,-0.04320562,0.06556138,0.27549577,-0.049017806,-0.27990258,-0.008730912
ENOSF1,-0.08840198,0.088127516,-0.0030902857,-0.047436826,0.14978744,-0.010981951,-0.22300363,0.010442565,-0.096877046,-0.10519851
CALCR,0.09143429,-0.19254288,0.000824157,0.21229433,-0.045046695,0.16023657,-0.042670194,0.12320181,-0.100168906,-0.2882045
SLC6A6,0.15475933,-0.023403365,0.08528865,0.18027587,0.0073792664,-0.01717216,0.02801266,0.05781275,-0.16536261,0.2380269
CREG1,0.24652225,-0.0016536469,-0.036681082,-0.038548987,0.07199718,0.016063018,0.09828717,-0.16563386,0.03574496,0.0067762826
ADAM28,0.27108866,-0.01750141,-0.009442141,0.013298776,-0.003553853,0.12796001,0.006804542,-0.131604,-0.044365205,0.027657414
PTPRK,0.05854176,0.05165645,0.26299605,-0.054376565,-0.0024461322,-0.08427754,-0.1307492,0.12838608,-0.25136292,0.20816472
LRRC1,-0.11057981,-0.119850725,0.050869577,-0.022574574,0.087551266,0.04191789,-0.093483426,-0.013490373,-0.18496667,-0.1359648
SCUBE3,-0.0014135031,-0.08127833,0.21716978,0.061351273,-0.08634529,0.04098023,-0.12866563,-0.0063150595,-0.23018634,0.045233045
MFNG,0.30980474,0.03406331,0.11030976,-0.10807568,-0.04015519,0.023512611,0.07340135,0.0075169806,0.054298487,-0.097081356
GPR4,0.11730632,0.024164408,0.23456642,-0.16975437,0.065492064,0.0075140186,0.032223567,0.40880376,0.12471913,-0.021572934
DACH1,0.07131729,0.084679544,0.14358374,-0.19848199,0.058160275,-0.036238782,-0.2565315,0.30082038,-0.14267321,-0.10251822
SAMHD1,0.2575701,-0.046207964,0.037723172,-0.012893019,0.12556764,-0.04606476,0.09982937,-0.15321638,0.07776552,0.020620236
DPYSL3,0.05065836,0.19620346,0.02635781,0.1750797,-0.0033139547,0.11689066,-0.017520228,0.058564674,-0.10808091,0.19622417
RAB27B,-0.1087047,0.010577806,0.13607882,0.10184414,0.08480866,0.17426042,-0.08372518,-0.19665045,0.17343044,-0.004390958
SLC2A12,-0.05899564,-0.011763448,0.19112803,0.08764916,-0.058870126,0.044757582,0.00026435143,-0.15313014,-0.07786944,-0.03520982
MX2,0.19299416,-0.022306928,0.07687027,-0.027807934,0.007749336,0.02639733,-0.05489547,-0.21063153,0.11391856,0.14950019
HTRA1,-0.0039197137,0.18792349,0.06294024,0.25181237,-0.0793071,0.14356913,0.1310605,-0.015939638,0.17946836,0.023813907
P4HA3,0.024220977,0.23519398,0.042766165,0.20321144,-0.025860144,0.0017013098,0.12562928,0.01705559,0.025961412,-0.005072747
RHOB,0.07303653,0.08052352,-0.015298712,-0.038957104,0.00048754844,-0.015679162,-0.23738553,0.23363905,-0.1329206,0.08100659
FOXP1,0.105363525,0.23150416,0.022736495,0.11581094,-0.017656595,-0.12526569,-0.005766509,0.13528885,-0.20813537,0.07037167
PTPRJ,0.24712655,-0.1653759,0.004046166,0.13014401,0.014415816,0.008285393,0.01921771,0.05114595,-0.17007092,0.045606826
ATP6AP1,0.09513448,-0.24153817,0.02461257,0.31317103,0.020961476,0.001971932,0.12317355,0.053645276,0.05262977,-0.05781615
TINAGL1,0.16980542,0.060382117,0.081997484,-0.20888226,-0.011458782,-0.0075054006,0.03731065,0.24149665,0.03232637,-0.08178572
ATP8B4,0.16513504,-0.061653096,0.15484007,0.050230745,-0.06421411,0.08433368,-0.0014996955,-0.09893072,-0.014415757,0.3027398
ATP1B1,0.07270193,-0.09939156,0.011007407,0.10064433,0.070755884,-0.019397095,-0.01732269,-0.008196427,-0.09308686,0.076884426
SLC2A13,0.0077579115,0.1393693,-0.02502445,-0.012973035,0.120123416,0.2530716,-0.0361946,0.12370727,-0.18587914,0.07042707
CPM,0.23502669,0.094042175,-0.058213893,-0.011696395,0.096255586,-0.0036103386,0.019866934,-0.026076442,0.04768542,0.020030318
SPSB1,0.095309645,0.2034328,0.019477818,0.1441206,-0.022101121,-0.08317635,0.19121933,0.03686974,-0.214202,0.08185458
TXLNB,0.1526707,-0.09288663,0.03531505,0.020784717,-0.005137451,-0.046029452,0.046375055,0.047997735,-0.20178413,-0.0032925312
MMP1,0.029588018,-0.18494144,0.063322775,0.29965734,0.027004924,-0.12501612,-0.17085929,0.21307929,-0.019385196,-0.029056117
PER2,-0.016795106,0.13567096,0.18433806,0.020225829,-0.066552505,0.029338434,-0.05565277,0.044302873,-0.2702194,0.0011170771
ST6GALNAC3,-0.027707418,-0.049557827,0.18530948,-0.042398773,0.14668348,-0.020952715,-0.09660981,-0.01078926,0.0038024483,-0.24278003
ARMCX1,0.030980993,0.19576995,0.031432204,0.012921618,0.015878674,0.19733657,0.026853088,0.02983493,-0.021263013,0.061781768
ACVR2B,0.014106107,-0.10002937,0.17625646,-0.11308526,0.13618557,-0.12902054,0.01396604,0.06410355,-0.40029135,-0.011230245
NBL1,-0.00043283356,0.05359408,0.05867293,0.1155309,-0.088017106,0.1022886,0.29922363,-0.014879673,-0.027650118,0.15780108
TMEM97,-0.1008912,-0.07672404,0.03908036,0.0078098713,0.15859288,0.2773532,0.0046194852,-0.027255714,0.20256604,-0.11310945
DPF1,-0.09176522,0.108235605,0.08829876,0.001424309,0.15464349,-0.054962974,0.20927013,-0.2222575,-0.06379835,-0.053047515
SFMBT2,0.16895503,-0.009193983,0.25852364,-0.11198118,-0.038216203,-0.021714645,-0.018501485,-0.023374837,-0.28914958,-0.022820333
RASL11A,0.09857165,0.12541932,0.0056208796,0.0047476543,-0.011288614,-0.09652317,-0.005001898,0.10925373,-0.19887209,0.0003930624
HS6ST2,-0.07130133,0.11131207,0.07099695,-0.00444204,0.0642535,-0.119501986,-0.2297594,-0.06280926,-0.14242367,-0.14771335
KCNF1,-0.0059871636,-0.016967423,0.1255322,-0.1217115,0.040078424,-0.08053501,-0.014341531,0.12403859,-0.06583986,-0.2011654
TRAM1L1,-0.057713836,-0.04976202,0.094848104,0.07317363,-0.002704175,-0.017490579,-0.2803671,-0.16055799,-0.0993576,0.09553894
PLK2,0.085446335,0.07660071,0.25282478,-0.115265876,0.068645,-0.123299345,-0.27715692,0.1613449,0.16021197,-0.06428119
NRN1,-0.06893916,0.07637456,-0.0032342486,0.0814011,0.07862984,0.04585015,-0.04455077,-0.014025541,-0.15827349,-0.21292256
DNMT3B,-0.101750456,0.0029580502,0.14459214,-0.022938937,0.25911084,-0.0125352405,-0.011452968,-0.06594039,0.01803685,-0.13437513
EFEMP2,0.007834871,0.12958342,-0.0002962108,0.087442115,-0.06360836,0.21055721,0.072653554,0.023821315,-0.063157655,-0.10727682
RCSD1,0.24249093,-0.01262413,0.2745413,-0.15479973,0.0075217,-0.11141736,0.0010116427,-0.06484934,0.09608136,-0.043468043
LRP8,-0.05879287,-0.07451547,4.0146893e-05,0.040237337,0.13511921,-0.024985893,0.025716297,-0.068912834,-0.16469215,0.30829406
NXPH3,0.054206036,-0.02527389,0.107000716,0.14222962,-0.014441223,0.0069283545,0.06502349,0.027136495,-0.14571987,0.18560173
P4HA2,-0.0353168,-0.0073321066,-0.09763472,0.11519156,0.1363208,0.31040707,-0.008859421,0.049107842,0.07560895,0.007973463
ANK2,-0.08320154,0.04913879,0.096434616,-0.015729047,0.040869307,0.11987836,-0.2281736,0.051682364,-0.32122988,0.06259045
RAD51,-0.037260022,-0.020597346,-0.10414706,-0.00444596,0.3505275,-0.003953994,0.024004832,-0.009056903,0.11563182,0.010539602
PLXNC1,0.24552207,0.16572861,-0.01349441,0.07346506,0.07642371,0.06083889,-0.18252374,-0.1832629,-0.06504452,0.07372814
SALL1,-0.11434417,-0.17521515,0.10250031,0.0059076063,0.0156626,0.023518672,-0.16073395,-0.12108856,-0.21674056,0.10207695
SCRN2,0.00029939826,-0.036064334,0.015963748,0.0034240165,-0.052465074,0.006605876,-0.05111492,-0.06707563,-0.21442832,0.13954695
UCP2,0.29582676,-0.041514423,-0.10316053,-0.06860371,0.08108473,0.033965055,-0.0008579121,-0.048702583,-0.0075420765,0.013431357
HMGB3,-0.033534646,0.06961598,0.01421986,-0.04541384,0.24521714,0.0010578985,0.04676544,-0.033636253,-0.02113998,-0.20082657
EMX2,-0.0029221491,0.23283291,-0.047801387,0.0057453993,0.02304369,-0.0063673034,0.12606353,0.051393002,-0.05302701,-0.17565621
CD6,0.23888397,-0.015783917,0.071777,-0.0870607,0.0060732253,-0.067832395,0.031799413,-0.19815269,-0.12371792,-0.05645259
DENND2A,0.05609968,0.103240274,0.03209141,-0.1130955,-0.04120055,0.10550061,-0.10050186,0.1512145,-0.079878576,0.1684345
RECK,0.0022394096,0.19948697,0.26000968,0.04291841,-0.0009298686,0.06763482,-0.13108441,-0.07273344,-0.07869149,0.15781318
ABCC1,-0.008107644,-0.016858099,0.121056505,-0.007009749,0.14849822,0.15385824,0.1643951,-0.18331392,-0.03172715,0.10990941
BCL3,0.18502727,0.09729042,-0.043298963,0.086540125,0.04209565,-0.13539356,0.035321187,0.09800773,-0.009216818,0.010276902
CD109,0.025512654,0.11274718,-0.080285944,0.3313579,0.015288995,0.19519886,0.06383291,0.16132252,-0.12374763,0.124682456
TMEM71,0.12701198,0.07580337,0.044739455,0.05868181,0.070798315,-0.10011853,0.13435623,-0.12855874,-0.20521207,0.053496923
SDF2L1,0.074121125,-0.14554186,-0.040568918,-0.01304787,0.050336547,-0.030557415,0.2165687,-0.0665865,0.03491282,-0.010706955
INSR,-0.026429465,-0.011888303,0.28328452,-0.09654864,0.008157021,-0.049678244,0.2830701,0.10589877,-0.03358226,-0.09166798
MYO5C,-0.0037694653,0.08548313,0.016256146,-0.12034795,0.1048333,0.11308492,0.014340956,0.0038604632,-0.20533158,-0.0068921526
SLC9A5,-0.10924765,-0.004003415,0.097264715,-0.006350945,0.032265004,0.11692666,0.1687882,-0.067349516,0.0031375836,-0.12385906
KIAA1671,0.018301414,0.03226873,0.22907723,-0.09744926,-0.07234119,0.1523633,-0.090147346,0.12483139,-0.14650238,0.09167929
ATF5,-0.06519378,0.052025817,0.14058863,-7.072368e-05,0.054614466,-0.044857718,0.2973967,-0.1785189,-0.05075545,-0.0573165
NEO1,-0.10998776,-0.017179823,0.21244101,0.030869614,0.06897651,0.18363947,-0.15792902,-0.17747526,-0.08433034,-0.019313317
BDKRB2,0.11797108,0.16643412,0.076816544,0.140904,0.016218627,-0.03184587,0.1150037,0.18366416,-0.076401584,0.09513425
ATP10A,0.021383058,0.110159256,0.018019019,0.0983678,-0.012332329,0.06832268,0.30706948,0.008750354,-0.19093655,0.24442592
PITPNC1,0.16793782,0.12565243,0.028307367,-0.042535212,0.014021926,-0.073822215,0.04249937,0.18159088,-0.19441119,-0.06678407
GJC1,0.0054849572,0.16094498,0.11624066,0.031512298,0.1929177,0.01960809,0.015770383,0.14412907,0.02131608,-0.1866845
SSBP2,0.016644714,0.07624573,0.03224853,-0.039774153,0.015197846,-0.14020397,0.0065534236,-0.028808596,-0.2785536,-0.029312488
KCNN3,-0.014903655,0.029000595,0.3399702,-0.034149293,-0.05200686,0.05745097,0.05147363,0.05532364,-0.15984128,0.04302766
SPAG5,-0.089272596,-0.0066155763,-0.04262985,0.0053162305,0.3704209,0.01363906,0.030331168,-0.064319335,0.047111265,0.020740192
KITLG,0.094779596,0.122817054,0.25313556,-0.020773064,0.09115355,-0.011839951,-0.16458167,0.20011055,0.026765136,0.19221888
WNK4,-0.11724562,-0.039663523,0.19736204,-0.069351725,0.0035552685,0.018560067,-0.06709009,-0.09621981,-0.24678525,-0.2292413
SAMD4A,-0.029600373,0.18181394,0.009224685,-0.08303147,0.0005481008,0.18481916,0.010260676,0.09379031,-0.2479976,0.19210263
PHKA2,-0.062221706,-0.008430164,0.2658539,0.08933718,0.005757912,-0.01751885,0.048963647,-0.21887983,-0.07685349,0.055412885
TLR8,0.3193184,0.0282927,-0.08084464,-0.0060985163,0.034370314,0.06344109,-0.016413987,-0.19055335,-0.009285058,-0.016896147
E2F1,-0.10560685,-0.05417402,-0.06609363,-0.05578119,0.30209386,-0.042473946,0.15965407,-0.018625064,0.04602582,-0.056457724
ADAMTS3,-0.09029821,-0.032355707,0.10414632,0.048280053,0.07352726,0.0010731631,-0.255066,-0.11621866,-0.095686205,0.090654686
HOXA4,-0.13876787,-0.06171081,0.102244206,-0.0005008072,0.108980715,-0.06205126,0.12677346,-0.113331005,-0.08187107,0.0694539
APBB1IP,0.21939233,-0.033101447,-0.022810185,0.10929013,0.0107517615,0.0049320483,0.0043077758,0.016675156,0.03888284,0.16295104
DOCK3,-0.049477875,-0.03992801,0.1497648,-0.122519016,0.0030552584,0.0039940663,-0.1778913,-0.0007970376,-0.15373133,-0.17383432
UHRF1,-0.07595354,0.009173209,0.058255676,0.050382204,0.34638295,-0.045897122,0.04304309,-0.039246816,-0.00053535524,0.033082962
LRRC8C,0.16165082,0.116941124,0.090465404,-0.07175912,0.12432086,-0.12443814,0.117237926,0.082645796,-0.2193064,0.21477224
MMP16,-0.0766902,-0.12626703,0.15096934,0.05427074,0.084456705,0.2639232,-0.10687029,0.020560734,0.015655322,0.004035719
CDC42EP3,-0.016288886,-0.1801525,0.019956553,-0.0182777,-0.025800578,0.18086813,-0.017859763,-0.022487877,-0.19676048,0.044010118
EVC,-0.013611118,0.22662197,0.06513431,0.16463134,0.02296635,0.18417266,0.0608131,-0.015728882,-0.04896481,0.012058713
TSPAN2,0.01929523,0.12337739,-0.004536925,-0.025593152,0.009174262,0.064882085,-0.009775213,0.1396408,-0.095328964,-0.04730135
ABCA8,0.13308646,0.18571605,0.09794388,-0.064542845,-0.08942085,0.04320852,-0.0026461054,0.0064280997,-0.24433248,0.0148056615
TRIP13,-0.07820789,-0.0105644455,0.0060487133,0.012492978,0.30754587,-0.034635726,0.01825516,-0.01085126,0.16190909,0.010624782
P2RY1,-0.026598632,-0.17153846,0.2121906,0.001225527,0.048939552,0.06577687,-0.0331698,-0.011469052,0.015929123,-0.08686676
LNX1,-0.03363694,0.018916238,0.10854618,0.08203512,0.1148244,0.10608168,-0.015035684,0.0715043,-0.046363488,-0.00025562342
E2F8,-0.05214347,-0.036759574,0.021425107,-0.05076731,0.38080058,0.0853435,0.12725392,-0.0018067335,0.0123803755,0.038918708
GRIA3,0.00044750786,0.062431972,0.10152418,-0.024874544,0.0014542968,0.05887771,-0.16750337,0.019272322,-0.10718393,-0.21814963
PDLIM5,0.0012355375,0.0049481723,-0.0044510695,0.054724976,-0.01620576,0.1360112,0.056074884,0.09604737,-0.15287617,0.29870954
NGFR,0.0067920517,-0.0044235457,0.284388,-0.12904237,-0.012336421,0.005488915,-0.018899523,0.053422328,-0.06993647,-0.23320663
SP100,0.17012502,-0.0216438,0.13137932,-0.013328472,-0.035977956,0.00509975,-0.042915672,-0.1971996,-0.007192328,0.3123656
BRCA1,-0.09633518,0.012726388,0.06281902,0.02013261,0.34575713,-0.010059434,-0.13662758,-0.054858066,-0.0056954236,0.18117747
TAGAP,0.29507294,-0.02408199,-0.004831179,0.016757514,-0.0073483353,-0.0048657293,0.005745322,-0.15543734,-0.0676269,0.046363384
ST6GAL1,0.21487768,0.120279014,0.10706146,-0.11022423,-0.0006655397,0.0055592414,-0.14414808,-0.034542672,-0.012955211,-0.022950253
YIF1B,0.09135506,-0.04928361,-0.09421061,0.05904621,-0.021822741,-0.013146689,0.25043184,-0.013732429,0.07691684,-0.04866606
GAP43,0.038315702,0.1427079,-0.07391355,-0.0016506589,0.027922604,-0.010247665,0.0025178178,0.015563546,-0.18031673,0.033554003
LIMK1,0.022283258,-0.106692,0.15948492,0.23397507,0.073691666,-0.09927767,-0.019486655,-0.1782667,-0.0021770885,0.095450185
PROCR,0.13308263,0.08174138,0.066476256,-0.0023693584,0.0041383924,-0.057894606,0.22607255,0.3395529,0.0050269896,0.0016459846
PLCE1,-0.028649656,0.13192967,0.022768563,-0.040090002,-0.0032851128,0.15175983,0.021424213,0.13065238,-0.4109965,0.23933826
KIF15,-0.07534975,0.046164475,0.0028559945,0.0015767771,0.39853635,0.010986974,-0.09037805,0.003391918,0.010627242,0.0391425
DTX1,0.034683365,-0.024203422,0.17113562,0.05268876,0.117246665,-0.17578539,0.018018924,0.15719007,-0.01877692,-0.15464884
PDLIM3,0.096419044,0.17839015,0.017600855,-0.005017797,-0.036418535,-0.064796716,0.0038601384,0.13633125,-0.20555589,-0.046340354
TMEM117,-0.0012757127,-0.0061990144,-0.0838813,-0.063982934,0.021995598,0.15804575,-0.20465174,0.041580074,-0.4438301,-0.02125976
COL25A1,-0.10510243,0.08063969,0.22779806,0.06452816,0.0025670398,-0.0054395525,-0.12860754,-0.20757942,-0.052422553,-0.20189111
HSPH1,-0.030657498,-0.029099252,0.08718678,0.029895984,0.21334055,-0.14183281,0.007533758,0.044197872,-0.15000376,-0.04110549
UBE2S,-0.08731024,-0.041321144,-0.10090717,-0.041057937,0.27463928,-0.03739343,0.228058,-0.02801649,0.049383946,-0.12075508
GAMT,0.0367117,-0.10367296,-0.056143206,-0.018970953,-0.10011537,0.035148803,0.18285146,-0.07919409,-0.2546552,-0.06001716
LRRC8E,-0.027017467,-0.011677794,-0.12712887,0.11131792,0.10230453,0.36319038,0.021726487,0.06728819,-0.17692716,0.03603009
ANLN,-0.06302987,0.035165343,0.017263452,0.11287097,0.3408873,-0.0033002947,-0.2026668,-0.032033656,0.010589094,0.31611142
PTPRS,-0.13971344,-0.051257778,0.2035574,-0.0018992147,0.07194137,0.2716975,0.009763116,-0.1441753,-0.07832674,-0.061932676
GRK5,0.17407826,0.17512704,0.14756015,-0.11702714,0.014112338,-0.11751339,0.11345519,0.20241505,-0.07531035,0.042974297
STAC2,-0.034897227,-0.08567748,0.22345665,0.006318981,-0.011066142,0.0005467679,-0.06264309,0.00991981,0.040958457,-0.013885769
PARP9,0.18616103,-0.028670372,0.14234221,0.015951108,-0.00012474247,0.108377196,0.12662442,-0.20635566,0.016481942,0.2775787
CMTM4,-0.11465753,0.07354031,0.18286443,0.14998214,0.024165109,0.09674964,0.0026282587,-0.0807285,-0.1457267,0.10713977
NEDD9,0.023353947,0.062118582,0.22603714,0.03855875,-0.08989215,0.042484414,0.007815352,-0.13147563,-0.109953925,0.21253182
FCER1G,0.31348917,-0.019170484,-0.098804064,0.04869671,0.0019094562,0.06693491,-0.003733544,-0.16132158,0.09464381,-0.051740155
NR4A1,-0.008806637,0.13045703,0.00019080174,-0.09169167,0.109346434,-0.04891234,0.25102407,0.1525476,-0.14901865,0.055605195
FOXM1,-0.09831733,-0.015690034,0.07524113,0.04693055,0.35747677,0.007976487,0.124876775,-0.05103541,0.049906816,0.0057117343
SYDE2,-0.11364055,-0.16201642,0.20738184,-0.010743665,0.012685846,0.043649543,0.14472517,-0.09461901,-0.32222876,0.061662793
MBP,0.26239914,-0.097466394,0.024951184,0.16389483,-0.016616251,-0.008025119,0.034520254,0.011627137,-0.15655,-0.04274535
WNT3,-0.08300471,-0.014670485,0.1779369,0.09493672,0.0048522493,0.04278635,-0.011333923,-0.15791382,-0.11408724,-0.04904108
FRMD6,-0.003876207,-0.048378102,0.23375505,0.20246194,0.086448595,0.15619662,-0.014777465,0.025368456,-0.009567967,0.25246197
TWIST1,-0.13392103,0.074300185,0.115304045,0.18735686,0.105098724,-0.015797045,0.09477923,-0.1694414,0.21109557,-0.1137207
CASP8,0.16201495,0.0127914045,0.005150925,0.009272162,0.07021814,0.124160446,-0.1411791,0.026477247,-0.13073274,0.27127218
TNFSF13,0.27232918,0.060325034,-0.06582642,-0.0489528,5.9084075e-05,0.083765544,-0.27810776,-0.15642181,0.0008624338,-0.060581338
EPB41,0.15113132,0.013200818,0.025315713,-0.13517646,0.14528897,-0.04745699,-0.3129139,-0.03801735,-0.27864847,0.026836513
DCK,-0.038015112,-0.0074026673,0.0006931889,0.008085523,0.32543576,0.00017401202,0.15331437,-0.04610202,0.04418728,0.1581719
RHOBTB3,-0.019891009,0.18244258,0.010573557,0.048569273,0.11717885,0.016253326,-0.2125275,0.079238035,-0.079333276,-0.023117356
NAGLU,0.08405199,-0.15892066,0.060474593,0.30270326,-0.049347855,0.026021782,-0.0038708183,0.08540415,0.119782686,0.015200811
JAZF1,0.017441886,0.12311227,0.16661027,0.08881406,-0.044653513,0.01654339,-0.32530552,-0.05144477,-0.06579506,0.2731698
TLL1,0.039546426,0.19674069,0.09411684,0.027572848,-0.00952274,-0.0034751978,-0.2340804,0.07873249,-0.13945423,-0.0135404365
ADCY3,-0.099699974,0.111203894,0.12214632,0.13640167,0.10407784,0.09751162,0.06054831,-0.03730983,0.046335235,-0.0388788
RUNX2,-0.08459971,-0.16592675,0.26331905,0.04908209,0.08893016,0.104101084,-0.1532071,-0.052170582,0.010378846,0.03798915
ARHGEF6,0.011939353,-0.08483529,0.18919183,-0.0012817134,-0.00751659,0.18963398,0.03937081,-0.19335154,-0.0360201,0.21383488
POLQ,-0.08714597,0.015973976,-0.00066514756,-0.070005655,0.33634657,0.0023467948,0.00051862333,-0.00077757123,-0.06477806,0.023496568
SLC9A2,-0.08934178,-0.13440937,0.17377768,-0.12727943,0.08297068,0.17563681,-0.022853628,-0.10876224,-0.08234099,-0.12644413
SLC25A10,-0.101317436,-0.16621529,0.01536983,-0.009891739,0.14041074,0.031290922,0.099121064,-0.111492775,0.0003940476,-0.20412916
FOXF1,-0.027269002,0.07110402,0.102694914,-0.027652403,0.0668319,-0.0674539,-0.058027495,-0.103240386,-0.06821177,-0.21576865
PRRX1,-0.00490689,0.13565955,0.18433881,0.21037766,-0.031000623,0.16761824,0.11093404,-0.043707866,0.03051852,0.3092307
ARG2,0.058491815,0.12130812,0.027667128,0.0711065,0.19606102,-0.18234585,0.12102816,0.100950435,0.0036814508,0.048704877
EPHB1,0.08900345,0.018676812,0.33729035,-0.10806866,0.05155059,-0.01472305,-0.0565274,0.26313946,0.17730628,-0.06746538
STK38L,0.08204601,0.18518457,-0.005389672,0.031545077,0.05546148,-0.017718256,-0.23434299,0.14857562,-0.2367557,0.21620236
TLE2,-0.06923121,-0.035129093,0.20960632,0.015075603,-0.091887794,-0.06467581,0.16184445,-0.16005896,-0.3025186,-0.2323879
RAPH1,-0.054226145,-0.115686685,0.22648954,0.1069066,0.029932218,0.14876264,0.014659788,0.07503175,-0.09673523,0.21226305
EDN1,0.16674319,0.15395764,-0.013252302,-0.06762054,-0.0011916076,0.022472857,-0.019304262,0.11611869,-0.047522567,0.0019019434
ASB9,0.065425605,0.063870914,0.10180535,-0.0023751492,0.050737504,-0.039085265,0.059731532,0.014717656,0.033917762,-0.033718113
TBC1D9,0.17591757,-0.18316315,0.002758967,0.2181284,0.023182854,0.043960717,-0.40179285,0.114663534,-0.11992384,-0.036040794
PDGFRB,0.07483485,0.084686376,0.33140868,0.13682362,-0.0045167664,-0.016649082,-0.02244775,0.08634029,0.123454586,0.12697326
CD5,0.24444813,0.014741809,0.009061991,-0.12199692,0.0007280054,-0.046921592,0.009800187,-0.23289874,-0.086656585,-0.009187085
PDE2A,0.12574661,0.02560326,0.24650231,-0.09870236,-0.056512874,0.10883328,0.14433014,0.2573664,0.040568106,0.008763316
YES1,-0.019502316,0.08388867,0.03595534,-0.024315918,0.2292265,0.0071341656,-0.29925492,0.18084092,-0.0075046266,-0.058331165
PPIL1,-0.038271032,-0.06208503,0.09600193,-0.018945536,0.123481356,-0.095692016,-0.30571133,-0.08487741,0.100182176,-0.0014697552
PON2,-0.0023111154,-0.083417654,0.07558952,0.029510578,0.19292225,-0.0031918006,-0.11654385,0.021428436,0.10871588,-0.06694823
UNC13D,0.2523135,-0.12785247,0.0038869905,0.15008916,0.008333838,-0.08058549,-0.006402816,-0.05098021,-0.113607325,-0.10982636
KIF23,-0.07549303,0.0028670398,-0.024130687,0.0015179135,0.3897232,-0.00037017599,-0.008077289,-0.007545716,0.07676834,0.087713145
RAB42,0.19173943,0.076686814,-0.0798774,-0.004409511,0.017988475,0.06225712,-0.16757868,-0.16539487,0.045217406,-0.0045322
PCBD1,0.095206045,-0.22382931,-0.007482558,0.0056588263,-0.067822814,-0.08948924,0.22269876,-0.07221457,-0.22999924,-0.0068530333
MAGI2,-0.042891935,-0.020165116,0.052618127,0.007137904,0.008241018,0.12060705,-0.27664962,0.09956982,-0.15352921,0.0363149
CBX2,-0.08413213,-0.020664198,0.20222208,-0.07392477,0.17652701,-0.07480183,-0.031075362,-0.14392728,-0.17703184,-0.13192901
SRGAP3,0.06375751,-0.09465564,0.2536951,0.24497779,-0.06743019,0.0067392383,-0.124394074,-0.16240776,-0.07323259,-0.01630652
NOSTRIN,0.1530239,0.007815944,0.1589815,-0.21221466,-0.036934786,0.115144126,0.14173497,0.28125736,0.019587511,-0.011000028
IQGAP3,-0.055105705,0.0032822315,0.08907953,0.028002499,0.32390592,0.0018377453,0.14457205,-0.060634825,-0.008723082,0.1398384
DMD,0.13896996,0.10097182,0.03787532,-0.043992378,-0.006341582,-0.09240178,-0.13596782,0.06688578,-0.24984781,0.05680448
GPRC5A,0.050611954,0.14732227,-0.13064854,0.014706201,0.016241588,0.12567393,-0.008712635,0.14930832,-0.27824146,0.13902342
MEOX1,0.13464315,0.1899594,-0.0033710578,-0.12749676,0.0038472682,-0.08482197,-0.008343683,0.19960296,-0.072159916,-0.12240507
FAM43A,0.05888735,-0.07102778,0.19047461,-0.19076121,-0.060862206,0.14705807,0.01873834,0.18134108,-0.0046135266,0.0008364445
ZSWIM5,-0.02098914,-0.018936276,0.092253365,-0.100483336,0.13152649,0.051949635,-0.065459296,-0.018297067,-0.24468051,-0.14239909
SARDH,-0.065468706,0.04039946,0.13822448,0.04517313,-0.113184094,0.14976813,0.21328445,-0.15239751,-0.12969184,-0.09256653
MARCKS,0.051298924,0.010420851,0.104359195,0.014412406,0.10184312,0.048919857,-0.13909362,-0.045909546,0.2249712,-0.1606947
ADAMTS17,-0.02327977,-0.024169203,0.16726893,0.0107295485,-0.02869481,0.23966211,-0.057092935,0.009073494,0.01934316,-0.0044528632
ITPR3,-0.030894252,0.032634035,0.2081575,0.14843032,0.0035484969,-0.014528914,0.13722357,-0.0117934905,-0.2295662,0.299651
STOX2,0.047855902,0.059431188,0.24717696,-0.11530134,-0.050838303,0.009319053,-0.031204833,0.096221514,-0.24760915,0.14125
ESPL1,-0.08224623,-0.08682124,0.061573837,0.031350277,0.354577,-0.023578161,0.17611876,-0.049407247,-0.017537497,0.0919179
LIPG,0.004353705,0.16333452,0.01898524,0.08113008,0.16356264,-0.18575527,-0.14209417,-0.007592819,-0.007987228,-0.13122651
ARSI,0.05784151,0.2696781,-0.0625203,0.148708,0.06320399,0.01041543,0.11030939,0.072021075,0.02432248,-0.14011778
CALD1,0.060720857,0.23445113,0.08643454,0.17138648,-0.00498943,0.08446749,-0.29766253,0.12015318,0.06484499,0.18035084
FGD2,0.3183547,0.030791845,0.0019820996,-0.1385156,-0.0008435624,0.07768588,-0.020483412,-0.22272426,0.0007613221,-0.0351651
RASGRP3,0.17036368,-0.008751263,0.30405068,-0.18764643,0.042022854,-0.060557302,-0.04812492,0.33203453,0.16203372,0.039477516
MYOZ1,0.046989795,-0.013686173,0.09100452,-0.09178195,-0.010168115,-0.010795898,0.025562659,0.02787784,-0.19784713,-0.007186453
PHKG1,0.024497481,0.04841409,0.0119236605,0.056525864,-0.09625063,0.11818908,0.10442629,0.052854963,-0.14746502,0.10425914
ABCC5,0.037841946,-0.13720177,0.14117002,0.25360668,0.07777581,-0.093171746,0.005598894,0.13091527,-0.1726738,-0.036424793
SYNGR3,-0.00583081,-0.10689613,0.029709386,0.17089231,-0.0026023893,-0.017688632,-0.048803452,-0.001448806,-0.22450007,-0.20733607
ITGB7,0.19373539,0.02387574,-0.0060478617,-0.10784634,0.04392974,-0.06048033,0.110954426,-0.20866548,-0.17439584,-0.12311672
IER3,0.09072248,0.04023384,-0.045113273,0.0896394,0.018308911,-0.10780179,0.18539108,0.09074312,0.015738225,0.016374296
PTEN,0.09027865,0.019311234,0.14675878,-0.00040570466,-0.0075491103,-0.012080067,0.015487837,0.1328966,-0.2585659,0.18951444
TPM1,0.02668178,-0.011223268,0.10524791,0.14900701,-0.01181052,0.05363019,0.022191582,-0.011627516,0.035888553,0.11042004
USP49,-0.07119217,-0.0877747,0.2763555,-0.06953023,0.008986017,-0.116166145,-0.28560153,-0.08700964,-0.11574404,0.037993677
SDC3,-0.03590279,0.099435754,0.10667014,-0.011044972,-0.0099424785,0.17927451,-0.0062561706,-0.16755937,-0.19749732,-0.12162558
ENPP4,0.026849043,-0.18779626,0.113584556,-0.10260013,0.02036985,-0.068434834,-0.11982477,-0.026785862,-0.2132225,0.19237673
MYBL2,-0.047041975,-0.04728818,-0.10505206,-0.004406339,0.35475495,0.042681858,0.09550186,-0.03577756,0.16047536,-0.06317322
DST,-0.00071224035,0.034081172,0.08860481,0.08877025,0.0169309,0.19223182,-0.03988988,0.040324494,-0.29304287,0.38970977
SHC3,0.04733263,-0.17178679,0.060159147,0.3592974,0.0025897457,0.013433735,-0.009537641,0.19009355,0.0018999648,-0.144184
ATP1B2,-0.005440041,0.07714509,0.22696367,-0.108098395,0.04902231,0.03258882,0.031023003,0.010561009,-0.24491675,-0.29136038
KLF9,0.009290495,0.14830366,0.0341597,0.027313685,-0.0937315,0.010894392,0.09699818,0.09375566,-0.1981489,0.17161569
CCDC69,0.18620871,-0.0013485927,0.006009143,-0.1686609,0.018690359,-0.0738616,0.002270547,-0.015839702,-0.1892755,-0.05621302
TPD52,0.089733526,-0.12658378,-0.06778541,-0.15786436,0.08842776,0.0055348445,-0.12020623,-0.050860044,-0.3235302,0.017621843
TMEM106A,0.25996515,-0.06797397,0.049949225,-0.056477934,0.033549022,0.14344779,-0.15609196,-0.17091528,0.011560324,0.002281147
MICAL2,0.044008527,0.13268006,0.040844627,0.23307998,0.052817505,0.04823587,-0.03215154,0.075923696,0.09176506,0.21142448
SERINC5,-0.0066870605,0.10147592,0.11120665,0.12617555,0.06456322,0.13889065,-0.23506719,0.065954916,-0.038965296,0.08884649
CDH6,0.09191551,0.12377056,0.045281064,-0.01790568,0.0004917271,-0.030743929,-0.026883444,0.07558944,-0.3375709,-0.057211936
SLC22A15,0.011495594,-0.04948161,0.029508255,-0.017994417,0.15927106,0.006973792,-0.04640415,-0.18472147,-0.09111498,0.1911424
ADAMTS6,0.05256769,-0.057970192,0.06250199,0.031331684,-0.03914188,0.14600736,0.012300945,0.09392482,-0.2759888,0.21905874
GMFG,0.2510812,-0.094170496,-0.0042017945,-0.08176396,-0.085775204,-0.004779897,-0.227531,0.03271276,0.12199825,-0.03285392
MAP3K8,0.18910593,0.07024863,-0.005167776,-0.009868254,-0.006557283,-0.101371735,0.00070404005,-0.012520898,-0.217559,0.12987104
TMEM119,-0.08823829,-0.07109266,0.057199027,-0.0145770395,7.267149e-05,0.42799786,-0.013980608,-0.038809776,0.0969468,-0.06434383
TNFRSF1B,0.2864122,0.041687846,-0.0045372224,-0.043075636,0.0041256254,-0.06440054,0.034930218,-0.17258821,-0.057613175,-0.117798656
C1QTNF2,-0.03781944,0.25165632,-0.03728601,0.12943906,-0.0065046665,0.17912501,0.046726715,0.0069556194,0.028801074,-0.006871072
SSPN,-0.0014371848,0.15819338,0.08735608,0.1635834,-0.031998433,0.038290177,-0.2697186,0.07289446,-0.028357007,0.005007246
CA13,0.15624401,0.086566575,-0.08326156,-0.0661129,0.0035878948,0.13129787,0.027781488,0.11630603,-0.2555303,0.0063159736
SPATA6,0.0019012946,0.004844992,0.2614165,0.061780784,-0.012494092,0.0051589357,-0.016643563,0.011728982,-0.007180328,0.15725502
FZD6,0.06546449,0.004259703,0.036556132,-0.02818695,0.10033145,-0.016014013,-0.3137325,0.22293133,-0.2047433,0.20635878
RNASEL,0.13219284,-0.04842208,0.21918458,0.100707084,-0.019263266,0.0008712238,0.13662677,-0.10233678,-0.11389802,0.2937814
MYH11,0.083877094,0.15879181,0.14459175,-0.10149355,-0.06438923,0.09576957,0.08367229,0.108814634,-0.24603783,0.012193076
ENTPD1,0.22861351,0.08871658,0.18239301,-0.1419874,-0.0100953365,0.057907555,0.11125747,0.26435378,0.072832786,0.009082734
RRM2,-0.016317654,-0.007175117,-0.10797453,0.054316238,0.36943755,0.039606433,0.1486429,0.06827264,-0.006087758,0.057440355
SLA,0.296713,-0.03135962,-0.050754685,-0.09344033,0.046994727,0.07585861,-0.11211295,-0.17091152,-0.07182225,0.015290337
KYNU,0.27117327,-0.06358711,-0.07379545,0.07016226,0.07770221,-0.0508014,-0.05734283,-0.013678838,-0.07716078,0.087426856
ARHGEF9,-0.054261062,-0.021320745,0.20711549,0.12617868,0.0015730064,0.024761213,0.31114888,-0.083134755,-0.14406139,0.11359345
MMP28,0.11160671,0.15678377,0.23342262,-0.018832345,-0.02869319,-0.07484304,-0.13731055,0.21987103,0.22242785,-0.13996048
PEX6,-0.051711455,-0.1242694,0.2091809,0.023543851,0.05081842,-0.17260417,-0.122036986,-0.07623197,0.043985028,-0.10251578
NR1H3,0.22213311,-0.19853649,-0.018552115,0.100179695,-0.0031499115,-0.13264044,0.07804077,0.00080440077,-0.0359961,-0.16176704
TNFRSF25,0.033918638,0.026904153,0.1820424,-0.041295722,-0.07429925,-0.040559053,0.009464513,-0.17889628,-0.05681577,-0.17253172
CREB5,0.02750175,0.13677984,0.08698557,0.07179858,0.012890128,-0.09724904,-0.1894462,0.07842522,-0.19768281,0.12796694
PLXNB3,-0.06929761,0.09951271,0.08404163,0.09983563,0.0014988529,0.10028447,0.00915447,-0.0956527,-0.023440335,-0.12883307
ANTXR1,-0.026479391,0.14799175,0.21909094,0.17235902,-0.019243306,0.11050875,-0.33527428,-0.020227386,-0.016916502,0.1767696
CSPG5,-0.028919687,0.092461996,-0.1270277,-0.1530975,0.134579,0.0640227,0.09399218,0.03248604,-0.17295331,-0.12748927
CD3G,0.20203795,-0.004077809,0.047716286,-0.13791326,0.0057776165,-0.108887225,0.004816623,-0.22893359,-0.15121122,-0.079361215
APLP1,-0.10786184,-0.06154011,0.15002415,0.10255355,0.010792473,0.04556844,0.042711537,-0.15174569,-0.022128582,-0.031863775
FANCD2,-0.06825723,0.006554635,0.0010168517,0.0021442885,0.36498538,-0.0025665362,-0.20345056,0.0010337197,-0.0068837497,-0.011503389
ACACB,0.04550911,-0.01932442,0.09035822,0.00046204988,0.08791389,0.12283712,0.018605193,-0.015359476,-0.20557404,-0.04152271
GLI1,-0.10681275,0.017799102,0.08317539,-0.04657697,0.04534023,0.040127706,-0.02494682,0.004987001,-0.107500754,-0.30604947
GALT,0.04192147,0.1373197,-0.044580285,-0.017644648,0.007766076,-0.0072764535,0.123569176,-0.10973125,-0.2085645,-0.16033813
ADAMTSL1,0.050688453,0.19128314,0.030557178,0.04232927,0.0003833725,0.07678248,0.03405871,-0.056648657,-0.22931717,-0.10299931
EPB41L3,0.056761857,-0.056417927,0.16191503,-0.11410397,-5.984651e-05,-0.022379845,-0.06978942,-0.19735253,-0.18767647,-0.09718335
SIM2,-0.090973735,0.15147975,0.10673925,0.015183113,0.088819556,-0.12611252,-0.09461815,-0.2612987,-0.060960494,-0.25106812
TAL1,0.025848268,0.01684077,0.16738057,-0.0611045,0.0059037125,-0.007625378,0.2543947,0.1176218,-0.050853346,-0.18420352
KL,0.0035279612,-0.08328367,0.21844521,0.011154048,0.0070210514,0.009908848,0.017463027,0.012364065,-0.1805169,0.1118812
LRRC2,0.027917324,-0.13362941,0.057189107,0.19760007,-0.048164755,0.0043565575,-0.044876534,0.14627388,-0.18156736,-0.14021158
MCTP1,0.26312706,0.053282034,-0.009460147,-0.10765092,0.0017598841,0.037924103,0.09882797,0.12298187,-0.21747644,0.011369685
B4GALNT4,-0.09773344,0.08885485,0.059521064,-0.03258004,0.07264158,-0.035871662,-0.05071929,-0.18562324,-0.16862997,-0.23579471
HOXA9,-0.07672628,0.011666149,0.117264435,0.0067957584,0.104378305,-0.12789686,0.006991863,-0.13355553,0.01672997,-0.06614181
SH3RF2,0.01580416,-0.03129555,0.14301701,0.04593727,-0.030804588,0.04526628,0.03637836,-0.016499626,-0.16296336,0.11226903
TMOD4,0.10869438,0.06470339,0.033159915,-0.09784359,-0.056010228,0.031162223,0.015104532,0.06314952,-0.23448898,-0.011054497
ZCCHC3,-0.08487976,-0.04786484,0.22350179,-0.13035853,0.14728165,-0.051845104,-0.0032969993,-0.17653662,-0.12508905,-0.2496954
ANGPTL1,0.0029382578,0.18465601,0.12650688,0.00055949215,-0.01539887,0.077588856,-0.045475315,0.043450486,-0.11501492,0.05025195
ADAM23,0.006510544,-0.15867499,0.17093271,0.09113855,0.013068853,-0.07799889,0.005838608,-0.009314392,-0.20141393,-0.04633837
PARP12,0.22360101,-0.07413666,0.06489774,0.04238625,-0.02472704,0.012123383,0.15596195,-0.16894817,-0.00617814,0.25050735
CHST2,0.07137741,-0.009617896,0.15317391,-0.10875341,0.14072388,-0.15795505,-0.12304295,0.18633603,0.038723297,-0.18562225
BAG3,-0.03744934,0.04219952,0.11839476,-0.011997149,0.012336654,-0.047781173,0.27809012,0.016652469,-0.21593404,0.14736456
GLT8D2,-0.037710983,0.063085,0.14298551,0.23067577,-0.02627352,0.08169032,0.0067875753,-0.10237467,-0.010690573,0.08811373
FUT4,0.16337538,-0.15825447,0.07368327,0.22146931,0.028729863,0.007079063,-0.08096134,0.11929761,-0.05472735,0.041377466
CDH24,-0.11475009,-0.05343936,0.27163008,0.04825899,0.09144172,-0.004743141,0.014470863,-0.18941471,-0.030915089,0.07059167
GPSM3,0.28661507,-0.12438255,0.030492518,0.00066460855,-0.0023601146,-0.031625163,0.06347379,-0.07568055,-0.010691022,-0.020459425
PIPOX,0.078758806,-0.13805234,0.26390925,-0.018263996,0.013416052,-0.08663053,-0.21899953,-0.0180742,0.24931255,-0.0040430003
PRKCZ,0.0073272916,0.07752439,-0.055626374,0.010804443,0.014020163,0.012258019,0.16334128,0.14112526,-0.20626125,-0.3041945
IFT57,-0.0609642,-0.104407735,0.16606082,0.05540168,0.0069561754,-0.042451244,0.05481065,-0.19017604,0.004275544,0.07590422
MARCO,0.17543337,0.06498595,-0.13847509,0.012360481,0.112796895,-0.08149345,-0.014008065,-0.05498362,-0.011908151,-0.012555208
