,Factor1,Factor2,Factor3,Factor4,Factor5,Factor6,Factor7,Factor8,Factor9,Factor10,Factor11,Factor12,Factor13
COMP,-0.00040026061,0.26312834,0.08615823,0.05697582,-0.069684096,-0.13030182,0.01340007,-0.1543096,0.0003424601,0.012584441,0.0993888,0.01107255,0.15919214
ASPN,-0.025164489,0.28093222,0.058734804,-0.20584756,0.0031246052,0.09461999,-0.033860527,-0.21103567,0.034443494,0.13685828,-0.072600596,0.02011014,-0.021081127
COL22A1,-0.0405739,-0.18347804,0.08413763,0.24650566,-0.0015092673,0.009832067,-0.0027795308,-0.17184274,0.11018815,0.30077642,-0.0036214995,0.09265227,-0.0023355205
CA3,-0.05059734,-0.1052698,0.027295588,0.25214407,0.06579028,-0.048782773,0.010108507,-0.062497385,0.07504372,0.3008009,0.01609234,-0.29325354,-0.13641976
HAPLN1,-0.05803228,0.2288383,0.014169097,-0.09077238,0.0059097447,0.015892925,-0.030271841,-0.2574876,-0.0423215,0.07813737,0.0016484858,0.10486182,0.005061602
CHAD,-0.013059559,-0.03992023,0.18381225,0.07079845,-0.08469798,0.058713797,0.0053355177,-0.16310515,0.03677073,0.28930894,-0.038858745,-0.201172,0.043512676
CA12,0.03727247,0.27333114,-0.07602429,-0.03819935,0.0047456003,-0.09147395,-0.07686773,-0.036172435,0.15499817,0.040094357,0.17879647,0.0075848433,-0.055293996
SFRP4,0.11622952,0.08426525,0.16948289,-0.23102862,-0.08915905,-0.056808792,-0.06872449,-0.038885433,0.06245399,-0.026917618,0.12638666,-0.19207942,0.0045327805
FMOD,-0.0064776526,0.13299927,0.2390193,-0.07342838,-0.12857607,-0.002409447,-0.030482838,-0.0020890331,0.026751485,0.097520754,0.15055428,0.010510083,0.22294378
COL11A1,-0.03575985,0.22514966,0.08738176,-0.05069602,-0.0077032223,0.14673954,-0.089143895,-0.23595944,-0.018940274,0.10979043,-0.052836843,0.12857802,0.0048182653
SFRP2,0.042081956,0.19543667,0.09575027,-0.014829182,-0.026462233,-0.015297466,0.002141093,-0.11797791,0.05018756,-0.012147107,0.117500216,-0.18306223,0.20483471
MMP13,0.024276549,-0.18248287,0.06441147,-0.036665235,0.0075014993,0.0038152416,0.00021792772,-0.25564802,0.14849421,-0.05076635,0.0122557795,0.0020152559,-0.19048055
POSTN,-0.0027959887,0.2537183,0.023521278,-0.23783043,0.0011124854,0.14459808,0.0077126576,-0.21839519,0.043966167,0.06491391,0.009661519,-0.0054328376,-0.17077154
SLC36A2,-0.094727516,-0.17584834,0.07733171,0.19894771,0.05033154,0.008306986,0.03279558,-0.13699442,0.004291216,0.41769695,-0.027316792,-0.037565183,0.0044173603
DKK1,-0.015987042,-0.06424049,0.062346272,0.34482965,-0.0120381955,0.06561975,-0.0050762934,-0.10483435,0.006915923,0.06747541,0.0014901612,-0.016095404,-0.04059318
IBSP,-0.043649882,-0.18135902,0.048359245,0.16480051,0.00060775445,0.06801724,-0.0028708137,-0.2552994,0.1373397,0.28781107,0.019452821,0.033309683,-0.15194842
THBS2,0.047455147,0.3160817,0.053622495,-0.13164975,-0.0012227228,-0.0053891796,-0.06476108,-0.14328103,0.13785751,0.089710794,-0.020497145,0.1345811,0.012118282
ACP5,0.09115704,-0.2753122,0.057188515,-0.14208792,-0.0016914633,-0.049640734,-0.06313325,-0.21578404,0.34739107,-0.036519185,0.035984423,-0.061900605,-0.005371093
CXCL14,0.086831875,0.17940223,0.15751463,-0.111063935,-0.1098903,0.025227444,0.009616273,-0.058839392,0.013252448,0.08777212,0.08081234,-0.21119027,0.17363173
IGFBP2,0.045722984,-0.011415284,0.10011363,0.16168912,-0.06442494,-0.0008901887,-0.07135595,-0.14470534,-0.10985462,-0.10905733,0.02411884,-0.12207388,0.053729903
FBN2,0.009709624,0.10884572,0.028481826,0.24173194,0.092087455,0.13581759,0.0043763914,-0.21418285,0.06490921,-0.038610563,-0.07667564,0.1923414,-0.046297986
C3,0.18625283,0.13761191,0.15685704,0.024533646,-0.07392443,-0.022650005,-0.058058105,-0.027921883,-0.14956434,0.048681065,-0.001055924,-0.015009576,0.02870281
FNDC1,-0.00017935273,0.21900775,0.19375777,-0.10355985,-0.06290247,0.054878246,-0.053345006,-0.15314944,0.013733327,0.17633747,-0.055704586,-0.020394795,0.029939488
CDH15,-0.03197184,-0.24066147,0.07510251,0.010518573,0.029398281,-0.0027962304,0.076991074,-0.1005886,0.008737618,0.31874368,0.089901894,-0.09222247,-0.025208082
NKD2,-0.08241572,-0.098249525,0.20105256,-0.16463178,-0.07124433,0.08123364,0.027930839,-0.12597005,-0.14198251,-0.09366178,0.13143753,-0.19942155,0.034572423
RARRES2,0.12600091,0.22554524,-0.0044395165,0.0781226,-0.014674841,-0.01386903,0.0014904815,-0.091746,0.04786381,0.0028284893,0.06812138,-0.24086908,0.06259706
MMP9,0.0751079,-0.26643798,0.08664906,-0.11960125,0.0035116484,-0.0026667325,-0.08606359,-0.20365037,0.33101326,-0.059702218,0.059132498,0.0053891595,0.084706895
IFITM5,-0.08123371,-0.17821573,0.019051896,0.25712535,0.001986825,0.013233221,0.009089153,-0.2893713,0.008711953,0.362116,-0.009267794,-0.041509047,0.059033513
MFAP4,0.039324358,0.32132712,0.05864859,-0.0064142533,-0.003334665,-0.037965186,-0.0027052842,-0.14698337,0.019423677,-0.12440068,-0.042630546,-0.15143237,0.04643276
IGF2,-0.052888263,0.02610306,0.25055817,0.10628371,-0.089081466,0.09970368,-0.0020789283,-0.19530068,-0.11434669,-0.17918314,-0.090937115,-0.05336786,0.060632143
IGFBP5,-0.0419591,0.09386557,0.08799027,-0.08594266,0.09959774,0.041733574,0.04951675,-0.2213982,-0.0029777547,-0.00043331398,0.121348895,-0.106294334,-0.042484585
COL2A1,-0.11229127,0.10355744,0.03935008,0.16317683,0.015740618,0.0141758025,-0.0045886864,-0.32042092,-0.0040123705,0.025457427,0.011620803,0.061600372,0.05632207
CPXM2,0.012242319,0.09611454,0.16967851,0.10992062,-0.100304656,-0.09173414,0.05670329,-0.13579108,-0.10081406,-0.04676967,-0.022284357,-0.100763835,0.118617594
PTPRZ1,-0.04492385,-0.13726799,0.10528287,0.32326224,0.061163712,0.124476045,0.003682972,-0.09368171,0.09526801,0.115486525,0.062371712,-0.094958395,-0.07317145
FGFR3,-0.16880392,-0.007897048,0.07595628,0.11462742,0.029311044,0.023811536,0.027374316,-0.26871666,-0.10648538,0.18981706,-0.079048924,-0.104493976,-0.019024719
PI15,0.049325537,0.24391209,0.06682293,0.0039077695,0.017179323,0.05889785,-0.036778837,-0.072335884,0.11584279,-0.0018794851,0.028332831,-0.1984587,0.013934529
NGEF,-0.100620806,0.07734987,0.11981104,0.15129453,-0.09542074,0.018652111,-0.057879794,-0.033973318,-0.0059065353,0.24765587,0.23448513,0.05555211,0.31720608
ACTA2,0.09402051,0.12846865,0.08109917,-0.18447116,-0.004803685,0.021062344,0.088650726,0.046863876,0.013617779,-0.1314194,0.012520714,-0.22465318,0.019340925
CCDC3,0.010436444,-0.061965086,0.18867522,0.25645164,-0.07240422,-0.0038836955,-0.00018897175,0.10254516,0.022665406,0.08727829,0.14179355,-0.1726242,0.0034565341
C1QB,0.2842062,-0.006183068,-0.008503569,0.010426759,-0.043317374,-0.00050083577,0.0039234306,-0.04534636,-0.30158535,0.12781213,-0.01562749,-0.01691102,-0.0017736546
SOST,-0.073172756,-0.14264117,0.07560763,0.32385808,-0.0030627383,0.024854416,0.0008408663,-0.2774798,-0.0071976753,0.1860813,0.01058938,-0.07411125,-0.08760855
COL3A1,-0.006141065,0.3158654,0.047454163,-0.22758533,0.024019424,0.13763936,0.018942486,-0.14430219,0.14617275,0.14250672,-0.023289248,0.0025421046,-0.0022519233
GREM1,0.07230791,0.11289065,0.07409156,-0.12977129,0.005632918,0.022902457,-0.09979189,0.009989457,0.09821814,-0.012521052,0.16131264,0.027672958,-0.12852742
SERPINA1,0.25436163,0.028909825,-0.12747435,-0.018864812,0.027760962,0.0030937109,-0.010081868,-0.0059892796,-0.1576038,0.09705729,0.26321584,0.09531073,-0.271029
C1QA,0.29682413,-0.021651696,-0.020751094,0.011186422,-0.050278362,-0.007588092,0.017920967,-0.05960876,-0.30960914,0.13313892,-0.024624549,-0.003498587,-0.0031161935
LRRN3,-0.062455337,0.0825023,0.080590196,0.03367091,0.0853972,0.090573154,-0.025878448,-0.2988997,-0.0036488427,0.0031959936,-0.098288655,-0.11550266,-0.17419812
ANGPTL2,-0.021399152,0.31366074,-0.0014476134,-0.19305728,0.063603945,-0.055964176,0.004744276,-0.17887966,0.02405377,0.13386986,0.0221214,0.039168082,-0.008294151
C1QC,0.2934316,-0.011678415,-0.014858157,-0.0043149646,-0.017955784,-0.0042653475,0.010083769,-0.063173,-0.31252187,0.14322864,-0.0071352865,-0.00834341,-0.0041275215
THBS4,0.06626563,0.18304336,0.086568885,0.1517057,0.013314708,-0.03483436,0.034575872,-0.08761297,0.109811276,-0.07724116,0.028636165,-0.2806259,0.010295062
MME,0.070882656,0.0047388286,0.096192405,-0.21281075,0.03978903,0.010183135,-0.007552222,-0.0098441895,0.0028638144,-0.11548836,-0.0058834422,-0.08540768,-0.18237881
ISLR,-0.011187178,0.14595807,0.10916478,-0.06882574,-0.0051564723,-0.0011056564,0.009530949,-0.28346413,-0.08118958,-0.16295771,-0.0027332183,0.08295469,-0.047593947
TNFAIP6,0.07370275,0.23669319,0.02514571,-0.03994926,0.008482966,0.0040692114,-0.008612861,-0.08611845,0.09585686,0.11753448,0.18237244,-0.028518938,-0.17614093
CRISPLD2,-0.017220693,0.2774745,-0.004185841,-0.20929368,0.029775234,-0.0817435,0.07009677,-0.2219606,0.049150255,0.1298368,0.020643974,0.0042698723,-0.09702494
PODN,0.059080053,0.31754947,0.054805174,-0.09102168,-0.008156637,-0.07532499,-0.006187044,-0.15860547,0.06196797,0.03209987,0.064017646,-0.16198657,0.023866551
GFPT2,0.019401092,0.23889558,0.06353222,-0.20296608,0.002510723,-0.10912877,-0.018150516,-0.037672453,0.027813535,-0.041462213,0.12691683,-0.053741388,0.017738562
LRRC15,-0.0041900203,0.003921251,0.17289941,-0.22175977,-0.0062219407,-0.0346524,-0.11796737,-0.010794017,0.053933453,0.16834745,0.17302701,0.020745143,-0.035564333
APCDD1,-0.07491341,-0.095759034,0.036774557,0.22659203,0.10898384,0.0017528019,0.043280642,-0.27137902,0.045179836,0.22683999,0.0069087725,0.083397634,-0.1179537
DPT,-0.0011467218,0.033564568,0.15070882,-0.24369457,-0.04949073,-0.10651155,-0.028987946,0.098512985,0.05642684,0.29884467,0.08754439,-0.2018523,0.057873864
CAP2,0.035758067,0.19430338,0.05493237,0.20395955,0.011063156,0.0064148773,0.00448711,-0.034546487,-0.087304555,-0.1835011,-0.0048133912,-0.22463761,-0.057968598
FLRT3,-0.038408402,0.06811541,0.03862278,-0.20376322,0.14524688,0.08749577,0.030645799,-0.32963127,-0.017865047,-0.08189427,-0.02914554,-0.21963923,-0.1501984
CD84,0.15218252,-0.24360548,0.09375452,-0.10171667,-0.000616361,-0.09560557,-0.14598887,-0.17610449,0.32004282,-0.074258834,-0.055770304,0.029273836,0.010454568
FST,0.023016315,0.0012946897,0.22012642,-0.07987702,-0.09408105,-0.011728892,-0.006248458,0.020142073,-0.19958225,-0.12913205,0.0855483,-0.08930952,0.067257255
ENO2,-0.023664648,0.10202619,0.0206498,0.0884296,0.02732399,-0.08645187,-0.13134839,-0.040126428,-0.07056281,-0.19059195,0.26539007,0.11818394,0.0735805
C1S,0.12834764,0.15369998,0.19237271,-0.11608257,-0.10868038,-0.118600786,-0.0058045974,0.0052498,-0.06716777,-0.02616907,0.107609995,-0.040691674,0.2668156
GJB2,0.0811358,0.018100696,0.036674045,-0.15627998,0.052052192,0.094075345,-0.15564635,-0.13052513,0.053155933,-0.12869054,0.17381236,-0.024613038,0.021641837
FBLN2,0.07353982,0.24826902,0.0733634,0.078971945,-0.0021490601,0.0022038592,0.041439284,-0.034038913,0.11434681,0.11352562,0.05444275,-0.06596135,0.15833305
KLK4,0.0021590553,-0.18029274,0.10960327,-0.061264113,-0.017595425,-0.010224787,0.013499939,0.02549334,0.09411249,0.24905731,0.030150916,-0.17668578,-0.013274403
CRYAB,-0.0309137,-0.09574092,0.076868534,0.14451438,-0.045247823,-0.0042652567,-0.08975114,-0.023288315,0.20504384,-0.07545033,0.266558,-0.22224553,0.18398057
IGSF10,-0.05564919,0.2109679,0.041605223,-0.21584307,0.08297975,0.0005234843,-0.0395165,-0.2109076,-0.07927957,0.06685172,-0.12915812,0.005936006,0.013713742
TNFRSF11B,-0.07671538,0.09062956,0.055154443,0.10855348,0.032648485,-0.028666005,0.0048708986,-0.15175518,-0.13181153,0.18214421,0.21044114,-0.008193076,-0.041961264
CD74,0.30683526,0.028869154,0.00076863717,0.008829163,-0.038587477,0.0041486523,0.026061097,-0.0014864696,-0.27430382,0.1334179,0.012404214,0.081634894,0.040675282
RAC3,-0.08388934,0.103490405,-0.021990776,0.04476012,-0.0067736837,-0.02750167,-0.07483818,-0.24643803,-0.043489236,0.0015441176,-0.01796226,-0.15474123,0.109116524
FRZB,-0.048828755,0.1291264,0.08714959,0.26489902,-0.00596933,0.008804738,0.016444141,-0.013564377,-0.091906644,0.043140322,0.06922377,-0.0007058465,-0.053059045
COL13A1,-0.124065615,-0.19323023,0.18038799,0.10341469,0.0021653369,0.0013422379,0.072017,-0.10199458,-0.041805662,0.22996017,0.021835798,0.025040492,0.00031782003
SLC38A5,0.0077198744,0.16270489,-0.06348844,0.031859398,0.038834427,-0.05815165,-0.09590546,0.08972416,0.095168315,0.0829831,0.17926025,0.08201066,0.007720196
HS3ST3A1,-0.02114009,0.08657766,0.027004689,-0.02760043,0.10713517,-0.016058417,-0.0009074714,-0.24600387,-0.08012952,-0.1587091,-0.0057916795,0.15433681,-0.004897957
CYP1B1,0.07750674,-0.02538941,0.2988892,-0.038714867,-0.03559547,0.10615842,-0.0015097085,0.13384219,0.09724898,0.0040000957,0.052818157,-0.18776332,0.0055391863
ENPP2,0.016529363,-0.15786971,0.19776236,-0.09688936,0.013742913,-0.0046148603,0.013365332,-0.11477326,-0.053015023,0.13201118,0.18878831,0.08995269,0.014544728
DLX3,-0.10174303,-0.27533686,0.14891416,0.20266473,0.051632736,0.008274015,0.047450658,-0.023563046,-0.015427673,0.19819012,0.019724509,-0.02515294,0.054112043
SEMA3B,-0.0695778,0.11320234,0.045423612,0.23952226,-0.015332311,0.13079073,-0.065095015,-0.25333518,0.107958905,0.29774585,0.03468377,0.003686131,0.08929287
CLIC6,0.04306309,-0.046762988,0.0672866,0.06653545,0.009579382,-0.07973571,-0.05749397,-0.16011794,0.1450207,-0.022953866,0.18133825,0.019256696,-0.14454807
MGST1,0.1589569,0.032733392,-0.0648482,0.12273718,0.0685225,-0.003011637,-0.052750185,0.008948999,-0.15164939,-0.033166308,-0.0010417379,-0.2879273,-0.1169667
TGM2,0.23182672,-0.014993758,-0.008844743,0.096351445,0.010079741,-0.0346264,0.09432471,0.015325083,0.035515904,-0.01339298,0.13676324,0.019231169,0.020413691
AMPH,-0.016386185,0.17250133,0.096361674,-0.068427235,0.054928996,-0.07753308,-0.035580132,-0.057378273,-0.023080403,-0.17053165,0.03722325,0.15704241,-0.024885701
C1R,0.09285027,0.06285159,0.22060508,-0.21581294,-0.10833742,-0.14151561,-0.0024639703,0.051349733,-0.10742255,-0.005688964,0.15601096,-0.06623213,0.25553885
F13A1,0.108692974,0.0016533323,0.117685944,-0.118102774,-0.041703437,0.0025926777,-0.0010089034,-0.014580871,-0.16009292,0.04630667,-0.072146274,-0.0297448,-0.09241903
MXRA5,0.055859867,0.20753685,0.16130905,-0.2774412,-0.0060410574,0.005426917,-0.045379892,0.068484,0.019635,0.084676154,0.071170755,0.036003716,0.057254914
SFRP1,0.020597769,0.14388609,0.13133378,0.14320982,-0.009010193,-0.013829098,0.038381763,-0.24747854,-0.054716352,-0.09904138,0.014301707,0.16588514,-0.078231074
MAMDC2,-0.031031488,-0.17227928,0.182034,0.013799538,0.013674277,0.11539691,0.0018328463,0.028322497,0.111936495,0.28365046,0.11562536,0.18515073,0.00456842
IGF2BP2,-0.035901945,-0.00026866957,0.034537148,0.18540108,0.06871101,0.029216392,-0.021777127,-0.057741318,-0.014412009,-0.14044465,-0.019335158,0.2655155,-0.042673368
CXCL12,0.17380895,0.10579034,0.13248034,0.007310902,-0.014925316,-0.06947722,0.08312432,-0.088560425,0.0061910497,-0.106286906,-0.14746611,-0.14745975,-0.008813087
PRSS35,-0.054031886,0.0795129,0.1405321,0.038746722,-0.0011912481,0.057503764,-0.008145442,0.07940404,0.099437214,0.38570154,-0.013759599,-0.10136744,0.0046782177
ABI3BP,0.09630386,0.27665958,0.10429475,0.11908888,-0.0009879374,-0.0066367546,0.0059059225,-0.097704984,0.08432791,0.023591567,-0.021837505,-0.0840686,0.11694836
EYA4,-0.05959171,0.058868226,0.041792598,0.26941603,0.11510301,0.02309035,-0.011001769,-0.1721692,-0.0128879575,-0.058433253,-0.11720242,-0.06889609,-0.20983152
NDN,-0.01230223,0.015731527,0.05204879,0.18554315,-0.0006617333,0.0031455618,-0.028257001,-0.0390485,-0.0793917,-0.028781058,0.002742642,-0.03358564,-0.0031549346
SERPINF1,0.019719854,0.097610444,0.07242438,0.023269089,-0.042863596,-0.0073722247,-0.06864775,-0.30355692,0.21784128,0.25522605,-0.030648626,-0.0091501195,0.026576145
EBF3,0.007954876,-0.042163465,0.16244256,0.09511865,0.0021649452,-0.012102548,0.1680237,-0.034722414,0.031154068,0.007906662,-0.21715225,-0.30041304,0.16580845
SLC13A5,-0.073431216,0.009449689,-0.027414365,0.21290602,0.089583114,0.012172926,0.0021127968,-0.30066752,0.01950002,0.30238774,-0.07960788,-0.017253675,-0.13079917
PPP1R14C,-0.017716773,-0.04020099,0.055768356,0.21977066,-0.0076445183,-0.034270503,-0.024079766,-0.0007794795,0.011752907,-0.014347629,0.15749113,0.016557423,0.032460358
SERPING1,0.14683934,-0.033313982,0.21570821,0.03356805,-0.12343623,-0.02302272,-0.012936416,0.07922248,-0.019005053,-0.03203287,0.09523747,-0.09249508,0.31412244
CD248,0.0363191,0.19962502,0.04236711,-0.0773197,0.015468275,-0.0037131913,0.00045058745,-0.27426112,0.10575112,0.16058755,0.04658713,0.06268981,0.012789265
EEF1A2,0.03251507,-0.09527609,0.060040373,0.08190775,-0.00090645585,0.11418194,-0.1507276,-0.19659159,0.1658067,-0.11027638,0.01810849,-0.47336936,0.05659942
COL24A1,-0.12484831,-0.0985918,0.11787723,0.13552678,0.10602591,0.055435985,-0.0041108825,-0.09558456,0.009214711,0.34877807,-0.0073802923,0.13531968,-0.06635843
CXADR,-0.08284021,-0.08284011,0.035571646,0.30264938,0.11355879,-0.0073475116,-0.05034887,0.005025627,-0.0726081,-0.04297627,0.15196948,0.11491247,-0.0025737458
EFEMP1,0.055872504,0.22678657,0.077507935,0.107351206,0.004088119,-0.031704202,-0.05842502,-0.066430494,0.077074334,0.026631633,0.04169047,-0.15613596,0.017727146
ESM1,-0.009776299,-0.041007537,-0.035083134,0.15186737,0.032308772,0.3005385,0.048170023,0.07851176,0.052536488,-0.018443128,0.2822282,0.13679302,-0.21708944
SLC8A3,-0.14645137,-0.15201265,0.11707868,0.24027705,0.083676815,-0.024711419,0.0041784253,-0.113995984,0.004014956,0.33716404,-0.09815039,0.11284483,-0.022353211
PHOSPHO1,-0.09830296,-0.14936146,0.047478307,0.24955504,-0.0016075541,0.047662515,-0.0033061118,-0.16266055,0.06894277,0.37817827,0.0020503162,-0.10219099,0.016888682
LAMC3,-0.07021298,0.0013698506,0.25653002,0.043843005,-0.088918775,-0.0021927243,0.023342486,-0.13230976,-0.13772139,-0.081272684,0.022375822,0.036833167,0.028975174
PRND,0.096647136,-0.027541498,0.11527004,0.00062301103,0.012048244,0.107501954,0.342178,-0.12323794,0.14843987,0.00736372,-0.006164616,-0.1248107,0.0048134597
COL9A2,-0.08528517,0.103542514,-0.026099611,0.11260231,0.013207083,-0.012275843,-0.0015393079,-0.34235302,-0.0044438974,0.07490354,-0.047627866,0.022526585,-0.015106877
HMOX1,0.22243848,-0.0032163206,-0.08914434,-0.1122582,0.09527942,-0.00936907,-0.008997616,0.01771695,-0.0045517096,0.07766875,0.16340427,-0.23284213,-0.37432867
KAZALD1,-0.14290099,-0.044885457,0.05740576,0.23406965,0.0045482116,-0.06820645,0.022774886,-0.1004725,-0.060687076,0.26654446,-0.004911463,0.0052838055,0.11770207
DCN,0.010432937,0.17481546,0.17701495,-0.24770112,-0.056937926,-0.03655305,-0.12753645,0.12074678,0.012686106,0.2147424,0.011914747,-0.2196249,0.06206641
ATP6V0D2,0.09703087,-0.2456018,0.07374714,-0.15695235,0.00087067555,0.016796911,-0.15085171,-0.20884489,0.34018385,-0.058155805,-0.00011543685,-0.11141552,-0.0021397122
ENTPD3,0.004046009,-0.15232946,0.13499899,0.07558465,0.066413224,-0.011082744,0.0031654367,0.12056808,0.13114426,0.25005037,0.07314115,-0.017139347,-0.017741265
SMPD3,-0.0844888,-0.13930915,0.070048,0.2565503,0.058469277,0.085428074,0.017916234,-0.17400417,0.06328912,0.38117087,-0.0029703036,0.1832715,-0.0065185605
SLC29A1,-0.012335631,-0.21820948,0.18017676,-0.040272437,-0.0008073007,-0.026978774,0.09716748,0.056955248,0.012420002,-0.046647806,0.16629931,0.021668345,0.121853784
PALM,0.00037760334,0.15256633,0.059934974,0.28858435,-0.12169478,-0.018700467,0.03153521,-0.20715658,-0.07239221,-0.058080968,0.09938153,-0.178151,0.24034975
SMOC2,-0.012350454,0.2390023,0.15420406,-0.144007,-0.04435661,0.015395105,-0.028334353,-0.20178041,0.027713805,0.025803765,0.00057249167,0.0740306,0.054903585
TNNC1,-0.03971248,0.03556048,-0.027133869,0.17403276,0.006143644,-0.017486095,0.008613625,-0.08639005,-0.019734204,0.07793604,0.058242705,-0.48943573,-0.021501657
CTSK,0.14764015,-0.21328504,0.09257189,-0.15988351,0.0023566668,-0.017707057,-0.15539894,-0.14812014,0.34443107,-0.04627876,-0.0016842475,-0.0006481516,0.0024759534
PIR,0.020766564,-0.09524673,0.044688188,0.038725972,0.04729141,0.050377488,0.0031007784,0.27347574,0.005441155,0.058987025,0.1273946,-0.40729636,-0.08027365
QPCT,-0.03281291,-0.13871168,0.08565725,0.02427567,0.035519287,-0.014673255,-0.016347028,-0.06803884,0.054167394,0.2508624,0.009890287,-0.08528365,0.06216818
MAB21L2,0.004892979,-0.056275293,0.1463903,0.11124902,-0.07857811,-0.0077397693,-0.08217809,0.10234517,0.024790814,0.035467334,0.019334083,-0.02902221,0.03118527
SEMA5A,-0.038544327,-0.13648944,0.2693246,0.09278944,-0.003800926,0.054858048,-0.0026874107,-0.0030954455,-0.011177689,0.019548252,0.09745762,0.24811518,-0.11663103
STC2,-0.026048532,0.0035293503,0.055139367,0.050272875,-0.0053866743,0.052016567,-0.021734688,0.14549987,-0.015579693,0.025051715,0.29643917,0.24960172,-0.110139385
SLC37A2,0.15757678,-0.23993365,0.078306496,-0.1479225,0.0012864638,-0.10450933,-0.16313693,-0.19493635,0.31344137,-0.0013639922,0.0011342333,0.0040869624,-0.101624
SULF1,0.09290933,0.0342898,0.22910786,-0.15181361,-0.021523358,-0.0042091534,0.0030478723,0.07918964,0.13259886,-0.025864733,0.17637144,-0.0049306415,-0.11445439
SATB2,-0.10208783,-0.26559666,0.18123282,0.14188005,0.0860508,0.032290824,0.0035826382,0.004229817,0.0028040372,0.2329876,0.0034245122,-0.016068147,-0.04429509
SPP1,0.13618682,-0.21487264,0.033465814,0.026769165,-0.0010632499,0.004015092,-0.14810279,-0.20303261,0.22681089,0.13795444,0.015554074,-0.11642739,-0.1467698
SLCO2A1,0.102898695,0.09769519,0.17219871,0.0834991,-0.0037666496,-0.12686965,0.22878848,-0.0030826689,0.100642,-0.008012694,-0.15228975,-0.09445749,0.08911544
AK5,0.030046275,-0.23328856,0.14815049,-0.04666725,-0.018353766,-0.026485266,-0.11161467,-0.09711833,0.14948441,0.04739904,0.030751143,-0.007759335,-0.11828803
NPNT,-0.055281248,-0.014930975,0.1743446,0.046507176,0.05469465,-0.010935809,0.09960259,-0.15583992,-0.03732735,-0.024393113,-0.032899346,0.039338436,0.12074753
RGS1,0.21921666,0.011395211,-0.09055707,0.04022384,0.0017701486,0.08312396,-0.013866252,0.0028644232,-0.10610698,0.04693283,0.2843565,0.073547505,-0.0950051
COL14A1,0.03113202,0.31234404,0.07015706,-0.049620077,0.037969053,-0.00045353727,0.092251286,-0.13925062,0.04674961,-0.03637295,0.015163627,-0.14795949,0.0071488195
PLXDC1,0.01833203,-0.11126232,0.2752735,-0.25502947,-0.04662658,-0.12414935,0.078224555,-0.009428015,-0.14974359,-0.036165267,0.042706147,-0.016472306,-0.036974687
MRGPRF,0.009431643,0.29906943,-0.031791337,-0.1321843,-0.029783854,-0.023790153,-0.032963246,-0.16325212,0.1333256,0.068011835,0.079803884,-0.0952248,0.2222491
RAC2,0.20663498,-0.23153894,0.0064941905,-0.10179303,-0.0010698439,-0.03020762,-0.13166958,-0.19928892,0.22585304,-0.09403944,-0.079641394,0.0032101567,0.03954133
ROR2,-0.028067054,0.28730503,-0.035367593,-0.029385418,0.11189389,0.03177525,-0.09781751,-0.21749158,-0.041140243,-0.02897214,-0.12580705,0.057194933,0.013377549
PTGFR,0.010885219,0.25262752,0.1610345,-0.20733434,-0.012937317,-0.01755776,-0.06406442,-0.010292748,-0.005024468,-0.007241226,-0.024978433,-0.00925317,0.000278179
OCIAD2,0.0830839,-0.08407971,0.056278493,-0.02968594,-0.0046971375,-0.077171095,-0.10775052,0.1581766,-0.0035985606,-0.1911323,0.13797855,-0.07636409,0.036002044
MS4A7,0.2983492,0.058177367,-0.0076101744,-0.005651472,4.2482025e-05,0.1630314,-0.0030084646,0.0073972875,-0.21970694,0.21792185,-0.005018148,0.0041546137,-0.18743026
BAIAP2L2,-0.12292357,-0.088217124,0.03096042,0.16444781,-0.004242193,-0.0206749,0.009472298,-0.16736585,-0.08291766,0.09780172,0.1989678,-0.03582021,-0.11963795
TNFRSF19,-0.05255224,0.049874242,0.10275448,-0.1118096,0.13521893,-0.0428921,-0.00974519,-0.2646302,-0.047680996,-0.034653127,-0.21396676,0.03904635,-0.10792309
EPHA4,-0.04452371,0.15351363,0.08523781,-0.035156485,0.084074736,0.0080516655,0.08671664,-0.37769482,-0.10591774,-0.14103884,-0.13263243,0.0056348275,-0.0032984612
RCOR2,-0.15997258,-0.06479658,-0.05262506,0.20680504,0.12882675,-0.09399951,0.0007813961,-0.18489309,0.00036677852,0.38185027,0.0014435598,0.02002992,0.051243678
LUM,0.0041037877,0.15208274,0.19555783,-0.2837195,-0.09186721,-0.0023909078,-0.14382793,0.1033736,0.028837059,0.24305919,0.048804548,-0.10422307,0.0066332524
GBP1,0.23350024,-0.011652188,0.028852582,-0.008001863,-0.0073879645,0.053293355,0.0118856225,0.1006183,-0.22284387,-0.11212443,0.023174176,-0.003241017,0.32250005
LHX2,-0.1346885,0.020371787,0.03148551,-0.10213391,0.1466019,-0.026798239,0.012322449,-0.18115409,-0.12525946,0.032340396,0.010847043,0.08220111,0.047828767
HAS2,0.012144068,0.2362444,-0.024511507,-0.15186645,0.10042627,0.24582519,-0.0053896517,-0.1514175,0.007594355,0.0311199,-0.048802942,-0.00836631,-0.06815663
CRISPLD1,-0.032805573,0.11754146,0.13354217,-0.06481224,0.09975671,-0.014519139,-0.019379389,-0.11897269,-0.19594522,-0.25940868,-0.017652646,-0.043257557,-0.10480209
OMD,-0.120732136,-0.05950141,0.18157767,-0.09661642,0.0009511991,-0.006081289,-0.009167096,-0.16559052,0.003522812,0.35296392,-0.07065237,0.0015247797,0.14950532
REEP1,-0.094463736,0.035458926,0.052286956,0.29342347,0.08762802,-0.040378585,-0.09902074,-0.024741668,-0.036147345,0.019860355,0.041455436,-0.033485435,-0.12915084
NCAM1,-0.12083481,-0.13530137,0.20597364,0.16810453,0.07564964,-0.015698364,-0.01985807,-0.04201214,0.018438786,0.077946626,-0.10368673,-0.010759707,-0.11915264
SPON1,-0.08272955,0.17988588,0.11416536,-0.08877085,0.000615679,-0.038719885,0.005367825,-0.19916143,-0.04290599,0.11659078,-0.013629782,0.055011123,0.018443346
APOC1,0.25798,-0.036467467,-0.107191935,0.027048098,0.0073449733,0.0034137333,-0.065627865,-0.04809697,-0.14860086,0.115122415,0.009465533,0.03459116,0.03364038
TNFSF10,0.24286367,0.055759806,0.08129085,-0.04908946,-0.05754518,0.03867042,-0.0021132382,0.14460209,-0.108843654,-0.044705298,0.009227824,0.19331603,0.21481295
GPRC5C,-0.118002556,-0.0773246,0.075489074,0.041554727,0.023611799,-0.11524603,0.033296783,-0.2550618,0.020830236,0.35295048,-0.017049862,-0.10070616,0.0037801368
SEMA4B,0.025464421,-0.25797525,0.111440994,0.013832387,0.10151384,-0.0137217045,-0.013014639,-0.02411773,0.0294831,0.07770888,0.015898285,0.005990893,-0.010979206
MYOM1,0.011927584,-0.009129526,0.12886493,0.2650209,0.0013537986,-0.061292145,0.050975587,0.0058500506,0.04694796,-0.07829065,-0.12972976,-0.32597113,-0.1851618
PRSS23,0.08900593,0.1588131,0.08254152,-0.28358853,-0.044765424,0.12510632,0.0678268,0.0382527,0.07525303,-0.00027703133,0.12953313,-0.097060725,0.0013603409
AIF1,0.3178201,0.0025721362,-0.060412243,0.00246066,-0.031175347,-0.013730391,-0.003475592,-0.010820657,-0.22157608,0.15258604,0.002682798,-0.050294437,-0.16847591
COL12A1,0.0019912866,0.209729,0.11801562,-0.20296182,0.014760376,0.0067387824,-0.10538131,-0.13151895,0.14599535,0.20671248,-0.015618291,0.06764572,-0.038921904
SLC7A8,0.22022769,0.10206328,0.05028679,-0.13558978,0.09757897,-0.016130444,-0.03572653,0.022027656,-0.124979414,0.090689614,-0.118894905,-0.122948244,-0.20971498
VWF,0.09987857,0.1871678,-0.0066638347,0.09070986,0.0015779096,-0.10774142,0.26352432,-0.005402001,0.16009855,0.030363359,0.09946734,-0.009748525,-0.06397117
SCARA5,0.05594685,0.079134494,0.13785174,-0.0017432232,0.0013298081,0.016729139,0.0034904897,-0.114234954,0.13975401,0.07866048,0.11017412,-0.2598255,0.06771383
WFDC1,-0.03830815,0.024085803,0.012320287,0.08319473,-0.015122682,-0.08343876,0.07301926,-0.22442973,0.0052610976,0.32268074,0.0530998,-0.041401964,-0.022532761
RHPN2,-0.1305888,-0.039140757,0.04517301,0.28887644,0.06792471,-0.04727472,0.014290742,-0.20557243,-0.16730434,0.019418238,-0.00060539506,0.025510559,-0.15562913
BMP4,-0.090029955,-0.24421974,0.090978004,0.044427283,0.051653,-0.016621735,0.006406726,0.024299448,-0.17076439,0.15176237,0.18151633,-0.014244099,-0.05236003
OAS2,0.1818959,-0.057194427,0.063098274,-0.13834006,-0.002788191,-0.008070931,0.015911644,0.12467067,-0.16825235,0.109596886,0.17758785,0.03135604,0.44900194
GLDN,0.013884743,-0.1633869,0.25538772,-0.1361756,-0.041607954,-0.025229938,0.07740791,0.022489429,-0.041893013,0.06626367,0.09449288,-0.030131176,0.13742448
THBS1,0.06588546,0.179237,0.08041918,0.084390916,-0.012549199,-0.00095047,-0.0167314,0.05974518,0.07385877,0.11361458,0.11229978,0.28455675,-0.066562
PRICKLE1,0.033104062,0.24499401,0.008709366,0.13506484,0.058618795,0.006820121,0.006777169,-0.17877237,0.080953926,-0.018611366,0.0046892287,0.20735022,0.017992083
SRPX2,0.07712924,0.027894026,0.106389105,-0.19750711,-0.050831303,-0.032298565,-0.09694414,0.16616794,0.14943326,0.025290018,0.31885204,0.149895,-0.094627954
TFAP2A,-0.055982266,0.0075005325,0.016535321,0.13299245,0.039702177,0.18071665,-0.00015994952,-0.18968761,-0.1294965,-0.053968582,0.135975,0.17988299,0.026182039
APOE,0.22714613,-0.030339707,-0.016219938,-0.030729339,-0.07175298,-0.026836324,-0.005316023,-0.17494848,-0.11230123,0.058048468,0.11167445,-0.027290165,2.0917334e-05
SNX10,0.16583139,-0.22265136,0.03449705,-0.074498385,0.00412468,-0.06205833,-0.18086736,-0.13131446,0.27159378,-0.13445897,0.016766913,-0.09266082,-0.047089532
CSF1R,0.26084274,-0.17481333,0.079156354,-0.102403134,0.00020242561,-0.012843297,-0.11477562,-0.14326371,0.1605395,0.028652215,-0.09143195,0.15018502,-0.038564302
CCND2,0.08512012,0.14161928,0.073513046,0.20451905,-0.015375023,-0.0121839605,0.028375173,-0.29114556,-0.10194435,-0.15288362,-0.004745604,0.17699161,0.042504195
DHCR24,-0.08917245,-0.10489608,0.019877905,0.060700968,0.22420517,-0.03797863,-0.08064399,0.028437024,0.024417099,0.07471326,-0.003647648,0.22213942,0.10263871
LYZ,0.29967365,0.028330814,-0.02010955,0.103125535,0.009059706,0.0003975479,0.0819669,0.0049116863,-0.0022603641,0.028222986,-0.016240438,-0.008465204,-0.046637844
ALPL,-0.11259765,-0.2320943,0.09996082,0.03419098,0.08815834,0.00050124025,0.023188835,-0.093344726,-0.0027747205,0.32637665,0.011599741,-0.012325709,-0.017839227
SEMA3A,-0.012110649,0.2112544,-0.010843402,-0.05994359,0.09500857,0.007593216,-0.013437363,-0.19139723,0.004405965,-0.026760858,-0.038497597,-0.013341055,-0.13327491
CAV1,0.14342418,0.21558627,-0.0006973409,-0.12796476,0.060988285,-0.06294619,0.18398552,0.20241447,0.14303528,-0.12740114,0.16760363,0.046052683,-0.05205537
BIRC3,0.202698,-0.16188964,-0.009328804,0.003379218,0.005164435,0.034723315,-0.083719805,-0.049475294,0.21007,-0.18595545,0.0070050643,0.103502795,0.31575522
TCIRG1,0.15049812,-0.24666578,0.045296147,-0.11700299,-0.0005492669,-0.043305464,-0.13068762,-0.22847985,0.33501402,-0.023094278,0.060407463,0.010389859,0.07311224
OAS1,0.16638707,-0.09349743,0.04685992,-0.1562788,0.0028674458,-0.044771224,-0.0010776123,0.06114137,-0.25605062,0.1344187,0.14097358,-0.018774806,0.40283749
LRRN1,-0.020569671,0.03673688,0.14868203,0.1137487,0.04433331,0.00148091,0.0026984962,-0.14009707,-0.0037896123,0.023757543,-0.15832736,-0.14913046,0.024309421
TNC,-0.046565905,0.022313029,0.19017477,-0.2420091,0.12333853,-0.10576541,-0.0038226768,-0.0040271617,-0.016118445,0.1395904,-0.008914713,-0.067654274,-0.04169999
GPM6B,-0.02057222,-0.04794024,0.09455576,-0.02403432,0.144878,0.017023692,0.09303305,-0.22794269,-0.1008545,-0.03366165,-0.16681084,0.04263779,-0.028328743
CD2,0.28370944,0.006223092,-0.035735827,0.068880126,0.0027192987,-0.0024354467,0.0060805418,-0.018832268,-0.2733645,0.027118035,-0.05784633,0.059194826,0.14964879
COCH,-0.010050426,-0.025411062,0.063985355,0.35551843,0.021363523,0.06734943,-0.048422694,-0.020395115,-0.029458294,-0.06232858,0.030106595,0.009656006,0.20250481
COL5A3,0.043528896,0.040399756,0.10507804,-0.19008595,0.0045374054,0.006924659,0.26915106,-0.09726467,0.11817966,0.040717315,0.13757971,-0.023085598,-0.005730939
HSPA12B,0.04843977,0.23178561,0.062774904,0.0040136687,0.00047482652,-0.03626582,0.099633895,-0.2260286,0.08521301,0.023358986,-0.046373796,-0.13472423,0.14316095
WASF3,0.03913079,0.17510864,0.08136059,0.19226252,0.009966042,-0.03846275,0.020071467,-0.14225277,0.03655384,-0.104061104,-0.0018784887,-0.040789206,-0.0949583
COL6A3,-0.0062796483,0.22661832,0.12099449,-0.28726673,0.016398005,0.022078728,0.0011059635,-0.053902347,0.06301775,0.023577664,0.18684113,0.18648396,-0.07822806
ENPEP,-0.0336005,0.024599856,0.12936683,-0.11726132,0.12030217,0.1988227,0.06324022,-0.18424083,-0.051676597,-0.07351566,-0.05678355,-0.013465219,-0.09905097
S100A16,0.13934898,0.17936254,0.015224102,-0.07094218,-0.04570281,-0.09032888,0.17831837,-0.07480742,0.17669715,0.06431626,-0.0041790144,-0.2976147,0.16382791
LIFR,-0.034086816,-0.24914686,0.2230138,-0.0011136327,0.08938479,0.302592,0.004091872,0.11663833,-0.03613827,0.034386452,-0.027537914,0.023569243,-0.16388021
ECM2,-0.0027660101,0.1932227,0.14794323,-0.29560637,0.005803221,-0.03347179,0.007270928,-0.08070241,0.0038909276,0.077675946,-0.072574,-0.11274819,0.051483244
RERG,-0.11551062,-0.04216576,0.16205846,0.18831268,0.0355015,0.009025975,-0.00078117714,-0.08354668,-0.006681147,0.15482894,0.007975642,-0.021483926,0.10105241
SLC7A2,-0.019423133,0.183788,0.12271306,0.06389907,0.012730844,-0.0070302137,0.0286611,-0.12606233,0.06482782,-0.021125074,-0.051881257,-0.095775455,0.0034228938
PKIA,0.08524265,0.036367066,0.057061937,0.216197,0.035053696,0.23387814,-0.16376954,-0.08158235,0.25110775,-0.19966424,-0.014565794,-0.3342602,-0.066254996
PTGIS,-0.022450738,-0.028275799,0.20910485,0.00094510993,0.082242355,-0.1164007,0.00680802,-0.059806257,-0.0752253,0.057870455,-0.01462588,0.18396086,-0.010664596
AXL,0.09042829,0.13883622,0.18280318,0.019242408,-0.015470618,-0.09861098,-0.019983063,0.004818235,-0.04339991,-0.11542437,0.03183999,0.15212809,0.16211121
NPTX2,-0.00053568196,-0.02042772,-0.018793004,0.23107493,0.09707442,0.045398656,-0.019772382,-0.15598646,0.04928731,-0.07699986,0.11430477,0.13305551,-0.029772187
SDK2,-0.13526,-0.11070309,0.1813652,0.21377935,0.062866144,-0.005098133,-0.0038521707,-0.05918002,-0.025174469,0.18192281,-0.016917594,0.028830258,0.0072750524
LRRC17,-0.0046788706,0.18892011,0.08354197,-0.06475447,0.050896175,-0.09860133,-0.023834646,-0.07607468,0.12108111,0.20767416,-0.046410628,-0.05104072,-0.19071463
GAS1,0.06926075,0.17397115,0.11133617,-0.15547624,-0.01861955,0.08878141,-0.0070121167,-0.015214511,0.05591451,-0.102515064,0.15188962,-0.28725943,0.0051867566
ITGA11,-0.0095352745,0.07744034,0.19170067,-0.37105563,-0.012955725,-0.020408735,-0.12369491,-0.1028668,0.00891812,0.037685245,0.07189424,0.2623229,-0.015766166
ALDH1A1,0.10996265,-0.038792696,-0.05394267,0.014664478,0.11765294,-0.06807859,0.036977354,-0.14094578,-0.019966863,-0.02488057,-0.02678074,-0.1061502,-0.1926759
AQP1,0.01228394,0.01440947,0.26667643,-0.018030562,-0.09457692,-0.12601435,0.090938434,0.031515114,-0.05234281,0.025723087,0.20752428,-0.047198247,0.13658398
EPHA3,-0.08827223,-0.025537772,0.1380698,-0.21040265,0.08349656,0.15784577,0.017252183,-0.16193096,-0.14144887,-0.047638025,0.00785856,0.03752571,-0.17952737
BAALC,0.026332056,0.05365886,0.05830328,-0.025172936,-0.027817462,-0.023046453,0.11275408,0.033817433,0.041871548,0.016818509,0.17555793,0.042315923,-0.16096528
ZNF469,0.025801685,0.24212441,0.056657653,-0.19850345,0.043646462,-0.003252318,-0.0026018047,-0.12876739,0.069367886,0.06821553,0.0315149,0.19747362,-0.09653556
GEM,0.024509735,0.2794012,0.011166033,-0.14724037,0.044209693,-0.1429559,-0.0059519354,0.007926682,0.042329643,-0.05098614,0.25926253,-0.01657612,-0.052547343
GIMAP4,0.2895427,-0.004789859,-0.054695114,0.056164622,0.0005973877,-0.09599164,0.06682587,-0.0030273239,-0.25689447,0.12235887,-0.014276926,0.07770087,0.08300112
FOS,0.07103324,-0.0037899255,-0.004699716,0.027905362,0.039138075,-0.03278916,0.001402551,0.16072291,0.112584904,-0.022929259,0.39028913,-0.16027567,-0.026509015
FLNC,-0.0030292245,0.22758298,0.04294028,-0.063497335,0.08243842,0.16845022,-0.035216007,0.02564752,-0.0027628846,-0.1710038,0.00365915,-0.23963311,-0.14516957
CDO1,-0.051907893,0.09517887,0.052411094,0.23931184,0.000753419,-0.08518973,-0.0011832467,-0.14489606,0.05449458,0.023478635,0.00025596409,0.0067966254,-0.06919911
THBS3,-0.012066636,0.2818894,0.026607638,0.057505637,-0.0073273554,0.19486962,-0.030709984,-0.17053694,0.06857045,0.054213118,0.054619633,0.0850692,0.16368076
DDIT4L,0.0011312491,0.18304461,0.15606174,-0.01726307,-0.01663578,-0.02812828,-0.00075107586,0.007541364,-0.12414475,-0.11401669,-0.0004048898,-0.26616117,-0.016383437
CD14,0.2575523,-0.14216429,0.008143764,-0.12583172,-0.03943684,-0.009242657,-0.09215948,-0.18682005,0.1277811,-0.0144123,0.08227548,-0.008634725,-0.091450214
COL18A1,0.07888298,0.094500065,0.010297706,-0.017375115,-0.06730702,0.029136684,0.2891599,-0.24019097,0.10494872,-0.026114581,0.32626176,-0.037902113,0.10289271
HSPA2,-0.058421522,-0.08857972,0.147267,-0.0072649475,0.08222758,-0.049932938,-0.00452306,0.022721825,-0.16256292,-0.04730031,0.14044672,-0.053855784,0.115501925
IL7R,0.24211694,-0.050847325,-0.025715485,-0.023785155,0.039334144,0.1322527,-0.0090855975,0.110613905,-0.14553525,0.18616875,0.05988281,0.033242546,0.12504691
NT5E,0.05563547,-0.013885129,0.2025292,-0.1780721,-0.062521234,0.25110933,-0.03610179,0.06286732,0.13925247,-0.10856298,0.18367684,0.035636824,0.090038285
ANPEP,0.07013849,-0.18655843,0.033586677,-0.23648034,0.0955388,-0.05211021,-0.043838967,-0.24080081,0.13870446,0.08731494,0.05728969,0.049999714,-0.16065864
CA2,0.03906246,-0.2255257,0.02617105,-0.007215718,0.06946959,-0.020978265,-0.08700617,-0.13874522,0.30289564,-0.034939673,0.089832306,-0.01873117,-0.030018942
RGS5,0.09062101,0.1353608,0.17451802,0.060748335,-0.019443968,0.10686158,0.19568965,-0.094390705,0.06747174,0.033434287,-0.00020164915,-0.24340284,0.028913274
LGR6,-0.046749994,-0.25773045,0.16524914,0.15656863,-0.0072024553,-0.002586591,-0.05010539,-0.09206819,0.012663002,0.06925637,0.2332172,0.044522706,0.08006677
OGN,-0.060623236,0.21934754,0.08960348,-0.20931263,0.011315804,0.27880183,-0.084817104,-0.21926613,-0.03132883,0.04571065,-0.11090626,-0.01363428,0.050841413
VIT,-0.096706524,-0.06587609,0.15126963,0.16424038,-0.057289556,-0.02923348,-0.00011912104,-0.059510686,0.010671624,0.27005404,0.00046996857,-0.003317515,0.016816102
CCL21,0.09206651,0.07026063,0.04691183,0.0075990157,-0.043883868,0.003688285,0.18072462,-0.018714117,0.15340476,0.021716883,-0.05008339,-0.19126204,0.16056389
RASD1,0.0049525504,0.117858574,0.041355122,-0.100092836,0.048008885,-0.06513741,-0.004451177,-0.12511769,0.030895408,0.033866983,0.25831166,-0.23515064,-0.067080885
EDNRA,0.00499294,0.14059974,0.075891025,-0.20294125,0.05579996,0.005054326,0.16195752,-0.10166967,0.12718649,-0.051120233,0.021060979,0.082628034,-0.31670484
SYTL2,-0.0685598,-0.026062569,0.117277436,-0.036518708,0.05382813,0.06578435,0.011692904,0.20098822,0.055989925,0.2967004,-0.040310875,-0.013748528,-0.1321937
PHEX,0.0192681,-0.16872583,0.1584689,0.17024183,-0.0034862643,-0.010688665,0.0040580747,-0.16879301,0.050549366,0.21714953,-0.0054409946,-0.039200798,-0.12603621
COL21A1,0.05798078,0.04017345,0.14650449,-0.07674521,0.024083499,0.09181015,0.2836954,-0.024279185,0.08596727,0.014281641,-0.057053544,-0.00081586937,-0.14849502
SLCO2B1,0.3246576,0.027766965,0.0676255,-8.708303e-05,0.040872894,0.0039912174,0.026150368,-0.010404485,-0.21088605,0.11729265,-0.096926905,0.10693204,-0.033957567
NID2,0.05434769,0.20004624,-0.008525015,-0.10158666,0.157415,0.3579226,0.10254226,-0.075801745,0.15191898,-0.08448852,0.096285105,0.22068188,-0.1826996
GPC4,-0.05190115,-0.14732021,0.11815464,-0.10073449,0.1262515,0.020604314,0.10982751,-0.15960912,-0.02975561,-0.001822847,-0.0036836416,0.16316229,-0.071426965
SLIT2,-0.0164854,-0.030772211,0.20621635,0.019100156,0.019363692,-0.0037761105,0.078136444,-0.27193332,-0.0066090724,-0.020027937,-0.16028602,0.020017816,-0.026290491
PSTPIP1,0.14576875,-0.24765748,0.028737877,-0.12027213,-0.052365888,-0.17695074,-0.1310529,-0.2751769,0.2422755,-0.093445875,0.025327029,-0.040042277,0.04296464
PTGDS,-0.036862347,0.046135265,0.071900144,0.01356203,0.00362085,0.079924546,0.04404732,-0.32470858,-0.2012632,-0.10404058,0.009192594,-0.18097839,-0.029379513
OSMR,0.14406791,0.11364722,0.11143247,-0.11152555,0.0008150583,-0.08551348,-0.1082687,0.056140915,0.22459006,0.0784188,0.15775792,0.039510846,-0.016118765
EGR1,0.06506735,-0.018155579,0.102691494,0.07600228,0.0009255453,-0.01874303,0.0040805545,0.091406725,0.06366796,-0.07949449,0.31025234,-0.08803346,-0.0017861291
TRIM22,0.26126403,-0.022998378,0.037594985,-0.0252741,-0.0024843928,-0.00043875544,0.004172774,0.05394978,-0.274478,0.17604898,0.0055325017,0.050428692,0.2802581
LGR4,-0.12838589,0.0063027963,0.103193015,0.18798901,0.11966365,0.1298419,0.07121864,-0.012630735,0.008590889,0.10393324,-0.05865247,-0.017377192,-0.15512647
STC1,0.0024350495,0.01935073,-0.089672476,-0.041016556,0.07818687,0.06711797,0.22725561,-0.061656855,0.11519412,-0.09596378,0.3573752,0.14090885,-0.15344635
MSC,0.058451835,0.079764694,0.023945007,-0.3161206,0.013843526,0.0014983754,-0.004485119,-0.0077672214,0.0017028925,-0.19754434,0.16195248,-0.0879075,-0.00024832107
SLC11A1,0.27255327,-0.0051965816,-0.12158553,-0.050415847,0.063769326,0.0027128495,-0.013508716,0.008626579,-0.18810236,0.048938885,0.19698377,-0.10457312,-0.22009996
FZD1,0.0057798745,0.28783652,0.07639668,-0.1347173,0.03972463,0.34701988,-0.08452718,-0.05086508,0.06949859,0.02732353,0.0093873795,-0.00066846475,-0.009188338
GPC3,-0.030315183,0.130123,0.15018843,0.08357879,0.07924641,-0.0746311,-0.004296438,-0.15861604,-0.21002333,-0.18756454,-0.038492654,-0.0044528455,-0.06579013
LRCH2,-0.00037622056,0.17042874,0.020263605,0.2834792,0.0761877,0.011346489,-0.015647879,-0.11098794,0.05330852,0.008519172,0.025762483,-0.060828373,-0.0813623
TGFB3,0.00900254,0.21398577,0.029347867,-0.18905199,0.095988065,0.0156024285,0.10131007,-0.13305862,0.16100518,0.027364217,0.093126625,0.15116347,-0.09489028
COL8A2,-0.08359691,0.112650685,0.13403423,-0.297953,-0.011968901,-0.0005508116,-0.07952203,-0.34439397,-0.15697832,-0.0710345,-0.04700058,0.038488477,0.070683666
RGS4,0.09533645,-0.15267648,0.12067336,-0.14926833,0.043361854,0.05867924,-0.105465226,-0.18147507,0.24549899,-0.27094257,0.07395517,-0.04847049,0.054227702
PSAT1,-0.09752177,0.012364428,-0.06788523,-0.0545613,0.2165337,-0.06102861,0.06693323,-0.0029576537,-0.21070467,-0.03990577,0.026101256,0.019308437,0.0047694296
SERPINE1,0.1223282,0.15027308,-0.010267986,-0.05625585,-0.001638806,-0.13046028,-0.0069025815,0.14200954,0.09161977,-0.14500986,0.37550455,0.23518537,-0.15929571
DACT1,0.034255166,0.28550982,0.10908894,0.010830696,0.066226326,0.07326908,0.026785728,-0.03552072,0.009634452,-0.08739586,-0.01730257,0.040969554,-0.040098533
SLC7A5,-0.08193957,-0.021716177,-0.035890244,0.07143294,0.16820641,-0.14914046,-0.010770819,0.09968273,-0.049632497,0.04293282,0.20108418,0.27529454,0.08251866
TFRC,0.0013660485,-0.06342974,0.09335745,0.06527643,0.17223753,0.011214006,-0.15216301,0.09351038,0.21535364,0.008785432,-0.007539157,0.2173097,0.07400551
SLC6A15,-0.06795279,-0.06971095,-0.025054248,0.22198252,0.06487135,0.046455517,-0.0219088,-0.04247781,-0.107406035,-0.10094161,0.043028433,0.03795921,-0.12855165
CPE,-0.15407184,-0.13419099,0.16041495,0.17752296,0.004478744,0.18777844,0.010207692,-0.083186075,-0.018938338,0.26684862,-0.026200792,0.08703432,-0.05643179
CTSS,0.3222341,0.02718111,-0.059848327,-0.009159395,0.02611862,0.048094206,-0.033760663,0.03779418,-0.23051386,0.19028994,0.045235056,-0.011675335,-0.118521295
TSPAN33,0.020993985,-0.12436594,-0.009715892,0.1459217,0.112352096,-0.1980489,0.1019777,-0.1644438,-0.17747581,0.09479118,-0.0025639578,-0.006231384,-0.19321129
SERPINI1,-0.013414333,-0.090259194,0.03266812,0.04543925,0.10418729,-0.014786273,0.03954878,-0.100933075,-0.09282489,-0.14810003,-0.010930668,-0.1110908,0.014942221
TRIM9,-0.038098853,-0.018575406,0.173761,-0.20858979,0.065768115,-0.008056438,0.0048860568,0.012106836,-0.07446117,-0.31567895,0.13171427,0.037255533,0.016378349
IL1R2,0.14667684,-0.11273068,-0.04224269,-0.15984479,0.0096755605,0.015951583,-0.027848331,0.031296276,0.09133277,-0.087929085,0.12503389,-0.15900804,-0.004575346
BAMBI,-0.11137012,-0.2577506,0.08559764,0.19065866,0.026522089,0.03594306,-0.001390635,-0.15347412,0.015502819,0.23095486,0.0286449,0.04611272,-0.03225978
SLC16A3,-0.04088937,0.018011069,-0.0790777,-0.048823714,0.0021623874,0.24809456,-0.18918338,-0.080891564,0.062177785,0.019273506,0.41924107,0.099040076,-0.020290304
CKM,0.06202036,0.02658553,0.0049582194,0.15234122,-0.006688184,0.042105585,0.00016910046,-0.040534753,0.026766598,0.050523583,0.13651095,-0.52172524,-0.03817877
MAPK13,0.12408774,-0.044983163,-0.06342405,0.008246657,0.08115741,-0.16659054,-0.10090942,-0.21637385,0.22729738,0.035006747,0.047316354,0.082120076,-0.26810277
F5,0.15740316,-0.03945821,0.12451633,0.008402742,-0.07498413,-0.12489067,-0.09275448,0.07643775,0.22992724,0.10634819,0.19766389,0.046700694,-0.039046742
LRIG3,-0.015302724,0.2373144,0.115842216,-0.06708909,0.09092034,0.027385587,-0.006024917,-0.0890134,-0.019763727,-0.04343133,-0.032122422,0.0106044365,-0.027776795
LRP4,-0.08177266,-0.18857367,0.17125088,0.12071065,0.102959044,-0.064594746,0.009481285,-0.0324585,-0.018656539,0.1511534,-0.021311855,0.055165455,0.06043245
IL2RB,0.23588559,-0.005904974,-0.0055470425,0.10435074,0.031443633,-0.011365483,0.008853894,-0.022829749,-0.20454556,0.0035838457,0.0064376458,0.10143638,0.23774174
ITGA2,0.10081589,-0.183425,0.12938643,-0.011341871,0.07251895,0.0054575135,0.045709893,-0.008547567,0.4062008,-0.06766767,0.012149897,0.25388065,0.007875561
C1QTNF1,-0.028846998,-0.20225509,0.21855414,0.015623448,-0.12999624,0.09210048,0.0052635684,0.04122879,0.053247597,0.28130528,0.1944785,0.022032287,0.115368366
BMP5,0.0050479854,0.06985675,0.034211215,0.13230053,0.026558254,0.12329293,0.02278447,-0.22678556,0.0032759064,0.051051892,-0.12741962,-0.24170817,-0.108816974
CYP26B1,-0.07983122,0.08468815,0.19495043,-0.15521531,0.036307562,-0.11439761,0.106125705,-0.14574392,-0.098115034,0.0067670005,0.14549679,0.18112125,-0.07745136
NRIP3,0.07780146,0.033006236,0.0034366758,0.018896826,0.0788849,-0.08151889,-0.08771364,-0.15515585,0.3160295,0.005048156,0.060188994,0.022554394,-0.14217542
IRF8,0.31753775,0.03536912,0.01686598,0.15000023,0.0020800945,-0.026836256,0.035123385,0.0016664094,-0.21873657,0.053519122,-0.0017414483,0.022170363,-0.0015531977
EPHB3,-0.0680985,0.251575,0.06749329,-0.23306918,0.09029422,-0.09269051,0.0009048666,-0.22322927,-0.03856597,0.12995641,-0.023080144,0.048339166,0.118731886
FBLN1,-0.0030939688,0.07024344,0.23287071,-0.19469997,-0.037929524,-0.095585294,-0.0019750015,-0.12859178,-0.08183387,-0.17832951,0.030489324,-0.002352117,0.08398156
RNF150,-0.0023635065,0.12844384,0.10488384,0.0636182,0.07625422,-0.018722337,0.03910262,-0.27132538,-0.030019738,-0.1516812,-0.15897962,0.07711177,-0.090826854
VCAM1,0.15185066,0.07090339,0.09375415,-0.12106937,-0.00014795625,0.39397946,-0.0004033518,-0.08453008,-0.01417321,-0.11602445,-0.035031796,-0.02556406,0.012958721
BAIAP2L1,0.034885243,-0.0023183047,0.050925475,-0.13552348,0.06877351,-0.06342667,-0.11202563,-0.26639313,0.015286886,-0.26230276,0.006842004,0.23803899,0.017318036
SEMA4D,0.14090218,-0.24234761,0.020571582,0.06991471,0.013698317,0.0030011518,-0.12672763,-0.15918824,0.19611505,-0.10222058,-0.08994893,0.032479573,0.17900978
HK2,-0.03777507,0.09928279,-0.09242503,0.04385273,0.18441716,-0.009638136,-0.1517324,0.034714337,0.02255494,-0.0433587,0.24445862,0.025832346,-0.09794393
TFPI,0.15300998,0.047275364,0.047158815,0.001399314,0.05093301,-0.07308252,0.26763272,0.074645795,0.31014502,-0.0081784045,0.0037149368,0.0548503,-0.074950635
IL11RA,0.0019314273,0.24600323,0.06108987,0.14830959,0.006555761,-0.007812379,-0.08291403,-0.29717737,-0.04822099,-0.07778434,-0.119667426,-0.15780026,0.15061164
PLEKHG4,-0.11155389,0.13103569,0.02988191,-0.039299652,0.060503293,-0.09235214,-0.011500043,-0.1617591,0.02532516,0.055048224,0.16962895,-0.04416324,0.011591165
ZIC4,-0.05872735,0.08734482,0.17165726,-0.04953309,0.03790338,0.014581937,-0.048569966,-0.07756341,-0.11579837,-0.22571263,0.010485636,0.039692864,-0.06894233
SAMD9L,0.21240224,-0.009450831,0.118372105,-0.13865869,0.0014403289,0.34624532,0.001818557,0.18728423,-0.20171006,0.008554722,-0.008664943,0.009246116,0.41071215
TGFBI,0.05109303,0.18200982,-0.0055592037,-0.21459433,0.09583095,0.013102187,-0.08529979,-0.2410846,0.060044006,0.0955967,0.0016367575,0.14006422,-0.04438781
HERC5,0.12187661,-0.15224627,0.07052887,-0.025062319,0.03013107,0.00036601434,-0.011153063,0.0449366,-0.14230217,-0.084473155,0.02532731,-0.0050352877,0.39497802
RHBDL2,-0.12870291,-0.20016605,0.12866138,0.1504393,0.011629372,0.0057780594,-0.012380171,-0.08521662,-0.07291606,0.3798145,0.033818852,0.05000358,0.029919637
AHR,0.13221072,0.19612956,0.10685825,0.020034872,0.020611806,0.25717983,0.041375455,0.065236196,-0.005719557,-0.07176138,0.13389194,0.011676392,0.02084449
TM4SF1,0.17360653,0.14792612,0.01365679,-0.027858641,-0.0702773,-0.08849639,0.18718402,0.0021337692,0.121414095,-0.08046931,0.18923207,-0.025126293,-0.024978856
VANGL2,-0.04944516,-0.030499391,0.14607573,0.09460835,0.091130026,0.14327207,0.0060794554,-0.19792382,-0.13409911,-0.19150321,-0.14737962,0.056043018,0.048155215
MMP2,0.0024585642,0.2502218,0.14389001,-0.17265253,-0.02114792,-0.06872784,-0.0618785,-0.112264425,-0.006866472,0.16355635,0.020746412,-0.013214432,0.02471341
DTNA,-0.02707887,0.056557573,0.10689475,0.33712393,-0.00021660393,-0.0027822778,-0.005487287,0.11806164,-0.088687696,-0.08407504,0.009129481,-0.19509824,-0.17952543
BGLAP,-0.043870036,-0.15235448,0.22438522,-0.014703481,-0.068918794,-0.12648225,-0.01275524,-0.098646455,-0.10269281,0.116037935,0.008639216,-0.3075864,-0.01129269
ITGAM,0.29717132,0.0057348893,-0.03440871,-0.076478176,0.04720629,0.0802949,-0.063960955,-0.021299904,-0.12392571,0.067190446,0.009634422,-0.13162799,-0.37794334
ECM1,0.08250957,0.09041106,0.15005165,-0.030456295,-0.03971943,-0.17770164,-0.06457488,0.10760339,0.09255654,0.04177984,0.20981038,-0.0538384,0.26479343
ANGPT1,-0.0016132903,-0.10854412,0.105155244,0.17052028,0.10194728,0.1797854,0.116013885,0.10245916,0.043166704,0.1449348,-0.112534136,0.027804838,-0.19929153
KCNG1,-0.0873864,-0.0100313425,-0.0010791525,0.14194623,0.08518543,0.1515587,-0.007956272,-0.17940542,-0.04110152,0.019829333,0.2576198,0.21052755,-0.033391334
TRPV4,-0.15407492,-0.0074765836,0.090107806,0.106206916,0.04626357,-0.12185478,-0.071414806,-0.1952629,-0.020680077,0.24818408,0.06074253,0.20682092,0.066552535
HEY1,-0.0662513,-0.21848129,0.08391507,0.036129683,0.08145973,0.17806935,0.16755278,-0.044399224,-0.01975085,0.032115214,0.006049504,-0.08560295,-0.28789854
COL6A2,0.020464601,0.19840008,0.08769482,-0.3357089,-0.0641416,0.0063497573,0.010589916,-0.10761572,0.0393725,-0.034493756,0.32702255,-0.011555347,0.055903286
GCNT1,0.06283561,0.062320545,0.005416578,0.033105664,0.07393213,0.020952692,-0.01075132,0.00023878737,-0.03548603,-0.05164518,-0.110938124,0.024940139,0.13829887
PIK3AP1,0.27441728,-0.122117735,0.06516532,0.005240553,0.00048486612,0.39360648,-0.09440574,0.045603342,-0.015027982,0.019182488,-0.010514566,0.1406934,0.005381436
GPR137B,0.13299754,-0.19588627,0.13822465,-0.10322819,-0.0029792327,0.07926698,-0.17284209,-0.12449624,0.32704327,-0.113149695,0.018401125,-0.0043085613,-0.06897616
SELL,0.19476086,-0.13920212,0.050890855,0.005898418,-0.046923317,-0.16440088,0.01330529,0.09307875,-0.06493244,-0.040144634,0.028757349,-0.110816695,0.0478199
ARMCX2,0.033415303,0.14502299,0.10894316,0.0038282583,-0.0011674606,0.093466766,-0.048113007,0.018241195,-0.05398693,0.022731174,-0.013487088,-0.023614116,-0.08191873
KCNJ8,0.05369386,0.15650286,0.037729282,0.10730904,0.0060538496,-0.021339357,0.24309622,-0.10118521,0.09766157,0.06706752,0.08186737,-0.29086158,-0.02521129
ITGB2,0.32313594,-0.029907634,-0.04083395,-0.013217582,-0.00010320903,0.0077037397,-0.06498238,-0.026800932,-0.14745416,0.045253545,0.0992834,0.0033195294,-0.020158144
DKK3,0.0038368925,0.26502085,0.0635939,-0.059914887,-0.02295203,0.122525774,-0.051129922,-0.0057663624,0.02432845,0.03693802,0.14440107,0.02558331,-0.0125309145
EDIL3,-0.008006488,0.22045587,0.018068071,-0.24144194,0.041768227,0.15099475,-0.104105406,-0.18357281,0.034487974,0.061721876,-0.1365569,0.010340821,-0.14798689
CLIC3,0.039980598,0.050075855,0.07882828,-0.028676452,-0.049970537,0.07048243,-0.1669587,-0.14559685,0.20917659,0.07819146,0.17388144,-0.07365842,0.24315715
CNTNAP1,-0.04216151,0.046696573,0.14048958,-0.107460454,0.123800024,0.0038788011,0.052596144,-0.23285398,-0.12516244,-0.15859938,-0.06913866,-0.0071938094,0.118811496
ZIC2,-0.040103227,-0.03749546,-0.08989222,0.29002246,0.09236865,0.07834516,-0.003461652,-0.21240531,-0.060680646,-0.12375608,0.20149031,0.27596104,-0.006518572
EGFR,0.01569899,0.25233006,0.09138646,-0.13924037,0.08184689,0.013772985,0.0001460697,-0.092408784,0.04905196,-0.16078055,-0.07542744,0.10719569,-0.014372893
IGFBP3,-0.009600252,0.114701375,-0.04430868,-0.2001378,0.024471417,0.122908086,0.26327783,-0.11207784,0.010652181,-0.050118905,0.34846708,-0.04284513,-0.034304347
TBX2,-0.081522346,-0.17745477,0.21411128,0.0939806,-0.0047231875,0.030578751,0.023023652,-0.023561182,-0.041656796,0.2097716,0.08831827,-0.11168345,0.02168657
INHBB,0.057392545,0.12309439,-0.017741753,0.024983099,-0.046128698,0.2252379,0.0830351,-0.045603137,0.069320895,-0.07881701,0.39571193,0.1560464,-0.055711012
ABCB4,0.06924943,-0.20964839,0.07727788,-0.0490132,0.0399242,0.11478412,-0.14768437,-0.094853416,0.37014532,-0.05295045,0.0117419325,-0.120967574,-0.012566274
PTGES,-0.038148686,0.10044849,-0.066727094,-0.0033894812,0.038745593,0.021524379,-0.08502928,-0.13412482,-0.053266037,0.12703095,0.19114968,-0.16263792,-0.06841559
FGFR1,-0.07858629,-0.12098398,0.2852837,-0.103946656,0.015861137,-0.028451111,-0.10149176,0.0030135193,-0.08650373,0.007933589,0.08908616,0.057313003,-0.029156314
RGS16,0.09321161,0.17440619,-0.01152335,0.051830553,-0.054864965,-0.024097871,0.006790446,0.016142027,0.086144365,-0.18429674,0.27962685,-0.118422925,-0.1812967
EYA2,-0.0016981546,0.14279683,0.08784691,-0.1197625,-0.025703326,-0.030729743,-0.0072699846,-0.15635404,0.112032704,-0.043613054,-0.104675114,-0.08111338,-0.031192709
LDLR,-0.06231747,0.037108023,0.025398575,-0.07327854,0.16136082,-0.007885599,0.0003174223,0.075508885,0.03185032,0.034073614,0.14218162,0.12313505,0.24954951
SERTAD4,-0.036894385,0.22556773,0.1604215,-0.030124867,0.00497357,-0.03228071,-0.0048813964,-0.15169132,-0.069303244,-0.13349904,0.010604484,0.16092497,0.08220428
SPARCL1,0.10425088,0.13861726,0.11043657,0.036703594,-0.01474055,-0.052136388,0.31753072,-0.0062571107,0.09131403,-0.115972154,0.004331402,-0.22567162,-0.019707989
DOK6,-0.018545225,0.051496696,-0.032476038,0.24892348,0.09233872,0.0027667736,0.0037157976,-0.16882356,0.103967376,-0.03745539,0.0018252183,0.15600315,-0.120730095
C3AR1,0.31673628,0.04389725,0.039488204,-0.06054206,0.0061684875,0.07794885,-0.02026517,0.04898556,-0.23534068,0.17352568,-0.061008252,0.09896947,-0.10157662
TLR7,0.29796612,-0.009809878,0.12614731,-0.054434158,-0.00069183996,0.06071468,-0.003329117,0.033736903,-0.21583837,0.10642611,-0.10936604,0.14648558,-0.012298768
FNDC5,0.0055301692,0.1732022,0.04023819,0.07065402,0.059881993,-0.12028999,-0.009843812,-0.09204721,-0.098464,-0.003340261,0.013041999,-0.001019959,-0.07977823
IL18,0.2923853,-0.029633066,0.005656061,0.020255527,0.007010682,0.31505784,0.00036422577,0.027009666,-0.13998222,0.136926,-0.09338567,-0.027258804,-0.02935612
THY1,0.04554389,0.25756726,0.036111135,-0.15313347,-0.011219577,-0.002873722,0.076737046,-0.11723453,0.063271195,0.07608904,0.12193776,0.060587447,-0.009004195
LTBP2,0.05145293,-0.03441338,0.2550802,-0.059322678,-0.112676464,-0.011562029,0.010693499,-0.025550956,-0.12869097,-0.16319115,0.12218809,0.23584776,-0.0075335265
WNT10B,-0.10171996,-0.06286286,0.00185749,0.23155658,0.044348463,-0.0040921723,-0.10897417,-0.26087973,-0.018212192,0.13805343,0.10222801,-0.06264411,-0.0075603803
NFIX,-0.10038615,0.23281874,0.19204696,-0.13394384,0.008587222,0.025324933,-0.009402843,0.022285357,-0.11502027,0.070322886,-0.12514874,-0.00028642677,0.14476562
LTBP4,-0.017659642,0.19754817,0.14138816,0.10418042,-0.10140451,-0.030263796,0.011513306,-0.20186117,-0.050053883,-0.14485872,0.16917603,-0.14297149,0.2124309
PDZRN3,-0.019086888,0.2671172,-0.00094911625,0.053430498,0.0038194756,0.32109588,-0.046542555,-0.10442246,0.086284526,0.049041357,-0.011183167,-0.017847395,0.0880803
HOXD10,-0.06432469,0.008193239,0.07825655,-0.13519941,0.045297574,0.021366667,0.013406498,0.041464157,-0.070030995,-0.047959264,0.08401056,-0.016770903,0.026001533
PDGFRA,-0.028316619,-0.006084245,0.21866316,-0.09629984,0.061552577,0.004399278,0.005652258,0.06975305,0.07177241,0.069324605,-0.029993074,0.07214168,-0.14451292
AGTR1,0.009928399,0.11214164,0.18031615,-0.07488076,0.03351591,-0.0061799726,0.008805533,0.07796077,-0.032829244,-0.06416971,0.013991262,-0.27203822,-0.12962744
CRTAC1,-0.06501939,0.08086182,0.0033068042,0.015415311,0.0059915185,-0.009231924,0.019920876,-0.32263044,-0.095082425,-0.08418605,0.08209614,0.069510005,-0.023522332
ITGA10,-0.09427398,-0.14692232,0.16670795,0.08330487,0.053518392,0.043682214,0.0022381688,-0.061515816,0.0036478345,0.086064726,0.14477985,0.27457234,-0.05129858
OSCAR,0.13767514,-0.23425865,0.017692853,-0.11483226,-0.017566543,-0.095491394,-0.13836709,-0.3173688,0.33217704,-0.032342315,0.08101717,-0.0047681807,-0.026199881
ADAMTSL2,-0.046416778,-0.073257454,0.22012185,0.1217778,-0.07290337,0.0097255455,0.04647374,-0.12200417,0.07683509,0.13294926,0.18583633,0.17457706,0.14384088
GAS6,0.090126544,0.09942631,0.20941274,-0.12740134,-0.14987016,-0.09987869,0.06794954,-0.049316935,-0.11134828,-0.020549435,-0.010319179,0.022156622,0.1642388
TLR4,0.3119561,0.054705046,-0.008608672,0.0030431557,-4.4695324e-05,0.002392007,0.009412511,0.07801558,-0.10982859,0.10718236,0.010088572,-0.08524436,-0.2509555
HSPB6,-0.048055492,0.19643232,0.020151885,-0.00045418454,0.037746396,-0.09453294,0.008041964,-0.02031741,0.032647938,0.00789998,0.028859053,-0.14861944,0.052355494
NINJ2,-0.036119584,-0.071410865,0.15628298,-0.06020186,-0.08504614,-0.18080088,-0.024647545,-0.07136617,-0.025904816,0.094989285,0.19818492,0.028173558,-0.0016625448
MSR1,0.2937075,0.054601524,-0.033622157,-0.07194103,0.04654707,0.026431162,-0.06030538,0.07288453,-0.23848653,0.19519925,0.025596121,0.008231492,-0.26942712
BASP1,0.01930223,0.16241841,-0.042711798,-0.16291972,0.081480406,0.13558596,-0.066464484,-0.25360185,-0.037427958,0.07242649,-0.040197477,-0.06577432,-0.14252505
RSAD2,0.13147806,-0.09452166,0.032710686,-0.06680891,0.024608806,0.21233295,-0.004002402,0.0419336,-0.27408034,0.13112262,0.18713592,0.0034283204,0.3735877
PTPN22,0.1463487,-0.23533593,0.07891428,-0.10963064,0.032323923,-0.028043859,-0.15452273,-0.16689947,0.3196586,-0.07888289,-0.08962559,-0.05651653,-0.017052907
SLC20A2,0.0014597445,-0.119337805,0.17342053,0.0038242042,0.0020880685,-0.04992653,0.04908217,-0.03033375,0.0107383905,0.043227818,-0.012102668,-0.39475545,0.09346284
TMEM108,-0.03942537,0.03937012,0.08706356,-0.002500654,0.11962378,0.0017688842,-0.047935076,-0.1334294,-0.19267742,-0.20097433,0.023966212,0.0018039955,-0.20158331
PAPPA,0.07809064,0.0016373631,0.21044183,-0.06748969,-0.021761274,0.17111237,0.00017475468,0.16812801,0.08669009,-0.016573118,0.1708194,0.07711303,-0.103894815
FEZ1,-0.03290426,0.090601966,0.051190417,0.24997282,0.017494753,-0.10080115,0.023892827,-0.20936623,0.016026435,-0.021150146,0.008350642,0.0063767466,-0.06719661
PLEK,0.31400582,-0.1127403,-0.042898662,-0.039535034,0.0358869,-0.01720313,-0.076925114,-0.010362777,0.0050095636,-0.0038386774,0.041921098,8.2749375e-06,-0.06460365
SELENBP1,-0.0056854715,0.113921955,0.047176477,0.17339519,0.058132134,-0.0068847383,0.013720257,-0.12190051,-0.09282409,0.2277405,-0.0685891,-0.33632255,0.12870914
CLDN5,0.12706202,0.013786044,-0.039057747,-0.019210229,-0.11594848,-0.009051175,0.33398855,-0.19423015,0.13302596,0.014581849,0.009846135,-0.24932063,0.08890792
CD4,0.26787463,-0.06082489,-0.07845712,-0.0015536546,0.047299106,0.01927484,-0.0148110995,-0.03812332,0.041263066,0.056270417,0.047267895,0.09236533,-0.21236798
BMP6,-0.09084635,-0.16446872,0.14457655,0.0742077,-0.006178758,0.01788701,0.041163273,-0.027944338,-0.1680055,0.06404353,-0.07789628,-0.1729587,0.031470764
FZD2,0.02828645,0.1931452,-0.028744765,-0.022744821,-0.00552626,-0.009419772,-0.087628126,-0.24301654,-0.02132853,-0.050541498,0.17471012,0.1330199,0.12145651
TMEM100,0.0430717,0.09885097,0.15553331,0.098124266,-0.016537644,0.019690359,-0.008577174,-0.04942665,0.03470544,-0.0048184814,0.24909292,-0.15986952,-0.012319401
LXN,0.0040840073,-0.17188117,0.107142575,-0.067031465,-0.0523094,0.095953524,0.10569009,0.023210531,0.002295007,0.042926863,0.2410554,-0.0023001072,-0.011353369
TBXAS1,0.3100669,-0.0044020955,-0.022357779,-0.0432843,-0.0014090633,-0.017300943,-0.08029223,-0.008562013,-0.060985304,0.18429703,0.09440956,0.10508403,-0.32723188
HOXB9,-0.065188475,-0.017532133,0.035607446,0.032248262,0.02655446,0.002908323,0.02601472,-0.121546246,-0.16051221,-0.06086973,0.12721689,0.25309336,-0.17220633
NDRG2,8.8000146e-05,0.053613145,0.18276781,0.30749667,-0.06589936,-0.25354964,-0.0009292334,-0.015494455,-0.08077723,-0.09377953,0.0030610957,-0.42268908,-0.039565317
SNCAIP,-0.06628081,-0.1178276,0.1138034,0.048163816,0.07444076,0.034401752,0.006234137,0.027520383,-0.074274726,0.15630771,-0.058040164,-0.18368876,-0.00019820963
DPP4,0.07931326,-0.20461145,0.10859938,-0.12518445,0.0015291088,0.28024065,-0.1599577,-0.19592103,0.31393215,-0.13188946,-0.070631854,-0.013267959,-0.045974284
GALNT3,-0.07557686,-0.16874239,0.19923079,0.13466851,-0.0026488325,0.1967556,-0.006034822,0.017007736,-0.062597856,0.15858647,0.028049003,0.10602224,0.082494035
IGF2BP3,0.031178897,0.046640333,-0.066290684,0.27677813,0.16873643,0.17220345,0.130342,-0.123303324,0.1693608,0.073983744,0.11366246,-0.010217282,-0.13488054
ADAMTS1,0.00050578476,0.23163396,0.037801415,-0.11046031,0.1430469,0.082960136,0.16984843,-0.04082149,0.059038687,-0.022768142,0.20310241,-0.15724996,-0.0021756268
OAS3,0.14625813,-0.059390265,0.06266229,-0.076173075,0.044756453,0.2190017,-8.849702e-06,0.17501843,-0.17131089,0.10563831,0.060023606,0.05013097,0.49635866
PTK7,-0.021917684,0.08497349,0.0077739023,-0.19281311,0.13877836,0.013670157,0.011176033,-0.2917845,-0.07756314,-0.08937919,0.0452086,0.29644957,-0.0018832763
IGFBP4,0.14574307,0.123251885,0.13500021,-0.11648132,-0.011802471,-0.017978352,0.10061051,-0.19821253,-8.5589476e-05,0.010963573,-0.0016713558,-0.1378649,0.0073621753
FZD7,-0.011210994,-0.10413869,0.21068373,-0.016887214,0.057847958,0.2167644,0.0006535045,0.07966812,-0.029987348,-0.17206836,0.17067611,0.013976684,0.009492998
KIAA0040,0.14044313,-0.21668631,0.14419664,-0.011467978,-0.04731723,-0.11313991,-0.13030928,-0.12655497,0.33062288,-0.073376335,-0.0058414475,0.00472499,0.020250926
ADAM22,-0.08510376,0.023592282,0.07430022,0.29932782,0.1426856,0.0032333392,0.0029220814,-0.039833747,-0.019678509,0.101092346,0.004879221,0.004315358,-0.049425986
LOX,-0.0011866508,0.13099852,0.042430423,0.18992828,0.028199524,0.03827122,-0.14874277,0.15838343,0.19945161,0.3429912,0.13661347,0.19593516,-0.025596619
GPR68,0.13415341,-0.14888212,0.07735307,-0.13735035,-0.0026110979,-0.021199012,-0.15579192,-0.2106606,0.3344966,-0.10314975,0.08704128,0.05425379,0.16267043
KERA,0.032041334,0.12558109,0.120569944,-0.04980738,-0.0014756075,0.0068704356,-0.07103151,0.12074899,-0.0408693,0.13288185,0.026888829,-0.20850931,-0.01669128
ID1,-0.14428094,-0.08535006,-0.07056157,-0.1205657,0.034361336,-0.00909126,0.05783264,-0.24140897,-0.08270988,0.15693933,0.23257357,-0.30320692,0.027947944
OLFML2A,0.082312375,-0.05922071,0.25540057,-0.038278542,0.037250303,0.0057225777,0.30397677,-0.02178689,0.040808372,-0.00192477,-0.0062376643,0.07513404,0.053459045
AKAP12,0.04069541,0.07702736,0.024103506,0.27505115,0.1332509,-0.039098185,0.07550648,0.11645689,-0.010720123,-0.15290937,0.015675973,-0.02494989,0.04492718
MMP11,0.04113889,-0.0068511697,0.083490886,-0.20308723,-0.007563742,-0.012844986,0.003283881,-0.06444027,-0.08284161,-0.09705239,0.07116845,0.16886435,-0.017202314
PDGFRL,-0.019981574,0.12893058,0.19296426,-0.16634803,-0.08503899,-0.13016766,-0.072602235,-0.039710086,-0.005599168,0.1640154,-0.007796233,-0.066882774,0.25717598
SYK,0.25750184,-0.14304486,0.017768163,-0.027013093,-0.0033382738,0.046451245,-0.110597596,-0.15213795,0.11887476,-0.03706432,-0.09138182,-0.018844992,0.03239641
GPC2,-0.016050005,-0.017011242,0.007362317,0.08614735,0.1733635,0.0362601,-0.00037249323,-0.25810537,-0.02493573,-0.05812076,0.0059896656,0.07583698,-0.07188688
IRX2,-0.08138745,0.003323371,0.01034449,0.064054854,0.026344523,-0.006386927,-0.0043710233,-0.22334225,-0.1788772,-0.041128237,0.024855139,0.042256813,0.07671415
IFI35,0.15827133,-0.114333004,0.0349723,-0.17733777,-0.04516804,-0.02959314,-0.0012999034,0.05122691,-0.24535656,0.02531124,0.048338465,-0.18470107,0.51836723
ADAMDEC1,0.16222073,-0.06451132,-0.029242294,0.07609146,0.0047279694,0.03236108,0.0049326997,-0.06330768,0.13012712,0.03236201,0.08557236,0.13783664,-0.08397942
CTSH,0.19993207,-0.060383394,0.06614871,-0.059280675,-0.03210703,-0.056343723,-0.063389055,0.052539535,-0.27505758,0.014321924,0.11246023,0.013424476,0.07101412
CADPS2,0.0816271,0.06954548,0.16905467,0.1267662,0.00040575684,0.025052529,0.043879826,0.09164697,0.1332482,0.03456671,-0.036635764,-0.0062912544,0.08264718
ADAMTS4,0.05536935,0.1804161,-0.028413355,-0.28606007,0.13338268,0.03768635,0.13567789,-0.06706274,0.17304139,0.09251332,0.19649899,-0.11689826,0.023531998
WNT5A,-0.036243312,0.01215684,0.07908116,-0.042843774,0.11400206,0.04614491,-0.04214633,-0.029895028,0.0035218413,-0.12826894,0.15303682,0.23503657,-0.14638367
PLTP,0.059350405,0.03056876,-0.014112046,-0.028591529,0.009659227,-0.1277419,0.004226912,-0.3790773,-0.13911557,0.08944586,0.025613137,0.2356177,-0.14900602
IGSF3,-0.06053685,-0.17551918,0.1633769,0.01748181,0.13365375,-0.0031023074,0.00481848,-0.13844098,-0.03768324,0.10660331,-0.03305674,0.009167359,-0.11234724
TUB,-0.119479634,0.10322654,0.12626201,0.077367045,0.070464,0.15887102,-0.007947711,-0.050289173,-0.020823706,0.1396199,-0.111619174,-0.13902545,0.02075002
HSPB8,-0.0648799,0.049378105,0.09177019,0.044103745,-0.0047402973,0.006387674,-0.0119803855,0.16540492,0.007506997,0.020421488,0.2914647,-0.37132183,0.04780309
DLX1,-0.11694126,-0.0882266,0.0038155497,0.16326252,0.16603456,0.021074725,0.004383238,-0.009068587,-0.086452305,0.036173817,-0.0021182497,0.08494117,0.1033941
ATP6V1B2,0.14179,-0.23706399,0.068139434,-0.10542132,0.061798386,-0.046437625,-0.16438657,-0.15566202,0.34272814,-0.08593618,0.0020794512,-0.027218677,-0.06687969
LAYN,0.033180743,0.088134535,0.10123422,-0.21328887,0.056722987,-0.109303646,0.11486236,0.022715138,-0.017114945,-0.008704804,-0.0044474085,-0.035674103,-0.042915054
FN1,0.07625129,0.0833788,0.22648129,-0.1634136,-0.030870063,-0.046999156,-0.023624953,0.13797098,0.14025372,0.037217595,0.22286898,0.23129615,0.011734875
SPI1,0.26027268,-0.2127099,-0.0023610122,-0.12995401,-0.010711614,0.093320176,-0.08519025,-0.16878057,0.14813289,-0.026522592,-0.0023357237,0.022512764,0.024220308
CDC20,-0.086971,-0.030500526,-0.14191055,-0.0551082,0.3365382,-0.04109216,-0.023101334,-0.02754253,-0.052170027,0.030898906,0.030234534,-0.13225433,0.2097
RARB,-0.026604827,-0.21156482,0.16021776,0.19131234,0.08508679,0.0006295952,0.005414117,0.008794166,-0.06445981,0.030837208,0.00707603,-0.022693278,-0.18032575
SULF2,0.06653277,0.09005606,0.053998716,-0.11301465,0.037135758,0.32205716,0.08959963,-0.040595934,-0.061814107,-0.17660563,0.10524734,0.095136136,-0.015308773
CALCRL,0.13459244,0.051785417,0.11383516,0.06860959,0.0053219297,-0.00195787,0.33004537,0.10703739,0.17625423,-0.009362312,0.004079599,-0.04648045,0.088816814
PITX2,-0.09349684,0.02786274,0.062403798,0.056754343,0.027238753,0.018387767,-0.024689294,-0.12551583,-0.21460994,-0.24780323,0.059017297,-0.1293593,-0.041405056
RBM20,-0.006799127,-0.05281787,0.007905864,0.32475713,0.033758692,0.01385691,0.0317897,-0.18924122,-0.069194935,0.012661344,-0.027727848,-0.06567081,-0.19033852
CLDN1,0.13446857,0.17612156,0.16444162,0.09730161,-0.022156347,-0.05079039,-0.024833824,-0.007228318,-0.10185178,-0.05848233,0.10964103,0.12080972,-0.024739338
SIX2,-0.08374752,0.023968209,0.026351875,-0.23973453,0.07596774,0.0094652,0.07496844,-0.24304223,-0.15436333,-0.14092204,0.013998407,-0.14349315,-0.009410777
HOXC8,-0.075795926,0.040286638,0.1106409,-0.015215346,-0.047372356,-0.037635457,-0.040899154,-0.033395264,-0.10294859,-0.13069904,0.0119959945,-0.005816053,0.05288919
C1QTNF3,-0.00690483,0.33718058,-0.018055558,-0.06971903,0.000850704,-0.027444413,-0.065438285,-0.12283944,0.054657534,0.09574594,0.0050315205,0.028054768,0.03841711
SLC29A4,-0.112490185,-0.14452763,0.1383105,-0.03109446,0.008433568,-0.0067901136,-0.005406504,-0.2653634,-0.14247556,-0.0008101034,-0.005595574,-0.013639646,-0.034887347
MYLK,0.01074267,0.047725473,0.27138078,-0.08867977,0.0037063938,0.09648991,0.07951055,0.1177361,-0.12486417,0.08833701,-0.093376994,-0.08274076,0.0071736258
SPOCK2,0.15123866,-0.06981675,0.114530295,0.16622654,-0.046043288,-0.07176391,0.10598612,-0.17600647,-0.09928907,-0.16373688,-0.1177988,0.13319631,0.14367308
AOAH,0.27758014,-0.058984753,-0.029028438,0.00043072415,-0.0017380742,0.002174982,0.011956969,0.00559055,-0.21518816,0.08014934,0.034255516,0.063918784,0.02480393
GPC1,-0.15370132,0.013762883,0.06791516,-0.12749699,-0.003983662,0.014401797,-0.0069034044,-0.2523877,-0.14207383,0.18137524,0.18935275,-0.004193536,0.016793061
LRRC25,0.2945139,-0.12589839,-0.04947813,-0.14774886,0.0122882435,-0.026947092,-0.061265267,-0.1823456,0.024326032,0.016810635,-0.022296533,-0.025198413,-0.0860908
OSR2,-0.09144382,0.14161123,0.02231822,0.0973305,0.08213851,-0.113411464,0.052800134,-0.04139584,-0.054034457,-0.06557444,0.08824283,-0.051780853,-0.095476784
GALNT5,-0.08103471,-0.09056287,0.25354314,-0.15157196,-0.0012374909,-0.026406318,-0.0061956476,0.025083538,-0.06323753,0.15749383,-0.009892631,0.124016784,0.0146560995
CACHD1,-0.11810209,0.006920888,0.15809752,0.06916331,0.081741296,0.2609805,0.0001512986,-0.112468004,-0.14750986,-0.14192927,-0.00246555,0.30969405,-0.059161305
CDC42EP5,-0.029823503,0.091504335,0.012165221,-0.09407534,-0.15933323,0.009380133,0.0066230227,-0.244074,-0.03660055,0.10423743,0.25194046,-0.29111186,0.15597473
MATN3,0.00094089075,0.06444219,0.089118585,-0.13739128,0.061469648,-0.098182246,0.0071771946,-0.18876745,-0.13704997,0.0076098237,0.10827197,0.022874774,-0.012923096
ISG20,0.19351919,-0.014546315,-0.117761865,-0.108693995,0.0030392292,0.014799873,-0.003601892,0.012766693,-0.24377699,-0.020548496,0.2366136,-0.001300961,0.39576834
ITGA4,0.078089096,-0.022440333,-0.06425282,0.13450478,0.18525946,0.10237966,0.013436002,-0.06020852,-0.10502333,0.06251964,-0.13898136,-0.009536444,-0.06033104
EBI3,0.2726469,-0.10566044,-0.06567762,0.026745077,0.000278303,0.01432767,-0.042088997,-0.19508208,-0.14590994,0.014088686,-0.015675543,-0.010718187,0.10969863
FBN1,0.10835909,0.21779548,0.18041328,-0.12363324,-0.0026553702,-0.00024750124,-0.002330575,0.11079834,0.09930565,-0.05054593,0.12549743,0.08272493,0.1775527
ARHGAP30,0.32973057,0.0051145786,-0.00028402582,0.027149716,0.028860686,-0.086766794,-0.0642352,0.0048059686,-0.124440834,0.06693053,-0.0031908965,0.01478737,0.008418378
PTGS1,0.14927326,0.079717964,0.087114416,-0.020307338,-0.014077199,-0.06979851,-0.082594216,-0.25179315,0.021126257,0.07814674,0.012554548,0.15697515,-0.20673801
GABBR1,-0.07747818,0.07050987,0.15998207,0.13359903,-0.01582089,0.00669049,0.00046120828,-0.14861715,-0.06335273,-0.034955602,0.01939022,0.038295448,0.12592934
F3,0.04512155,0.014475012,-0.00083475525,0.08077649,0.009994513,-0.056051057,-0.037637036,0.14317243,0.053232018,0.05232746,0.29022884,0.017799556,-0.16019239
NRXN2,-0.034139145,0.05558008,0.15534225,0.014697053,-0.05023821,-0.052900225,0.063002594,-0.15934013,-0.111022756,-0.20038785,0.049977083,0.009295182,-0.015050043
PROS1,0.06865995,0.038855754,0.1629083,0.08233802,-0.009179909,-0.020567305,0.021727286,-0.16448288,0.09227624,-0.034718134,-0.008276744,-0.0067446344,-0.062015742
BCL6B,0.090835445,-0.050138038,0.10088913,-0.057992525,-0.008723508,0.1228947,0.46714628,-0.10785282,0.16427228,-0.0053924886,0.005073035,0.020180505,0.07003957
TNFSF13B,0.29181698,0.06908612,-0.044046387,0.07777907,-0.008898089,0.014817003,-0.012185839,0.052809574,-0.22913797,0.12549831,0.08587101,0.020874275,0.034603976
PPFIA2,-0.06169306,-0.20917025,0.23866162,0.008960466,-0.0074817245,-0.00696748,0.011163332,0.024295887,-0.13541935,0.024001159,0.008942714,-0.09348798,-0.17624824
IL1RN,0.24668486,-0.060628165,-0.0268865,0.0048509757,0.027707508,0.041208964,-0.0075391172,0.064479634,-0.13396664,-0.058472063,0.19533496,-0.024089204,0.015490012
TNFAIP8L3,-0.11268377,0.09028179,0.115386985,-0.07788126,0.07253855,-0.09555055,0.0025706755,-0.12902191,-0.122171246,0.07901172,0.0062034875,0.0054328744,0.02352858
LOXL3,0.034779407,0.16471134,0.06986229,-0.022443175,0.042356502,-0.13679062,-0.08628336,-0.1637276,-0.030286964,-0.008283445,0.24747261,0.20179072,0.042222824
TSC22D3,0.016152611,-0.008991132,0.15446836,-0.0567133,-0.11074396,-0.06621667,0.0082836775,-0.0074200905,-0.1796212,-0.16610743,0.121358305,-0.08836615,-0.1336009
BMP7,-0.07273236,-0.01907736,-0.00931808,0.25407743,0.09158298,0.100506715,-0.032595865,-0.25443196,-0.025551062,-0.013258506,0.09286649,0.037813738,-0.02312885
GUCY1A2,0.07893672,0.17349476,0.05220232,0.10286702,0.07730632,0.03715453,0.12668248,-0.01624767,0.1756268,0.06763371,0.00029221456,-0.17391479,-0.0067154802
BNC2,0.09682998,0.2663398,0.0605764,-0.1330496,0.08613669,0.0760653,-0.052727655,0.037541743,0.1561418,-0.12043971,0.008924862,-0.037546605,-0.030327257
PDK4,0.1165858,0.051332902,0.06344328,0.16128457,0.002547147,0.142454,0.03591316,0.14342633,0.037524473,0.006541989,0.10150646,-0.3858705,-0.30553645
RAI2,-0.011798384,-0.08300995,0.22678012,0.13859537,-0.10690046,0.044211186,0.09673263,0.02393974,-0.023663515,0.13483508,-0.0075861053,-0.17765836,0.0496628
CAV2,0.13668004,0.21957968,-0.013218768,-0.09205191,0.0041090515,0.019342894,0.1418472,0.114581764,0.096853726,-0.16126262,0.19975734,-0.042164788,-0.056771502
STEAP3,-0.033186477,-0.17137614,0.12495183,0.12602654,0.004216918,-0.19240455,-0.009446893,-0.09574448,0.027817514,0.17726804,-0.040537205,0.114128515,0.02969089
CDH5,0.14565815,-0.008235862,0.11368223,-0.026295017,0.030441642,-0.008578324,0.46044105,-0.018331904,0.2136789,0.038822647,-0.031200754,0.07038451,0.022873554
LCP2,0.27422827,-0.12685044,0.03199309,-0.056164194,0.01199308,-0.01588937,0.05134548,-0.085667975,-0.15559809,-0.022367055,-0.00070012966,0.14696282,-0.068196215
ANGPTL4,-0.10634858,-0.096469566,0.0936133,-0.14856814,-0.0054268385,-0.100321725,0.05813919,-0.09391046,-0.115990534,0.055989616,0.19862331,-0.13625984,-0.061152615
COL15A1,0.13849312,0.10595387,0.07687141,-0.15735108,0.042681076,0.02695985,0.21444534,0.062204555,0.20252536,0.021060098,0.26601332,0.30778816,0.1399551
C2,0.24802946,0.042603537,-0.025933728,-0.12274952,0.019426491,-0.04306227,-0.07754849,-0.023535814,-0.0451881,0.07504382,0.027958853,-0.07750584,0.0030867306
LSP1,0.14371277,0.22020823,0.0067040212,-0.05784053,-0.025756575,-0.0037127838,0.06976564,-0.023255559,0.07514188,0.1141716,-0.04573146,-0.19045278,0.24905272
FHL1,0.028305957,0.26850435,0.11061477,-0.02488797,0.018417377,-0.012871783,-0.0072598625,-0.046331197,-0.0140051795,-0.03768803,0.01195751,-0.38611934,-0.0731105
OSM,0.16588058,0.01041764,-0.18499023,-0.08661192,0.107652634,-0.029864449,0.015563391,-0.019700093,-0.062430594,-0.041106824,0.35613334,-0.09442727,-0.30450436
PODXL2,-0.047636516,0.0050230445,-0.05384836,0.228151,0.07588084,-0.007830011,-0.006742894,-0.36230615,-0.009041769,-0.0036681215,-0.067387015,0.03682822,-0.01796805
SEMA3C,0.067984164,0.3003082,-0.003664338,0.035110053,0.01833278,0.3245583,-0.11767656,-0.01240845,0.012329725,-0.009174565,0.053854898,-0.07625581,0.11830763
HOXD13,-0.12544216,-0.13273595,0.10695495,0.035228066,0.1555507,-0.05360845,0.0057183,-0.0064642667,-0.20295975,-0.0055486895,0.042917192,-0.09140661,0.004881329
DNASE1L3,0.16256793,-0.059309084,0.09685762,-0.0047526327,-0.06130088,0.0055519775,0.19877996,-0.08293029,-0.015960388,0.02532345,-0.024025302,-0.10843125,0.22993141
COL11A2,-0.12624043,-0.009850116,0.03747134,0.28590515,-0.00451596,0.09682924,-0.0032111662,-0.260937,0.013143287,0.1960651,0.0152321495,0.053633228,0.056024678
TRIB3,-0.05669873,-0.072200626,-0.08283101,-0.12369579,0.11088895,-0.11745733,0.043598145,-0.058959637,-0.1401345,-0.00018824753,0.3038326,0.11665897,-0.018077374
AEBP1,0.040850252,0.18027805,0.1861374,-0.24933393,-0.079846606,-0.0023146756,-0.115737356,-0.07460777,0.046553247,0.0036210967,0.096621454,-0.0012828116,0.11691455
MMP12,0.10224495,-0.08765413,-0.015129641,-0.006908706,0.0038559602,0.14350492,-0.09172004,-0.0138901565,0.17885393,0.0043430044,0.3088914,0.04868539,-0.10956077
SNTB1,0.001961323,0.07529491,0.13764292,-0.031673003,0.02749654,-0.004421092,0.07681782,-0.059199095,-0.064189695,-0.13883972,-0.012078363,0.055211257,-0.039755832
MEF2C,-0.048376266,-0.19714233,0.1881522,0.3092672,0.05788665,0.0051269396,0.0027736353,0.04955748,-0.006185595,0.15562446,-0.07684531,-0.013010002,0.023821717
COLEC12,-0.100975834,-0.1615693,0.22683233,-0.06099594,0.027509116,0.041395307,0.0016849319,-0.089762725,-0.030143363,0.1095419,0.017594742,0.14167058,-0.11945168
ADORA3,0.28949437,0.027013943,0.001015162,0.0072614127,0.003448214,0.016932629,-0.008079013,0.0020963189,-0.23589927,0.07949616,-0.1340274,-0.0004700287,-0.10640766
SCD,-0.07754691,-0.073391475,0.077865705,0.026385866,0.15344633,0.006952009,-0.077110805,0.103345975,-0.10660294,0.059138555,-0.00908509,0.020403001,-0.00071677275
LSAMP,-0.04658137,0.030776639,0.09525955,0.0008818208,0.016052196,-0.009951667,-0.010835015,-0.13010266,-0.075857185,-0.13058369,0.0019253035,-0.12889938,-0.07133739
GIMAP7,0.2844639,0.027013704,-0.028664509,0.115804546,0.0015189083,-0.02138258,0.024286106,0.0027231113,-0.24976718,0.073642716,-0.04856843,0.0060704765,0.070809424
RGS2,0.12891614,0.031877395,0.001645402,-0.026966147,0.010078948,0.24704148,-0.0047383797,0.100863084,0.0443496,-0.17848703,0.2758555,-0.24827923,-0.12403488
CD36,0.070886865,-0.0644257,0.06940439,0.19040287,0.067326464,0.15998092,-0.011519149,0.029116208,0.14769523,0.3865904,-0.095473096,-0.21128713,-0.13253538
SLC35F2,-0.04313124,0.13001682,-0.038466483,0.05221334,0.14669815,-0.027684607,-0.06371009,0.060950343,0.05266464,0.13093151,0.15472457,0.118151315,0.09419044
NAALAD2,0.0057474948,-0.10902072,0.17010587,0.119631745,-0.0032727988,-0.020366965,0.019664897,0.020515341,0.07062103,0.026868997,-0.002378984,-0.18737413,0.02187603
CFI,0.16121121,0.011563055,0.07844122,0.091582514,-0.049022667,0.010611426,-0.0078490805,-0.052003812,0.10939101,-0.17051162,-0.004499665,-0.24247545,-0.10440088
PLAG1,0.010361587,0.056890987,0.029720409,0.22946908,0.041053105,0.15387769,0.0019035041,-0.24928269,-0.041643783,-0.17402965,0.041183148,0.21754147,-0.20456478
CPNE8,-0.002875275,-0.0009748993,0.12163678,0.17435029,-0.00024706,-0.15946701,-0.07929834,-0.031373505,0.0021102093,0.14091933,0.105389826,0.043940656,-0.03428459
MTMR11,-0.04396588,0.12294566,0.19375956,-0.0053627766,-0.03355141,-0.04195894,-0.0050493353,-0.033872873,-0.104618885,-0.13085784,0.13968651,0.043960582,-0.018387502
EMILIN1,-0.08793294,-0.08733883,0.0885739,-0.2333073,0.11063302,0.023465669,-0.008103291,-0.29152685,-0.11626206,0.050628725,0.102842696,0.049604304,-0.022852395
BCAT1,0.049993515,0.18551879,-0.100331806,0.17774227,0.1552457,0.0192798,-0.082335204,0.091727704,0.13454631,0.02970713,0.104210526,0.24481288,-0.09174221
LRRC32,0.10148637,0.17240168,0.0473332,-0.14296636,0.003232914,0.025154173,0.19335902,-0.0075973985,0.10104414,0.0041381917,0.2548685,0.048912235,0.01660701
MAP1B,0.00026378466,0.09532908,0.122565255,0.027981555,0.11834487,0.053064927,0.01580403,0.29330972,0.081268474,0.15344954,0.25228968,0.07686326,-0.08696386
GLRB,0.02191442,0.09522313,0.068095595,0.10392273,0.06926658,-0.015547555,-0.09542568,0.083372355,0.141423,-0.10337548,0.05566323,-0.05399844,-0.05956287
HPSE,0.19358374,0.050820787,-0.03369877,0.0828243,0.10634699,0.25328144,-0.06881495,0.15031427,-0.14534205,0.0036378654,0.06787553,-0.028323246,0.0023158705
TMIE,-0.029200466,-0.0957521,0.122644894,-0.03634746,0.010335934,0.008134029,-0.028441677,-0.1391125,0.00079815876,0.15349846,-0.008990679,-0.16461208,0.07172939
MGLL,0.0074884105,-0.13385135,0.1997912,0.110247046,-0.07592869,-0.14840515,0.16666438,-0.07933294,-0.07432652,0.009996312,-0.0010227719,-0.005419789,0.06107143
IL1R1,0.051239014,-0.010502407,0.2572324,-0.15106638,-0.043149956,0.34948623,-0.0020547798,0.19419526,0.040382616,0.023270888,0.06423993,0.026594501,0.00885867
TAPBPL,0.18764828,-0.103652164,0.08717501,-0.048410315,-0.03358404,-0.036361217,0.007813418,0.05223876,-0.11180401,-0.009885097,0.004382505,0.015569516,0.3239065
SGCA,-0.023098407,0.022708291,0.11910215,0.19132656,-0.029895522,-0.018995473,-0.019288775,-0.03486944,-0.03904394,0.027452527,-0.002991213,-0.27542245,0.014987547
CHPF,-0.035107557,0.14385574,0.035765525,-0.13706656,-0.1269898,-0.0015842892,0.0070350734,-0.22180466,-0.10190935,0.101302415,0.24146973,0.098244146,0.24270572
SUPT3H,0.0038230114,-0.1895634,0.06790706,-0.08235476,0.009233743,-0.012182744,0.06716804,0.0008991136,-0.058312833,-0.024951922,0.12418057,-0.037188,0.074093685
MAP2,-0.06411764,-0.19522946,0.2021766,0.094193354,0.07088184,0.097989015,0.08223128,0.072706856,-0.12059801,-0.06776828,0.07374155,-0.09545327,-0.023483146
PRICKLE2,0.045899242,0.29362962,0.10127695,-0.031932354,0.00045844715,-0.053993493,-0.04212068,-0.044900257,0.12973985,-0.0116885975,0.0690694,0.011452879,-0.00041143934
NQO1,0.047802202,-0.07061507,-0.0049085827,-0.0044268896,0.011192698,-0.04531512,0.0034869849,0.21774371,-0.06794333,0.03578219,0.30892408,-0.017678646,-0.0050519058
XPR1,0.07641357,-0.22105521,0.15174015,0.08176877,0.13911337,0.03158115,-0.16539022,0.02954899,0.33234143,-0.049598835,-0.11199706,0.0629199,-0.10682628
EYA1,0.0034079356,0.0010151145,0.14193761,-0.08766472,0.13503411,0.21095417,-0.022899922,-0.1236253,-0.04339206,-0.118079856,-0.15390614,-0.19775248,-0.2994888
PSMB9,0.19930151,-0.11067996,-0.0362406,-0.052526865,-0.0024364367,-0.0057964907,0.027225783,0.06316572,-0.20009679,0.022328364,0.043308727,-0.008857689,0.41800758
LAG3,0.15675522,0.02965458,-0.07903273,0.12804681,-0.010366127,-0.03345908,0.00077230285,-0.27515176,-0.15300035,0.020101547,0.07584227,0.3003986,0.1823611
ALCAM,0.14220397,0.0024853058,0.046775516,0.103701025,0.01581371,0.34100825,-0.10487639,0.04992563,-0.009966656,-0.11100977,0.04233539,0.048659287,-0.04122932
LAPTM5,0.2975113,-0.15412195,-0.0027450216,-0.09198739,-0.0003854237,-0.0044914037,-0.085058175,-0.1312385,0.086395524,-0.0045616333,-0.0057377657,0.14413758,-0.0065881577
SGCD,-0.116995476,0.08815941,0.25323495,-0.008601522,0.027992463,0.2515022,-0.078349784,-0.014353864,-0.023009362,0.13354032,-0.005766903,0.08812668,-0.0013386775
SLC10A4,-0.082709156,0.035791654,0.04398163,-0.019159824,0.082186505,-0.048681356,-0.033869967,-0.11270211,-0.07627314,-0.033103053,0.14339446,0.27610457,0.015086991
SLCO4A1,0.10937152,-0.1540349,-0.008309628,0.034433678,-0.0014107538,-0.018132554,-0.096829325,-0.20308477,0.33749038,-0.17485857,0.14499371,-0.13023338,0.2652306
MCOLN2,0.16234718,-0.15181465,-0.034723353,0.048720974,-2.9474264e-05,-0.002675058,-0.113188945,-0.1202581,0.047318254,-0.20734796,-0.0063669765,0.1079509,0.37570855
STAB1,0.27103758,0.060804006,0.04234537,-0.08400047,0.002178411,-0.01722767,0.14507589,-0.10388037,-0.027793068,0.14290696,-0.075553805,-0.03502896,-0.23746513
MYH10,-0.025615977,0.05856336,0.11085929,-0.10537799,0.112149835,-0.00861904,0.029202204,-0.12343437,-0.14136453,-0.08373292,-0.19569132,-0.03657933,-0.25206015
PYCARD,0.29367203,-0.0667958,-0.008582366,-0.06178255,-0.050518792,-0.06956961,-0.021593379,-0.10867339,-0.18178372,0.020431843,-0.003048731,-0.006233264,0.15267538
NFKBIZ,0.11331219,0.13978511,0.024239719,-0.003941333,0.036281303,0.013783228,0.0063096327,0.15088882,0.0005350547,-0.07997072,0.18761833,-0.16731721,-0.18949871
IL21R,0.18969533,-0.07521772,-0.008345519,0.06427192,-0.003876157,0.12369222,-0.012894572,-0.12233463,0.06645461,-0.02578004,0.039398875,0.0652082,0.21235892
ANKRD35,0.009591145,0.15047587,0.03643041,0.028111959,-0.016907554,-0.19564351,-0.042482223,-0.21488564,0.14333273,0.09955723,0.04868941,-0.04898299,0.008680705
PTP4A3,0.064118885,0.09725625,0.010053546,0.1346397,-0.037102584,0.0022420886,0.23656002,-0.12072541,0.08911099,0.0021928851,0.12633808,-0.41243258,-5.061354e-05
TP53INP1,0.11922701,-0.04977066,0.19263881,0.15497701,0.0031114176,0.02183984,-0.0011562287,-0.090809464,-0.004001218,-0.0863432,-0.14485112,-0.06379484,0.019116217
NOTCH3,-0.032025922,-0.082318775,0.2327356,-0.24872002,0.019591311,0.014777175,0.20742632,-0.11181306,-0.00146007,-0.061324764,0.06140814,0.028611109,0.030479336
PPARG,0.11937778,-0.10302763,0.0027184794,-0.09970027,0.07594248,-0.01477728,0.12634449,-0.008379934,-0.13268344,0.037005942,-0.05706372,-0.103337884,-0.18695393
CORO1A,0.3043503,-0.011651806,-0.061577283,-0.011847892,0.05947547,-0.015580552,0.056691602,-0.07959348,-0.25931364,0.023989817,0.005870299,0.010619781,0.015865134
BACE2,0.006034454,0.113208875,0.1267982,-0.105445236,-0.089564815,0.087247044,0.0060218857,-0.20282204,0.028501306,-0.112477764,0.12183342,0.26836914,0.23590717
CDK5R1,-0.06278916,-0.035196565,0.14511949,0.04310256,0.0795937,-0.019553894,0.003736437,-0.08714819,-0.02569874,0.13651967,-0.041038614,0.027733188,0.1325401
SEMA6A,0.043742456,0.1376854,0.08958045,0.15653293,0.06862327,0.056239285,0.19414788,-0.17560762,0.11261312,-0.025605436,-0.10159797,0.009822345,0.023097297
NEXN,0.024238274,0.2108644,-0.0065884404,0.17260526,0.0032114282,0.040120408,0.0041776304,0.05345213,0.08016491,0.10134887,-0.0006840414,-0.24806197,-0.16874981
HES4,-0.0422549,-0.15462154,0.05848541,0.005178347,0.041909575,0.016019026,0.2914935,-0.14098407,-0.009755686,-0.02649406,0.22990417,-0.007976801,0.16568582
LCP1,0.30196247,-0.13348982,-0.018796368,0.011408912,0.0055787284,-0.028675921,-0.13818447,-0.051747918,0.11927459,0.009033926,-0.01581829,0.14422739,-0.0013903433
MEGF10,0.0812453,-0.13349628,0.24169753,-0.11436476,-0.0010254118,-0.023338249,-0.08719377,-0.042484507,0.02814226,-0.11392301,0.05412845,0.1532116,-0.16680692
EPHX2,-0.057967864,-0.055820372,0.1619255,0.13282701,0.03795138,-0.06432834,-0.00043949648,-0.1297995,-0.15678279,-0.09279302,0.012689273,-0.082015865,-0.036777195
PLA2G7,0.18630336,-0.0044034817,-0.13096893,0.037638128,0.08701406,0.027928798,-0.033760566,0.028908081,-0.037043646,0.039843645,0.12930954,-0.14203776,-0.12123554
MAF,0.13018277,0.20774435,0.0778532,-0.006628589,0.034399223,-0.10914754,0.02668296,-0.09798084,-0.077155106,-0.022163725,-0.06670611,-0.015068125,-0.14079036
CCDC68,-0.05620331,0.046327714,0.06156447,0.023744116,0.046935588,-0.004221462,0.0066543603,-0.04594924,-0.0077612633,0.17782933,0.012891667,-0.078797676,0.026126137
ADAM12,0.054171316,0.07360818,0.07904993,-0.10630519,0.13948,0.018785113,-0.0025211296,0.08950357,0.2367373,0.08369571,-0.0924347,0.009041373,-0.078146435
THBD,0.11808513,0.095121555,0.15059514,0.06441655,0.005690215,-0.01637155,0.18563221,0.056421082,0.08689392,0.16534886,0.13156697,-0.14851514,0.07292573
HERC6,0.16675013,-0.09853574,0.059220333,-0.12889494,0.005229633,0.018991712,0.001238464,0.1390624,-0.15027747,0.08258622,0.10890014,-0.08038255,0.43100128
FAM20A,0.08546925,-0.129762,0.040454965,-0.1692886,0.08657089,0.16191497,-0.01394399,-0.20560488,-0.028326187,0.0047369427,0.12696119,0.024143657,-0.10385253
WWC1,0.0021453712,-0.093561195,0.036778722,0.026928036,0.12548278,-0.010992757,-0.14255048,-0.16953433,0.14559092,-0.013331555,-0.010397068,0.23183122,-0.12396442
TEK,0.17742082,0.056011926,0.15717569,-0.008613594,-0.025519237,-0.021841621,0.32360122,-0.0016620827,0.18028638,0.070284806,-0.124775454,-0.117642775,0.14237976
PHLDB2,0.086916156,0.23372279,0.12185525,-0.11935896,0.0140293455,0.26638967,0.0028795123,-0.057890564,0.018889172,-0.12972009,-0.020909619,0.015481836,-0.043747183
LZTS1,-0.11300717,-0.10898051,0.18284494,0.14665355,0.06979532,-0.036396895,0.0260731,-0.044692148,-0.026287574,0.27628988,0.100626014,0.022279376,-0.012516875
PCDH12,0.08670141,-0.10176769,0.13180919,-0.11241547,0.0055586617,-0.028824853,0.46645913,-0.12493613,0.14253026,0.002475364,-0.005526696,0.1529918,0.040174887
TMEM26,0.15604521,0.05110967,0.041595813,-0.10355519,0.11221953,0.20351961,0.03403786,-0.061037555,0.20198739,-0.0769036,-0.10821277,-0.034582864,0.07919144
PARVG,0.32641578,-0.039861564,0.013280176,-0.016863085,0.0014176925,0.023262864,-0.04925739,-0.101309255,-0.15521711,0.03374168,-0.051445164,-0.06402222,0.015697017
IFIH1,0.1554857,-0.13958961,0.13833052,-0.107464306,0.013926243,0.047583908,0.0014679669,0.11880095,-0.18805586,0.024154708,0.114920564,-0.04729188,0.4084976
KIF20A,-0.056825023,-0.052536156,-0.02907083,-0.028552027,0.38378525,0.00023163829,0.0038653964,0.098644525,-0.04280782,0.06128433,0.00035062977,-0.08701657,0.21112487
RAB20,0.2517561,-0.066742584,-0.06267043,0.00614871,-0.0043116966,0.004237006,-0.0037763466,-0.1542591,-0.16350809,-0.13266125,0.09743124,-0.058747955,0.011373599
GIMAP6,0.3228551,-0.012048651,0.0067235194,0.068570614,-0.0036393288,-0.0015218402,-0.0003887485,-0.06667856,-0.13627638,0.0924288,-0.09929264,-0.024521424,0.03397178
PLCB2,0.22427827,-0.20102805,0.020921163,0.0025713213,0.0064678416,-0.0062939553,-0.08735233,-0.24827307,0.06171521,-0.04638756,-0.013115417,0.103119515,-0.058616817
CD86,0.31108123,0.042867143,0.0028624448,-0.052698534,0.0038898846,-0.0019589155,-0.02236585,0.080105305,-0.21826531,0.15232904,0.05732156,0.15689863,-0.107184775
FOSB,0.0011337624,0.028262652,0.016437484,0.040888973,0.012221605,-0.11161359,0.07081265,0.14663136,0.11309386,-0.049582314,0.33802664,-0.050877884,0.035197154
ST8SIA1,-0.004027496,0.0042124325,0.15497203,0.029395547,0.06194937,0.004863019,0.024412606,-0.09521613,0.0043757022,0.03529466,-0.015932279,-0.028085189,-0.032521732
ARHGDIB,0.26723194,-0.07748005,-0.0038127685,-0.04798541,-0.11472395,-0.048206825,0.073487476,-0.05602977,0.010671959,-0.0641057,0.010583005,0.020905903,0.06856233
CYBRD1,-0.00048589325,0.0793323,0.2972475,-0.13973305,-0.02666617,-0.0806128,-0.0025854385,0.26227108,-0.06653673,0.06524905,0.077481605,-0.012150113,0.11544264
PDZRN4,-0.04531636,0.16174133,0.017159073,-0.070422255,0.09939009,-0.0013757193,-0.023446208,-0.32336226,0.0030778178,0.0127271,-0.053628005,-0.08139577,-0.06421351
KIT,-0.021750804,-0.0011635799,0.18076102,-0.027355189,0.05621067,0.17720032,0.17548981,-0.046880085,-0.094561264,-0.006363543,-0.10535584,0.1186945,-0.03567868
PDLIM1,0.06606652,0.18280944,0.0045962827,0.07636119,-0.02336658,-0.020736277,0.02125569,0.06458453,0.1857085,0.0013824453,0.23772682,-0.10233523,0.13774067
SORCS2,0.011079664,0.27850989,0.082622945,-0.031458255,0.0014748917,0.010797808,-0.017975263,-0.2522608,-0.019392641,0.00030006692,-0.02880588,0.29433563,0.03344603
GJA1,-0.017042968,-0.0039307475,0.11416004,-0.16461012,0.09253288,0.32977313,-0.09014766,0.03146151,0.15259728,0.12260452,-0.056878988,-0.1435676,-0.11168671
CDH23,-0.051468756,0.10190974,0.19315688,-0.0070816358,-0.0051845945,-0.03261725,-0.016575968,-0.10811048,-0.03679404,-0.0017401752,0.05971381,0.1593695,0.15321547
NKG7,0.22780322,-0.025028057,-0.077558376,0.092913225,-5.1894836e-05,-0.024058873,0.010094823,-0.046604995,-0.26943278,-0.064722605,-0.019693082,0.00045297836,0.2081779
TNFRSF12A,0.07700843,0.10385861,-0.123821326,-0.20890914,0.0038832633,0.052798588,-0.09888991,0.0098283375,0.08472262,-0.06387884,0.43896008,0.13978824,-0.032589428
MYO1F,0.32629433,-0.022269357,-0.006945793,-0.0040250216,9.571733e-05,0.04382628,-0.00034533744,-0.013138836,-0.21938848,0.0832017,0.034830593,0.14680798,-0.10407971
CCR1,0.20495348,-0.2230514,0.056692846,-0.11285242,0.021278981,0.056516524,-0.13212067,-0.10365938,0.2802527,-0.052670244,-0.059295747,0.072752856,-0.043488286
ARL4D,-0.11008675,-0.12485106,-0.056235563,0.02946528,0.16617972,-0.0026051626,-0.0029431293,-0.13232535,-0.047968134,0.19575469,0.030360032,-0.2911071,-0.14946118
SIX4,0.0008746724,0.28821865,-0.008796712,0.031206384,0.14782329,-0.017836494,-0.08061048,-0.030588474,0.1231748,-0.03604084,0.013378254,0.009263278,-0.045525018
DUSP1,0.104325235,0.08208828,-0.008692808,-0.027404279,-0.0044586244,-0.10547407,0.0021827472,0.20336112,0.03741913,-0.068533055,0.36556053,-0.24463667,-0.12689167
ADAMTS9,0.04342576,0.008278084,0.110454254,0.10207762,0.071320444,-0.0024205314,0.22901231,-0.13350211,0.13738891,0.19594242,-0.050798014,-0.069954015,-0.16465923
PLCB1,0.0073124166,0.2218868,0.04766211,0.11844774,0.07886309,0.32938945,0.12929752,-0.019634882,0.04990926,0.018466845,-0.019935848,-0.06245221,0.0050582676
EPHB2,-0.06021046,0.28116596,0.044337716,-0.04974282,0.10863527,-0.1500635,-0.025373194,-0.17317513,-0.13037392,-0.006764394,-0.13726264,-0.019944716,-0.030007776
EDNRB,0.17232893,0.025532048,0.10295245,0.05841062,0.009226315,-0.10787365,0.23345806,0.15338026,0.10454703,0.043767124,0.026834376,-0.11892437,-0.07460965
ADAMTS2,0.021873932,0.09821409,0.2143528,-0.0045651575,-0.08445657,0.020252354,-0.0125587,0.026835939,0.07020347,0.3175374,-0.03430324,-0.013180229,0.033007674
DOK5,-0.07823797,-0.06282272,0.02016056,0.12788479,0.1074754,-0.05218263,-0.010710842,-0.084078886,-0.09958061,0.1575304,0.022121137,0.047978085,-0.015631454
GULP1,-0.024470521,-0.01793004,0.24064717,0.06282503,0.0017001231,0.005104572,-0.0035695161,0.09073184,-0.029298017,0.018303625,0.045203198,-0.14538667,0.02487759
EFHC2,-0.0013304328,-0.021237973,0.065492675,-0.08711165,0.08205577,0.21020833,0.006690336,-0.02898997,-0.09369958,0.056042086,0.015305539,-0.23031726,-0.17907381
NETO2,-0.03372743,-0.019545654,-0.033555195,0.14753063,0.16209571,0.12456963,0.005389325,-0.00096300716,-0.032775264,-0.07023526,-0.063735,0.10672519,-0.11572514
PTPN6,0.3296943,-0.05623567,-0.0014444594,0.0375014,-0.00048242803,-0.08646304,-0.061723694,-0.013337252,-0.09307928,0.021621065,-0.058034714,-0.005271354,-0.008746967
HEYL,0.05606019,-0.064685464,0.07021269,0.008092092,0.007948664,0.071635306,0.3194573,-0.15766254,0.1402928,0.006752417,0.1385255,-0.01507338,0.031540986
LAMB3,0.037060205,-0.14086165,0.10993255,-0.018558837,0.005573591,-0.06981645,0.006187645,-0.036718346,-0.00626866,-0.046414204,0.2503798,0.06859088,-0.013014595
SV2A,-0.08839511,-0.03699456,0.13273704,0.032685302,0.104664475,0.022324717,0.0030230407,-0.1237706,-0.050671462,-0.15398934,-0.0039846213,0.051125128,-0.019894984
LY96,0.26207244,0.015250236,0.0013812962,-0.18823962,-0.06700631,0.15535095,-0.0077355024,0.014270254,-0.009752138,0.0101036,0.040542025,-0.02268369,-0.07031493
SLC43A2,0.30391112,-0.021161007,-0.00094322173,0.004769522,0.0066639544,-0.090241976,-0.07578583,-0.03004646,0.07411109,-0.037885744,-0.007133944,-0.032297123,0.01053094
PTGER4,0.1789332,0.0851435,0.077061124,-0.028105527,-0.028088572,0.17224789,0.08516892,0.16757397,-0.028343111,-0.08556935,0.25323206,-0.1655315,-0.02313947
EGR2,0.12610641,-0.0030500167,0.034444407,0.1713317,-0.008728502,0.16754098,-0.000592645,0.08558346,-0.10871201,-0.22437592,0.34302822,0.11359107,0.002680166
SKP2,-0.11419801,-0.04492114,0.09280557,0.040551394,0.29607615,0.011006378,0.00090781413,0.009127853,-0.11579951,-0.013021126,-0.0983176,-0.12226122,-0.001215641
IRX3,-0.058351696,-0.18019749,0.13218561,-0.18780029,0.0021764564,-0.0008141124,-0.049811546,-0.016551549,-0.11592345,-0.07887876,0.25255385,-0.011792857,0.10629319
EPHB6,-0.027350863,-0.0559138,0.19713587,-0.049309123,-0.013859938,-0.025923647,0.05420224,-0.18727757,-0.20030743,-0.09128409,0.0101471925,0.056476917,0.0441673
INPP5D,0.30080378,-0.08857437,0.049992304,0.09713237,0.003417529,0.052178163,-0.00036807693,-0.06284405,0.0056512863,0.0875897,-0.078276604,0.24711405,0.019790968
A4GALT,0.12820745,0.16404751,0.058712825,0.09585621,-0.10755957,-0.015384341,0.01761196,-0.015299935,-0.005609916,0.037363358,0.13579756,-0.22040223,0.14850014
TIMP1,0.07272915,-0.14687504,0.06747219,-0.122384265,0.0027663975,-0.116366245,-0.008164276,-0.03251113,0.0047676074,-0.08181181,0.28699902,-0.0076561878,-0.10465631
FAH,-0.04021161,-0.14531776,0.018792136,0.075193465,0.1063807,-0.029351644,-9.699322e-05,0.09479437,-0.14300443,0.18268406,0.0677499,-0.16848776,-0.03477584
JDP2,0.075759895,-0.15888238,0.1636789,-0.24920613,-0.006024553,0.03905269,-0.14399183,-0.19399467,0.29096067,-0.035028666,0.007828072,-0.08473043,0.122882985
SOX18,0.07938559,-0.012555674,-0.059137285,0.042786397,-0.10382787,0.079930365,0.28184694,-0.22566916,0.12185284,0.058888987,0.22520669,-0.17335828,0.18758795
PCSK5,-0.0008480414,0.11019629,0.2171198,0.08843298,-0.013271376,0.014158218,-0.024143308,0.06296837,0.10714222,0.100607775,0.09478926,-0.02305489,-0.022048917
GM2A,0.07098477,-0.1807439,0.116674885,-0.040392395,0.034622114,-0.063985825,-0.07401939,-0.033421095,0.084077686,0.038366456,0.0034443152,0.04888091,-0.22121918
ZBTB16,-0.06898951,0.060154483,0.13483283,0.23335174,-0.11240723,-0.006818315,-0.0061839777,0.0025762892,-0.11869123,0.07863838,-0.100214995,-0.15815552,-0.20243698
DUSP2,0.14282864,-0.19278446,-0.007965039,-0.07846833,0.0011249577,0.0013149778,-0.10333228,-0.20781447,0.2034453,-0.20966978,-0.06701052,-0.105078444,0.14500676
ERRFI1,0.04682371,0.014131446,-0.048910156,0.07917388,0.039199203,0.010004477,-0.054763813,0.1270869,0.18102975,0.079350084,0.39993507,-0.09566247,-0.25557825
AOC2,-0.0823114,-0.1390094,0.2075592,0.107081085,-0.01189243,0.04521132,0.001661451,-0.024212109,-0.008565034,0.22025707,0.1292778,-0.08918395,0.072153755
MTSS1,0.050594546,-0.23632292,0.05498191,0.21312886,0.06405536,-0.01435753,0.16016091,0.010269423,0.09640169,0.06997776,-0.048288576,0.06260843,-0.018244708
ROR1,0.0216666,0.24574167,0.14199145,-0.11731953,0.043311078,-0.015507458,0.0062839286,-0.02668088,0.005599167,-0.028579732,-0.040310837,0.018285783,-0.047956713
PRPH,-0.0994022,-0.05675025,0.004575383,0.13749611,0.052248318,0.005861044,0.04343042,-0.08990987,-0.21547064,-0.112803884,0.120337136,-0.16166548,-0.008702436
ABCA3,0.18842953,-0.06305973,0.034507126,0.37401608,0.0049179513,-0.0074326913,-0.048593737,-0.07018613,-0.081821136,0.012452989,-0.017403249,0.20210996,0.15654358
UNC5B,-0.072621174,-0.2138491,0.22065501,0.019800082,0.067820586,-0.008259795,0.048113912,-0.058095887,-0.025449794,0.12642933,0.14781669,0.22129454,-0.004124338
TM4SF18,0.12573883,-0.060003586,0.061897907,-0.05010735,0.01695806,0.05180932,0.45160455,0.023224,0.14465964,0.011226392,0.00030728785,-0.0035457262,-0.04223754
EPAS1,0.14439315,-0.031319477,0.2788748,-0.023070332,-0.09213212,-0.00029138802,0.15908743,0.17329493,0.041002832,-0.037014946,0.033903886,0.034518197,0.097288735
PTPRG,0.09264946,0.10679501,0.20157659,0.13063593,0.08231969,0.28711298,0.19666797,0.031164432,0.1955773,-0.08546209,-0.03780021,0.19083281,-0.014156736
GPRASP2,-0.009587297,0.042735465,0.17093207,0.20409966,0.081211746,-0.042889033,-0.003531532,-0.038495462,-0.063044176,-0.029947214,-0.08243471,0.0073615354,-0.13676399
LRIG1,0.12713607,0.20233124,0.038348593,0.024057368,0.031666365,-0.016527029,-0.00424289,-0.019152032,0.11430725,-0.36873376,-0.009775573,0.020259382,0.20910086
COL1A1,-0.059562545,0.13876463,0.11632313,-0.17915782,-0.0095919715,-0.045152284,-0.024720112,-0.16152644,0.17022826,0.42931065,-0.023749463,0.16311328,0.062465604
CYGB,0.03855156,-0.15325816,0.1696702,-0.029509518,-0.025331702,0.008870456,0.082181096,-0.18230408,0.19919612,-0.017925223,0.052719608,-0.09258063,0.17068112
CLEC11A,-0.113130875,-0.15817377,0.09689837,-0.098179705,-0.0024034502,-0.0024776817,0.06553364,-0.16747123,-0.05263423,0.26538604,0.19964392,-0.07191525,-0.0165284
STEAP2,0.078074716,0.1529456,-0.015679434,0.056524638,0.11194907,-0.11588044,-0.005972533,0.027519198,0.058210474,0.0007400516,0.06016111,-0.032903988,-0.391579
HOXA11,0.0023816011,0.099544734,-0.08302314,-0.01839618,0.080417715,-0.005670703,-0.0017299152,-0.11350176,0.09101072,0.0009887724,-0.08185157,-0.029349359,0.058317017
PDE4B,0.221544,0.14833057,-0.010027425,0.00775873,0.0062397188,0.022635046,0.015528929,0.14664532,0.09907587,-0.046444193,0.11852404,-0.054352902,-0.044155173
CGNL1,0.032029778,0.18881132,0.17439035,0.0023207795,-0.0020695701,-0.02548149,0.11670244,-0.02807487,0.08443133,-0.13280885,0.026229588,0.23563899,0.07088528
TNN,-0.09718585,0.17764874,0.056403894,-0.15625136,0.009418005,0.01165508,-0.0036101658,-0.17201784,0.013306802,0.27843592,0.009616614,0.05999736,-0.087598465
DAAM2,-0.09273785,-0.025662808,0.20390527,-0.097461335,0.05189872,0.14924994,0.0685829,-0.050059244,-0.14677231,0.07280736,-0.0016331329,0.04457988,-0.003585453
PTAFR,0.30759823,-0.050281733,0.023575764,0.019889956,-0.014322453,0.086128555,-0.021986334,0.08558245,-0.12469338,-0.010151452,-0.021004567,-0.013846008,-0.12448846
BNIP3,-0.103272624,0.08008508,-0.056327987,0.07754779,0.031237135,0.044838436,-0.16896552,0.15933813,0.020597057,-0.0038162107,0.2904434,-0.08974603,-0.12137636
FSTL3,0.07598523,-0.0327182,-0.0181059,-0.10527676,-0.041376375,0.04085461,-0.1812691,-0.22743896,0.168221,-0.1052542,0.1961391,-0.109278254,0.30423662
CD72,0.26021016,0.018957168,-0.0871469,0.060140513,0.00023338353,-0.08772215,-0.01325005,-0.047319114,-0.12494632,0.109493755,-0.00065158936,0.01523729,-0.022588069
LEF1,-0.089138344,-0.049101993,0.18507738,-0.04604463,0.083422855,0.014312496,0.1148239,-0.13918564,-0.030019945,-0.01703831,0.022784775,0.13837421,0.014319354
PLAU,0.16524217,0.07826304,-0.07176095,-0.24922594,0.085961,-0.011519188,0.06791002,0.11717013,0.11495179,-0.095222905,0.34940058,0.07883794,-0.10103402
BCL11A,-0.03092619,0.06083664,-0.033625577,0.026084507,0.11013446,0.047482256,0.003895866,-0.26239806,-0.13369152,-0.15313794,-0.18163024,0.038597926,-0.20849109
SLC1A3,0.0230878,-0.10682405,0.073887095,-0.2697199,0.114566945,-0.024608912,0.006232965,-0.07364602,-0.15064804,-0.007300644,-0.11793947,-0.031172365,-0.26781473
FGFRL1,-0.045139052,0.23509516,0.0114441505,0.06589112,-0.021576678,-0.0016367753,-0.010056256,-0.24961746,-0.016677637,-0.039341882,0.024606312,-0.11137399,0.03466364
PTPRE,0.27220348,-0.11480875,0.05142263,-0.008757447,1.9655927e-05,-0.020242536,-0.018574493,-0.055171404,0.23283029,-0.056746557,0.012145811,0.13388793,-0.017317213
SETBP1,-0.075663865,0.04354076,0.36359194,-0.010479138,0.010348648,-0.0528482,-0.0007686077,0.068801485,-0.14728652,-0.10358818,-0.11488716,0.14447589,-0.020684563
COL5A1,-0.040740915,0.19475354,0.16428046,-0.24812864,-0.0011447935,0.05842222,-0.064252384,-0.108376674,0.13431191,0.26135775,0.017793091,0.19469284,0.075090826
SQLE,-0.08811559,-0.09402787,0.0022858342,0.03625946,0.13222861,0.0020401583,-0.017002715,0.09018931,-0.052300833,0.055742837,0.07911494,0.10345335,0.20764399
TBX3,-0.121095754,-0.023315674,0.22487453,-0.08562016,0.0011589304,-0.009752059,0.06705176,-0.15754351,-0.21677002,-0.12831043,0.1261653,-0.036861528,-0.12711088
CSPG4,-0.09823229,0.0055764387,0.22225039,-0.011108689,-0.006425924,-0.0060256785,-0.011893823,-0.01700031,0.04724978,0.16573995,0.2586052,0.21669483,0.12263145
MET,0.11055613,0.0026147612,0.09272689,0.04630087,0.083172396,0.35988894,-0.084758736,0.08051469,0.30040666,-0.28722006,-0.17671251,0.0007958096,0.11916608
IL10RA,0.30472204,-0.031684253,0.010828808,0.012254257,0.00048030118,-0.0634215,0.04187436,-0.028879127,-0.14989069,0.08519966,0.022841273,0.10179554,-0.07738073
ZNF521,0.0022275688,0.3170407,0.12219639,-0.03634405,0.039722,0.01301969,0.003514745,-0.09632072,-0.024887053,-0.08140397,-0.078930125,0.03237637,-0.016401714
PRDM8,-0.012658587,-0.06906847,0.2128449,-0.08593924,-0.0029581557,0.10940605,-0.048001975,-0.0028586935,-0.079035595,-0.24657656,0.07144969,0.100133985,-0.11244613
INSIG1,0.04063522,-0.16413403,0.09097032,-0.14436015,0.10305554,0.053719793,-0.17732194,-0.09508891,0.25738314,-0.07870579,0.025967523,-0.11188278,0.16304187
NAV3,-0.008214576,0.17966919,0.08243514,-0.12294545,0.20201743,-0.03478539,-0.0061315605,-0.011968381,0.04901499,0.09905599,-0.1329797,-0.13311888,-0.15769823
C5AR1,0.2795841,0.030553188,-0.07836279,-0.017618878,0.04735853,0.0043886104,0.00091177586,0.0664732,-0.18644248,0.06676455,0.21868168,-0.1128833,-0.24084961
FOSL1,0.0451657,0.081893384,-0.06692914,-0.2171649,0.079231694,-0.1327832,-0.069419675,0.2067094,0.020422755,-0.051760375,0.44534826,0.09234194,0.034664
PPFIA4,-0.07905009,0.07116778,0.14281268,0.15608427,-0.020904249,0.04228593,-0.101022795,-0.039298456,0.0004714898,-0.0797218,0.050915897,-0.27936518,0.08596693
GTSE1,-0.06698693,-0.04032843,-0.07339659,-0.025348745,0.36403415,-0.07183627,0.0014490118,0.0010940848,-0.05835361,-0.020493936,0.07590744,-0.066330455,0.07118046
SLC16A2,0.03290303,0.16012402,0.20635015,-0.016396238,0.011317161,-0.050340477,-0.0099581685,0.01468521,0.0138817085,-0.1319786,-0.021708274,-0.020032834,0.14044425
SAMSN1,0.30473566,0.0026538824,-0.033597402,0.006046815,0.02000576,0.10162384,-0.024457505,0.05961052,-0.2805147,0.06477685,0.060066182,-0.037592206,-0.047758996
RTN4RL1,-0.072000705,0.019442646,0.11461252,0.12450303,0.0006951327,-0.12520976,-0.03365789,-0.24753623,-0.1217263,-0.019091964,0.039033297,0.008328148,0.01745899
NR4A2,-0.0024437755,0.14875063,-0.008028549,0.17052746,0.009479329,0.25514457,0.004458692,0.05336756,0.07253677,-0.010287294,0.31184635,-0.015311462,0.16312216
PIK3CG,0.2530734,-0.15747023,0.09102979,-0.06954265,0.03190891,0.3399983,-0.036701813,-0.048207685,0.1863924,-0.059514817,-0.07402467,0.17139302,-0.001288806
CTHRC1,0.030255768,0.076025896,0.008960307,-0.030328207,0.008907204,0.20871313,-0.08423633,-0.041770153,0.21797653,0.17849731,0.13806301,0.17887829,-0.01877827
ST3GAL6,0.119610384,-0.18949075,0.057663463,0.12927596,0.0049764267,-0.017617755,0.07451334,-0.07858319,0.18942836,-0.10323133,-0.043973338,0.04126586,-0.2492845
HEY2,0.0027180496,-0.19468696,0.20945907,-0.052012112,-0.011875015,0.10410728,0.095267594,0.023795549,0.057653666,-0.008358521,0.0697116,-0.09231149,0.0059862984
PMP22,-0.0017546513,0.20763941,0.037572965,-0.104788,0.0038156474,-0.08937031,-0.0665894,-0.05029003,-0.0025314104,0.028744632,0.24297251,0.0953921,-0.057283886
PELI2,-0.021395866,-0.13161297,0.185739,0.09196905,0.07072477,-0.052253976,0.070283905,0.14536719,-0.06971131,-0.029062392,0.014431462,-0.091851644,-0.12297989
FBLN5,0.015369705,0.13731976,0.2560384,-0.11615026,-0.057603553,-0.006793807,0.016791746,-0.011058876,-0.050276704,-0.085013986,0.06393726,-0.07189197,0.029393803
TSPAN7,0.04121816,0.14780843,0.13281105,-0.03549846,-0.0065596434,-0.015646607,0.007154668,-0.09542725,-0.15954751,0.0048135146,-0.06699836,-0.18995826,-0.17535989
CILP2,-0.037654225,0.23990487,0.018364288,0.027892275,-0.021518918,-0.092906006,-0.0027800074,-0.3424576,-0.0223491,-0.011222258,0.06200674,0.1113467,0.017330188
SERPINB8,0.13090967,-0.17438844,0.05613269,-0.091136605,0.00040334155,-0.05366843,-0.14265174,-0.048198078,0.20521505,-0.082702,-0.0052894847,-0.20394036,0.041648418
CNTN1,-0.0076980973,0.08648939,0.047623005,-0.1478674,0.0921997,-0.0011314822,-0.09087855,-0.24356654,-0.031828962,-0.07724944,-0.030905776,-0.12177474,-0.24803154
PIM2,0.13337961,-0.053415027,0.02329594,0.1837667,0.06492637,-0.034099102,-0.00032898248,-0.006484983,-0.2493365,-0.23768497,0.010138966,0.031566635,0.15846239
EVI2A,0.21597308,0.0841548,-0.044343367,-0.04510163,-0.024838807,0.36950493,-0.12432025,0.065295376,0.13069357,0.1913209,0.04637717,0.030788772,-0.029356912
MFAP2,-0.064569674,0.09160107,0.091277786,-0.10430153,-0.0013898085,0.08809812,-0.07011987,-0.35600725,0.008785291,-0.12953904,0.09628641,0.04655024,0.03386933
IQGAP2,0.16750388,0.08253957,0.038316816,0.22391464,0.09407361,-0.08984655,0.007548419,0.06405737,-0.20472552,-0.16489138,-0.12807435,0.14142922,-0.26774836
UBE2T,-0.104758896,-0.10578223,-0.1411957,0.033269472,0.28797737,0.11043439,0.00343537,0.019037373,-0.06639572,-0.047680695,0.15537822,-0.14603566,0.1307877
ALOX5,0.20664434,-0.0090232855,0.07966378,-0.005599667,-0.10762737,-0.075483955,0.0031693974,0.057430923,-0.16830173,-0.010329097,0.027386442,0.044519637,-0.22819377
LSS,-0.07122106,0.028223269,0.046365175,-0.12210138,0.13176535,-0.023875458,-0.08888913,-0.04640452,-0.044042807,0.009318011,0.10887592,-0.0936848,0.27865452
IER5L,0.02677695,0.124508925,-0.07060706,-0.12782405,-0.028969154,0.0044746585,0.07729017,-0.17324583,-0.011448038,-0.07777255,0.29002807,-0.29133347,0.13312246
HRH1,0.024718545,0.1975723,0.0814513,-0.14662305,0.09710196,-0.049298014,0.1411467,-0.0904569,0.004762704,-0.040764287,0.013898396,0.06142941,-0.0118371025
BICD1,-0.0027239171,-0.09333303,0.2108263,0.1867394,0.07412267,0.004992334,-0.013446404,0.09024314,0.050735835,-0.11597922,0.007529565,0.025305497,-0.05586666
AMOT,-0.12776011,0.006208552,0.1729672,-0.031255007,0.17512366,0.0069367737,0.0011748497,-0.10611454,-0.074586414,0.10087344,-0.17081769,0.0020580408,-0.042238604
FLRT2,-0.073450744,0.17250784,0.10143525,-0.12222278,0.13133901,-0.025220549,0.004420876,-0.20617281,-0.014323039,0.008579773,-0.14624149,0.05662241,0.034605004
CNTN4,-0.011359786,-0.011091859,0.12374868,0.16306096,0.04395951,0.1333529,-0.01307443,-0.04569402,0.015187051,0.0100995,0.061943043,-0.109086394,-0.109774515
GZMB,0.22077785,-0.014331306,-0.09430195,0.07092571,0.006974402,-0.09068383,0.0012844137,-0.0014090192,-0.13811545,-0.065626085,0.033381507,-0.052508093,0.12487171
B2M,0.23716384,-0.06519666,-0.0041900636,0.0064015635,-0.0461256,0.28333533,-0.0020168447,0.08549321,-0.14373927,0.0522446,0.07106815,0.00725827,0.43092024
FJX1,-0.00037828577,-0.13058567,0.071286544,0.012312787,-0.0141985,-0.0041150115,0.12396258,-0.21278603,0.112926535,-0.08287803,0.12698099,0.20738053,0.025509028
PLEKHA4,0.029029693,0.08908847,0.079625525,0.035251968,-0.017348658,0.0022350682,-0.017704785,-0.15719697,-0.11969615,-0.057309702,0.18481214,-0.12474967,0.20921054
DNAJA4,-0.013370444,-0.06459982,0.07955946,0.22334352,0.084211856,-0.15005429,-0.08412321,-0.13511921,0.009056107,-0.041627113,0.2085666,-0.027838757,-0.06976053
EPDR1,0.04989811,-0.11736962,0.16929784,-0.1597435,-0.043234993,0.021010438,-0.11162566,0.00025745036,0.016879696,0.13720801,0.13162547,-0.07907415,-0.021846885
SOX7,0.119532324,0.005434416,0.11271453,0.031610034,-0.0006983238,-0.011486548,0.43680936,-0.104771756,0.1554728,0.04998986,-0.0054053864,-0.01566241,0.070252456
DUSP10,0.15150465,0.026550386,0.011043577,-0.11618963,0.04816294,-0.021220403,0.003556641,0.032901347,0.06349341,-0.198815,0.32922485,-0.011630365,-0.035879247
ENC1,0.026707297,0.047996882,0.04623511,0.17831448,0.1188172,0.05502493,0.13399146,-0.027612338,-0.058113135,0.05722378,-0.037142225,0.07753364,-0.18593138
STK32B,0.04344048,0.17439112,0.074771576,-0.0528149,-0.009197742,0.042087927,0.0060091754,-0.12279014,0.073928244,-0.005910951,-0.03590528,0.045435905,-0.12290591
GABRE,0.0002902582,0.13311069,0.019381195,0.06073603,0.0065753055,0.00012990748,0.09393533,-0.25365928,0.010440617,0.09453241,0.001481829,-0.097899586,-0.0419652
EPHA2,-0.08470807,-0.1266916,0.020926619,-0.0084704235,0.1360105,-0.010220685,0.011797481,-0.04785984,0.01578227,0.1543261,0.18620576,0.18946539,-0.010805369
ALDOC,-0.06142,0.035179704,-0.037944753,-0.052993454,0.0068087266,-0.026874019,-0.1474719,0.16417432,-0.10897893,0.042024508,0.13382645,0.046536725,-0.030209538
MAN1A1,0.1488492,0.27413628,-0.004619544,0.019430628,0.053106394,0.3683664,0.0016731856,0.03548749,0.05532521,-0.04093953,-0.06694327,0.0025024454,0.07086183
CENPF,-0.09920231,-0.02858217,0.017467247,0.009999472,0.37301248,-0.016150376,-0.0014089802,0.15132248,-0.017900733,-0.03671082,-0.037802804,0.046056136,0.13826078
JPH1,-0.040797517,0.16406952,0.084083706,0.30696717,0.015405115,-0.026968433,0.00073872524,-0.0029105383,0.003319576,-0.09443662,-0.045857027,-0.26042676,-0.0038184617
FRAS1,0.013014179,0.121609904,0.036824904,0.14431588,0.05346665,0.008820311,-0.014542022,-0.06523752,-0.050527573,-0.10682783,-0.0037088313,-0.01158689,-0.075296514
ITGA1,0.13983905,0.031229984,0.18358153,9.7591685e-05,-0.005521079,0.0126908785,0.20151328,0.21450531,0.089895345,-0.07767044,0.10388524,0.12065201,-0.06639979
AADAT,-0.082197465,-0.07931708,0.033953093,0.116440445,0.1021049,-0.006555165,0.0013351484,0.069314644,-0.012638555,0.04044795,0.034248408,-0.086340375,-0.089397416
GSC,-0.10455243,0.10179635,-0.038702186,-0.023607085,0.07554397,-0.019115912,0.009745779,-0.3051273,-0.0057824994,0.25957668,0.02586191,-0.12643062,-0.015794206
E2F7,-0.057711273,0.105192676,-0.015551997,-0.03326518,0.36718237,-0.09818791,-0.006404543,0.018008636,0.025132045,-0.0009910818,-0.0010863547,0.051832248,-0.066163786
HOXA13,-0.08363335,0.081457935,-0.00909377,0.017299557,0.13209511,0.02496329,-0.017002124,-0.10910685,-0.04434185,-0.11228112,-0.053484436,0.02876403,-0.014919563
ATP6V1A,0.13031901,-0.22293514,0.10462266,-0.09202458,0.10343946,0.11223969,-0.15754353,-0.10751917,0.34367794,-0.059889022,-0.0583097,-0.020026904,-0.018996704
EMCN,0.10550157,-0.02493322,0.050092418,0.00422362,-0.048437618,0.095615976,0.45713463,-0.026571637,0.11515906,-0.026153274,0.060292568,-0.08033323,0.009501395
STARD10,0.004832134,-0.15806134,0.06356812,-0.17018856,-0.009835451,-0.20505463,0.00031917036,-0.02183332,-0.14891985,-0.13854061,0.13911426,-0.25878638,-0.002739344
TNS1,0.075532064,0.2897289,0.128615,-0.022281555,0.003254049,-0.11020315,0.06878129,-0.008209508,0.0991864,-0.071937904,0.040795956,-0.057213966,-0.0281741
ALDH1A3,0.0007904897,0.0006463374,0.081575915,0.1491802,0.023268828,0.020075517,0.019044584,-0.19949444,-0.09673657,-0.03589274,-0.01783413,-0.06191975,0.026852423
ECHDC2,-0.0005508248,0.026344826,0.007139473,0.056250453,-0.0056311036,-0.10607125,-0.077831544,0.0014926258,0.062356718,0.09787785,-0.0028041834,-0.062506504,0.043549098
CSF1,0.18051258,-0.21153058,0.115754284,-0.17767023,-0.038606446,0.018390173,-0.08447221,-0.124182515,0.023423167,-0.020061176,0.095651045,-0.01595852,-0.00424405
FNDC4,-0.023399988,0.1364535,-0.00024258709,0.0741658,0.0062184255,0.031969305,-0.013347585,-0.2581168,0.021471465,0.06373564,0.041358583,0.06838453,-0.27596608
TOM1L1,-0.05483395,-0.10838649,0.059996523,0.11343489,0.08195868,-0.010833984,-0.038401194,-0.016468426,-0.03842161,-0.12547588,-0.017577723,-0.130811,0.034456737
TMEM45A,-0.075365506,0.18916748,0.06194646,-0.16983706,0.061116375,-0.062310338,-0.07217677,-0.03135192,0.049543206,0.17707193,0.16730388,-0.0042569377,-0.20175324
HCK,0.14405993,-0.22768912,-0.019577356,-0.16557999,0.058416285,-0.083307214,0.0072909743,-0.119153,-0.2020803,-0.048803907,0.20127906,0.11084847,-0.2038256
TIAM1,0.05770882,-0.0572222,0.12783666,-0.023218747,0.15196797,-0.13723314,-0.1077566,-0.23790754,0.23357601,-0.1521473,-0.17034473,-0.04915371,0.14470035
PGBD5,-0.035023484,0.035188172,0.03052378,0.34887344,0.04754057,-0.009720268,0.0022225128,-0.18576221,-0.1255765,-0.04489385,0.004536639,0.12628427,-0.041459043
NCF4,0.29218882,-0.159498,0.0028982218,-0.07570422,-0.005569493,0.07080258,-0.080894634,-0.14505218,-0.030940197,-0.0034966476,-0.089237005,-0.04092511,-0.009508894
FZD3,-0.05798332,0.041084163,0.012031234,0.19402914,0.13990453,-0.15404636,-0.042076174,-0.12297557,0.033991735,-0.093181424,0.019951014,0.050455168,-0.25397545
F11R,0.18009526,0.054799218,0.11144372,0.093157165,-0.012148408,0.3321639,0.2280961,-0.022357572,0.15348576,-0.006746388,0.031912487,0.067327976,-0.044935733
PLEK2,-0.019573798,-0.025216429,-0.05656726,0.043197148,0.12961967,-0.23461494,-0.0038914846,-0.13924174,-0.06303225,0.008372704,0.13624206,0.27559945,-0.17126596
PTGS2,-0.008233641,0.058508333,-0.05973504,0.0073857247,0.101723336,0.21467234,-0.06805412,-0.046654504,0.08285453,-0.026071072,0.45762482,0.0022744879,-0.13419412
PAG1,0.19989328,0.08961533,0.060450695,0.096244745,0.07207652,0.059941106,-0.014303369,-0.012509071,-0.09028175,-0.1051654,-0.07505036,0.2637219,-0.018194443
COL6A1,0.0011386402,0.18779606,0.14801188,-0.3641668,-0.05001967,-0.0018005645,0.015120947,-0.014509965,0.0077549494,-0.04590259,0.28963286,0.07251398,0.05383778
CA9,-0.050448015,0.24068892,-0.07862968,-0.04533388,0.054456998,0.02420167,-0.121291295,-0.014043616,-0.018715994,0.022927977,0.18821186,0.07423897,-0.054678094
PRDM1,0.23173733,-0.12878624,0.06071118,-0.040816482,0.018376272,0.34878415,-0.0031690677,-0.093795955,0.2286781,-0.124078065,-0.0025282349,0.26956248,-0.09158649
CBS,-0.107299544,-0.046942923,0.04071176,-0.01579191,0.15660344,0.012344132,0.0039158724,-0.16146143,-0.16342406,0.056503296,-0.0026218344,-0.053338367,0.028522374
RGS18,0.29358274,-0.00045259838,0.045644112,0.058727678,-0.039364487,0.005802257,0.0011617544,0.047015987,-0.14469582,0.1366121,-0.013853048,-0.09156668,-0.12189177
GALNT14,-0.054301728,-0.11884802,0.08851753,0.23220131,0.0065595107,0.2295507,0.0075762966,-0.069795534,0.007663975,0.018416394,-0.08576694,-0.039321717,0.0013693293
MCAM,0.04458407,0.010504747,-0.034591146,0.16456203,0.07752413,0.25097343,0.3817744,-0.018429035,0.23631126,0.13484202,0.10646128,-0.058094427,-0.019625232
VDR,0.025871666,-0.098614074,0.08623076,-0.017775489,0.12579769,-0.116487555,-0.00086917746,-0.22758442,0.0122280875,0.044463016,-0.045109395,0.06867588,0.036216453
SLAMF8,0.31267357,-0.012072145,0.0106086135,0.011568618,0.044683076,0.014521792,-0.06664871,0.04598135,-0.13392688,0.0030057046,-0.012880398,0.1623552,0.031780638
DHRS3,0.115404956,0.06618896,-0.04940631,0.22775716,-0.016753336,0.024114622,-0.04194145,-0.13415278,-0.01612096,0.021567991,-0.00972998,-0.22228406,0.010602644
ABLIM2,-0.029051265,-0.16790605,0.14573652,0.23121949,-0.02733675,-0.16076231,-0.015583619,-0.055558544,0.018219842,0.032968823,0.050293993,-0.13444594,-0.051247686
ARHGEF19,-0.10290591,0.07882793,0.16008765,-0.16248028,-0.12578915,-0.057490278,-0.08585996,-0.15698925,0.009517416,0.21056467,0.16323397,-0.1730443,0.058242362
ITGAL,0.3064974,-0.024081029,-0.01685366,0.11295631,0.03504617,0.018288504,-0.001750735,0.028102398,-0.17333342,0.005671504,-0.04725533,0.13595554,0.026697459
RECQL4,-0.07922989,-0.023150668,-0.17767058,0.008395543,0.22189854,-0.10026709,0.0068393666,-0.19792129,-0.0795631,0.05399435,0.16757463,-0.08390034,0.1954997
OLR1,0.19015388,-0.009131556,-0.012044789,-0.102102,0.056354955,0.002661044,0.020584349,0.11790905,-0.03010014,0.014485218,0.23739457,-0.036241695,-0.10305398
GHR,-0.037838466,0.040462535,0.30605412,0.016697865,-0.002778493,0.22357248,-0.00012907371,0.14039423,-0.05589941,0.085092925,-0.1167795,-0.17318252,-0.1529212
PPP1R3C,-0.04668935,0.0827596,0.07135103,0.19824357,0.020987859,-0.00041139577,0.010116638,-0.100568615,0.031567737,0.11891965,-0.0052064313,-0.27828413,-0.15709059
HTRA3,0.0045231595,-0.06106846,0.07212469,-0.26615456,0.06145071,0.006801865,0.002107788,-0.26603964,0.10534301,0.063005246,0.0475521,0.02450484,0.01813129
SCRN1,-0.01926338,-0.039297983,0.1328878,0.1147538,0.03997818,-0.1695873,0.001277602,0.040549096,-0.018025529,-0.070363045,-0.004745715,0.24125768,-0.16681613
CMKLR1,0.1994511,0.035626054,0.1155665,-0.027978603,-0.009560137,-0.031691514,0.019134365,-0.019010672,-0.040622387,-0.030049782,-0.030714737,0.16298139,0.13938963
COX4I2,0.0053936625,0.03342752,-0.020991268,0.0091912,-0.0019374533,-0.017812278,0.27532533,-0.24421804,0.07140914,0.017851826,0.15815292,-0.23396368,-0.09999019
LIPC,0.0050896476,-0.12847647,0.24148051,-0.10969823,-0.08833854,-0.18345936,0.0010018661,0.08335958,-0.0080946935,0.16174437,0.09375964,0.04779447,0.04693685
GNPTAB,0.15006398,-0.18869382,0.18291093,-0.051927246,0.070715554,-0.1413833,-0.16335467,-0.024601951,0.34501266,-0.058100082,-0.12025749,0.009924657,-0.026328212
ITGBL1,0.07769576,0.16912574,0.1891394,0.023505574,-0.10807876,0.29949018,-0.0755507,0.050940014,0.05870589,0.0873753,0.1151602,0.012919775,0.23745301
PTPRC,0.32187513,-0.08396956,0.023803841,0.035447564,0.03568331,0.024866056,-0.08179261,0.0006686361,-0.0060391147,0.017663945,-0.026619624,0.0680257,0.05835071
PLCL1,0.029055694,-0.0050528306,0.13379087,0.23550059,0.059003975,0.18837062,0.087920964,0.05308189,0.17138562,0.1340191,0.004180128,-0.040486004,-0.173403
BMP2,-0.06553271,-0.04049181,0.08056479,0.21010756,0.0002517716,-0.01207145,0.0051771807,-0.2082135,0.032461226,0.11087496,0.29472363,0.22297896,-0.08704028
DAPK2,-0.030178245,-0.26024708,0.1556963,0.03281131,0.026122572,0.004534591,0.06583112,-0.066486344,-0.112813435,0.117602386,-0.033782892,-0.09448422,0.02016212
ABCC4,0.054020427,0.13065834,0.16064616,0.14435554,0.04373551,-0.028368356,-0.09243951,0.112401664,0.139057,-0.046974923,-0.02073279,0.11272257,0.055736326
MAOB,-0.005452527,-0.062081445,0.14294551,0.20328599,-0.033729825,0.24898204,0.0029657395,-0.012916829,-0.008075677,-0.0017636925,0.026845466,-0.2168329,0.17263006
CD83,0.05006496,-0.11395617,0.09611673,-0.06849285,0.0617946,0.004419273,0.008833521,0.049805954,-0.22630693,0.00697213,0.01936232,-0.21925831,0.20028187
INPP4B,0.12284663,0.15832683,0.068862915,0.092145726,0.025469463,-0.009172724,0.016868228,0.09069508,0.11795438,-0.15013131,-0.053765785,-0.07563044,0.14259677
COBLL1,0.0008605991,0.11385774,0.114031084,0.170934,0.0054637743,-0.0766043,0.14365354,0.25139278,0.031118115,-0.01587233,0.18632032,0.07538556,0.050609447
ECT2,-0.060256448,0.0052130558,-0.053031843,-0.020075768,0.38447425,-0.21560761,-0.0045748046,0.16064496,0.05178755,0.026585944,0.02960295,0.05256511,0.034129288
TSPAN5,0.063856296,0.114375465,0.014578067,0.064780995,0.10109739,-0.0029250009,-0.0065769698,-0.13457386,0.03739789,-0.30266562,-0.19098304,0.12149419,0.11053814
FABP5,0.11655897,0.079322785,-0.16823886,0.011599432,0.09813002,0.40041205,-0.03377551,-0.08233349,0.016110795,0.00518417,0.0108507695,-0.14625385,-0.12466369
MXRA8,-0.09458311,-0.087447,0.1361355,-0.1624524,-0.018462539,0.058271192,-0.013067925,-0.16397458,-0.08578997,0.21089366,0.095533945,0.057524804,0.012467238
PAQR8,0.021943303,-0.09026143,0.15507804,0.068034366,0.060991623,0.039051272,-0.07065679,-0.0710166,-0.071015544,-0.20505181,-0.077115476,0.061459005,-0.029406128
PDE7B,0.05465261,0.08597919,0.24682714,-0.110096894,-0.030036656,-0.073829606,0.06143033,-0.016594572,-0.0040394543,-0.20921089,-0.11434533,-0.26849818,0.0065060174
PFKFB3,0.08674621,0.018559074,0.036102973,0.0008453747,0.07519246,0.0201254,-0.1083982,0.19792292,0.04364975,-0.05409263,0.33902454,0.0027292373,0.009719166
MRC2,-0.067457125,-0.18933961,0.18412234,-0.10686033,0.02070838,-0.0074410704,-0.028696679,-0.1367508,0.010858946,0.23074764,-0.022957819,0.10592692,-0.03649827
KNTC1,-0.04583662,-0.056309164,0.018739615,0.024945928,0.31929785,-0.08559496,-0.007167334,0.06360965,-0.031630553,-0.012329983,-0.018784083,0.021696467,0.1330749
MYCT1,0.16004023,0.019234609,0.052253325,0.012556993,-0.0030592459,-0.15536648,0.36799777,0.029641176,0.23135039,0.08707534,0.0015317315,-0.16113046,-0.011321988
BTK,0.3080156,-0.09596655,-0.011096701,-0.057237577,0.018094296,0.072860405,-0.1249731,-0.05233429,0.113323964,0.028037332,0.0062398636,0.06809411,-0.088371105
SYT12,0.0031991177,-0.097429805,0.06766601,0.19716516,-0.004120012,-0.02534601,-0.0034479562,-0.20078054,0.15424034,0.25539565,0.009742533,0.051703945,-0.054759216
ACOT7,-0.0038764805,-0.032344073,-0.18766773,0.038754307,0.20366073,0.054578327,-0.07745249,-0.0952006,-0.007936694,-0.0072662933,0.20259708,0.021042146,0.19938897
GALNT6,0.15037185,-0.18333401,-0.006546332,0.08624216,0.013769654,0.032533962,-0.13803193,-0.10933589,0.30540472,-0.09588826,0.0077641546,0.21034461,0.11233995
SLIT3,-0.058020364,-0.0022889073,0.21637999,-0.0036066289,0.01309527,-0.07145183,0.01451785,-0.1932572,0.018885959,0.043648254,-0.011389248,0.1217863,-0.05439595
CDA,0.23482545,-0.0748773,-0.07066643,-0.08128602,0.0029638566,-0.042432275,-0.07462769,0.017914262,0.06251114,-0.05729463,0.058787003,-0.15668944,-0.028714156
ADCY7,0.21833724,0.20477328,0.09658356,-0.020649973,0.0049896357,0.10542341,-0.08271372,0.055954523,-1.9517749e-05,-0.041292515,-0.034330513,0.07741224,0.13896702
TPM2,0.056207355,0.045229502,-0.037174687,-0.12088383,0.029069835,0.06706083,-0.025259268,0.12935269,0.054619703,0.023318904,0.06192549,-0.44487056,-0.10909139
RND1,0.069212854,-0.17116235,0.021320775,0.08703608,-0.025270563,-0.022540983,-0.03779321,-0.1973536,0.23917852,-0.07813231,0.17603093,-0.076168716,0.00031185764
PTGFRN,-0.06687731,0.045568436,0.29159442,-0.24372466,0.118926115,-0.1644498,0.006906414,0.11851027,-0.1488592,-0.040051997,-0.15079737,-0.023703499,-0.038785692
TNFRSF11A,0.14996687,-0.22695646,0.11300278,-0.12155089,0.011308123,0.005230345,-0.14954837,-0.18165903,0.30242178,-0.009424856,-0.12642418,-0.0010124895,-0.085277684
HYOU1,-0.013149978,-0.077046536,0.033809565,0.090817444,0.22184666,0.07861092,0.0024922227,0.13564104,0.0092585785,0.0868352,0.17642619,0.27398342,-0.008348366
DLX5,-0.12718049,-0.16702473,0.14604315,-0.01868896,0.030579925,0.018171921,-0.00059657125,-0.064119145,-0.15656291,0.08456594,0.082213216,-0.20429151,-0.026085805
HOXB8,-0.07122364,-0.06335935,0.05974931,0.1116831,-0.0034304028,0.07417854,0.06490164,-0.08255658,-0.10236446,-0.057510626,0.10558349,0.19562827,-0.17822824
HOXA5,-0.08275921,-0.08393141,0.13923495,0.053308036,0.08247689,-0.030961186,-0.008546214,-0.043551497,-0.027588679,-0.08592004,-0.1087837,-0.13399762,0.0012053787
HSPA4L,-0.041860763,-0.04851311,0.042082764,0.33806592,0.16684951,-0.006906028,-0.009462797,0.102545485,0.0021612223,-0.10131688,0.17110816,0.06371556,0.0059144087
FGL1,0.052897327,0.003913928,0.13732825,0.14101636,-0.009254876,0.059318297,0.08672978,0.007354184,0.0805419,0.20093216,0.014131765,-0.32698375,-0.06655216
MTAP,0.05646189,-0.0067288983,0.13424358,-0.03339848,0.10350041,0.07293879,-0.005658971,0.25845551,0.011922482,-0.022317145,-0.11178263,-0.22253399,0.059894584
DLX4,-0.12557796,-0.21777011,0.14593218,0.1787383,0.028941773,0.10563043,-0.0049718176,-0.021074835,-0.12863946,-0.02784013,0.11373621,0.045090597,0.026245937
SLC16A9,0.07547692,0.19588757,0.07308789,0.115614854,0.002368167,0.16010049,-0.00017976113,-0.044372164,0.049145702,-0.07328866,-0.10535782,-0.1964799,0.05048603
DOCK5,0.10467637,-0.1642756,0.12084413,0.02582612,0.05252553,-0.008363765,-0.17053185,-0.1540944,0.3392241,-0.16670229,-0.08261283,0.060124535,0.08694254
TNFSF11,0.020959621,-0.18851852,0.042593613,-0.052917134,0.0006415781,0.18878882,-0.031305697,-0.19482313,0.24701643,-0.08278908,0.2318776,0.20826134,0.0048778537
MAN1C1,0.044758383,0.10806012,0.07588605,0.13639626,-0.0014116848,-0.050970793,0.13170774,-0.05628401,0.037622027,0.032932136,-0.011967387,-0.08061246,-0.01776428
ARHGEF5,0.017206347,0.14853933,0.12102752,0.06982295,0.007454194,-0.105223395,-0.08424751,-0.008574927,0.020377541,-0.1060414,0.08636812,0.058772918,0.056336768
SORL1,0.26452222,0.08298937,0.005737126,0.14246799,0.05106452,0.023460781,0.00070987537,0.009291133,-0.17003542,-0.12073605,0.009112844,0.010844375,-0.2199942
DSP,-0.0822769,-0.08118474,0.16634242,-0.02328961,0.022005731,0.03403313,-0.057872847,-0.0017386226,-0.13125539,-0.110941574,0.17543831,0.08572753,-0.02373297
ZNF662,0.0029893992,0.17977794,0.14002466,0.18867949,-0.06753484,-0.037202984,-0.006596343,-0.13147846,0.08280811,0.033663735,-0.05270175,0.003964847,-0.005259211
SLC44A3,-0.046791952,-0.17801666,0.185261,-0.05981448,0.0403257,-0.084416114,-0.0065799146,0.029797325,-0.09377133,0.01228129,0.102159016,-0.035487782,-0.1512912
NCALD,0.002318031,-0.051699962,0.15384349,0.031033408,-0.022199875,-0.03187972,0.08402126,0.079489894,-0.07756358,-0.086083926,0.063737355,-0.016791435,-0.16194539
NCF2,0.30555898,0.035999473,-0.0747162,0.002082567,0.05258582,0.3169979,-0.028435457,0.03560714,-0.14738917,0.123151295,0.07796231,-0.00086391385,-0.21894719
PFKM,-0.034846723,0.03821507,0.046241198,0.2301733,0.08219638,-0.15017354,-0.047425646,-0.2015326,0.05154989,-0.036047745,0.045977604,-0.017776884,0.064296305
CD200,0.013204771,-0.238009,0.26271108,-0.037318118,-0.07365101,0.045478705,0.05125923,-0.03042901,0.043125812,0.010812406,0.10323649,-0.014917294,-0.08799834
BUB1,-0.05680282,-0.06977032,-0.09892224,0.04243795,0.36726016,0.2010157,-0.0043636966,0.06808522,0.005512169,0.03365882,0.027347926,0.00655104,0.14181075
MLLT3,0.005325395,-0.019256856,0.14443329,0.086015955,0.08613231,-0.2848906,-0.10421709,-0.007460464,-0.037814796,-0.036208972,-0.050831966,-0.110529326,0.023385394
VEGFC,0.13015696,0.05364509,-0.060134538,-0.09332397,0.02879681,0.005704495,0.19821477,0.009112846,0.20169804,-0.017831963,0.17768726,-0.008041817,-0.118376166
FGR,0.29386735,0.010327275,7.235812e-05,0.12051526,-0.0110011315,0.01190604,0.004604289,0.033539195,-0.13994366,0.04141201,0.040785484,-0.021601722,0.018480472
ARL9,-0.07091674,-0.05403296,0.06526572,-0.006368061,0.10073475,0.012615433,-0.004898131,-0.0074038743,-0.1027829,-0.08936859,0.0605933,-0.08683032,0.03909948
ETV4,0.018677598,-0.1019822,0.00073273666,-0.11585499,0.10612248,-0.10760156,0.0935021,0.037949104,0.027293922,-0.24569952,0.38162377,0.06955181,-0.056723174
TMEM88,0.06660257,-0.035054665,-0.012956207,0.13161364,-0.044854693,0.17773207,0.084455155,-0.048862495,-0.032911453,-0.030031368,0.059228636,-0.18898463,0.040817507
CYP51A1,-0.086543724,-0.053043865,0.028926145,-0.1486462,0.2028083,0.30942684,-0.016811186,0.10455617,-0.10062012,-0.026931603,0.09845915,0.07051597,0.044213694
ABLIM3,0.13926639,0.12154832,0.08831688,-0.020152215,-0.002089557,-0.0978149,0.32875472,0.010439457,0.13342081,-0.018649342,0.009099721,-0.20917778,-0.024842061
IRX5,-0.10824054,-0.16030888,0.1673779,0.10799482,-0.022586955,0.013482999,-0.10032612,-0.055117194,-0.057552308,0.11885512,0.16934018,-0.010516029,0.052900672
RAB6B,-0.11073738,-0.06681165,0.20261584,0.10004161,0.07435871,-0.013626264,-0.0005924607,-0.016174028,-0.17261961,-0.16689529,-0.003790129,-0.015724374,-0.13630494
CYP27B1,0.008807506,0.15760684,-0.033327196,0.15881741,0.005964284,-0.008303423,-0.008542772,-0.13286456,0.096576035,0.10539007,0.120335326,0.15261874,-0.043966506
TWIST2,0.02110044,0.24361633,-0.011279453,0.11045789,0.0014581563,-0.05089684,-0.00084832497,-0.27226844,-0.015474312,-0.02473371,0.10032485,-0.009431736,0.13719472
CARD11,0.2580364,-0.059000876,0.09990453,0.0036777696,-0.037892,0.0023737892,0.023606896,-0.026658118,-0.23579335,-0.08983063,-0.0061414563,0.04017754,0.067961365
ATOH8,-0.1384066,-0.081994,0.08292236,-0.008405396,0.045714438,-0.00812738,0.112255745,-0.124244615,-0.19678092,0.06877986,-0.05411213,-0.20037447,-0.03520885
S100P,0.1842235,0.12021532,-0.13669726,0.022257412,0.0713594,0.15224922,-0.049289558,6.155727e-05,-0.19397758,0.06542258,0.11824771,-0.2404155,-0.014218641
SLAMF9,0.16872366,0.017383263,-0.062148903,-0.09924781,0.03113854,0.09595503,0.043228276,0.026399681,-0.13902548,0.06427988,0.112773634,-0.2070876,0.34458685
FHOD3,-0.06182303,-0.09485838,0.2022876,0.027782802,0.12918466,-0.021547616,-0.014307853,0.07469812,-0.045427937,0.030610586,-0.006572327,-0.029857792,-0.19531181
DOCK2,0.3293657,-0.010954873,0.05196416,0.039376847,0.04292882,-0.08891547,-0.042005185,0.070958756,-0.16464233,0.08096907,-0.039513633,0.09570213,-0.011022439
KCNMA1,-0.054922957,0.10337388,0.14399712,0.24130817,0.009187774,-0.19359675,-0.0063656354,0.054635532,0.07014517,0.2947322,0.04129781,0.12350563,0.09986594
SOCS3,0.15302101,0.037723128,-0.042035427,-0.03798624,-0.00194377,0.0021021692,0.007499885,-0.016256597,0.16138647,-0.06780053,0.3744497,-0.21110122,-0.0610575
MCM5,-0.06406224,-0.07745611,-0.05295748,-0.036690116,0.31503686,-0.08996975,0.009859956,-0.039936975,-0.095514275,-0.054066118,0.00023233151,-0.046706133,0.13662085
CX3CL1,0.07612069,-0.047917534,0.115383066,0.028278705,-0.0023409855,-0.0069667115,0.13630444,-0.22138421,-0.17281765,-0.091152936,0.024799425,0.23959349,0.15746395
GPC6,0.049804028,0.15672322,0.020581432,0.20092417,0.041282684,-0.003408369,-0.09715186,0.035863172,0.16544178,-0.055852607,0.02760376,0.15032218,-0.055301864
PCDH17,0.0956768,-0.01902854,0.10140853,0.053349316,0.021063188,0.27354267,0.32398158,-0.066343136,0.17119643,-0.03992748,-0.06887031,0.025549807,0.021264758
ARSJ,0.049186833,0.17386787,0.082732014,-0.2143739,0.02280203,0.07697581,-0.11884685,0.07332481,-0.0026895818,-0.086142406,0.16808476,0.053895246,0.021872744
MCOLN3,0.06157674,-0.10433145,0.061008636,0.014496873,0.037622873,0.024596823,-0.22309518,-0.10418072,0.19399059,-0.20670956,0.102084294,0.055373233,0.0058917673
SCARA3,-0.027381018,0.017954553,0.064173296,0.053988893,0.078979366,-0.06920051,0.0035638988,-0.091218784,0.08989146,0.14129275,0.08436138,0.10811749,0.048989356
GPR65,0.2950856,0.017979702,-0.0008779388,-0.001873601,-0.005830946,0.41078806,-0.022055188,0.042978123,-0.19241378,0.07069903,-0.05259684,0.041333728,-0.050445408
PPFIBP2,-0.08502314,-0.22094621,0.19445476,0.10162094,0.05019219,0.050475318,0.005633211,-0.0592157,-0.11636182,0.18067639,-0.12272097,-0.095707774,-0.014706779
RRAD,0.0014747438,0.08078333,-0.06325488,0.17017053,-0.005475822,-0.20688024,-0.0006209622,-0.21063067,0.01251835,-0.022128275,0.17831747,-0.15985005,-0.21187991
CILP,0.04738052,0.1087619,0.15529217,-0.02479635,0.0012421273,0.001975709,0.0139586935,0.09260586,-0.0543883,-0.17310825,0.02935222,-0.28473505,0.029222878
MFGE8,-0.017294126,0.010560939,0.15466739,-0.25595936,-0.032887712,-0.027774949,0.0027273318,0.072288826,-0.059260033,-0.004377595,0.28760746,0.0341905,0.06071328
SEMA6B,0.051503863,-0.17816338,0.12742436,-0.14882074,-0.039383333,0.16023472,0.11819284,-0.066202454,0.094241135,-0.15173545,0.21215747,0.036371026,0.0746644
ATF3,0.026033117,0.10139092,-0.1441138,0.13042916,0.10910854,-0.07386058,0.0065873074,0.11418078,-0.027496463,-0.10732103,0.43118876,-0.045313403,-0.062977575
KCNH3,-0.13151337,-0.012319874,0.0138599,0.22540934,0.10219226,0.09556443,-0.020610036,-0.2236049,-0.11590023,-0.02493187,0.13343124,0.07581293,0.21394177
CES2,-0.04839337,-0.022810325,0.17477687,0.06320268,-0.054854628,-0.20578383,-0.007941071,-0.02437885,-0.14243223,-0.19373663,0.014876051,0.020452028,-0.092020944
JAKMIP2,-0.021212444,-0.15449987,0.089929946,0.20458643,0.0014533737,0.12780096,-0.04319795,0.017393058,-0.024200281,0.10870503,0.11216048,0.059412166,-0.07390125
BOC,-0.10962991,0.054948796,0.23211326,0.03475447,0.0058532697,-0.079262674,0.0035115227,-0.013728032,-0.13162875,0.14379004,0.0037091798,0.021372734,-0.085777484
LTBP3,-0.02151712,-0.08635203,0.27763745,0.024461487,-0.11912463,-0.0006689765,-0.0010529528,-0.06468311,-0.00605599,-0.060262106,0.12401133,0.012038854,0.2435531
BIN2,0.32803681,-0.08157744,-0.045522794,0.0050239274,0.038065284,-0.0146557195,-0.07135632,-0.03127017,-0.044721294,0.01333583,-0.018067759,0.0066023176,0.029348332
FAM89A,-0.029591901,-0.021300595,0.106512636,0.06211629,-0.047108684,0.28455916,0.047087062,-0.16538669,0.07847317,-0.048277553,0.0059415395,0.20432597,-0.0067375866
RAPGEF4,0.012344375,-0.16538964,0.21438974,0.12139993,-0.0014587999,0.016309319,0.14101675,0.14497572,0.07161742,0.06881038,0.026484288,-0.0377244,0.15369555
ASPM,-0.08707589,-0.012999489,0.017228952,0.0006207441,0.38167387,0.15798607,-0.0020071436,0.17996264,0.0030130716,0.023391657,-0.07261573,0.022065043,0.12868972
PLSCR1,0.16659452,-0.09183765,0.010551623,-0.0044632414,0.07665775,0.4320356,-0.053861555,0.115751594,-0.090755224,-0.08628276,-0.012043384,-0.061661627,0.26768225
CLMN,-0.051697623,-0.09322387,0.18541284,0.057620846,0.07941672,-0.057834264,0.008587349,-0.04817721,-0.098389074,-0.03779948,-0.037698805,-0.015995631,0.009548802
LOXL4,-0.09165081,-0.07118462,0.08614177,0.14117655,0.00030904732,0.24744977,-0.049330592,-0.10466623,0.055723127,0.23668428,0.043008942,0.20478214,0.006328406
CDON,-0.003892986,0.118101306,0.26748416,0.09497569,0.03534158,0.0015600458,-0.013825589,0.18469626,-0.013488186,0.010768498,0.054172523,-0.08818892,0.20942718
LAMA3,0.037018716,0.004904706,0.28958905,0.08328754,-0.01815122,-0.022779733,-0.090390176,0.1559849,-0.050744697,-0.084222555,0.023935046,-0.0073778937,0.072092935
NTRK2,0.009161168,0.19932607,0.12292275,0.15195027,-0.00010635558,-0.11308997,-0.0074313283,-0.12520812,0.02770636,0.0063349158,0.051295206,0.033016916,0.097020045
PANX2,-0.07342252,-0.049388364,0.025079634,-0.03209777,0.09688803,0.03291805,-0.0024676297,-0.055912547,-0.13424489,-0.097581945,0.19965826,-0.017720232,-0.00768195
CPT1C,0.045924697,0.05632592,0.01074996,0.035905626,0.0326898,-0.07299369,0.25969654,-0.094235614,0.1986802,-0.05157141,0.11872858,0.09094814,0.04323715
MEPE,0.011677886,-0.102250494,0.07217124,0.15236937,-0.0100031365,-0.0038296175,-0.008822118,-0.24159177,0.15193978,0.17833517,0.013487013,-0.16815604,-0.1804043
ADAMTS5,0.03782568,0.07265054,0.19356976,-0.023237962,-0.0037005045,0.34331566,0.065386444,0.15008768,0.09336626,0.039599895,0.1618337,-0.08204913,0.01962226
LRFN4,-0.0613258,0.107105695,-0.055316776,-0.009187658,0.09823769,0.015410535,-0.00072408066,-0.15877816,-0.0512785,0.10718878,0.062196746,-0.07248448,0.13633306
ALDH1L2,-0.027579032,0.1780138,-0.0009890526,-0.085288465,0.09728705,0.14138226,0.00021639372,0.022527294,0.1530935,0.40769643,-0.0038543493,-0.018381992,-0.06836888
SH3D19,0.009454921,0.15622753,0.23490964,-0.004411006,-0.04788631,0.22374913,-0.013950487,0.22729684,0.1456322,0.00823195,-0.0058673453,0.026729455,0.016390415
ZFHX4,-0.088569865,-0.004133644,0.27506915,0.034054037,0.10277185,0.026491206,-0.03415046,-0.017299382,-0.06650221,-0.00064024614,-0.27425733,-0.09022597,-0.040784333
MYO6,-0.036350965,-0.23210163,0.19261216,0.17373861,0.018651927,-0.12816548,-0.0062161437,0.19584073,0.018140499,0.078938454,0.11543193,0.10386755,-0.16605943
HK3,0.2586978,-0.0335183,-0.110486925,0.00089696946,0.04140229,-0.027640989,-0.07388171,-0.11780108,-0.07541212,0.012741836,0.1723182,0.05221327,-0.20398328
DEPDC1,-0.09791171,-0.005261311,-0.06172199,-0.0024370158,0.36268836,0.16676782,-0.005347184,0.09393698,-0.0009685208,0.018248906,0.0031543574,-0.003165221,0.021178229
IRF1,0.21678968,-0.10808264,0.017239435,-0.01843794,0.0076924223,-0.081838705,0.013101987,0.13553388,-0.21839494,-0.061466422,0.10151971,0.0031100998,0.35862482
OLFML2B,0.059793547,-0.008773073,0.18970548,-0.35396287,0.0014483851,-0.079794586,0.007053529,-0.015344875,0.07565444,0.106840014,0.002383315,-0.12821652,8.737405e-05
STON1,-0.0046165828,-0.005679824,0.273537,0.12533897,0.001712173,0.10615145,-0.05146323,0.18094683,0.020720242,0.10318439,-0.2167709,0.00679841,-0.049256805
FAM81A,-0.068877205,-0.013243037,0.049153924,0.08506485,0.17960209,0.05313174,0.003689291,0.10526679,0.015888875,0.022475274,0.064929426,0.13480216,-0.010192893
AKAP6,0.11002137,-0.18683414,0.13982283,-0.055166703,0.05108955,-0.082600765,-0.1464161,-0.096736334,0.3635101,-0.10972529,-0.09540975,-0.21964966,-0.056229565
BMP3,-0.035009623,-0.15400365,0.20583358,0.06709162,-0.026180247,-0.0035179239,-0.03625177,-0.11729896,-0.06865845,0.12804851,0.04491927,-0.0128338,-0.005554295
LIMS2,0.124236144,0.17207189,0.09565158,0.117078945,-0.11159722,-0.11528175,0.09319903,-0.03076471,-0.010852423,0.046369165,0.003554945,-0.22143777,0.26559767
SLC2A6,0.03802967,-0.08243123,-0.04417106,0.0028442051,0.020890512,-0.07936035,-0.00201119,0.020309389,-0.13961226,0.034680888,0.24107954,0.26370546,0.21063183
TOX,0.049920745,0.17696978,0.058394108,0.13820633,0.011867681,0.03425945,0.0009898257,-0.14999223,-0.12750876,-0.17367725,-0.22786562,0.024304286,0.15512143
GCA,0.13454933,-0.22019821,0.0740066,-0.023373332,0.006935016,0.01137084,-0.00041995826,0.0023263255,-0.1518665,-0.17578082,-0.07292186,-0.10017091,-0.10246709
C1QTNF6,-0.03498104,-0.046453096,0.123008154,-0.35320234,0.0124040665,0.0055504073,0.07462444,-0.30578345,0.0025129924,0.2393889,0.014630882,-0.015619698,0.006814553
CYP39A1,-0.04320307,-0.19773926,0.13888371,-0.030489972,0.048695248,-0.021353643,0.051028404,-0.10100449,-0.09561033,-0.03546127,0.009833737,-0.021787575,-0.10961739
TNS3,0.14120999,-0.13080963,0.20636252,-0.014020839,-0.0103848595,0.013894282,-0.06683387,-0.105835736,0.039747212,-0.034072164,-0.017895238,0.029602295,0.1993494
PAPLN,0.06470733,0.14840795,0.1650417,0.06122402,-0.009580365,0.21292134,0.08269045,0.063059226,0.06445411,-0.05623751,-0.102437,-0.13587421,-0.010806393
FHL2,0.06231097,0.12868866,-0.028588753,-0.12695655,0.062884316,-0.0103289075,-0.16005662,0.007858295,0.09151659,-0.12481365,0.10871562,0.13048369,-0.11389225
OLFML3,-0.04736595,-0.085344076,0.1253222,-0.304065,0.16380098,-0.0017341881,0.037874106,-0.15491843,-0.0291306,0.10039074,0.009232096,-0.007996521,0.013793047
KLF4,-0.074494,0.024259238,0.14756691,0.14975789,-0.0035269496,0.1631756,-0.05805561,0.14133033,-0.02349383,0.22362831,0.28233853,-0.106798805,0.16467214
SEMA3G,0.11817699,0.115816735,0.13200776,0.16276613,-0.0065299077,-0.029637944,0.21587606,-0.08335476,0.12083167,0.06028573,-0.12639193,-0.3147833,0.09920555
LAMB2,-0.04339009,-0.060761813,0.25761744,0.049493134,-0.07517887,0.040748548,0.005138499,0.09403387,-0.009340479,0.009654781,0.15369087,0.08498353,0.16429478
ARMCX4,-0.033284865,0.17075327,0.16621518,0.03805447,0.089324035,-0.014364818,-0.023463132,-0.0042751133,0.026326539,0.07196947,0.015795857,-0.012982925,-0.008747417
VAV1,0.3366461,-0.043960433,-0.009517265,-0.04389253,0.010367023,0.0028390712,-0.0569179,-0.054791644,-0.0896709,0.03775169,-0.060847986,-0.011020659,-0.0036572677
FBXO32,0.0023570205,-0.047917034,0.16536607,0.12509279,-0.015136465,-0.12897484,0.01734897,0.05281471,0.013557508,-0.19906478,0.05073706,-0.22213005,-0.1756471
HNMT,0.20530644,-0.027957825,0.08819269,-0.10847136,-0.0139170615,0.026837403,0.0020196082,0.08725942,-0.01498134,0.016353609,0.008590661,-0.036031004,-0.011857307
NKD1,-0.09706374,0.09372775,0.06822034,0.10997471,0.05728517,0.031506747,-0.0012954108,-0.2196395,-0.14686923,0.010837756,0.16936603,0.038962353,0.036360543
PLXNA3,-0.087485835,-0.04391908,0.1396214,0.1623025,0.015071182,0.060968425,-0.0063456483,-0.21582067,-0.09515036,0.09009379,0.07604304,0.1502495,0.017329669
CHMP4C,-0.039459474,-0.22960961,0.1296717,0.20050375,-0.02773738,0.17733444,-0.015134528,0.1677898,-0.0053005726,0.030697228,0.14772624,-0.15479395,-0.1301046
TLR1,0.2877086,0.024023285,0.027107084,0.012856824,0.038252663,0.3923306,-0.0048649395,0.058126424,-0.15141918,0.12131946,-0.060841527,0.035961974,-0.04656997
PAWR,0.004425479,0.11046025,0.103321746,-0.10450474,0.016352704,0.024072917,-0.018429581,0.07394259,-0.08436528,-0.23461232,0.044999573,-0.0025960647,-0.014216326
ADAM8,0.21930632,-0.06738132,-0.07338974,-0.08763621,0.009785673,0.01063177,-0.16324984,-0.08950432,0.063147634,-0.03794542,0.2670077,-0.0079217125,-0.02741979
SEMA6D,-0.007776604,-0.13553758,0.15723856,0.0064589027,0.11591561,0.0030017353,0.07690387,-0.09816003,0.029691285,0.03858468,-0.12765406,-0.07143175,-0.13687699
RGS10,0.16800372,-0.20808193,-0.0058219866,-0.035603475,-0.05981127,-0.117764354,-0.15282615,-0.30831134,0.20545821,0.069015406,-0.025517397,-0.041190945,-0.04239597
PPFIA3,-0.019715624,-0.09755818,0.073021166,-0.018811725,-0.007988117,0.02635992,-0.08740045,-0.1751564,-0.0016019517,-0.16249627,0.25558063,0.029007696,0.10084117
ARHGAP15,0.25154823,0.0048730937,-0.036761466,0.06336075,-0.0031631694,0.073392965,0.02931555,-0.053087838,-0.18064505,0.06903272,-0.021335486,-0.046676483,-0.038511947
ENPP6,-0.042021878,-0.035674427,0.21473236,0.043764167,-0.07881452,0.029336458,-0.0068614623,-0.12483343,-0.03528007,0.14396128,-0.011302711,-0.10715113,0.057260107
CCR7,0.2553408,-0.0072892387,-0.04385988,0.075934015,0.03898311,-0.015691703,0.017811371,0.0048027537,-0.12003931,-0.057441164,0.06199748,-0.0014210602,0.2540141
EGLN3,-0.03174336,0.027348988,-0.106666476,0.043961465,0.08790043,0.25528574,-0.04897139,-0.01710985,-0.068274714,-0.12086784,0.33551124,0.16388622,-0.17050673
EMILIN2,0.14904343,0.14880794,-0.07920549,0.012733897,0.0751243,-0.022132773,-0.011807094,-0.016414838,0.1379224,0.11292571,0.22918773,0.12516004,-0.09592882
SHANK3,0.09891246,0.064465635,0.16674127,0.09061832,-0.018986065,0.03310333,0.39066175,-0.0741793,0.14926992,-0.02905587,-0.004205548,-0.019867437,0.06320651
SLCO5A1,-0.005881497,-0.019163182,0.052490894,0.17037512,0.1014029,0.08345928,0.029191857,0.024173273,0.07002067,-0.18654227,0.014224431,-0.2650485,0.07418745
RASSF2,0.23672535,-0.04612998,0.17394891,0.11569476,0.006152043,-0.0072573745,0.010139122,0.07271382,0.07359051,0.029757883,-0.029926203,0.09211335,0.03704342
FZD9,-0.085768074,0.122547545,-0.022306073,-0.01622643,0.03248058,-0.0030439708,0.002529505,-0.28220633,-0.085141554,0.084825896,0.025991084,-0.059192013,0.031183314
FRMD3,0.060600188,0.09535563,0.06257781,0.27254444,0.02413419,0.0039055243,0.14013037,-0.012442391,0.10165623,0.12284657,0.031642016,-0.11897704,-0.10608739
EPHX1,-0.0035563607,-0.10691172,0.13186638,-0.028311403,0.0619408,-0.08350041,0.02518606,-0.078503676,-0.21780232,-0.12592424,-0.027277732,-0.011446169,0.044900108
TPD52L1,-0.0067706886,-0.18573514,0.14859499,-0.053944778,-0.025787596,-0.03634044,0.010561719,-0.071778916,-0.1291525,-0.10083346,-0.009073601,-0.09655213,-0.0660636
PCOLCE2,-0.043477356,-0.025280476,0.0030111463,0.24601232,0.08896946,0.024940409,0.0011486685,0.026358433,0.010947895,0.16740075,0.021031251,-0.05841673,-0.019232625
SLC4A2,0.07957079,-0.21745752,0.123322874,-0.08763487,0.088861816,-0.0062366584,-0.1560628,-0.15376663,0.3082397,-0.08441425,0.043832347,-0.11774992,0.1144982
CLEC7A,0.2668542,-0.060119044,0.005841026,-0.08894644,0.017289847,0.19103752,-0.09060013,-0.07881191,-0.012028492,0.12841685,0.045532502,-0.017910795,-0.24865209
TTYH2,0.036750283,0.0762718,0.038983144,-0.06238468,0.090900876,-0.13959864,-0.123476274,-0.23550092,0.1467387,0.14085232,-0.10506726,0.22137439,0.13968708
USP46,-0.07692599,0.031405255,0.11747338,0.09360274,0.21570827,-0.19146192,-0.043706495,-0.110691756,-0.005955637,0.020076944,0.0070463,0.06806795,-0.21064189
KLHL8,0.09688535,-0.18070059,0.12576759,0.0023520289,0.09116173,0.24657297,-0.1177572,-0.040190738,0.30819398,-0.09771352,-0.104307495,-0.16024135,0.026869535
PDCD1LG2,0.28612417,0.059874058,-0.030595023,-0.040532343,0.025274988,-0.019251954,-0.020908965,-0.024098484,-0.20961894,0.082765795,-0.07976422,-0.020080918,0.016055934
POLE2,-0.058798,-0.0068878005,-0.12736289,-0.008130016,0.32089958,-0.10783169,0.0134972315,-0.012340116,0.039728545,0.049364623,0.0082478775,-0.03191349,-0.0037469915
AGPAT3,0.24948902,0.0021283976,0.017616428,0.05306246,0.009654357,-0.030436693,-0.07232946,-0.0201484,-0.01995899,0.006050476,-0.18296412,-0.15465909,0.17316225
BANK1,0.080702424,0.10803924,0.08417062,-0.11170053,-0.02453502,-0.00028124035,0.0007676084,0.18780357,0.028421767,-0.07623889,-0.03792745,-0.09104521,-0.113608405
RTN1,0.05408629,-0.04003464,-0.002648235,0.30448577,0.10192726,-0.14969331,-0.007691664,-0.17231813,-0.047137134,-0.006300562,0.16874073,0.35706726,-0.23071884
MAP1A,-0.034901086,-0.02232,0.2577827,-0.075985774,0.050658137,0.028213514,-0.04950531,0.12515059,0.046512492,0.20193398,0.0054152776,0.06824547,0.11923044
CDCA2,-0.07323264,0.021927921,-0.06189486,0.028096985,0.38073123,-0.15532774,-0.02221739,0.054833233,0.050722968,0.061702304,-0.017541425,-0.01758965,0.09898707
SDSL,0.091792025,-0.10773132,0.033435658,-0.036007322,-0.0024697902,-0.16472824,-0.012749258,-0.15747401,-0.09811215,-0.059375,0.12566018,0.021594066,-0.033998635
KCNB1,-0.008272333,-0.09361614,0.24171484,0.2071274,-0.03303378,-0.012192404,0.122825146,-0.069059804,-0.08408373,-0.017993618,0.0006309932,-0.015685298,-0.13586687
HOXC13,-0.08141867,-0.073122576,0.09946833,0.13142563,-0.0022787792,0.03490287,0.0012498224,-0.11194081,-0.21586034,-0.1905551,0.20745368,0.1808879,-0.07303645
DPYD,0.22221537,0.069509484,0.046345573,-0.048631053,0.08220807,0.40378803,-0.10202614,0.123069316,0.042720135,0.007782037,-0.0049819304,0.14088634,0.0076786033
PLK1,-0.06030649,-0.03289652,-0.10459002,0.04081495,0.36013064,0.0646438,-0.0059841145,-0.033882238,0.03896302,0.06454528,0.01885699,0.02030819,0.24376754
CCND1,0.024153871,-0.06563851,0.097946025,-0.07068606,-0.0021781034,-0.1099516,0.03045678,-0.09673872,-0.0047293175,-0.05431448,0.1706086,0.43328524,-0.036137197
FZD4,0.08766842,0.08381009,0.20107654,0.01903605,0.0010294756,0.00085990527,0.31337404,0.09917693,0.105527125,0.047022026,-0.11214768,-0.09479329,-0.0015077383
SLAMF7,0.25318438,-0.14862803,-0.033838857,0.0971232,0.00093478546,0.12522833,-0.08542811,-0.032982994,0.09451303,-0.04207941,0.039905455,0.018279525,0.12804244
CSF3R,0.22747235,0.0024550313,-0.09327259,-0.007947519,0.04956743,0.02623912,0.017865587,-0.018490452,-0.13623168,-0.02633786,0.16228977,-0.15163587,-0.36635536
GNA15,0.26455408,-0.118298456,-0.050919063,-0.053504586,0.00023203182,-0.10553866,-0.14337198,-0.17461286,0.060271814,7.44667e-05,0.09099743,-0.0092789335,-0.048281718
RYR1,0.06513266,0.06993343,0.05449822,0.22650559,-0.0052301423,0.13761199,-0.009123954,-0.09322376,-0.020043686,-0.07759121,0.0146524375,-0.42845806,0.08119345
IGSF11,0.0018167692,0.15478536,0.024480011,0.29251984,0.004200381,0.10219761,-0.05054466,-0.049481098,0.04220922,0.22412463,0.08837127,0.019168155,0.022938957
TTK,-0.054782726,-0.03644251,-0.06507811,-0.026621485,0.37268975,0.15977234,-0.006301527,0.1285193,0.009970124,0.0008257571,-0.005355077,-0.08351101,0.114734404
PSMB10,0.20221101,-0.032643344,-0.14062455,0.018435128,-0.016418394,-0.12936601,0.04565207,-0.042499326,-0.19940145,0.11181262,0.11616382,-0.038722675,0.29327315
PDGFC,0.040037666,-0.12770651,0.2027861,0.06810219,-0.0076985243,0.24972777,-0.039801862,0.17130277,0.08999573,-0.096480474,0.0021968612,0.10676908,0.010946193
BATF2,0.21355858,-0.055103302,0.049565338,0.17144902,-0.032499146,0.029835844,0.011321058,0.017910775,-0.11654376,-0.0039646793,-0.0028176373,-0.028727163,0.32814828
ME3,0.13626505,0.05897202,-0.02363949,-0.07091886,0.0028504408,0.015578185,0.0005997356,0.14798565,0.06745454,0.05658052,-0.026854306,-0.25567025,-0.08031204
BLVRB,0.11124939,-0.058350466,-0.12623902,-0.13608013,0.012563069,0.37884587,-0.0027650264,0.029194199,-0.13021371,-0.0067188106,0.20078133,-0.13612969,0.016104028
CAPN6,-0.033711363,0.21112123,0.074970864,0.08660429,0.013244253,-0.24036348,0.0055457302,-0.25854325,-0.0067468714,0.00042334598,-0.0118395155,-0.14168656,-0.07330423
SESN3,0.056040894,0.08878287,0.21461143,0.073060885,0.05495809,0.21502914,-0.0081138285,0.11602636,-0.029692193,-0.1405794,-0.11083104,-0.17363308,-0.06586478
KCNJ15,0.12208753,0.08452602,-0.0063069,-0.016301045,0.0125277,0.11335687,0.0066754306,-0.019866915,0.11955204,-0.010261356,0.16378817,0.022402171,0.0016534085
AASS,-0.043287005,-0.04994388,0.24807937,0.19055286,0.0015109178,0.05992244,-0.011673833,0.076973915,-0.007577477,-0.17504708,-0.003078344,-0.1204871,-0.021427182
CHRD,-0.016282536,0.13212952,0.22094181,0.004414636,-0.072367206,-0.0063926587,0.050193045,-0.09229529,0.014119457,-0.011903983,0.0820618,-0.009835683,0.13939187
CDCA3,-0.0839173,-0.0399888,-0.15166894,0.005487174,0.2832647,0.23430419,0.0024777502,-0.12519576,-0.032625463,0.07895519,0.077480406,0.007427517,0.19987549
PTPN7,0.27028275,-0.10356373,-0.050698675,0.031674873,-0.002143274,-0.037247922,-0.00062907167,-0.17114067,0.012994408,-0.12723479,0.004911103,0.045596715,0.12294962
LEPR,0.06416143,-0.12088633,0.21804786,-0.056178197,-0.00093609357,0.0060881833,-0.040598974,0.029028265,0.014146892,-0.037186533,-0.013454798,0.01504644,-0.127727
PRRX2,-0.14825177,-0.001209433,0.073663175,0.009685023,-0.034119606,0.086301275,-0.00669854,-0.24043655,-0.1454671,0.13267517,0.23357753,-0.00799515,0.13034773
PRR11,-0.030346975,-0.010909713,-0.10757712,-0.04083661,0.3309924,-0.0747172,0.001294815,0.059559174,0.039196357,0.06274071,-0.08547065,0.030193726,0.14999792
TNFAIP8L2,0.2902503,-0.052944846,-0.037613746,0.02775382,-0.04577001,-0.0027740782,-0.0063675093,-0.036237244,-0.21155658,0.07373938,-0.06110877,-0.03862912,0.0045903423
PGM5,0.07820188,0.14437678,0.14060658,0.13702211,0.0048220507,-0.071360335,0.10485217,-0.044500183,-0.12145702,-0.22498618,-0.00025372833,-0.27460375,-0.10845616
ITK,0.15886946,-0.124369726,0.019988654,0.35921463,0.025830366,-0.007372719,-0.00023206222,0.081702344,-0.066795394,0.074027136,-0.008373558,0.107487686,0.09503774
GNB3,-0.035117127,0.12057191,0.055269275,0.02938902,-0.026262395,0.2558091,-0.0018978452,-0.23072784,0.013646529,0.027153049,-0.000966853,0.014220669,0.06645441
SEMA7A,0.13521934,-0.18849088,0.0061132414,-0.1253419,0.00037110245,-0.009240429,-0.0011302661,-0.06790457,0.16215758,-0.17932767,0.26522458,0.20752664,0.035504464
RUNX1,0.12158532,0.13725924,0.12118868,-0.1351085,-0.0016940708,-0.007828171,-0.0072318227,0.1614533,0.101910345,-0.077886075,0.20622541,-0.033463087,0.07180098
ACTN2,0.021778101,-0.024479348,0.0023467478,0.13282862,0.001855263,-0.031278506,-0.04899475,-0.17987987,0.14625296,0.0056306296,0.057287987,-0.30424786,-0.1654513
SORBS2,0.07471261,0.059532356,0.1474309,0.11171717,-0.00437627,-0.0055938913,0.12420767,0.057297625,0.14781845,0.05544351,0.041704904,0.028374769,0.004041051
ARL4C,0.1252952,0.12456909,-0.05285731,-0.23162131,0.067261286,0.09237482,-0.054806367,0.0020690826,-0.02303729,-0.048796266,0.17324834,0.017147291,-0.12785438
PKNOX2,-0.0103205405,0.0001842922,0.12885697,0.050087757,0.057043124,0.0062514506,0.06759795,-0.16759224,0.09333807,-0.15806364,-0.051583312,-0.11238898,-0.1543453
NEK2,-0.07336247,-0.1173608,-0.08197574,0.036408164,0.36072373,-0.070880644,0.005359562,0.105594546,-0.011454656,-0.055249237,0.08432483,-0.10765628,0.19419944
KIRREL2,-0.017017584,-0.067656055,-0.05389913,-0.000825027,0.04883201,-0.18416512,-0.052077074,-0.23331487,0.1798548,0.06423151,0.1471258,0.27484092,-0.22503424
GADD45GIP1,-0.059569936,0.0062002153,-0.20161802,-0.075569585,0.009282951,0.34215724,-0.005258769,-0.18805465,-0.08639517,0.022990234,0.15994434,-0.28513688,0.13862042
NPL,0.27992958,-0.0009648454,0.04186619,-0.05710343,-0.013792677,0.0027877393,0.00047193296,0.074572295,-0.09845653,0.065214,-0.014062512,-0.07374238,-0.19282322
SP6,-0.032527696,-0.2814732,0.10612996,-0.0039780363,0.026417503,0.13258262,-0.0013783276,-0.062188342,0.0537095,0.04662101,0.12784266,0.060622476,-0.064005375
CAPG,0.14447932,-0.1227808,0.0052202335,-0.27598143,-0.0044709295,0.1807152,-0.15561464,-0.015731491,0.10894193,-0.073864795,0.2609933,0.05213763,0.09680608
ITGB4,0.13148043,0.12591209,0.13459978,0.019007014,-0.005511359,-0.19464849,0.2317913,-0.05896283,0.15686844,0.043444056,-0.08338258,-0.15174358,0.18577975
FAP,-0.001681015,0.15427512,0.14537448,-0.35092476,0.037241634,-0.16913502,-0.00877438,0.029849032,0.042348374,0.0063518984,0.08122993,-0.011125889,-0.12982006
ENPP5,0.17135137,-0.14358875,0.120731965,-0.005003702,-0.07766447,0.29813334,-0.0047709253,0.07912545,-0.029108968,-0.19700737,-0.0030387903,0.013084691,-0.013405014
ACOT11,0.05766808,-0.08549206,0.12593049,0.11873046,0.051400732,-0.02545134,-0.11470617,-0.0068756985,0.32849497,0.020319572,-0.0114742275,-0.1625716,0.1269209
FBLIM1,0.10410644,-0.039213844,0.1657244,-0.1243796,0.013851359,-0.09372617,0.15828049,-0.07469065,0.064532936,-0.18951444,0.014994582,-0.029801937,-0.029888814
ADRA1D,-0.07546964,-0.20015547,0.07369483,0.029267868,0.039023362,0.0506714,0.17087331,-0.09469128,-0.08033415,-0.021854015,0.062343623,-0.023031298,-0.18453053
HSD17B6,-0.04179444,-0.062492274,0.14861245,-0.2166295,0.1263934,0.026460227,-0.02373636,0.063882485,-0.17654994,-0.16464843,0.01680794,-0.06474749,-0.0814117
CAMK1D,0.10550707,0.21622996,0.07848157,0.073108256,-0.015651567,-0.012221648,0.0013505043,-0.010007493,0.02088467,-0.022559851,0.022160724,0.21565773,0.0786743
SMAD7,-0.0414458,-0.2195656,0.20631416,0.05439116,0.0069630505,-0.043969907,0.018311022,0.006599706,-0.060669534,-0.007230593,0.20590207,0.0027349193,0.05071269
TCFL5,-0.029828295,0.1163052,-0.089762025,0.06174995,0.10253861,-0.01211877,0.0023730402,-0.28874785,0.022478843,0.056818783,-0.0026043623,0.027767053,0.13639703
LMO7,-0.046798326,0.06191272,0.18506058,0.15378389,0.0036605669,-0.027967907,-0.119820386,0.11715863,0.07255361,0.14081013,-0.03396337,0.04720638,0.053670634
ETNK2,-0.061843716,0.013144626,0.032118507,-0.007716754,0.10472922,-0.073168635,0.006772257,-0.118172035,-0.21202415,-0.28969717,0.007818486,0.033079267,0.013408603
DUSP26,-0.05130441,-0.046415593,0.13219073,0.22397447,-0.018908175,0.050050866,-0.004675543,0.026435193,-0.14932546,-0.111836866,-0.015375543,-0.35437566,-0.024043694
IL18R1,0.08020609,0.07554061,0.044197403,0.0037401326,0.006249062,0.085033044,0.013164359,-0.1063015,-0.028498175,-0.1709856,0.08962091,0.0022714797,-0.02404636
MYL1,0.051308796,0.022105826,-0.010115182,0.10225591,0.002443175,0.042151764,4.797681e-05,-0.020483796,-0.0040096296,-0.0048518116,0.08666578,-0.56934327,-0.070530355
DDIT3,-0.03969383,-0.06440132,-0.063227914,-0.08385399,0.014946508,-0.16680299,0.043807548,-0.02368111,-0.106652305,-0.006741127,0.32664028,-0.083502285,-0.15533657
SCML2,-0.12074132,0.002815786,0.013098994,0.09773016,0.18685386,-0.12920445,0.022738123,-0.19627906,-0.16071616,-0.13548094,-0.06400191,-0.12359721,-0.087144144
GFRA2,-0.064723544,0.044128682,0.114463724,0.14568996,0.0683429,-0.033002567,0.08209285,-0.25915018,-0.12041259,-0.027651245,0.010914351,-0.027531218,-0.15829377
KREMEN1,-0.035099287,0.13663167,0.09408592,-0.097499296,0.0745129,-0.2018096,-0.05124534,-0.08247385,0.08669439,0.04403224,-0.0049801352,0.00068349205,-0.00066395215
BARX1,-0.11382188,0.09149857,-0.02206746,0.06634233,0.020027632,0.058387615,-0.0044702687,-0.24227935,-0.14234048,0.00418258,0.17151687,0.09913362,-0.016571913
SIRPB2,0.31082138,0.015565232,0.015479219,-0.012499232,-0.0055170394,-0.0080859605,-0.00011335494,-0.0061171805,-0.23960389,0.1540049,-0.008859368,0.07521054,-0.042389564
HNF4G,-0.052575782,-0.121712774,0.16757737,0.024566142,0.072022766,0.04076249,-0.007566161,0.030933568,-0.16619675,-0.09855226,0.025960546,-0.19120896,-0.09038305
DAB2,0.21764925,0.19578905,0.06499189,-0.08211741,0.04506987,-0.13949142,0.025353681,0.03129032,0.0081757875,0.11302992,-0.10655606,0.010179076,-0.24023592
SLCO3A1,0.14020443,-0.019516584,0.19729272,-0.022998562,-0.022672148,-0.06878232,0.08313968,0.11876681,0.13147435,-0.1300141,0.10076505,0.039835583,0.051909875
CPNE5,-0.049143996,-0.04953119,-0.045804378,0.3107038,0.047209974,-0.094166845,0.041635413,-0.22776559,-0.044406887,0.028881289,-0.029162345,0.0535999,-0.031209994
RAB30,0.029393265,0.12739721,0.25909626,-0.09894591,0.00856086,-0.1292984,-0.035124328,0.27266237,-0.003128008,0.04572392,-0.008408635,-0.029733954,0.009160948
TPBG,-0.005528838,0.10188755,0.06223686,-0.0036918316,0.07438008,0.27338704,-0.04965105,-0.11839055,0.12649043,-0.004256067,0.09268182,0.33515465,0.044293985
RHBDL3,0.014087491,0.10418701,-0.011996735,0.08676027,0.11003743,-0.01657444,0.00060922984,-0.058078323,0.18388534,0.03835996,0.09049314,0.035259552,-0.017559685
POU2F2,0.25060147,0.12505151,-0.016180888,0.002954058,-0.02346135,0.0043659275,0.0068086544,0.0049344758,-0.23660983,0.014456187,-0.0049980585,0.017148873,0.026919566
MID1,-0.10100809,0.01223104,0.1767999,-0.19959193,0.089603804,-0.013078334,-0.0004683058,0.038140293,-0.105861396,0.014656507,0.026047807,-0.06491823,-0.17051393
FRMD4B,0.06441117,-0.099458896,0.25780904,0.24300142,-0.001930214,-0.06765052,0.08111178,0.053009007,-0.011240049,0.07630283,-0.14325668,0.07683329,-0.007035722
SCAMP5,0.076495044,-0.012919319,-0.0026816824,0.08723785,0.08188253,-0.08845191,0.16766192,-0.18243663,-0.047965422,-0.102880634,-0.03476874,0.29208308,0.04898974
LGI4,0.023014825,0.08969586,0.113761164,0.08458095,-0.1691067,-0.0017496828,-0.021570869,-0.104958095,0.04897597,0.15475988,0.17530876,-0.18580121,0.14631921
RAB3IL1,0.15401365,0.23241438,-0.052433565,-0.07824041,0.021842562,-0.07868952,0.0005607488,-0.08915282,-0.004532454,0.052290898,0.09676941,-0.12050642,-0.06382955
DLL4,0.03688027,-0.067275375,0.015738895,-0.010664554,0.0008188874,-0.068400435,0.4601451,-0.11400785,0.15373638,-0.0014765233,0.2785452,0.10100397,-0.03333343
STX11,0.2043764,-0.03213656,-0.027090494,0.18559858,0.011718122,0.057827577,0.06445361,0.14759809,-0.014330023,-0.029353118,0.2568898,0.011105042,-0.0024368614
SLC4A4,0.015936011,-0.040900752,0.19981748,0.13620508,-0.0105991075,0.012797479,-0.0064567416,0.23960051,-0.008332538,-0.1676385,0.12394527,0.006782303,0.019087158
COL1A2,-0.08853335,0.07224062,0.18478233,-0.16743334,0.0004527232,-0.0077046654,-0.021360267,-0.09086674,0.15273342,0.46176332,-0.11266635,0.12714033,-0.012493489
CSAD,0.05402667,-0.13564032,0.058574386,0.052275524,0.061185725,-0.00097051845,-0.0038161941,-0.18988149,0.13962874,-0.102001704,0.010395411,-0.09374355,0.04608555
MATK,0.1253262,-0.20977286,0.039873954,-0.17758451,-0.0051207873,-0.015189484,-0.13690971,-0.27998477,0.26445153,-0.068973295,-0.008151567,-0.20268084,0.103600174
ABCB1,0.08839391,-0.08873052,0.14199516,0.2742636,-0.010300704,0.0071749897,0.013173921,0.016302712,-0.057329256,-0.15136845,0.04880653,0.12507637,0.03155383
ABLIM1,0.048925653,-0.03508641,0.13657993,0.3072966,0.05830483,-0.034889206,0.14797135,0.21268575,0.0814331,0.04305485,-0.042750504,0.044610437,-0.10811499
MMRN2,0.092471175,-0.04179264,0.045663532,0.0021362125,-0.07237939,0.30401975,0.41037267,-0.12611726,0.21834902,0.06939859,0.09495331,-0.036778547,0.06710525
MPP2,-0.058355637,0.023517957,0.08349575,0.041807614,0.15393206,0.019735599,-0.0058984584,-0.1753539,-0.18587622,-0.20802568,-0.0152110495,-0.031056946,-0.16347545
VGLL3,0.09106878,0.29501837,0.016100315,-0.0009228335,-0.00089227327,0.03562228,-0.023352694,0.048770618,0.025657846,-0.08512809,0.053264987,-0.07826756,-0.020085542
PRKAR1B,0.015395783,0.019129435,0.09548853,0.18342613,-0.041864593,-0.13156931,-0.0242509,-0.26224262,-0.07573027,-0.06576982,-0.0058592297,-0.040876023,0.010138572
CYP4V2,0.23840234,-0.03818745,0.11001745,-0.054025754,-0.06431233,0.017411888,-0.073060535,0.107721955,-0.09413904,0.012938121,-0.010108522,0.015722854,0.09449597
ESAM,0.11236752,-0.007011052,0.014067128,0.007428133,-0.0403703,0.33782643,0.45785806,-0.10288864,0.20034356,0.08902791,0.086338244,-0.12589645,0.07958099
CX3CR1,0.191745,0.0458222,0.20822741,-0.07145026,-0.008984338,0.10437003,0.011953613,-0.011060593,-0.1503239,0.16621651,-0.195301,0.10356071,-0.101166904
CTSW,0.18976185,0.012969512,-0.057015613,0.1632121,-0.0026135389,-0.0033605206,0.0082659125,-0.10618981,-0.22988181,-0.086872905,0.016559562,0.017235316,0.23858906
TGFBR3,0.10025605,0.19166844,0.18470772,0.040344555,0.0039196056,-0.03136643,0.08468382,0.10522002,-0.032907818,-0.06826864,-0.14615905,-0.2784532,0.00426606
GNAI1,-0.06131597,-0.090839975,0.21021023,0.26246852,0.001003368,0.24828462,-0.06082871,0.038321175,0.024650967,0.057968233,0.028287956,-0.080562346,0.028775722
DOK3,0.25811246,-0.17303191,-0.01418924,-0.104971685,-0.0036697453,0.00067245576,-0.09792095,-0.20211291,0.0860139,-0.08197655,-0.03299822,-0.13933857,-0.029402267
PNMA2,-0.039947018,0.044592213,0.009876522,0.15761149,0.11520068,0.0097477725,-0.027386157,-0.0973753,0.0021457842,-0.020714646,0.11864344,0.24344398,0.01640868
CLSTN3,0.07059057,-0.053055733,0.17602204,-0.0857486,0.032170888,-0.08383463,0.00029927838,-0.19609009,-0.05221441,-0.2132439,0.0177218,0.110942714,0.07839745
TP53I11,-0.07096345,-0.19155282,0.14399913,0.13723262,-0.0012980072,-0.19609301,0.124405436,-0.20745528,-0.10367836,0.28536093,-0.013052608,0.024252417,0.01733006
CREB3L1,-0.08183302,-0.038735386,0.050883595,-0.024392061,0.061796572,0.20891415,-0.0061818045,-0.09279024,0.106423184,0.41610092,0.027756616,0.16537613,0.13137035
COL16A1,-0.07404754,0.09281744,0.16132718,-0.34725803,0.011562392,-0.0007350604,-0.021721466,-0.1726311,0.08984381,0.1514797,-0.006225914,-0.049227756,0.03311608
IRX1,-0.096543476,-0.04083984,0.008116598,0.04058158,0.13803247,-0.20154074,0.047173176,-0.22974914,-0.19389856,-0.004918916,0.032344356,-0.0339263,0.031299338
ITGA3,0.15573539,0.044969745,0.05564097,0.000117463904,-0.0057311757,0.0037428369,0.13598439,0.061561674,0.14712898,-0.19329278,0.24438763,0.11119863,0.1392565
ABCA1,0.23305428,-0.025320638,0.113762096,0.1818384,0.07178393,0.023252752,-0.023472328,0.0946645,0.053762395,0.026264412,-0.013478457,0.09043818,-0.24346122
FCGRT,0.17148149,-0.0637788,-0.023011783,0.035345215,0.01546905,-0.10859229,0.050214145,-0.36476535,-0.14171346,0.10383851,-0.03049459,-0.0034202782,-0.18264604
PARP3,0.11279733,0.050959226,0.12290413,-0.116346136,-0.024330731,-0.1380833,-0.04022016,0.07350753,0.18970117,0.116430245,0.061767578,-0.13669437,0.17552227
ATF7IP2,0.123224206,-0.11137828,0.08893613,0.12666214,-0.001995437,0.0067315437,0.143526,-0.0031276485,0.009098781,-0.042709034,-0.058871068,0.05827127,0.045542788
SCN1B,0.07312878,0.14170302,0.07571346,0.017477416,-0.069156356,-0.011287685,-0.014356564,-0.10134765,0.0091259,0.056584686,0.08838281,-0.2680352,-0.00083509326
NOX4,0.1251958,0.08996977,0.071642734,0.042404804,-0.02884211,0.16422051,0.2132074,0.19488472,0.23957078,-0.1327284,0.2152904,0.16704164,0.054212708
TLR3,0.16022648,-0.06099272,0.21596585,-0.011705076,-0.00090328004,-0.025949812,-0.012478287,0.20741232,-0.13406482,0.01634592,-0.026447976,-0.028865889,0.2867133
ARRB1,0.21436608,-0.11751639,0.10545381,-0.0010506363,0.0019929735,-0.058632705,0.08002266,-0.08221021,0.2549292,0.0030929223,-0.1944923,-0.0008930427,0.009914477
PGAP1,-0.04524124,0.059361547,0.12095865,0.12362274,0.2624654,0.10654214,0.038619883,0.07689445,0.014154129,-0.09404784,-0.09471535,0.10788038,-0.04580169
B4GALT6,-0.023929702,-0.102610074,0.09015194,0.2738098,0.06599474,0.22717282,-0.067946844,-0.011721067,-0.004421723,-0.10659406,-0.007677361,-0.0037988645,-0.11550555
HELLS,-0.06904999,-0.030896831,-0.040876944,0.06396027,0.3374048,-0.09292053,0.002753754,0.032563783,0.04972949,-0.029199207,0.0049897055,-0.0034065635,0.08126687
PTPRU,0.047016267,0.16911581,0.08622599,0.07765929,-0.01726772,0.007890222,-0.045280248,-0.097730584,0.0010180541,-0.110226735,0.11403134,0.0747308,0.030024098
TOP2A,-0.077057086,0.0038921994,-0.0028347045,-0.0060708295,0.41210297,0.00038367318,-0.00048459033,0.067682594,-0.007205756,-0.07887728,-0.11843349,-0.006366869,0.13236436
HR,-0.0076920255,0.058163647,0.0938406,0.02752016,-0.020114182,0.1706638,-0.015539792,-0.09161969,0.15391202,0.018676247,0.18179464,-0.0615728,0.25629783
PECAM1,0.16986088,0.047638662,0.06286508,0.0057472102,-0.0002638172,-0.07118218,0.41609168,0.0076811914,0.21654668,0.08770278,-0.0012934527,-0.05290904,-0.0064316215
NR4A3,0.0650716,0.21354604,-0.08485995,0.13401613,0.09989476,0.00904629,0.004309489,0.042423345,0.048941635,-0.026229616,0.2942386,-0.029782267,0.052458264
GAL3ST4,0.16867658,0.07793259,0.09652489,-0.19548836,0.0599139,0.17945305,-0.009451036,-0.24190108,-0.12787884,0.14251652,0.019481018,0.16882184,-0.03797066
KIF21A,-0.122550495,-0.04660863,0.13653545,0.255602,0.012137264,0.0871653,-0.08184611,-0.011273377,-0.07867973,-0.10739232,0.019036748,0.09689605,0.11148113
HDAC9,-0.008254148,-0.12940273,0.17281486,-0.17495692,0.096709326,0.29396775,-0.09018992,0.09850691,-0.022492312,-0.23281963,0.06583556,-0.021094954,-0.04223959
SERINC2,0.009844907,-0.088845775,0.07039498,0.024576226,0.06325724,0.103758976,-0.06826931,-0.21499611,0.11798947,-0.10680154,-0.010314672,-0.02397434,0.055763345
COL4A1,0.119235754,0.10210975,0.10972608,-0.024339182,0.05927093,-0.04473762,0.36538634,0.017524926,0.22828789,-0.06377219,0.21357182,0.16359408,-0.00170545
CLDN11,-0.0077952165,-0.19716017,0.14928517,0.10033199,0.0063039693,0.111831084,0.03415846,-0.034985922,-0.07545977,-0.013920769,0.028775496,-0.051201776,-0.018618817
TIE1,0.11358781,-0.06537161,0.103164464,-0.08617764,-0.001787521,-0.06475022,0.4287709,-0.12337907,0.26880956,0.0019949526,0.0016565126,0.02184401,0.1679086
TGFB2,-0.0502149,0.08303972,0.103159115,-0.10881999,0.05114347,-0.0033775764,-0.061102945,-0.094863206,-0.021069193,0.07244468,-0.023105817,-0.07093279,-0.10705678
ATP6V1C1,0.08576129,-0.23628777,0.038464118,-0.07686115,0.056607857,0.09623987,-0.14611495,-0.051987346,0.32391545,-0.14460887,0.0130526675,-0.034856975,-0.10429845
ZFPM2,0.047644205,0.1377982,0.08816573,0.241241,0.015028619,0.04349289,0.08160221,0.050369103,0.05705645,-0.22233443,-0.025301116,0.035377588,0.013565108
GAB2,0.20270857,-0.06575475,0.17830972,0.053397954,-0.03802916,-0.008363878,0.05499006,0.19499874,0.1200745,-0.08081497,-0.011736343,-0.09156444,-0.011351796
CYP2J2,0.02502018,0.1678671,0.09968657,0.09776179,-0.0036823903,0.08703185,-0.0041064587,-0.11268423,-0.19412537,-0.191793,0.06561027,-0.014740049,-0.0010778588
SLC1A1,-0.019008096,0.055929583,-0.0181647,0.27865753,0.12307622,-0.008938958,-0.051357694,-0.09187164,-0.024596566,-0.014719148,0.103084244,0.19722652,-0.0061708973
PTPN4,-0.010275392,-0.18286496,0.25668186,0.12332308,0.022597568,-0.09678655,0.052913085,0.19442536,0.050242174,0.07670569,0.054730535,0.0050130957,0.009455174
MYL3,0.012445898,-0.054070022,0.03951109,0.20297779,-0.0002991975,0.13656849,-0.0069927634,-0.065009795,0.06369861,0.1473708,0.08672886,-0.43749347,-0.03362754
BUB1B,-0.06978956,-0.0011911456,-0.07547124,0.0404412,0.40390193,0.012971056,-0.016353022,0.087590076,0.022854185,0.04792766,-0.07599978,-0.06766197,0.1932348
NDRG1,0.068219624,-0.064774275,0.1262432,-0.053754605,0.0061429036,0.021115523,-0.15904406,0.18781982,0.12164916,-0.19599028,0.12699997,0.028474798,0.19593847
CNIH2,-0.055585574,0.06371639,-0.04487578,0.03835381,0.089132585,0.020391513,0.008767062,-0.27407187,-0.049854547,0.004637995,-0.06310052,0.027777785,0.07564757
CDH13,0.06600146,0.1853908,0.0210403,0.070032984,0.0020521143,0.04779535,0.21932328,0.043374285,0.1637669,0.06849685,0.1845812,0.2681896,-0.022399317
CACNB1,-0.036945336,-0.0836214,0.12726073,0.17823415,0.04341273,0.00849318,0.02796052,0.018158179,-0.13182914,-0.03040832,0.00069940474,-0.51651585,-0.022727838
PRCP,0.12104125,-0.03825681,0.14789735,-0.042258825,0.0072929333,-0.022999424,0.22845286,0.03975522,0.16574603,0.17103976,-0.037019037,-0.009668199,0.11309335
LAMA2,0.04729414,0.268555,0.083422266,0.15260187,-0.0010992573,-0.096240066,-0.050041586,0.017391544,0.006289076,-0.13114148,0.08702384,-0.0047432543,0.01943322
KCNK5,0.014222096,0.019161763,0.04332409,0.11326623,0.010759255,0.029681925,0.11593718,-0.11083302,-0.043597724,-0.14985184,0.02653344,0.012804536,0.1579804
SNTA1,-0.07872977,-0.124251135,-0.0208507,-0.011866473,0.118509404,-0.0073083914,-0.015043548,-0.12112803,-0.13811553,0.05158863,0.11567527,-0.26885644,-0.05021999
NPDC1,0.07434368,0.13710043,0.01960376,0.23440985,-0.1806831,0.11751509,0.10068261,-0.20675886,0.046972226,-0.028526971,0.08562634,-0.12408613,0.32050565
HOXB3,-0.007979458,-0.036639858,0.099837095,0.2608987,0.05073322,0.054103076,0.0061401227,-0.07544779,-0.04729381,-0.027647126,0.029592693,-0.033426456,0.0055759097
MFAP5,0.09884962,0.26465854,0.02005798,0.1031287,-0.0040990664,-0.0018831341,0.042136427,-0.033908643,0.091034696,0.040913273,0.0022144727,-0.12878373,0.10862543
MYO7A,0.2514467,0.0635926,0.08217284,0.00976313,0.019738518,-0.08140603,0.0012385029,0.003875484,-0.117029816,0.11884242,-0.032825332,0.019019479,-0.14844143
MMP19,0.21706223,0.13408802,-0.024423748,-0.028508754,0.006122752,-0.08666047,-0.06755007,-0.03402649,0.07970781,0.15546739,0.014791068,0.034601793,-0.14037012
HOXC4,-0.12617715,-0.051403508,0.11300841,0.11445651,-0.00433844,0.056821976,0.005239662,-0.0007466644,-0.098768786,-0.09827056,0.10076994,-0.02218342,0.079005904
ANKRD6,0.028964132,-0.011875281,0.10870117,0.043799765,0.06777925,-0.18080999,-0.057475884,-0.0198028,-0.012032464,-0.12563464,0.010386657,0.014384286,-0.10774784
PYGM,0.064810336,-0.024540367,0.014176723,0.2664972,-0.016649844,-0.0008914175,0.051353246,0.0005298562,0.07572232,0.14029886,0.048655666,-0.47099385,-0.032945897
ARHGEF15,0.12293171,-0.0008113963,0.10417916,0.018376062,-0.044695705,-0.044722624,0.44676244,-0.12106944,0.17642306,0.074970335,-0.03487774,-0.0750241,0.1451571
NFE2L3,0.057716154,-0.11880246,0.022563165,0.10188313,0.011291146,-0.06276153,-0.004931792,-0.017466016,-0.2387715,-0.24670662,0.054887902,0.13462408,0.0029823068
SH2D3C,0.16434664,-0.013702468,0.08009514,0.03892712,-0.0060837804,-0.024421474,0.4264329,-0.10497363,0.087471634,-0.058313902,-0.014128177,0.043635916,0.14636251
PLEKHG1,0.12935483,0.05858319,0.1851383,0.12411992,-0.00611308,0.009298521,0.12756145,0.003909017,0.15771468,-0.07812767,-0.070011266,0.3085651,-0.006280024
PTK2B,0.27564466,-0.088075705,0.0141057335,0.0477715,0.0064358143,-0.18389036,-0.1214269,-0.054161545,0.10880461,-0.04068774,0.006425091,0.10501671,0.075491525
EHD3,0.08568995,-0.15523675,0.19977042,0.016528275,-0.010991337,0.1463353,0.005504927,0.16398033,0.09594343,-0.017227804,0.0038924543,-0.109326795,0.10195776
CHRNA5,-0.03059604,0.0034268624,-0.0584835,0.18247338,0.1333324,-0.045120895,-0.005228403,-0.1712196,-0.008707537,-0.026879651,0.07834911,0.14024474,0.11000831
PRELP,-0.020816972,0.17277846,0.177028,-0.00872701,-0.12121781,-0.0048386315,-0.010337024,-0.002881901,0.017165288,0.17068058,0.084845945,-0.015524414,0.26688358
RXRG,-0.012775472,0.08136803,0.023370987,0.001152814,-0.00927698,0.23798363,0.00028024352,-0.11099319,0.025239449,0.041286744,0.093507305,-0.036837637,-0.13963473
MEOX2,0.0049974355,-0.0067769256,0.17620406,0.06330776,-0.071331404,0.2591826,0.031239843,0.15340556,0.037852805,-0.0041916166,0.15241423,-0.04948416,-0.010000857
ANK3,-0.023806103,-0.09707712,0.2812674,0.121436685,0.02258367,-0.03371241,-0.019105472,0.06986776,-0.085497394,-0.17770112,0.0074948785,-0.115865834,-0.17607239
SIX1,0.034410965,0.25464034,0.079176314,0.038259577,0.04194827,-0.16765675,-0.0070349067,0.07069498,0.045530636,-0.08078383,0.07815426,-0.20403731,0.0041794204
POLE,-0.10049181,-0.017949024,-0.046463057,0.06408937,0.34076324,-0.020507537,0.0033647795,-0.01235483,-0.024483003,-0.0045984634,0.0022592125,0.042086888,0.16426402
RNF180,-0.03248489,-0.026926095,0.04859379,0.0581967,-0.0076486534,0.2164205,0.012454232,-0.08036353,-0.016534522,0.019459963,0.06774029,0.015883869,-0.21311748
ADRA1B,-0.044705227,-0.06262024,0.03140202,-0.17657739,0.08682865,0.005018425,0.06729221,-0.11771683,-0.12249031,-0.018707791,0.0033845853,-0.008824698,-0.13525446
DES,0.060701963,0.14742593,0.017973188,0.17140092,-0.0023066746,-0.0074855424,-0.00845589,-0.09266011,0.032683328,-0.06515334,0.039144974,-0.3905673,-0.04259323
IL16,0.1164457,0.19878043,0.031239102,0.055297125,-0.0013606554,0.14848524,0.09815803,-0.100472115,-0.1970304,0.02008838,-0.099517904,0.0018536868,0.1430881
DNAJB1,-0.08308542,-0.017098058,0.03576666,-0.06632989,0.0906543,-0.19538742,0.00018420904,-0.028141018,-0.11593908,-0.19159469,0.34482628,-0.10711907,0.11615765
CUBN,-0.012998574,0.038755797,0.14452393,-0.21976672,0.09582644,-0.11435707,0.0023067726,0.12414379,-0.12503064,-0.085999876,0.11606637,0.004398276,-0.13032742
EXTL1,-0.061146557,0.05551906,0.08359651,0.12339507,0.009494854,0.009240716,-0.0029794297,-0.23169458,-0.054227944,0.035934538,-0.01935182,-0.18207316,-0.012940805
NRP2,0.019726355,-0.16953284,0.2362443,-0.06499186,0.001268608,-0.026303256,-0.014553653,0.061228756,-0.002121124,-0.045640986,-0.0022243175,0.14224511,-0.0095816525
MCM2,-0.11529246,-0.017027587,0.008237866,-0.00097030716,0.3308492,-0.12089057,-0.0010813989,0.0048264833,-0.05509532,-0.082201585,0.007626426,0.013210374,0.21904166
SDC1,0.028539594,0.037008174,0.06083323,-0.36048827,0.021410998,-0.03994261,-0.08695016,-0.26973572,0.06666161,-0.09236334,0.10208946,0.2234736,-0.018812077
DYSF,0.011101363,-0.06074699,0.12931958,-0.14459693,0.09943099,-0.08735201,0.32366827,0.104552716,0.06667354,0.026284242,0.03831984,0.018715711,-0.03718768
ZDHHC14,-0.03810611,-0.16538107,0.13455607,0.04693292,0.0014050544,-0.16684839,0.10825894,-0.12015585,-0.036692422,-0.017472532,-0.012933739,0.06663863,-0.022121232
FANCA,-0.08917065,-0.05276568,-0.07294197,0.14136805,0.27435055,0.06853052,0.0019327847,0.005740699,0.021519557,-0.027947657,0.043126814,0.053236514,-0.0021337897
ELOVL4,-0.13199104,-0.037007116,0.007758533,0.03780308,0.14140905,-0.014471534,-0.016678965,-0.13181673,-0.01568984,0.051801298,0.09222367,0.08581346,-0.12346717
ZFP36,0.15267296,0.0011902762,-0.048178174,0.047424834,0.0055250768,-0.037808925,0.01070969,0.14827022,0.037643906,-0.0587159,0.30070177,-0.29953438,-0.060328662
DTX3L,0.13539381,-0.08311084,0.1550631,-0.12099536,0.017762989,0.07062629,0.0015070139,0.1541659,-0.24047579,0.03346295,0.014497897,-0.056019984,0.40949324
CLK1,-0.0012371964,-0.07364573,0.09755035,0.056315433,0.0023619973,0.31297258,0.04429136,0.023871498,-0.0050019193,-0.046243887,0.22036786,-0.08906011,-0.11474055
CLCN5,-0.05667337,0.115544885,0.087864906,-0.015423,0.21858694,-0.2737519,0.0015808515,0.058350585,-0.060199898,0.017072339,-0.061219312,-0.016467553,-0.18920827
CLTCL1,-0.023404242,0.099975795,-0.0019392784,0.028860139,0.18736744,-0.0031040146,-0.011649613,-0.21312805,-0.10870529,-0.12795219,-0.12551558,-0.034620892,-0.16468604
RUNX1T1,-0.019890571,0.18584055,0.09060316,-0.08353057,0.109205894,0.014277479,0.017205516,-0.22420464,0.005988965,-0.026402505,-0.119206905,0.009571364,-0.07036476
GPR27,-0.08605385,0.010956548,0.08448125,0.07773324,-0.028524173,0.20274043,-0.021375965,-0.10330966,-0.12242895,-0.09550773,0.119252495,-0.08924429,-0.05990481
SPARC,-0.044296864,0.039033074,0.20949689,-0.1352152,-0.1204383,0.0016385096,0.0027760735,-0.010578268,0.1192357,0.4547421,0.0040052,0.16289099,0.017391372
ALDH1A2,0.11286325,-0.0056397063,0.027806442,0.17040522,0.012860292,-0.0912206,0.02524259,-0.19658884,0.1507345,-0.09673588,0.05033117,0.036109533,-0.23849481
APOLD1,0.067832865,-0.018085703,0.105590396,0.089944474,0.019537352,0.009727551,0.29031798,0.08021598,0.24419852,0.03715894,0.27369076,-0.031557426,0.013274556
SLC25A27,-0.052587245,-0.16402668,0.13611743,0.0007571205,0.021513939,0.12559487,0.09190346,-0.09976333,-0.12037795,-0.07246296,-0.031481016,-0.07742893,-0.12931462
PTPN13,-0.06893704,-0.08828412,0.3111418,-0.1154956,0.08813001,0.022886313,-0.002007536,0.028677927,-0.02298162,-0.013782962,-0.14111438,0.0014932924,-0.09500685
MMRN1,0.10743797,0.12094961,0.035386443,-0.0012630369,-0.0020078227,-0.03296624,0.2797776,0.044971492,0.15290734,0.04794731,-0.035499234,-0.072161175,-0.021312071
ITGA8,0.077520505,0.16618124,0.19760457,0.12413651,-0.03685191,0.22531305,0.10340082,0.07450307,0.06500694,-0.021228809,-0.03331616,0.021714326,-0.023921257
CDH11,-0.08573945,-0.059615184,0.29304174,-0.20727725,0.08892209,0.24741882,0.002845037,0.01191039,-0.0857817,0.08179537,-0.02119924,0.1350453,0.014720462
TK1,-0.057420757,-0.09803364,-0.16961014,-0.11013053,0.2876352,-0.027933672,-0.0038848233,-0.06379448,-0.022100916,0.07598641,0.1379646,-0.19669156,0.2599455
EPHA5,-0.07303743,-0.062939316,0.18008135,-0.13454248,0.072448574,0.08216461,-0.031048657,-0.04144005,-0.14584577,-0.13950385,-0.052380707,-0.20223019,0.04063068
HTATIP2,0.11451122,-0.14001255,0.06368673,-0.051697448,0.0011033365,-0.026593467,-0.010133164,0.21459678,-0.07637574,-0.037354246,0.08767924,-0.14323868,-0.0018608883
RAMP1,0.017993646,0.06382047,-0.008586583,0.29488847,-0.07185761,-0.033381697,0.035858706,-0.09190478,0.07193725,0.12572716,0.01035523,-0.4002934,0.0016619349
PBX1,-0.041323014,0.003881942,0.10890346,0.16538723,0.15505295,0.008990412,0.034020033,-0.13518137,-0.012361872,-0.012903355,-0.16384248,-0.18290253,-0.1993994
CIITA,0.29306456,0.053352144,0.0043876707,0.05862662,-0.026943773,-0.032624453,0.0033278659,0.003187001,-0.22058265,0.10710595,0.02782639,0.047724895,0.06352959
MDGA1,-0.015813772,0.053822577,0.106991895,-0.11855443,0.08837204,0.14900173,0.040127542,-0.121903956,-0.04305636,-0.12706262,-0.0047004954,0.1363957,-0.049516995
ABCC9,0.04714462,0.13165733,0.14299196,0.10135844,0.019224009,0.24208727,0.2284453,0.045421176,0.12011312,0.05653557,0.004840677,-0.17801799,-0.14009142
SORBS1,0.055171914,0.210608,0.16782536,0.28858772,0.0018552908,-0.029383369,0.04108047,-0.020200873,0.066037625,-0.12658536,-0.015955541,-0.21069701,0.0039656996
SMAD6,-0.091954745,-0.20813051,0.12069023,0.14241315,-0.006196374,0.052407715,0.057016354,-0.08824434,0.008604406,0.17435916,0.14690496,-0.19550832,0.13746601
BACH2,0.0013283557,0.110965155,0.11933325,0.06554631,0.038661137,0.29341745,-0.11773205,-0.10363785,0.057372186,-0.26052836,0.007102099,-0.0008167044,-0.037288625
HSPB7,0.019180203,0.05651744,0.008885553,0.2320252,-0.005542019,0.078830495,-0.06348094,0.018560616,0.17818286,0.13348055,0.23128228,-0.44461417,-0.091673635
CTNND2,-0.0555715,0.0162701,0.062944636,0.1561072,0.09248107,0.06340752,-0.022472609,-0.22973596,-0.088985816,-0.07057433,0.013342647,-0.027964227,-0.014371318
MAP2K6,-0.12623708,-0.06575531,0.10707653,0.03525182,0.12054324,0.0031393277,0.0021272018,-0.14476,-0.12965158,0.20065898,-0.02558547,-0.22306569,-0.1603315
CELSR2,-0.047661945,-0.016870812,0.08839608,0.2824602,0.06115179,0.21060923,-0.068386205,-0.07353166,-0.059056804,-0.11763434,0.1282891,0.13145357,-0.03315403
SCAND1,0.016256632,-0.047177874,-0.13982452,-0.019418899,-0.04819775,-0.17276827,0.037577596,-0.27738103,-0.13949865,-0.053626467,0.25317705,-0.35178527,0.1461442
ICAM1,0.2181056,0.010384068,-0.0134948315,-0.0036156073,0.08379143,-0.08972739,-0.12802666,-0.10024983,0.12644774,-0.048461515,0.18975845,0.12818281,0.3134815
RALGPS2,0.004518025,0.006227779,0.054405715,0.040143523,0.11782074,0.016506188,-0.00048571092,0.1473947,0.1064043,0.0117887575,-0.04519169,-0.06391142,-0.1422546
C1QTNF7,0.057827275,0.050771408,0.20277682,-0.19082099,-0.006249637,0.08087049,-0.0784621,-0.096714914,0.101122536,-0.15392739,-0.16006549,-0.2536656,-0.03466018
SLC39A8,0.16981517,-0.057620168,0.009030353,-0.12619819,0.08452713,0.2928543,-0.01003855,0.08081505,0.097356446,-0.05551339,0.11553829,0.04282451,-0.17056127
HCLS1,0.3266151,-0.043799013,-0.009533652,-0.05081682,-0.016397102,-0.022854764,0.085479066,-0.027185073,-0.03210681,0.0017354192,-0.008015154,0.003424799,0.031874757
DDAH1,0.0129824625,0.09674647,0.07539137,0.13858128,0.06718305,0.24081255,-0.010121893,0.13757284,0.0036869666,-0.120614745,-0.10682263,0.05298386,-0.08062243
DENND1C,0.32612234,-0.06399886,-0.0037594617,0.010382173,-0.012839206,0.007512652,-0.05672737,-0.108712025,-0.09604308,0.049432132,-0.0067766835,0.016062962,0.063661195
DGKI,0.046854716,-0.05614787,0.15815435,-0.16715465,0.05999672,0.011156313,-0.054565694,-0.1665228,0.22858122,-0.11961321,-0.080900356,0.03482824,-0.042133663
KIFC1,-0.068126924,-0.07115054,-0.102340594,-0.009461247,0.3567887,-0.26647556,0.0001529461,0.00371562,-0.034584645,-0.008146032,0.053960644,-0.1667162,0.28323627
RASL10B,0.008281551,-0.02268751,-0.03653908,0.06817779,0.10221598,0.20708165,-0.09068767,-0.3174884,0.01778005,-0.17526524,-0.26715863,-0.20592567,0.020649457
CLIC5,0.10684644,-0.09432687,0.12840283,0.25735092,0.002154103,0.0335948,0.0768258,0.038677063,-0.026748987,-0.052805975,-0.0004711434,-0.069729924,0.061675817
HMCN1,0.05157206,0.23309754,0.14728534,-0.018108001,0.07462058,0.34221026,0.0036452888,-0.025787167,0.08939371,-0.06141927,0.000430406,-0.088273995,-0.058377285
CSTB,0.15840122,-0.1880395,-0.036611788,-0.14779367,-0.004405241,-0.05363974,-0.20038185,-0.16758794,0.2657029,0.009715575,0.13825868,-0.18019919,-0.001310068
TBC1D16,-0.052170083,0.03240921,0.12827855,0.030681098,0.09185173,-0.042979524,0.012305665,-0.27725697,-0.15769099,-0.10113402,-0.016846523,0.12746072,-0.02662295
SATB1,0.068451054,0.009352133,0.02140028,0.15875164,0.10882372,0.18538293,-0.018329464,-0.079104856,0.026438056,-0.13300093,0.0001679863,0.16817214,0.05430799
FGD5,0.111017205,0.038785014,0.20178631,0.026723197,0.0016399065,-0.17587025,0.31846747,0.03997951,0.0859355,-0.02085004,-0.009255339,-0.0003213783,0.14445472
MLLT11,0.024351982,0.04369952,-0.055035807,0.043876454,0.09834976,0.053015083,-0.1113112,0.07894221,0.00657887,-0.11933276,0.1975001,-0.18945488,-0.074415244
SCUBE2,0.008964311,0.20311677,0.15840727,0.01701293,-0.07120688,-0.07560452,-0.0010869235,-0.109159894,-0.0036108356,0.10653979,-0.078575686,-0.15921155,0.04297134
MANEAL,-0.038847465,0.080047585,-0.003380907,0.22499691,0.0131730875,-0.045088105,-0.008092184,-0.1332278,-0.078019366,-0.030890904,-0.022922479,0.1548784,0.017981589
ARHGAP18,0.15870677,-0.17095241,0.09313153,-0.15173605,0.059928667,0.43164986,0.0009462331,-0.15531999,0.25722072,-0.1173439,-0.09049442,-0.01845423,-0.038884003
FADS1,-0.046234287,-0.03735804,-0.08123229,0.1256438,0.21353196,-0.00066663395,-0.07269901,0.13761094,0.06919998,0.20735668,0.05150153,0.087386146,0.11541264
MYO10,-0.07716028,-0.10232137,0.22428252,-0.0034065682,0.12025605,0.118340775,0.013341533,0.0781569,0.07055516,0.11670611,-0.019111339,0.2532794,0.011006192
MATN4,-0.09793314,0.07054722,0.012142563,0.008838105,0.051408365,0.02838682,0.001974795,-0.4174621,-0.06924636,-0.066299684,-0.0028926868,-0.016504046,0.03204549
ABCC3,0.270643,-0.020530514,0.094696164,-0.030933512,-0.0027889921,-0.020943396,-0.086470954,-0.036047507,-0.10433102,0.0340348,-0.03491015,0.17506205,0.0009165652
ANGPT2,0.006863465,0.0063740937,-0.023156146,0.025396228,0.00884864,0.0034769303,0.24598657,0.07442169,0.057538103,0.015257654,0.1785291,-0.008258022,-0.25580385
DMPK,-0.04983019,0.009357182,0.14985019,0.21345,-0.058440633,0.012048169,-0.0060508824,-0.11154252,-0.06901144,-0.052024655,0.1111622,-0.34852183,-0.020705428
CRIP1,0.05229918,0.06519674,-0.036875147,0.115950964,-0.09719831,-0.106080964,-0.0010145697,0.048899885,0.038434885,0.1228631,0.31427622,-0.16223106,0.36988392
PLA2R1,0.006524938,-0.043411322,0.29724798,-0.14474201,-0.025451792,-0.053139582,-0.0015434126,0.074510865,0.013557149,0.0154963825,0.00896958,0.09007325,-0.014228018
SUSD1,0.11995784,-0.1800406,0.1339175,0.16942868,-0.0022221934,-0.0015283272,-0.0065571433,0.12623557,0.055494174,-0.011022298,-0.044292927,-0.026530977,0.059247542
DPEP1,-0.04790445,-0.026352346,0.01756304,0.0815757,0.0006701644,0.0626261,0.017390069,-0.34319577,-0.0045667076,0.020227078,0.13354234,0.2466799,0.051290244
DTL,-0.09601579,-0.0029365832,-0.025082335,0.079042055,0.34573093,-0.0004736853,0.0067966823,0.044616796,-0.027348777,-0.10004522,-0.0006640609,-0.0043788976,0.16031127
PER1,-0.058102224,0.061573684,0.050936785,0.03699416,-0.004072039,0.00040298255,0.0059922426,-0.051122658,-0.10997541,-0.036245584,0.061507933,-0.18158208,-0.19764335
RCN1,-0.012172934,0.20529069,-0.023028038,-0.04761759,-0.02211675,0.21885608,0.019568235,-0.07667346,0.09189322,0.26695567,-0.09751063,0.049002588,0.032607347
NOTUM,-0.10105499,-0.13351983,0.05312768,0.06782108,0.0123600215,0.01126978,-0.054389764,-0.17530695,-0.08333851,0.09813108,0.18699719,0.07770478,0.16993055
CDCA8,-0.08139133,-0.023014443,-0.09464252,-0.038602214,0.38919142,-0.118433595,-0.002803622,-0.0020539213,-0.04919612,0.04370954,-0.015802203,-0.0680702,0.24754384
DDN,-0.105970435,-0.018707622,0.002773079,0.07506627,0.13028583,-0.008355096,-0.09956046,-0.1273246,-0.047937077,0.025416037,0.14757513,-0.028201252,0.02530791
GPRC5B,0.077483036,0.16942728,0.09533148,0.22962841,0.03287346,-0.10330097,0.16525228,-0.0023910652,0.16062121,-0.035985604,0.09475095,-0.10137012,0.0193045
DEPDC1B,0.000839953,-0.06082746,-0.1329967,0.09070197,0.3555944,-0.0343388,0.0017413088,0.14982198,0.0030529096,-0.0032887375,0.026698302,-0.05857668,0.087277934
PLK4,-0.04025863,0.008747052,-0.05582754,0.021004088,0.3979473,-0.02096219,0.0062076575,0.15347244,0.015294047,0.005942317,-0.0051039904,-0.010896824,0.08891442
MFAP3L,-0.026779734,-0.15285093,0.13534169,0.1905157,0.0076468578,0.11863426,-0.009075663,0.0062779994,0.07987098,0.042417355,0.02807438,-0.028789647,-0.11002849
SLC6A9,-0.108879514,0.03532259,0.123932526,-0.04426341,0.024202004,-0.12630223,0.011206387,-0.15293378,-0.108693406,0.16831021,0.09593975,0.16176489,-0.093823545
PKP1,-0.07320351,0.06439795,0.0670606,-0.10834912,0.019953335,-0.008326791,0.15847945,-0.08774057,0.01553342,-0.09817442,0.17738609,0.122697555,0.24307464
NAP1L5,-0.03140663,0.025165984,0.013492703,-0.00037745404,0.12559009,-0.065126464,-0.010835677,-0.06677761,-0.024322381,-0.03342561,-0.026003832,-0.20476894,0.022787374
FZD10,-0.004094635,-0.025561556,0.1561875,0.10286081,0.0014582872,0.13532881,0.13489348,-0.1742918,-0.03375879,-0.087447934,0.19664645,0.09754325,0.03989755
CNTFR,-0.063273706,0.18545981,0.04547433,0.17639688,0.07801485,0.052326646,-0.0019709643,-0.1528574,-0.10858687,0.041568886,-0.064358,-0.17707166,-0.0102578
ID4,-0.07537774,0.05246816,0.078553036,-0.020448515,-0.006915628,0.29803863,0.04411525,-0.14744158,-0.08841363,-0.041333437,0.21224569,-0.23088486,-0.04394963
CORO6,-0.024259102,-0.07960369,0.045288973,0.15825596,-0.011336236,0.020052828,0.0063514067,0.0028382456,0.005764047,-0.0060814414,0.12412873,-0.40266088,-0.003909755
BLNK,0.3011293,-0.014044692,0.052177496,-0.0031700039,-0.000828869,0.16137837,-0.061974943,-0.052472208,-0.17013624,0.08791531,-0.077224456,0.0029551687,-0.016664576
SLC12A7,0.013789778,-0.18286732,0.1521671,-0.08093121,0.0005643377,0.2418602,-0.042220727,-0.15002364,0.098252416,-0.22673717,-0.0045365533,-0.015488906,0.299298
KIF6,-0.10000815,-0.11368449,0.11387511,-0.05506757,0.008257305,-0.049953084,0.124356635,-0.113481015,-0.16526563,0.09193409,0.011842848,-0.13171552,0.0038244256
CDK6,0.0020268844,0.120319806,0.15567705,-0.18969023,0.062268764,0.038105965,-0.00040512084,0.14861096,-0.055039186,-0.24014288,-0.0028699045,0.19814588,0.014710369
NPTXR,-0.03784024,-0.0033714438,0.16592962,-0.011441212,0.009756269,-0.10418863,-0.014745724,-0.18941386,-0.040726937,-0.07781029,-0.08428229,0.35282224,0.022109162
COL23A1,-0.06773097,0.05386856,0.06644419,0.058512285,-0.0015409384,0.02148952,-0.0023196389,-0.3051283,-0.09641085,-0.094744,0.10795064,0.1599871,0.007300932
RGMA,0.051908024,0.21503322,0.05642055,0.069808625,-0.0116115445,0.15026937,0.0111429915,-0.16022696,-0.08798572,-0.24112715,0.02041375,-0.30686066,0.033969168
GALM,0.10002573,-0.19405106,0.06549169,-0.18125091,0.052799586,-0.06690427,-0.08315647,-0.12855342,0.15935934,-0.16473816,-0.13052216,-0.022029895,0.008918145
HSD11B2,-0.05044267,-0.105050266,0.10921368,-0.060782,0.07859891,0.12535606,0.16724941,-0.15434873,-0.018865332,0.061569117,-0.057786085,-0.18763143,0.011833012
NXPH4,-0.11289965,0.018898148,0.0026682,0.072463274,0.09434053,0.09166632,-0.059574176,-0.2214797,-0.19162796,-0.044411838,0.21683852,0.030888122,0.0008179722
COL4A2,0.10754379,0.10781543,0.11569397,-0.029962113,0.010085836,0.0078374315,0.33863524,-0.020954395,0.1846316,-0.09459537,0.25943816,0.1782875,0.0552804
KDR,0.13166107,0.008518305,0.14348374,0.01992572,0.06408673,0.08771104,0.39623725,0.07072412,0.23232839,0.016034273,-0.028963018,0.11465525,0.04692425
SYNGR1,-0.084052384,-0.042705286,0.0036716063,0.0068725524,0.063855335,-0.0036208653,-0.018475987,-0.30943987,-0.22726592,-0.1560746,0.0101650795,-0.11245663,-0.07066253
HOXB13,-0.094678916,-0.11140572,0.11081269,-0.010217494,0.0049853865,0.024527773,0.07784661,-0.069930874,-0.24045582,-0.0485884,0.03632569,0.02083092,-0.023750512
HMGB2,-0.029503327,0.037697148,-0.13559726,0.09992769,0.2856308,0.020746758,-0.00069105,-0.026229786,-0.08576468,-0.12620346,-0.07265498,-0.13281566,0.1504056
DUSP9,-0.098359734,0.06466029,-0.0039017596,0.15479395,0.10328005,-0.38742387,-0.0016348992,-0.2745839,-0.108393505,-0.03535407,0.022056183,0.073339656,-0.016877687
CD34,0.13433918,-0.014683157,0.09981135,0.005009632,0.0011822046,-0.026764825,0.47183815,-0.0640449,0.16004212,0.020660609,0.030245768,0.03540759,0.10459398
CRLF1,0.0009649647,0.09435919,0.100169115,0.089121476,-0.10033506,0.09081834,-0.06401381,0.013923031,0.024043165,0.022554519,0.33553556,-0.00092070806,0.28793144
TIMP3,0.0016606206,0.017097725,0.23254608,-0.088607706,-0.0041854847,-0.040324673,-9.3591305e-05,0.048465826,-0.14670005,-0.20383282,0.16656014,0.23272403,-0.10585205
TSPAN6,0.037871387,-0.100232996,0.107941955,-0.08105896,0.0016265456,0.038995825,-0.025721692,0.13072167,0.0030169322,-0.08889148,0.20646992,-0.04883307,-0.1491604
CBX6,-0.04533786,0.01954742,0.25298107,0.061593175,0.053792678,0.011565643,-0.002590583,0.010231976,-0.21208894,-0.2267359,-0.057224303,0.088124886,-0.0740905
EXPH5,0.15764342,-6.4954365e-06,0.13659166,0.21686813,0.005099122,0.17182337,-0.08570207,0.04949892,0.122887865,0.1317356,-0.09385325,-0.043515623,0.0987852
SLC16A6,0.18337968,-0.15786974,-0.015649254,0.008742185,0.09180977,0.12663287,-0.08888256,-0.012628512,0.2275453,-0.07727523,0.040751483,0.031698436,0.00013294371
IGF2R,-0.047283947,-0.066223375,0.13911471,0.019354332,0.1635616,-0.15309435,-0.0039860155,-0.07706171,-0.039300233,-0.14352219,0.006203905,0.28817144,-0.18533546
SLC4A8,-0.0017964913,-0.017244026,0.042405408,0.31708848,0.14818597,0.06828748,0.005778548,-0.044783056,0.066646196,0.017350318,-0.020997351,0.26054928,-0.2497418
DENND2D,0.27462435,-0.012375544,-0.037235122,0.15704384,0.00717871,-0.053310145,-0.03545854,-0.105398916,-0.14736976,0.04166556,0.0015674038,-0.035529986,0.20598851
ALS2CL,0.08166536,0.029704837,0.11974198,0.030583143,-0.083548814,-0.07862197,0.19923863,-0.1149554,0.16471851,0.14765939,-0.035376865,-0.024718825,0.21033737
SGCG,-0.08624209,-0.006314154,0.08042497,-0.013993966,0.071696825,0.045060102,0.0017709276,-0.2013951,-0.066695206,0.028552987,-0.13011481,-0.2979539,-0.15115906
RPS6KA2,0.10948492,0.13756591,0.117174774,0.027837764,-0.0044008982,-0.09426901,0.22756036,0.039754987,0.18250331,-0.015968705,0.086063415,0.22707383,-0.034945603
KIF14,-0.089178585,-0.04399615,0.006421105,-0.0011017139,0.3878804,0.07345934,0.0018481896,0.13311556,0.0016479745,0.012302083,-0.0065618786,0.009282896,0.12234532
ABCG1,0.2588483,0.0009314157,-0.032854054,0.11247278,0.013106117,0.07909295,0.21434371,0.005568476,-0.056782953,-0.0077914614,0.14418586,0.15811732,-0.12784828
RAD51AP1,-0.046389364,0.02608797,-0.11635903,0.078868136,0.33513278,0.034191433,0.013875542,-0.05699749,0.024531074,0.012486111,0.05613052,0.009681805,0.16551675
KCNMB1,0.16901441,0.113495864,0.029252414,-0.019438982,-0.016349982,0.011448731,0.11913888,0.013117336,0.031104628,-0.019509366,0.09380349,-0.12566467,-0.034888912
DUSP5,0.1478124,-0.113909826,-0.09566664,0.11583855,0.018792324,-0.020229053,0.0721825,0.0449419,0.11515617,-0.17392313,0.34894687,0.16803297,-0.002400811
GPR176,-0.08547002,-0.0053955554,0.1581621,-0.09637658,0.0501641,-0.18704829,-0.011306822,0.034906834,0.022300778,0.020032737,0.0012546106,0.19732389,0.023262277
RBMS3,0.073936716,-0.04632871,0.21350212,0.058005627,-0.07043744,0.0021014842,0.009277254,0.024476238,-0.014883809,-0.13702299,0.14468864,-0.0060898205,0.12616701
IRF5,0.29599243,-0.105559945,0.0034460756,-0.002556056,-0.010005325,-0.010664888,-0.0009796376,-0.042107057,-0.14331673,-0.01221789,0.0503635,-0.0979979,0.019516425
HBEGF,0.055302136,-0.15125598,-0.0074934456,-0.0460669,0.039547943,0.031073272,0.10173738,0.13661025,0.0151009085,-0.040185962,0.40909415,0.0022971681,-0.15636899
KLHL3,0.106276356,0.054027632,0.06427313,0.08468224,0.09192426,-0.008065371,0.12517194,-0.008061829,0.02589997,-0.10312232,0.013870206,0.12803543,-0.1152371
CEP72,-0.06674403,-0.04211051,-0.060724232,0.01577291,0.23539399,0.09340753,0.0060186223,-0.12905766,-0.09798711,-0.028382597,0.027188675,-0.029073497,0.074008256
GPR153,-0.12007175,0.12512827,0.0033041886,0.061227903,0.13380125,-0.022233214,-0.00926726,-0.22110142,-0.029899262,0.13790092,-0.02739148,0.016552636,0.19493276
CCNA2,-0.052062683,0.009825351,-0.11258988,0.022902107,0.38542423,-9.685345e-05,0.0015398345,0.062482275,0.029730756,0.020842291,-0.0027494587,-0.0029993043,0.2118713
KIF22,-0.072385505,-0.033658184,-0.0897793,-0.020549381,0.36016986,-0.18450005,0.0005603723,-0.020426452,-0.07238214,0.018125664,0.0117134,-0.104469866,0.21492016
GPR162,-0.013726082,-0.025335109,0.031248756,0.12186738,0.023109853,-0.0048644766,0.07760618,-0.27915242,-0.12672016,-0.061989907,0.2375507,0.11834407,-0.122300275
HORMAD1,-0.048968386,-0.0036167726,-0.05083598,-0.010107556,0.1219094,0.0057782666,-0.0017679373,-0.11143177,-0.07140931,-0.030971631,0.04355025,0.03275711,-0.105968446
TFPI2,0.010475335,-0.077705175,0.07089425,-0.17627026,-0.019180577,0.21384232,-0.024308234,0.016326988,0.011362526,0.009377797,0.25387657,0.0558375,-0.010335211
FSTL1,-0.00010833748,0.09118937,0.258407,-0.09913332,-0.013007216,-0.04786341,-0.0044715432,0.0051273154,0.017029304,-0.001843611,0.042366076,-0.024201859,-0.009961514
CENPA,-0.07828346,-0.09076182,-0.13986954,0.008429843,0.33792827,-0.04827208,0.0015810828,-0.036823183,0.0009037116,0.07446907,0.03917244,-0.11095503,0.13085021
GJA5,0.08824929,-0.08963812,0.18037403,-0.18090995,-0.0054494557,-0.20781524,0.28465727,0.008438123,-0.013280865,0.010354317,0.024420852,-0.21673156,-0.039501693
NT5M,-0.08495487,0.07979628,-0.03870688,-0.077345416,0.06328648,-0.08194893,-0.004255863,-0.26278883,-0.19446535,-0.050083585,-0.0019502841,-0.1415962,-0.13288066
GIMAP2,0.2826556,-0.080792606,-0.010023117,0.011335033,0.0011376861,0.31703928,-0.045923587,-0.037912264,-0.010094661,-0.0028669739,-0.061578427,0.037218153,0.11841316
RGS17,0.0057626967,0.2360079,-0.019140631,0.12905042,0.07709282,0.01995024,-0.0042173616,-0.08686,0.060815103,-0.18155585,0.124811724,0.09689063,-0.05897198
EDA,0.00019868385,0.11163164,0.14275847,0.29062396,-0.0073731737,-0.06509021,-0.0036990785,-0.011668262,0.0153371,0.06020821,0.020388829,-0.054808456,-0.09781862
CACNA2D2,-0.082295105,0.045532156,0.16266458,0.034335945,0.03765895,0.024279563,0.0019106382,-0.11808242,-0.07701866,0.042043988,-0.011765553,0.17838228,-0.08685648
PRTFDC1,-0.017672302,0.021707978,0.13255413,0.03609056,0.04144981,0.2006652,-0.0015095432,0.15463911,-0.019633539,-0.028254103,-0.03084421,-0.15603888,-0.070273414
CA11,0.06006293,0.105520494,0.08317808,0.17890419,-0.10912848,-0.047434583,-0.008874276,-0.16611964,-0.0070147263,-0.07707394,0.15541953,-0.050602358,0.004436937
CCNF,-0.020237582,-0.15561292,-0.010731814,-0.017109377,0.3058112,0.024704263,-0.11577278,-0.16161582,0.17164612,-0.01448671,-0.08779225,-0.13258378,0.16865821
TXNIP,0.16534138,-0.06556781,0.19849695,-0.02900427,-0.026579626,-0.07031047,0.0027056509,0.0054503484,-0.07615992,-0.09676245,-0.18837392,-0.096700296,-0.03981983
PLD1,-0.0157271,-0.061611548,0.26443726,-0.26040292,0.039536662,-0.011253004,-0.0037866354,0.09694378,-0.0064177234,-0.0058146724,-0.015160682,0.07465464,-0.23746802
ACSL5,0.27532288,-0.02503343,0.049714394,-0.035915043,-0.0116297845,-0.10702068,0.1372556,0.013851843,0.025075622,0.01150215,-0.0093409,-0.0071580904,0.15816262
WNT2B,0.07273323,-0.13975757,0.1700724,-0.15223634,-0.026426952,0.016195746,-0.0058977534,0.031313613,0.05143737,-0.0056864815,0.2946878,0.12627988,0.05433267
BRSK1,-0.055591963,0.08350365,0.12614684,0.105617516,-0.017737817,-0.30361778,-0.08271407,-0.016298546,-0.034009032,-0.018296037,0.056215543,-0.059146736,0.042208422
ENOSF1,-0.07856408,0.09539231,-0.026967715,0.124822654,0.13907233,0.2187512,0.0020443962,-0.067393325,-0.009329933,-0.026909187,0.088059664,0.058606505,-0.17569646
CALCR,0.098127924,-0.16976213,0.1160474,0.030275181,-0.008256538,-0.013482789,-0.13859749,-0.26260924,0.24402556,0.08514297,-0.15246893,0.003457422,-0.245575
SLC6A6,0.17368595,-0.03806716,0.15453158,-0.046343286,0.0020860888,-0.012309977,-0.0375123,0.1402279,0.100816965,-0.12555715,0.14079419,0.21419829,0.12100696
CREG1,0.23792784,-0.0149389235,-0.057407044,-0.024741083,0.08372495,-0.111024566,9.768102e-05,0.04680763,-0.18581823,0.07327906,0.0008154129,-0.21009406,-0.25252032
ADAM28,0.26699695,-0.026441883,0.061960336,0.020799529,-0.00713688,-0.045247465,-0.032891035,0.020325972,-0.10061449,0.13744076,0.037078083,0.18681571,-0.115583435
PTPRK,0.07049461,0.055902313,0.21772385,0.13474955,-0.00024113606,0.091704406,0.15380111,0.1723803,0.053644728,-0.22401683,0.00056112686,0.19606374,0.0069883317
LRRC1,-0.10544378,-0.0948972,0.060382664,0.18828031,0.10497237,0.04883147,-0.033215016,-0.10669753,0.01028784,-0.023363892,-0.11405988,0.006264521,0.03865041
SCUBE3,0.008560938,-0.090432025,0.24321584,0.078765824,-0.06309778,0.15812747,-0.0018054055,-0.047143344,-0.015317955,-0.094187535,0.17027815,0.02821595,-0.027892688
MFNG,0.29639938,0.030121746,0.02418774,0.027860004,-0.03217562,-0.06294284,0.16022703,-0.08952579,-0.05006108,0.08665607,-0.05131477,-0.07106465,-0.0026688485
GPR4,0.101377174,0.017279424,0.035821605,0.080369614,0.015126688,0.10405033,0.38053098,-0.056970432,0.24610926,0.07277123,0.23464069,0.021262664,0.038633756
DACH1,0.07023058,0.113628894,0.032333784,0.25096908,0.037493806,0.30228943,0.22420205,-0.062381517,0.16466244,-0.057928205,0.0015089323,-0.07193351,0.016513208
SAMHD1,0.25317496,-0.061219193,-0.04988364,-0.037382934,0.1097289,-0.06225522,0.042631164,-0.009592566,-0.14358458,-0.00158888,0.01263435,0.1475348,0.1874603
DPYSL3,0.061182335,0.1862246,0.18382661,-0.11503648,0.0017977552,0.00015772879,-0.075614564,0.14723343,0.09652685,0.009906775,-0.012559231,0.08713249,0.042678848
RAB27B,-0.11437085,-0.027831841,0.12449871,-0.20877273,0.1253862,0.069591574,-0.0052971626,-0.063826256,-0.16218564,0.12569962,0.003938248,-0.06235725,-0.17694367
SLC2A12,-0.054588236,-0.03049207,0.19046077,-0.06666781,-0.0003748379,-0.016813898,-0.01627763,-0.09927221,-0.12560663,-0.05747491,-0.050166078,-0.15986061,-0.05105081
MX2,0.1847061,-0.04929059,0.028260125,-0.10250656,0.0056058182,0.18818824,0.021288829,0.050026596,-0.24770807,0.07759584,0.011657246,0.0010798357,0.40628952
HTRA1,-0.00799125,0.14546196,0.13483703,-0.34446558,-0.053471383,-0.12340041,-0.025264006,-0.06855523,0.026650073,0.11050815,0.10520136,0.02062075,-0.07277033
P4HA3,0.028933646,0.20917095,0.089594424,-0.22735772,-0.0045221634,-0.1588471,-0.010525637,-0.04372747,0.057268288,-0.031085785,0.04782662,0.008452893,-0.13098426
RHOB,0.086856276,0.09283132,0.0020082167,0.119884804,-0.019490369,0.31957746,0.016235035,0.052250728,0.13274707,-0.022716008,0.29405648,-0.14195016,0.12054676
FOXP1,0.12448967,0.24164417,0.08061436,-0.004107727,-0.02185577,-0.010704033,-0.0042493073,0.048025776,0.13717628,-0.20542845,0.0005867705,0.1349178,0.07066836
PTPRJ,0.26552758,-0.16052519,0.08007871,0.07870989,0.0034120763,-0.19400075,-0.07725386,0.04278591,0.13434947,-0.03668892,-0.044171702,0.18176585,0.0032002707
ATP6AP1,0.106111504,-0.25366056,0.053673614,-0.18088257,0.024269858,-0.088981286,-0.1280764,-0.14955132,0.18477735,-0.035000216,0.059149157,0.07565818,0.072797835
TINAGL1,0.14913012,0.07022066,-0.0431941,0.115899324,-0.010546392,0.04530986,0.23575279,-0.044653993,0.08512976,0.063185476,0.10852289,-0.4606928,0.007705381
ATP8B4,0.17049788,-0.09067097,0.20765874,-0.10356482,-0.030297257,-0.009783875,0.006822637,0.230669,-0.107132964,0.010930049,0.021467248,-0.0033219429,-0.10377193
ATP1B1,0.083300196,-0.10130451,0.046780616,-0.016708681,0.088919245,0.0066910237,-0.07619394,0.06256554,0.024949646,-0.081838325,0.019342417,-0.14390524,-0.055589035
SLC2A13,0.0065283994,0.1596235,0.122660875,0.1653376,0.102544814,-0.013802533,-0.012414757,0.105403624,0.12181442,0.18968357,0.02099292,0.26750457,-0.010328687
CPM,0.24175651,0.08306393,-0.062359028,-0.0324712,0.092556745,-0.0993749,0.006182581,0.074182786,-0.032599397,0.07161311,0.025005374,-0.013253815,-0.23125768
SPSB1,0.10701219,0.1955978,0.08269926,-0.04180006,-0.024962615,-0.16820136,-0.05838103,0.010261155,0.03635464,-0.1596155,0.22044528,-0.011621901,0.15117218
TXLNB,0.15517418,-0.07926686,0.061277755,0.08680661,0.008661415,-0.0466792,-0.023195421,0.0054192487,0.043978836,-0.122710265,-0.042547826,-0.38849887,0.03186429
MMP1,0.051026214,-0.18364869,0.053607266,-0.123658344,0.03402951,0.32021764,-0.09325177,-0.13209066,0.2856633,-0.1985245,0.13285068,-0.048092872,0.101138465
PER2,-0.008234823,0.1403554,0.22189595,0.09470332,-0.027175378,0.07949415,0.0053184954,-0.045370243,0.009158221,-0.09564627,0.03062875,-0.04430699,0.04389011
ST6GALNAC3,-0.023809066,-0.058048032,0.028955286,0.068686634,0.16364108,0.0474984,0.115148745,-0.22794436,-0.026851032,-0.05131401,0.008214016,0.0025463616,-0.26882344
ARMCX1,0.025076618,0.18599202,0.12743221,-0.04275063,0.044507828,-0.048658594,0.002582805,0.06573394,0.011104207,0.16062243,-0.014002887,-0.13618606,-0.02110043
ACVR2B,0.027176224,-0.06904972,0.1119966,0.33334318,0.15703951,-0.14806926,0.062568635,0.046188418,0.038765732,-0.25679773,-0.09657925,-0.00875294,-0.06439085
NBL1,-0.0030873972,0.024720596,0.1384248,-0.12917994,-0.08725042,-0.26674056,-0.011154356,0.05429445,-0.019446563,0.04991258,0.22739865,-0.004281965,0.05178235
TMEM97,-0.12129059,-0.08022371,0.040082473,-0.07410891,0.18612583,-0.0012860545,0.0016622808,-0.110287786,0.0011977159,0.27797562,-0.12954451,-0.11108278,0.058330454
DPF1,-0.09229864,0.089469545,0.010360265,-0.019834297,0.17545402,-0.21733572,-0.0033502213,-0.07965485,-0.20876871,-0.096667685,0.046818953,-0.041349124,0.039437447
SFMBT2,0.1708719,0.0024392765,0.1974896,0.22956361,-0.011298441,-0.010773103,0.12204831,-0.037476756,-0.07512556,-0.1565554,-0.107933134,0.099653035,0.07376534
RASL11A,0.1060948,0.13519886,0.017541518,0.08211927,-0.016812364,0.06739888,0.0015991131,-0.00702833,0.054813854,-0.12683357,0.1676163,-0.13918446,0.0051069413
HS6ST2,-0.056985956,0.11874924,0.011384204,0.08528654,0.07690644,0.21317378,-0.0020893442,-0.14209108,-0.07360576,-0.17289768,0.009235535,0.029033273,-0.082696915
KCNF1,-0.008579245,-0.007859771,-0.023531808,0.1865818,0.00662287,0.061537273,0.15895994,-0.22015272,0.028189361,-0.07324559,0.22655693,0.12146222,-0.03144929
TRAM1L1,-0.04122609,-0.067172654,0.112786174,-0.034761563,0.0092120245,0.2911285,-0.08329303,0.024525706,-0.1471224,-0.12565495,0.035106514,-0.08088687,-0.042448632
PLK2,0.08654732,0.05951548,0.018563928,-0.024095753,0.06872692,0.3260646,0.29647073,-0.08907554,0.04177707,-0.09512729,0.02818636,-0.009540525,-0.0956045
NRN1,-0.05966198,0.08827564,0.031028677,0.09734053,0.06398655,0.063341886,-0.09174301,-0.2402869,0.015755335,-0.0011805231,0.11029,0.1907212,0.030677145
DNMT3B,-0.101174064,-0.0033490278,0.008458089,0.010600171,0.28050125,0.0068299337,0.075273246,-0.1267948,-0.052953985,-0.0445096,-0.13339734,-0.07800406,0.022610875
EFEMP2,0.00436958,0.13335894,0.118282884,-0.010952702,-0.045814965,-0.06761077,-0.057901006,-0.12789764,0.049264163,0.15953878,-0.013826956,0.0075368555,0.06793091
RCSD1,0.23263118,-0.030688826,0.054862905,0.011291369,0.027845142,-0.01340751,0.27630728,-0.049530987,-0.13443235,-0.09435946,-0.14796476,0.09931492,-0.09619918
LRP8,-0.046799902,-0.07911548,0.05659231,0.019651987,0.13588303,-0.006830962,-0.09450749,0.25979733,-0.040877808,-0.1125038,0.1158951,-0.009672446,0.19963433
NXPH3,0.06449818,-0.04474116,0.16220921,-0.05843457,-0.013224573,-0.03733075,-0.021594629,0.092267595,0.035620842,-0.08253095,0.24136488,0.060493443,-0.021771573
P4HA2,-0.04466427,-0.014342458,0.041265856,-0.06544536,0.124579646,0.022319816,-0.107215986,-0.0033615604,0.10317895,0.30649707,0.13952892,0.016938014,-0.0350588
ANK2,-0.071162686,0.064379305,0.189754,0.19359612,0.060789853,0.2191357,-0.019459384,0.053393237,0.017536893,-0.015017879,0.0625539,-0.04023175,-0.011326588
RAD51,-0.040905993,-0.023107346,-0.1667692,-0.029081386,0.3230754,0.020854484,-0.00534634,0.028767666,0.011510935,0.07071032,0.042361084,-0.016160296,0.18118736
PLXNC1,0.26782987,0.14370656,0.0627535,-0.037971534,0.083873846,0.012526732,-0.08593704,0.076951906,-0.13344616,0.049342494,-0.032344233,0.17214943,-0.19895907
SALL1,-0.10289267,-0.17685223,0.13309123,0.13155156,0.015015603,0.17415465,-0.071080744,0.038490765,-0.112404846,-0.07247986,0.16547395,0.16281869,-0.028648872
SCRN2,0.005241359,-0.02045063,0.102181315,0.06825185,-0.03481922,0.13455784,-0.085831426,0.08919028,-0.067538194,-0.064809315,-0.028518416,-0.08464807,0.3416271
UCP2,0.29024255,-0.032967437,-0.07938214,0.06762764,0.07136075,0.007398901,-0.005265616,0.06448147,-0.05525291,0.121521644,-0.00556446,-0.1002388,-0.01201363
HMGB3,-0.035343267,0.07775561,-0.06269102,0.09572178,0.23572364,-0.064143024,0.01931352,-0.1602391,-0.019186616,0.015440673,-0.02239302,0.12492971,0.021829883
EMX2,-0.0033863587,0.2371596,-0.045330856,0.028836498,0.010518374,-0.13848083,0.00085121125,-0.14394082,0.0380063,0.00714323,0.08811043,0.021930702,-0.08029043
CD6,0.23812896,-0.015805624,0.0011393169,0.12473082,0.0015566112,-0.028046481,0.014549671,-0.08145914,-0.21071717,-0.06380111,-0.00017419427,0.17886165,0.16493204
DENND2A,0.05126237,0.110444635,0.09633743,0.10029251,-0.05716579,0.103301756,0.09961447,0.18030074,0.05952832,0.086182065,0.03500147,0.01650618,-0.016332963
RECK,0.0049100984,0.1758417,0.26861188,-0.07281656,0.029297259,0.059834495,0.07052085,0.093310945,-0.09542498,-0.060969293,-0.0633474,0.15336715,-0.04777241
ABCC1,-0.015037341,-0.041007802,0.13005547,0.0031936606,0.16234165,-0.22305043,0.0030479662,0.08372995,-0.15021585,0.09824659,-0.0034431724,0.18106289,-0.0024417187
BCL3,0.18981,0.09360263,-0.07949399,-0.08909414,0.01636419,0.13537216,-0.0043251207,-0.041914612,0.07289854,-0.09424672,0.22313993,-0.2324979,0.22966489
CD109,0.04083238,0.11267823,0.15594548,-0.142831,0.006227308,-0.04710726,-0.20542264,0.042021554,0.25804046,0.09448211,0.15865676,0.18279916,0.11251754
TMEM71,0.13280238,0.06820632,0.045512844,0.028434878,0.071795486,-0.14909981,-0.03376356,0.012657542,-0.09954279,-0.16596328,0.08508629,0.16312484,0.08197677
SDF2L1,0.06164257,-0.15674552,-0.102323934,-0.00068219076,0.008436588,-0.15670288,0.00031889704,-0.05344474,-0.0849746,0.014449178,0.27141064,-0.07214749,0.026450321
INSR,-0.041665416,-0.02029089,0.10954159,0.09298404,0.011373697,-0.3140054,0.25125274,-0.109884635,0.05461423,-0.11229765,0.009540011,0.20206934,-0.040578425
MYO5C,-0.0058726883,0.10529427,0.05770884,0.22969748,0.09100627,-0.026995782,0.006955229,0.020258768,-0.025665835,0.067319386,-0.006778435,0.21323106,0.0851608
SLC9A5,-0.12093053,-0.01632323,0.06523742,0.010901436,0.046741877,-0.1559039,0.011495224,-0.15464535,-0.076312356,0.08978212,0.12447739,-0.034804013,-0.02610476
KIAA1671,0.014518679,0.037858963,0.23570827,0.13590886,-0.06268297,0.10988142,0.14545141,0.03672478,0.04273071,0.040572587,-0.015011274,0.08386498,0.17247424
ATF5,-0.06763236,0.022452848,0.042823058,-0.013738528,0.06726981,-0.2806909,0.017855307,-0.117768504,-0.1944124,-0.090989046,0.19995853,-0.036783364,-0.0070616673
NEO1,-0.107781306,-0.030452026,0.22687742,0.007590148,0.115932316,0.1329882,-0.009011828,-0.07914483,-0.14068055,0.041392677,-0.12936896,0.056197274,0.0170325
BDKRB2,0.12753846,0.15910374,0.09928608,-0.090144575,0.0189175,-0.10321475,0.011822049,0.047889754,0.18530308,-0.098518156,0.07393765,-0.02181534,0.084852904
ATP10A,0.023438752,0.1034331,0.14445467,-0.015164126,-0.019786678,-0.30263007,-0.04697561,0.17566049,0.018051267,-0.006510069,0.15036127,0.19789562,0.198863
PITPNC1,0.17025094,0.15363607,0.017893167,0.15356553,0.0061816513,-0.06383583,0.07790083,-0.020045511,0.13704944,-0.097603545,-0.02764389,-0.0075352746,0.06976951
GJC1,0.0057155164,0.16351637,0.029026996,-0.0076762424,0.20234604,-0.01088324,0.09620051,-0.18835932,0.14978202,0.0145900985,-0.06411239,0.022027498,0.15462013
SSBP2,0.031190457,0.09164914,0.025726346,0.15831096,0.035627697,-0.026255736,-0.004883418,0.0033748082,-0.04669941,-0.20214468,-0.003767162,-0.11261416,-0.042150207
KCNN3,-0.01777378,0.018741358,0.28417748,0.06649526,-0.0049462034,-0.09271877,0.16435415,2.4439189e-05,-0.0015729099,-0.075339824,-0.011631827,-0.016874585,-0.047603786
SPAG5,-0.09070479,-0.0055953115,-0.090214685,-0.015843425,0.36725125,-0.004065413,-0.030803721,0.042353682,-0.015573186,0.046769094,-0.042046838,-0.014730871,0.21380542
KITLG,0.0996449,0.10446039,0.1632154,-0.06700845,0.11603492,0.09412248,0.22087806,0.17443153,0.120667174,-0.07439216,-0.029706495,-0.06255532,-0.097631946
WNK4,-0.11492342,-0.027399017,0.14159784,0.22646095,0.023824265,0.03432475,0.009952928,-0.2391076,-0.111855745,-0.08183145,-0.005770589,0.048203047,-0.059035923
SAMD4A,-0.028727239,0.19073734,0.16149843,0.1715318,-0.0018756877,-0.06434112,0.0039161677,0.21667661,0.025452668,0.1066008,0.118941925,0.08225066,-0.07456633
PHKA2,-0.053357344,-0.04266228,0.199996,-0.09991381,0.06428417,-0.049331345,0.000840782,-0.039075185,-0.18970352,-0.16500358,-0.012819372,-0.038943604,0.067859344
TLR8,0.32018617,0.020609943,-0.029967006,0.006895794,0.030335948,-0.0016133328,-0.059781134,0.0029471454,-0.15791614,0.12057934,0.001059149,0.06438457,-0.16305393
E2F1,-0.110861264,-0.05343421,-0.16487516,0.041917317,0.27402583,-0.09465529,0.0036808683,-0.034331102,-0.012451242,0.013272558,0.09989463,-0.018825216,0.15142202
ADAMTS3,-0.0758189,-0.04235373,0.11046696,0.002624273,0.09107849,0.24359652,-0.038936775,0.038616955,-0.088852204,-0.089115955,0.008149789,0.097925685,-0.013326354
HOXA4,-0.13676965,-0.07964397,0.035561655,-0.0013789936,0.1277372,-0.08736609,-0.0011729167,0.025798302,-0.12741688,-0.12558012,0.17102264,-0.1886914,-0.010822271
APBB1IP,0.22398983,-0.047307137,0.020270525,-0.12283017,0.008015624,-0.0071817404,-0.0148649,0.14651376,0.05218681,0.017693719,0.031032855,0.010607688,-0.09700895
DOCK3,-0.04900816,-0.023475442,0.07666296,0.22652711,0.0018771477,0.15166305,0.093069986,-0.16470863,-0.039720837,-0.044167764,0.0011341731,0.21067284,-0.10121135
UHRF1,-0.071258806,0.0027412619,-0.02505416,-0.042087916,0.35060185,-0.022405889,-0.00012262628,0.02206184,-0.001815069,-0.08128063,-0.0068732784,-0.0040494553,0.15303968
LRRC8C,0.16786496,0.11739103,0.04257375,0.12685359,0.09275686,-0.09818607,0.11060264,0.20241587,0.024126783,-0.16683498,0.16927345,0.21887639,0.16699521
MMP16,-0.0831648,-0.13547176,0.19432862,-0.007615861,0.11039152,0.076785654,0.0022321583,-0.021349486,0.046340436,0.1740549,-0.027660728,0.016622677,-0.110491484
CDC42EP3,-0.01751606,-0.1644661,0.13745475,0.1787871,-0.021558559,-0.0021844762,-0.063536316,0.041813917,-0.0035313163,0.08938915,-0.0019980413,0.11695167,-0.0089708185
EVC,-0.011451375,0.21522373,0.18629989,-0.108100526,0.059900057,-0.12502632,-0.05531513,-0.018300682,0.043737326,0.092918314,-0.071014255,0.20539734,0.006645926
TSPAN2,0.017967477,0.13131051,0.025219835,0.10102369,-0.0006540361,0.034550007,0.017545437,-0.044513073,0.08202197,0.078974515,0.22035192,-0.0011495746,-0.03414259
ABCA8,0.12813786,0.20038217,0.15504086,0.12089374,-0.041511644,0.007047887,0.0068388823,0.021785429,-0.05895106,-0.018766873,-0.027594157,-0.32748273,0.06575462
TRIP13,-0.080044046,-0.023919834,-0.09804228,-0.1091352,0.31208917,0.0027206505,0.01691974,0.015051179,-0.00038334756,-0.0012731571,0.010727711,-0.14074084,0.041913062
P2RY1,-0.029125594,-0.17823586,0.14129901,0.0023972504,0.1109664,-0.017520295,0.06914427,-0.06615228,0.0027432002,-0.0018235416,-0.18424879,-0.19288176,-0.23481661
LNX1,-0.030648317,0.014130725,0.12951699,-0.01499813,0.13341409,0.0014202135,0.0015239959,-0.0116845695,0.092019714,0.026427379,0.0055284263,-0.009320168,-0.10159749
E2F8,-0.059655853,-0.03424604,-0.0321968,0.04751345,0.3746006,-0.10443415,0.028744316,0.06343909,0.008479391,0.0915424,-0.025239903,0.004156926,0.19828762
GRIA3,0.0013045069,0.06973776,0.08876912,0.109895326,0.022874473,0.1278227,0.012841436,-0.18416715,-0.004472775,0.012690987,-0.019902715,-0.16619857,-0.25899535
PDLIM5,0.002715761,0.0076077906,0.16260974,0.008298355,-0.0038369254,-0.16472375,-0.046213765,0.30840465,0.11077273,0.041432638,-0.004621089,-0.02117764,-0.04384641
NGFR,-0.0014116018,-0.003929918,0.12268021,0.13886112,0.00014070324,0.058069292,0.1990924,-0.26870695,-0.026733713,-0.03801842,-0.012534628,-0.13243362,0.076023094
SP100,0.16341364,-0.04576228,0.1261765,-0.08476931,-0.022349035,0.18543972,0.011242813,0.20208234,-0.23731014,-0.026162839,0.019791821,-0.019338787,0.41173753
BRCA1,-0.08824054,0.0076191886,0.015974475,-0.03415203,0.34991488,0.13517562,-0.0008857123,0.17231098,-0.01676332,-0.06931974,-0.0817647,0.096780896,0.15515758
TAGAP,0.2957264,-0.027999349,0.021583186,0.0002767876,-0.0019749806,-0.040810518,-0.054580446,0.037171893,-0.129889,-0.010286037,-0.024155404,-0.027792623,-0.00031726382
ST6GAL1,0.21169797,0.12030445,0.05343332,0.06457895,0.00083596946,0.11422188,0.12231822,-0.0084157325,-0.084858835,0.020418465,-0.07259196,0.11456386,-0.054280393
YIF1B,0.085682474,-0.06093997,-0.099546336,-0.10109183,-0.028203228,-0.18098317,-0.053896684,-0.09479232,-0.007182249,0.03794778,0.13759646,-0.31709245,0.23388463
GAP43,0.045239534,0.15022062,-0.008255286,0.07109078,0.02419446,0.017723607,-0.05803753,0.04653727,-0.006110451,-0.025983756,0.15632027,-0.17768252,0.019345066
LIMK1,0.043249134,-0.13968477,0.12105829,-0.20007007,0.102048375,0.0020961566,-0.078195974,-0.006578807,-0.08307116,-0.20216197,0.024300808,0.13486044,-0.074279234
PROCR,0.1299172,0.081449814,-0.0015184437,0.0005811785,-0.005445907,-0.1676812,0.17418604,-0.007948779,0.26254687,-0.020899681,0.22273204,-0.075774305,0.032094024
PLCE1,-0.02301734,0.15398292,0.21551013,0.21949929,0.00023768382,-0.051246386,-0.025257792,0.25859505,0.081080444,0.007453025,0.051410053,-0.066369675,0.0054232622
KIF15,-0.066639245,0.04325683,-0.05076098,0.00551258,0.38717076,0.11323233,0.0008657173,0.05539182,0.027903447,0.020493578,-0.014638715,0.044703275,0.1437757
DTX1,0.04449213,-0.033325862,-0.0021345029,0.013682834,0.103641614,0.0053290944,0.12988937,-0.20137921,0.14275603,-0.1871105,0.2056329,0.12100888,-0.029432315
PDLIM3,0.098859735,0.18463486,0.043095183,0.10055016,-0.019992715,-0.0048489296,0.011074714,-0.020584071,0.06510669,-0.09448238,0.1260184,-0.35933343,-0.14529786
TMEM117,0.0039086463,0.039704274,0.09607898,0.3730433,0.0052230437,0.17800133,-0.13912658,0.017099429,0.025956567,0.046330146,0.06756825,0.10820625,-0.0084503805
COL25A1,-0.09666317,0.062416445,0.15894474,-0.044711772,0.07353589,0.012691947,-0.0009445101,-0.22628823,-0.17133687,-0.12138963,-0.13363962,-0.039282907,-0.21603402
HSPH1,-0.018532887,-0.03182143,-0.0043174224,0.08699719,0.19818212,-0.009625504,0.010327518,-0.056241497,0.029562585,-0.18656589,0.28509322,0.074923605,-0.21049875
UBE2S,-0.098039426,-0.042494193,-0.1983431,0.023281515,0.24968494,-0.10927561,-0.0042806175,-0.119849384,-0.041765884,0.04209251,0.2270665,-0.22113611,0.20779754
GAMT,0.034265503,-0.08263031,0.024254078,0.18448217,-0.09460722,-0.12025266,-0.13121672,-0.08083545,-0.079754375,0.006900013,0.0872017,-0.24146467,0.24958323
LRRC8E,-0.029412417,0.005044259,0.11125654,0.10250617,0.07419477,-0.0019384042,-0.19448131,0.008520647,0.12631641,0.29943636,0.1595018,0.17202586,0.17416771
ANLN,-0.04321859,0.011714268,0.033772834,-0.1461087,0.34506154,0.23331594,-0.05453226,0.27469036,0.0037893183,-0.06120929,0.016330158,-0.028881619,0.10124404
PTPRS,-0.14929552,-0.058686227,0.22586446,0.06333428,0.1036269,-0.021319026,0.00017272237,-0.11808216,-0.11618416,0.14427266,-0.1023695,0.12294151,0.13084878
GRK5,0.17166579,0.17541835,0.02634368,0.08405867,-3.0247345e-05,-0.037430495,0.22962849,0.025242789,0.085820995,-0.10406438,0.15116736,0.0351565,0.14003311
STAC2,-0.03966533,-0.10500625,0.12227219,-0.07168875,0.009923208,0.14150167,0.08687973,-0.089705,-0.029973395,-0.06197954,0.0030728555,-0.37756357,0.050395455
PARP9,0.17635635,-0.064080596,0.15265583,-0.13565657,0.006806681,-0.05453575,0.0029124953,0.16113289,-0.22382218,0.0637758,0.017721517,-0.091042995,0.38187587
CMTM4,-0.10314736,0.05559124,0.24437068,-0.065583035,0.07268489,-0.051289752,-0.04619445,0.025414672,-0.02753115,-0.05667458,0.014070436,0.13176857,-0.015639279
NEDD9,0.030836629,0.03312781,0.25417495,-0.06605673,-0.037085112,-0.057410058,0.012117081,0.14182118,-0.14190318,-0.06618519,0.0050072563,0.010314139,-0.087675005
FCER1G,0.31044713,-0.031231197,-0.057754762,-0.07594935,0.0003371257,0.00047304074,-0.070122585,-0.046983656,-0.114986405,0.14542134,0.00089888496,0.016266948,-0.1105184
NR4A1,-0.017193638,0.12986162,-0.044251245,0.12293359,0.071600944,-0.14927138,0.08564873,0.038405698,0.039606206,-0.034634084,0.4575278,-0.19722268,0.10472869
FOXM1,-0.10101975,-0.029212909,-0.018751154,-0.04657943,0.34982678,-0.06481676,0.005704454,-0.024170566,-0.00547941,0.0040530562,0.016983945,0.10677155,0.23457876
SYDE2,-0.109871596,-0.15652516,0.21977624,0.1849354,0.058253117,-0.20905465,-0.008313288,0.022902807,-0.08079941,-0.1160995,0.014033149,0.0050928686,0.041658062
MBP,0.2731384,-0.09016756,0.09041384,0.0053740754,-0.0036005445,-0.08697219,-0.09099967,-0.06361644,0.08785798,-0.082366064,-0.06549549,0.028050672,-0.024341475
WNT3,-0.07723778,-0.033181753,0.1699853,-0.027340723,0.036791824,0.015505561,-0.034613267,-0.13687421,-0.13019359,-0.05189285,0.052302286,-0.019309962,0.014975622
FRMD6,0.00036945904,-0.0842033,0.27808532,-0.17942424,0.11561722,0.013503752,-0.0011915698,0.12962003,0.06535474,0.0073795333,0.09752633,0.021900116,0.010187816
TWIST1,-0.13201359,0.021581851,0.0087151155,-0.3143597,0.13309924,-0.022055618,-0.009555511,-0.2241762,-0.12913999,-0.03521284,0.17616224,-0.18407634,-6.244286e-05
CASP8,0.16693966,0.01106317,0.11002675,0.041038826,0.03871582,0.19828713,-0.009857179,0.21540602,0.004319467,0.06987502,0.16182591,0.1420982,0.13333109
TNFSF13,0.27545655,0.058104444,-0.02557968,0.02831015,-0.00025654462,0.2953465,-0.03527144,-0.052163225,-0.18016088,0.13584691,0.003477963,-0.07777002,-0.08525406
EPB41,0.1636695,0.054695223,0.03713245,0.25584924,0.15949212,0.2029515,0.0011244412,0.12139449,-0.05693364,-0.12880023,-0.25453013,0.024190819,-0.028189693
DCK,-0.036377035,-0.027405066,-0.046413008,-0.04867998,0.31211367,-0.16716982,0.0029004435,0.15592876,-0.02564935,0.020112284,0.12969552,0.023191573,0.008028206
RHOBTB3,-0.008620427,0.18743752,0.052882116,0.009563633,0.12737556,0.1469472,-0.004814425,0.006653736,0.084622405,-0.011966358,-0.011211081,0.037492838,-0.17918633
NAGLU,0.087694995,-0.16978455,0.10493817,-0.2544111,-0.011810374,0.050530802,-0.09917336,-0.08130958,0.1795876,-0.00688695,-0.00686777,-0.06642031,0.15413496
JAZF1,0.040718198,0.09852164,0.22526573,-0.13464162,-0.002815049,0.32355052,-0.0018024573,0.20507568,-0.06731782,-0.0962285,-0.054695275,-0.1499217,-0.026555715
TLL1,0.051258307,0.19995917,0.12021993,0.019472051,0.0012821108,0.22311707,0.0053852163,-0.023558106,0.03952059,-0.08136355,-0.003703491,-0.11220389,-0.066787764
ADCY3,-0.098558515,0.086385965,0.11263209,-0.1470786,0.12405029,-0.05554735,-0.0015863223,-0.10376019,-0.0041013244,0.033309605,0.07487835,0.069791034,-0.031463012
RUNX2,-0.08151324,-0.1835285,0.20376863,-0.027327357,0.12210241,0.11465594,0.048600953,-0.023314672,-0.01982469,-0.010873457,-0.087096296,0.11358255,-0.013368604
ARHGEF6,0.005811626,-0.109099664,0.24130395,-0.021469189,0.0070280666,-0.13369186,0.005164224,0.1643281,-0.17707956,0.07967182,-0.10581786,0.14816834,-0.05477595
POLQ,-0.08442075,0.03034289,-0.044089403,0.11100569,0.33279902,-0.022506192,0.0049096458,0.09016638,0.0121809,-0.0019882813,-0.10290203,0.052025467,0.0621911
SLC9A2,-0.10275539,-0.1302554,0.12628499,0.16098325,0.12408427,0.024878446,0.026410032,-0.12672439,-0.13802518,0.10555498,-0.0763443,-0.25066257,0.026758045
SLC25A10,-0.10971281,-0.16254085,-0.0519076,0.054865282,0.15658878,-0.006040343,-0.034831308,-0.22581455,-0.09199939,0.04336483,0.025484925,-0.23565517,0.18928565
FOXF1,-0.02344335,0.059712045,-0.006039647,0.09017198,0.049241588,0.09834385,0.026410108,-0.24743724,-0.13346882,-0.08295288,0.18056545,0.10455582,-0.04503742
PRRX1,-0.004063982,0.08575389,0.27282664,-0.28890982,-0.0016010002,-0.07478943,-0.0064809215,0.15811522,-0.021861592,0.04598842,0.14404406,-0.03021015,0.08525991
ARG2,0.06788492,0.10429368,-0.06980366,-0.09312142,0.17750883,-0.049781196,0.04934085,0.01428061,0.07578012,-0.1617592,0.25573024,-0.084477715,0.047328763
EPHB1,0.079389475,0.005274606,0.10556597,-0.010017896,0.042456847,0.036504056,0.3738771,-0.10160057,0.15882128,-0.01875513,-0.01783636,0.21661332,-0.052051432
STK38L,0.093230724,0.1948153,0.08086187,0.08121395,0.009198784,0.25016072,-0.0059375297,0.1914427,0.10922475,-0.085913956,0.21815935,0.22144252,0.00914527
TLE2,-0.06548446,-0.032946117,0.15187074,0.14515267,-0.056857787,-0.15119916,-0.009267891,-0.29944715,-0.16002442,-0.20707539,0.079470985,-0.045116868,0.03498862
RAPH1,-0.049876142,-0.13066493,0.2700451,-0.03384729,0.07468131,-0.02236469,0.0040070824,0.13037527,0.09507574,-0.0009244127,0.008821158,-0.04432686,0.08266082
EDN1,0.1628427,0.16167556,-0.0014613837,0.062228415,-0.002870425,0.050620463,0.040034544,0.025529554,0.046006974,0.06747643,0.05562345,-0.18805327,0.03739751
ASB9,0.06333202,0.046001133,0.017878927,-0.055201437,0.07187739,-0.05604497,0.10238272,-0.028265873,-0.011187355,-0.04051479,0.04949665,-0.14365374,-0.20693438
TBC1D9,0.18794703,-0.15206756,0.10131708,0.0030777757,0.029813956,0.4438316,-0.1495591,-0.07416668,0.20961453,-0.05280072,-0.14878409,0.09295241,0.13770653
PDGFRB,0.07548908,0.04171283,0.22154397,-0.23791364,0.0056131654,0.027519627,0.17907868,0.006036816,0.06174837,-0.12004244,0.019204471,0.099795006,-0.04414011
CD5,0.23915005,0.015171497,-0.033577733,0.11225295,-0.0029505563,0.005538842,0.0043760315,-0.024087053,-0.26516935,-0.020072682,0.0013306304,0.06663353,0.22445439
PDE2A,0.111984625,0.016368106,0.16054326,0.016591718,-0.027218578,-0.11516741,0.25464794,-0.0033592365,0.1645157,0.092608675,-0.07196447,-0.19484407,0.08553051
YES1,-0.01380296,0.09545054,-0.008196238,0.076204926,0.21560082,0.2965531,0.08490462,-0.012175382,0.14660099,0.0025910796,0.013975576,0.05230489,-0.16248623
PPIL1,-0.026006106,-0.074558675,-0.025754085,-0.034488335,0.12522855,0.32091755,0.035147574,-0.02480964,-0.09698536,-0.0946933,-0.016133964,0.020458305,-0.0024880683
PON2,-0.00014492233,-0.094415024,-0.007838133,-0.05534996,0.20875101,0.070465446,0.028291097,-0.044323377,0.037427317,0.0013828442,-0.012474562,-0.07316262,-0.234586
UNC13D,0.26116338,-0.1178895,0.00782342,0.0035843097,0.009148554,0.029364932,-0.106002204,-0.15143979,0.019374982,-0.11764782,-0.01141738,0.008894352,0.14626949
KIF23,-0.077638306,0.002149404,-0.09382215,-0.02821199,0.3721285,0.054175388,-0.00020390253,0.09537634,0.015308112,0.023868352,-0.0051631546,0.04502014,0.23533478
RAB42,0.1912232,0.076397166,-0.025620194,-0.04610031,0.047114693,0.13044785,-0.066378266,0.025788074,-0.14322715,0.111941084,-0.13633986,-0.098635234,-0.037287172
PCBD1,0.09844548,-0.21156497,0.006721122,0.12793736,-0.049270738,-0.21678959,-0.09576875,-0.0071298275,-0.049438488,-0.13395245,0.054834474,-0.27058896,0.009243637
MAGI2,-0.03491663,-0.0050078523,0.13849905,0.11628001,0.010837899,0.252983,-0.0074239247,0.0440198,0.09710823,0.021598365,-0.05149341,0.13229169,-0.0346489
CBX2,-0.075079605,-0.015600629,0.08052877,0.14936565,0.2142855,-0.0002968548,0.034022246,-0.12399894,-0.13316846,-0.16820367,-0.1730832,-0.014555609,0.059106056
SRGAP3,0.08113285,-0.11674091,0.26009873,-0.15428191,-0.0020865242,0.04449093,-0.08158752,-0.13094068,-0.05987406,-0.15245433,-0.1515283,0.056956936,-0.018609602
NOSTRIN,0.12305928,0.030573413,0.08231734,0.11990164,-0.014140095,-0.076318115,0.26635534,0.012565339,0.13444185,0.14886883,-0.06560535,-0.33359903,0.17312826
IQGAP3,-0.052276853,-0.008038938,0.034286447,-0.036795497,0.33619353,-0.17740527,0.0052473573,0.13498199,-0.015099174,-0.029173953,-0.05958503,0.06619526,0.13921532
DMD,0.14925273,0.116096884,0.06763384,0.14561774,0.0014356452,0.075404644,0.0049514603,0.10983507,0.01986427,-0.15496908,-0.013394168,-0.18269485,-0.1514884
GPRC5A,0.05529007,0.1656359,0.052502334,0.14304624,0.0023351938,0.116021276,-0.115254864,0.13213435,0.10617953,0.0926246,0.32724482,-0.20477496,0.09872297
MEOX1,0.123806894,0.22191201,-0.06372195,0.12455112,0.007109839,0.026045578,0.1127743,-0.049284644,0.1097202,-0.04453218,-0.083591044,-0.28641325,0.14183725
FAM43A,0.036364514,-0.070211776,0.11845356,0.14822292,-0.070530385,0.029025745,0.22943792,-0.02236194,0.04410119,0.14693503,0.13506326,-0.1126571,0.025911288
ZSWIM5,-0.019178702,-0.0016755405,0.076633066,0.26725578,0.13265339,0.013764411,0.0100162765,-0.09886785,-0.035499003,-0.005729909,0.023779817,0.12577952,-0.17194344
SARDH,-0.07532869,0.032966327,0.19309647,0.0029113279,-0.07392127,-0.25148183,-0.025692485,-0.14048715,-0.12359035,0.04032831,-0.04999755,0.006059925,0.045581844
MARCKS,0.04310655,-0.013141672,-0.01705867,-0.14408766,0.11087513,0.21092233,0.07568365,-0.22140686,-0.06364757,0.11351293,0.02831139,-0.13970193,0.014851302
ADAMTS17,-0.033273153,-0.031628765,0.21394528,-0.011601445,0.00097155897,-0.005717716,0.021713393,-0.017372228,0.018218016,0.1529919,-0.19766852,-0.01628343,-0.03295985
ITPR3,-0.0140074855,0.011439689,0.24497998,-0.041653004,0.0048577595,-0.08745578,-0.0038178375,0.15914758,0.0062499447,-0.20415084,0.15077567,0.26197276,0.3028568
STOX2,0.0459078,0.070743345,0.23048705,0.156967,-0.0065041934,0.0012035725,0.13954878,0.1305587,0.005827786,-0.10440423,-0.08974758,-0.12818259,0.07275298
ESPL1,-0.08241706,-0.094602,-0.020930046,-0.006655436,0.3487059,-0.13683477,-0.00032075137,0.06146077,-0.0064611924,-0.062091507,0.038178355,0.038475584,0.2381396
LIPG,0.024606453,0.16294846,-0.07890034,-0.032307982,0.14577685,0.17249085,-0.0005965975,-0.1684005,0.010466955,-0.1908615,0.02914289,0.24547392,0.18197045
ARSI,0.06159784,0.26008618,-0.035354618,-0.13073635,0.04738645,-0.040984727,-0.030358132,-0.17301063,0.08852914,0.04340608,0.18456106,-0.0055382955,0.046541918
CALD1,0.073149234,0.21039999,0.16813116,-0.22288403,0.0016638674,0.29710376,0.0014904108,0.12307649,0.11848279,0.017201876,0.0047470913,-0.010042267,-0.09335263
FGD2,0.30585486,0.023997542,-0.010334391,0.07283675,-0.0004947242,0.040728293,0.035246924,-0.020511178,-0.26154467,0.1432641,-0.004150585,-0.03416707,-0.01599104
RASGRP3,0.15966742,-0.021464372,0.06485639,0.037601348,0.012985522,0.039400134,0.41511,0.024873333,0.18695527,-0.017690517,0.00065873156,0.105643295,-0.0075374898
MYOZ1,0.042415615,-0.014493865,0.070172586,0.1443914,0.0021448245,-0.009702128,0.018773574,0.009199054,-0.02774153,-0.06669294,0.067275934,-0.49574134,-0.05384103
PHKG1,0.025946975,0.04541319,0.14012963,-0.0075346935,-0.059621003,-0.08151126,-0.05604972,0.08786166,0.044242356,0.0381275,0.026730923,-0.37815088,0.0164561
ABCC5,0.061101854,-0.13475506,0.13939205,-0.043409154,0.109085284,-0.030367313,-0.07900311,-0.08673249,0.21515141,-0.22949103,0.0008804365,-0.074637055,-0.041680817
SYNGR3,0.004872262,-0.08932512,0.07794486,0.077408955,-0.0014426245,0.068560444,-0.14485659,-0.26444182,0.06653624,-0.13307743,0.06469681,0.07020272,0.05249782
ITGB7,0.19095439,0.02750684,-0.0693408,0.17449073,0.010424549,-0.06337807,-0.005380938,-0.15533783,-0.24148943,-0.031806115,0.16109864,0.08423916,0.2563001
IER3,0.08599118,0.019325927,-0.08671777,-0.0822872,-0.0040477817,-0.13389826,0.0017172557,-0.034070104,0.045911327,-0.05181252,0.5256673,-0.1239353,-0.14583331
PTEN,0.099284224,0.029962879,0.18647368,0.109372646,1.2944506e-05,-0.07318158,0.038495306,0.18444164,0.104737446,-0.14541522,-0.052942142,-0.012989603,0.00056596886
TPM1,0.03075841,-0.03936372,0.14201772,-0.1904843,0.00977193,-0.027456218,-0.015535051,0.053175732,0.013915038,8.382826e-05,-0.015332656,-0.26877764,-0.06922793
USP49,-0.059488762,-0.0956163,0.14447732,0.08201747,0.041352615,0.2776532,0.10711075,-0.006957833,-0.1333012,-0.22522734,-0.022532385,0.028292442,-0.019245066
SDC3,-0.041127786,0.1044063,0.1745185,0.12592722,0.0009155208,-0.014024854,-0.030312466,-0.14886884,-0.1488157,0.066032596,-0.080708005,0.14665513,0.07304489
ENPP4,0.033946473,-0.1781714,0.09095893,0.1921725,0.017104898,0.07810968,0.023972314,0.18993305,-0.064455874,-0.1457498,0.02143385,0.10526391,-0.0596029
MYBL2,-0.0610474,-0.047579657,-0.17085703,-0.029059498,0.33034518,0.035528492,-0.0058661373,-0.033173002,-0.0036887056,0.14175832,0.032679223,-0.014456947,0.15511511
DST,0.0076920046,0.035056017,0.29110423,0.054971267,0.04088498,-0.0058033452,-0.08823999,0.34511206,0.06846745,0.010642562,-0.0062080426,0.10636928,0.10650881
SHC3,0.065640494,-0.18039778,0.10234016,-0.16188614,0.010512185,0.054242726,-0.12788159,-0.23920768,0.30430815,-0.04677365,0.12856583,-0.017483285,-0.028215514
ATP1B2,-0.008068137,0.09074364,0.13602507,0.24518193,0.07186635,-0.028858986,0.117490076,-0.28544807,-0.035426304,-0.03963256,0.010554622,0.012930585,-0.037702832
KLF9,0.013100186,0.15079828,0.14001414,0.013392127,-0.07205549,-0.118375726,-0.0050941943,0.16339248,0.05401385,-0.062024366,0.05074011,-0.17941566,-0.01623627
CCDC69,0.1849042,0.020974696,-0.034832414,0.23605579,0.009700076,-0.007289362,0.056492366,0.0010115595,-0.066422135,-0.06573382,-0.051882125,-0.012721949,0.012771579
TPD52,0.09253161,-0.08896116,-0.01343804,0.33169356,0.08150263,0.1326023,-0.073222406,0.07579712,-0.07881415,-0.018950557,0.0137778595,-0.14896995,0.0828126
TMEM106A,0.24490277,-0.063072346,0.06301799,0.02793623,0.051446874,0.20084187,0.0011200438,-0.008585598,-0.17040628,0.14611238,-0.14001523,0.008598448,0.15801238
MICAL2,0.052752383,0.10621651,0.11201601,-0.2577806,0.052788053,0.04091392,-0.01799327,0.11582548,0.12307097,0.0055890004,0.0857876,0.21970442,0.06645131
SERINC5,0.001717251,0.09344881,0.18824983,-0.06169551,0.08596075,0.1870058,-0.0052599898,0.050557796,0.10240135,0.02695627,-0.022641933,0.15027027,-0.07876936
CDH6,0.10091073,0.14859673,0.08739178,0.20983352,-0.0010280526,0.027469719,-0.0022310356,-0.052062444,0.035660025,-0.12893273,0.05153965,0.012636359,0.06389665
SLC22A15,0.017240295,-0.06744934,0.037543476,0.0405257,0.14153334,0.037286937,-0.009333473,0.15897685,-0.18269734,-0.017388256,0.17811583,0.25024238,-0.08878504
ADAMTS6,0.05939813,-0.049849987,0.20835753,0.12283577,-0.039344113,-0.022679517,-0.02272975,0.18229452,0.07926757,0.014601948,0.12198271,0.06673372,-0.012952681
GMFG,0.2445839,-0.090976484,-0.06358541,0.000615492,-0.10040735,0.35395417,0.07877239,-0.058399957,-0.028533574,0.0709461,0.015045955,-0.14171791,0.08270027
MAP3K8,0.1986293,0.07349998,0.025962524,0.07901239,-0.009581377,-8.873069e-05,-0.007897505,0.13827942,-0.05715613,-0.14285043,0.18212417,-0.17045754,-0.102550805
TMEM119,-0.11087621,-0.08101371,0.15087605,0.0039537917,0.0039658807,0.040918835,-0.0020303153,-0.11174603,-0.034897372,0.39626038,-0.0019686231,-0.005595516,0.09162911
TNFRSF1B,0.28608236,0.037168592,-0.055974446,0.047932252,0.0025800331,-0.01682476,-0.0008516971,-0.12654303,-0.18841188,-0.014156468,0.0967456,-0.06572681,0.005248254
C1QTNF2,-0.04293567,0.23311552,0.069175676,-0.15536878,-0.0018848696,0.030117432,-0.08034011,-0.06906998,0.008628228,0.17011271,0.16479203,-0.16811371,0.10671712
SSPN,0.011167985,0.14903358,0.14552751,-0.120892294,-0.011415231,0.27334458,-0.019806644,-0.050058186,0.08967093,-0.030605862,0.0001425667,0.03264965,-0.01995438
CA13,0.15277916,0.11460159,0.042570926,0.21094538,-7.115821e-05,-0.005000559,-0.022633616,0.047423366,0.06807108,0.11656657,0.10069022,-0.15802625,0.03796025
SPATA6,0.002743289,-0.023416044,0.21489412,-0.12197871,0.009074534,0.011192347,0.092924334,0.07476508,-0.013426451,-0.093637325,0.025607882,-0.15754056,-0.103024445
FZD6,0.07863262,0.01972746,0.07042362,0.16245042,0.066686675,0.33256593,0.031522688,0.18707742,0.16679904,-0.07668926,0.14622925,0.19801377,0.085845575
RNASEL,0.13556111,-0.07787019,0.22192694,-0.102028616,-0.0051586726,-0.06725693,0.0057667103,0.15419635,-0.119898856,-0.11048394,0.118828945,-0.008502192,0.26290336
MYH11,0.07996087,0.1706667,0.17911083,0.15300448,-0.018385548,-0.056250628,0.08241818,0.016463673,0.020172574,0.010672631,-0.031691734,-0.37870008,0.16176997
ENTPD1,0.2120446,0.08822275,0.08246123,0.039919555,-0.01470228,-0.1296253,0.28709075,0.029670175,0.15343222,0.09354215,-0.03726741,-0.022391388,-0.0016088879
RRM2,-0.015086106,-0.0038208615,-0.09457677,0.0021054347,0.3459268,-0.13047843,-0.057326667,0.0897015,0.11857758,0.07885819,0.073730454,1.5100753e-06,0.12056731
SLA,0.290039,-0.026663274,-0.014232693,0.1195479,0.026183026,0.09467258,-0.009238047,0.043870352,-0.18193772,0.114647605,0.017728481,0.11525149,-0.10003768
KYNU,0.2766327,-0.051964372,-0.03256245,0.00093702617,0.06795725,0.087699875,-0.082333915,0.08275647,0.010775971,-0.04492637,0.004754688,-0.035808664,0.10168698
ARHGEF9,-0.055212583,-0.043915134,0.2266739,-0.07795312,0.04562364,-0.34491938,-0.0035608867,0.048133243,-0.035962693,-0.10603973,-0.0023026376,-0.06711516,-0.032354828
MMP28,0.102047965,0.14445925,0.03552242,-0.14647599,-0.008305431,0.25240234,0.26316652,-0.19925106,0.114369944,-0.042655665,-0.003992052,-0.20930518,0.14290766
PEX6,-0.04258707,-0.14001375,0.01793153,-0.051752906,0.07010097,0.19718806,0.07095902,-0.19152561,-0.08338913,-0.2147277,0.013765458,-0.030090323,0.1544987
NR1H3,0.21783248,-0.1785178,-0.07127142,0.0154580055,-0.00570447,0.00397542,-0.06572597,-0.18755549,0.04954095,-0.11701975,-0.001594654,-0.045066718,0.21450514
TNFRSF25,0.032670274,0.013365556,0.068648204,0.036726233,-0.053465754,0.0066205403,0.04585681,-0.24069989,-0.21611413,-0.09016405,0.04023165,-0.005362118,0.122761354
CREB5,0.046558205,0.13564993,0.11127513,0.013015906,0.014814114,0.18058945,5.9688547e-05,0.100803204,0.046206158,-0.19015385,0.1434226,0.04456315,-0.14212553
PLXNB3,-0.06891973,0.08542137,0.10152428,-0.0704752,0.013303019,0.012514176,-0.03554057,-0.19337769,-0.06975653,0.03273318,0.07336699,-0.041290533,0.026422901
ANTXR1,-0.008119536,0.12376613,0.282684,-0.16867587,0.0029440518,0.3212527,-0.00291255,0.06563731,0.00091221783,-0.034204025,-0.075782925,0.2017612,0.011658061
CSPG5,-0.037111703,0.12675808,-0.09111393,0.26202908,0.104566835,-0.09606625,-0.0048326557,-0.04130475,0.0062369485,0.10454297,0.023815129,0.0802997,0.073340565
CD3G,0.20233512,0.0017243647,-0.029841956,0.17472082,0.0019307564,-0.00075243745,0.009805607,-0.084831625,-0.25670153,-0.10230199,-0.029173834,0.11307237,0.20190619
APLP1,-0.10642251,-0.08872102,0.12146237,-0.072331645,0.02655005,-0.003907793,-0.023648906,-0.14489613,-0.12661524,-0.014841494,0.19066598,0.017540958,0.036375947
FANCD2,-0.05769554,0.00845625,-0.060228687,0.037643492,0.34520626,0.23931059,-0.0009787799,-0.0019501251,0.016205603,-0.007149725,0.01827004,0.096363686,0.025544005
ACACB,0.048336703,-0.011540142,0.14074169,0.13070974,0.1215891,-0.04135795,-0.0144623695,-0.027288614,0.004102907,0.025984343,-0.08930315,-0.15284678,0.025980594
GLI1,-0.10866404,0.03827532,0.025238853,0.16397789,0.04403587,0.058488563,0.011308978,-0.3079498,-0.0061664176,0.009370793,0.0058487654,0.04701874,0.050409466
GALT,0.042602155,0.15422244,-0.009093991,0.13947529,0.009846611,-0.16210864,-0.07161302,-0.121801704,-0.09049292,-0.029655,-0.014558232,0.012228319,0.03870447
ADAMTSL1,0.058455177,0.19745265,0.12205633,0.08532702,0.0063858726,-0.15634713,-0.036189314,-0.07522451,-0.020667983,-0.009237633,-0.040401176,0.16977593,-0.1359241
EPB41L3,0.0520592,-0.050164707,0.10026109,0.18705986,0.011156905,0.0047533186,0.025982894,-0.08141174,-0.22133526,-0.10460421,-0.03061292,0.06482452,-0.20446794
SIM2,-0.08171743,0.14165385,-0.002927288,0.004603333,0.104417995,0.058817983,-0.0074024047,-0.27231708,-0.22667404,-0.17185263,-0.017764565,0.1878406,-0.015356403
TAL1,0.008636429,0.025653323,0.056316804,0.11314832,0.00482606,-0.28077453,0.16733532,-0.18122463,0.07416072,-0.022983668,0.040373173,0.18319146,-0.040704686
KL,0.006401722,-0.08979224,0.19331788,0.080026776,0.0062633147,-0.010750064,0.051841132,0.03216658,-0.009995822,-0.09425173,0.14399976,0.20134479,0.009229001
LRRC2,0.034182042,-0.11384474,0.121893845,0.005474445,0.0034770826,0.122398265,-0.1435399,-0.1786363,0.18933931,-0.10162437,-0.0077722967,-0.5242953,0.067041695
MCTP1,0.25911638,0.078409225,0.037395243,0.21150848,-0.00048545402,-0.12202681,0.040350262,0.076863535,0.06943901,0.048397254,0.0035905775,-0.11125876,0.00059114536
B4GALNT4,-0.09295682,0.0980656,0.010998553,0.13185586,0.08974783,0.01620467,-0.02023158,-0.2268525,-0.17047572,-0.10364019,-0.035500858,0.07116261,0.010955055
HOXA9,-0.07025553,-0.00057793624,-0.002134331,-0.05638811,0.13357964,-0.006378172,0.009851778,-0.08386563,-0.121556945,-0.15318991,-0.068286784,-0.13264923,0.03209878
SH3RF2,0.01985083,-0.04220509,0.1863178,0.0013762203,0.0011020714,-0.024092542,-0.0097337905,0.060697366,-0.016380616,-0.04895144,-0.034865003,-0.28820932,0.08917584
TMOD4,0.10852551,0.080953516,0.08624226,0.1631269,-0.008977947,-0.002594909,0.0023836086,0.024377337,-0.0050117974,0.002096872,-0.016862338,-0.55548203,0.04685236
ZCCHC3,-0.08870602,-0.044413522,0.05011826,0.16979246,0.17639999,-0.008059902,0.095935985,-0.24420889,-0.20097494,-0.11877145,-0.08883528,-0.02077845,0.0023892445
ANGPTL1,0.002640742,0.17440785,0.16072439,-0.004550902,0.0026474067,0.07521364,0.019880373,0.02147437,-0.014596338,0.007305413,0.06309417,-0.30737412,-0.044021506
ADAM23,0.021341741,-0.16354066,0.1256952,0.052739292,0.036531456,-0.00012333052,-0.009175133,-0.113807164,0.010801101,-0.18315454,0.15385328,-0.02346118,-0.051597152
PARP12,0.2187658,-0.096086726,0.085588686,-0.10311413,-0.01854664,-0.10558986,-0.007652888,0.16212758,-0.16118124,0.0030555069,0.04054488,0.013156194,0.28421015
CHST2,0.072560474,-0.0033869701,-0.063371226,0.10099996,0.11355017,0.17193498,0.23103535,-0.17269133,0.11299886,-0.12021445,0.038159892,0.14770089,-0.033158675
BAG3,-0.04433559,0.027205696,0.10467223,0.06787206,0.018267822,-0.274159,0.026706828,0.11812419,-0.037748493,-0.14242941,0.27196518,-0.20590578,-0.12102374
GLT8D2,-0.027927615,0.02914396,0.21032666,-0.21969014,0.001574875,-0.012097542,-0.08268011,-0.007528226,-0.03337137,-0.034580696,-0.0022763351,-0.011636663,-0.03219665
FUT4,0.16208589,-0.13722934,0.12223824,-0.089269824,0.05899231,0.0769598,-0.086711235,-0.0034087445,0.20614415,-0.08326263,-0.16476655,-0.010670444,0.28203613
CDH24,-0.11214886,-0.083562955,0.17578633,-0.08021072,0.13199775,0.0015159893,0.01907987,-0.026590869,-0.17734855,-0.12709422,-0.0026637858,-0.01930645,0.11993219
GPSM3,0.2858351,-0.12822855,-0.006184725,0.014144576,-0.0053644613,-0.03788268,0.005264193,-0.046472024,-0.06919135,-0.013036128,0.012219094,0.018497325,0.032548808
PIPOX,0.07953507,-0.17330167,0.04319032,-0.15380995,0.03165065,0.303034,0.20352018,-0.09673742,-0.075971775,-0.06772208,0.011455674,-0.061441027,0.008877251
PRKCZ,0.007693356,0.11202778,-0.02909801,0.19783615,0.0011902336,-0.17918895,-0.020060409,-0.26568192,0.15910931,0.013088197,0.075628445,0.14737694,0.03175022
IFT57,-0.057836894,-0.13585486,0.09637558,-0.10027393,0.041625448,-0.047007494,-0.0005878852,0.0032175197,-0.16594335,-0.12214351,0.03231144,-0.049458653,-0.019846767
MARCO,0.18248396,0.057631917,-0.12873521,-0.022102647,0.11238002,0.013345222,-0.06921601,0.03741661,-0.051492643,-0.0041532353,0.15155725,-0.26992235,-0.26582175
