,PC1,PC2,PC3,PC4,PC5,PC6,PC7,PC8,PC9,PC10,PC11,PC12,PC13,PC14,PC15,PC16
COMP,0.008750839424873091,0.05280524519317041,0.025695113585712213,-0.005316606793650238,-0.009438634508146151,-0.012033931851477617,-0.026769331782078135,-0.003185733766073991,-0.005882334660972143,0.040411977458433584,-0.0038604951997458776,0.01173616822092637,-0.03233118862422483,0.00436575721305143,0.023396574241026088,-0.000849765060693217
ASPN,-0.0008516261547164405,0.05967485220589991,0.01883606669366261,-0.003810187020813778,0.031533174756553185,0.003626355613635778,-0.034008048669209645,-0.021161815522940067,0.0339028601799238,-0.02801832075761327,0.007034253314373984,-0.0055576602248995285,0.011200385644948628,-0.014348827627191424,0.060449277225179,0.012869808112339114
COL22A1,-0.017974643043847157,-0.04519056932077412,0.026379104764185667,0.0010437329780967,-0.03345232211379746,0.03126811811743352,-0.04579839515497058,-0.03515789877022013,0.02881853098315883,0.0059776572896849175,-0.019819395348869426,-0.014550900418410413,-0.014675617345407633,0.05811830369513031,0.015466854132033013,0.020281459433117845
CA3,-0.021605545443783698,-0.025956330929659446,0.015681929403977043,0.014809047454804505,-0.04633632086815303,0.028617646718210855,-0.026629649239823458,-0.02301278816986852,0.040795338193528624,0.021619240265929995,-0.01704321540658143,0.02743687688487497,0.06260251684324253,0.02566557691173686,0.013197191279705874,-0.006272005538620523
HAPLN1,-0.012200490835245017,0.049672647344272715,0.012892246781743527,0.010192530171472737,0.01599416048592229,-0.017186987546246042,-0.040635726559094414,-0.024689811320573636,0.018581882438159465,0.0018263291665921218,0.030432761016411645,-0.0025381988015489958,-0.012987277003524936,-0.0695783884156017,0.06699227040261518,-0.0345189999625357
CHAD,-0.0020663210087715246,-0.011174976149285814,0.043127083340552756,-0.028375038685469863,-0.028979024839676945,0.005476283498261268,-0.03825158977726479,-0.026447202438128543,0.040141239812579034,0.0008098225488451863,0.02314861727173581,0.014260725572359124,0.01237922150576254,-0.014181562090694344,0.006051312491206799,-0.0058657309867115055
CA12,0.014443383164131065,0.05781079839833478,-0.011125060574833309,0.006591783928176673,0.027059990098595853,0.031381484686097146,-0.018501250759299315,-0.012843358968856902,-0.00020563623014007684,0.03567703342277449,-0.013288008869006497,0.008530505966794284,-0.0032885484224498803,0.028412407977801323,-0.0021370395405505326,-0.028702123295349227
SFRP4,0.036562119820209335,0.016639365690116297,0.0288429479757516,-0.03375428724181237,0.03995619969565216,-0.007932321855563904,-0.014852454627380683,-0.001711785674344164,-0.0021154649719214496,0.015614732551491945,-0.007338123442194463,0.004225768580609624,0.044435944335043435,-0.005638374284718759,-0.008642012113666494,0.0274732574799328
FMOD,0.010774540875525004,0.0263085822163421,0.04532934888737403,-0.04614927444480663,0.011618330602880408,-0.011225891198041515,1.1724352466555696e-05,-0.02660826231710378,0.008357599731285999,0.04675340455738693,0.024811445072323062,0.011888365822393741,-0.039660332099987414,0.007089335753498236,0.03259755714514849,-0.01277144212729609
COL11A1,-0.008073089353956411,0.04603327304626314,0.023596454173120996,-0.0002138977689127004,0.017724592703052496,-0.010510133700345214,-0.034951576570635357,-0.04863273465095588,0.013842937956019848,-0.023962538765671088,0.02804118311270695,-0.00591669117691933,-0.01665195948817318,-0.013425511580445516,0.08396584715846389,-0.014317256949090237
SFRP2,0.016310200730154115,0.03901269603643075,0.027966704060527366,-0.006024517231802789,0.0027655229616318317,0.0008278236624690693,-0.01813394227114478,-0.004658709012467939,-0.011386834201217647,0.03488304067218152,0.02788553699229976,0.025205725713460136,-0.008904128694994538,-0.011764341477123677,-0.01716509789985528,0.022182679307775125
MMP13,0.002219974720511578,-0.03742214026792695,0.021816820441578157,0.003484215664900496,0.025225280888680604,0.028880514318551882,-0.046643083553262965,0.015188709876473274,-0.01942922455228726,-0.026314875311269716,-0.018002852355171274,-0.014707327977858063,0.034934822908678505,0.014432423654082167,0.03627916972314484,-0.001684653766958579
POSTN,0.005202962980502305,0.05551273182748134,0.015760403835907016,0.0020174102631664794,0.030852916816302433,0.014107138001340145,-0.031184611231728537,0.008248984128064957,0.018833733950711872,-0.03520945153441612,0.014615023160646185,-0.04089919179653716,0.038530827581162254,0.007213144785730229,0.00021307528053686464,0.009806599636812238
SLC36A2,-0.031061129919818412,-0.04141111494726414,0.02508623041037667,0.006928481163248186,-0.03945953064923307,0.020194045571320613,-0.03292967879466402,-0.020303526914318273,0.06638336327684252,0.007947889531411664,0.006953846623600762,0.010444428278704326,-0.0050893896511398865,0.04881342081504296,0.01236576249171396,-0.005075379690873115
DKK1,-0.011424222563705367,-0.01855929457969803,0.025962979660456548,0.010553667223602525,-0.04605621639642794,0.011699339636346184,-0.01690559335172245,-0.04863973352715712,-0.016500517598800682,-0.005126207041856389,-0.016822873718059267,-0.020022155808061055,0.022721781009907512,-0.009428904710657753,0.026436699427547707,0.051089876700774736
IBSP,-0.01829253001625825,-0.04139238796272784,0.022337953413713193,0.0029120223278808906,-0.017973542722083485,0.04130644467546338,-0.05838602076230945,-0.027048217439698215,0.026837384398593806,-0.006376436000409708,-0.008183827786524836,-0.02037043623618267,0.011600726499813073,0.05664599648625417,0.042663159236736414,-0.004940934265185521
THBS2,0.01636989598111643,0.06287129738283719,0.017209514371144662,-0.001826848920156361,0.03030707021363283,0.017752553569987405,-0.026458816594293052,-0.025688207643906984,0.02134532073009597,-0.009852419520875632,-0.022896663720864532,-0.005443784203777959,-0.019012651553591522,-0.008470364210360369,0.049095939194984506,0.006944422228622609
ACP5,0.018685898127315262,-0.05670477738996497,0.015738275173310914,-0.01566760341183148,0.042877450570567334,0.05052839099579887,-0.051762561591026005,0.010932144448187518,-0.02005392400595208,-3.891526443697106e-05,-0.009821837779500782,0.005301245328355637,0.024068809758013822,-0.02249950923226093,-0.005382913428917581,0.011826090959410297
CXCL14,0.027966709356077188,0.03459018291673014,0.03293051648387322,-0.030028496508087046,-0.00024570100558945606,-0.008917351862135946,-0.013357493068652394,-0.00857107356472835,0.02093852952621338,0.02514518238215918,0.05122997355418034,0.018064892436874144,-0.008748549124464102,-0.011808786902321095,-0.02675632453407301,-0.006562945494238196
IGFBP2,0.009311500239474156,-0.007377954077796006,0.021028183752605248,0.00315380420902739,-0.016698661072068483,-0.03627478207140461,-0.02283782461278225,-0.026427401390999385,-0.03961724058188451,0.017050697144653338,0.020914012734444373,-0.00034212626927553687,-0.006432215121028491,-0.007827678374679455,-0.07127868676381417,0.019908241522377863
FBN2,-0.00787627441709389,0.0155557643764659,0.020991563334068656,0.048078592295731915,-0.020792364462039536,0.020693816108593895,-0.02200952207169395,-0.032499382264717956,-0.026240514887139434,-0.03478047207074417,-0.00031429138479406246,-0.024751549516517892,-0.03606518006266082,-0.021354749603342764,-0.02404372211821096,0.007496199294333853
C3,0.041731334963065074,0.018961440609915805,0.023643514428423933,-0.0018318788847666463,-0.0035232803953999855,-0.043641469236822446,-0.008998933155598682,-0.032869401590288304,0.011515110612047812,0.007849449580300578,-0.005626834355547016,0.00875732135051742,-0.01506474532616423,0.03147889972359251,-0.01865235187751486,0.009462668053360516
FNDC1,0.005386552717216152,0.04058591798024995,0.0407236393001309,-0.02345889740118054,0.008308980199692687,-0.006393990824759098,-0.027514562739736008,-0.04338073774432896,0.03663188809699054,-0.014428598911567473,0.004996191598734303,-0.00820965198910762,0.008457654591935319,-0.03499267551592925,0.021478454212087925,0.026874641753823456
CDH15,-0.012795815532676218,-0.050972568306424985,0.02031859030351489,-0.0032332146162258116,-0.0153920393828306,0.018076091340745063,-0.02895641668133451,0.017524948702455617,0.055490413554334345,0.019373557134618264,0.01544433016075522,-0.005829432907094362,0.022206723904859758,0.045162070512856825,-0.017675279307282254,-0.009487674193254796
NKD2,-0.011931436970747198,-0.01389220403366344,0.042399220373214246,-0.030354891336332807,0.01780736922376859,-0.03856853758533977,-0.004426642318119039,0.02541793043557245,-0.018397414507935916,0.013472234305038681,0.06772220260678884,0.010630645173442699,0.01258761291829043,-0.005256749718895623,-0.0002889622760855193,-0.014125265975718131
RARRES2,0.029625376124605675,0.04384121680262864,0.009124013684316382,0.010670432006734504,-0.01214027639744164,0.006874601269647607,-0.021666458609949965,-0.011879590643703447,-0.010697643058735424,0.021204522850377428,0.00953096880505382,0.0331576287726634,0.003840646531010422,0.01863585427208768,-0.009427954772467167,0.018103857991617053
MMP9,0.014600166953173505,-0.05701607055684334,0.01962733742716747,-0.013699078158935356,0.046676129342798967,0.05189821233770373,-0.045188728363384674,0.001229643637557259,-0.022124737643145768,0.002902017349438349,-0.004284321144399134,0.004763128052199729,0.0021631591902457233,-0.02983249127948759,0.002083370696078362,0.006201838088222789
IFITM5,-0.02868391575658404,-0.0406214552383332,0.018934501459824768,0.008761316629450532,-0.0465188239203901,0.016814263237097334,-0.0599298764301112,-0.024185103322613224,0.03876700616431539,0.011954360807071074,0.01192451482956422,0.004981537016132385,-0.013406142282040063,0.046870354381431945,0.018156964040521632,0.02423291559460659
MFAP4,0.015817757623487243,0.0646455071600994,0.021468272281220446,0.010024558407515658,0.0031115140006107407,-0.009276401911006392,-0.018936299937473745,0.0015490734182840842,-0.02269155145266518,-0.004938975260098249,-0.00800785111521111,0.032400635418215466,-0.004107176672123073,0.037424237508679514,-0.021241012418232178,0.025077428642526364
IGF2,-0.008438193454692045,0.004451068603754193,0.05566844812722864,-0.013398500765340248,-0.012360141834120533,-0.04283487388277579,-0.013762361828646208,-0.01615410636104425,-0.05007093903917339,-0.022397229655098907,0.030106452526372243,0.007238351836053902,-0.02101050913754249,-0.00867033265852195,-0.008006474048382402,0.00788364846431993
IGFBP5,-0.010552479506202438,0.02159080387457608,0.034366850344159594,0.025100257621724447,0.01752785802335479,0.004071593168496189,-0.023049010305775487,0.02432733480711625,0.01153903915895714,0.008211082698165211,0.040867937085081754,-0.010018107774260338,0.02216398373758756,0.004602283544008527,-0.06966548915915337,-0.022147602313896717
COL2A1,-0.028687343068358535,0.021123495199103354,0.0253307760121467,0.019959088250178995,-0.01207382560199882,0.0001440633900000322,-0.04651194942533949,-0.022755299902998814,-0.015451970806753344,0.013672885648390833,0.023500978432822263,0.009668797091632896,-0.03867878811199948,0.00013945598860564366,0.04812861940468886,-0.030338966246763625
CPXM2,0.009528170191998222,0.01741394133516099,0.04075169500677549,-0.013057086556901281,-0.031059239653086823,-0.04014825432812946,-0.020584207024911684,0.005251504428187057,-0.013404903862759023,0.012549747808482647,0.0032381449440625353,0.01707011794664523,-0.01828099327754967,-0.003250670878766458,-0.009799957145848087,-6.558556848501249e-05
PTPRZ1,-0.020786917219767803,-0.03703426687629952,0.03414682337576644,0.022541529854798712,-0.03537128190607701,0.03650352129351473,-0.008209750315894843,-0.03459179646010079,-0.00952041090289839,0.013585614520014572,0.005520677003027195,-0.0004554606810556385,0.020917042443750106,0.023572038058757613,-0.01440933217229498,0.011533692740140577
FGFR3,-0.043126573520911246,-0.00017682295333083147,0.02890813106707691,0.00993338323832149,-0.028223878580237494,-0.014618283055798393,-0.038716668817461095,-0.012066765508566984,0.03148129509038413,-0.006705546608188214,0.03088486778060925,0.013767146337298822,0.009115745319750356,-0.03159920851025431,0.03188698688105768,-0.027894801731485917
PI15,0.013367271025834009,0.04811430781536313,0.021437181623724686,0.009114698990157783,0.010715681578353654,0.019303278485307485,-0.009910489858603403,-0.026636670518544788,-0.005101781692692263,0.006785914422141439,0.03494578845163725,0.04563936232860431,0.003445243899346459,-0.006030629074870521,-0.014143450586132669,-0.02534670958254199
NGEF,-0.016202414237950703,0.014547685142755357,0.025478836761191986,-0.028100604418711657,-0.01838531930107714,0.0023590791180778067,-0.0034249758765382467,-0.05258636957285388,0.02274653168306197,0.07817487379859568,0.04042970209566716,-0.014170382283333087,-0.05146711039863718,-0.033423972277512294,0.02329809359474203,-0.01677768347644673
ACTA2,0.028856683430568186,0.026512217614991115,0.01819531891927772,-0.010783916000726475,0.013204199808562012,-0.003847300580173325,0.02150836846543362,0.03206718900671422,-0.007331525981245454,-0.007740011699372328,0.007604362118993998,0.021207615980037436,0.035082967176421447,0.030678575865061054,0.029140722296195673,0.03168539673013221
CCDC3,0.005179544954799415,-0.01956035649016965,0.038008583571127075,-0.018172106581144588,-0.04185479909037373,0.0034087088245423735,0.02094521094269875,-0.041521791647056785,-0.004494951809299107,0.044511262912204176,-0.0020247940966270223,0.004785954996843685,0.02116218115374604,-0.030322897180923257,0.011700685186920695,-0.015595247344188821
C1QB,0.052314191135680047,-0.00947994282624772,-0.007472747867023743,0.02129438669394383,-0.02164493799429894,-0.05863198995832365,-0.014350367175023693,-0.011538376185229723,0.03656183635508018,-0.005795630716502187,0.004149582790787533,-0.016529263690145835,0.009501912461408222,0.009157495203864573,-0.0009023884058314523,0.027977957570725888
SOST,-0.02570777151149416,-0.03464136812398856,0.0307440624001763,0.01279264402845675,-0.04661278569531914,0.008665299209528087,-0.05145576565434503,-0.035287496642125056,0.0012148462361007595,0.004246659100356249,-0.0022427255931405958,-0.00898947992243436,0.020809867784774533,0.02480768391315902,0.039305244000873006,0.026815148533559235
COL3A1,0.0045592708425187325,0.0665144566020127,0.022008498896074893,-0.00350960926832048,0.029132645072310576,0.03181836685148674,-0.023324976276110708,0.0014321026211487984,0.033624653019715595,-0.025472421228635116,0.026476760597189463,-0.005592583643506059,-0.005889442167606389,0.004681561862293056,-0.02210745205835813,-0.001534389998150203
GREM1,0.020062891718204662,0.02114920718234811,0.01303022421836896,-0.004188590171963597,0.04189923218443658,0.013975370088866191,0.0016916690973016388,-0.02594329592207775,-0.004400942996848987,0.004576909035877215,-0.009417346874987393,-0.020521994511371315,0.03419875182125284,0.0056676882205299785,0.044981542951092274,-0.001007256743557893
SERPINA1,0.044207859902164026,0.0004716623400710775,-0.02853168104646656,0.03794621248873173,0.0018520300991614579,-0.016667402031826636,-0.00691413810034109,-0.015581920180329672,0.027029242385505085,0.028519074603675233,0.016356450677554493,-0.02439999049301932,0.01829851423963436,0.011616335853830165,0.02625313241827445,-0.05909071790929317
C1QA,0.054534879992783204,-0.01206663428556027,-0.010104879486394805,0.02326745931298253,-0.023217689869305006,-0.06015919220391118,-0.017059319124901818,-0.007107601496871814,0.03813869084187124,-0.0043278323268544855,0.006115127301510575,-0.015257919539040581,0.007977988242912156,0.003950757121962277,0.0024669517000469395,0.0192731051237514
LRRN3,-0.020757484980215308,0.016503913913240752,0.031140758921759902,0.02766171194600966,0.006990705381674159,-0.00328646300351428,-0.03861785854740668,-0.027985872645473798,-0.001918502364663544,-0.036044742993559684,0.015647543349433066,0.021654639420076602,0.034359966814597694,-0.02596563150151188,0.05291892416466346,-0.018996613074568396
ANGPTL2,-0.0003910468373936548,0.06694984362171255,0.009624778293109943,0.012177251029842079,0.030426994554255817,0.00481572060668648,-0.032034901999153376,0.010155685813212086,0.039592929408402686,0.00623573514969353,-0.000416342032359851,0.0034071650369118566,-0.0020256382815990216,0.012804793285927938,0.031760645901679145,-0.01526076374498051
C1QC,0.05330329267663719,-0.01067252836855686,-0.008233227587217342,0.02640768357309515,-0.018895534978392095,-0.05946372850660719,-0.015333397933533256,-0.007364235484998036,0.042139460794285,-0.002294564393251944,0.01076211998498432,-0.016825590826168586,0.00644382507621955,0.0015839136836351417,-0.0005557378272857067,0.01265173356393564
THBS4,0.016868282904631653,0.03376373112498614,0.03180796702543004,0.016293105227221258,-0.021192935399798475,0.014464824697306169,-0.01312633918951435,-0.002660983099671373,-0.025074848551164475,0.01861094238683849,0.0033636033347437004,0.0458070825128763,0.017385814555931065,0.00036963423377117666,-0.028847230377499998,-0.018552094164797
MME,0.017209776412023398,0.0010405851132218808,0.01655454765907828,0.0011861724899753074,0.04522091083386752,-0.005426660701970801,0.002743404040974778,0.014169607538344623,-0.007700088332195885,-0.029657878102191042,-0.0019345949548756512,0.0010877078803849805,0.040242974980647446,0.010132530498567958,-0.04172190744115943,0.027996457035145396
ISLR,-0.0012579356980873127,0.030566299757049612,0.03277484287270103,0.007667819922702074,0.0183448899976162,-0.031461518946916824,-0.038373391798346874,0.018144919377991522,-0.03585619772472086,-0.015609183415863382,-0.00558050551208321,-0.014996934243211382,-0.016644511447850032,0.06524447226292537,0.030657440296712406,0.03056631624307944
TNFAIP6,0.020452829159439252,0.04639345671283933,0.013458538639906654,0.00991960095121295,0.01588743223732935,0.0258406899990193,-0.018701722885341016,-0.01727393963681972,0.02119606757786106,0.016327927857284288,-0.008421620805324095,-0.018248030722338028,0.03584180539568224,0.03827652680282764,0.0050177356568176755,0.005704375714239796
CRISPLD2,0.0016738428722649131,0.061109305944119174,0.012617105809243948,0.00713891443966571,0.02352926495126681,0.00868324661059484,-0.043292407911235495,0.0266945662756271,0.03682933135049545,0.0011309861814510248,-0.002070241620246868,0.0015695132379841554,0.006543802753338199,0.023320152127680432,0.01856777519324247,-0.013063032448627927
PODN,0.02386947816547724,0.061422492659678515,0.01990644530827117,0.0006912705115380117,0.016100505881317943,0.004171546222936603,-0.03407301858081171,-0.0038060896105808466,0.011196888849761518,0.01186603824317732,-0.014593027432769494,-0.004960042560135798,0.031906859829682103,0.011160211386904446,-0.009206129691100063,0.04020547742733428
GFPT2,0.015025232481514673,0.04718913654149838,0.015185450219568351,-0.002351080636964784,0.030420444530633407,-0.008909363896879754,-0.008128627001170594,0.015103736754192118,0.01648127220714212,0.022625041081081237,-0.003289630561280661,0.020104470028382247,0.008713780654045293,0.0404845086638392,-0.05346888834603143,-0.0011190341541322205
LRRC15,0.004300155860720222,0.0007884173518855207,0.027461078842998282,-0.030504371988033546,0.051215827367349774,0.0016743698567946797,-0.010580445408721818,-0.022900475548694704,0.03164900865553813,0.028819170693265075,-0.010379589200819557,-0.01719463875494774,0.024401127541608628,0.014233833896583156,0.010457421183960276,0.006247524696143363
APCDD1,-0.029355107648607784,-0.02443964252457708,0.025923303500462114,0.03695951632297758,-0.027783329599701295,0.02616719150172353,-0.04715362373910701,-0.014630642048288612,0.02747168333114762,-0.0004969829369176441,-0.01105946877955774,-0.03406456280454605,0.003323013952056363,-0.004932724843681977,-0.026306424841135247,0.015554429677173848
DPT,0.010071574617343636,0.0074159665822641,0.02102325952379685,-0.04723961035644256,0.0263048770718921,0.007062045559715456,-0.0008104714296811987,-0.006867791527595641,0.07214052318686058,0.03379879845315915,-0.0016948450241419562,0.02152386846379195,0.029624625154008013,0.007414926514115024,-0.023280718183978415,0.022445832510868464
CAP2,0.007720178548602376,0.036302475176556236,0.018592389284612786,0.028519140664958312,-0.026118078814648234,-0.0222872079692322,0.007380804134977819,-0.01212260166490631,-0.0474259974703275,-0.0012761878410108077,-0.008166456630976366,0.0374685238656266,0.022631899350678133,0.07550038885487496,0.005611491564850727,-0.00225769444440405
FLRT3,-0.01290802857863278,0.018253380146738173,0.025407976986191596,0.033430038276154775,0.038404778001947186,-0.0008235058589376619,-0.041361637486082674,0.034111076141950206,0.0004511313791727778,-0.035465379798358364,0.044748984443531425,0.013913537317229092,0.04399807826625692,-0.006949964115140964,-0.033353384784188145,-0.0015158811329444768
CD84,0.03126007801256393,-0.056461428298292614,0.014914408018079785,-0.01131847305530665,0.04740097244016292,0.037815668507567075,-0.0490760391355934,-0.008980196740511821,-0.01872895138691355,-0.011379524351638077,-0.03013784422563757,0.010296502967907722,0.00035965248286215067,-0.022386096232431863,-0.01199083946510897,-0.004136614465954385
FST,0.012819252446588028,0.00018919306018923884,0.034968367971400585,-0.026136182032353756,0.010266737512921488,-0.05853661975454717,0.019892991803693926,-0.0017653357636773798,-0.019262389682897188,0.014465461647409767,0.0148747864508489,-0.0010447563725211775,0.010426026106557903,-0.005156862273564787,0.020661310960031876,0.024389569106050512
ENO2,-0.0044919355053639675,0.020914630865314913,0.00503554993597047,0.022042384819903484,0.023565590647099847,-0.02361897621444691,0.00785993600853423,-0.021665464887674617,-0.04441278321869237,0.05490325609426288,-0.019367391145664145,-0.02741196833458925,0.005924060543597244,-0.012214747175044782,-0.011576285564697579,0.01316155928518667
C1S,0.039831620831440616,0.02862597780453226,0.03268597595800701,-0.025398601657462855,0.015475009870426389,-0.036531929728015,0.00040479191801768904,0.004697125495628568,0.006053984054862261,0.0320009614683186,-0.017626994156473043,0.0008546892236405445,-0.004435547155103347,0.019545938711094963,-0.026480999094534028,0.0588698336054942
GJB2,0.016412783279678326,0.0014874414553349398,0.007136558778151475,0.012291909601359688,0.06395222472170134,0.007823039093813128,-0.01828453119348978,-0.021988584549284238,-0.03007802582966469,0.01392204323295906,0.029295612672307778,0.010166638487938315,0.008816886075424694,0.0334840549389987,-0.0033536899305813246,0.013645318990957094
FBLN2,0.017697036607898755,0.03919319665113311,0.02307786211737852,0.00347224845031682,-0.027508190866608266,0.025247036651823863,-0.00784463049965515,-0.02313764917543265,0.030271124672508743,0.03454165766327816,0.005319362045474669,0.0019143982789444,-0.008882964158020666,-0.028884257048677142,-0.025474552584120524,0.04146553507247328
KLK4,0.0014356519355900924,-0.03834475025512283,0.021278912589450104,-0.02833956685562367,-0.003810885479927376,0.023706927581126573,-0.010885866401022778,0.002331096294466035,0.05142434852253264,0.011773217723863475,0.002126124092540477,-0.0010585004272767465,0.04203586172756436,-0.02151736593414306,-0.027913863721914664,0.016752682508177345
CRYAB,-0.0024777868639097554,-0.01689198438946458,0.021858548839892005,-0.01981331159054537,-0.004722177053901329,0.02963354004855316,-0.0026608863691917764,-0.023272000785460604,-0.04452275575001247,0.07063109465446729,0.029746547443978196,0.05764740580496091,-0.004351346152699071,0.020904146182625948,0.06584944876700102,-0.001176256839601251
IGSF10,-0.013006140502700653,0.04688632449647775,0.01263998855173795,0.013638116013968575,0.03756948351999289,-0.0267723739434641,-0.02947038107344311,-0.0011117701001566857,0.034917360263588236,-0.024778855077615878,0.01280221993068456,0.013998269189317479,0.0013942008622952282,-0.017355899380760192,0.028193998291202393,-0.019982561624558515
TNFRSF11B,-0.020238873784055464,0.018023931088802896,0.021401962715968136,0.019141490635250037,-0.015047107589714158,-0.01749953536407156,-0.018824322484060553,-0.015679415343476867,0.03233966984414752,0.051497126120345,0.01914828921580586,-0.006677012775175984,0.006560413975113985,0.00985831964221585,0.04057461384154708,-0.05901239425620243
CD74,0.0582442095451714,-0.004584147563682529,-0.007773989939921095,0.023784847296604943,-0.019579156282751878,-0.04808130642675751,-0.0037551005842261583,-0.012876896641105043,0.04231422421469886,0.0005876433094248473,0.007324805596199559,-0.021539127599243757,-0.006953604641184274,0.010698946040395993,0.012111142053030415,0.006084160702495378
RAC3,-0.018580331210071986,0.0236615507904923,0.00307973485680385,0.003823443535183968,-0.002414012023796746,-0.0176715307056167,-0.04577560933644622,-0.021466383528934502,-0.01659309388931107,0.011383371609808948,0.015568706975773703,0.030797384868010196,0.0036353533865861112,-0.036085251680183436,0.011765049294710776,0.020605446967477938
FRZB,-0.011836331164921141,0.022701722550397613,0.024848898692469146,0.014748505516488354,-0.04522113218962204,-0.01279414063617776,0.00811761050961322,-0.03178988214604944,-0.002999116930950645,0.020281172559045144,0.0006714276715691662,-0.025827183631952955,0.006396148896137289,-0.02209965994412002,-0.020222816875719894,-0.021285973829719033
COL13A1,-0.03139444794036461,-0.040201368950744006,0.04233920821066912,-0.011658140284696448,-0.020056653244487917,-0.00045501330199144985,-0.01384071526837113,0.0004841458612806055,0.03765617889786759,0.01191082414077254,0.004752149474440901,-0.01582687268271846,-0.006928609641429304,0.018189288424800082,-0.007358591224098146,-0.008388732786482694
SLC38A5,0.0038049361813403838,0.031866801716597976,-0.015052795215110309,0.01079483324373363,0.01622638688295554,0.025266133670194715,0.009468568034169601,-0.031298914161478314,0.011639639148947714,0.047073362179480736,-0.033746701727367566,-0.005376409618474754,1.54797436972276e-05,0.0187820331472223,0.019640159810743036,0.007785820544182354
HS3ST3A1,-0.010824077161798104,0.01884516804340149,0.017035299901056164,0.03884256468107344,0.02803132046637792,-0.024358485561344755,-0.02603052032012068,0.013878121822974262,-0.024141975654755163,-0.008663466295174404,0.01159102778999042,-0.0019340317405720905,-0.03193968553936922,-0.019276360346257394,0.023714421941723667,-0.036706744252160896
CYP1B1,0.02264998690647712,-0.011214683201797002,0.05380916522026922,-0.02933912692238814,0.011013287679904475,0.01216075776930545,0.02941881763884542,-0.015478667754471874,0.009981829530127096,-0.001827846832186752,0.023423934742456774,0.026490478950633195,0.0013876776249339435,0.0017483315699344552,-0.0333899591319466,-0.017406991439600634
ENPP2,0.0017909229905472013,-0.03487431174014556,0.04158267416883646,-0.0038062450248931862,0.02422014802470665,-0.011525546312167843,-0.01297671261712657,0.015023810892132899,0.03344780674508577,0.034868491455563234,0.025082567539843472,-0.012703133545378817,-0.02226423754356579,0.03385530196172914,0.009945162751271035,-0.039950723881708276
DLX3,-0.030130140302866253,-0.0605401036214711,0.03396424532081592,0.0010748056312060543,-0.03005456343062479,0.007640106507365064,0.0005609631501940399,-0.010516354031723508,0.026263756561360315,0.019035648418254832,0.010637668242614716,0.0017784019798954523,-0.0071488711456466165,0.0068818584150362825,-0.01114845504261397,0.004644445531641734
SEMA3B,-0.01977381406472398,0.018385845740698757,0.02438212014026797,0.003229574571989364,-0.03188915830004715,0.03207609114410439,-0.05036760624963037,-0.06567128540394546,0.022131071480758165,0.019415596795196728,0.0206105449822989,-0.013856283721158085,-0.015543001189691612,0.011625223171140616,0.019590663105379155,0.035310036266153436
CLIC6,0.008258490527942173,-0.010672660876502892,0.020154521932815677,0.014045192703393482,0.014004521282098139,0.019205752738026254,-0.030154995060695577,-0.020827757830442453,-0.022338125112788106,0.030730992114409602,-0.03049860045972585,-0.03890772184974758,0.047321433848723254,-0.043569251930372685,-0.03927533562298589,-0.006788562463499567
MGST1,0.022054986514972685,0.002199503504068422,-0.015726706986864892,0.03874225259558799,-0.016642467993422227,-0.027882263016256927,0.0014306655207644461,-0.022174107065562953,-0.002345719710001055,0.012157141940139775,0.027220222279943647,0.053033737933427284,0.02247976473235902,-0.015901393090730583,-0.03137765201092743,-0.04946515797554612
TGM2,0.04721768395838136,-0.012496067139409461,0.0032352171039809305,0.027098194598756894,-0.01355323020105561,0.016106012560949012,-0.0010346952674859392,0.01922332130016458,0.0005430288476898737,0.023212887236748414,-0.015517108056155405,-0.008373943022504663,0.00014840712798406993,0.03973162515371934,-0.01318736844808658,-0.004062376743599638
AMPH,-0.0003507884926702324,0.033635924108782245,0.016817958568315233,0.017446598466545345,0.030784005132003734,-0.023830043707350694,0.003495957685495767,0.004687890082817321,-0.02803962989111807,0.004914770896409432,-0.03283423453080877,-0.017499267476034565,-0.0010170125127673454,0.019735850088345837,0.0035601974136173454,-0.010631050382748482
C1R,0.0337791052564253,0.011914110650725387,0.033238844931628694,-0.03840953600533513,0.027473800754427936,-0.04289877896477132,0.010385109987829244,0.0161867744576997,0.0170782031906963,0.03988463247779192,-0.011538284052044953,-0.0018224762086780817,0.008057222207709906,0.019466504016904723,-0.022634737100710164,0.05927421835613485
F13A1,0.019721383133900455,-0.005470952761726287,0.01614928032580043,-0.014992650872153087,0.009409063662585237,-0.03598372977796422,-0.007634090993055405,-0.0016312349280272857,0.023060727463204235,-0.020244193848742358,-0.012090678083381379,0.015477752576460866,0.0017834981371313116,0.07284798995177766,0.039480106742094526,0.014156201109553707
MXRA5,0.02233307052089339,0.04214570416325326,0.024724881882913934,-0.024725833625911797,0.04599879449722075,-0.003599115391142771,0.013547863873258634,-0.006263597527641205,0.03581569207204511,0.0072334337217665225,0.01711306681255395,-0.003426525295632047,-0.015128195415276128,0.00737682740989847,-0.0308301260678571,0.004545682884147286
SFRP1,0.004260009865614774,0.02581615442014483,0.03993897578737233,0.021058078062161763,-0.015345068702440472,-0.022921417393445435,-0.032499537766927045,-0.0033514871064928425,-0.028281595748261203,-0.008458295819221646,-0.009527842973679498,-0.0431573289273223,-0.016860515377101964,-0.011528410420860261,-0.01820744069520469,-0.01935664841322513
MAMDC2,-0.010103283902488661,-0.040725508832319325,0.037314497790252345,-0.013586402374044421,0.008355699681368477,0.03740848922224089,0.004590212006576375,-0.02555730326148896,0.04620179711651545,0.013897104625866134,-0.0003345183328838531,-0.03414317609704384,-0.008232087943972495,0.01695904936622405,0.044811734591228274,0.013240788349451194
IGF2BP2,-0.015451521837874944,-0.004048955881786614,0.011749962483545023,0.0324096015231028,0.0011784715258102707,-0.0017779079176607994,0.006310006077210254,-0.0240689148681383,-0.038700320844193545,-0.016665533482874768,-0.022365883221282024,-0.018266797673219794,-0.03354554495241151,0.000493942533909845,0.03790791256842942,-0.030753310778765648
CXCL12,0.040247492692656255,0.015307206974417849,0.03192766356211081,0.0072087107113795075,-0.009533113700110733,-0.014125607299960149,-0.01814367685823132,0.020662207225143673,-0.01114869214373813,-0.031537475179310784,-0.02935238104724469,0.023905304553059063,0.002816314890614248,0.02577071350261734,-0.03335413820769062,0.041166794291574126
PRSS35,-0.00859393870479714,0.013639218344476439,0.02968176810713149,-0.02268115882914231,-0.016920206967476394,0.03038717123525248,0.007426165164768349,-0.05314322990679095,0.06877862409216444,0.006846443374526936,0.016439861915517256,0.009612731381563412,0.010459029487780309,-0.052104018578021286,0.0008142940958158172,-0.01168505767479588
ABI3BP,0.02391212003767592,0.05152252228094836,0.03182111874513859,0.009989833177798859,-0.015707190167817815,0.00869669109276402,-0.012574374168887601,-0.018189866494710945,-0.0004760596883906388,0.0001947518450299084,-0.009500447459435839,0.026258401325666918,-0.023823394310683917,0.01745980785726796,0.000615596960327593,0.023835477170640277
EYA4,-0.021950076010877978,0.008565599851816501,0.021166226193842803,0.04333842373790518,-0.01706398779526007,0.002031519630144001,-0.014040412119402568,-0.03153257597826967,-0.02405225955224813,-0.038166433768044225,-0.03340326887411231,0.02313177980615745,0.026494694935995988,0.05188459642105671,0.05373250073042388,-0.0029385349776741496
NDN,-0.006864030869878398,3.619591687452806e-05,0.011659490537994586,0.010843257701531286,-0.021680181527556006,-0.020277016720103666,-0.0004986966854018601,-0.03602500130540776,-0.022442789769999624,0.004156094126692381,-0.010066104650630077,-0.007351035373024568,0.012296702459123725,-0.02285264021711323,-0.011720741374397376,0.023553062167190216
SERPINF1,0.0070178371708174946,0.017856188093558156,0.0281573180049209,-0.01296560223911878,0.0071616028203502664,0.03885060224075113,-0.07357099496474463,-0.03347210056185735,0.028423787893470033,-0.005201768759353702,-0.020867022214441113,0.01542331509747135,-0.010851220498267231,0.07009002222066345,0.033484108923543976,0.03630360816956763
EBF3,0.0034139818777261252,-0.012531438186707718,0.042893261896998526,-0.00413089454400269,-0.040124549857129085,0.003510404418987057,-0.0007821206342041526,0.028181422686180173,0.00739923279358334,-0.022408491765790114,0.011659559390534327,0.05694528516162387,-0.014156418095193277,-0.026313093730472983,-0.04522569771746723,0.041099246313587634
SLC13A5,-0.028146424938171846,-0.0006535332730772351,0.01219969569097551,0.03380194716351285,-0.0314088895485912,0.02077526523695848,-0.061489034137084495,-0.027546888055522835,0.04057234626804168,-0.016658572892004817,-0.0030220228242667556,0.006767870054903366,0.01320024957728897,0.025226170917938977,0.028116899643786344,-0.013214299894049202
PPP1R14C,-0.005495733400350578,-0.012312078942406492,0.013719558129859113,0.00421015788759291,-0.019608774788988335,0.003845640073421353,-0.00013199709509301247,-0.026651370618209682,-0.028518889774046798,0.04730543651020896,-0.006737429929276057,0.0006819501310064719,-0.011328777287311253,-0.0006488064285880713,0.03240805839066695,-0.031201846459579175
SERPING1,0.0412778991297769,-0.015180648837948117,0.03417762980333226,-0.027568291440427366,-0.006225428150866661,-0.026391631845957268,0.010593785834466352,-0.01629226873426874,-0.010404838514499819,0.03311648862478084,0.0030407391236172403,0.0012105803654115545,-0.014596680759741743,0.003186563003411542,-0.023040310220415448,0.05325819473675317
CD248,0.010343930930692136,0.03929974962329685,0.02340173442229979,0.014001626236547592,0.01774007096663236,0.021685573492767767,-0.05397371112771369,0.00016870811285005748,0.027939375296704493,-0.002530470246998966,0.0037113881821458404,-0.027214005772254923,-3.4913704482868874e-05,0.02256679355318509,-0.04037070588597284,0.04378637864846307
EEF1A2,0.002745047883538089,-0.014791360414483942,0.01867250044132109,0.0008834040391951475,0.0014662703854476764,0.01126662308741959,-0.02810930430333258,-0.03178805677549284,-0.06473564929426245,0.02136903600143346,0.07010239304030712,0.09236472672760622,0.009382900048076764,0.02890506515590399,0.01263631989310884,-0.013162089595462622
COL24A1,-0.03728355902057856,-0.023393161646793996,0.029800423281688918,0.01269111463629923,-0.010753597958909594,0.018807456039941484,-0.015248330382449741,-0.033963680023574784,0.053042873296772125,-0.0028695923874194947,-0.0014663568434001009,-0.009088112031511844,-0.017917891021941492,0.051587211084290596,0.017569441235300496,-0.010609828231612172
CXADR,-0.02931587146216485,-0.02075959818556161,0.010771685899562636,0.039408850607966076,-0.015423582692764889,-0.00687802472794964,0.019917612219720097,-0.03542902786491957,-0.024835950995470295,0.03600133492170273,-0.01625915418656493,-0.030334672167477525,0.004486102792384135,-0.04351577739328296,-0.0010360919274175978,-0.004767720518401648
EFEMP1,0.014220541276895763,0.03906153810200687,0.02102579017133346,0.010832252483984117,-0.013810362563757117,0.006843473465144845,-0.016062753399861903,-0.041524603643851125,-0.007639868017653444,0.022831735001293468,-0.009599044681897461,0.015456970620065517,0.007496565927213651,-0.03905427771633321,-0.013980704721275683,0.010232466559953527
ESM1,-0.006311330841719096,-0.010895526893258657,-0.0008202089026133244,0.020636267331340757,-0.015084141156038193,0.036890731246005455,0.03436850072361587,-0.022607904731162486,-0.026544284248941858,0.008217869865478069,0.037574521096149505,-0.06895489060886793,0.029373523647507317,-0.0005837358852438003,0.058426284486430516,-0.04952581574194414
SLC8A3,-0.04216702094619667,-0.035546744482565826,0.030821115962412136,0.01066446530792037,-0.03192034704700313,0.011320547971604594,-0.02429719554118778,-0.02494579043361421,0.04876743150977952,0.0015353483458624756,-0.025474534546045553,0.00021518393578352454,-0.01802664830050601,0.036463888180915977,0.015503012380709894,-0.014018063617150212
PHOSPHO1,-0.03068859741180542,-0.03669100169350898,0.01974580031313862,-0.005371505655356389,-0.04597786230013673,0.02989367593927243,-0.0435129486619011,-0.041022275827637254,0.0413671570777734,0.01414499241154513,0.010864192129601286,0.015930371655478205,-0.0014734720354337167,0.03282785572194742,0.027860302661620456,0.005265867511944129
LAMC3,-0.012552410002366478,-0.003183920825171764,0.05133680220533152,-0.015645554302601873,-0.008856597686133996,-0.04103846692423689,-0.005842775731917044,-0.0043982753726261314,-0.026568072300929002,0.017296322539398806,0.011255426997640663,-0.0213484778340513,-0.006458652622132509,-0.040482920504471026,-0.01063929697059278,-0.012394132236883196
PRND,0.021376638963263323,-0.0073387613546502745,0.04743663159054977,0.01142186757839082,-0.034810560121281545,0.038719165906476616,-0.005918816269316627,0.052248684692871125,0.008765620801809265,-0.02239270470116786,0.015504550396809237,-0.006824892399295901,0.017380756651091348,-0.024556574117989047,0.00875402620553646,0.042625574087115016
COL9A2,-0.02416024698077637,0.022360776238057194,0.01251046153578378,0.023130322106211475,-0.014162263630825626,0.0002458211175802613,-0.062364567395567234,-0.016591649367064292,-0.0007172540397704977,-0.0035735019452088016,0.0046622866491168105,0.008548396872127455,-0.009853110558531443,-0.03238098714053713,0.04232393659504885,-0.014435537058679553
HMOX1,0.0410961880621696,-0.005354380109255073,-0.01922453373232179,0.033300490610190144,0.017965414569935695,0.009262007394455669,-0.007122837339073726,0.0035211068762763128,0.02667022969911902,0.011708336167387668,0.00684124304206388,0.01016916887341771,0.06524173740832531,0.03299194360386678,-0.02367384191439324,-0.05637748666139683
KAZALD1,-0.036249354998305984,-0.010140043348954002,0.02018018161260031,0.002917609724371476,-0.04587699397378722,-0.0036408485815499587,-0.02158166123295823,-0.016701969621662104,0.03970949330139211,0.02477781881762066,-0.01645090456048652,-0.014994018263269482,-0.0070454886260307905,-0.007308474328621331,-0.031077490727459942,0.05322782411749754
DCN,0.014870371035863982,0.03482024144251009,0.021567290629954095,-0.0445753652083476,0.03384043491240331,-0.010267844304228904,0.008780119063780461,-0.032213637629223794,0.05889084756758115,0.01564173395928805,-0.002681312322834242,0.022279425526001404,0.03650322307233015,-0.02907656977797138,-0.014025941867863212,0.014492175111453894
ATP6V0D2,0.019079268578825564,-0.05430752737584505,0.012352919064281221,-0.01675112043174224,0.05618102169215371,0.05310172731771684,-0.04960612014029684,-0.007987537957150804,-0.024033982027610337,-0.008023873251147692,-0.0020002604467965566,0.007696172597564569,0.023433131467072186,-0.018063911183385472,-0.020089732189737777,0.007552813953173661
ENTPD3,-0.0021874347883781516,-0.039235580245273786,0.02635448350815773,-0.0023104993220926344,-0.005723603746607166,0.0374070934904309,0.012319709904708648,-0.011368784064906115,0.05101371396065061,0.024188423606259262,-0.022022097664364675,0.006937601011416595,0.004089096884367339,0.058348184037706384,-0.03954795346730171,0.006115124045347862
SMPD3,-0.03134546557755045,-0.0351930130891189,0.028845018398481775,0.016295588952601612,-0.03877843211330139,0.03236731015106527,-0.035743505955876366,-0.03338827302638879,0.05192943907985778,0.003676491915577145,-0.005372190569688275,-0.02319505800374261,-0.026332408401792913,0.038197340508434825,0.0316873132332233,-0.008370202779152361
SLC29A1,-0.0015328332085214995,-0.048153541717722625,0.03518123905633296,-0.01918407885012247,0.007689734306906157,-0.001826175944941368,0.014953998131346596,0.026587311266483456,-0.001412934887508524,0.034714751024393586,0.00645703810088899,-0.00804758809858908,-0.0006829548287075535,-0.0245541503720176,0.02085312833299688,-0.011087846660573024
PALM,0.0044779313122080165,0.028571600742306285,0.026758320314952046,0.0009574342538114502,-0.05508667723976945,-0.02297055020188799,-0.031038068833128755,-0.017070937192157968,-0.041138645588263766,0.04604277111978798,0.024595275249111113,0.007677886217263981,-0.022161662272884238,-0.025884675975823876,-0.008533025023215396,0.036381437702244085
SMOC2,0.004355687826150633,0.051277026119326975,0.03607890527704576,-0.015618097268241883,0.026552227622638338,-0.009840439718776423,-0.02674464676690042,-0.014591260170730955,0.005965510835630188,-0.004545948669494447,0.013432110175687094,-0.01372462835011825,-0.018828908850507343,-0.028731860497021255,0.005383474481199914,-0.007774369313596834
TNNC1,-0.01065324645793461,0.006886381815495113,0.005503779125746004,0.010233376087286312,-0.039260857415536116,0.0044068397651200976,-0.021882435446036425,-0.010238753700995619,-0.006439316379863004,0.03510278305589584,0.0222506701672514,0.0747833358773233,0.06004274461720491,0.06755823513583795,0.0535222643140115,-0.0012895845287895545
CTSK,0.029184478240972294,-0.046738520420911936,0.017690964815936516,-0.01719152673532794,0.06141437024863868,0.04637885221115966,-0.04570472426812005,-0.014309499777515737,-0.010855583625763022,-0.002680864317884282,-0.01150864936223982,0.022286715349783805,-0.000886793976914285,-0.0160653595312733,-0.009245572790894212,-0.011957647442533328
PIR,0.0042524001178534335,-0.022140270783457375,0.003477166295227885,-0.00265695395044443,-0.015908130298106962,0.013025718396125346,0.053416109551848036,-0.011591161901804925,0.017947344051683467,0.033098741314929875,0.0301880759185006,0.039006987466042975,0.05153805181302288,-0.015980342472030354,-0.02866204012134144,-0.026947748786936367
QPCT,-0.012775372517853746,-0.03163805615151011,0.020287135053445378,-0.00399026574767927,0.0014746432359910879,0.01643739564371169,-0.021094683874352784,-0.021560487404169663,0.04274610854812873,0.01940073306711105,-0.0027920182902852423,0.03569771153908022,-0.0010131381978180972,0.02797726766820862,0.0503596638864605,0.02429601742188029
MAB21L2,0.0044201675919089325,-0.017233298347586794,0.01921016495289714,-0.026467295470519035,-0.01027224271119875,-0.0009555137406305754,0.018268772979813462,-0.0435040254604934,-0.004083183751889291,0.007502320241949882,-0.025396559454914182,-0.0026988282491829385,0.017576363561081748,-0.029090202100771498,0.01135365838635193,0.04468805323009345
SEMA5A,-0.00977603777518181,-0.033278136952524046,0.05181744080233992,-0.010118068762293698,0.0057973790376862405,-0.0023927301304079544,0.014067951270485796,-0.02058967963680958,-0.007595947391465222,-0.0012787371610128162,-0.022024815608697127,-0.060082061603785326,-0.008327495425838246,0.04363871674741907,-0.002551954303360403,0.0028646495879493753
STC2,-0.005183575512604911,-0.0003676057077647726,0.007533393941814539,-0.002680956841260038,0.005476874824842971,0.007595433204574436,0.035619639613161634,-0.02610994861313123,-0.003512349970541567,0.041915975092869054,0.010923047362397933,-0.059828359647760905,-0.005806931417797411,-0.003677835664834787,0.005322878649335332,-0.06211669194171542
SLC37A2,0.030861743977338766,-0.05317148822347508,0.011364986141909717,-0.010262280977019774,0.056398562869761165,0.03742320397182394,-0.05511262381721024,-0.013009655768996108,-0.011243436682798914,-0.0013793169064498087,-0.022547370050095973,0.009720712927509586,0.01457778331690725,-0.027700871867705427,-0.01122871539125238,-0.01869101867046253
SULF1,0.029371068228872872,0.003564575704239221,0.041900277452915656,-0.0241036222919831,0.03365549804314804,0.01785272062499939,0.014317242120700777,0.003541157328927602,-0.00020696663230906822,0.013114432942642971,-0.006481407954233476,-0.021134720954753036,0.028162522550142628,-0.012422996307400989,-0.0168372869420854,-0.00943012514056
SATB2,-0.0319263685731377,-0.05869285254479449,0.036830979115770164,0.001593610917712279,-0.014946315233543691,0.012894069848003512,0.005408295484959391,-0.01678389684105802,0.03864554055789217,0.0024672897898431797,-0.002488767580148537,-0.0056944367814381796,0.012678735256135311,0.013664484007867473,-0.021850236411349956,0.0028209007596408015
SPP1,0.021650399366154875,-0.05119408455481323,0.008480708765195525,0.0005729479718299684,0.020270386888543306,0.0399886942895732,-0.059803729786139515,-0.03911114526727921,0.004689243918530885,-0.0015127446734680896,-0.006390621528979037,0.013870621251686244,0.03323756286212449,-0.006113860323106214,0.02073625473349935,-0.01467530274166001
SLCO2A1,0.0285225902995372,0.013823522408113513,0.0456406036638236,0.00170027587545921,-0.03608642998403185,0.006030544651678636,-0.0007799298744297884,0.03692872675587705,0.00624938608497605,-0.011086843895603885,-0.02864695055825739,0.03503483426891598,-0.023588272729020993,0.0005566061759740056,-0.008516604252747646,0.00675685637618942
AK5,0.005416567673466239,-0.05172534208526795,0.02497044238696722,-0.02273730295041202,0.029468608962736027,0.01818043397065812,-0.03124062650139702,-0.017949918783437685,0.00036438381537724947,-0.00048528236218103697,-0.0199073919049262,-0.01339860442303763,0.03179231804295845,-0.01423311323915177,-0.0030814180721405703,0.00570565291833106
NPNT,-0.014496500440424127,-0.005343236097261586,0.04673757066568813,0.014696802693507567,-0.004410832688125408,-0.014574056268427919,-0.007223845833843413,0.01112168456667607,-0.0006432657414755611,-0.004814853813038372,0.0016162400582099877,0.006970928931820209,-0.015479537977539664,-0.04763146132146639,0.0492625848291375,0.007034596487038506
RGS1,0.04067205062025506,-0.0034439276105557018,-0.01968739068700245,0.032613841361846696,-0.00015398170088575793,-0.003999859332383799,0.0029449267285910057,-0.021726647888764362,0.007122137594197739,0.03166977752274565,0.01891046945057641,-0.04149836920180848,0.02382761667146654,0.02703351750446159,0.025775244962322454,-0.026382755660605963
COL14A1,0.012831827452058844,0.06392725064484836,0.030018795433046207,0.016562841519723807,0.003482049976068699,0.0077372589903332845,-0.012748791859401375,0.015647825463536505,-0.00042877900486128565,-0.003544171836126944,0.003319178110273057,0.022620578160966666,0.013433042543544767,0.01353539332002856,0.018717147717013216,0.01623901817575611
PLXDC1,0.012976140474951806,-0.017986913490609664,0.04674436756284471,-0.030283106253758855,0.032419251613752614,-0.04554936021493592,0.014050834275323698,0.04645602347792868,0.009073679766672246,0.010068933700173968,-0.004130135852713542,-0.004521274356674425,0.006376085999072062,0.034657201023362574,-0.00239334262532909,-0.0007479163843609454
MRGPRF,0.012476029248331709,0.06456696072774068,0.0018747078804725427,-0.0073821229630104835,0.02160306075654884,0.016864228605972958,-0.03242548175553618,-0.004148053499169056,0.010338561345030277,0.02838658693790659,0.015856360379865125,0.021842372931704976,-0.01579177904578458,0.006031804894519464,0.015064088557147689,0.028491427624711817
RAC2,0.03868438275459231,-0.05220378325188791,-0.0018891969786198246,0.0013623238241143316,0.041232687856437224,0.021568314402859202,-0.04999447727709926,-0.0037471436986633725,-0.019493058081360502,-0.014210225505444627,-0.011739578850632969,0.012289025331575356,0.0006858485547247268,-0.006676329799376483,-0.020577950258094405,-0.0004203812821044193
ROR2,-0.01137330349293889,0.05667204966791742,-0.0005612237667726766,0.037630210950653345,0.02168671237095348,-0.011130351013793095,-0.026568354997577585,-0.028095355740837876,0.007287580865019284,-0.017801217954767693,0.006457090172657735,0.0128803499499723,-0.022557471227578313,-0.023446368615218784,-0.007310268306181949,0.006647064602465673
PTGFR,0.011887207339114131,0.05233820063458007,0.027785220245542808,-0.019367967465158623,0.0378146304932067,-0.019429205748453155,0.0020081520393197307,-0.014338507294125386,0.013738430894531806,-0.011173769121959337,-0.0006947909627158591,0.010226253523328056,0.0016912689279163895,-0.042629232120774796,0.004586781402417618,-0.021003008918689385
OCIAD2,0.0211365762357007,-0.019961534887265202,-0.0031385729476957214,-0.008078864017892106,0.0289840380550175,-0.015855629166183847,0.03090583312214907,-0.009282599139674507,-0.03777500940545341,0.031627740725276104,-0.031576006238357074,0.0077347973335972105,0.02559655611069077,-0.0013348961968095005,-0.00819664939312235,0.035852009759551405
MS4A7,0.05334131815964766,0.0012062839456667596,-0.007528584513646894,0.029475090873262066,-0.01433752272898713,-0.028768954406019988,-0.0028418877318795725,-0.035743728144015906,0.05144921346732603,-0.024201944893114502,0.025120486565823934,-0.017200388011332945,0.01062011983405992,0.007437808373377468,0.020329242957948752,-0.02397442229369185
BAIAP2L2,-0.030582022333907596,-0.016380213554025184,0.016203350731810347,0.006349089646470038,-0.02649611837486902,-0.00818609652638611,-0.026234293262808774,-0.005097435164551809,-0.00018238426468112604,0.04062617549565317,0.00783512171590194,-0.02569772607901268,0.033901079714835275,0.009667240592943492,0.03460485850724153,-0.02632429097895695
TNFRSF19,-0.016299831165799392,0.011140562300142504,0.02774887619918087,0.026477227344982417,0.038249421560813145,-0.025043381338383477,-0.03735367838486524,0.008261503302756306,0.008069379248591807,-0.045688308379743234,-0.029223497179924635,0.023839119168610194,0.006216875212740501,0.026194985424304467,0.06206531938960069,-0.011998560737742662
EPHA4,-0.013340679911596749,0.03350355265129031,0.036549975740322586,0.035916225392701694,0.0076848244684723285,-0.03181221729437529,-0.04379436418667082,0.027251200420857817,-0.01694284622322269,-0.0314084050547393,0.028017923770757833,0.01003697644909599,-0.019421175531931536,-0.026890369024668084,0.020356612131300553,-0.02384580064820832
RCOR2,-0.047113042329728703,-0.014548588229321455,0.0028161884254864177,0.027893564773642687,-0.028727493954180783,0.018801138017062274,-0.040987674364337895,-0.02038351112944646,0.058616045415460595,0.028697800634013414,-0.004759740391468483,0.0069527063625073795,-0.010254681611096642,0.005982124816059404,0.016209497168872367,-0.0013957966430060368
LUM,0.01342666105390057,0.03053562854606441,0.025193933908049776,-0.052180334262106456,0.04055686748442882,-0.006822834159390736,0.004169847414273241,-0.042751514438791854,0.059760594618694526,0.012088809194978553,0.0045701721959401295,0.008256140085104849,0.03418154395835642,-0.04491471763603392,0.014121264350098996,-0.0040493491627431565
GBP1,0.04834022153841648,-0.0069611941018565115,-0.0041347645227940025,0.016412986720284677,0.005278013295115352,-0.043241164415229766,0.03715283363999637,0.005101299957413475,0.0016188089129887222,-0.01004617622124028,0.007660123150144749,0.007983297164554645,-0.007343595109459853,0.022479637968061815,0.034005894048064374,0.0484262732069828
LHX2,-0.035140130741060656,0.010134042946371772,0.016696691990698797,0.028147228208761286,0.025970421276129765,-0.02091641693500214,-0.010179755365025312,0.027869473504471873,0.020831064852420894,0.0014776692298909477,0.0033201690152281915,-0.010856329139808076,-0.016184174809764026,-5.8497836524705644e-05,0.018968659555165426,0.012618064234281042
HAS2,-0.0001357859169389443,0.04935112191048527,0.004261939058039027,0.028002465847420374,0.027643057675795737,0.013575685262991091,-0.014488441567579181,-0.010847783221970077,0.01805848680590373,-0.043160864349124806,0.05155177632906036,-0.0009163678244291451,0.0009770873772015883,0.00978522126106015,0.002167237480047054,-0.013579985258341748
CRISPLD1,-0.00994483825730167,0.025251405708748335,0.028878495715227312,0.02949557536903141,0.03215587326287179,-0.05605499330551384,0.008750752342668951,0.0010864504538862386,-0.035860401511578134,-0.018418499859255352,-0.0005377691224407316,0.014237840806352379,0.028451661265003973,-0.04343757282474284,0.015999135649217854,-0.023747176503578694
OMD,-0.026497622199713744,-0.01142998395922929,0.0387819113892385,-0.02613742331831241,0.01174769846459779,-0.0029577754279049694,-0.03572349954494264,-0.01665261846330879,0.07129198962656634,0.0034542437449645042,0.014783410155166252,0.020552527586854042,-0.022686855931054843,-0.00474221352161591,0.04922504395700813,0.0017661471058778833
REEP1,-0.028493889014263783,0.002718870398231828,0.014542831223984667,0.028736377528410757,-0.02011353038434223,-0.004712621843001556,0.0009806529439562155,-0.04910975131522803,-0.01495736628160228,0.02465752530719672,-0.03889573698665137,0.008541909152375859,0.026738315855362297,0.030200614963557738,0.02612807442235183,-0.01688332461375975
NCAM1,-0.03253614732220328,-0.03132596676927604,0.04286329603838716,0.002829124210342536,-0.008788603741654352,0.0010415455451210469,-0.00032700127570387417,-0.0311832000509554,0.007420134458438862,-0.01377920652950482,-0.03436880258134743,0.0035458338831493574,0.01992967675500943,-0.0337361524195705,0.007569919814971878,-9.225614240772513e-05
SPON1,-0.014634595502845314,0.03879584359237569,0.030606947463175868,-0.0024897066318065775,0.013109197200423818,-0.014983461276606418,-0.03118670647797747,0.0026930512532529222,0.031882375770255614,-0.0017582486615903073,0.004077681247044646,-0.006756688181691614,-0.011643218277288366,-0.010699782198128206,0.013888021693611651,-0.015763053902229252
APOC1,0.044105451714877314,-0.016158073661248034,-0.030628735869456525,0.03418034902340656,-0.003314804052307472,-0.022121452056106203,-0.01880776325852332,-0.025210085227271327,0.022858701729138346,0.0032259416512354713,0.004583591228806139,0.00206636041632576,0.00011347253851379246,0.006806413816425546,0.0017357454233719047,0.015128937667276573
TNFSF10,0.0537585002064981,0.0035196454529451307,0.003211388849240975,0.0010536471834139893,0.006240729740427442,-0.03095033350777148,0.029794402991396185,-0.00915775268648968,0.009901117013367289,-0.0004002708688769425,-0.006829078118013792,-0.023300721087239705,-0.03197556163062992,0.008974272809325296,0.014317663854296246,0.022580353661593056
GPRC5C,-0.029246732353204446,-0.015472328500660982,0.02947159054876047,-0.0019802991664565157,-0.016383994011444192,0.009395439629557382,-0.06094922010905884,0.008820942187757436,0.06543454900202533,0.019423370160055596,0.005931422778976244,0.014268065818486185,-0.0018447955145483633,0.030405825065901088,-0.030658026563974008,-0.031551805100021715
SEMA4B,-0.0029444043425959363,-0.057891226420677976,0.01588543344034055,0.013067994127416332,0.017015607003104213,0.006957584233717774,-0.006793096151814341,0.002472731532051533,0.01384707445832286,0.005043461813223204,-0.0021848946550097085,0.0038278243560747626,0.006200584458624666,0.03389515501576123,-0.05583032946128783,0.012705824407237328
MYOM1,0.004412056745680016,-0.007147553631932925,0.03402858128696613,0.008131366701227185,-0.04335149577295937,0.00484657187679439,0.0014431537246246224,-0.003295743782857484,-0.0335650214031915,-0.020166866082039915,-0.04336594316519622,0.06406120335659318,0.04298059840441227,0.09514561232154238,0.029213828195972465,-0.002729352076975701
PRSS23,0.029231457419518755,0.035095640152996474,0.01663644212514756,-0.0240993539863119,0.03071028154927272,0.012868975689610889,0.015965457848399547,0.02096695080490809,0.01564089487391534,-0.003109709984127542,0.033085494814064684,-0.008261713478095248,0.034798413672111984,0.004206654579356486,0.025115664802842594,0.006024161522719427
AIF1,0.05948519127201052,-0.0094983465576743,-0.02008914201389703,0.02518109755871155,-0.018027199481471832,-0.03812048939509037,-0.01783904449906218,-0.016943157176086028,0.0380919725668758,-0.0045469591730020725,-0.000795627263770941,-0.011637443238746513,0.024546748305442238,-0.002369890892800015,0.007690582834179138,-0.012749873855634733
COL12A1,0.004371784726863376,0.04226078732577718,0.0262826083533437,-0.011610329769393614,0.04515992805240135,0.022606587041479317,-0.03171214135323558,-0.03231849361966918,0.04600917587205993,-0.012996755307471802,-0.000977968172556935,0.0036312590910868737,3.9742311245413394e-05,-0.022830056295869924,0.03774690622960056,-0.015950330936315555
SLC7A8,0.035560663377094015,0.01818740662909313,0.0044627659628511075,0.02601614632647902,0.030167676852151565,-0.027633977420010693,0.0005160633234532535,-0.007423642671187308,0.04136721303321647,-0.021053747086643725,0.004807400939000465,0.04849140189367075,0.002958990141960076,0.02647498111993502,-0.031266734056270055,-0.051408285156449046
VWF,0.028391964600978356,0.03554344866500301,0.01862468730580829,0.020940536350475998,-0.038287684667096256,0.03839398364854851,0.00017413127185284807,0.0425818914963078,0.005876064585911839,0.02799597441453752,-0.015112108442691435,-0.00045828882536520267,-0.002898693719980996,0.010524757679488829,-0.014209644516647569,-0.028328337085195186
SCARA5,0.015417216385284708,0.013028321069004253,0.038772222716657236,-0.005024650791927888,0.0034929227391616103,0.027071802958095786,-0.023013320204888808,-0.006402603045470389,0.01167896946027339,0.02830543710646945,0.039553782819342014,0.03627393229365787,-0.0009669435656730661,0.006435786909132997,-0.06456758412364037,-0.004498570944363954
WFDC1,-0.009699754695392701,0.004258476343816393,0.019103850769000792,0.0009689369031132006,-0.03303454299509112,0.011153377476269965,-0.058303288570350276,0.004205404283051343,0.0552499334516886,0.023901113067123475,-0.004059397756998014,-0.012610219778319713,0.014463284414742657,0.03750278331993357,0.01962854377545143,0.001350286413680017
RHPN2,-0.03870858659197277,-0.009471888760823657,0.021291780587886742,0.03376144260319502,-0.04049398915563699,-0.02848413207486062,-0.02350550829125822,-0.009907962798296838,-0.012905731211902319,0.013925324412987732,-0.010982732973474534,-0.010981995151089871,-0.005736211396898146,0.021727930555155518,0.009083676084647753,-0.02920569199921382
BMP4,-0.0257402549275811,-0.050300743689016304,0.016551387813135893,0.0029715253178152004,-0.012933220658905674,-0.024182037668480552,0.013778716703439612,0.0010326791392691716,0.02871631353891451,0.03065248019649089,0.00044130065445530803,-0.024735762253376425,0.02560382080052338,0.01185425742790282,0.029874149049942206,0.015215968723371621
OAS2,0.0402232461408864,-0.0177875420075128,0.004583150136792394,0.0016056607461516922,0.009141559911560787,-0.03388679872946742,0.026097556679925533,0.009399956763755865,0.048860297824193204,0.04374152094671476,0.02338212277583472,-0.01364167508298783,-0.01350754801476621,-0.028037599026985518,0.034888839964632976,0.0362498832160355
GLDN,0.0045029991428585416,-0.032782129494357624,0.04775977861083675,-0.03196542544359564,0.013940050828880907,-0.022796085154038616,0.008984904714989883,0.0229884637088386,0.027194210942576614,0.0259272290263224,0.02708853565222071,0.020422288491215683,-0.007967300520406475,-0.026551750640704475,-0.009580625056179015,-0.02213679473723964
THBS1,0.016846454087828523,0.030956892700503065,0.016246594618016773,0.001377740967677431,-0.0024890406248511236,0.016903290238643,0.009466102120113385,-0.03986566013088669,0.01701040176984169,0.017276933014556347,-0.03377439940293159,-0.048117387439598126,-0.021382125038029002,0.006475489086741406,0.05889114113609308,-0.020406817390041004
PRICKLE1,0.005399127188026948,0.046090891804111675,0.01719734667599806,0.03667068657244257,-0.007119555855098799,0.014823275114217792,-0.021369478031112568,-0.020580393247949295,-0.017168045847159707,-0.0008050518520930309,-0.0186432208601162,-0.015721922445037187,-0.03829917415515893,0.005238566233870074,0.011264526660692917,0.010504206879494268
SRPX2,0.026864535812425906,0.0037967386104024825,0.011184034824526068,-0.030988412881123847,0.051668170498887354,0.024286339995998135,0.019790142975386095,-0.0157934294585678,0.008326074239523484,0.035712470315747966,-0.03086884409410156,-0.04034040070281399,0.03615553967206525,-0.01308459038614699,0.04128907748635945,-0.0019268543057492655
TFAP2A,-0.020227041760740715,0.001338580547652113,0.0138416867919646,0.033026680891762174,-0.008891784463487347,-0.017460583384415772,-0.007337405793231083,-0.02107753661248034,-0.024340433514185952,0.006304505829651967,0.047750368624107364,-0.05863983013559737,-0.012383540443348747,-0.025921704425154422,-0.017126187696485592,-0.014135524372587988
APOE,0.04628363447300417,-0.011358435963340538,-0.002642654836282829,0.009176388417223747,-0.0031445060923054637,-0.026845590250328857,-0.04228147650979113,-0.006298583461660449,0.010661470279258664,0.015064615990933122,0.013741100642752756,-0.020748072837171252,0.02006940717881678,-0.021785756594100127,-0.0004541703322629375,0.01979568688708818
SNX10,0.0327299592182861,-0.0502320636479996,0.003147378369594534,0.00040198171997831475,0.04938710567569071,0.02964712416465943,-0.03886525917631794,-0.01744080678070395,-0.03695179219687949,0.0038550557248131128,-0.016657712127965074,0.022623676580804046,0.02270456134283874,-0.026043188384871567,0.0008330401784512318,-0.017703902512860074
CSF1R,0.048771198391670274,-0.04476165808649603,0.008910026641584716,0.004686621622547522,0.0375289145385642,0.012479785702864453,-0.0401676798165723,-0.017221361312143205,0.008552443208863445,-0.01930083970940575,-0.015857011379025638,-0.0032869092556346412,-0.015607432416538607,-0.011666845820895035,-0.020205090121265472,-0.021091456267627776
CCND2,0.01433945523932954,0.022301825912682274,0.027737112062030007,0.03329935742024351,-0.020069841830496205,-0.0290817377350362,-0.03498782204075198,-0.008200339955467865,-0.04167831889685335,-0.004507584361270738,-0.013078514210575352,-0.026765989486808292,-0.030555054129184342,-0.007640015739096375,0.015058245739406723,-0.003662782310877989
DHCR24,-0.03199938840285642,-0.02573131253633808,0.0022504034141341083,0.037597716239999246,0.027872972882527616,0.014523122251490894,0.017128131789989176,-0.01404210346711078,0.02402201124813483,0.017947082545750708,-0.04111053724293191,-0.006971556022631161,-0.030157606485454496,0.02601161891322963,-0.013184189741460479,0.019262077882199274
LYZ,0.0585280374333231,-0.006336796356965414,-0.0027642395389907972,0.03409074656664394,-0.020232035846418205,0.005250601431591503,-0.005625154147421882,-0.00717061828040684,0.01705595284038919,-0.008808320617630316,-0.019684473781040566,-0.0029444462002139113,0.006414798476594767,0.00017903039594330196,0.006709976647607278,-0.007175657256611156
ALPL,-0.03373486816024328,-0.047853585643911005,0.023954218007696038,-8.971370600263824e-05,-0.008660409257667966,0.011067772820432987,-0.018563525034358985,-0.0011930298920602121,0.05979119377748691,0.010496101629252519,0.016504731343790723,0.0036155083466606073,-0.00239764154949777,0.028174424515950872,-0.0036048189032890205,-0.0014509399759185938
SEMA3A,-0.005679213573104178,0.044578735332847515,0.008664138027405174,0.03153040321191623,0.02293889549012301,0.0007146513181174742,-0.026572894721631646,-0.005950767696351572,0.0024183155964928424,-0.026729709918969072,0.003671028674543624,0.011852466345163345,0.020605150419768088,-0.018987866775658092,0.027470900374580734,-0.018514597061540714
CAV1,0.039855485127025726,0.04295065930564161,0.006210678603234516,0.01466062871402792,0.014630308023942388,0.03133197035993365,0.041028639970752956,0.046824154471102275,0.002699954445111428,0.013057249358336652,-0.023971226611998603,-0.00954688346278589,0.01463988784437708,-0.010015810196351397,0.019584184990471626,-0.015243022947005807
BIRC3,0.0410468245971134,-0.04022937242059618,-0.003028338900416126,0.009459778911909696,0.03544917555602545,0.03324605137048598,-0.00867273674638948,-0.008470928999305438,-0.03729399675629336,0.0062190818903328365,-0.008933511085969537,0.0033045932220243587,-0.03655208546989786,0.0027385557310704457,0.0043491430918308205,0.02172198943544549
TCIRG1,0.029152579113580244,-0.05489928850848278,0.009512357681197948,-0.009294887347808823,0.04903707680730206,0.04812862966261697,-0.056888223542782966,-0.005371921065915939,-0.02050030295918757,0.007146929489112642,-0.007902400265730754,0.0005458768583181677,-0.003508162657828818,-0.021461577411556992,-0.0218624999005418,0.01011199794839951
OAS1,0.032883236282644085,-0.02420414301468432,-0.00245858017399179,0.006834288459382543,0.01080982891457923,-0.05396614794030136,0.013532631620513779,0.004634637508208811,0.05368593018885044,0.04640006525905658,0.0301686414858872,-0.003612712675963265,-0.0007029685944494332,-0.043813359021978235,0.024532984042006503,0.033006603691979206
LRRN1,-0.009024035121286609,0.0031887190582238515,0.039171848113164896,0.012302824288963041,-0.01309748970595374,-0.007509019013619001,-0.018758471089855375,-0.019598438218474755,0.003795046148895958,-0.021496809469835912,0.003943685634230337,0.04859882141201569,-0.005098619549103864,-0.0182029336480159,-0.006297607998280877,0.0036257259361272606
TNC,-0.008992024195786425,0.005151618323079075,0.03571048328597556,-0.0007817405601730472,0.04361250767426532,-0.011372042057145326,0.0010153807602870874,0.016781993881944204,0.059049493283166436,-0.001660873003671147,-0.010490801093348467,0.0186256501213731,0.03422945265492708,0.00030138749510402393,-0.04313650149287602,-0.014918542334583389
GPM6B,-0.01512794270980507,-0.010799562361273435,0.033103217064108834,0.04045324598433973,0.004209496556975813,-0.021974417323269182,-0.02137779507040344,0.03014188971911435,0.013309426057410072,-0.036580571892580335,0.014785248354431872,0.007114343035690136,-0.01823397756550401,-0.005169555117970422,0.004823375378585327,-0.011299372938680389
CD2,0.051566889913881454,-0.008064899200386522,-0.014051675736496032,0.03829817782367639,-0.019794543620701488,-0.052726292672486325,-0.0013084917603326176,-0.0059260217039920245,0.022873794345014978,-0.005978455810881987,0.0017552767768959725,-0.0037324406868194876,-0.022513102992708575,0.008334356632548409,0.010597328892185424,0.01838417048971299
COCH,-0.009746504718713763,-0.0140228508099591,0.01740557117509941,0.029269848129653952,-0.03271444667638086,-0.005228568489165605,0.011619630261907266,-0.04639254954908059,-0.03248251602382776,0.021918680803608512,-0.004435575692015651,0.002298929326291545,-0.021457863564059,0.010548000155991897,0.0124945055514418,0.034089428213650824
COL5A3,0.01702784015267595,0.011361829862046357,0.03975507517657477,-0.004170023238220545,0.003597962946887517,0.03336342990265448,-0.009815111122278557,0.07403242718201844,0.025295288352646286,0.000438889914087657,0.018860165930948067,-0.02683830741478654,0.014188228861917769,0.021232423078753615,-0.04558938473858229,0.018015987406855012
HSPA12B,0.015081451357459759,0.04608330275066735,0.03092286891412562,0.011174291258365601,-0.009429128370751882,0.008221761754175494,-0.038708154851436485,0.013918697288778838,0.003600845393578666,0.0011608864063972265,-0.0036367530907802474,0.034308393307875,-0.012821483906134521,0.009363026559176191,0.025052872819549637,0.031524770837406464
WASF3,0.008428160349267421,0.03165540219988153,0.03043670839659695,0.02495563603785004,-0.01750908833512011,0.004098822584441608,-0.021592997528926544,-0.002927938030941298,-0.03073498963286278,-0.007538474267538078,-0.029579589167274982,0.0030890655199910817,0.003796343214920077,0.010145363627750042,-0.04129169818893834,-0.0177330481038926
COL6A3,0.007492307582069015,0.049764859664215295,0.029170555684992713,-0.005375159523023089,0.05316096953010976,0.012650045320743552,0.004505557959680865,0.015460085128964515,0.023909027460513863,0.003722754587151463,0.00654098625852521,-0.03740446554376499,0.0015546793562868193,0.01560239992906369,-0.01493855285858988,-0.03492682389467281
ENPEP,-0.012976861624739898,0.005980469772806881,0.0373658949650658,0.02553311389736081,0.02266682951155627,-0.008350019248384894,-0.0045621547464929635,0.017861134861622788,0.0005602428620048906,-0.05219106988953189,0.033094986912165135,-0.013268751825330553,0.023298959822807788,0.007029108801291218,0.018172814279151177,-0.013191006259222968
S100A16,0.040382227641201515,0.038323133570118205,0.01835157262237275,-0.008384992237413302,-0.008771737079511052,0.02731047759340594,-0.01740421106752769,0.03220143810832052,0.014936619974431973,0.014668285139082783,-0.004336487601129449,0.04758606553460713,0.0006601726876844533,0.007740336226633095,0.027604625240026184,0.04881025326366567
LIFR,-0.016929020063294248,-0.05706441653894594,0.03941704824500065,0.0012811726986054054,0.009882943357641137,0.007419918527494379,0.042596162135223214,-0.015136990498915488,0.019385442920174422,-0.040478142158212216,0.019950988465880736,-0.023717571628526456,0.016529062511862928,0.0306363676253575,-0.019222680234118807,-0.016466089464665663
ECM2,0.0070019299226718075,0.042520405192581205,0.0295212558603886,-0.019536401384476824,0.04097308800986388,-0.013848099525330452,-0.013768493518052398,0.01481149906668787,0.040306471747205364,-0.010524701173119506,0.003977213964721428,0.027079883143570606,0.011288727384600971,-0.032668448369054054,0.04380801913245447,0.019635245264832613
RERG,-0.02902599612060756,-0.011716564154495807,0.039778413913866176,0.0037366649766079384,-0.02091653729955515,3.8062370879566806e-05,-0.005264814680911701,-0.028125268759187864,0.014247134368576095,0.021754434196536315,-0.003934530540541161,0.012710058089954826,-0.018799921350982636,0.03669153647016536,0.013342933178623402,0.02484337988563604
SLC7A2,-0.002889238040683786,0.03609095552842315,0.03751681643810309,0.008912629269650401,-0.008919448840654202,0.006634950137301828,-0.014467544566101158,-0.006114253194185605,-0.005140821083761589,-0.009279311280801183,0.0050393462956884695,0.03374626638955128,-0.0009657152939157418,-0.04326807439541795,0.009983590434020155,-0.04332766480449428
PKIA,0.014566044715029374,-6.486207001164411e-05,0.01806682690592521,0.02014322385986164,0.0039802367722942865,0.04675348242444015,-0.0057189719543302275,-0.061927226902708604,-0.06959259226663092,-0.02812713456827393,-0.007429527542214293,0.03535010980100637,0.05896849864853078,0.03291053463574709,-0.016953811278191296,0.04564217561373963
PTGIS,-0.009315500630696626,-0.0105702240814019,0.04249774790415193,0.010424073864138433,0.016270911121877372,-0.02452830330941661,-0.0024486845964628154,0.006163601558014044,0.022328008432595067,0.007772572186098048,-0.030255563187156647,0.00650332314048086,-0.03875114252442637,0.0327558589802108,0.04034437244037344,-0.027610355291214285
AXL,0.024191787149174304,0.02282834958504775,0.029693153290642343,-0.0028718661803083653,0.014108030672863238,-0.0309735169472467,0.009161348335243215,-0.014708673769814284,-0.021494439646679974,0.02245478733558432,-0.031035488989011276,-0.004745458290218664,-0.037076268132869045,0.007202279239638252,0.01950114340555066,0.0416920014136443
NPTX2,-0.011182699876091762,-0.009672709411251555,0.009849294921124104,0.040596382609715875,-0.006246052436602216,0.020387994775726028,-0.022103864754667468,-0.02377487055107606,-0.031106616396285574,0.009450842849248216,-0.0032277547957280774,-0.036233769039954074,-0.010039943172190516,-0.010469508906080942,-0.012861074084289034,-0.01210592978937619
SDK2,-0.03672964948271461,-0.02745613576676794,0.040724264833542835,0.006330525670501788,-0.021771373690229096,-0.0009609614601551087,-0.00417279312065943,-0.025983240077588288,0.025483739988872177,0.01572706387944848,0.00038268920464680717,0.012893842363308086,-0.03213713277567122,0.02035608240202502,-0.03078428389974833,-0.035571834950110875
LRRC17,0.0017227057049521931,0.0355268906325361,0.020557462689616026,0.0032191432053964475,0.017937978895798255,0.021841192318965773,-0.024569804371910194,-0.019249896951991606,0.044035921604404296,-0.015968221591680248,-0.055569163836486433,0.0071316362637361365,0.04263686399338512,0.01662524685898944,-0.007127460858519699,0.016422678542904624
GAS1,0.024875529613222393,0.03672639849431873,0.025713620975041127,-0.013310453627726124,0.02610464892458522,0.007218723706583245,0.00641170030880105,0.0017139753947596863,-0.0179234637759723,0.002273528558888427,0.01984544242176761,-0.00017916111958683105,0.05057481238778591,0.019741102544316044,-0.047797767608507465,0.05933473978384192
ITGA11,0.004452053727453508,0.017470652690968615,0.029859891710021427,-0.031661194033598385,0.08211190940233777,-0.017120795255440004,-0.020753974918720025,-0.005042513782336336,0.02211232478299989,0.0021662975009267785,-0.0056579506737690355,-0.023532099784108966,-0.014953694835649744,0.01557056681066537,0.04991752428798164,-0.007852162563176168
ALDH1A1,0.012926296871352702,-0.010989661613236747,-0.002408872916996806,0.04616262965952682,-0.0009173053555982618,-0.0029127758911581605,-0.029182458252975316,0.029178351716079593,0.005427656209185661,-0.017451276820977753,-0.020487448347128814,0.008073451555166106,0.043028065389650205,0.02287095118577502,-0.016106983090715777,-0.015228653705452793
AQP1,0.014598283764567578,0.0015206349259710076,0.05322788598686682,-0.034235349256574565,-0.006569703473681347,-0.024845969585590433,0.010900959928192197,0.017217509172036766,0.012826926733242143,0.051794182541772975,0.002816637839248094,0.0003726367209177413,-0.004524731435334053,0.004945037875745694,-0.004155694869243928,0.006039176505410575
EPHA3,-0.02234833329199625,-0.0008436251951827903,0.032912534519959215,0.009081559972485574,0.037538747407373514,-0.025496480196032477,-0.0032494680165499204,0.026145374000702316,0.005508814489934913,-0.031474987055191354,0.04153052931394489,-0.018646576709198143,0.007237974680999498,0.06092009505981934,0.015526204141848902,-0.034188151210967875
BAALC,0.012372811400989952,0.012203626270960432,0.017683039009939207,-0.007230476553399161,-0.007031258214849374,0.014069734055651966,0.009712699942350144,0.015247611320747222,0.0045318757799972485,0.012803973379889057,-0.03214131855131599,-0.06130365201676632,0.05456539882985464,-0.02256232386815867,0.008196697523647104,0.029596981823831664
ZNF469,0.009549101198426167,0.049718838133025384,0.01743076697573292,0.00772633531844488,0.04217161435144206,0.013455547276039738,-0.02406118844780413,0.004625914055858118,0.028485752579251303,-0.011619480127219467,-0.019290723956080728,-0.021337292733029197,-0.0035792412646710988,0.027126304213228734,0.024773538471638545,-0.007443466676379366
GEM,0.014859566295995,0.059075667948381747,0.005814972112774993,0.00967075876487835,0.0363639123158065,0.00668538441554965,0.005116935609308181,0.009977730104574046,-0.003927931169609884,0.0387275078813235,-0.027112062787165495,-0.014184321294017917,0.04097963693435588,-0.004096322853897386,0.003231290854801904,0.015793959103287056
GIMAP4,0.05341722653777526,-0.011563036537979451,-0.016552432378172114,0.03622618413364651,-0.027651115874446804,-0.04650402193014745,-0.0062380446529058066,0.0016184122869324297,0.042146904569109425,0.00038151115389685984,-0.012152452822363291,-0.015558604111255968,-0.004532773865099529,-0.01029730477807312,0.021701861030669647,0.010290861590911467
FOS,0.018257961222798928,-0.002559388556872903,0.001328112323581341,0.00912289670925444,0.007702811631166196,0.03595354634526911,0.03010040606390539,0.008416172480867352,-0.010201804073040723,0.07776787466660803,0.019786941859012527,0.010022333248727143,0.025907630650479803,0.004793538392081474,-0.040501980446476134,-0.049372838625516065
FLNC,-0.0002908683810699769,0.04660131806622759,0.01071359326079718,0.020034419326715274,0.02345292158484683,0.0006074563634510333,0.027750326999974703,-0.010402360154657711,-0.02451280462769253,-0.022488714719868054,0.014157402492651057,0.03365964944095304,0.05618342694787867,0.04843562873717476,-0.0026789746957727577,-0.004792853415513651
CDO1,-0.012016537467673937,0.0163269374114363,0.022159432148076013,0.014135977836394729,-0.02942735900659276,0.009729853650472721,-0.02605696661085974,-0.02672425579121514,-0.017418611292207665,0.006332090245343591,-0.05450833564707737,-0.016322483569612727,0.023472844158579066,-0.005693743979949624,0.030240308522221808,0.036214757301416614
THBS3,-0.0006718480739645271,0.05623880820175753,0.01865552316500408,0.007139188935923882,0.001463839799810939,0.01671116810392617,-0.021898403966801625,-0.03522235551215208,-0.00043573018157112755,0.008403975872266847,0.02787700583456673,-0.020196513821670325,-0.03368646422280981,0.03298301557362243,-0.015349617223440599,0.03286723073430348
DDIT4L,0.007233369048306451,0.038039794944362826,0.031091273245687334,-0.00847337676552935,-0.0021675843056384193,-0.04234243368052165,0.015028062317151768,-0.005723778688487844,-0.018961180499849982,0.002995986423903115,-0.005178209139631064,0.03447454786387705,0.037158417994052596,0.022422841145922807,0.0016987284593260243,0.013930783248010977
CD14,0.05231306889782716,-0.029537380571995158,-0.0021535305492494544,0.006359541145676639,0.025525575662244518,-0.007310302954980332,-0.043657993492622324,-0.0017644964491465615,-0.010038352642762583,0.0011493821348071828,0.024820773276596583,0.01369097122578223,0.0009635364808419184,-0.004294265419649769,0.022021204778401346,-0.010793092382034675
COL18A1,0.02456956469733505,0.021277537792452794,0.03257526157600783,0.006986305827362337,-0.022466826694024278,0.035812147229452515,-0.028782937187960878,0.061457799854550105,-0.015247459061943327,0.04040505033849313,0.0426004664056086,-0.04197713099925178,-0.002069984705899332,0.0035624666387359723,-0.014368633655519384,0.014954051980052464
HSPA2,-0.014957051730106932,-0.019727542425879877,0.026015063167478394,0.008321642360577567,0.017598546594952025,-0.035227199781893405,0.023210527190727973,0.009370278517911786,0.007224578483685852,0.03494040153748246,0.00042191274579903015,-0.0014695132334771707,0.01743016048400817,0.008361514652059882,-0.04429613084546339,0.026537434504347854
IL7R,0.04088923205526454,-0.02166582850935105,-0.016196440027845527,0.02365589069396741,0.005042602291596126,-0.00440849290008948,0.0195671167426424,-0.02600330640800858,0.04882484137776596,0.01353626592236066,0.022713252560297867,-0.0159804955904825,-0.0013662889404460884,-0.003854750151924838,-0.005899757832019964,-0.01621064680480634
NT5E,0.02055609927505033,-0.004719201612128952,0.03682141810060991,-0.03293724739136729,0.04579826580012731,0.022521922976995266,0.026863102453545253,-0.014786965969521015,-0.026624267826752437,0.0012173617008978017,0.03003732226917328,-0.01701862237348911,-0.0030158019784172073,0.030514713782199138,0.05097731443184245,0.02247331154236669
ANPEP,0.005803292127388586,-0.038642679727403095,0.01221157657330002,0.013031991052073599,0.051799802763182926,0.01791009427498165,-0.053885339019502765,0.021528768637875187,0.028666108786942902,-0.006405035449611542,-0.0162810776743494,-0.008565759123598493,0.029316179498227075,0.05454341501234024,-0.024509912070473906,-0.01182337834830737
CA2,0.003252294612057187,-0.04896490813409734,0.010383771922415026,0.006869067562519161,0.03670411573709057,0.054251896196281346,-0.03346043226164603,-0.004688070134130246,-0.023322481750992392,0.013208821357214389,-0.006013833874023872,0.01853496525404722,0.014235983413363774,-0.019418246505638805,0.012849639680617895,-0.04020322952575876
RGS5,0.023770691344115275,0.023334050812798646,0.051877940943447574,0.0019804895732934828,-0.03571380106761646,0.013265972233579133,-0.003254258886814728,0.010447307827850555,0.004195153856683203,-0.004852777175874597,0.03196666553503566,0.021600341173260415,0.004520863405256916,-0.016092641211326274,0.016602885367349652,-0.0015978547993592516
LGR6,-0.014366412811964534,-0.05696281157045351,0.035323436645471024,-0.008354250051326775,-0.004387670899180355,0.003280748388838804,-0.012940980309323419,-0.022792461269415594,-0.010082759286717091,0.051297029072691194,0.008440876436988098,-0.021226988906146688,-0.006700186429585365,0.01185146259253956,0.016961465475953084,0.004497640174379703
OGN,-0.01359079128334313,0.047782296914508145,0.02197312420625744,-0.0036944053701732297,0.0404809698255265,-0.010718702304899687,-0.019980519271949434,-0.03194024274239547,0.018022526191870787,-0.04547700386967099,0.05081173050881673,-0.004189981845313401,0.0020081205081248854,-0.014689438455442516,0.037142956505763644,0.028955417197531693
VIT,-0.02106087584770229,-0.01655674844878844,0.033417174669340674,-0.02280095946947358,-0.03377383415456009,0.0028702568574795364,-0.01931255092161302,-0.026908131084950247,0.03936470344330864,0.01882441432090188,-0.014402128997896928,-0.004546176290956062,-0.015212086872802146,0.03259203456041039,-0.009367995562128027,0.0036428970901544793
CCL21,0.025828919891689436,0.014365813681198571,0.019349181761767496,-0.010810542218778172,-0.026297615545132744,0.030630956831507256,-0.0053080465656074015,0.02437251906170181,-0.006783405048331545,-0.006780249487571647,0.0027882580824131016,0.029185802755520424,-0.006132414351696647,-0.0030335718178084634,0.025037066584806436,0.04235901472199937
RASD1,0.004486572680209489,0.025804450007857114,0.017528750950455804,0.010298503679010366,0.02220438270210138,0.010438410902151116,-0.019574246253325663,0.008843872958977069,0.00960535418823594,0.052032783199921766,0.01719319007153749,0.00485440157408692,0.056606897338723206,-0.022775928520609393,-0.028006669422684184,-0.025907190219114945
EDNRA,0.006552030564700013,0.031923647941285584,0.029138589523493127,0.010039256610113371,0.024369776971470972,0.029629754668762463,-0.009305136644362895,0.04452919737286847,0.004229408720106956,-0.037133620727444416,-0.003403174739983054,-0.03394341914028662,0.03724510999837128,-0.04408179859607041,-0.0001428305933296667,-0.04262688798137368
SYTL2,-0.016428025956875376,-0.008133619548977731,0.0165085544963969,-0.017094981358072275,0.000450456392078343,0.027183505728225078,0.03301883190468806,-0.01931752643755046,0.07034367130334444,-0.02165689715971497,-0.012915240311705059,-0.0010102201952832176,0.041188261926740674,-0.008378392604473367,0.05909743359962731,-0.0035364671206548487
PHEX,-0.0017912615042264706,-0.042209596258638245,0.039407020677678144,1.4568387542592378e-05,-0.02240784533381699,0.014411857815125216,-0.03915507572781632,-0.01995079484144935,0.025481688495840493,-0.004434289264601944,-0.025706507538415156,0.0022594862940190576,0.020446674010625537,0.04695049053787913,0.04112307679910605,0.0034688378422304917
COL21A1,0.01494789630495397,0.0064294535298278655,0.042250105803865984,0.0066227146334788935,-0.01101573400734289,0.02666082847755332,0.012811711392090593,0.04736899451390639,0.01717097264585049,-0.05089888827834627,-0.005003089388354293,-0.01496937338335829,0.015175805101051008,0.0015362497747864415,0.026408919098023356,-0.003330192882226732
SLCO2B1,0.058762659552120164,-0.007592769322158745,0.00632096860752016,0.03696063289247954,-0.006755109337346137,-0.04062662994964088,-0.003267578968048439,-0.013364603573984264,0.04261068661430878,-0.021091859305375018,-0.004178665589166759,-0.007520122785909645,-0.01609541439582493,0.0023699774494403683,0.002715956235466364,-0.007975513258879702
NID2,0.008109558855236426,0.04154330119570187,0.015589391357164868,0.046529871542293356,0.031283533056449556,0.050252314938899346,0.015966844564534313,0.010981121399203302,-0.008701778278073578,-0.0423778240791713,0.029902647184049815,-0.051052611470106285,-0.004758372691479223,0.024896388947999185,-0.009815072889892626,-0.01135708298373661
GPC4,-0.018912735645776717,-0.02806268466614236,0.036416413878096986,0.02115069945767733,0.022943389909121,-0.0018876241102566017,-0.006467834194860711,0.036718334141401944,0.017657373689998042,-0.023002049485364825,3.203693549771059e-05,-0.0180345415159804,-0.011079898858934385,0.028250947572292788,0.032538435842855845,-0.013744389077880996
SLIT2,-0.00707518895280303,-0.009626203164532221,0.054367141195832774,0.009884480898634277,-0.0019616135178657824,-0.011616565770870033,-0.038138507868646775,0.016454782443734342,0.0006963522160592286,-0.041797295139498446,-0.006925383508411778,-0.004559516130165277,-0.006831251664558906,-0.019757548933328498,-0.0352593024202072,0.01373955585187187
PSTPIP1,0.030768952636092098,-0.05210792273439939,0.0048040992713597845,-0.014531578528174181,0.04356412989676499,0.018114725759621315,-0.06868504290019518,0.005772057710065652,-0.03044763553690789,0.014068989483593333,-0.021496298338249793,0.00905581984896623,0.013539248027603926,-0.032854839303337977,-0.004185087893126298,0.013869697827708395
PTGDS,-0.010956983830074193,0.011517036898021207,0.030312345810767336,0.022199102051603428,-0.009061681390462787,-0.04204421986516072,-0.03910760508208346,0.01593293104058356,-0.019316077273299585,-0.014420462451816059,0.04465001401128275,0.004110605441161676,0.035959754848470485,0.016921026038787437,0.02193871921206043,0.007285202568515383
OSMR,0.037564099419713684,0.01689724061668059,0.018206272784590524,-0.008537239457752052,0.04088440843859116,0.03485133219635244,-0.006100886080661732,-0.021498294945793656,0.016859521435857176,0.027587522486386615,-0.025666655248155257,0.002233163710657405,-0.007417668704745946,0.021236492950556345,-0.06352877614759016,-0.02340075490268773
EGR1,0.017882023782298216,-0.007508493531010812,0.023184437306599682,0.0025625607639484065,0.0036759629475347135,0.019717784557194258,0.023521413539887005,0.003964997569892728,-0.02567473822980757,0.057874613461265455,0.006072010799958391,-0.001362008956383996,0.02124222240165408,0.013398509236767959,-0.035983453499308156,-0.02101713877186452
TRIM22,0.04996558959248811,-0.015155851181735064,-0.0012931024548858954,0.018458484576961857,-0.012033194056581004,-0.050281643155898205,0.010277786319346657,-0.011420388544424117,0.05662668203283616,0.013487541305075602,0.013388411643454287,-0.011654841456097836,-0.018868122481075885,-0.008590742979812516,0.027820065091534996,0.020296179186533377
LGR4,-0.0345163600596896,0.00010251510811705217,0.033404724696157025,0.025319746000116137,-0.024827468590653757,0.022189648628702218,0.01878855105966998,-0.011679274384096768,0.01809682972377311,-0.032656399378963565,-0.018654349094309745,-0.012733978934327678,0.01867106406631864,0.04926173505571368,0.0022659647313858795,0.02970255183290766
STC1,0.0005706757721980486,0.009529862923669832,0.0018462781612018043,0.030711780330164196,0.004514214432578994,0.0479095325140049,0.008619662181100914,0.056197110525929406,-0.020025028398394196,0.03285973464979323,0.03752576585900758,-0.04223637153278323,0.014720670232359147,0.012007517953589859,0.015810357675802945,-0.061241777287151036
MSC,0.02204864741274883,0.01884550183776375,0.003786945084341446,-0.002209836117648652,0.05687329853794843,-0.008222400483995664,0.005943481083034656,0.030416298159958523,-0.020572037004716937,0.004767783062862062,0.012641894281564627,-0.004026610836048442,0.03426781086884252,0.017121684306343754,0.004344313637370972,0.019449260113085176
SLC11A1,0.0474358704106364,-0.0051301751399436,-0.028951508937190357,0.04213372187573193,0.012125663819526001,-0.025889416012637917,-0.004535621060327401,-0.002958011886353907,0.017125381646804234,0.022829534983834013,0.031726798653783264,-0.002308663295006185,0.03379747217368377,0.026713946991879532,-0.011595257043671037,-0.0472112422387541
FZD1,0.003688046783729447,0.059911730357131814,0.02122173120190203,0.005692692428931033,0.032105712681862915,0.019502562873749445,0.011057532862210475,-0.042022656771909,0.00928078662902667,-0.03785679380769638,0.033257836810808676,-0.031462058810140456,0.01587184062540746,-0.0021617493718883614,-0.015728258440296197,0.046372725592408806
GPC3,-0.010907854623372903,0.02445363707817267,0.03433058550675272,0.032499780361826124,0.00440962913878203,-0.05653994440347267,-0.004291809810201759,-0.0024281146303456813,-0.028419512754481402,-0.00858399195445599,-0.01869145081481076,0.009869968084076421,0.003581145429045293,0.003242810516868949,-0.015439457093706583,-0.010102876360272427
LRCH2,-0.0053680823447205955,0.02796696588924273,0.017977007929957427,0.04092784556010916,-0.02705966578941226,0.017520013318412946,-0.01285628402298077,-0.04719823543900396,-0.017156115497271657,0.005730309775829978,-0.024511072988667858,-0.001756550860061202,0.03228886146698837,-0.01607782040639217,-0.0014547756654385118,-0.0022769740489495083
TGFB3,0.006355827165193008,0.04515093698098578,0.02182872341262755,0.018822380195626993,0.036723066496621166,0.03875187812330967,-0.01692083286885173,0.028485017589862393,0.017359318347366683,-0.008385830787478916,-0.0017250930629581819,-0.01637650919001716,-0.0029240409161483388,0.02792177366833891,0.025089671578424014,-0.018759657646225142
COL8A2,-0.013093354031430386,0.028948432478854442,0.02781949920511089,-0.014810359710742398,0.05502536929520599,-0.05503939769666666,-0.048059640478553274,0.007981765485614457,-0.003984540584968866,-0.02247024322697818,0.018587007161171024,-0.006515747261757329,-0.004628084775762275,-0.002759427572986266,0.05514732859695118,0.03811786120221197
RGS4,0.019343298889362082,-0.019356256624911035,0.02503674421081569,0.006000055540571453,0.05608826086139958,0.007659391799814185,-0.0068671219079443025,0.011339295112421172,-0.06414397366217219,-0.016944976655793777,0.021721321401162473,0.048337981789798715,-0.00788486654298765,0.007026181156632625,0.03581306282280508,0.021709319654928522
PSAT1,-0.030063673077993458,0.006353985075011508,-0.005588058971862411,0.04608590634097066,0.0115892377878467,-0.026009906388627605,0.0200085008817606,0.0397455304343518,0.025773236845991594,0.014338752244359225,-0.0038079579789894007,-0.010219395032289153,0.005993810418921528,0.002764498595379996,0.00899600329832858,0.00045654661289962813
SERPINE1,0.03432868067484215,0.029234812536529743,-0.0056255206932996306,0.007256824530232001,0.03348849431821,0.016763484650002908,0.023486064203826054,0.010214276606384508,-0.029477663745077032,0.053162988823702156,-0.03172414936715777,-0.03853675309279762,-0.000481287880387515,0.03252910266857024,0.022105991317932387,-0.057234865419511415
DACT1,0.009239337281692822,0.054911998440034734,0.03098468722841391,0.024003393527448087,0.006733633877926477,0.002837389749072933,0.014262502219413614,-0.009977714391129421,-0.006167123197363632,-0.027278374557701917,-0.015945045588098734,-0.02288133028987092,0.010088397065361077,-0.014949899933560894,-0.005952871741104756,0.022365626026340058
SLC7A5,-0.02461235130602456,-0.003962391596052703,-0.009108651761896,0.03577743008637051,0.018668277845414007,-0.0015511082730861163,0.02333443695027412,0.008109836836745647,0.014586561748397254,0.06662900869768494,-0.018612440986408976,-0.01068865757634733,-0.03765963379102012,0.031036400954369214,0.020780312429967824,-0.03102174089120529
TFRC,-0.007772847860128936,-0.021703151157584963,0.014156482746303024,0.02160468758572506,0.039614741694868325,0.04343868798849057,0.02184945951710977,-0.03721721004337772,0.005132952466587672,0.008873462997820263,-0.01969150376091711,0.018166705398003323,-0.0554213587193001,0.011420509107334621,-0.01996612650948401,-0.03905556717221906
SLC6A15,-0.024635616070430515,-0.015379503307167964,-0.0011815436134202336,0.03191146140423175,-0.018132483312975133,-0.014049104365740191,0.009737970888165883,-0.03142383816824736,-0.03946219101002641,-0.0027234493177697976,-0.0012168226840634302,-0.028105279972376804,0.028926359569182533,-0.03857960109473439,0.04378885803518028,-0.007880781270292198
CPE,-0.04040965025550993,-0.029781255208382436,0.03780071008016294,-0.0059235754543958555,-0.028435067840901947,0.0113999776376719,-0.003587991773210778,-0.03251644567316081,0.03549838240974659,-0.016075177275772803,0.013428301387998463,-0.021058163389149634,-0.009620210738860078,0.05585064823721024,0.012422772647074774,-0.0020811921338925155
CTSS,0.05879987318272162,-0.004934945203101174,-0.01943068819566171,0.03586371374576666,-0.006104642219659007,-0.03280642671268541,0.00019346843733148778,-0.027032076723995012,0.05159852506631126,-0.0003593183356406409,0.00752934663786734,-0.013068126362383473,0.016964770688333686,0.01577675847596039,0.01801613548735532,-0.018542264518822557
TSPAN33,-0.0067480589559809016,-0.02973442586671734,0.006840063861505175,0.0462777759073432,-0.027274736849593636,-0.029408009008789322,-0.03325244858310066,0.028405321952398144,0.02526167668103068,0.009034507152491128,-0.03364917772715764,-0.0003082169010387992,0.023659784514890057,0.043195281729099234,0.011926585435805503,-0.019900254616281282
SERPINI1,-0.00953710354741159,-0.016920348499066023,0.015640165023108155,0.029904230278732687,0.0029756091430261566,-0.021963216460589213,-0.001628346579622856,0.024254103414041925,-0.023389979026461657,-0.009594787791839848,-0.0008744241367858513,0.03250885321889393,0.011729751120259488,0.026278016227662362,0.04025552091645925,0.009758492279443459
TRIM9,-0.003346610140759285,-0.002768805824360491,0.033211553754535654,0.0010607342322905442,0.057572446579451056,-0.025349767730584043,0.030957634560890946,0.04133240374091393,-0.04388175549284446,0.005698543876305909,0.01066593985409417,0.012409472752486442,-0.007056973039992587,0.028373483000372138,0.02585808229127278,-0.017609096961903565
IL1R2,0.03066847488456724,-0.022497740381327347,-0.007457282459300647,-0.0009282019270167958,0.030598605735316912,0.016058456042070943,0.006857387005825421,0.01206418491664819,-0.002094460116733847,0.01683896111465715,0.020924825251102157,0.016200116555338866,0.02666506062859348,-0.01605407708965589,0.017455033595323025,0.009611863797437347
BAMBI,-0.03430888427250842,-0.055227802668551526,0.02512015245156245,0.0051837927747600925,-0.021918354589050837,0.01666050373848001,-0.030031702292337148,-0.018721726207282012,0.02544386966856463,0.008040496737346544,0.0011253597599784285,-0.02126704529090672,0.003633126795481377,0.02057802433349016,0.005135188894411551,0.005902766487380787
SLC16A3,-0.011466963484054998,0.00695126201958224,-0.015390211852582311,0.003041272633496165,0.04009076394491439,0.029311547422658884,-0.006802496279968835,-0.04815788263011877,-0.017002543102065473,0.054912567972839485,0.07354121031195031,-0.044807897874130795,0.006615640383267275,0.016881211132836155,-0.022465259583044937,-0.03164368859231567
CKM,0.013157943226897546,0.00334037333829149,0.009707361615430142,0.006329439499268256,-0.0326307863241929,0.013802099720587421,-0.012253404003389416,-0.023015212128617926,-0.01580621957848681,0.034058900024215764,0.03652997838137563,0.05863162327475171,0.07080293256464912,0.058335182318975005,0.02610355710766972,0.006039434957813826
MAPK13,0.014360375060606775,0.0019445024548071406,-0.004941333747801901,0.030840935547377407,-0.0017523275285423034,0.012665514959004052,-0.05042928139279261,-0.005580598415047419,0.011820395459055132,0.004831771327503266,-0.06821175547363624,-0.03962163170954081,0.0543519352247966,-0.004600269632581946,-0.05626014276926255,-0.0047922169134660755
F5,0.03959558782777735,-0.015405629223838698,0.018092530298568225,-0.02427858489674792,0.015697233508874645,0.03430835253962264,-0.0069691728336542195,-0.031006569043050256,0.0076171391880920265,0.038772321118953346,-0.03940617848038174,-0.02443813957953809,0.016081609216001966,-0.0247173563783435,-0.0264961664189491,-0.015007639411299623
LRIG3,-0.003534342457147999,0.04836445663721156,0.0294231507305005,0.01918785279050238,0.025887838785351676,-0.012069689563352293,0.00179534420722708,-0.0129419446878817,0.0011147032223646994,-0.018442061602748312,0.002418604242572695,0.010537545241278768,-0.004744913262054257,-0.008049806564475213,0.032096523313502656,-0.013779747872432314
LRP4,-0.026974570572020216,-0.04130305858714809,0.03507211690091263,0.00845113954650141,-0.0042805791622297995,-0.004409709354970332,-0.0030600406458108327,-0.0014241254585032823,0.028253750519869787,0.011935487987804104,0.00029681449344198894,0.028772713445664223,-0.03905625840132133,0.003766382317110838,-0.009013701655787992,-0.018868401019578162
IL2RB,0.040778986833715586,-0.012753156173703104,-0.002097150344893026,0.03733888580039718,-0.009100854374318183,-0.03364754384852092,-0.0034143277031789612,-0.0017477936808818215,0.02566314304491468,0.013606055135637623,0.001726543017962082,-0.017404679278725858,-0.020469064395713384,-0.0012160711497525328,-0.001194895063807292,0.005558805964929313
ITGA2,0.019586788457266077,-0.044316484907785614,0.03214742188192148,0.004221554062235558,0.03053203095292569,0.07365338952045396,-0.0037620759518768444,0.011387360585138576,-0.0179676465241498,-0.006839803046202377,-0.029509627733156848,-0.006977154930989953,-0.02782775583577779,-0.030814443962385744,0.032623652799498006,-0.027792869543080995
C1QTNF1,-0.0017936801418630289,-0.044306478326542525,0.04099989917998979,-0.04931749610711562,-0.013752070685605217,0.017507844573119637,0.0025515761059863072,-0.021725814107722497,0.03998901353927368,0.03423781167788441,0.016685850942665607,-0.04645455631488919,0.0044898409940521255,0.0014690385211462032,-0.03189158839746364,0.038171352168085426
BMP5,-0.005405774154073629,0.011250963566499543,0.02189562524056116,0.024959131953776807,-0.029978844776497923,0.0071682297250542796,-0.03507800779306509,-0.019345916048090293,0.001341434856253473,-0.03651812676645119,0.03459303429732723,0.025783773702456908,0.02634358763329844,-0.027506515777554738,-0.01516464217957964,-0.017029970409945708
CYP26B1,-0.013136110641976222,0.020152020366903757,0.04699329141151906,0.00155953715741252,0.02777545594271752,-0.026564343299491547,-0.009274031780006967,0.041637379794315275,0.019480836750405617,0.025017854527450666,0.0018204563345648101,-0.015782620479145297,-0.025629823958714243,0.028900846671394725,0.03145744825381687,-0.0662568989754195
NRIP3,0.014627896368336987,0.008502821085849262,0.010984339361282958,0.021541268149293837,0.016246398544927463,0.048462016847477654,-0.03594183735696329,-0.009155366240045523,0.0001735667147276759,0.002592561677296457,-0.04147466490244209,-0.01632638148493645,0.02979332038436562,-0.017069025136147727,-0.042849404201562,-0.017508224906298657
IRF8,0.05786000031807212,-0.005857637370875381,0.0010266187032794687,0.04225540698779417,-0.03059709443175865,-0.03923833364373663,-0.00012437931247305127,-0.014053051755187956,0.02229596482019744,0.0033885750543364377,-0.00789088392492052,-0.00705982781833959,-0.004842855481733129,-0.0017394342385249212,0.009531467611758899,-0.004708176755058639
EPHB3,-0.011956938371210115,0.054290800902239575,0.02295916446433917,0.012093106863782361,0.035858820984806535,-0.017140247530147604,-0.03495060927827245,0.014026257865417837,0.04714995277796055,0.005542601218866218,0.007612226975686011,-0.0006429552756513429,-0.016069729492184093,-0.02573542191869011,-0.02886889878754102,0.009870368103559929
FBLN1,0.008826324296380283,0.015536603323771766,0.04765691010351837,-0.02135809039200531,0.03760989630258822,-0.0450393030659686,-0.009862570478279188,0.02754202434788628,-0.022204735103821597,0.010055554083264874,0.0022316454966885228,0.009042830767664458,-0.0257002852906366,0.03395783393381052,-0.038074799232805816,0.014381981327796263
RNF150,-0.004551152488369481,0.023734032966196607,0.03593683265862845,0.03461036854162941,0.004595333251981341,-0.016958658402490782,-0.03488635133223284,0.014281052647754729,-0.02928136185798172,-0.04156995748831528,-0.0257646335134945,0.013912607837198188,-0.021115595437178572,0.051432014740932556,0.028920167618532992,-0.0037353045116197857
VCAM1,0.031597652626989284,0.013567663582980054,0.025798794393772653,0.00998690256181202,0.01707165128372279,-0.007040194083303329,0.007009481658364881,-0.01185147433987916,-0.014422794622141449,-0.06337881622312043,0.04674930733333181,-0.02284891328776581,0.019513423831713176,0.021749327975561283,0.008457145842849234,0.044561319321937826
BAIAP2L1,0.004872019586728036,-0.0012740307833159956,0.012048388060195692,0.023667168023216806,0.06791061504860081,-0.01746881759115637,-0.039257886065131864,0.009502877457239151,-0.05134256384151345,-0.008309258644008048,-0.017839983973458356,0.003320342769448978,-0.030693657552407952,0.01220430284256166,0.0490935475862633,-0.007621632836679752
SEMA4D,0.019455229115847773,-0.05643786419346154,0.007467962615347551,0.01041256983972157,0.020833323489572994,0.02252865974653321,-0.03484846504981519,-0.030441236733431482,-0.021661443913392114,0.0033194143917556554,0.001969077896190013,0.03984870739871651,-0.048638028577829645,-0.02777384577678706,0.008137658849885687,-0.015048162702688814
HK2,-0.015567521770945697,0.02020013555245815,-0.018271018593278794,0.045495333481714945,0.03380714238035222,0.019397084001531093,0.015078637658657256,-0.01819003144758725,-0.009119178248481664,0.05000173061751404,0.006371762492707154,0.005036953659603138,0.0034397499891463666,0.04023190111424094,-0.024331865667404567,-0.07622326362008935
TFPI,0.03827346695195502,0.004030500646985224,0.023330427038550004,0.011633729908965947,-0.0104795309549117,0.06049652227532288,0.0059178288268204905,0.051931040703071,0.005285272212010285,-0.00959789525731782,-0.03650528628471459,-0.005143917329858294,-0.0015444919223693387,-0.015999416217917437,-0.001481437118297165,-0.011678431431681829
IL11RA,-0.0015359964615134294,0.04689529591717923,0.02411750029014674,0.023166868204449416,-0.008204949757454519,-0.023831808321538663,-0.04364987934357483,-0.03329921341118298,-0.024286198491723057,-0.003702325518921013,0.006988122011243097,0.03993181918282146,-0.015595808843417939,-0.006531824420336353,-0.0093595080252929,0.0336355900767398
PLEKHG4,-0.022132929521770324,0.030383636597234413,0.017584825101591123,0.009381897287604815,0.020702348853753216,0.005403800819674658,-0.02620695849640112,-0.001385975368854554,0.009071956002177847,0.04675813246548543,0.008417691119637513,0.011845018796474415,0.01096782972165387,-0.03832612963680116,0.031015057322436465,-0.025523195413483184
ZIC4,-0.011258052980299353,0.01827538184748117,0.03388325713622275,0.011723167996946138,0.03500430097760891,-0.039241684552646455,0.012540321571794603,-0.01006810950549684,-0.03838499763323004,-0.019106417908478314,-0.006998493966414207,-0.013039960722059818,0.026985362620053507,-0.016618768012000032,0.021315188067430053,-0.0008504576414959334
SAMD9L,0.042763169436080856,-0.01015335843677368,0.013886094581240615,0.006620549231654125,0.013255701729918629,-0.034214643813618155,0.05790344418129614,-0.020766583217801782,0.03512289832774976,-0.022140961293018353,0.06215416888243323,-0.006742189974382801,-0.024314195405913352,-0.008448850018604865,0.02418698601408331,0.03280678489359491
TGFBI,0.008738311496309954,0.03603975985671031,0.005138387032282684,0.02504001431458587,0.052860557088925945,0.008695178578826604,-0.04603977557284956,-0.007112513976153588,0.029967570497068653,-0.011869032832087293,0.016916370644547388,0.002646465907321571,-0.02598233632475047,0.03180990626897995,-0.005375817125571801,-0.048657741275880365
HERC5,0.02140928820610262,-0.036939133983507746,0.006858487655385619,0.016200044756139072,0.011227491594365032,-0.04030718609794793,0.0250199785284582,0.0006740368524320922,-0.0004978157420991924,0.018892421008683855,0.01020567704149529,0.014212733988005228,-0.020079473848700187,-0.03590833386197945,0.023884580431401087,0.03976710745093014
RHBDL2,-0.03669458944397287,-0.044090537362507294,0.02684484125347671,-0.0058175697417620085,-0.023542805838498992,-0.0032110889733156767,-0.01955314601829962,-0.03448616132097379,0.056616976375967895,0.02796699199993644,0.010100046095534642,-0.01529375482975857,-0.01655220400746962,0.009376364559943513,0.010685176295227446,-0.005758654155739165
AHR,0.027912518685341853,0.03481493361652003,0.027054520360905155,0.02025783933174875,-0.0013610602094185232,0.008974874092352493,0.03863829950155024,-0.017220792178768055,-0.005364127176028388,-0.002692196256732747,0.05080737451081854,-0.01932627025836502,-0.010889374309643275,-0.013700734864140906,-0.003220732558822121,-0.036797509997765716
TM4SF1,0.04519339018914424,0.02911982982381154,0.014002506702294127,0.0005283488000621221,-0.012980818853443064,0.01473166396453254,-0.003470574049510068,0.03759599417128788,-0.013899098559094788,0.020119512031794167,-0.019775053848184614,-0.017623315792462384,0.029051214371736033,0.000570932484601383,0.03502370993445438,0.014887465602612178
VANGL2,-0.01987137568018999,-0.00873126613913576,0.03766893700240943,0.03244885346802215,0.000821625418111341,-0.033377215009170465,-0.004218659351848002,-0.0007072992131318765,-0.03758188614162744,-0.041702187010341035,0.022116884646122006,-0.005767909214118244,-0.02767661481028779,-0.003192828501987686,-0.04618586446241777,0.012196771791877262
MMP2,0.008585565868381728,0.05125928441868992,0.028586683893606173,-0.018482526487977984,0.02781739728995694,-0.014516642860463471,-0.024872002698791515,-0.01707393096134835,0.04011852578787702,0.011389619856479563,-0.00844621762796633,0.0005899420567143663,0.002078888196737797,0.02366117167400014,-0.014319052493797862,0.02109765580792987
DTNA,-0.007790596202265344,0.005474467263585855,0.021963780062625005,0.014082460315790177,-0.04814781165525912,-0.017181580024329096,0.03140960066173035,-0.04131586538347311,-0.03147013677366822,0.0016051419541213115,-0.027709820052771186,0.013046496286291741,0.057398042003046636,0.003334326665291719,-0.004647559720287756,-0.016766326771167767
BGLAP,-0.006022885373993096,-0.03082046882996985,0.04262983463785105,-0.033528501937022635,-0.0022655710292498145,-0.03547231071519929,-0.024919371426951924,-0.005573508246234312,0.017020473922978105,0.012294860996899724,-0.009977795196300057,0.03467624908396376,0.05448218410361555,0.004502258044108313,0.019563691724314467,0.01506677674557797
ITGAM,0.052264297781721626,-0.007942242946378119,-0.012230598421736422,0.032403271877833165,0.016851635342372495,-0.005051588596672294,-0.009223397238034062,-0.017607535288733815,0.022184370339088336,-0.023367376903910355,0.007256023139140827,0.0015410977583620224,0.04653295884890563,0.01246819230119575,-0.01509091193674936,-0.04342671836107246
ECM1,0.028194253099633016,0.014059356791175948,0.023741781593962362,-0.02403121333543622,0.019770797658840565,0.002650600014454509,0.012911046791911397,-0.01191222908447,0.012127241647553738,0.06934202749320209,-0.02944464367854277,0.017250136300991863,-0.009526492855324479,0.03180613074786392,-0.021706794695873582,0.04611495909083067
ANGPT1,-0.009687911442656714,-0.02654576479146506,0.029574103265232125,0.023358895799934075,-0.032072507363214306,0.031118578144249637,0.035095648554733266,-0.013992589295428796,0.024600144020053446,-0.05176793795483074,-0.008106689295330597,-0.024001670455936448,0.02013312108224458,-0.027193288517317858,0.0022312726282646524,-0.007399303461391104
KCNG1,-0.028091058271642017,-0.003132861797282457,0.013190371020242819,0.035830283061413885,-0.0005459547031054571,0.009747562793972538,-0.01340125197740857,-0.02117511826893764,-0.012433013953044043,0.031399002220804544,0.03379067480310129,-0.07564898968841952,-0.007549734564085416,-0.020779303581390095,-0.03877088622780944,-0.015251145379245976
TRPV4,-0.03531099164608267,-0.001791370040956418,0.025282835865695855,0.006553705759248407,0.002660559590731329,-0.010643979572611085,-0.03975422221932641,-0.033619318429290446,0.0357118878482294,0.044544040058299546,-0.008783522421448383,-0.014137421964935703,-0.03781471022896573,0.015664374875121376,0.036000729870466076,-0.02649600571243418
HEY1,-0.02169147343798466,-0.04307462001057185,0.029476671792448735,0.014594663511804851,-0.020057536371922303,0.01836146258160559,0.008291065245851981,0.024157247023842525,0.00649592408098651,-0.038842393086620866,0.027821026367729543,-0.03131516104895011,0.05542350401408837,-0.023078185704615024,-0.011439715756167528,-4.272353207592037e-05
COL6A2,0.01916996447420473,0.04769190378549351,0.023357358102235153,-0.02577819615533696,0.04816889600159144,0.003501742921473073,-0.008148621159229789,0.032675120868946056,0.0005800336759761656,0.03719403531538036,0.03688230962454727,-0.03268924414126395,0.017573845549296908,-0.014662295756309694,-0.019227190272009993,0.006278134419498493
GCNT1,0.008814221123474235,0.006806475401571523,0.0010362859340877378,0.02371479838552223,0.004822515149301413,-0.01007279890115711,0.006473104016258505,-0.0028690377891513793,-0.0020700335662741463,-0.012643904148602449,0.005662810263016105,0.0517205746091733,-0.06759335303719569,0.08068887360740296,0.03002968568432348,-0.0006163454494326949
PIK3AP1,0.046471520737066195,-0.03592814538661399,0.00347242083028757,0.017271606285082317,0.011339144502729282,0.0039023576655890947,0.01946998188341494,-0.05027665154393135,0.008357549457504021,-0.03592094285590207,0.04444561860733795,-0.0311536947389684,-0.01392439107398764,0.021428901514462452,-0.01201836022246444,-0.011442379578296396
GPR137B,0.027994639764414974,-0.045792100764277976,0.02349240536921983,-0.014122247818752598,0.054865937802636974,0.04149887360138504,-0.03506663728193887,-0.02411162997727798,-0.0371232166854196,-0.0118043032142167,0.004484377020183285,-0.0036471347751634575,0.0038727507559268336,-0.006346285105124566,-0.038343609958914115,-0.017171031678859236
SELL,0.043188517312558884,-0.03491301143732986,0.0022095662322990776,-0.003119623665607804,-0.008518609387957154,-0.024763387408908932,0.005457842585351173,0.014244055878995354,0.0026579414487281757,0.01842687730502403,-0.021072471532473,0.004238940282604523,0.022143797815353368,-0.017389694182873824,-0.0006673646765938896,0.006089061234271016
ARMCX2,0.008916874175528283,0.026110177108217655,0.019156106621849106,0.0014846501304881811,0.0023808866373547736,-0.013229630734258535,0.011199297751924426,-0.03697732641250343,0.005003876730542463,-0.02363260111631829,-0.015670240421125955,-0.02261069260826765,0.035939310790062816,-0.001095721798098354,-0.01743978981642766,0.031284783345364955
KCNJ8,0.01487429462479179,0.02955735816169355,0.02855312753961419,0.019493584572066652,-0.051295963823412144,0.024392789869074484,-0.013353474937208315,0.029214173352950408,0.007894973660404266,0.018572050100747105,0.020684374562503556,0.03131136600125626,0.019739679451316754,-0.029173578237022137,-0.0015097331605972344,-0.009993816207509863
ITGB2,0.060350766070373214,-0.01586989001283754,-0.0161062694475808,0.028068975546202274,0.005520723369613101,-0.02925946948388075,-0.012916405935066027,-0.018336773616810048,0.01887034260581196,0.010551812910078031,0.017826271280624306,-0.009002131081295115,0.001810244213832415,0.011612509095846265,-0.0023293791581125425,-0.013373710797666952
DKK3,0.0069342903230246765,0.05033822117738102,0.017058693714577872,-0.006124246851430447,0.006549130423671721,0.0036941373096698133,0.004301580470489806,-0.04166739671362738,0.01522525922599063,0.010070178747837276,0.019892569169548895,-0.03853805074846437,0.017259650526653146,-0.04812462968977479,0.02390434850090225,0.007342642262590033
EDIL3,-0.0023854664318641986,0.047891282751164006,0.006393068567898231,0.004359397835326814,0.0455055967443364,0.0012209679737833507,-0.02804224332176821,-0.029270452662410247,0.023626625953727286,-0.0513677883145891,0.022016977361979495,0.001994476668925464,0.02269847053377155,-0.04751161474742368,0.058419739361446274,-0.024351406835277704
CLIC3,0.011861153579864728,0.009609314914933161,0.016799727786325748,-0.02169353986757101,0.021927852339239124,0.02401408605736259,-0.032966316199069146,-0.050727542673598615,-0.014794015826443444,0.050748438741211786,0.05384606060889667,0.03331913986366194,-0.03460210511903598,-0.013655714400881536,0.03436328789261539,0.014808248825136061
CNTNAP1,-0.012973270230193842,0.009368369610203242,0.037580830282255784,0.03021381960032619,0.0286592431096023,-0.036551173165665383,-0.01478986357481491,0.03704794349546535,-0.007581542176939061,-0.018517345879904994,0.03187487116865929,0.03241491942693179,-0.032074580096545326,0.012915974582290648,-0.0011728293498137542,-0.014567321954445687
ZIC2,-0.021676911896062166,-0.0109609302625707,-0.003242131314872833,0.05778422096723231,-0.01687176638736486,0.002681034755077771,-0.015350086613306335,-0.017235270135314864,-0.04850101222199856,0.020421247838876645,0.0008758678928891304,-0.06146467037966852,-0.018945925638791567,0.0016881387284716151,0.011499942654408365,0.012795059932805983
EGFR,0.008027664157829,0.05186890662420139,0.02561635233243535,0.02009467818515356,0.04024641464609109,0.0025400760576319075,-0.003456605677906363,0.012356450105470818,-0.01385163612561139,-0.035411039299772296,-0.00772711370667758,0.0002341164495774056,-0.017405271156489613,-0.01393984937802218,-0.03798684476676046,0.0006141479564607377
IGFBP3,0.002646761890682158,0.032913128496718735,0.014648681311180316,0.013239311951528238,0.009101815440356244,0.023489241374264648,0.0031788263573544412,0.07091742537467159,0.0019195271458334632,0.03256178828649994,0.06937230190889879,-0.02564496232964171,0.018875449151774033,0.015375899544873901,0.019849058142234317,-0.03696017520137076
TBX2,-0.02046956171260268,-0.03955793041314977,0.04205249999907584,-0.01664894233962451,-0.02057943656136811,-0.0028065233059191277,0.00039466508121814917,-0.009468449476910721,0.024870331148974217,0.020601959997010127,0.024137072310569288,-0.009288533867475884,0.004619686358124157,0.013796951873168935,-0.0517932059400277,0.009369401393687582
INHBB,0.015946772345841152,0.02613348764578339,0.011396895381887913,0.009562171100948794,-0.0040992271572600665,0.03377198902281373,0.00885675433371361,0.0053815409756939915,-0.028146690772915536,0.03629868148940431,0.058086854029004015,-0.06888268933141167,-0.005476565641562808,0.010767886581080164,0.0069918175074709776,-0.03904129497372744
ABCB4,0.004405320019468202,-0.04465375346169326,0.019964645690670364,-0.00401109240676192,0.0143777696704252,0.04909373888804525,-0.01579209345092943,-0.02797600992673479,-0.022351463289921547,-0.0009348674323128598,0.024993222023479506,0.042987638938480434,-6.323165758365286e-06,-0.057124735525494894,0.013810201891868445,-0.0073405873205202804
PTGES,-0.011042271830344818,0.022517313233047283,-0.006712985376592415,0.01669475054511244,0.00758369443193037,0.0021879652540875774,-0.025904238090734312,-0.022608239997588923,0.020704345137986437,0.03258233196759054,0.040855816889151374,-0.004507793049993808,0.03250782578061031,-0.012729857518045054,-0.040593621019534815,-0.018352124655555597
FGFR1,-0.017410978682334086,-0.025791642269264396,0.04866114901448574,-0.02157265161025575,0.038167628683386495,-0.02926199816106473,0.011053033058499298,-0.015975378149161504,0.008791882605784911,0.01833360664066941,-0.004285168889017672,-0.0079217790982622,-0.005813520469536584,-0.003973661280903095,-0.0186205908706575,-0.028401450553082373
RGS16,0.028440555447295367,0.035279957420373216,0.0034079901436941127,0.0033927150475813253,-0.0018548141142882297,0.017176230232008902,0.005230554075116221,0.007862090933605835,-0.04950016661248404,0.035781743394017,-0.007910078739367598,-0.00484434890373905,0.03994306345537315,0.04550466880709224,0.0026103250119173613,-0.04366436429682927
EYA2,0.006660379094997805,0.03080951618177746,0.022825343807875997,-0.015583244696835731,0.020052250589398413,0.005505080976845239,-0.031108128072994474,-0.0029474102433064944,-0.010105383674545807,-0.02666355225612916,-0.021762684727132216,0.01864128293787147,0.01889647439548856,-0.05070054886392321,0.039980989759762005,0.023570748546259894
LDLR,-0.016376833803288676,0.007832923416990519,0.007289940144709902,0.022726451321552384,0.03018705924010096,0.016251525737753524,0.030844450702719045,0.012144942229128458,0.02518278813277764,0.04304888809290047,0.007079641621287122,-0.002496905872741593,-0.03851564580500576,0.005748410427647798,-0.018089223480390444,0.014097653296363349
SERTAD4,-0.005253713567973363,0.0466434414203335,0.03722092648880337,0.0041322106877127755,0.02402934404056222,-0.03304849115720626,-0.007148241118314996,-0.007465596301514263,-0.02012522928515741,0.006449592150469377,-0.009685361925500109,-0.006680228067781969,-0.03728873719286159,-0.010815897328268995,0.03404054660437432,0.0035830395539083277
SPARCL1,0.031417024730207,0.027369727644187245,0.03994735847795963,0.0039031287146930565,-0.040352001596897835,0.01476532788569949,0.009093982711971083,0.05941393970406446,-0.017309778003212043,-0.0022754650783151104,-0.004918251486993819,0.027643731425553025,0.013527890345840272,0.0021197753445623504,0.003447011528177334,-0.008551800642950592
DOK6,-0.013726497006168015,0.006529385101735441,0.008996724429727316,0.04366415167496842,-0.016539370471526614,0.029427631995418736,-0.024942638191239094,-0.023543028809224167,-0.03215867096184355,-0.0077029006897134005,-0.027403547115930495,-0.01832890972417163,-0.003417869650135256,-0.02429370101013459,0.03833604449788468,-0.003931332560216891
C3AR1,0.05832529745528407,-0.0030007137618771294,-0.0056948234778171885,0.027295565830762022,0.00061900722248388,-0.0418467446656837,0.005051354827565873,-0.0284011854694552,0.052047065635454456,-0.01833938790407604,0.006022005803158383,-0.012747726026799522,-0.0052664143046512275,0.00736019791083296,0.010424519755452397,-0.015100426859994744
TLR7,0.055635038150606345,-0.014959486065042903,0.012317212573308643,0.017638403124084406,0.004738201786505561,-0.04396225374917706,0.006770175660910126,-0.022386758149221062,0.038926224676402596,-0.02374099773230988,0.006899605025053055,-0.007993349653514954,-0.026597592488564425,-0.007809658684105769,0.022447911360060004,-0.016114229517299898
FNDC5,-0.0003483253331302967,0.033026303338548314,0.013203012451417159,0.02875737349589874,-0.0026168358704003036,-0.02532936698018048,-0.014613324933105645,-0.012894806894317374,0.0006719938681617357,0.010804032149720227,-0.03609247262801651,-0.014054674693361538,0.01766623376823079,-0.01787718074413677,-0.04001549556177647,0.019297904012599065
IL18,0.04569669437816872,-0.01625700847783045,0.00026944107946507215,0.025152914376583214,-0.021528679193831574,-0.003141203140575307,0.01422908818410469,-0.03729801558575201,0.027297939720639486,-0.043595892347150986,0.04787063492245032,-0.02537307086419168,-0.008124046448202214,0.0029236614553031573,-0.021453739664792047,0.003524261928770046
THY1,0.018337557790657464,0.05405137966254321,0.017670978402860013,-0.0022171236084963853,0.013054360790166067,0.014008741016877236,-0.019959408458854286,0.018789580265494356,0.024491336973087023,0.009023252774382746,-0.004858808209677419,-0.04249364041082188,0.009942300254849826,0.011307376081970435,-0.019385276758432043,0.025897198795433608
LTBP2,0.018140405329901736,-0.009655661577074464,0.04400812551427148,-0.02586384965701869,0.018376265350582812,-0.045587739807393474,0.011509473964241377,0.012688047822136388,-0.0315318037620993,0.006607570268814881,-0.011880373622961975,-0.03772209097429947,-0.02938237513224849,0.05070812806008572,0.030103829446417787,-0.005219438056894421
WNT10B,-0.03214747812289759,-0.015058835988466572,0.011336079630425303,0.021273100869521163,-0.012694969968288228,0.0021178367296962285,-0.04692337900202926,-0.04291751159828438,-0.002342802130245505,0.036424699990022034,0.0054208816148475295,0.014549843384224576,0.010063249722378811,0.021681903499961065,0.06387858490197801,0.005640234077436111
NFIX,-0.01567535239225681,0.049786432051705166,0.03440393844956886,-0.015825733869897624,0.015862448634948942,-0.03333363147544225,0.02148362650905112,-0.011532148263493809,0.03595344503269915,-0.011266609237443015,0.01825436352884758,0.018084863250995245,-0.030391085425404623,-0.00850986486270212,-0.03334493373338085,-0.010021350008112537
LTBP4,0.004146141855255212,0.03989207496906845,0.03790320415453734,-0.011347960861704396,-0.017379629451010528,-0.023958442493570157,-0.023082906956250326,0.0011514179715746004,-0.04598984259510272,0.041076036612154254,0.01794901073687421,-0.006444497897075482,-0.0032098380908800192,-0.015521840819429682,-0.034953311730478415,0.04603103532267386
PDZRN3,-0.004604346411275558,0.05594270213309191,0.012006844972662939,0.008661872850715539,0.00239258048415083,0.024709308923895525,-0.006668155401376292,-0.04728673474367393,-0.003930882113698793,-0.02176338255865669,0.044709366685852264,0.0032541437749280845,-0.01645157100769308,0.011322706476993506,-0.002525491215558672,0.033920328074280734
HOXD10,-0.01220974803508106,0.005190358375674282,0.01462025859784875,0.0007417254299097423,0.0235455135343487,-0.01585057462699673,0.029363899198618655,0.0199501802646819,0.006048368020646576,0.007051442340473376,0.015929285002471955,-0.007730746347309959,0.012627250975197454,-0.00512467259802179,-0.007139873420513879,-0.006222173277907277
PDGFRA,-0.0057082313163656796,-0.0035527829124689563,0.04259955568936607,-0.0087156841816656,0.023842308741291715,0.013560538025949951,0.02121701757023187,0.0030161369553305672,0.0317061785667953,-0.028921845901565244,-0.03953471774169932,-0.02398747311925438,0.014645216184042876,0.025749464605031615,-0.05096537655426235,0.02356512141834113
AGTR1,0.008790371836377953,0.020900539719544087,0.03468515043703734,-0.0008067426126676753,0.012338379041178838,-0.013075016964277677,0.02681237343660759,0.00603093791104273,0.006509599931658776,-0.01429361968785254,-0.018427410280334428,-0.007911634754859852,0.08127759828792572,-0.018460391066909866,-0.05492283103890257,0.024827084816084116
CRTAC1,-0.016272446976498007,0.020042940325843278,0.016710102919622462,0.023278408671970792,0.0018277168293991588,-0.023851384928758587,-0.046560801747722536,0.01658053304902985,-0.02571883513083548,0.018163762312475885,0.02653039677765795,-0.01121830762469435,-0.02219505815970451,-0.003275628051596433,0.028973203171796674,-0.041694621369712026
ITGA10,-0.025163435631969704,-0.033131972120970965,0.03830025198084908,0.004979992272183093,0.009601293430613193,0.011050000230952884,0.005396517177545842,-0.011976074556173728,0.012976779974215041,0.009615342249516007,-0.025519839599016353,-0.04863355262029084,-0.005868693501836725,0.05048805545809287,0.06018909965917629,0.012945383656215304
OSCAR,0.024145943271408222,-0.04827001335874186,0.00801729332650928,-0.010199749359331389,0.045302782353220224,0.04000787261910786,-0.07724703187069101,0.00016795618658529445,-0.02886916183977435,0.009427307530545149,-0.017549429459718064,-0.002198439706577452,0.026766853552290252,-0.01277757668303983,0.013212302957528014,0.011863160767491143
ADAMTSL2,-0.006292449066221987,-0.01902865518011825,0.05148669688782265,-0.022073296619032692,-0.013875578271556228,0.016104824933725784,-0.014385661825233959,-0.011060011171396019,0.0033178388421940424,0.035718950982962565,0.0005688500047827854,-0.03547632273072373,-0.030732813418094262,0.024818604795210614,0.015872611089001936,0.03677863562965307
GAS6,0.029995513323300495,0.02018972566900175,0.03857157710973273,-0.03836287988451997,0.00041362574209526256,-0.04766348586578501,-0.00771179926254598,0.016951246260921038,0.007050597173532943,0.00626057826907107,-0.008430619323414804,-0.004110128801510718,-0.028256129478472967,0.002540609497858189,-0.013122767352251609,0.03880832891824237
TLR4,0.06046461376612659,0.0006868382538818111,-0.008621038741541385,0.023433681386392645,-0.01143166913458805,-0.012383357362286906,0.006704327500589709,-0.011070681674704297,0.04011739190616709,-0.012513710099555042,-0.0058060734866301296,-0.0011726160845678176,0.027484691169713384,0.004094437271787347,-0.003939025853924059,-0.026905589327834503
HSPB6,-0.005514911058523778,0.041597395030137145,0.011005850923954449,0.005590261444510181,-0.0009839629175979866,0.0045296144958405764,-0.004996415213877175,0.007637321009580858,0.00511719719951912,0.026027610246799896,-0.010702691786548757,0.032690737708156094,0.011635126707067435,0.008272760290261659,-0.016670798945299815,0.0022360917480491183
NINJ2,-0.000562255435052038,-0.014272809892262654,0.02805022514476583,-0.033314047889830854,0.01636459637218616,-0.019988379296071515,-0.02189905950240855,-0.0034148098123209522,0.012025948707475653,0.05179660750959729,-0.02860632087762436,-0.013150387716274187,0.016658010040200295,0.015321102215066818,0.049237558336628455,0.01500381535358951
MSR1,0.05208317374699382,0.0015265347586694957,-0.018852275540302884,0.03465021710540356,0.002775237358485677,-0.0375365312186193,0.005774783063483214,-0.031347041362206764,0.05352470171151829,-0.007337346671542199,0.005949835254162218,-0.012743909626438354,0.025325490750345753,-0.006607157764827792,0.030196305966901267,-0.038926068290754075
BASP1,-4.0915083041648086e-05,0.03422839925450294,-0.0004851515356620637,0.026241197474626294,0.03249904389330788,-0.00445622654019226,-0.0429725928482956,-0.01760012432422684,0.021285543891780803,-0.036240466291506325,0.03702763651607328,0.008402470770356898,0.020263969194624556,-0.01877001125247883,0.024549421624108246,-0.01774608216414717
RSAD2,0.020932781749234845,-0.024798831843024317,4.550693430376365e-05,0.02038477661218558,0.0033868979045099668,-0.040764501450559126,0.027412352756327224,-0.015199604206038608,0.04596397519114909,0.030617191234818437,0.05973451135671109,-0.026952658134487897,0.0007318363018429461,0.00465965733873879,0.02997057887948285,0.039427522196192374
PTPN22,0.028213807265097406,-0.05425377725043624,0.013169947842521814,-0.0028113966068772957,0.05261744734940578,0.04182291511063905,-0.04414963006159117,-0.013512016528245149,-0.017987642204615954,-0.011200605192638912,-0.021357520668645283,0.026730570293751376,0.013353806385280807,-0.02283230611204269,-0.0036387844621046618,-0.009801664428363591
SLC20A2,0.0009735805374785408,-0.025791911834920696,0.037540932080835976,-0.010488941066918753,-0.011028957188831585,-0.0070996975489403214,-0.0057994652826758916,0.015752675216552048,0.0049958636087676575,0.014788396440747595,0.028388527646877982,0.0704195745314989,0.01695150198823186,-0.020149959278720854,-0.041596833635506765,-0.003438889105702593
TMEM108,-0.014716721014598807,0.00696315431931914,0.0217655997118657,0.03699108662608186,0.026429969374947793,-0.042392196994947166,-0.0016722484687386107,-0.00526939954600829,-0.019865886778381914,-0.017396911747715006,-0.018624321508857445,-0.0291910941949954,0.06688124500819974,-0.010757095247246006,0.0035687552981983387,0.003780454590801733
PAPPA,0.02018091677524354,-0.003739179185637129,0.035503123621544716,-0.021397457032113775,0.016444853808438454,0.01962008640304461,0.03984579514049153,-0.01873367659731927,-0.0036462244219576632,0.002941509205723917,0.027325405905690915,-0.03250767257602636,-0.0019123718430242424,-0.011796671908165034,-0.011415246823921109,-0.03400460268511158
FEZ1,-0.010429201099530659,0.014994244312028969,0.029143157855944204,0.02842184475540068,-0.02870728475758224,0.004448156196402329,-0.03434001274067578,-0.009647038261636955,-0.015319090026419617,0.01201968538301158,-0.03516742674798927,-0.005651263341068442,0.007369209160465178,-0.0164783403925092,0.006300168417670369,-0.012576285179390257
PLEK,0.057368869352622386,-0.03334207835719608,-0.016998171386090218,0.0274277646257057,0.0207992122010203,-0.001371373153906287,-0.015039754282159487,-0.01130023852745813,0.005996151003532841,0.003129476390432309,-0.006518185586959431,0.004842871550113767,0.010653742761929694,0.010974538426555002,-0.001571577436962341,-0.019787612571500548
SELENBP1,-0.006976131540179952,0.017409571710874698,0.021382315071132266,0.021541878587664674,-0.044259070028018065,-0.009717474220203557,-0.024654602005696597,-0.01882371007358327,0.050373834528047313,0.013175915751698724,0.013926521215481057,0.03302366015769984,0.02581666748580143,0.00310721245843413,-0.05965025213584373,0.04340773400565692
CLDN5,0.035684286271261564,0.004245013776890057,0.017905744421627352,-0.00788057330116642,-0.04911878777281513,0.033420595601805644,-0.03657975298875938,0.06858299382415585,-0.0011356400776514333,-0.0016524964035543998,0.012649839561438739,0.002301384569815725,0.01606680750719013,-0.024712563901990156,0.024201993494265488,0.04930958062935074
CD4,0.04794704409434743,-0.019752515072289836,-0.017808288509167748,0.03697709869247587,0.00544584883740871,0.011636819297416721,-0.01490225914779599,-0.010275319123401449,0.01732902423043297,-0.010701215892413041,-0.008545143725434419,-0.031648824033339185,0.022091702789166615,0.006949131569659014,-0.031013037287648156,-0.041644658652800697
BMP6,-0.02421667921564332,-0.033608929527836534,0.027533074199716547,-0.010578763301480111,-0.0267352251078181,-0.03439402000034633,0.00529167200826605,-0.0028911476461232002,0.011051193712498675,-0.00020441758034286679,0.03770336831944483,0.035525333422214284,-0.0058941178424038055,-0.02091608457088909,0.010447777801575773,-0.024323620823637208
FZD2,0.008800355137683307,0.03932649066970662,-9.484505185621179e-05,0.01598462655641509,0.018992241331611176,-0.016603332624248172,-0.04236290350137831,-0.014229903391800414,-0.030583975256088854,0.02404777629562412,0.0089673053432656,-0.04030615628015645,-0.022834792046487393,-0.004601506801296982,-0.030967714956768536,0.05485948270472059
TMEM100,0.012509123659897557,0.015303689195733241,0.0375046097978961,-0.00022964465276153687,-0.010604303323791874,0.006828323244060611,-0.0007602689966447968,-0.030174281285551163,-0.016278097842319893,0.04275726966602528,0.023286466621708368,-0.018701435093357956,0.034987476137297496,-0.035945551072792514,-0.040422035675067414,0.006885516727770559
LXN,0.005156521526710431,-0.03430194496917135,0.024236329359755452,-0.02039236421661778,-0.00127978654362804,0.008044395501275737,0.015505860604381125,0.014935788438965368,0.007501326350118933,0.027236385797993302,0.026501742913545002,-0.03691546428408723,0.030158005398010855,0.00400230802013231,0.06656048529126013,0.009782046254671044
TBXAS1,0.056951645659883615,-0.013327707425879805,-0.01494688229217051,0.01961814104903587,0.00820117241028437,-0.00663982604036773,-0.024036429181937984,-0.032586141698884054,0.0365363026968213,0.0008045371712970874,-0.016699103443358898,-0.03524319335515948,0.025414808417152795,-0.013485169522629036,-0.018646455778271464,-0.043020283711557424
HOXB9,-0.018543084355959475,-0.0023877334349939137,0.012731077660572826,0.023345168924126445,0.0010331294017623099,-0.02819810114956402,-0.0015939824549147047,0.01221866503138671,-0.013420589284676359,0.0013080990430461804,-0.010657734188204048,-0.07853547336756345,0.014639131254312774,-0.004695266525080738,0.009435835027293928,-0.025965889605549304
NDRG2,0.004735876319348945,0.0055330892518824955,0.03947215182033343,-0.003388237546583308,-0.05099548426358638,-0.03656900453839862,-0.006666782236410697,-0.019793229940161708,-0.03825634379735852,0.03507951685355441,-0.03581713415443721,0.053889824881504456,0.052121231243416624,-0.0075173457962984715,-0.013577930368846988,-0.006483018365513415
SNCAIP,-0.020904789994528668,-0.026546791429567704,0.022726241691978323,0.0038908996635950324,-0.01373660416978291,-0.007827876553930312,0.012044433348436504,-0.013145953737711338,0.037343012846998924,-0.003503096352596228,0.030088743623931668,0.03479338421915926,0.015147124654459013,-0.02941199927836359,-0.00038512295963768865,-0.03370173616676406
DPP4,0.013977736274481928,-0.04389224461382194,0.01659286728479582,-0.01110152405827512,0.05471851953186502,0.05085963000817086,-0.025611318507252127,-0.02603345777638032,-0.041182402952317176,-0.045416315742176916,0.020480942232192226,0.0015305899672293823,0.0046061188047316955,0.006028198192320582,0.014874318048468635,0.014097848235403663
GALNT3,-0.02280758164864281,-0.04036589392130292,0.037316277185712676,-0.011282422785552384,-0.01477711403369408,-0.003743772079174349,0.018618044824560455,-0.0360074347239555,0.02294768916350734,0.007755746992573734,0.021087917591737153,-0.014443730819414833,-0.02752444254543791,0.04129447801143924,0.03674686506955866,-0.0032088879941400217
IGF2BP3,-0.007394370549393907,0.0032748395759164047,0.01414942719061293,0.06426315719167834,-0.033042515653984555,0.06287585549267007,-0.006974835446393673,-0.010705227822959509,0.0015268344094621286,-0.002291434955006082,0.016152109933711675,-0.008397891625926517,0.010692536204657776,0.004641640265702754,0.00697993931615669,-0.01799812832022102
ADAMTS1,0.002709861087771994,0.04999702561624351,0.02649133069908881,0.03178472165106255,0.011645275796125681,0.027685610607500848,0.01607721852954956,0.04081842957271075,0.009198332770348889,0.020329403425972305,0.04559292009166653,0.005754114957980691,0.013061145422934548,0.006720765397557523,-0.02876221445520888,-0.018328605412600875
OAS3,0.026342462660806837,-0.019708744550338397,0.0038382482502695753,0.01407769710960457,0.006259187617179636,-0.025197771063256925,0.04772829536595141,-0.01585856457694884,0.04916085565315931,0.022464028626550503,0.06087521134748508,-0.004768030811680524,-0.033539344226569,-0.020655750464601358,0.021672909975630067,0.0302640572594117
PTK7,-0.011280164945051185,0.020129019143057505,0.01384467129900089,0.03968228012103878,0.052677187870890575,-0.015721966600723225,-0.03127398674603754,0.02803584447679296,-0.0020153306658055887,-0.011633346852901922,0.01353696763268023,-0.033489174359136537,-0.022180781568061157,-0.0002839226997863138,0.04221509470211772,0.013321525205508361
IGFBP4,0.034492875793636926,0.022677824426826167,0.038179166087106246,0.0011247765624465788,0.006697297583514861,-0.008650084949403971,-0.03564040094636588,0.023317343659602446,0.009947067112481934,-0.006328163202437077,0.009174968912794014,0.009693846067235341,0.001531864427749596,0.02264030871502121,-0.0475943878110602,0.039592732416264126
FZD7,-0.0045067314557640575,-0.024420659919040067,0.04110578096979895,0.0036127175999424036,0.023030193239849762,-0.003724909067766787,0.04721980734070895,0.005857424323242108,-0.0268669365035913,0.0038690466082008483,0.022401083411848217,-0.024250891305620137,0.006328116275890762,0.06248272416460349,-0.029249883987223772,0.017859268844336956
KIAA0040,0.030761712188181738,-0.05012203008387368,0.02474985391962714,-0.01944736078175306,0.03403047398884038,0.03597726564115214,-0.039174275840296584,-0.016826762295425263,-0.028023494769932808,0.005941508686332781,-0.034116159987371344,0.012259411403916128,-0.0008153798058438584,-0.02865309676539573,-0.019994880205903114,-0.009693988214404769
ADAM22,-0.02936646087605959,0.0010332131258199526,0.02554037696512273,0.04380813834846387,-0.03061461413711782,0.006554239808017612,0.006554323297639443,-0.033079267621538976,0.010165348155502765,0.00862638314912155,-0.021562789361447957,-0.010108082971470993,0.01006459490114346,-0.02990822358208252,0.0024588269501378945,-0.0014128130193097601
LOX,-0.0024917122861723828,0.018290299754206284,0.006079368851320335,0.002246623891138406,-0.003543502048749929,0.057408530878979125,0.014083637581439523,-0.08364659238293072,0.04951817670428568,0.028209264142812166,-0.030761469779293348,-0.027823616287268125,-0.006716733729796455,0.0034820213235250107,0.022029009431422785,-0.008999558106406843
GPR68,0.03038675927470424,-0.034111758739691155,0.017136665654135835,-0.010597028866693777,0.06183660005248234,0.04138561063996704,-0.04565001091232137,-0.010459328990464603,-0.03435282065107123,0.020635525500350072,-0.007964060608801112,0.006767721690668015,-0.02079358661846419,-0.017339973206465416,0.009182182126281658,0.008538864202626157
KERA,0.010629619686684319,0.02111356393426836,0.015500782172631332,-0.0122229295339297,-0.0005690628664824318,-0.013734740972400567,0.01726050239293519,-0.04087602491450214,0.032901644319216126,0.010904020833050771,0.008847261538882708,0.010880002926750593,0.04915094463045919,-0.06864980533485264,-0.013264495828154678,-0.011296693279337173
ID1,-0.03218849339452416,-0.008348766897369598,0.0013412133882556834,0.003380166538815583,0.0018571817671966659,-0.004837538606436698,-0.043498519973559246,0.027381834347208325,0.02570961482926836,0.0502350509322999,0.06512017812384704,0.01220503740786433,0.0487963752883732,-0.03183571491781857,0.034172163194062626,0.000940646717089641
OLFML2A,0.019465581708711457,-0.01713226265529869,0.06415575413629154,0.005135597256540073,-0.014996717144410976,0.011972389961410248,0.017643174737222298,0.057681375959402766,0.017865898386406513,-0.015878752520038633,-0.009290959552532844,-0.019919867303676023,-0.01861467481444534,-0.0032130561374776054,0.014504119176843317,0.031091779328589794
AKAP12,0.0035456358942529,0.008376084111716676,0.012510853562367065,0.04962605752700626,-0.030915437754830903,0.0029505290469672985,0.04003957454885444,0.005616148741889356,-0.026312260230372815,0.019495424575333608,-0.031666603445808995,0.019505445919361968,-0.01935065352581765,0.021403378467917414,-0.014430694796913283,0.022707186345571267
MMP11,0.012613338336531547,6.684329525281267e-05,0.01436699989092291,-0.005714666383562424,0.03880782876863263,-0.026755730252986352,-0.004142773152589259,0.019733263087717126,-0.007693745783673407,-0.00619238629057564,-0.010570929240828707,-0.04462425864769814,0.02137161522692675,-0.012358764841470915,0.05077594660543466,0.03428996534648006
PDGFRL,0.005805302069167082,0.026908442611602176,0.03281834959867237,-0.044295604411106415,0.02175104922072485,-0.024194711659122868,-0.014711868579765653,-0.01606636326976782,0.03717521479051635,0.02308469065141791,-0.007922502388758895,0.02770725550491899,-0.014013337411539461,-0.0025963425950888954,0.018904547293943547,0.038274385040630444
SYK,0.038235853774585445,-0.03183739180282258,0.008182913275955725,0.01104409630462648,0.017718576748073714,0.004319890417372733,-0.023207930906489316,-0.03617372903557619,0.00018669905596849744,-0.0029485619735764752,0.018131345285908512,0.060160713011558176,-0.04172754607101915,-0.028554201643323424,0.025619634808606646,-0.01372639205482417
GPC2,-0.018222425175254544,-0.007508993212602788,0.016013119162831217,0.05694930429188773,0.011595855108232108,0.004097506048108657,-0.029198137011850523,-0.003469686223162343,-0.016530399731276957,-0.01970417052819086,0.004675263847752759,-0.01607177925539388,0.009694729397276475,-0.035057783689327104,-0.00966393792032664,0.013825304348561288
IRX2,-0.02349160072515154,0.0024205123689585916,0.011571721294652594,0.02402741853823042,-0.0039008957165288347,-0.03867995205509128,-0.02768325467495324,0.0053540614133970295,-0.008859715393477258,0.01833878812258617,0.024402971920556973,-0.017589175600455427,-0.02050247716945426,-0.0015674343000829337,-0.023357896566878367,-0.02132428347674995
IFI35,0.036143857817915306,-0.02786048231893236,-0.007527022226275242,-0.008393340328324238,0.011760641843313548,-0.05745740224325867,0.012980931858063847,0.013758668442159576,0.033923621923572116,0.0385017710447292,0.03324595151061339,0.024566001757161976,-0.0013831904457862554,-0.021378934696767805,0.010913388151253397,0.06012196947047722
ADAMDEC1,0.028571429477196545,-0.017063162555948506,0.0013238271488884507,0.023844965422302335,-0.0057304848992234675,0.028064480892334924,-0.020228141218375663,-0.0039589039653520315,-0.0008715914137559962,-0.009171564656208116,-0.013777750991475402,-0.04438067727773606,0.024047556329988597,-0.0017234320847227748,0.011015989772663489,0.0012074655472527878
CTSH,0.03852670201967904,-0.016596761986315305,0.0005358602892060804,0.004108411408098532,0.014132997367866579,-0.06528870913370192,0.006858964190775991,-0.01030210736716479,0.02135007421085897,0.030637814002617704,0.015940430269620113,0.004906060640103015,-0.02147264052861437,0.024666885104315833,-0.002317186509695708,-0.01165711442758103
CADPS2,0.01970407835397616,0.005768100959168656,0.03697999870078827,-0.00028308641473991493,-0.016819311069046956,0.026096223666128588,0.023402512595609302,-0.021655606638417896,0.008119247769298983,-0.011547516475407802,-0.023234150226151423,0.013581677533510304,-0.01723494793416043,-0.022090338012352634,0.004715725527975135,0.018069341170236803
ADAMTS4,0.016453947293606754,0.03882814842252813,0.010759232079222466,0.02172474139549305,0.037810171811284266,0.0513264674172052,-0.006118386938287241,0.04984327349935324,0.03743853437481367,0.012363756842207493,0.03621249992640249,0.01329316014060339,0.01124685881247772,0.034493835304703346,-0.024089238425084744,-0.0006922845702716424
WNT5A,-0.012853917929898578,0.002932851071380522,0.01885283896840395,0.023533060148165256,0.04267698895281701,0.0017664126873904052,0.012331281008948276,-0.005379012434087872,-0.025739883498764084,0.0030288471546723993,0.009355429433480932,-0.023355912896782485,-0.021095331369458452,-0.005834310087906766,0.0030544299125997614,-0.04972537785821288
PLTP,0.006709597826763255,0.0057018129709349216,0.006176650197304192,0.030549816523739882,0.011929367604222318,-0.03532842951716638,-0.07384068904624772,0.015980098774034366,0.017616354996064208,0.0033539859540725817,-0.023143737710103814,-0.03098907469481434,-0.010930060803277969,0.06498959690682946,0.03350514786983391,0.0018069404463113218
IGSF3,-0.023944722566428402,-0.040263569437325,0.038410014364394944,0.022921912958845776,0.007675778011791713,-0.004347029133648073,-0.01595259658048667,0.0013349319659395004,0.03046501004344146,-0.013144244960870494,-0.004011377429142246,-0.007572763923482695,0.014532315818585186,-0.008977328285922306,-0.03257966855078288,-0.019736739009901347
TUB,-0.029455926972102687,0.02182163146051732,0.03301201468990738,0.006331158155058707,-0.014238107531712653,-5.688794547841283e-05,0.006683342975556337,-0.03627488695329636,0.02591542694927656,-0.015891743877477195,0.031895581252953435,0.015334507626043003,0.00779504287951616,-0.0316877027388456,-0.016581540606546805,-0.014978496401704402
HSPB8,-0.006892649673010077,0.012110789294547477,0.01758568446750694,-0.019321874276142584,-0.005917408528994012,0.006550070885875377,0.035910644034756176,-0.018313723104981423,-0.009916113314796096,0.07335357185904427,0.033066555813221696,0.04904609423219404,0.04106007574119949,0.048367509203969455,0.02989193815136071,-0.023034411928768157
DLX1,-0.037024672718925615,-0.02060479636351477,0.006368977347143565,0.0397410778303201,-0.009821224541284092,-0.0015530871542129565,0.01771944927944479,-0.010030810402721161,0.01071634410144588,0.008917929712001284,0.001921159615284726,-0.006261273342849502,-0.019235200692415255,-0.026231412596341205,0.02446077732386508,0.017020771416298226
ATP6V1B2,0.025597299316524214,-0.05368299505240772,0.012940139139443693,0.002880763508904173,0.06018439431213526,0.04880801732377674,-0.03848692726512195,-0.01455173692987051,-0.02378307616083703,-0.0036402456454788148,-0.025434672044237674,0.018005787613560677,0.015685869565518908,-0.014924941199396156,-0.009264752201024372,-0.00936726684157687
LAYN,0.013165439138430178,0.018371266364178653,0.02213932331525803,0.0034962846665548136,0.024051484003915838,-0.00888310661868587,0.010151031932619363,0.049445581425912745,0.0279143104129894,-0.005391421425385266,-0.0053655160929574845,0.023468778682076682,0.010649645650633496,0.009290962504673898,0.017636760026992267,-0.034064054064534284
FN1,0.026916958402567404,0.013571150900738425,0.0358324136367818,-0.028576141447464964,0.04679474235637754,0.016793138470536605,0.023709240191297075,-0.00737154033176732,0.015516127132149978,0.035762369425551624,-0.018947851607883356,-0.02811560393567148,-0.018854977211613316,0.004105600313335574,-0.015164748505731119,-0.01628592432904123
SPI1,0.048975078811782334,-0.04997208020965608,-0.004204175149521185,0.0041665092266566835,0.034062876881546716,0.01791516231642016,-0.04166405237602627,-0.00661266195765012,-0.007744843645019279,-0.016422637931489282,0.020165329978122593,-0.00835257564817135,-0.0036667819662159614,-0.005655913641676162,-0.013709030945411945,0.001996986844411697
CDC20,-0.03388537387702205,-0.006449551456806907,-0.023400648335975743,0.06327622373419203,0.03185676923035411,0.006252290586799203,0.0069848792124638705,0.016073264756955023,0.025747081982776615,0.02787057076483128,0.0035712327962435612,0.02976110038731305,0.016413890855157067,-0.015923704243710354,-0.0042908026339717,0.06922121223108632
RARB,-0.016031707123637672,-0.049564704608845975,0.0328497415731839,0.019095715881499088,-0.018243550286437617,-0.008036253575241053,0.01180610128807345,-0.011118670396369513,0.004432344444840414,-0.0027686043368398464,-0.02499461621538693,-0.01905559748611027,0.030987473075055696,0.004237999720581611,-0.028672137368379667,0.009736787459385273
SULF2,0.011115791476003438,0.01560528952160217,0.014815572234302412,0.02585305593399259,0.024067584086189288,-0.012124875145153082,0.02731671904683361,0.004047993433438622,-0.017954740395116832,-0.02838056303233861,0.04586819044751674,-0.04423672900701575,0.007179615131298193,0.03712126228443344,-0.035183308928963895,0.020035789171635482
CALCRL,0.03420342491407167,0.005548319397748704,0.038449118712624436,0.009730765235665016,-0.03872842224506872,0.04019099948530722,0.02840808059055836,0.047187450945271825,0.00690275925259775,0.0007449421189933722,-0.012538394524023087,0.012964360287224324,0.001442114628335796,-0.036886846590291844,0.06054608066966612,0.007697453055034324
PITX2,-0.02226529373982059,0.008959952748429187,0.01626880977209535,0.02021300884842849,0.003601836100767193,-0.05049704621286927,0.0037325380340163476,-0.003901820808174236,-0.04499877231768256,0.0012661015144809122,0.01693485869100219,-0.003560455983719406,0.04792149439707393,-0.021242529598240682,0.01406165693659283,0.016057084924354842
RBM20,-0.013058854376563053,-0.015988581529504064,0.016166325032014997,0.03949958221449436,-0.05066235327227469,-0.004885762439748049,-0.02918512382997118,-0.014260253826081553,-0.01450051941287245,-0.015182078498350324,-0.0074260605714579955,-0.011100666629556295,0.030295230392887843,0.017518301569042855,-0.016200660761173356,-0.021009269368417925
CLDN1,0.030459316528398166,0.028158858909754163,0.030702609408956416,0.011339517894824453,-0.0013526036037229076,-0.03225680292301027,0.007027823729595099,-0.030204459339634247,-0.012125616932149431,0.0214457334582284,-0.028108402982364066,-0.02806647059105795,-0.005867634293007391,-0.011208178434356269,0.009692588665747053,-0.0069259147075622085
SIX2,-0.018317343702957394,0.013900793030197253,0.01630905037433274,0.013501550388278884,0.03185935149124833,-0.03603740276191528,-0.02181623183837081,0.05238758934175201,-0.007155151582683104,-0.013170020590641762,0.031894377392500284,-0.0005422806068416403,0.03981480127732106,-0.013333056196605866,0.019343720189570642,0.02202387296716762
HOXC8,-0.011100762294437409,0.010458951746135819,0.018506362312243427,-0.01617411573839843,0.012522451194076686,-0.037681157409484585,0.0028617226568624044,-0.008985660904019269,-0.03194469853524424,0.014752791469005823,0.015771506173776054,0.00907025233079722,-0.016741438548061163,-0.04004885436615201,-0.0041223817150047295,-0.014451624415993097
C1QTNF3,0.0042567397831167215,0.07107898862283835,0.0024325484621172634,0.0033972686954505654,0.01870063519719222,0.005325545186726085,-0.025208657360211197,-0.02140354399280863,0.0165951139681131,0.006797985880868875,-0.013963544329776282,0.010371140283118795,-0.007825828195623809,0.01691093984848851,0.03095152763325057,0.009860800183407717
SLC29A4,-0.02959750409054984,-0.02722206525437181,0.03258986109760839,8.02904433735242e-06,0.00849648492604957,-0.039098923358693013,-0.040361009938942115,0.007621496635968525,-0.006976638369533791,0.0019243208295739076,0.03149920149242559,-0.004798830866774327,0.0019614990403306553,-0.010669494529346886,-0.03376596207751661,-0.008137627100301994
MYLK,0.0061433134604739715,0.006131776819742864,0.050333399747162146,-0.01364828445928347,-0.0009957981113767125,-0.02893455396294535,0.03907423871058296,0.0010826615794047745,0.04289227679141717,-0.02430650291727387,0.01270558068128378,0.020139082865640194,0.0031593192212706032,0.030440004664569087,0.009375803728230072,-0.006390366498780739
SPOCK2,0.02955123527928649,-0.020798488846873627,0.025818728115214497,0.017990830425856037,-0.025064590906759342,-0.03888447427225414,-0.021520740189297723,0.017708572426680474,-0.03146459329043397,-0.013606402991245433,-0.017226685105175873,0.010369524827860924,-0.05171336387951607,0.021649874390114714,0.01141009324019462,0.022024409360537428
AOAH,0.04937255552898767,-0.020269789313893404,-0.014414628937061384,0.029252192350285255,-0.008155109007375677,-0.036392558899804375,-0.00020702331404961203,0.0018864016754829953,0.030607857472261548,0.004251758631606858,0.007744104110184299,-0.018066293709428603,0.005842141222231257,0.00730523740622185,0.01976667605902137,0.0029528327394176073
GPC1,-0.03208086491209269,0.009743987057104666,0.023067358681913647,-0.010054996794332275,0.014402141111431498,-0.026661974736808043,-0.03992737302958888,-0.001016084652246054,0.029622838202905413,0.037421499281287324,0.04989281190289189,-0.031409860743993004,0.00415285240928715,0.005994342653032328,0.024477064115205963,-0.005369018143379098
LRRC25,0.0542923396931457,-0.031282312372539284,-0.01249365124085168,0.023557448008974323,0.02529708258460349,-0.009155595486635089,-0.04504442278037487,0.0015811770840746687,0.010066077331918374,-0.009518198751992358,0.009955736888133775,0.016522984172411007,0.0059531018721605145,-0.0156482911336012,0.00928221331882621,-0.009345409017037825
OSR2,-0.01732118901005348,0.03067996979486835,0.01413694412133577,0.024994227010373155,-0.00825746195551232,-0.005426547574667731,0.008426707500580385,0.01856347559757941,-0.0086571534007465,0.014470270289348284,-0.04407717795015713,-0.00888044689054495,0.03164983558869805,0.04919008729035673,0.004316486502002821,0.04124512853130074
GALNT5,-0.014365230296064464,-0.019257980515378446,0.04252668555732909,-0.02816670184342512,0.028258027748192895,-0.022939623432317625,0.006498452108569507,-0.0013388197689965199,0.04902730612844696,-0.0056800316630870006,-0.020166841714493216,-0.017352359674913352,0.0045587731979773415,0.014357793043464816,0.008111907615485444,0.009251981891648295
CACHD1,-0.03328350301200354,0.00280444858277223,0.0372407249647659,0.028891437993586518,0.012030978780628058,-0.026789655656733108,0.021623551876698968,-0.017876228247011697,-0.02623639743851285,-0.03372454290234992,0.025308909619336656,-0.04978652335596215,-0.015104197221601109,-0.016016420523954043,0.01797280546923273,-0.023334251939582853
CDC42EP5,0.0050857948687855785,0.02390315518224023,0.016394760936192826,-0.03195448399559436,-0.0084824811212537,-0.008473612049737208,-0.05012160323150923,0.004985530786322955,0.002473802941738487,0.04835206967799066,0.04754944463764313,-0.028275308946194618,0.04673398779610883,-0.024193028589736012,-0.006818066586603653,0.048831485386639235
MATN3,-0.0012560015590425736,0.01478955662987787,0.023563539123037568,0.018050061590923153,0.029214821825723283,-0.03541357182448345,-0.024228587243853704,0.017777953528832886,0.016912828509275047,0.02348600520211727,0.013677169450757077,-0.014008342771789471,0.009218910070023015,-0.04243951600608564,0.01571060260635408,-0.023572397313388664
ISG20,0.03757568891945675,-0.0018071340842256522,-0.022966532226057015,0.025558309367572814,0.017519699050310204,-0.038406162667130934,0.019391165923062382,0.007559776180693315,0.019837300790765403,0.04969850544435741,0.03948841436393796,0.006938699296898283,-0.014587373349156862,0.009438968188529542,0.06818375219278351,0.0348851496254811
ITGA4,-0.000850655273801096,-0.012385148941225438,-0.006195654834111902,0.0659858978483347,-0.015271794349450318,-0.0027310053817779043,0.0003840491044492569,-0.015622020741778547,0.026778358748519346,-0.03475392634006641,0.01490110569387891,0.004768571575993059,0.011347549575279585,-0.05236239581310986,0.03097047241076706,-0.006637341239516763
EBI3,0.045913454027913,-0.03149899703297931,-0.012808299828842058,0.03262367735341369,-0.009900506671672974,-0.030179084820667744,-0.03654464612614415,-0.012570089700291987,0.010825671683853564,-0.008439368391022307,0.013963210030656415,-0.007970885146350385,-0.0037921072446942825,-0.021542851294457807,0.006405414509643478,0.02912544416470962
FBN1,0.03363662786841709,0.04009999252908737,0.03265423040099551,-0.010698231457837468,0.03170281489297435,0.009975473476493732,0.02843365376540425,-0.00444585912792087,0.002199076488765982,0.02122948419287353,-0.011293993101920499,-0.01698673626631778,-0.022538244120092248,-0.004832343566812774,-0.035437157064339454,0.04031423498904192
ARHGAP30,0.062223556027232035,-0.010776342635901489,-0.008853083186375297,0.03417221868206713,0.0022613170336832286,-0.030208535030678038,-0.010186953727750197,-0.020724802332085266,0.025320521037815125,0.008936191977323125,-0.009907041320655872,0.006981978880216488,-0.006533602116647976,0.002114815634459675,-0.003351486117162658,-0.010824839019170482
PTGS1,0.025475429957639382,0.011600113740649544,0.022486704932524398,0.009672204189211504,0.014316569171933897,-0.012464080983361906,-0.06245868940537901,-0.024254824978234512,0.011013544762343258,-0.00827508171290033,-0.037621106657759015,-0.02550380768888834,0.01035483161047234,0.030523741748680874,-0.0009592718453724936,-0.010053032984839172
GABBR1,-0.015460415067859157,0.012469490250768187,0.04006373342917996,-0.001456995410921558,-0.013435209311694077,-0.020666777881392,-0.01342988326070532,-0.011771545308781106,-0.019949600134235204,0.018780968829832958,0.01549340552646583,-0.0045725683207573555,-0.04399146501562738,0.01295564505519212,-0.041885776620612006,0.007260357988636398
F3,0.010640357641316833,-2.564514620824465e-05,-0.0032424318570847157,0.007308413350908829,0.00012299081051786193,0.022209295097723937,0.02130357212275062,-0.023487208109569224,0.007275727128215829,0.0508456933876407,-0.024698420723665446,-0.04971547376322183,0.0498370598135128,-0.03776173756541936,-0.03246071747150462,-0.02455818578461604
NRXN2,-0.0018002079432252337,0.013799726949996566,0.03979454747064732,-0.001519525177791879,-0.004811857591118421,-0.03944413025351966,-0.011904527764879227,0.027098810989435687,-0.03890375231721071,0.009446574716072855,0.007926979346356765,-0.016437204635662818,-0.005731797701830513,-0.0033825172115921065,-0.030818847640040958,-0.03513724032454048
PROS1,0.01627454216816695,0.0020803150667214566,0.043708164964447106,0.005988242708530157,-0.00596076642849056,0.009254099080379337,-0.029171375017749687,-0.005317641337770199,-0.011652678065460248,-0.010828078577930859,-0.027616290183014095,-0.010333483556717633,0.01413349548765943,-0.015744980387207612,0.002461559908840477,0.001493122340917398
BCL6B,0.023440703372783183,-0.009161709404148535,0.046936936901606635,0.0023421813903194665,-0.03905788317955335,0.04936013717448644,0.0022214163294857576,0.0856983108563445,0.007550145000302764,-0.019172745636664053,0.01716296592003331,-0.015872125392692876,-0.011560812979375081,-0.011301301134659212,0.049692671251256135,0.022479262665197272
TNFSF13B,0.05411575493867184,0.004400341267996705,-0.015998330040016297,0.029965208324228113,-0.021399745221946823,-0.038277055665481875,0.004203079090733606,-0.026926832776599737,0.03135973590396192,0.015547193306289394,0.010775271812842088,-0.014726550927462237,-0.00536468284815522,0.01605106303498358,0.013728874261168861,-0.0040821169404905225
PPFIA2,-0.01406650990835409,-0.04525570017655215,0.043775850398273176,-0.01734783559773043,0.0008864504921390149,-0.026448687442128756,0.013016817319908778,0.005365450414096966,0.013676352170172637,-0.01503725771811302,-0.010924123117502694,-0.022184503983231546,0.04853585453450201,0.0027543161987957886,-0.025703509474340906,-0.00994275433076912
IL1RN,0.045476618040957074,-0.0190156923390709,-0.013013126755532612,0.033452142287360154,0.006013258498458026,-0.022282948684861078,0.02036925570221952,-0.007225209299455774,-0.003876457069707237,0.03380071533251104,0.037841662669020365,0.01040135464871091,0.003968600028041566,0.017873552031919888,0.012088626863684102,-0.039536342693182756
TNFAIP8L3,-0.02487247570831957,0.021355162433469764,0.027828130881159478,0.006908534611080863,0.0174032581979811,-0.03183992821990485,-0.011782355197588242,0.0079875083242654,0.03204943196002501,0.015863724297366565,-0.004977856838689785,0.00844175820105635,-0.00626546456311132,-0.0022773999507665725,0.02702435323271392,-0.007252123870611508
LOXL3,0.008268941301191372,0.03139817117994693,0.018703887383298225,0.022858943422919914,0.033339511868470166,-0.01738485435845147,-0.024781895334124532,-0.017420089636412735,-0.0027096552418259296,0.057329992264584725,-0.012006803956330952,-0.02467910751173501,-0.010338389130994389,-0.03163303531413262,0.048356401748970296,-0.011359914823236339
TSC22D3,0.012871808642696849,9.994777554148473e-05,0.02668927595806978,-0.02285994878027399,0.0032416926944364302,-0.05231166334751096,0.00967431696217415,0.02094207820406317,-0.02764988624805566,0.008716316941350732,-0.01840800556863065,-0.018142077253200436,0.051880695527741064,0.036306264834414646,0.028683814195561052,-0.0025332888380492375
BMP7,-0.02734713935460929,-0.00745022275137306,0.013728043337510236,0.044793888438337044,-0.0195501151042642,0.003483386963024006,-0.032216757355007675,-0.028862078930069198,-0.02174546607777015,0.01410877886561881,0.028463369585460058,-0.03968615171162175,-0.001978230722078935,-0.023860456626313944,-0.06120590448881183,-0.018394154746583274
GUCY1A2,0.01643432909778288,0.029579415304999034,0.02426590066649205,0.026321613521328658,-0.017254152976011593,0.0449964181446731,0.0018181124932801444,0.004396803015519136,0.020558063464708523,-0.006707139132395998,0.0064753958492173025,0.026275651740364954,0.0170864826225049,-0.017734858399596008,-0.019270659399843876,0.0007094672377094659
BNC2,0.024961094118148876,0.05241212004647476,0.013444416559346379,0.01597343073065356,0.04248133418611098,0.026354417421373077,0.018656455652335594,-0.01314025998564015,-0.011587134494675534,-0.02356159445887384,-0.015566948348476842,0.00052635204817446,0.02817382695444416,-0.01097997337344499,-0.014149943437307987,0.0359169387625743
PDK4,0.024543767165443455,0.004738567926199045,0.01916307423807849,0.011524670341302808,-0.037563932774349724,0.021676889337812637,0.029922009627103143,-0.0218259644358159,-0.004438529346928946,-0.0006413712626356736,0.02254204717121637,0.027654382430313,0.06983647903250137,0.02273373255119682,0.00785273855896262,-0.05897358887062341
RAI2,0.0013784417327423228,-0.020785921973164284,0.04894395795081443,-0.030317955286124274,-0.04561394769802825,-0.0077178255727681,0.008434382039546068,-0.01135227646626419,0.019826028026906604,0.004468234245142756,0.011425538382023509,-0.0031831459626012904,0.011752035511637483,-0.009578124859145932,-0.026739811294468358,0.014057627229143776
CAV2,0.03858768677250557,0.045018601996423775,0.006360990887257974,0.012565950919311432,0.007916590172372631,0.021912318222187577,0.031096638234673315,0.028637317653524653,-0.015793515057511535,0.007042935984974512,-0.002933573188707539,-0.014104722514434299,0.03439946881429734,-0.00837209322721607,0.03409847950347302,-0.0024320081407337222
STEAP3,-0.008027684171782245,-0.03535974196053688,0.024300337239586606,-0.005415093992125833,0.006089887183231623,-0.0054462075034906205,-0.029826860023692007,-0.0014257082643373718,0.018009504470237622,0.020360588627412315,-0.04446458025245795,0.00922044691615263,-0.03001087173944796,0.0907638548981467,0.0008755184714372109,-0.0015022365879485966
CDH5,0.034452203090376096,-0.004748543696798456,0.0479793529850434,0.011540237633508532,-0.039692709997294635,0.04868444760432897,0.00486749533942375,0.08338887244052054,0.02328807273048307,-0.013415752415025298,0.000430214773418969,-0.002766516706569103,-0.025851421571494223,-0.02610201546870574,0.013943561474902546,-0.00922164114614022
LCP2,0.044196046500724936,-0.03770774441358726,0.0008405772431289355,0.035339057607022675,0.011964397536950205,-0.025284268306460047,-0.019521184533130467,0.02292054735250855,-0.0010334782531824602,-0.012359154305600292,-0.00900639597454372,-0.013769557803428752,-0.007256142318366472,0.017171973386001953,0.01889477180657631,-0.035348649528296375
ANGPTL4,-0.018864590847262722,-0.012230342340785093,0.019944754403438666,-0.017709100383370795,0.012895894869728447,-0.02249645989810202,-0.009253996273583504,0.04147872857386691,0.013122305823276373,0.04643286252148358,0.03045391124398926,0.0026966866445207794,0.024621962502552875,0.034374889089390966,-0.005536940090031939,-0.03895615094996905
COL15A1,0.03581834244840964,0.020392612201516922,0.029322859578771763,0.009518854350973311,0.01949512201321565,0.045247094939996006,0.02085258988392174,0.04536180230770077,0.018666679580904254,0.034194950883147376,0.016858526158037238,-0.02986237673110545,-0.04426104480312124,-0.0005239475076087496,0.03376375625071404,-0.015172877510894476
C2,0.04862349694290493,0.0031457039773483196,-0.010467606419819728,0.016790533210591096,0.025669733010030827,-0.012532870168832633,-0.01901001439367162,-0.006114463921939692,0.0290487283726423,0.005983569489409787,-0.010205009098020424,0.019233680976539623,0.01410215355131857,0.037307614438936966,-0.01992508970706459,0.02614783448206851
LSP1,0.03529688074930046,0.03986041051700053,0.005796024461020393,-0.007721090801295149,0.0009266931837882332,0.01501327214388275,-0.016077613547759256,-0.002124839459868048,0.04290785690857689,-0.011584100577340665,0.004367245522440607,0.03287630978613828,0.0002132765298423732,-0.013791688766213474,0.006528660954620358,0.03639116308000335
FHL1,0.0126312393112294,0.05320139065699844,0.028073844155699468,0.007079582672592569,0.004064971219600421,-0.009549905130923509,-0.003355359112545279,-0.00782615775576002,-0.001715827968803661,0.0047762885423537045,0.0024680163197556854,0.04729446738157122,0.05794292720026171,0.028121504224685685,-0.013190751201647656,-0.008509106653377205
OSM,0.02894934249752983,0.0011857293264438068,-0.03132047485934854,0.04660990135353424,0.019642540800903403,0.009284236058982948,-0.006665185721339194,0.028359996331753085,-0.004393342940950622,0.03728509034536593,0.016342827996046645,-0.016304707406728507,0.05472371570689688,0.03417413994776365,0.016963713042795665,-0.043051422058514976
PODXL2,-0.022812730035902513,-0.001268115532837624,0.007949802835460242,0.04536073382464055,-0.01972629414110143,-0.003170246515499458,-0.0638957009802061,-0.015796367209442688,-0.022099766137108803,-0.003654904410363131,0.0031155222148618895,0.009304207187235665,-0.02617781600059004,0.00023708613761712696,-0.011428364582475103,-0.020684023396990537
SEMA3C,0.01414560506819008,0.058015492246695805,0.0014946800820294552,0.019642243145218317,0.01057066922741263,0.010445132274114277,0.014256876128026022,-0.0545863641275564,-0.01039720280205381,-0.007765743672172372,0.048201687754769025,-0.0038732166102750307,-0.0015108142955529832,0.028144138667837305,-0.003759173244818047,0.02039188877982793
HOXD13,-0.03695310685837247,-0.027440025327957678,0.02258206219621279,0.026519429914443154,0.004883412922766919,-0.03595361879449389,0.0190034529865778,0.011384129894395526,0.016942624197134475,0.020274156530429806,0.007413353826891466,0.005573457415947408,0.02207804312088186,-0.028904608567884085,-0.029250358670010405,-0.013002608575605711
DNASE1L3,0.036343297624134,-0.01654475547850234,0.02842189385327884,-0.0019660812669572854,-0.028980521684610606,-0.00709273828926941,-0.010175057706839918,0.029972570755886396,0.0117321489102539,-0.0004992936208846883,0.021485163508946428,0.018132629997617885,-0.01582947388414536,-0.026709015166345457,0.052044190227943446,0.02643599197310581
COL11A2,-0.03485470274429306,-0.005049433787611821,0.023953570850604202,0.009271798396330633,-0.039978162704354864,0.012350061747696142,-0.04342527327124163,-0.04313780665766548,0.006587750253924385,0.01310291794211502,0.024196719921878433,-0.007418780680944131,-0.026568591475840397,0.004786180935850462,0.060007120756939855,-0.016572752963996015
TRIB3,-0.014763775351089367,-0.008911861906554986,-0.008365137025207501,0.028660823426281654,0.024936753440706252,-0.018445641702323337,-0.0018857459915179323,0.04925158586887879,0.016575969043207576,0.05169433266666358,0.006591531131963077,-0.04840285964836704,0.017130304920580097,0.01137252237869254,0.021764201690050687,-0.012946413405154176
AEBP1,0.021507317721259085,0.03613216749211907,0.032771095395763374,-0.03560669903948768,0.05336759929776451,-0.009887817849479655,-0.014075723692869007,-0.019679053145739884,0.004637946175830237,0.01230951033239845,0.007048903798144656,0.0036464450471113312,-0.010072841735677962,0.015361068597526582,-0.0066209191253298215,0.032684323357104486
MMP12,0.01910280480695787,-0.02113918205334287,-0.002051436344615491,0.006056486482550044,0.026622491156504342,0.04564109794944442,-0.00361935028064563,-0.030649416971412095,-0.022354223990115326,0.032001411862547964,0.02730226910602937,-0.03294663124365514,0.019206269965385325,-0.008453167113097558,0.027234930381099767,-0.03244857770231668
SNTB1,0.0029048870035527355,0.014097270762271269,0.03418417132877297,0.011972366252184055,0.009769571079576746,-0.022022057980160322,0.005007550065156649,0.027330950169835673,-0.01651056213150806,-0.012505561503992403,-0.0017713696996555658,0.016007317319994642,-0.023348662899652834,0.06376968205762384,0.030200194141015293,-0.04227372929980401
MEF2C,-0.01988391314864642,-0.04845418476194087,0.0384448899015875,0.007804817636050389,-0.03639888835381972,0.003401941476028041,0.014853412392334205,-0.03492526128555215,0.015564215955977385,0.00619632213490426,-0.019293811452039577,0.033876111132530515,-0.01873881277843112,0.04975590281947722,0.05228677581563796,-0.010283246194855374
COLEC12,-0.022900078619607692,-0.03266176189950593,0.047468007084236166,-0.010326151473299633,0.024498601461523047,-0.005158534580822452,-0.002233119086836208,0.0013607708207901432,0.024557507973872624,-0.009789691713985586,0.0018407811164443352,-0.03457599619631235,-0.004400098339075363,0.0329921436822386,-0.02152862188172151,-0.003326243421620612
ADORA3,0.051537999082672245,-0.005174187324502061,-0.010222759334009221,0.03148349264863462,-0.009232264197802547,-0.0445620654039853,-0.00470274991651956,-0.023526858999390284,0.03355582128022948,-0.03131428000671698,-0.0011716539300729903,0.0067657155175730255,0.007656315074776219,-0.003447899252868801,-0.0007340990193477719,-0.003837177619130475
SCD,-0.024832411842245838,-0.01574326416167903,0.008597301873422487,0.022436208698660552,0.017507913786715526,-0.01950114387471763,0.03033823481588708,-0.01722784224263066,0.014935292731310465,0.013630616874335283,0.013544035563864359,0.022915483005359966,-0.03209925614424396,0.04219408190887002,-0.019481619873790375,-0.04570514145130885
LSAMP,-0.010668632583616909,0.007654859375638618,0.023430397614645482,0.010761311576599045,0.011479824250510265,-0.026830506235763323,-0.007556115939045183,-0.004366026389530141,-0.0304798375266659,-0.010116966463726918,0.006931200919450261,0.013595186015453117,0.03222650826048034,-0.030437286443810548,-0.004517133990212386,-0.006557510269142529
GIMAP7,0.05172626084444305,-0.006732135925355287,-0.00866629630432492,0.0351723857831763,-0.03508446329021096,-0.04274241345169002,-0.0037992946560297196,-0.007472046229814438,0.034682061039043484,-0.00807538102615403,-0.003977113428457783,-0.010639829706663141,-0.005308095873576567,-0.020623011712993737,0.005518534500337827,-0.0030766685161654557
RGS2,0.029488513274022805,0.004740081166354813,0.0031122759877141976,0.013762964335338693,0.015627994305445158,0.021194102026985007,0.03636053667480235,-0.008266065507323544,-0.04075943868888097,0.018362842695666546,0.06639942227086275,0.014792686683235858,0.03448552230673502,0.0314671462362102,-0.0018568680262891352,-0.049892162508779876
CD36,0.008727557469859742,-0.025284018330110698,0.015407613103063395,0.015750071356535122,-0.024512405966585608,0.0514964611873786,-0.010417265403939637,-0.0633917962248718,0.060954469660979615,-0.02045723641308357,0.02792792879559041,0.02913913258166371,0.015712071857197907,-0.02973229746923419,0.003028015424407676,-0.04684898002490151
SLC35F2,-0.014668448513062381,0.02413375872515565,-0.0056576118824765145,0.030524577154178733,0.01907486872556456,0.024253070853740726,0.011887217393826692,-0.028283401720816698,0.025871765113147163,0.047901842465007956,-0.011789465795136612,0.0035302312686852954,-0.02279715418522346,-0.01610526819030772,0.028370468087630288,-0.011653281371866482
NAALAD2,0.0024114513164620786,-0.02671951416858887,0.03744826592289248,-0.011399168217427218,-0.019980615217097666,0.009119345463577906,0.0074950853710356,-0.011344778600965343,0.00015214573925515385,0.005521958298416574,-0.016427901018355645,0.012023252925242096,0.033233296319858344,-0.0371002685618075,0.012168033520862688,0.042907829934483395
CFI,0.03807394331176776,-0.004005846608972577,0.017172065993105175,0.001841373624540764,-0.006937748306746665,0.010551384205860843,-0.013439998336760484,-0.010023318001481008,-0.04576052641498627,-0.02473071405503694,-0.019415132281142056,0.006823006073441546,0.05062188757883394,0.014581391823432934,-0.04011328521146529,0.03606479034007212
PLAG1,-0.006341053153732645,0.007361574510419607,0.022306581798473165,0.04724514959000639,-0.011512366416294582,-0.0007637082193544332,-0.020732827463658458,-0.01955470957319754,-0.05461806775285484,-0.03132934609880413,-0.010909020067188786,-0.05463637026890957,0.0028037234728102356,0.017432889854886037,0.026413862450309855,-0.0013782132433924617
CPNE8,-0.004200791975966977,-0.005472881360886443,0.023699162297749366,0.0011171543345899386,-0.007592680175334319,-0.004958593373739536,-0.01680861250417701,-0.0442801047384886,0.013741251922812541,0.039799856457621526,-0.055864084181173675,-0.022324906981899633,0.021976360766350466,-0.020550057101027357,0.02921745615954756,0.01969381266748152
MTMR11,-0.0029667038506687605,0.025630866325018674,0.03927873127765056,-0.011835531236174687,0.013160027314865614,-0.0368093792265372,0.010047575642595714,-0.003571816606761832,-0.02689735417119016,0.018570190796705473,-0.031138358520598763,-0.02222822989691619,0.013685232065609338,0.029483901697455066,0.04273544405556146,0.02596420831725613
EMILIN1,-0.024499159501008214,-0.014032073925247383,0.0260181042741862,0.014214165857242288,0.05313451230512283,-0.01979854503410237,-0.03661526472042579,0.020431939202514245,0.026258971998000903,-0.006717954659791482,0.019335239969475677,-0.03886001075134452,0.026130809967418907,0.02786454198391825,-0.016643328433375022,0.038879876391696766
BCAT1,0.004377875171251041,0.030005344563679565,-0.014875035890680982,0.05081109983194736,0.010254863695729751,0.044102415339073685,0.019208537579091294,-0.045585444388468836,0.003252831696623917,0.008735733494633838,-0.04876864538161568,-0.031425555144953675,0.0013061527392947145,0.02627046976766743,0.04022825516372559,-0.009442501792173574
LRRC32,0.03036647561702794,0.03498175270066115,0.02312806974275069,0.005765340870585225,0.00963146614714537,0.03142479326587608,0.00939367053377803,0.044502499990864926,0.00715051481241292,0.028068885017016487,0.02220161277363522,-0.016380997385745093,-0.0174489938470157,0.04966787201015206,0.015413837590400067,0.001984040094889022
MAP1B,-0.0004208438880600766,0.015236264818305569,0.025242902710632478,0.011299886317169994,0.003909718101210433,0.03752008463093,0.06370278968470983,-0.014045240386962034,0.040031806843244436,0.03646057382529032,9.362730206815238e-05,-0.042040073886443104,0.009337523596988168,-0.0034952790125754494,-0.05451780539900614,-0.030908877347185768
GLRB,0.005447184434856215,0.01397047773185812,0.013615118420104641,0.016072422678578165,0.014042928752961335,0.026471937201965067,0.022866143859571843,-0.042106950690790027,-0.027420169758489602,0.007310182041594744,-0.04975700034436337,0.006641969747516552,0.048495080279218686,-0.06135729252532175,0.052392695923178516,0.03498335828622046
HPSE,0.028998659758442333,0.0012804402927084702,-0.012999020608965135,0.04601422782222051,-0.001416034770318493,-0.010089057212169959,0.044747433524570016,-0.044539260272759854,0.013876533898818459,-0.0010467122000241968,0.03064416561006176,-0.005704916338978597,0.007531314908470778,0.007027282433526559,0.011156127233885392,0.006890583362682317
TMIE,-0.009445999699742797,-0.02144177317269887,0.028219633629181957,-0.009591840756839378,0.011842573969802032,-0.0031527939989783134,-0.02919767296575402,-0.013813256297710935,0.02543221643837984,0.010852395983513553,0.028144445322677333,0.05440890197886311,-0.005770945642853217,0.026202320317412518,0.056714618292788496,-0.017914386731494127
MGLL,0.006138023571909418,-0.029776462518067596,0.048868025968797045,-0.011894249732331552,-0.029037146349612266,-0.027095662284799836,-0.011697881813806432,0.03358493737456647,0.0005983863190853716,0.01909263807299319,-0.014857040624162661,-0.005466821008420639,-0.012456123925463525,0.02976598267559278,-0.014749197756215358,0.017166767089063152
IL1R1,0.01727803531702993,-0.0058248460633783285,0.044583603559980825,-0.03369794862688003,0.024352105620508907,0.013774366478419748,0.052003161013091874,-0.019353326864222944,0.016733321343737294,-0.021812027738663458,0.042686804939039084,-0.025538182940623877,-0.007386674900738521,0.03993994663351042,-0.032500769165918895,-0.008768048408107788
TAPBPL,0.040593949873728837,-0.02806998527782488,0.009803725848924487,-0.0028581985112454775,0.005321115041224163,-0.030519813998877477,0.010748454834646263,0.009480771069348958,0.014772113927775271,0.014568183401608934,-0.005982541928252122,0.001200197578479915,-0.019567884408252627,0.014038320243853857,-0.013914454193839578,0.056000934477501055
SGCA,-0.0047031028619856415,0.00138455188996572,0.026467098314691375,-0.006803955342420804,-0.0321893511978138,-0.015100751303707307,-0.00828259042511743,-0.030051280807241027,-0.014867824714925386,0.0198012110491246,-0.005017263400687913,0.0475863085325299,0.024921631393728914,0.061481046424507906,-0.006241630475408688,0.02489135220577934
CHPF,0.00154361003283215,0.03411587411355364,0.014976643540835367,-0.022239075384907568,0.007080642518878074,-0.023459884302790394,-0.03633609997009507,0.007313878841591704,0.015505354302889853,0.046595489658472766,0.03781058637087406,-0.060033745744923595,-0.015240949867988119,-0.021467088938362893,-0.0006060367760430602,0.03898595962048002
SUPT3H,-0.0005898807681704388,-0.03909113886172051,0.013368347311139249,-0.002438264371028104,0.012619814927824624,-0.011050203291880296,0.00986988540969092,0.02978304367312202,0.007440468574869012,0.025900620905636808,0.016753676573121642,-0.0024840730066094923,0.01284792813777257,-0.03246318180360759,0.018644723879576792,-0.0033101895533652476
MAP2,-0.018038586684244715,-0.041807545536532674,0.038818805451963596,0.011873075200614583,-0.017275299534183535,-0.020608110277214806,0.042338700830935716,0.00891307534851205,-0.022135034688862545,0.0015477578326006849,0.024867226753999862,-0.005845594962624098,0.01929946966954016,-0.0034980799130922323,-0.001052764710527316,0.005831789602416638
PRICKLE2,0.019193194402229437,0.05719170919615719,0.025027270592871177,0.0011152855701673033,0.023938008455965738,0.01536762662853701,-0.006904367893401719,-0.01950685131503388,-0.004185852471185581,0.001513916553008734,-0.039947218933494205,-0.004621064109064167,0.008443535849883407,0.009553120653108014,-0.010260442619957224,0.03848215359745436
NQO1,0.011499627902814183,-0.016328391839681572,-0.008636555224773607,0.00166313136345487,0.003523690584189145,-0.004753018599372583,0.03899882477576325,0.007196658264326158,0.014075293133724905,0.07171793302254788,0.005045411439964728,-0.014599158108454736,0.015027971151053905,0.02939895712917491,0.0009316045503598835,-0.014486958198099
XPR1,0.005987873905174393,-0.054426391565098785,0.02313260058833681,0.017882232367090453,0.03696830367454089,0.05264158773638081,0.00717199712586898,-0.043591646072923707,-0.02267722984869651,-0.017026071981272338,-0.031016676306564094,0.030098096909397614,-0.014237678933369812,-0.008412330514374783,-0.01057745157667979,-0.03270141724166498
EYA1,-0.006690244123130089,-0.0012711202873220474,0.03305269167176532,0.028292142297074916,0.029031468499643467,-0.01007501695654801,0.0010760439708102601,-0.017406538536859507,-0.012778651727722145,-0.07133131951805075,0.018448249021254207,0.009806264477448048,0.0732817790148046,-0.02799738080877235,0.011734635607548845,-0.009550531808271867
PSMB9,0.039942953357645215,-0.028846353819302097,-0.01653761193789309,0.013111297202047982,-0.004259938024213137,-0.03851164068746303,0.013734271349685509,0.016670470390484932,0.02893877993256147,0.024054460591933977,0.013884797220438203,-0.006686071691798405,-0.008092636928806286,-2.6626657595413207e-05,0.022198091026613718,0.06618890400288042
LAG3,0.02376517586643094,0.0018617806434292755,-0.00705300645550847,0.03738884513991029,-0.015740489667777403,-0.03343608499082766,-0.051215351227753246,-0.008816481285105015,0.0015562914725081207,0.017620219796235258,-0.014982276929026652,-0.0578160346661018,-0.023623651269957444,-0.008945868252132737,0.03337663879536414,0.041336454001289
ALCAM,0.02304863940385065,-0.008186924044898373,0.006536453503342648,0.025159716663221095,0.006924263187625653,0.008965641669061115,0.03247786605341669,-0.058675910701968835,-0.029269045025038475,-0.02642362266314291,0.039478214470470584,-0.03183903299291892,0.007972744142466199,-0.01792298474921759,0.0055023630583231,0.004335417027871323
LAPTM5,0.05429094003695589,-0.03997941092520527,-0.005960898244249407,0.012908849522278169,0.034988665602495396,0.008220156959275454,-0.0367650354211362,-0.010771711557148395,0.0031469602508617015,-0.005449003411885625,-0.005477872272233572,-0.007068462254098783,-0.012739820295874426,-0.0018351315314718815,-0.009876606254232527,-0.0166170097553625
SGCD,-0.026292637763158596,0.015687480527025968,0.048482887557007484,-0.008208773382236141,0.02051361921287065,-0.004729524681541216,0.020646407568053325,-0.048556349154911777,0.02847942258617097,-0.021755983059785433,0.026749659883655387,-0.01727386304207,-0.00761746254991856,0.01985234153826209,-0.00852771033998427,-0.005142173583167594
SLC10A4,-0.021154395724537763,0.00903380689073124,0.012686805421246852,0.02112385299090075,0.030997988777260038,-0.02015066176820919,-0.008949772890729124,-0.0037012133701827786,-0.005904443566717514,0.025161405907623245,-0.012161925824715146,-0.026075892995020715,-0.02828570827000743,0.00822235927763141,0.029105370998625018,-0.019248692015101466
SLCO4A1,0.02260228679460516,-0.03495582937319504,0.0056984302704603355,0.0011443203366684645,0.028311070231069844,0.051565247013488885,-0.04546910982934343,-0.002918096616451495,-0.06201540543279524,0.04322045513302619,0.017612777662565235,0.03193612518557141,-0.025733960354235294,-0.016546704574702094,-0.049174580238546685,0.004673458130689687
MCOLN2,0.026031541246432137,-0.032640679229379896,-0.0044256974706198444,0.023405380130538805,0.012601564038954065,-0.019504003461274805,-0.0151606640300647,-0.01780492350156971,-0.05443833625261274,0.021172571156866347,0.013385631275795716,0.03906622860678988,-0.06522286958065773,-0.03940200604256764,0.03587879250060074,0.0015275968812645032
STAB1,0.05355599744237595,0.005189397522627029,0.014213278794266928,0.020891934412061143,-0.013013384072694461,-0.0062461487382087025,-0.027422643333804852,0.019758683441124344,0.03942245279490695,-0.027788378172518332,-0.00034080694495062114,-0.002638756236426713,0.010170916557137978,-0.003937840045788477,-0.011019628808517533,-0.018702022437682878
MYH10,-0.010593673156430254,0.012781932302053847,0.02648362447357084,0.026023101111318232,0.016498297787584357,-0.03609585496328834,-0.006684038258508617,0.02304863997771811,0.011252807842400174,-0.06074890046466822,-0.020137911393032965,-0.007104906040957989,0.05199926556774796,-0.017880514362734842,-0.02862384695175462,-0.007094606191263544
PYCARD,0.05707160254470655,-0.022592450813056667,-0.011925532866220778,0.013273538032476905,0.0004301444079508525,-0.046084786123529474,-0.029444979091144685,-0.0026067587885419572,0.015171036912934387,0.007356113816877178,0.011894017295484515,0.004803149776421024,-0.010295407772396374,-0.014479991412561274,0.002059886085594983,0.022594423048297826
NFKBIZ,0.02718842415528907,0.026562395315791278,0.006879142242485637,0.017573068800171572,0.006411775926334912,0.010158263482045397,0.03435661049540844,0.0021968544326839,-0.007921905949668882,0.016592889966696885,0.007906643788178092,0.004846651572972876,0.043805862491145736,0.004997798601063262,-0.02696508443553068,-0.053652889193122826
IL21R,0.033731320820247705,-0.024106160369565203,0.0034087488193125506,0.01922002513630881,0.0012185383064362218,0.016213408660971058,-0.018036669100392533,-0.017491216709319506,-0.009741678862169683,0.012783823151270243,0.028649076444016958,-0.005981240948749295,-0.03731526932642118,0.006558204097202432,0.012890997371061379,0.019310056562148535
ANKRD35,0.007960369756428378,0.02862355719811516,0.019132919908874238,-0.0026856054153590733,0.007505321734527963,0.019602287700994526,-0.05595498380662073,-0.0168300403526025,0.012352848947724248,0.026569434688885018,-0.04469620506384386,0.013143695298982943,0.02224754205359104,-0.01492901477163366,0.03128190187658665,0.024663725909678788
PTP4A3,0.017898965063989077,0.017576433305060063,0.025839702376776096,0.009905947529790907,-0.05777893299564287,0.02815068545883021,-0.02162674397386326,0.035925080272102825,-0.017655720032417718,0.023141021562476327,0.031770975013097835,0.02193659731403635,0.04077658561882396,-0.026559791427794542,-0.02022420392523806,-0.0053233677500839575
TP53INP1,0.020904169132407287,-0.01930468533017012,0.042396348633216514,0.01589636249817227,-0.009169499201129368,-0.01230681505326461,-0.0037663360991934507,-0.022867544831079733,-0.024962905178123444,-0.03284900414834563,-0.017333483426321655,0.03590378246804459,-0.01626148015599014,0.015655192145845584,0.015323954418034108,0.02463250227385736
NOTCH3,-0.0012465954876697515,-0.013230031071945652,0.05761998023177362,-0.012623640517392452,0.026229536315663105,-0.002778645640353048,0.0012657682460549286,0.0744945614731251,0.009159556678911262,-0.007257573880544688,0.029986762765550595,-0.010351347963769594,-0.016229060402110602,0.03364082684242194,-0.022232062184200423,-0.0017343024908251228
PPARG,0.019440722493279806,-0.02329814413772455,0.002399242838617181,0.025331869420452145,-0.00631456184136385,-0.020989240723119893,0.0005931743671681619,0.04074375182024619,0.03755960119160623,-0.029837020079099427,-0.0018841134800323105,-0.003956942257387736,0.04812302035339233,-0.015590581895850612,-0.009052220176415483,-0.018318065134249186
CORO1A,0.05285631402065554,-0.012328423507988132,-0.01434152201053968,0.04947947252948221,-0.007880424479763521,-0.04528184649714434,-0.01247843974940269,0.011140315419311077,0.028940443311803687,0.003999941824925293,0.016675496370438397,-0.00021687282430610114,-0.005156698348905546,0.008127668701274373,-0.003828546226455031,-0.007606862577438693
BACE2,0.009447255992292963,0.02185011842103297,0.033999710316843956,-0.01180569790198208,0.023014087617121447,-0.007074239543624113,-0.027602691673533426,0.008586335982857407,-0.024976421853680566,0.015282897211086308,0.016806755631276572,-0.03704655813958223,-0.06464244451182245,0.0545763245979597,0.0023660788099117195,0.029471195755337198
CDK5R1,-0.01846244393677367,-0.009238629363350421,0.031273577492001714,0.009054886361990025,0.007228667007302144,-0.006424174471383006,-0.006577184880492376,-0.004032735590600764,0.02860457121262487,0.006468543085963098,-0.0026952370304398248,0.041944294742128935,-0.04168242588308393,0.06120246224803936,0.019606813167883215,-0.006143844660995308
SEMA6A,0.0045735750996396055,0.024323612199026245,0.03881649040900201,0.035299999274844465,-0.0320134941461061,0.02479887703986417,-0.015946391344326828,0.019840561762511533,-0.014662941621061189,-0.02432580165677535,0.02471149340003454,0.016972938869177116,-0.04240299884721062,0.00058335924476561,-0.05122091245284284,-0.025791151965256012
NEXN,0.00903888797608098,0.03811800723559101,0.009547812616316783,0.015312101411408631,-0.03594350782670428,0.029957669731604165,0.01184584266196818,-0.03248061151447652,0.014552121525473354,-0.011147736051841065,-0.023383581391724344,0.01517676779664894,0.06393108196874525,0.02470289835326934,0.050222924507587835,0.0026635168164186795
HES4,-0.011410038424670506,-0.028769184571224897,0.0310943304076414,0.012826201827330914,-0.02481453829818256,0.013450613192329949,-0.006000797527755696,0.07182783399810823,-0.00787505081972658,0.03557120937946673,0.04556610459787821,-0.02468696204121898,-0.005586159601102106,-0.015960508452940197,-0.002611603749742019,0.03034463269528346
LCP1,0.05553019987187251,-0.03827984581169015,-0.011878587654458313,0.01959055152739706,0.023422961624571505,0.012468494654938213,-0.026865775977928583,-0.028640353012377388,0.0014246003748954587,-0.0014167088618454908,-0.020148648963066368,-0.003071326185867222,-0.01623765688430472,-0.006876126010165915,-0.011715746886334656,-0.019134058499538146
MEGF10,0.017984959484761292,-0.032479813128627924,0.03966005555759254,-0.01175230247261135,0.04776770216096657,-0.012155536439075482,-0.004836716889372069,-0.007015067509386503,-0.02112324761402092,-0.009507071617086024,-0.030009023617010022,-0.02909531047457515,0.01283400648593245,-0.009624877776863609,-0.009200335391757391,-0.014439970788473408
EPHX2,-0.016500102146499253,-0.01407567122292177,0.03874161143258256,0.01615057767804104,-0.010232722510463223,-0.03944746796145978,-0.00961114613422814,-0.001638119845227575,-0.016066536408331215,0.009111392875489514,-0.01102103790412624,-0.0007254819373358427,0.030871278943225427,-0.015584261793927514,-0.015352103919468733,-0.006669266481598029
PLA2G7,0.03089167412624706,-0.006919426484585158,-0.024690285478087073,0.04271425315969189,0.00043103863683311024,0.006773649067887459,0.001881032950027334,-0.020526898877676822,0.010066346032898747,0.01327511828432704,0.006483512862734946,0.00576757714080193,0.04401251027019299,0.010057547326309533,0.059672368004694484,-0.0030250609061060942
MAF,0.028130525296765095,0.03748582597839211,0.01951907945165669,0.027623171380798596,-0.000152095714670176,-0.024021381129764357,-0.01641690797664671,0.006705767369487235,0.011570723399041534,-0.016834167881105783,-0.026654595427474177,0.010519257341304072,0.007320301949476519,-0.0234738555484727,0.010807454738435075,-0.02483591360943228
CCDC68,-0.014084044944845659,0.009034830877497714,0.019077553852860078,0.006518820859359043,-0.008965830655912459,0.003400966228570673,-0.007302926295818235,-0.013383977300394796,0.04107389685027098,0.013930098507397706,0.0067239526289130415,-0.0038002764433518474,0.02416464996313586,-0.04219121464440212,0.01234348593469415,0.004555006251790904
ADAM12,0.010580157062038287,0.009563257877044328,0.016217119842456572,0.013423385233027428,0.033722090218099895,0.05443539870458178,0.013675633127234136,-0.0072585198066815685,0.03015698367620003,-0.03812977299489777,-0.03408210440236664,0.0063152756342073025,0.013286914100278133,-0.004086727689870449,-0.06940537694689947,0.04551299191957907
THBD,0.027158803926982496,0.01170990129920858,0.038956449051358664,0.005869835401724658,-0.028204092920766834,0.023631380441881095,0.01356031723874224,0.011927917284021337,0.04265339959714797,0.04100884174798584,0.017807500595096427,0.012799742459825689,0.0026897357837434663,-0.015937943920845358,-0.03939106282850871,-0.009913660474500397
HERC6,0.035289226888292884,-0.02656027416216255,0.003376886431124048,0.004603913156456148,0.009565866244895927,-0.03022560113850773,0.03302398235505241,0.0015319204655233982,0.04363528252994947,0.029256158751450535,0.028650170725355636,0.013375773041580618,-0.004599353225348667,-0.032363301199350034,0.03050489483082843,0.04465894292689117
FAM20A,0.010013995347203587,-0.02888795060032105,0.013437730723974148,0.026230579251529138,0.041702319778987584,0.001950012396271489,-0.02862854345817368,0.008089813851935844,0.01032834977640238,-0.013912199668289438,0.03705205352456816,-0.037695319381469736,0.026157245962984733,0.027918210399638613,-0.022640502480103956,-0.003737916420151758
WWC1,-0.011187593327579726,-0.019607065976672635,0.011587955237835887,0.029444840872935397,0.032460878394819814,0.011754342319103698,-0.027753931149903495,-0.031596470836247614,-0.012082010365913779,-0.01663894004216629,-0.04402196632491433,-0.03686391886589846,0.006503444220219343,-0.02505295861174658,-0.012179348311322414,-0.005043648960713397
TEK,0.04667809101879145,0.007410711987476693,0.04733546391043216,-0.0039029549755736836,-0.03569087695829121,0.02631149239549333,0.0020273359944625157,0.04973466590915575,0.0230030098635662,-0.019041600952672492,-0.008540186628476243,0.025963823133852156,-0.018251820226898467,-0.011797763364355533,0.027607512782060622,0.01960978804380824
PHLDB2,0.020960395515246897,0.04440079748984084,0.02845336751349627,0.013090137347447607,0.027240501272260718,0.00741604460217257,0.009516680674311264,-0.01098058812349976,-0.019403865923024587,-0.04662239078335805,0.024314968469567565,-0.013667008559465083,-0.005051160793390434,0.016779487414833625,0.036887930474820495,0.012967792807399786
LZTS1,-0.028209008837849176,-0.02190977933810404,0.04288662499650807,0.007109056121651782,-0.006993000177333615,0.005523588771787627,0.0040128368361413876,-0.010816960115105042,0.039983036784135784,0.02285203282165021,-0.02163544658968696,-0.0029686799343114495,-0.009240381724019475,0.0733827991546888,0.01943741029173625,0.01625222126739609
PCDH12,0.02269383323355824,-0.019431721249817454,0.05089111439464861,0.004809301603448087,-0.027529298395265692,0.028341187151785567,-0.009578943798570192,0.09913944639100822,0.015027139872528898,-0.011276355131910977,0.0008342806367358305,-0.010619816868483511,-0.028555446543627325,-0.030710649635451254,0.049505849304498604,0.0034541953752034206
TMEM26,0.027700580728960533,0.006504381211099967,0.018397953830942396,0.028596824583090555,0.025820876149810924,0.04308474100992391,0.0006867045635572926,0.0007711554567818909,-0.004097019480243938,-0.03748124892017546,0.035985407478533,0.03912063345336265,-0.013831701537246888,-0.012639257406706992,0.014339207632422246,-0.0014162839898237056
PARVG,0.05825814870161354,-0.0160329192677642,-0.006474778833726881,0.02969230613159558,0.007918290931673977,-0.037976821141032464,-0.019139247870384898,-0.01605328483089219,0.014429881793035575,-0.01236170643014142,0.01617015173557599,0.015245309814559328,0.003002229171315985,0.01095002707136812,-0.0006334825813749147,0.023973727652486735
IFIH1,0.032017900308729585,-0.036261476558392174,0.01674907857581388,0.004230337594251965,0.013542746885287792,-0.04119645302694984,0.03587547469516584,3.379890333684091e-05,0.0369056039647195,0.032268842492401736,0.03164393915022675,0.004118489900403283,-0.002058804574285706,-0.015301165704908061,0.027140699263993998,0.03426427864427164
KIF20A,-0.029784760700299014,-0.014604064643193663,-0.003162347257113397,0.06673346401642205,0.026258777651087674,0.011004768934858283,0.036550603645608436,0.016654948046239057,0.04353268471499738,0.013200305722748353,0.0057906517189213825,0.030967403444432377,0.0018443463943758373,-0.017418505449949478,-0.027350453810165723,0.04731149667794638
RAB20,0.045606001656385994,-0.020210603971763892,-0.014381187414816698,0.03308318260763421,0.0024149133151776594,-0.03269954055875278,-0.022443793342934046,0.003949792380182461,-0.02034569742003963,0.00982523817236301,0.023536644648791745,-0.006952256383794834,0.01885525094412848,-0.006550883272316642,-0.00865525839815446,0.0034280792361633364
GIMAP6,0.05983354373701014,-0.013578444342572077,0.0017161511847895335,0.029056585820922257,-0.022709340044647742,-0.028136470155534363,-0.01565978417569643,-0.01240575646893633,0.031085300539492468,-0.017390817575346135,-0.0017258640860135918,0.008995662113862359,-0.011038180895365438,-0.0064649070214732735,0.021273348521693804,0.008777456154449033
PLCB2,0.03720708375501104,-0.04811762750225536,0.005207920871549825,0.023929253822429795,0.02285052701894678,0.0020286569477348153,-0.04972585384710942,-0.009056932465301403,-0.014082645056681782,-0.014356254833993734,-0.0086628766016365,-0.0061088890978244935,-0.006981070770211652,-0.003603559202635346,-0.00677383707251932,-0.022961288068499227
CD86,0.052419231109353634,0.0007243957443103154,-0.014282943605636674,0.02574138788673225,0.0034357866687557102,-0.04268338027787829,0.004339146578866931,-0.02834223060022076,0.04522974858699796,0.0140528335808871,0.008506600351712789,0.0037958327459532756,-0.016448712403537475,-0.012166358627474633,0.017976486385474368,-0.03473029264755081
FOSB,0.007143203970106912,0.006901840008056643,0.008180894213030542,0.0025115270156361004,-0.0016015517676343412,0.031152056442442427,0.03307221001113119,0.02735574108705967,-0.01338727234411628,0.07782464924693215,-0.0014832479204545113,0.002786592227707745,0.0071347342302952085,0.007343553305549339,-0.022027083082915316,-0.03721364520967899
ST8SIA1,-0.003935679831817937,-0.003011038554818832,0.039199435034146135,0.01543183825216447,0.001175542520060318,0.0018203487712965122,-0.006760115385496402,-0.0004891610450295375,0.0146285851629743,-0.013731118235901285,-0.009813668187298952,-0.006486993141070257,0.022317012894538638,-0.021044844563381772,-0.00904265815744693,0.019520366627040743
ARHGDIB,0.059351545863561464,-0.020893083591260842,-0.0034436693449058312,-0.00542705412569732,-0.006060811167107449,-0.008376438940583144,-0.019374469410209542,0.01915764077092515,-0.007742848073604986,0.0013886338246306903,-0.004248646899246233,-0.01125218455748345,0.0033653199747841044,-0.020506834531728947,0.0264420188117157,0.01946288763547797
CYBRD1,0.010975284641381066,0.014220348491049738,0.044656162213614424,-0.039313213421033576,0.01940614707232048,-0.02949084288837321,0.05506740755528631,-0.00665459096560082,0.03278325317424621,0.03415892643147123,-0.009706140842157889,0.01243888768504172,-0.01452991003343324,-0.011930440298671722,0.0126139385374438,-0.01364100744308826
PDZRN4,-0.01403153185591872,0.035311963753699036,0.01756021581645181,0.026688724475848077,0.023746762603564578,-0.004224002365978843,-0.053030232500319095,-0.003146511508768316,0.00252611017094931,-0.020946506840598515,0.010152637798647782,0.027664857729319803,0.01803599086857803,0.004464281712466109,0.03592635150397987,-0.010880898121331712
KIT,-0.00938078303493019,-0.0020724986686489113,0.04436155714594833,0.013501365650763738,-0.009077367513632448,-0.012686913187951305,0.018539350074279773,0.02652770758202563,0.014763356878087028,-0.04226360068408238,0.036854857451643325,-0.01902679321623723,-0.03409869828961743,0.005081184650610606,-0.027620110626427545,-0.02642745570080908
PDLIM1,0.020886966257212602,0.03089308114316956,0.007853306044210211,-0.0006842196654231174,-0.023223355262480955,0.0324089587942178,0.0035738572496167285,-0.012633893076653108,-0.011904266387101277,0.06102769619677498,0.011658397526215536,0.010841646033128559,0.0021685408722037615,-0.05005784279584599,0.006750278951834592,0.0039821576962418654
SORCS2,0.004300249670326044,0.05421983774236858,0.025002935919119625,0.015330978532795317,0.02210103336259849,-0.014819138721183893,-0.036574783568048434,-0.01925960883640793,-0.00132392528012883,-0.013821274746555916,-0.006306492546366268,-0.019314401926190362,-0.05528268025668927,0.021764973620683085,0.03364567943267677,0.0012066001803334118
GJA1,-0.009575936774006873,-0.00522180544140015,0.023363988529798,-0.0042746124636027566,0.039974548348969574,0.04952151386112201,0.011237216736678376,-0.03952118993096343,0.038366695427693935,-0.04531057009467713,0.047236740079783,0.016874037691188226,0.03553640485635682,-0.013521021920634847,-0.012335887585827557,0.01512461501982694
CDH23,-0.007113389112584475,0.019062264695790303,0.04017769331283105,-0.004528914496268608,0.015422979638011088,-0.02418403346113082,-0.005563849442817331,-0.0027746329217621605,0.005039927538881205,0.034093230916521985,0.010971618188664354,-0.00128319105241934,-0.06406534656482933,0.010994679769539549,-0.033423039340606045,-0.0627491622823088
NKG7,0.0409156785589083,-0.01232805855894983,-0.01899452614028746,0.03706063712945465,-0.02340118982247382,-0.056013121745538415,-0.005376310382831383,0.008627318776137084,0.004170039882834845,0.003059491579994865,-0.002595235128964618,-0.00831322301171019,-0.005601260498966509,0.012590172914255718,0.002992483694564142,0.0454812091754274
TNFRSF12A,0.020513333221434643,0.024771232021592718,-0.026245137751913537,0.005218233192650441,0.057337943192700726,0.026052645434117824,0.003094109862481212,-0.005703405515243694,-0.01782969324750999,0.04965003130952972,0.00909909153497267,-0.06321952424593569,0.03863427074365755,0.013620389659047953,0.03454442822188952,0.033924342957250185
MYO1F,0.05884805914594421,-0.015906390643411882,-0.00977522400606274,0.03342680927160591,-0.004448077662941528,-0.03685103925514067,-0.006793262991741034,-0.015002525342924743,0.027263258054924494,-0.004376570968071326,0.012439307687866802,-0.034617696288252016,-0.004310153155033191,-0.0008864503914666213,-0.00810319576503216,-0.023800036474126027
CCR1,0.03981354163790353,-0.053121079227554935,0.004874081042672991,0.0017636169114935646,0.04649121792396433,0.034581640693796684,-0.033451815047663355,-0.01727416744834748,-0.010161677936852478,-0.021811686564030854,0.0014154459507815294,0.002404416008763767,0.00014907354507655984,-0.007834493572499872,-0.011378029412257984,-0.020310594729458464
ARL4D,-0.03617276843413091,-0.024091941468860494,-0.0016945895709662186,0.03132028122669296,-0.005242509284209981,0.00792275661450358,-0.022620110578302505,-0.0021107522375647947,0.04331049649131174,0.014427863523384021,0.019382158489063,0.02695698600929581,0.05743418304793811,0.011641803087667766,0.014967424891487602,-0.01904691684425494
SIX4,-0.0008989272099326521,0.056540701433441864,0.006475406464642713,0.036428233989714606,0.02180828237981646,0.02448493624729952,0.0002554730785987163,-0.026592138857270072,-0.009622553079756227,-0.005110629176951921,-0.04051445416779516,0.01564508029948353,0.0023259180570226745,-0.006501932965512824,0.012966860071270306,0.01113138223720053
DUSP1,0.030800802962884597,0.0164073007011729,-0.004942640268597353,-0.0012841501867891549,0.007100655423986008,0.01340890241474346,0.03471223539321074,0.0127010291381904,-0.0124871952190082,0.06968878087443543,0.00425461095538884,0.011304962975380473,0.05077696975587284,0.014475680684048213,-0.014694609061827468,-0.05281066431851294
ADAMTS9,0.005515973670985615,-0.003162460477949167,0.044719742232207704,0.022207157218392885,-0.03882244597839485,0.04230948838546209,-0.0252139008689478,0.025817539295690556,0.039404511228283416,-0.021946207307074646,-0.0031348265009398125,0.000503342036249522,0.010292474988896112,-0.010054129334089335,-0.05007249730642285,-0.007700051216923838
PLCB1,-0.0006028395229569694,0.043950045319295375,0.02882375597797585,0.03235745413088116,-0.02864848749821605,0.029596343231979298,0.02423321608602801,-0.011910140903370527,0.004095258229885596,-0.028444725721526974,0.045678953643764925,-0.012756889626396883,0.006012077736050326,-0.019728258135630505,0.004958270261932707,-0.00039500158284126036
EPHB2,-0.012834150722611445,0.05772340538585891,0.01253232210180591,0.029264877211017726,0.01883989155168672,-0.03827663806341185,-0.022432230085495983,-0.0029083198052554573,0.015612156997815325,-0.015111773527200372,-0.033031496124311895,0.017202724624865825,0.009687066347389667,0.0020906475499036428,-0.009214022333758969,0.017514754017554188
EDNRB,0.03904644421453956,-0.0014716421639707111,0.026643395196432905,0.008091823305697653,-0.03665561712666657,0.01983492694566433,0.022657753089463925,0.027487231221770235,0.023486257811204118,0.014359751347691971,-0.013519003366115315,0.03018011410306488,0.0036498256672556177,-0.02319920114945065,0.007323341568976981,-0.03881569228793471
ADAMTS2,0.010177951461464961,0.012859327417526196,0.037503494981822726,-0.035430798621686965,-0.007011292398776421,0.018310387680763273,-0.004916703092112041,-0.03812332192661336,0.06077503575488018,-0.0011544050435452497,-0.011463780824200735,-0.010050103044060106,-0.0013000725339857352,0.021562990239404653,-0.048203982902067635,0.047247650420560006
DOK5,-0.02773913148000632,-0.015632639710046997,0.007655973470531017,0.02770655303409082,-0.007938797199625898,-0.013436073503164494,-0.012556217485822387,-0.023229312554615317,0.027596353132910728,0.0270023543799627,-0.00620690792112766,-0.002700583378842287,0.0006571987929079033,-0.02312767304457344,0.05542824124031727,-0.020294019973821357
GULP1,-0.0024803368349855656,-0.00785195835841151,0.04605691663757123,-0.011564176051232979,-0.0026369800915057705,-0.01306984407309115,0.027424834957455915,-0.019327677793816667,0.007138462366185258,0.01634304228585553,-0.0023422896286289744,0.011876910902181138,0.01491398430856031,-0.0029586564621321356,-0.010232703749028075,0.019983633100338828
EFHC2,-0.0052671417654212875,-0.00462753245952339,0.015990828355017944,0.017430700777760454,0.005867018970659624,-0.005179690512676983,0.009513900569716068,-0.0011506051473537757,0.022955089129537393,-0.018530235923258913,0.06051016614358166,0.00877120298296545,0.05046460289364307,-0.004602140751360036,0.001223400088130427,-0.06329331171446324
NETO2,-0.02060335231119613,-0.007838554477387214,-0.0007826487404790089,0.05015977928549786,-0.006820554326251411,0.0075461467381938005,0.02195054350299405,-0.013623829856697217,-0.011761264069576786,-0.035183713138082454,-0.018359907747267142,-0.026549295039432767,0.016706788279040537,-0.031595683232070945,0.04193589573228005,0.010075387246292176
PTPN6,0.062164645248507115,-0.02458901668912903,-0.011886577276752427,0.024802257090715377,-0.004018406537308041,-0.027712103849146116,-0.018265776311842577,-0.015270099511501906,0.014572853650348657,0.0006757789967941803,-0.009795461119451112,0.00475515551187884,-0.0014437132077004707,-0.006316621785333068,-0.020728745974967704,-0.0036140351666789656
HEYL,0.012511374121164912,-0.014701537414967436,0.04066403809418232,0.012911930452673592,-0.027435993864377724,0.045607883118673864,-0.01598779139483193,0.06531717676453233,0.006267489510869329,-0.003361553934752965,0.03199064534158199,-0.02230617832400194,0.002237779250767867,-0.0024934401853882763,-0.014635886564178809,0.02621938394880366
LAMB3,0.008338353262983439,-0.0319609705513615,0.022345986363841868,0.0022649196652064483,0.01717542819893662,-0.006214213022291838,-0.005373411891528049,0.01960025665223576,-0.011914915744465172,0.04157431468450724,-0.01114368872023071,-0.025912788532798645,0.005929558439877478,0.0460725661795525,0.004394318467482191,-0.011516163241534415
SV2A,-0.023221030260708073,-0.00796466467745701,0.03299487526972747,0.023525859035936344,0.02001683616542968,-0.015164676017927594,0.004590291794668979,0.00439477662705876,-0.02870476048097299,-0.01146455815560848,-0.01770971643847476,-0.014804897600161373,0.006783052741037058,0.031627306080703625,-0.006622495626530322,0.03276084697023415
LY96,0.05583124101169295,-0.0018413343303002169,-0.006395023786812356,-0.005024601223829889,0.021321443930375092,-0.005069201403367682,-0.006273492490181266,-0.011834886520923628,0.00970753751670269,-0.015979813536277317,0.017233602635794407,-0.018746676264253526,0.027275709871557845,0.017983433519933194,0.04101420336993737,0.02218516718536372
SLC43A2,0.05983314931390987,-0.011555336344594387,-0.006092999459433675,0.02324097402296722,0.014351957845916596,-0.005537310449176236,-0.020389449741246395,-0.006423473534651385,-0.011284695278313304,0.0063996578294332526,-0.0023143829604905953,0.026078708423439893,-0.009719107977921783,0.011552747772580103,-0.036831206608897354,-0.006197821551030425
PTGER4,0.043331044092910075,0.013659982149909693,0.01558700131045195,0.0005960545510229455,-0.0065921479862905375,0.0045055695424295675,0.04519735389615079,0.008422023311199577,-0.011721524826520016,0.019936617066789203,0.03544791199432512,-0.017073273820133208,0.031027945956859582,0.036953060573983496,-0.007485483658788849,0.0037493897221026512
EGR2,0.025027779836048022,-0.007731422440052512,0.00699310711945008,0.02394736361311243,-0.009307099667751952,-0.008120418000859518,0.03931045219184906,-0.01575702005633886,-0.05090229541318708,0.03924124869039508,0.020704809049627286,-0.05036591580123227,0.004162857721172206,0.03942969703937431,-0.002112606409079426,-0.004505732351035747
SKP2,-0.03935299938857613,-0.011683500911116241,0.02310258636203043,0.05429312709064301,0.014560560727225797,-0.013774419713598877,0.02958307430925913,-0.0006271546162826867,0.019215485377052192,-0.009651584411749974,0.0036237836382275665,0.037014731679794084,0.011638017890016625,-0.020604203500632575,-0.004623499841762543,0.005222595140362911
IRX3,-0.009678904056150508,-0.03326918824533912,0.021237277997710396,-0.01853642605165621,0.050373210441336205,-0.025405679390332066,0.011398391679176556,0.01881745785278674,-0.013634004618919641,0.03396634959734515,0.01573581827589977,-0.027377794525574973,0.019753960716328026,0.013151679631864284,0.014924692806678398,0.026900933465040508
EPHB6,-0.006316246271825157,-0.010761560446918342,0.0435907214043803,-0.0028942599592464775,0.005142696977665983,-0.05740954765859561,-0.01543132168918466,0.02551642159837316,-0.010963301729159833,0.004414498611058122,0.026738534336630967,-0.019857653972982805,-0.029176246145407023,-0.024393209450945724,-0.030089824981219544,-0.01761097255774365
INPP5D,0.05305766955522229,-0.03214303778017905,0.008037681656558677,0.028290573552251216,-0.00874849103830063,0.0010694223352305365,-0.015326841064293585,-0.024388130537280502,0.019430124130826648,-0.016210262212232648,-0.008736133217286859,-0.023223727714303408,-0.04153082458533887,-0.010105586330934066,-0.005165313976816804,-0.0030584327545887776
A4GALT,0.03496485501368578,0.028878032908339603,0.016816040406524627,-0.008585170824348152,-0.027968480558641207,-0.001358961998659547,-0.0054531464073919005,-0.006916082759197416,0.0009367270247893442,0.04536173994912365,0.016111063297389032,0.012290737136107508,-0.00263136678056255,0.010105019777537035,-0.026896373352393678,0.030778438504212493
TIMP1,0.018269563689780697,-0.03070993003832314,0.011913871175033322,-0.0028585587707154283,0.03829956916938035,-0.002774638218080952,-0.009807511471594012,0.028772670725342838,-0.015585476740171678,0.03809209985872797,-0.01906961318184602,-0.015773680114770646,0.03964957754556382,0.07851231870847147,0.0025793813087909862,0.012649549713016519
FAH,-0.01760007555324913,-0.03240668594703762,0.0014969951432662653,0.01642233371232274,-0.014955989266453373,-0.014590900334542717,0.016425252402150734,-0.002515028770183331,0.044643313799258476,0.031016479759478667,0.003236619985957912,0.01594235936970552,0.031651787575675404,0.04977835998925627,-0.01162536009656092,-0.005809825735129029
JDP2,0.018332518813221687,-0.03448286143881929,0.031154795264080277,-0.029723279347561325,0.06600934593618317,0.03679674556983705,-0.041392737542303035,-0.008850554635453747,-0.008694939069376396,-0.0021196067475932204,0.018397575855221757,0.015925321271969144,0.002584967552412876,-0.021239316512462313,-0.01921321907618945,0.009500642547930895
SOX18,0.021315164150718578,-0.0009867094391834302,0.01506123735431082,-0.0014919986474875421,-0.05101646442400464,0.03827837483615211,-0.038063434962141075,0.04508470636255647,-0.006696229273846207,0.0382447378983616,0.05958768602198775,-0.021569253594751626,0.0035122972923498745,-0.0594058354863308,0.008281108955809077,0.027893558027961597
PCSK5,0.005109238262371501,0.017847175023494758,0.042764683271367766,-0.018147031626549702,-0.001994031566230183,0.02147457175092165,0.0157491100231814,-0.03738512836778865,0.005606265340842052,0.015473519282386732,-0.01801430624004459,-0.0012240295537387699,-0.006063083105043294,0.03423400417296666,-0.03188200656575056,0.031307428673950644
GM2A,0.005038303676059807,-0.03798629976874012,0.018798925253282327,-0.0022927288221579107,0.018962235964963225,-0.001166181419602418,-0.014130638362651457,-0.006792037684817855,0.018893668334687936,-0.012105932756135564,-0.04929428241955951,-0.029408902077093034,0.04920192229066683,0.01045262029272416,-0.048514344957783125,0.004694946644474999
ZBTB16,-0.011675792604571475,0.009005477718467573,0.02817630861504712,-0.01915305169884256,-0.05210051901964467,-0.026599291463858032,-0.003105080612514612,-0.03499190767675321,-4.9705263826139035e-05,-0.0148610347157024,-0.022646958882442142,0.0022786672314929783,0.027961983790773803,0.023753257607246257,-0.005527124895651004,-0.0395404117695737
DUSP2,0.023494289580031483,-0.02772275849241494,-0.0013727774010747497,0.010826776731215139,0.029989569241963984,-0.0019264826622091332,-0.02779731248782048,0.009766720814750161,-0.07698028604168611,0.00544733714722873,0.031163468456992437,0.06811473094561188,-0.031191289988801302,-0.0027472598186098728,0.016637225239570078,0.010707475590522972
ERRFI1,0.010591776411555226,-7.857516493689487e-05,-0.007072679397531363,0.011962120056323557,0.007441096421365766,0.05821798169625353,0.01628956440013263,-0.02786181371269042,-0.00036104159612213157,0.05797296478697442,-0.011271771879667488,-0.027134826142048277,0.0719474666227892,0.004647504475061964,0.01822407138017186,-0.03189721922853083
AOC2,-0.019416712894138488,-0.030570062358342403,0.043358425257940564,-0.021083882252794235,-0.01734212752165533,-2.194569084408472e-05,-0.003096494407781404,-0.025800385016850245,0.02508833489682197,0.03439881550614558,0.03879478382789157,0.017279565503895165,-0.01150123215025554,-0.011509329670343496,0.012183079885257905,-0.015793717300441403
MTSS1,0.0026125470880536414,-0.054607972192779325,0.0193572738029099,0.019649694056208027,-0.034450731955871436,0.03119846765397848,0.002558021945216552,0.023503957309281648,0.005048046031373344,-0.011339220109737978,-0.040863486596236856,0.000995882991906026,-0.020277822309202522,0.06615353950766385,0.011373490272473126,0.023282730205308296
ROR1,0.010904537920659175,0.04888430433255059,0.03191517470437508,0.007870229179071545,0.02424873378267147,-0.006514156360905136,0.003979859244111291,0.007428679630441694,0.015358719328623155,-0.026382123125096177,-0.027122613548209017,-0.009207099853584881,0.01207179304333177,-0.00994702883996975,-0.035981701053372346,0.028136590318872605
PRPH,-0.02729446168263805,-0.009049006677601355,0.009376769523925264,0.025594702335460344,-0.023588884448458115,-0.038648741535193994,0.006344971613325564,0.012064428723842316,-0.027497652464847637,0.026535401895505618,0.03044471736569122,0.005484361891259395,0.025765484174986523,0.0018434037903789936,0.014568102159289397,0.0036601892561090067
ABCA3,0.025305775487131688,-0.02812431079347575,0.007190545407775922,0.03902525805164311,-0.042082734691550015,-0.012432114340783569,-0.010069865965814388,-0.044977661702462875,-0.013823323317674654,0.022298523828598045,-0.02070399274742854,-0.016423562807346068,-0.057268449804914794,-0.010601999645889582,-0.037248314261024415,0.010440297474478954
UNC5B,-0.021954439794780834,-0.044956541012702335,0.048641716971235684,-0.000744470725440486,0.011624132057247296,-0.0027367864035844607,-0.0007831360630716755,0.008196558468421928,0.020190295483761767,0.023442245494312435,-0.0010911249250092079,-0.03637387234497799,-0.02855886366160311,0.023586441461114473,-0.016980655918838627,-0.008011088646115562
TM4SF18,0.02948916269516931,-0.013293736753324282,0.03370763380294553,0.012134046812350077,-0.04118531494244011,0.0420949769517564,0.018612387583477098,0.0816119264395257,0.02136038531862297,-0.018022325740916497,0.006238070008596216,-0.002391355387658866,0.0077670246762780535,-0.03586571805708802,0.06284163190697181,-0.01305331784494384
EPAS1,0.04151557853344826,-0.012730200750559011,0.05345787104216231,-0.02832419836316811,-0.008328309341386217,-0.0008911200481274346,0.03739690662680192,0.0241291371905943,0.0024425306926439214,0.0021700342917170216,-0.0077501349431956836,-0.01274305897544064,-0.024247095843100468,0.008969068946275317,-0.014589822416803,-0.004442846324105165
PTPRG,0.018116971282926875,0.012589942263327047,0.0535215412980596,0.02551301342044268,-0.01265881138795025,0.0513335982949426,0.03795929380594018,0.003066100839563199,-0.015354433243433808,-0.053651034268886066,-0.008273476777853256,-0.03233123372104394,-0.030572549823101737,0.03280403416518007,-0.01866432389865096,0.036978207799619904
GPRASP2,-0.008414075650374747,0.0016405542941398074,0.03900224837461208,0.02570956347985012,-0.014800179450754552,-0.01884595384352817,0.004123403959473528,-0.02819732479674795,-0.009772584827415453,-0.013956691257720866,-0.05021312078536081,0.00822633584365218,0.016747091570133144,-0.013970944739278313,0.025979857204789257,0.013551277499881203
LRIG1,0.03198166557258639,0.03540300094184095,0.013510913706823354,0.023382220311411756,0.022800035691516875,0.0070166319502169925,0.010038383273801871,0.0076840323500846006,-0.07094199379597488,-0.000500830300550315,-0.021355982233346824,0.036755237021432394,-0.037829702561792876,0.022700503334150218,0.012507349094805735,0.036279579411868546
COL1A1,-0.008115306285999282,0.028139936535413582,0.028403307670467913,-0.027553595951460653,0.025051174760189594,0.03269239618545406,-0.04997232722765791,-0.017370664503880733,0.08324494287024983,0.002683156019381556,-0.010296470488844727,-0.0006306495282360075,-0.028177111029661656,0.041815715351137754,-0.006841611510050813,-0.003525724262243027
CYGB,0.011219070699799398,-0.034342478450002115,0.04729958364116374,-0.015413877237485163,-0.004132819875823381,0.024496970463578717,-0.033445628965638005,0.02359260514234355,-0.00795890457114122,0.016608786103308727,0.036888964066243035,0.010363855181689521,-0.013734233472156776,-0.042851183288558456,0.0066388033690563605,0.008794063986458305
CLEC11A,-0.024607816377670087,-0.029344119035263835,0.028399134991503684,-0.016618638135293823,-0.0008038680072845594,0.0006543069476566036,-0.03169077416771432,0.018087156822445605,0.052264063381384535,0.03235517560585702,0.023499752125107597,-0.0409308450144183,0.043858533700577323,-0.014430371048318172,-0.019446802866990527,0.02602766100093864
STEAP2,0.014348013378158482,0.027219817629834147,0.0016092547185418708,0.03745184352038651,0.006076658734034296,0.015375857120936628,0.0005469926525947643,-0.010590775930100493,0.004199035129391435,-0.0025374442075701067,-0.05385564937562075,-0.007391640216845434,0.05511194317047053,0.01104020770671381,-0.009788722694464364,-0.035719740034056965
HOXA11,-0.0025380736596428643,0.020664357088279444,-0.007858015825416294,0.024012804602577376,0.01028835248424945,0.020519557476291025,-0.02115905860190973,-0.0003059848483181985,0.003611731141558821,-0.019988792849942563,-0.01662503615485064,0.012674327553115278,0.005133973285839793,-0.03561897436227416,0.0024187657580486445,0.06519006399519325
PDE4B,0.050298668040968435,0.02397694395799982,-0.0018082759224570504,0.0171303447307916,-0.0005722368662465999,0.027480342136920792,0.025182531921917564,-0.0048342440417357725,-0.005980385798560948,0.011119111030566356,-0.002208153117392586,0.0037043321582127106,0.017076675764729154,-0.006802589765393061,-0.008163193913163717,-0.020868114246608914
CGNL1,0.01527851126718035,0.0354146405911991,0.04314538215891026,0.0038876088856055506,0.005599766257912342,0.004897128955659401,0.009387986962419343,0.017647726537547235,-0.02052774842324481,0.0015591191867027187,-0.033862487439138264,-0.039069433527771494,-0.033637052651063884,-0.021167214865337635,-0.014239030506280757,0.015462371475247146
TNN,-0.01895062744362021,0.03753532905176444,0.020007608362015743,-0.004741448328529221,0.013399277716874105,0.009760739615879352,-0.033679182176594095,-0.018704898834423677,0.0625727728444468,0.0035892340138895078,0.010370673682908919,-0.0214252263864093,0.01320636921839865,-0.03274086630180721,0.03556238440193473,-0.028060987846659072
DAAM2,-0.022661301060334774,-0.0043003150463900835,0.04535056747454336,-0.0007166186804620576,0.010365650929856769,-0.024197321643501222,0.01726052519039463,0.009231240585240615,0.032377408215186206,-0.015864761283326784,0.04210107495241182,-0.005843895498433383,-0.016969404422868366,0.016352357234445013,0.03255139464872113,-0.03356677714942263
PTAFR,0.05902033424318895,-0.021246318642177884,-0.0067742756943242645,0.019259785958839315,-0.005312518903958366,-0.024984235051165864,0.00991839848786134,-0.0215325268180183,0.007582997918100753,-0.019902435639234373,0.007139552005009121,-0.0048984309593324855,0.008557505593122036,0.015692088743711457,-0.015961494437392004,-0.017415260962828652
BNIP3,-0.021104205999668054,0.019577782891083875,-0.016758525365407496,0.000948635389910665,0.014977648823799507,0.019111037693615263,0.03447952647022893,-0.04614597411877232,-0.016749006458967534,0.052464257946725885,0.027763793032150805,0.006405449109073295,0.027630784266912546,0.001766885970296948,-0.0014338950278994012,-0.06411954784011224
FSTL3,0.017804138073671483,-0.001023259676330665,0.0003820298851569988,-0.005995122195387623,0.03800573079461263,0.00689610007873904,-0.03782390910154048,-0.017136223789881052,-0.05245757518781599,0.050429718692043386,0.05651464661991384,0.02766183608902063,-0.03470235504064642,-0.01873258686195608,0.02178422474947744,0.044182025839443896
CD72,0.04799348955156621,-0.006514861019775778,-0.02155742594997588,0.030337155533581024,-0.01566378020992614,-0.020843901527247684,-0.02569626819377871,-0.01570493508031045,0.028450274197286927,0.007306546886628065,-0.02759675492433395,-0.02738874215678636,0.01883056384952402,-0.0009111373032253981,-0.029574508802921028,0.007420106201165854
LEF1,-0.021981270453918712,-0.008926143002368978,0.0479828646086597,0.011524029321225716,0.01674565294763216,-0.008138739883517333,-6.273588888880421e-05,0.03190750918302383,0.005308481834153584,-0.004707365641979495,0.024875839214071244,-0.0016204444311969692,-0.04294718675713831,0.014479097287068872,-0.022689278097513765,-0.03557555225797462
PLAU,0.037739719172411826,0.01642171442463813,-0.01374504211801706,0.019608280341846515,0.05055592217692281,0.035261976729426506,0.02356540038926316,0.04240283979203191,-0.0009185861111226205,0.035616856641224416,-0.0003823662760331359,-0.022568165566988735,0.021203335811567695,0.02338958742254995,0.006378744874754986,-0.0070641809627732645
BCL11A,-0.017411547395125574,0.01248188719755318,0.004157250621202787,0.04859194018900139,0.0054404598080501155,-0.02807505624167568,-0.030972126125337278,0.01048997907017586,-0.024015636975216772,-0.05009594846846835,0.01248127699285477,-0.019518603865116696,0.008195121487745358,-0.018195647902482726,-0.04314461904809552,-0.04123115775457538
SLC1A3,3.7186295329498954e-05,-0.02048242845334706,0.00905460508955129,0.014877493217730301,0.04375269940746196,-0.034551066427718116,-0.008178298169527485,0.03504143746432831,0.029652816166468587,-0.050169899429100884,-0.005015023202047959,0.005199693767295667,0.0410271813707733,0.018533200185557396,0.009917469416688442,-0.02116110677672219
FGFRL1,-0.006847092102799452,0.04998781469384624,0.016641965106726945,0.008829669760222956,-0.006734852076111152,-0.011479354217705639,-0.03836640526121758,-0.017613418511895802,-0.026431615019438786,0.012635268150998873,0.015322799913643886,0.015596720808850047,-0.009260699931695189,-0.0108560908220834,0.0034592487943170317,0.010759740014792223
PTPRE,0.05466069887515496,-0.033223082826754825,0.009341445610410979,0.010913189148875317,0.022793405007785924,0.03301477524285768,-0.022201902581071138,-0.004699795755226397,-0.0127763861136509,-0.0002745870425950297,-0.019806104378563,-0.0024761386839488907,-0.01798335277844252,-0.00975319234343458,-0.0089667257816206,-0.02903519272903121
SETBP1,-0.01319704581305694,0.006103424758992225,0.06503890583557365,-0.013394263015299973,0.015798599472535917,-0.04890882836395726,0.035379952245686595,1.6880145296304e-05,-0.0019259348171429937,-0.01173629014652131,-0.024310676613102843,-0.00434604581919698,-0.02898344013418751,0.003362295708465914,-0.051397516257663436,-0.03096339871387749
COL5A1,-0.0021115795016209762,0.04027938937839089,0.03425452803202979,-0.025394376659055105,0.04685272596592748,0.02418855497239919,-0.021903351379645327,-0.019933736324334476,0.056915392301027025,-0.00567713380657575,0.011992250437951702,-0.021595457256802793,-0.027960288614620278,0.023862905672633,-0.03490134305956805,0.008053975390689985
SQLE,-0.026769813757788672,-0.020537555484669373,-0.0023252994346754986,0.020347102543165935,0.0117235407932896,-0.0012591553825585609,0.030675293499800707,-0.009754392928494615,0.016138394161264946,0.035284252295141066,0.00044323646487123836,-0.0019961178673128122,-0.02783082941719392,-0.013664686415170857,0.02966722732928935,0.03135276034648505
TBX3,-0.024197716292860192,-2.113326851583446e-05,0.050160371821330034,-0.0047909128041368305,0.016446166001998448,-0.05021428462880076,-0.0010346654776168807,0.03334980897783251,-0.013529223961556265,0.0014594052698193897,0.02349222193608279,-0.01853245878181717,0.03260658899319154,-0.0003219631936154446,-0.02520842633543483,-0.03301984685572156
CSPG4,-0.0165800345857157,0.00021358912095601704,0.046462539854864156,-0.022052352141876494,0.01958723010365767,0.010337400319688944,0.007007085804622473,-0.02090545938934113,0.02187012777498282,0.054466735956131634,-0.0047400110527414056,-0.03315739837542708,-0.028193068164598815,0.016118638819486743,0.040948644714494914,-0.000632224040249187
MET,0.019974792293398096,-0.006716994974905743,0.016076543810269076,0.018155570327642576,0.027615017498061115,0.05313373917872566,0.040372118894098176,-0.036404925121929194,-0.06121099437903269,-0.06363355490136888,0.010833913683577535,0.026946866478042626,-0.019315856318542872,-0.013975750128025429,0.020611128507906265,0.04035947051840702
IL10RA,0.057626761192839465,-0.017299493608169063,-0.0033842428579126424,0.03150538289644815,-0.011291195186186424,-0.026609597596008894,-0.010249219263676342,0.004071598781723383,0.027407999877586603,0.010588369566169792,-0.006321391651346992,-0.015588919347221007,0.0005893598697777392,0.019619481210601242,-0.003552885072180886,-0.029195723787460003
ZNF521,0.00409507909421032,0.06431880825222683,0.030432771309552742,0.014799915520903971,0.012957346947364896,-0.018221461328813797,0.0032696712402514776,-0.011201588372661607,-0.004517602228132872,-0.02647235890632797,-0.004031364903457713,0.005999012244159335,-0.008257814708928802,-0.033913158239367275,0.030140252450202236,-0.024152187583043105
PRDM8,-0.00044776493422057256,-0.014283848560897639,0.03476906957329016,-0.010667157098886647,0.03974915692174598,-0.025589097046790524,0.026748448314618187,-0.0016001621564087174,-0.04720966934410965,-0.023272320970834044,-0.013058506930130557,-0.04829768074151711,0.029058860500372676,0.026942271474879126,0.0011222307696806717,0.03272320946285065
INSIG1,0.001357647407199611,-0.02895444111280353,0.019311105551563644,0.0022977741020673193,0.06739855038311182,0.03360302170031925,-0.0017371978339594868,-0.016283479040288644,-0.016871220443570752,0.014897262361995052,0.031554743561798416,0.06982995174159731,-0.018596823583922558,4.2705025845923145e-05,0.01224370144625195,-0.013694629869364622
NAV3,-0.006446599045497966,0.0351155751497253,0.020554864271953778,0.032908333361603676,0.03146657775485665,0.011012947258093545,0.002140171011403985,-0.003814812410284173,0.04839428707275935,-0.028569537510567674,-0.020640213917170733,0.03533497846887677,0.04374550867623528,-0.048987981533372624,-0.0015292214994781818,-0.03635551814036951
C5AR1,0.052712725144629664,-0.001177766342673401,-0.019704700311789947,0.038965833645571636,-0.0016113146832365433,-0.02220765105531906,0.008211470501867154,-0.0037702564875819063,0.025558710314956788,0.021607040246086014,0.012715657612456263,-0.01441401723900821,0.04442338805921961,0.03034553816552632,-0.0007776111315967033,-0.02624349879671082
FOSL1,0.015557850793869466,0.018961765136808726,-0.02133060002932736,0.0065711529323414855,0.058320170679325586,0.010523959262303156,0.03872993076990994,0.017322227848489732,0.001834863142746323,0.0804600400165113,-0.002747682445069986,-0.018375629553632006,0.004874937270423314,0.02102202338829275,0.0028966385345410026,-0.02296673104862019
PPFIA4,-0.013725515491320063,0.013410015206095022,0.031616518580675865,-0.011114986834868258,-0.011585895202739784,-0.009337481420588338,0.002447030941066494,-0.03701165487516963,-0.03771799293683951,0.02524918435506139,0.028284382822091697,0.04859620484389638,0.0123740017495799,0.04779108886327876,-0.008968270952754025,-0.01567078914306579
GTSE1,-0.03000430239518552,-0.009458244685246503,-0.006049074777060814,0.07373999015320355,0.03647018212239821,0.006129464222758569,0.022216736744042172,0.024145523154915253,0.019734591351259725,0.021431943569776,-0.013516273194662006,0.01801804000648747,0.018440126440719858,-0.001369452104117529,-0.012288877093694256,0.047664639344398754
SLC16A2,0.015124589115084113,0.02774302196032616,0.04144101841332528,0.0015943304174314832,0.020029827332049784,-0.012776061473083205,0.014305260168645188,-0.001689175737452355,-0.015017940584307497,0.0038589745965503307,-0.01870729565154184,0.035752645945333596,-0.03140191391383632,0.026042800640334207,-0.051207910128822635,0.016581598791856708
SAMSN1,0.05418485775996258,-0.009601260126243563,-0.01565733499531688,0.039123259796447214,-0.006410516012786063,-0.044422621305803045,0.014102000120486059,-0.025851762291323504,0.028619162423874238,-0.0016598934333076866,0.023411594015704768,-0.00915518946053932,0.017867839890611838,0.0020667146315215103,0.0344929825540742,-0.010091974775674835
RTN4RL1,-0.01806942534304666,0.0013361222003028471,0.028138731143593554,0.009602611443939512,-0.008524964586673258,-0.03839613380863426,-0.0411457595374259,-0.015299973111357692,-0.011268887882674997,0.02982721318010905,-0.005252343750797343,-0.01148916445286524,-0.0060918797691159165,-0.02093172007914317,-0.03470272817315537,0.0018864220135037478
NR4A2,-0.0007750611947953826,0.027445915933794845,0.00659752088980924,0.019076284003239807,-0.016942123826837248,0.03616675809637938,0.035184621641594895,-0.0305655698749641,-0.020762403524779476,0.05042389716979665,0.053642896897131066,-0.01724707463955857,-0.016528620932643866,0.005746857619311412,0.014557700970235456,-0.020299682773377403
PIK3CG,0.04496321860697636,-0.04102578636126338,0.01772560661031765,0.01522089298717144,0.028652393582761115,0.035174183936908604,0.001740142442214921,-0.023396179033068735,-0.010666371832112033,-0.04741259801701677,0.033311103479351234,-0.01999605599028615,-0.025413242249686323,0.00831140762777888,-0.001310088957119121,-0.0089090989411806
CTHRC1,0.007137801177125444,0.012882451671449194,0.00732835502423443,-0.0009080078733388963,0.028111529967790802,0.059173252666608146,-0.010859176367373272,-0.04426221524157859,0.016371242004569516,-0.008570647359705133,-0.008495874392295585,-0.05036538341780076,0.004032212412147784,0.03516247450493607,0.04476458524120452,0.06931975377385988
ST3GAL6,0.019321849846984897,-0.04351111903369458,0.01793871914189555,0.013378057345259261,-0.019183958496843075,0.03175059988889226,-0.02021737585448258,0.02066127750704404,-0.03031297051947022,-0.029553601319568922,-0.040975129965172045,-0.005546841734663174,0.017141294250463596,0.022808293007628086,0.005492945394246279,-0.033392328676218413
HEY2,0.0006998041647370453,-0.04216481482733482,0.045593246479275956,-0.021918078204868983,-0.0007789489225307031,0.013274000534420086,0.012544263739779366,0.016582945533114932,0.0029758367688117304,0.003386475400905347,0.04679490058117727,0.005777002006650048,0.00682178819665308,-0.05313877187875461,-0.01296678326914742,-0.026992289142224853
PMP22,0.004887946430935418,0.04347799388011393,0.008955197490976705,0.0020466904007219984,0.03094711486715028,-0.0065155813866345225,-0.012756775541549057,-0.009788056160845333,0.010474090348377768,0.042782635365515485,0.0018876940815160427,-0.029822016908143754,0.012455677828909722,-0.03929426509315949,0.0019009056071867345,-0.03176047155085978
PELI2,-0.007254836213838766,-0.030485439679118723,0.0351686828290982,0.004945663568125334,-0.006595837470774406,-0.01301316511954315,0.04096547828851464,0.019415761554237056,0.0015403835104953753,-0.003307341195847264,-0.03273473397117332,0.010992658113338327,0.021315773217257118,0.06001789668124827,-0.026000030893526017,-0.005936616934446316
FBLN5,0.014663761744200567,0.027710422011465726,0.05117895046058091,-0.02407675795233436,0.015280190873180501,-0.027572862660409807,0.011593826678480194,0.00829628879386199,-0.006681635092681822,0.0062626053290338254,0.0064350575167959,-0.011872942223925272,0.005576917310733319,-0.01439228268518106,-0.054746897200548705,0.02141990613125399
TSPAN7,0.010406913532729462,0.028726934080915416,0.028581416105283582,0.0029962191650675157,-0.007396125901117701,-0.042630374339471006,-0.01231032270528817,-0.004731177167263775,0.016691116216010278,-0.026157951546077453,-0.006053889848567593,0.002241334902411793,0.05778824897879328,-0.016383521276123744,-0.020250157471433182,-0.013125880817245056
CILP2,-0.004987585953991772,0.05133177153971336,0.018877403479396104,0.009911112004073746,0.0027581577905890758,-0.018469280439393,-0.060425952086502026,-0.004886600753990576,-0.017644393425951435,0.01778368116896708,-0.004390600927259364,-0.01121887530038322,-0.02045868093449047,0.004645856836272044,0.0438994613114409,0.0006492185093340157
SERPINB8,0.028229451262141197,-0.038782277877584675,0.003729989520183146,-0.009771092685914471,0.03619715297738836,0.0224483021826585,-0.008415927802466278,-0.014378702791781661,-0.014524271037984244,0.014900248458852607,-0.02356330051108336,0.03880199703636378,0.020448776291102606,-0.0119818535543556,0.012751378564713563,0.04319541439452596
CNTN1,-0.005850873528212281,0.01942007861277974,0.014756577225737356,0.021712093524375954,0.04427892861038002,-0.017556700929322308,-0.038575859142642645,-0.002760300432932168,-0.008557382566719661,-0.03202600543747916,-0.0032929373287300264,0.013899781830254084,0.055578226135880475,0.02240170948147557,0.017491128356911873,-0.012925755533864365
PIM2,0.01961833311634013,-0.01876964960738707,0.0011055830818181133,0.0468775059023782,-0.012370364898340912,-0.054530466892116054,0.021652171122927357,0.0026415450131539527,-0.03435120209211835,0.016652075978806916,-0.017773882297402618,0.004742962315796779,-0.01384079195022055,0.03190576396675162,0.012714683749384142,0.03185447252930886
EVI2A,0.04165454533264373,0.006834789033977365,-0.012640195300054493,0.001090058729880635,0.010573012271532395,0.04786600605816368,0.007168153411822329,-0.0677292488826449,0.0362040689154882,-0.023736717441838362,0.030765663731844223,-0.036376788924271056,0.011688237218723748,-0.0054557042433409815,0.028899249784534668,0.008796631011249285
MFAP2,-0.012276606447778747,0.022309149314708145,0.030067452916735137,0.0018461972417897694,0.042198002381572564,-0.007432346102668709,-0.04784337704012716,-0.009078055460880358,-0.04344682063904167,-0.006862559797246152,0.01882666403547878,-0.02504409356357043,-0.00614908794551267,0.031268040949117795,0.00020888006956637072,0.07425233452504369
IQGAP2,0.024956332670987486,0.00539422427466023,0.00424756005686446,0.05619556077019584,-0.024171777885990973,-0.045193116372409914,0.02282246702074415,-0.014412814045534319,-0.017038547216241293,-0.02556734485118726,-0.04965954321393338,-0.01631498881187718,0.002925889623920316,-0.025317759783977493,-0.006082640234909737,-0.04533637655261387
UBE2T,-0.037818105073731664,-0.02149448652627921,-0.020466935329516774,0.05960895696931269,0.00989491131051921,0.012944126299170404,0.027308438373209083,0.015023958701943334,0.0004895962646954723,0.03121788020829793,0.03272193083845562,-0.0011233490682882805,0.02472276710888386,-0.01092314761087012,-0.01292657440021077,0.047149853657040594
ALOX5,0.04220689192376781,-0.007182144801254445,0.007465305109461701,-0.010963843961003191,-0.014427785164273831,-0.04652376105454036,0.0019445939562788867,-0.004148585943992852,0.0035964522988035635,-0.0021577348536854116,-0.01842411473269413,-0.021276923233434938,0.024287255237822623,0.0008792342530957072,0.006293154527156114,-0.02659186043543056
LSS,-0.0181337379539479,0.006603655860758907,0.008591170385779149,0.012871967207900339,0.04270238368380874,-0.01023561300857185,0.002849414354396168,-9.211369372735291e-05,0.012682893954049403,0.04811959231953331,0.027610655731741776,0.033717296906347,-0.021302000426882836,-0.007472610597850171,-0.026916178298777568,0.032878263731761316
IER5L,0.014026794895339175,0.031770160081920164,0.0005386144824695348,0.0011952571315860373,0.005079718492533051,0.0013117311521169137,-0.024228200922891834,0.03605650984873961,-0.021415106101677343,0.04789251746047873,0.05750326033294759,0.002499197175109929,0.027317924741586883,-0.012508325165951146,-0.007261279846191906,0.03419397728370415
HRH1,0.00869863774055416,0.04132364593805518,0.029049426707848252,0.025634062575090783,0.01810452759681539,-0.0019389620005860544,-0.0038241387699544044,0.04933951635004556,0.016985868892907777,-0.00412136049231417,-0.01614152530556514,-0.0047085793255155235,-0.008575626106846125,0.03482234786551946,-0.01801298806368507,0.0015366287211428726
BICD1,-0.00481146766600813,-0.027594722021188133,0.041413950598975666,0.012249156835694611,-0.0015924129220006508,0.0061217216330607584,0.03139542714332139,-0.02571305181488263,-0.03275928290544402,-0.0031917137417070618,-0.03949902368840583,0.006173929143890061,0.004112358080963063,0.025106385792234297,0.014720930721221007,0.00037083430915196575
AMOT,-0.03574146934809919,0.0005169491185731817,0.0401046606422468,0.023453055961532642,0.01770600697919679,-0.016563412413217734,-0.001475304733932508,-0.0054080785930800315,0.038276039474619675,-0.027037667628419262,0.001464447127228801,0.033451432262077654,-0.0027385512555091994,0.011238654292573239,0.03823227065104688,-0.03730358310267632
FLRT2,-0.01864643071588056,0.03610411053993728,0.028987174317519435,0.023980709098547832,0.030934279266035602,-0.009130625538355891,-0.024393931153501514,0.017020266574260135,0.022380609035352283,-0.02186323828126413,-0.0011508388159034554,0.022742356390257613,-0.03419794392051144,0.009445512555619099,-0.009270827220075502,-0.012061913164968916
CNTN4,-0.008133235027160842,-0.004796134906663292,0.03249264520063012,0.015170937825632823,-0.011538095746207197,0.009599289477735489,0.009169914509229774,-0.04229006619714153,-0.010721043820151724,-2.7863399934345556e-05,0.012234155457569978,-0.021223982293649576,0.05161540996750311,-0.05593710143568251,-0.01822997236167172,0.007884134874938074
GZMB,0.04252689152990142,-0.00916128198012238,-0.02169717802435609,0.03168971119533546,-0.006143132729613069,-0.026692633750769225,-0.006308264033629142,0.007781641191583819,0.0005151533549764449,0.022057921801296818,-0.013185863464689581,0.011416925510599198,0.004794255266483663,0.02392328596205313,-0.007429478100124581,0.0093976023192647
B2M,0.04830768503919908,-0.023781382952137477,-0.009866472287847998,0.006979037663540908,-0.004248455363232236,-0.007555884348774668,0.029517735173668964,-0.02529745902328411,0.02504691512731291,-0.0021835475092891084,0.03545688517379665,-0.0297035370119681,-0.013810530782940833,0.027370571087605843,0.021211803465082318,0.07452730600072223
FJX1,-0.0005135442627706762,-0.02631683271266387,0.02902568245328247,9.280758797525082e-05,0.0007283947063128418,0.019369927154680135,-0.03136928567602533,0.03641333943869274,-0.030336854172930305,0.007563318014917634,-0.007915081329227152,-0.049863603116193526,-0.027214519555865582,0.014230832697046475,-0.015095603420395353,0.021305692503930152
PLEKHA4,0.009285923982361905,0.01696742991596204,0.023132113190951153,0.007812365600990367,-0.0026878669931082854,-0.030651859863303325,-0.018489216777953385,-0.01059389880624608,-0.014302529471477025,0.04065120494176064,0.013984791167007809,-0.02324552696998957,0.03235096817991219,-0.01853858047480346,-0.027393027137112422,0.0726098844833055
DNAJA4,-0.010292583445689747,-0.01876891159973218,0.022783956031523982,0.03082708655051734,0.0023988028094506526,-0.0003349431702656825,-0.021204680592025155,-0.022046734075909697,-0.026907224433200094,0.054206703920035786,-0.04000563160003207,0.005783501399577461,0.02446889817333025,0.04484807303820558,0.0015231467405515259,-0.01684230794011738
EPDR1,0.013015263806165842,-0.027150766511555475,0.023661389590271923,-0.03156078546393901,0.03379741455189449,-0.002630738629655169,-0.00802856324075697,-0.026463927968176287,0.02617920308841689,0.015521126924901403,0.0069353206747781535,-0.019626002130413156,0.04339604965154146,-0.023173743468675997,-0.004775257271761098,0.013076258759440205
SOX7,0.028495073648302137,-0.0027971545364467573,0.04923183840268174,0.011605568339818281,-0.05181270148070902,0.039031021159665634,-0.009343049071960756,0.07350112571334749,0.019082781402407302,-0.00326676834115088,0.00023365531409299395,-0.0007605995880279777,-0.009024674628112723,-0.04030502778698373,0.02337685366692299,0.001236888682242289
DUSP10,0.035342341278838625,0.004495634314521466,0.004324416839636053,0.019349064484073135,0.03966261181895561,0.012543715909665598,0.016296812768565577,0.02493587360439818,-0.034977940624884435,0.04832346953197054,0.014997109493226655,0.0014435803211354636,0.01251456592050089,0.0078186542674461,0.012048626197674939,-0.03773994637284874
ENC1,-0.0035642999915636406,0.0044256367316390455,0.020683417926068922,0.04579560955334358,-0.0333488381944699,0.005131301807946088,0.011767826741343149,0.005413610051602014,0.018737905213961934,-0.025247594922877616,-0.006432108889402301,-0.027671050627149217,-0.007494224609127312,0.03850343677175597,-0.0641684931609515,-0.012825185728246605
STK32B,0.013142972530201398,0.03410335273593117,0.02284544980397154,0.0010507284190244728,0.008395221300432134,0.01038532589194349,-0.0208465831032491,-0.006338454164722867,0.00037172068857728793,-0.03450695435276803,-0.006690572190499771,-0.03603688280722512,0.014768823418972286,-0.03120001852754419,-0.02180764998592613,-0.0020627661884455293
GABRE,-0.0013121855713059422,0.027575138847238355,0.02409556566565012,0.01860470479710578,-0.02251970744894627,0.0066153927901175386,-0.04505092605073272,0.012120179627789596,0.015494857798878561,-0.001930868376144001,0.02001512562989009,0.0015811409221568578,0.0036310600510746707,0.004107448428523701,-0.04045758560074158,-0.01586644054496726
EPHA2,-0.026461139873534042,-0.026634252406784534,0.011820564064981588,0.022452376141293133,0.013232229552360305,0.014484162716286348,-0.005316674097603193,0.0053471131778060135,0.03243221211138012,0.03395339349293287,0.01111169650815528,-0.030121943353485895,-0.01165070072935253,-0.01975229156337173,0.02159356705307571,-0.021351989936477866
ALDOC,-0.012811017705035302,0.009831979090005443,-0.02358460383091911,-0.006417546396988735,0.020474067878589214,-0.02094271083354679,0.02816911189823246,-0.028879082282715875,0.014276213809832345,0.04363402700618711,0.009760921093481473,-0.008299554408875406,0.006838322406929014,-0.006770982376656553,-0.04111415101972443,-0.04240792662421937
MAN1A1,0.028755935582005236,0.050542271110295765,0.005427276662514158,0.03091707589212674,0.002840350240039362,0.023303831436937695,0.029037462453887025,-0.0355131419597925,-0.0018726125491815414,-0.04131239919197086,0.03582290342265722,0.00035678899200830387,-0.017323567266563682,0.007981154951761594,0.011686662653379578,0.019836087737882604
CENPF,-0.03606218940628989,-0.009163721198515983,0.005539661782586657,0.06363372696414171,0.03264628206139579,0.00908622505850367,0.05252847420638513,0.010129912192117336,0.022083824855052128,0.005829530935713791,-0.018766829068979148,0.0219827978367284,-0.01584529886021316,-0.00429826296310418,-0.02227310680025039,0.02452618200851773
JPH1,-0.009961304423284925,0.02966619879428944,0.024247873228291767,0.018362877948442075,-0.04201369038624117,-0.005084084249977491,0.010072140651995158,-0.032197891045390135,-0.038364951777905325,0.011760427419359508,-0.012133288855129779,0.06298110130132964,0.01525377304303492,-0.0034444770958376846,0.038305702742288845,-0.03876387263584824
FRAS1,-0.00011435924899938759,0.019993923928930343,0.014098967588419836,0.030004381473355712,-0.00806878267253778,-0.012604363520879337,-0.0035979381721245934,-0.020087585477934322,-0.012415885953499087,-0.01703068006278522,-0.007057419635122367,-0.007303369344686627,0.02545888140977775,-0.01607795307603465,-0.04431577761494829,2.0466803781178135e-05
ITGA1,0.03593098173445343,-0.0008420694769659563,0.03671700946193995,-0.0015858605822094834,-0.010416216587180673,0.022084195390567208,0.050283769640390975,0.027878257021005742,-0.0008117201796137958,-0.000731494094154142,-0.021969026912077496,-0.030899328637256834,0.0074794772219335705,-0.03398154502940555,0.012110153420083833,-0.013398071708986947
AADAT,-0.023700400004615915,-0.01667969300094775,0.0073097506714592825,0.01788263414116313,-0.006920087588109141,0.006789868013526181,0.024626602128090827,-0.019597109887862098,0.004980533003665085,0.009513915052560577,-0.014210837915868128,-0.00435298760076638,0.059082098577930474,-0.0691134662974386,0.04658061389698144,0.0005839742414641908
GSC,-0.027561554596193437,0.023018298668375778,0.009498028483786032,0.01972465377920401,-0.0004944366772367944,0.009377716638677683,-0.057387582516453636,0.005418789446187691,0.05130808051522225,0.013542625545789597,0.020204039822291686,0.008875114336830312,0.020388795303000178,-0.0017451705154239716,-0.006300075137798266,-0.014966222721342915
E2F7,-0.02503015385663064,0.018918917482893993,0.0031835819553226704,0.07385494349708509,0.04650594484220549,0.01975170492896592,0.022529823643608612,0.012093748683934992,0.029615598050986278,0.00407202755184322,-0.03378388780306397,0.024297112940088007,0.0018713986347546209,0.005784450397231468,-0.009756856067156596,-0.013171073273378346
HOXA13,-0.02462078433836099,0.017861660571875743,0.004977038448223075,0.03509566580836764,0.016457132355906925,-0.009265826420826597,-0.0004928912981342154,-0.007885074320693101,-0.017936264496393496,-0.02493034276875513,-0.011916110630707496,0.0020526265423579547,0.009530644430283931,-0.02220985286205391,0.027516392114809315,0.027896314006589203
ATP6V1A,0.01846797498356608,-0.05126598780137969,0.022300441374870316,0.007605642547243881,0.055793140355193574,0.057544216995685425,-0.013981360743436274,-0.029371986053459306,-0.017314891964431013,-0.014003426549454499,-0.007925747687199424,0.033945932204275976,-0.0038409306612693936,-0.006407524390226928,0.0012637580353217354,-0.014178882253051191
EMCN,0.028644553580573565,-0.004265667787863853,0.03595743204281426,0.0022487362211523337,-0.05869746996846085,0.03381766329298419,0.010585000172420908,0.07770619771021939,0.0017975804238027876,-0.014184182334669424,0.022807234620186256,-0.0063704249351631955,0.00848289824341331,-0.036891526901777695,0.05904020400911376,-0.006418533303764285
STARD10,0.0062093701750996376,-0.025725593620685654,0.009556401900202148,-0.01370113326829338,0.03273541714378204,-0.04796995872873156,-0.0046433813916245716,0.04601573906004372,-0.01921993630212815,0.03305651177172887,-0.0005125886305356112,0.03772078677715308,0.03637011388678508,0.057482241113099145,0.016040997666301078,0.01421014625548353
TNS1,0.026050264899591724,0.05678820529428035,0.0340900920551374,0.005284635916311997,0.005656017437680326,0.005697042324414428,0.0021652751423192748,0.013494924337907468,-0.0026713595543951304,0.01787272380962267,-0.01320100874131463,0.014347832386338013,0.00024020677508436797,0.012984960416572175,-0.03212391561228532,-0.028940819058284706
ALDH1A3,-0.005474352904923275,-0.003521234751590006,0.028670866560143168,0.027049011417053168,-0.01851018636261444,-0.01848038887864224,-0.02491888135898336,-0.0034261548357559708,-0.01461459520507763,-0.005362146267536104,0.020927209026307347,0.014316365814938321,-0.012226490023152042,0.005400103521495099,-0.014791979919444082,0.015524516725109764
ECHDC2,0.0007421753154014527,0.003934084481296964,-0.001241327473058548,-0.0072533205692917315,-0.0023311435516124197,0.006685508969289994,-0.013921535991186037,-0.027064580642596682,0.013375313231395108,0.02179491819147334,-0.03648903613258059,0.009659396721852669,0.02091875048830669,-0.02893834670841411,0.02119043273019186,0.03985652713962753
CSF1,0.035833291093810095,-0.04802345260768382,0.016479648434335158,-0.010783734225065233,0.038689251876503294,-0.00784091691404543,-0.026183210006430375,-0.003116165905994935,-0.0031317976448768216,0.0029899851901878743,0.026419536458741226,-0.010199843400468638,0.006245640908855322,-0.015928154767493465,-0.026038353703183015,-0.004195467436779416
FNDC4,-0.00864917138716555,0.025314870370389823,0.013889353384695543,0.024109633682221965,-0.0015109637018537229,0.015414773680461923,-0.045545393720533754,-0.030247398915590105,-0.0057780682381594764,-0.011766594813348213,-0.02696765870516053,-0.05522202003946657,0.044916868687446584,-0.0030467154169990032,-0.02788793148840318,0.02358690726567238
TOM1L1,-0.01779359941436889,-0.024313328201861367,0.012122400637801204,0.01794032343915199,0.0004906774532303931,-0.014385541312641826,0.009356624185822395,-0.011680149794909899,-0.029886319074959485,0.009269601933976667,-0.004896221280298162,0.026822609759796653,0.014790984588917516,-0.0017894927917543584,-0.012031615685970392,0.026723313070460445
TMEM45A,-0.011512940872222873,0.041613684696949406,0.014329672990396336,-0.003129273042576299,0.04076170894026529,0.01438208221769525,-0.012698170972598344,-0.009421741025414269,0.04198064639732323,0.024047373049705185,-0.010961358324772142,-0.002396760888576807,0.02982553629918524,0.04257869997155254,-0.008184452205923693,-0.03520442040634504
HCK,0.019707987625688574,-0.04802997069967417,-0.00789195342953926,0.024288656681540916,0.03331007650887293,-0.03212483750041592,-0.01826619222767122,0.04478620879660574,0.007897549246732536,0.016076580003472386,-0.0015748257538441262,-0.037843729882349894,0.03318181494584486,0.02458385754629197,0.012900723369160198,-0.015431817968625472
TIAM1,0.005261576034084736,-0.01420783910656287,0.03438780348037407,0.021990311900398823,0.05043289423873879,0.01725751255820174,-0.04247014822741399,0.003943037817960328,-0.023721404710452237,-0.009319733634401688,-0.01370626819564607,0.07700314340787605,-0.05004125360172213,-0.006220615911080706,-0.02434622465601455,-0.023605757438553938
PGBD5,-0.01828571956617035,0.0017341442185082852,0.01888419570456474,0.044823070890055466,-0.04129897296237217,-0.022238307862898533,-0.018480315015214518,-0.027405654575282906,-0.02405448845733291,0.011217323580657423,-0.022318220013737965,-0.022570131936645487,-0.015372676554615829,0.002323184997982175,0.011147020004935445,-0.022005097362134934
NCF4,0.05348616314396431,-0.040817003388505066,-0.006515190843160687,0.015191091160114674,0.015325966611293977,-0.017318153286481827,-0.03419294243118409,-0.01334545976278614,0.0024278989841529717,-0.0248096173281208,0.018417139938827244,0.004492110284946682,0.00534964516278826,0.00014868765911833608,-0.0021198522798228404,0.00897933115434208
FZD3,-0.01960137071277892,0.004329022509389349,0.012228482252914985,0.044586688165439384,0.0028557215907841563,0.006796765770449473,-0.019791303725372432,-0.017412245248486762,-0.02589902465864532,0.004676160447519475,-0.06684211132818661,-0.014644514814020433,0.03959906525164489,-0.018568284458664857,0.013492252119836866,-0.027957345188301556
F11R,0.038544401264576394,0.0008357386428213885,0.034352131905222384,0.013916578744900437,-0.02901762723715253,0.047867531413581556,0.01090725492251481,0.0019984062817946097,-0.011523308450985948,-0.03480830702928257,0.028570743623090922,-0.0506221423225176,-0.0011314095285229059,0.007575398064231239,-0.01951712530035696,0.005044003932416377
PLEK2,-0.012685715850565854,-0.007597973664736981,-0.007031937927222628,0.04105937985880978,0.01671297263399512,-0.011434624106776255,-0.027313628482730397,0.006427940409198138,0.008082972077658856,0.027967903717702414,-0.07503703516511523,-0.06011892116733613,0.02899036691344831,-0.01975297534008358,0.033013655133384584,0.0044711873374354595
PTGS2,-0.006528286358947717,0.012353703992153752,-0.0021914406616671276,0.03332809890867412,0.032951348712999116,0.042641420949225524,0.006575124977468948,-0.02458145189130486,-0.02199830917936952,0.050005394171202956,0.059621004822188135,-0.034271719125931605,0.02733383231593642,0.02462505030092745,-0.002027890204592376,-0.05681699398763217
PAG1,0.03310684033381236,0.007470310799996759,0.011487761234671158,0.045206956763081875,0.006566948385747879,-0.01842544667171246,0.011853382414456179,-0.024940134045927438,-0.008788061736413656,-0.026734999156137734,-0.010150038414995231,-0.015115454179777705,-0.03882912691722035,0.010250194878563677,0.007274534807964649,-0.023616363786870924
COL6A1,0.015589869097392987,0.045256670520907503,0.029707593032810464,-0.03043774888023572,0.05633806653533094,-0.006200140147865405,0.01074707867113927,0.031833840757259,0.005897053204181635,0.03348097119389284,0.028209322083830923,-0.03484505935066142,0.0053527589552558475,-0.020379088333303666,-0.018700401708649606,-0.0034186620366075024
CA9,-0.009764023447919443,0.052383813359910616,-0.015549805684019381,0.016807943103379106,0.030664541871287622,0.0045530689182968,0.0017436463105567034,-0.030925252611073654,0.002150434570426911,0.02718483903578621,0.00969554153015055,-0.017570238056064162,0.01493325118698819,0.012481603357688154,0.0008024743897696298,-0.018699788327921612
PRDM1,0.04202171466689281,-0.03474931241548888,0.015743248016685543,0.020205345572409127,0.02887637662288724,0.0443590339573875,-0.006249676369714895,-0.015622755399266892,-0.027174624874174668,-0.04880742044708403,0.023377632783252472,-0.03955847231479365,-0.02300884833095599,0.019608408126478474,0.0058442659031220975,-0.01991334035282577
CBS,-0.03441710832892003,-0.007367078831225289,0.016606397011213463,0.03266006565179665,0.010825690042970093,-0.022689262971043185,-0.012686410704471511,0.014147237419826982,0.016434487584779046,0.006310239229461522,0.03486288929841161,0.013980802812287613,-0.014619952769578531,0.013160370564951509,-0.019663473756097553,-0.013606986901740286
RGS18,0.05612675929789497,-0.012126183537887116,0.0013118563488606371,0.016413001487019456,-0.02755874099285082,-0.02685601128825023,-1.0815347173431453e-05,-0.025509849738017492,0.03293854168294695,-0.00779376378534186,0.000539497691837771,-0.0022431922033323516,0.02099080032711398,-0.02833761455667471,0.017965090994006238,-0.016127976558721894
GALNT14,-0.018956312417015515,-0.029047715046588884,0.02883300437311647,0.012598721517512356,-0.03922498995531665,0.010053287627774691,0.0022787731153834307,-0.0276921105568668,-0.011241774700669846,-0.026890371273631294,0.025870806173716822,0.000986004155622628,-0.012614729629516288,0.01494729192820431,-0.020877275897512444,-0.01748634401664938
MCAM,0.005796925321482269,-9.856927606742994e-05,0.025499311774243832,0.031534321473681806,-0.06152397869757187,0.08517408053226141,0.011838711882622845,0.04385338726207086,0.017564597964736164,-0.005498351325752288,0.04247259757347659,-0.01813074319852106,-0.002777860349534929,0.015503589175545637,-0.004456448771053725,0.003014107209805597
VDR,-0.0015555137168750763,-0.02507906079188135,0.02644223055591837,0.02922251190164338,0.027015637068719865,-0.0012481479293049505,-0.044151833492531795,0.020225212400104584,0.02552304341767348,-0.007492623527295097,-0.031804858765391686,0.012064025652771529,-0.011752565332983564,0.05681000026790434,-0.004909071145356738,0.018316959396520956
SLAMF8,0.057287793696824255,-0.01371807136616008,-0.009383406952017682,0.03313169157944014,0.01161513443706144,-0.028496331074114273,0.005327731432630506,-0.021461267654625825,0.01511616281340859,-0.010087047692142465,-0.011032037137614985,-0.016188187851255014,-0.01940631999386837,0.020509189614686243,-0.0025597231365045523,0.006256716056086601
DHRS3,0.020098969003486674,0.006005609336002767,-0.003963711197976449,0.022646810858363484,-0.038986637388934604,-0.0039002652125431636,-0.03063322944831141,-0.04209870481030463,-0.013315254877955316,0.006853001953892691,0.008625555116469192,0.013356796471984012,0.02450052642080823,-0.01060414273299437,-0.020105070899782095,0.035197120379166384
ABLIM2,-0.003560367869063569,-0.03693076618391308,0.03054241316391989,-0.011112344284122593,-0.015666518068208027,-0.0018805160453335135,-0.023517452628194952,-0.005156586970112653,-0.03096782812714267,0.027916071248040884,-0.03144479384099377,0.009337286116041774,0.012245742037732824,0.1026624635925831,-0.04575402772959682,-0.006685921467255836
ARHGEF19,-0.011597985912725841,0.020792455769882916,0.032372188294685474,-0.04908207443382912,0.02398663132401172,-0.010836054391187459,-0.03767606058035551,-0.021758120281068324,0.03207884365348803,0.03893167965123999,0.023420382501876495,0.018251143979967875,0.022999757213225804,-0.02251202925598028,0.026828174018162135,0.004291235831588998
ITGAL,0.054001503189197185,-0.017970411804891253,-0.010693995388264757,0.043748316954756006,-0.015285110970574091,-0.03157673740028542,0.004834897277321483,-0.018504971351467787,0.013495030194021538,-0.009783161543577692,0.0016776670990155344,-0.004749724607232962,-0.027709947991035967,0.01018058726885061,0.0025117775346500796,-0.007558147272871249
RECQL4,-0.030650399504314807,-0.003087476059498401,-0.02036620967831694,0.05607848387712074,0.007719195410134126,0.0023145022245700175,-0.02793736757490104,0.031513079478834694,0.016331762118769654,0.04290869531466422,0.015674922979506893,0.004356010839278808,0.003606327939922961,-0.01399997812128795,-0.016729095891621068,0.046423865345885294
OLR1,0.03795008212681686,-0.007566260325726642,-0.003935905106406493,0.020305250711687855,0.01878787205726589,0.007908630037587946,0.02118952689063514,0.01512413738209024,0.015721713134766332,0.03073293699720503,0.015677610197452493,0.002065445528483266,0.02175715800044043,0.03475883835612966,0.050260133969087996,-0.02480713731444549
GHR,-0.007387035476463678,0.0024171328515947667,0.055331295104326224,-0.020643350994068135,-0.012591053713927441,-0.012135556527430187,0.03833007466102187,-0.035032896448009575,0.0294783422213196,-0.03745351364147832,0.03724873120202815,0.01004415698666107,0.02309161127395941,-0.018714350432192182,-0.05572847411094103,-0.0531572527134336
PPP1R3C,-0.012209136453200174,0.013561710323469273,0.028375478531973787,0.015389219657015797,-0.036102605786193336,0.017692013053546174,-0.01880518027807411,-0.021954915468199967,0.015242501700835569,-0.0013239288636090257,-0.00667080104776019,0.024107663566237395,0.05527349516283996,0.013701408357609515,-0.007892476801073623,-0.006696501271209228
HTRA3,0.00035758495009640756,-0.009384078233137447,0.02449725628578446,0.0022924883565869714,0.04925462747066553,0.015107699672856117,-0.04598296785835259,0.03061677657272947,0.025835704043117535,-0.000733842357976841,0.013065250529678822,-0.01790558503606106,0.007955833128250166,0.03167952861350089,-0.025160379578599183,0.02738439068035236
SCRN1,-0.007385318313003827,-0.012183504616599703,0.023915233981010028,0.012311926724354948,0.002554404842622123,-0.016174020593281352,0.013436673014041174,-0.0025451611618556944,-0.014311701884506787,-0.0036588227931748044,-0.07998044943245153,-0.03361624744363819,0.0054422358793971976,-0.00261994755671734,0.007677043251649413,-0.0010526858095184864
CMKLR1,0.04143857585508515,-0.0007707198328390785,0.01987062304646628,0.005519304250863747,0.008488128347071123,-0.01858450915427548,-0.002443352236419399,0.004611893172916473,0.0002712496034574727,-0.0022273908020512363,-0.011738521188929764,0.014030385220394266,-0.06142446236605775,0.026393743262135807,0.032717151629888135,0.0015728896848196585
COX4I2,0.004767056995714459,0.010567413509910561,0.025213103357421378,0.014526913844983929,-0.03787476069937354,0.02309184011489621,-0.04245935257468029,0.0580992445523812,-0.0019291736383941914,0.0165178383034668,0.03019250843238594,0.005906034889523689,0.03880656485478805,-0.017023160030475618,0.03363156721483949,-0.0005333704348266261
LIPC,0.010466650436968197,-0.02889034265429744,0.037330104421473116,-0.04635241677183761,0.014519671006248604,-0.014824638712824953,0.0024959909963176777,0.00841612704153864,0.0411508805994202,0.030296998818997285,-0.03715577742345076,-0.015017525306868696,0.006354957735089843,0.017934028880197413,-0.002906231217509963,0.017969336564792198
GNPTAB,0.02876384459419743,-0.04825557040789943,0.02812468823745002,-0.0027764965146158346,0.050900828252500765,0.0400114168457803,-0.020008686258680283,-0.025011603464357747,-0.010882198371919373,-0.008759125980478812,-0.04760328229569449,0.03635606288055135,-0.0041547967457940494,-0.044560864113632,-0.008108850598780484,-0.023857817149860044
ITGBL1,0.024862389874392713,0.026686493753369817,0.028612112132302442,-0.029132320543416926,0.003500528294388317,0.016042689490429647,0.02521902987218537,-0.05815956489404206,0.0014650267470586757,0.00044521755908274487,0.0275796085122689,-0.032917557061718054,-0.022684182077727624,0.022689304102539807,-0.011446443072279785,0.0758935953322071
PTPRC,0.05755249999423995,-0.028103818979837363,-0.00010635088554985638,0.027393231174198823,0.010131964146092406,-0.0029982446453817022,-0.00390474099051255,-0.026040817110365527,0.013382574569666423,-0.005724307743049227,-0.0036693423131998115,-0.000456517724496874,-0.019116862816462413,0.0016859670255229978,-0.0055574004838141325,-0.012432333121206162
PLCL1,-0.0012477615427771147,-0.005669703677035026,0.03793336806233426,0.018042644649259088,-0.04650571372107286,0.04462717292563759,0.020633958420160834,-0.02157196055633767,0.018429183067854293,-0.02224196490108231,-0.021258643123141407,-0.02084153397503786,0.037272298691692476,0.01669707951560565,-0.015111507178451385,0.007003728453048608
BMP2,-0.01835709007801857,-0.010833611263173622,0.030662249544517375,0.01279221599887766,-0.013176986032479736,0.01789940702680551,-0.03353629554456108,-0.016682713664646607,-0.005711688248978073,0.04746510100447726,-0.005422218140343365,-0.05474917422369146,-0.010827510358858915,0.0030052235011215674,0.016537697926384834,-0.027156590482678062
DAPK2,-0.011507957084978681,-0.05014155465573612,0.03344516108705655,-0.006301443569785614,-0.0047412984608016535,-0.024666919313771282,-0.0053569834743788765,0.006142002109859431,0.026390859316501408,-0.0026405289863525166,0.015401770579120672,0.024254396245158696,-0.00012243912828875225,0.03819837785704087,0.037733980103868144,0.000995261116343704
ABCC4,0.012698112667585415,0.017296067512559726,0.025671060371131506,0.007991524691094478,0.011117879526397012,0.014288561385614174,0.02084314846529269,-0.04284366408079733,-0.013877838438308986,0.0070030837746852094,-0.03689137597918296,0.019941007798400558,-0.046728575723121876,0.005955247371049848,-0.02879701253200668,-0.010800318585569369
MAOB,-0.003197157403201107,-0.018573636591863278,0.036001911486135026,-0.006153750677957416,-0.034623059443828146,0.003822122326393576,0.014423321382354417,-0.03750926956743799,-0.014394460512849098,0.00022841345878079483,0.046068530054489076,0.012188976094851034,0.008011108602549097,-0.00045127049436670744,-0.01657967514114673,0.047351763268985575
CD83,0.006001497847854429,-0.02594425804475577,0.013789512916264991,0.011602090452826905,0.004321742227934339,-0.046644041647093154,0.02852311429088932,0.007525437266208676,0.02798777779682996,0.025499350292951282,0.041120736508799036,0.03729957417896014,0.012804644076929229,-0.037463905386912785,0.0259740070728382,0.0024540836716351925
INPP4B,0.030534362288111842,0.025972559664093613,0.01682492671129047,0.016058596186490304,-0.003984102231733263,0.015823013005985223,0.02377219381804911,-0.002272510756906231,-0.02699573204902255,-0.004545229127782173,-0.02010920311038812,0.04964179574449992,-0.02332175049131203,0.016327110773486878,0.033016752294893995,0.020683869356404504
COBLL1,0.006106423389411636,0.01913940169935557,0.026723175676365996,0.00455032783478564,-0.03197635384055672,0.01215854685459181,0.0558914918566209,0.007327754722576408,-6.04168291567838e-05,0.05420075628556093,-0.01908437792516066,-0.0074280429354389756,-0.02380592406038394,-0.011314459013774474,0.004786616808891875,-0.041401624502375
ECT2,-0.025491738956935635,-0.001685019276274138,-0.008226932599103565,0.06713004712549515,0.038457320800949116,0.02081924984064114,0.037713355397741184,0.015352593514612017,0.03650192453103115,0.0343036771642425,-0.04981145436012109,0.035282810631896144,-0.004888415058443396,-0.029954185235040936,0.009350315426613319,-0.0032127119668155894
TSPAN5,0.009107852533858561,0.018644364115285927,0.009683772271592131,0.04176411231868979,0.0190765805843542,-0.005788267755659046,-0.007521898155321025,0.0037700647499381294,-0.05746604436282615,-0.039866747872279035,-0.025935782951598946,0.026905967629948364,-0.050901430512606725,0.011731200228589488,-0.0010127620259154715,0.041984118260086044
FABP5,0.012867731594564818,0.012940691302769619,-0.027218747091395053,0.04485157103082009,0.0033984144756293547,0.02965867859717835,-0.0015377169830481105,-0.040066806704548416,0.0010116809088250582,-0.028933357836942522,0.07424345655097234,0.0022891790747925946,0.023589485239758855,0.008183515220681484,0.0055988645180947046,-0.03244543341206209
MXRA8,-0.020781000339547915,-0.015880857932212982,0.027562439922329318,-0.023728556773291935,0.020921183245142617,-0.016743220273975873,-0.02617009253708645,-0.011867732175146011,0.042478091240572745,0.0093391043805425,0.027040191054355973,-0.03847081028185416,0.01903491526728263,-0.01912450627890672,0.02539280300096613,0.026216900033523054
PAQR8,-0.002214032366946913,-0.024061585285930602,0.029325222957742748,0.02209383799297815,0.017095862649410716,-0.030034950957099352,0.006046345513753602,-0.019587226571571498,-0.03651882955348239,-0.029272027805143923,0.0005492473415087606,0.010244485845519548,-0.017332300231706205,-0.02834625167527535,0.009285300462088785,0.007815645915764677
PDE7B,0.02161816813243215,0.016945346250181594,0.04970508355276708,-0.01836997153063842,0.012128503642155467,-0.026968333570577124,0.008498821336103017,0.025478791472268277,-0.026539571933212124,-0.02127890955065947,-0.005785845353626931,0.046847908554822494,0.020276255252587787,-0.01939405657507776,-0.007037479491838514,0.0037285810985708866
PFKFB3,0.019567279402647905,-0.0013090214711315344,-0.0008491723729953144,0.014432845101351878,0.03410158932826694,0.017678757525529644,0.042604660600304295,-0.020066011296666197,-0.012902487653903602,0.06564183334580795,0.03116791378317085,0.016661114116832333,-0.020375775441550878,0.04871760131831063,-0.02741637394892504,-0.07362938016353193
MRC2,-0.017669994593274903,-0.04097004962663942,0.03339198612277452,-0.014699782744318927,0.024949167312847687,0.002741220896918843,-0.028640454630587765,-0.007148421300799225,0.04226146386194308,-0.01429905588334118,-0.013045631665234507,-0.028741763044628575,0.005202444693548992,0.01367301363992358,-0.0386957343091513,0.02701082422510606
KNTC1,-0.024784043550595023,-0.015707435399665435,0.00576264349058213,0.06015894535641932,0.028410572271658354,0.00011958913424887094,0.03226318379916095,0.006600349927050284,0.022559609006439423,0.01739846546367666,-0.01583266464104687,0.03819619741498297,-0.02294363851411728,-0.028302401669145348,0.005099544466682425,0.004556687059583729
MYCT1,0.0405640896940225,0.0002895263135792868,0.028208110806964937,0.00229335371837858,-0.04516393127499125,0.048920587096185075,-0.002046178069751785,0.06603417250164967,0.024125375437831362,0.00805167186550763,-0.02462185488258071,0.019562282149957692,0.013283658721924121,-0.044549833395639914,0.0391736854537805,-0.006768564644760554
BTK,0.0569551276091399,-0.029671790159298574,-0.010035746721912927,0.019504271751091453,0.030150749753214877,0.01696501762948205,-0.021592310571943257,-0.03237167874766144,0.006486611883455029,-0.010203359462352148,-0.0009581218431371904,-0.01203428409500863,0.00814714086057354,-0.022115909407995796,0.006351394997839967,-0.016923375844463635
SYT12,-0.004987893233188874,-0.02577042685968611,0.026212280123508364,0.0037130358089375757,-0.02206186278939161,0.04112257987452771,-0.05639834644597825,-0.028308394912156587,0.026499178678480513,0.011082800516450672,-0.01947387372104123,-0.012933359858285108,-0.00722199458170401,-0.004716750899525798,0.003431753209971443,-0.0012860880257397692
ACOT7,-0.015871350445978736,-0.005325734769389382,-0.029067065045749,0.0556396794523232,0.018349700456223784,0.013657297435033761,-0.004303753707289547,-0.004630990148109708,-0.004110373157951205,0.05295746822086422,0.040172842080417395,0.00610697241738507,-0.027661939041831445,0.011029388646454363,0.01830805494260156,0.026164286610652315
GALNT6,0.024726635707551674,-0.04497051951178751,0.0014471165509120794,0.01193003036080402,0.026801431453747512,0.05162008853858577,-0.028815779338202098,-0.027478519543405782,-0.03673125671912622,0.004094238405601093,-0.009881388516179226,-0.013136236255852625,-0.033992594465945186,-0.030188675320423287,-0.01985874171912857,0.009302152794469304
SLIT3,-0.012554694224007016,-0.002415893960547691,0.05184624240462711,-0.0006075410232547384,0.010342863612241253,-0.004530037492570166,-0.028310723893970473,0.012206242790325238,0.014647821591160392,-0.007589637487971299,-0.01929666578405818,-0.02429102159689426,-0.0149651053058857,0.009194074618218648,-0.06031303369704981,-0.005627315251361627
CDA,0.04664908369194048,-0.01428228487224012,-0.01619828209343588,0.008318371855230627,0.012922741696444402,-0.0023760584001308455,-0.010546181889891353,0.009410968712378592,-0.010858523077332514,0.014677329671263886,0.012040851795693135,0.03163048683377679,0.005589704540543197,-0.012500465459794568,-0.010243310018897472,-0.003121920559989045
ADCY7,0.045359630074800254,0.033940677776951346,0.013144225440227753,0.01521308288843677,0.02071016204676443,-0.014201287194051266,0.014290298514006072,-0.03762936298705912,-0.0005157539851554111,-0.004271263148310409,0.01789778411122008,0.015856440985507755,-0.03978725831543962,-0.010710479305461205,-0.0013215565115412319,-0.0016128934090505953
TPM2,0.015396733258333382,0.010481835711958164,-0.01050489964041559,-0.003900889291848027,0.012754854853047712,0.020707773735556056,0.017186644198404013,-0.0078892722664707,0.006122127807488422,0.00030490224191597566,0.02744247747839922,0.04107565310660487,0.08939758762445019,0.021745620509761247,-0.0037646077950702975,0.005143575470068873
RND1,0.014727746057990394,-0.03745989046954321,0.013303417632081715,-0.0015130072610492987,0.006763388376631165,0.03670372499599522,-0.04452886557556374,-0.003233998665210352,-0.03939604299892547,0.03107032823333111,-0.005332354764125396,-0.0028790504091125804,0.02515058091799517,-0.0013366274535327842,-0.004503140228362014,0.004142768550520517
PTGFRN,-0.010856004945174065,0.009730472421649095,0.046799516197981686,-0.00618632366140277,0.041860135747211084,-0.05030697415430484,0.03475770489364526,0.028022610031648555,0.03073162654463206,-0.01708198878270542,-0.024094916050625085,0.024341423372440583,0.001090474361434694,-0.017650106377307892,-0.058109485155461216,-0.021216630813652285
TNFRSF11A,0.026603513332414248,-0.05213643065614706,0.01834264007441145,-0.007616263842394597,0.05043947320930978,0.03900835857703198,-0.04656272304256854,-0.017938103913104676,-0.009406939776246882,-0.02960102011492216,-0.01044567043038426,0.014267960935552328,0.004450227389070869,-0.0207818584128453,-0.033408868618348075,-0.017177288576040773
HYOU1,-0.016127276428652505,-0.021690620338447143,0.007890788985617198,0.047639544660937075,0.015832287794987753,0.02573975360166373,0.04350220287009221,-0.013245633688640257,0.026142604653419707,0.025280540777936664,-0.009945970517953252,-0.04034463043713885,-0.014196398170004303,0.008942476114357042,0.01018469250992601,-0.012823424576574177
DLX5,-0.0311754470564235,-0.034050555708030124,0.02992368103727467,-0.007505958409117092,-0.002512030757191033,-0.02687513552730666,0.0017817529613395034,-0.008007451794312838,0.02192863295988694,0.010023609375126514,0.016182266638208237,-0.010865460499843594,0.05538861159388797,-0.05046660622835812,0.011273961575720273,0.020845595735310432
HOXB8,-0.019156303562562992,-0.012613433816500999,0.01847377143309215,0.012362898725749511,-0.01815428516841817,-0.01420928331865114,0.004430505918826281,0.0015206156449061245,-0.02308683699596404,-0.005816755444426104,0.0036349221799825636,-0.07195333696501188,0.013204144271566574,-0.014768335071749789,0.01878551816538671,-0.020828318423606412
HOXA5,-0.02260015589177982,-0.019072971031032802,0.029250086174168258,0.008862111559287584,0.0024673344437993695,-0.01577436631196514,0.005137888462841333,-0.0059735221771842414,-0.016816540590710485,-0.01424744717465538,-0.018186486235674273,0.023769319511121725,0.017242796476552177,-0.04689661195608463,-0.02918759799840282,0.03045306128951994
HSPA4L,-0.019700760622285447,-0.01775534496110967,0.014343617663557722,0.04855385357016127,-0.013931126368564993,0.014263651694825342,0.0408942297526053,-0.027895882486663165,-0.03456155531793371,0.04739235568492866,-0.017103411702038072,0.003392035475694644,-0.018825878667682566,-0.007517916205784075,0.004709779701249283,-0.005811646536125612
FGL1,0.010957430823968169,-0.006030684275723568,0.03648673998023924,-0.005071167446802503,-0.040938608118385886,0.027793724646656984,-0.0009502992833408004,-0.018383722699337968,0.03389138570982825,0.002492226147038026,0.014559494069369905,0.014807711302103378,0.04640188841459625,-0.01014586339977533,-0.03420715284976672,-0.0019111680985446876
MTAP,0.009517277130834455,-0.006619881904150026,0.017502713398040277,0.004430801311174462,0.011671467868470689,0.0018195456541012635,0.060299862540586564,-0.021013000094069076,0.01079331985073782,-0.01794943316964225,0.010707194626590397,0.05751390834125397,0.007382446042145362,-0.042220923604502233,-0.00417913460464953,0.0004575626456588978
DLX4,-0.03508476124322037,-0.046350097888271644,0.028861072694156584,0.0067255927074300476,-0.015428760353293419,-0.019694073820556532,0.018512252080756967,-0.0218943487108559,-0.01805623933679374,0.018897843877258985,0.027161478506115385,-0.024673274700864018,-0.003228804252175841,-0.025274651758613893,-0.010703441466235324,-0.000850661658216568
SLC16A9,0.014928026935478417,0.03323727889939511,0.021761882526121205,0.018600983612923876,-0.02081176920199055,0.006544169377733968,-0.0004566632331454495,-0.03145763881519098,-0.025117112381248648,-0.021888878403491033,0.032200864966304185,0.027530842594758978,0.0030459019458571367,-0.04899869032130361,-0.051040460646724115,-0.0007468795540647253
DOCK5,0.016818810950653684,-0.038718665820234144,0.024098767184767847,0.004608104842888588,0.04409231025614011,0.03902171771771296,-0.02551066147349259,-0.024905046957660236,-0.04979368204565387,0.007113586202249741,-0.019335366008162526,0.03572334498886005,-0.04582123902493712,-0.02792152064761414,-0.00393793578189771,-0.020943857577073653
TNFSF11,0.002292264517495107,-0.038908492281398116,0.017767658726488604,-0.0005631756476301058,0.03974099096949665,0.05105415464810881,-0.027099162271281823,-0.005963196129345952,-0.037103474187796893,0.00804127761923705,0.02736751905743076,-0.048908908426718384,-0.007503561871988848,-0.01037472947167401,0.024622682963045428,-0.009492906514986996
MAN1C1,0.011592458737197196,0.01844352983927177,0.0291547062924008,0.012344623462651739,-0.03487533011975686,0.007702511504521231,-0.011550898343646254,0.013166497308081664,0.011137030447329731,0.0008290121782121053,-0.0168977568469905,0.01203551010272067,0.002282975249585748,0.0041297046051627095,-0.02739341804797147,-0.002265758779698376
ARHGEF5,0.008428338312974997,0.02558019614435611,0.023267113815368244,0.008469514616908357,0.018551948217529167,-0.011299658209900221,0.004303790702009402,-0.031104158531452084,-0.02319645299349675,0.02813216323056751,-0.03978638169485209,-0.0003169666779865663,-0.0018223291963778308,-0.03492239885316455,0.004886446845227918,0.00648032204707139
SORL1,0.04768886087683089,0.0057538831565344985,-0.0005708973082926391,0.05105477803434988,-0.013792716162958178,-0.03059957607761323,0.009231712008314519,-0.01655242063986582,-0.013986836844010453,-0.01295417395026486,-0.005598168976900097,-0.006724920104825681,0.010532680373370157,0.015968353915646875,0.00544576473130379,-0.04132775134122854
DSP,-0.01858559828607787,-0.016294201587713053,0.029026850660204453,0.0012012092017335823,0.023825508332986058,-0.03434048945282181,0.01996330254309584,-0.008063668432071139,-0.026139794647313617,0.021047680682015096,0.030171523649803883,-0.026035893119003683,-0.0023748857777992384,-0.019201322515390862,-0.03000808583304184,-0.02919769463372065
ZNF662,0.005125481627178501,0.030909098790724066,0.037026150666518855,-0.0015854464786343092,-0.022444391536299662,0.006709974353152697,-0.02389595699780642,-0.038222383678919315,-0.011447795707237012,-0.007808344850182476,-0.048305381561261865,0.012153360678191588,-0.004357601782855982,-0.01129206750741463,0.03348257938515709,0.02047497452337423
SLC44A3,-0.010643238528653669,-0.03851543836962191,0.0311300192072035,-0.00437586703429385,0.020145279611346788,-0.02417122488779147,0.013411186289585026,0.0003441083614967571,0.013381428610625778,0.014778787582026933,-0.026150678500459497,-0.016649102841449853,0.052055972768429916,-0.008219008784809995,-0.012196227961847838,-0.0014188831531149661
NCALD,0.0041576924845355395,-0.01211693175870782,0.029881610209752548,-0.008520578051483957,-0.014084163913128122,-0.02209889221664048,0.028343993677467066,0.00813926490239783,-0.016106464400492848,0.0028270825830188674,-0.031584955935615076,-0.03399117834641724,0.05484657908248476,-0.0361403079106615,0.02824674293144349,0.016312442195961244
NCF2,0.05142897493662284,-0.000912109611787676,-0.01939801289900346,0.0439670827706331,-0.0017870485752218166,-0.006578379644389787,0.014850087158806877,-0.03904864072438476,0.025345712187184448,-0.02011802191950813,0.04656501257929059,-0.02360242972073559,0.01385522834759516,0.04495614249546867,0.010845671079617338,-0.024237698143036487
PFKM,-0.012907997403033094,0.003576039517323141,0.021870274329505054,0.03289121820379881,-0.005456107577899511,0.0031834838133047647,-0.03825063751287896,-0.01748409458840016,-0.030412849335095696,0.04450498043066345,-0.02188005369071814,0.03623888717229112,-0.023773249880093567,0.047802157693585465,-0.026275996034578752,0.00034935918515373483
CD200,0.007997997165263927,-0.051046721334252046,0.052740712126839236,-0.031176546803367997,0.0006840603701307535,0.006011910998553126,0.0016514772414542166,0.01001788289067382,-0.0034157859883300846,-0.0015458430208059458,0.0013084820803420094,-0.028319748089123697,0.02724535344070514,-0.015021995192149149,0.03371937995803964,-0.002745810557270792
BUB1,-0.031392570258768564,-0.0196667530632613,-0.010626500407054734,0.07544511898561136,0.022932698857524813,0.03433632350296631,0.038628314278002264,-0.006157883105034253,0.028166046700609612,0.0006334650015399077,0.010818291587814407,-0.004271675931603134,0.005905820839472413,0.00992579495758814,-0.008040442857415713,0.051398212829561224
MLLT3,-0.0014847804400521646,-0.011199496899777386,0.023309648848154615,0.016746445987004345,0.010948011710929345,-0.0293089076170676,-0.0016782495285763248,-0.01995814073443545,-0.005281084711320367,0.016009894730675336,-0.04621365564091979,0.05207326357694991,-0.0019104012431953718,-0.02385596656544781,-0.030889837506729707,-0.005478490790780451
VEGFC,0.03215789673870354,0.011007655708602848,0.001847581504046832,0.016390142178357534,0.0032622875828947333,0.052023952211056386,0.00397108064073869,0.042677830882656496,-0.001822947047772772,0.002492106333342483,-0.008923321083176563,-0.019880567277244562,0.028448043260718165,-0.01238731977888426,0.04684723054962744,0.01925546929311977
FGR,0.05555706038490088,-0.010337328976400358,-0.006780933540004703,0.025823453692687896,-0.017768167324878133,-0.01926125765028921,-0.0012282823119238217,-0.023197643525758524,0.013469788538758744,0.01339873727879767,0.0027832299357296924,-0.007581145973426894,0.006034167642157132,0.01175673880950561,-0.0069301025658717414,-0.005099771380806342
ARL9,-0.020148615347150216,-0.01046765155937001,0.014302034914793036,0.016059043285746158,0.013362213442621331,-0.021286325287680773,0.017575414491498943,-0.002016661137451873,-0.016142800736256322,0.018552149075150442,0.014439254720965506,0.015151134129155915,0.018082020295375464,-0.029337528224627124,0.04621757907077478,0.010667234069500407
ETV4,0.006419137801947348,-0.019088856774202117,0.005246681837489813,0.022220420262526935,0.03735851174519824,0.01149913222056598,0.022782336385878205,0.05850366449909804,-0.04139058816216971,0.050707997727041196,-0.006759877891787024,-0.03499795352611976,0.017118512016777165,-0.004512351941550795,-0.01268084041003122,0.0024909670951874783
TMEM88,0.012348278967964414,-0.008048667699301187,0.005897223429920278,0.0055767557904871905,-0.04077278693704671,0.0014824707073018964,0.004071389514224052,-0.00842948193798023,-0.023058640186386325,0.004009133394900515,0.04725693797205907,-0.01954221420574058,0.02503762091578071,-0.04043924580318207,-0.018669044778154294,0.03649519144968883
CYP51A1,-0.03079189611393876,-0.008793349118263358,0.005149617048781859,0.029720778217680332,0.04683436583649335,0.0009040739553210376,0.056072064604371,-0.0035818329391154625,0.017853578731701,-0.007165412872915092,0.049738765667250814,-0.011218716618110088,-0.0030180782009480737,0.018219160837323525,-0.004694003922490336,0.007655294038828551
ABLIM3,0.03991929257301798,0.025306956861956977,0.030713484555978478,0.0047511100414248456,-0.012739576431237349,0.014799633024083814,0.0018224082027512246,0.060812559810471456,0.0056442452785340795,0.0025849368823369695,-0.00893604909291952,0.020912683747943715,0.022646180338716168,0.019456774864285837,-0.010035568192711421,-0.01064293609679867
IRX5,-0.025939238585614827,-0.034655704029738,0.031022079813975048,-0.01857439954590106,-0.0002438571661591291,-0.00967737371699005,-0.0006904709883879404,-0.0417134746964506,-0.00039576310611774343,0.03892639874594327,0.002248289175446728,-0.010997209334687105,0.005845543973537401,-0.0009331125629773677,0.049625093761237464,0.021607508462991226
RAB6B,-0.027670411513362053,-0.015708813028019426,0.04215215897446955,0.014564707928895824,-0.0037041474156374217,-0.04404000763457738,0.02059389002429133,-0.00426087728257408,-0.023461722410340734,0.000517360825494344,-0.011708998532431078,-0.01524172709202135,0.03127597266038424,-0.024750177634877538,-0.013606497418951799,-0.02151289626299075
CYP27B1,0.000829593505531791,0.02774870737437029,0.0049181824411697874,0.0207650270209684,-0.012977917370249068,0.03135658439129688,-0.031614187132471536,-0.028170445690338046,0.010072929454964134,0.023869593034884604,-0.02224288748694698,-0.050565801313179344,-0.003321014684249623,-0.004717933659098959,-0.03768392544187401,0.0016453517449677886
TWIST2,0.005528370388072161,0.04850150645050108,0.013542083518759504,0.02491327498180658,-0.007003914502697137,-0.012556319250665903,-0.047577598846150065,0.00014864780485703694,-0.015233771093844734,0.029867490374158277,0.016963154386367037,-0.0027980539236131135,-0.030229826618263077,0.0006845504978591852,-0.049794859600744305,0.0012742229101949806
CARD11,0.05003552150253474,-0.021308664933375555,0.014429448378756348,0.015622037165194082,-0.006292176533552663,-0.05125109190838863,0.000993798007528867,0.00742215947855669,-0.003621616773004345,-0.00696090634130999,0.005941384037048306,-0.011592142208634738,-0.012904768370573277,0.014087771086490624,-0.007850662273616324,0.015114928684849363
ATOH8,-0.03330243295019835,-0.012944567538847134,0.026782924409344253,0.006114273620774016,-0.019991324784367617,-0.03698580461817262,-0.008662623579397937,0.02347329744925996,0.024409382438858016,-0.00706922383520186,0.02155697470131489,0.014772346335565918,0.027661157227091556,-0.017822775334069237,0.016769360894416555,0.01404333848254852
S100P,0.021317954349140137,0.025201406884087313,-0.019683512191745817,0.039962999619668524,-0.009350829520124797,-0.018578307927823556,0.003699072551326019,-0.031496434886591096,0.024344997777056523,0.027211911365613115,0.06606596788096879,0.04747976872492997,0.00895758859989091,-0.014854375099026755,0.026288385318390797,-0.0377204997286411
SLAMF9,0.028637529906712225,0.0053165002048278275,-0.012943529088545546,0.015409414024464562,0.00900991561706413,-0.00799440293373889,0.015490607176266116,0.005127721780836574,0.01716055708939486,0.03672726261862143,0.05549180852551876,0.03409263032808095,0.0035579664251440017,0.01744754481520766,0.01437188489720607,0.0034725032249647778
FHOD3,-0.01904635695748381,-0.023777495014994293,0.03751982393973199,0.011687061986827882,0.014145687084783625,-0.010088222604223264,0.025663218537473186,-0.015843343794088083,0.01687893202323049,-0.01008324015479707,-0.032958392446540336,0.008399235709314438,0.038640243300011604,0.013154003924682314,0.011114921460809364,-0.020272783438398816
DOCK2,0.06131475529267861,-0.017128785402201786,-0.002646840901475614,0.0335198647692397,-0.0003521861382586773,-0.03585124029715262,0.004430203501289786,-0.0203310367934002,0.03277964515872973,0.002245198008770522,-0.0277579580032967,-0.005235701824733506,-0.00864514333722554,0.005066982210649331,-0.013707329543007905,-0.012160479982225834
KCNMA1,-0.010269138808907684,0.014833500177529865,0.029303104412241363,-0.0011942149402652653,-0.024099067407425664,0.013213544788438765,-0.0010377185373707737,-0.03707434196734631,0.045873670014582445,0.05508418264304245,-0.03984693653266869,0.026451182455041293,-0.05802575592980455,0.047242593844335656,-0.0022722867442820805,-0.028259680023699385
SOCS3,0.03761113072805448,0.005813790507892,-0.00045255859641716916,0.009824828763408448,0.013075658936757209,0.041291603861593536,-0.009115381472866106,0.015821835185865555,-0.022962710582877088,0.04726087522534605,0.01975225778405033,-0.0023750921379487276,0.04425335732101727,0.03415242233467519,-0.03437769899347816,-0.0066214578662250854
MCM5,-0.027938774146589226,-0.01790741481245327,-0.004280280864300717,0.06357211843231204,0.029169413016340795,-0.011363838435018012,0.00987584850868297,0.02840400097486494,0.019280483028577627,0.0183379254465114,-0.008221452789826026,0.023353509871548755,0.007079701996121084,-0.017435892854764736,-0.00677993843597462,0.051861456022633215
CX3CL1,0.012256191578772519,-0.013094443397950928,0.03295166026772777,0.022860933475955733,-0.011373185273414941,-0.04427003621039516,-0.020170110288155386,0.03109966151535412,-0.008536652165540002,0.011033807023173008,0.025506902310828385,-0.03381273292624775,-0.05175771319449674,-0.02268069206101811,-0.00019065367489540762,-0.024750376155177497
GPC6,0.009771888301060117,0.02520781352976415,0.0061295471563292975,0.02135109780104159,0.0008997422781035513,0.03389458136498212,0.010065497762762644,-0.04731307560351573,-0.030592663186051097,0.0011475574794227855,-0.05676014365249216,-0.022180743918478223,-0.001887823790093605,0.01025160319283618,-0.009668609641810303,0.03543640949709306
PCDH17,0.018944465655140068,-0.007932173343615116,0.043166235239676394,0.019008428916054428,-0.03466780558490629,0.0491622675541479,0.012142282215859335,0.04018276226208445,-0.007508363039625513,-0.048863007111740867,0.041272247436188104,-0.012873882011636223,-0.02248954880100746,-0.02454672901499126,0.016601915453129636,-0.00024622243414616427
ARSJ,0.016343194682061607,0.03543862969146427,0.00977334243930876,-0.0021106125400685996,0.06138031212799412,-0.0037566187809495934,0.024627769299496866,-0.02183492766645766,-0.008194917309381365,0.013968353258201675,0.02633308841122606,-0.004404371851676991,-0.00897483014896105,-0.0038367872605953,-0.00032279949238834247,-0.0014533235417874789
MCOLN3,0.008739307393572286,-0.025644191554470508,0.014495034100877746,0.013601851784008624,0.04600533099115663,0.017210279033727325,-0.013347359154042107,-0.04561577742701985,-0.05926039072585765,0.010540584556191395,-0.015022538070111387,0.011120861770391205,0.0027749845811927505,-0.04041130672802576,0.03678380566655282,-0.0028523859028042687
SCARA3,-0.009520592789765131,0.000673360062689702,0.022936572882768923,0.01667850425694669,0.005383548888451098,0.0251001083896904,-0.019999722812123928,-0.0017404103509338041,0.027358616873427728,0.030678249557118738,-0.014317682200992655,-0.015196916441624252,-0.018727234824275237,-0.012012630245479163,-0.018159601711709904,0.0027709728695154865
GPR65,0.05190667895050756,-0.006974422563944495,-0.008180881905087364,0.02656993543305997,-0.009904880722347974,-0.022298610417871317,0.018976859087181955,-0.04507462297149212,0.022346017614185143,-0.047899772803598806,0.05344982710807447,-0.037763610179726584,0.0038375749419065604,0.010184562038392186,0.005609029985213062,0.005284370371900793
PPFIBP2,-0.027684337843167938,-0.04809068186188925,0.03992083447926547,-0.0003356516167323457,-0.016872674477050507,-0.020801079523976706,-0.0033158156958032316,-0.013029765210665236,0.038966507626582735,-0.012427168557774749,0.023807447169332016,0.022315030774614632,-0.005569797962946573,0.018605698835939512,-0.019885433659910145,-0.030857937829461786
RRAD,0.0037029967895910064,0.01784948776055619,-0.0018922971994662693,0.015783908533429904,-0.016478085994056063,0.0026950937429457353,-0.05035087592667155,0.011175171910538139,-0.024733439031925788,0.04403224605665442,-0.03441601160760681,0.007076488633369285,0.047896738382451835,0.10510390702112725,0.0205465840582071,-0.02640641919012177
CILP,0.017177521313168225,0.021036286760343602,0.030856335449803204,-0.001846172899080406,0.003139597549026009,-0.02218284646552457,0.0340189495873354,0.010779231746927789,-0.021288196611374818,0.006440609816784213,0.010753209019173371,0.03742111259897401,0.03532717214352123,0.03705753185403908,-0.028206154122197943,0.012529570953680319
MFGE8,0.005110284640936378,0.008095148241986675,0.025244117940177006,-0.029274059057080724,0.03833988919160185,-0.02541866650047007,0.02404146180735586,0.016115540669564707,0.0016749687113750745,0.05606207205507516,0.029048493797590016,-0.001107851684824272,-0.012617273148718609,-0.011775125080304129,0.058769315955839216,-0.009261997232668089
SEMA6B,0.01541664208016237,-0.03461957860530034,0.033215983755705746,-0.018156379955614158,0.022001829918088578,0.0191344879787217,0.005011421355926429,0.0420687944152576,-0.033750172163813395,0.01112822825829133,0.044202032172616854,-0.03611398569613022,-0.012849794955407046,0.018797952656787922,-0.014400117397449463,0.02247521957995682
ATF3,0.003910815058713327,0.020713642638122448,-0.02190064763889891,0.04585747049892675,-0.002483203091126024,0.014021147619007553,0.031778283765284174,0.00654112327446791,-0.024073413056390203,0.08237014388984135,-0.0010272325851282751,-0.015553392695339684,0.038651935499005835,0.011190123039797337,0.014456097742449105,-0.04136614466422773
KCNH3,-0.039229901899568674,-0.003409519911096534,0.016621794971236,0.03909652658959088,-0.010871867240013882,-0.014431944970321915,-0.013638053418821749,-0.02709358793022545,-0.022303530928308227,0.038795874130675284,0.034511079593673666,-0.022288277912948084,-0.028768027797744435,-0.028422529681392944,-0.0012682533006311445,0.026345374246341934
CES2,-0.003912120564432748,-0.0072774865819767096,0.030412894313214204,-0.011638715569925856,0.0019376262797028854,-0.05098202513173539,0.0015203383340509097,0.01035643548507078,-0.031192784774877094,0.00038737052689107607,-0.05796117754700923,-0.025740117888618037,0.029233308591530865,-0.012651864988151497,-0.016325246415976623,0.0009683049828952371
JAKMIP2,-0.013827343425674092,-0.036056520089862654,0.019452823438623302,0.0054589233442810655,-0.01836924098522663,0.007780859255680312,0.009225175125094211,-0.04916333774774378,0.003262645949675524,0.015567952510466812,0.0031095081200239417,-0.048391531820933614,0.022422987077719836,-0.011476761465417498,-0.016573835440270645,0.00999645346363593
BOC,-0.020656436170296104,0.007736785097576265,0.047762475337036585,-0.011581557246046568,-0.010951837651558556,-0.02897106149623409,0.0027545481979657426,-0.012537619457560484,0.03255735745073628,0.007590143372559836,-0.032204830042086546,-0.033896730370034316,0.01158124435144707,0.006950311104093311,-0.05470784083241766,-0.000876177842663489
LTBP3,0.0028994760938826736,-0.019823758185194405,0.05623609051510764,-0.03603254416552381,0.0011788055285008332,-0.020263061656667962,-0.0014207456708174304,7.553048149418987e-05,-0.03089235032788359,0.02302606037833441,0.012386329440016816,-0.015828620354244108,-0.03313596649741071,0.0003700970604416107,-0.042771156089542954,0.057230638621075046
BIN2,0.0599503891586081,-0.028028343482539297,-0.016050254455518338,0.03371355401029702,0.007618082453021933,-0.016104905953101576,-0.01880191678973978,-0.016473133886161978,0.011045166802030415,0.00031576458006105524,0.001186101165520851,0.010209073645261066,-0.009456708076270852,-0.0049156911044966,-0.006987127868201005,-0.009393301301477957
FAM89A,-0.008567488835776231,-0.005963865793617561,0.037042928857421636,-0.003558485225061632,-0.005433455650256449,0.020770735282266084,-0.012054729164505458,-0.011883502108406548,-0.025723088550422425,-0.0323979378040713,0.019522627061749395,-0.04996911013304976,-0.02635520319054093,0.034267300862401706,0.034557164444924945,0.019361143509529485
RAPGEF4,0.004148059496156471,-0.040530656615408146,0.04567577499407789,-0.012814332733408899,-0.02645132481269605,0.018314761999552207,0.03303290976542031,0.007993411957184761,0.016666240335323455,0.014460337602789827,0.00018915849236131755,0.016275291709560834,-0.00711535650947957,-0.013723441259249196,0.028764844951339668,-0.0008614391600005008
ASPM,-0.0355683976603392,-0.007764856542993285,0.005791988956688227,0.06386556310896205,0.028794309592220235,0.022667120528093252,0.05981657772856337,-0.005757643459439701,0.03353994983085559,-0.010144178581474692,0.0077318101343549685,0.01338693363466054,-0.01070074547930411,0.0015958335492468056,-0.019800073869995913,0.025492743384085047
PLSCR1,0.02647749153726669,-0.026482961684090027,-0.002301570989790129,0.03147435426334325,0.010642965592245613,-0.004541252380752106,0.05246761330418453,-0.032207519063911595,-0.0001462355938575766,-0.0273656623407995,0.05695421252816991,-0.007724137550346805,-0.005879642371886606,0.008796360072758268,0.020976245113368135,0.04809024001183891
CLMN,-0.01625402121592741,-0.022369929411122935,0.038632176693648795,0.013151679671693417,0.0008272099952756822,-0.030530005729741308,0.005096572168061902,0.006169915671126574,0.0014023704012611988,0.006175488064118418,0.0022123142086056275,0.027838970669989714,-0.016558487637177627,-0.017898957473283586,-0.02390700996657573,-0.04217149096892102
LOXL4,-0.028866440140031764,-0.020055372564386498,0.022615169980361643,-0.004808758117046034,-0.010767480732955062,0.027653083522555823,-0.01598423872517985,-0.05514114944178609,0.025093738485553414,-0.002384220977379623,0.014859382284319428,-0.0355918407757132,-0.02585682129498063,0.05867676182714398,0.043518634234275586,0.01319673781083414
CDON,0.0019238126920510458,0.017447354327881887,0.04911080330080322,-0.004309736490145336,0.0016578205430090778,-0.006272039889251328,0.05116888047652351,-0.02762695134479525,0.012949430408384626,0.033426036077189115,0.0012245890589657566,0.032288795532930674,-0.02462059583536018,0.014127816950573921,-0.05375542803008234,0.009731659034136456
LAMA3,0.010507241016556056,-0.005197045114092764,0.04437489772883819,-0.015411669538863129,0.005667866334680615,-0.034228076341395006,0.04226979566602272,-0.041835626816843816,-0.02345905924577183,0.024187479931229793,-0.009880366258045885,0.031026847414231715,-0.025690796894500594,-0.013894738800901325,0.006591444583449775,-0.011724690653969853
NTRK2,0.005040901145887107,0.03542492427627681,0.03281804790187552,0.011724071507307076,-0.012496552359897434,-0.004645588396994441,-0.017934569456061537,-0.02449031357870387,-0.010629699433149523,0.03936722065504878,-0.017284436698611086,0.009330674571935515,-0.029695238307969805,-0.021275817399258306,0.007087806934670324,-0.01322245724319188
PANX2,-0.02103620469192116,-0.007191254200767629,0.00801923038145053,0.021827929824731543,0.019020539656470197,-0.023926658818085755,0.012251629485481594,0.01063853191548492,-0.020573021649372226,0.036839946038075666,0.047092902523947655,-0.012348543603690544,-0.0016149906920242783,-0.007249263185669501,-0.018264978266334386,-0.03885718066697354
CPT1C,0.012539231855047748,0.01118876134213895,0.022206830231928876,0.019325314940257184,-0.016271250605795668,0.049759133170328984,-0.007392447039193475,0.053725053419993236,-0.015747333705590404,0.026906748646667634,-0.024227190746892176,-0.008227045313193765,-0.017207188288456233,-0.0066713924617674124,-0.0015115320185869916,0.025865576952514485
MEPE,-0.0019353739742352396,-0.025895331274336363,0.026546985106658327,0.0011556006587452152,-0.019186483698674553,0.033425838170954604,-0.06098024034800302,-0.028609117412158748,0.006173618396372954,0.001982794411195373,-0.010633046062263162,0.0026202774000772056,0.046607933027063016,-0.0063204227697517745,0.03434579566987457,-0.0030468122960715157
ADAMTS5,0.014373419117959607,0.010297686790315086,0.04210358558994718,-0.015814919687596636,-0.005163651718150166,0.0354388533434018,0.04639195886390355,-0.014298845212803422,0.010109815031022278,-0.003605452928397066,0.04634129753957512,-0.03904171758857175,0.011475971423925375,0.01808446454048051,-0.03238739784725628,0.038311677461302346
LRFN4,-0.018474609197809355,0.023129686306736348,-0.0002392313325691969,0.027292537404544827,0.0014566631863513076,-0.000640338763142667,-0.022903523985547264,-0.0023445478165243353,0.01979728468710721,0.030309324710440257,0.03866668944481869,0.0022357620219117507,-0.006537268012195867,-0.02653207116069565,-0.022910439222446826,0.012407817661686521
ALDH1L2,-0.008702170553461097,0.03490855561128871,0.009901358287875335,0.006496077484856321,0.007256332798232845,0.05394995162163159,-0.004318543526833966,-0.02831831018693287,0.08709708865920641,-0.005543978741765567,0.015569142284716554,0.0008481828222481327,0.008608165611400341,0.019865498175289126,0.010992739710011301,-0.02219141927417021
SH3D19,0.01167763044429749,0.02714194233236007,0.03962427217505184,-0.02900449101209234,0.0084067423264287,0.02821347345503352,0.05622322266802013,-0.0471547651099564,-0.0005458377036588122,-0.0229274144290172,-0.009806240725786274,-0.009095149210648534,-0.0010863651688444564,0.006015219516488965,0.029086611831845514,0.030782220503024767
ZFHX4,-0.024546462442750258,-0.006000606786943925,0.0515262546148502,0.004767016730379756,0.007092555347200077,-0.022846639103228428,0.016637662968070264,-0.030300711320949622,0.012728167193079277,-0.05275261311616328,-0.01613119821595009,0.038818451109379926,0.014286089148021448,-0.03932823812033008,0.012437752049735578,0.002498794129823564
MYO6,-0.011355270997836137,-0.05531621480804777,0.028378394713802657,-0.00828370697760278,-0.006683038543241015,0.0047888282981017345,0.029668604454981033,-0.020546303525705616,0.007932450375176007,0.025353668864855124,-0.05662684500462822,-0.011612110883020353,0.01972370714552317,0.01312736143063471,0.03882639522727923,-0.01646053351118239
HK3,0.043942747833965595,-0.012167609860864327,-0.019823976634646186,0.04060157713574534,0.009395626327749457,-0.012895557941595324,-0.028834869250944563,-0.012806517670017059,0.006550185131205038,0.013554535657668357,-0.006417618516266316,-0.02753412174995295,0.025622168588939825,0.017742247099011583,-0.0032714580523459996,-0.043699756588329794
DEPDC1,-0.038137369303976196,-0.0015218648041075695,-0.0054460360993942815,0.06773374975995444,0.02994329090698789,0.026872791695536906,0.04518356345520588,-0.0020929305340981483,0.025962680479918582,-0.00893497900642742,0.01260584998374759,0.01137607999335916,0.0052416076938739745,-0.002232473137220691,-0.0024431779851744424,0.03301191528931471
IRF1,0.04489743499332216,-0.02906497928883253,-0.009071992094745388,0.01626621027778266,0.002213899924242791,-0.04468608265324164,0.031122258522632312,0.021443100799535236,0.020740766951414857,0.031782750473819434,-0.0023863439544098684,-0.003888596871441893,-0.006565913520092288,0.014027856887910388,0.007490946840469166,0.05395899607156734
OLFML2B,0.020842499675889033,-0.001165163467005206,0.03483622190020018,-0.030865138766535398,0.04780491705095838,0.002256709411950006,-0.012834664990473688,0.029859642012921496,0.04581695285339511,-0.0075785125882214255,-0.009593382044178237,0.011197621887503752,0.0325294642169784,0.013572169773853681,-0.031241027918676025,0.050423141261196444
STON1,-0.004097484970233748,-0.010664482321209945,0.0451191348527811,-0.015553877717102035,-0.013410212748809014,-0.0009096464476697655,0.038656596020864624,-0.06114946954058087,0.024464182722072417,-0.03315071245143355,-0.006515885935344596,0.024602426248692136,-0.022550750453633802,-0.04829574529252322,-0.0006308150006779905,-0.030048040619107867
FAM81A,-0.023119670601745912,-0.006831563295772207,0.013263672971908943,0.0348885394747361,0.0038067056193080403,0.01743191742248711,0.037975794703407395,-0.01276207378567758,0.013480819645239582,0.01436260554435458,-0.009929481680426493,-0.03559019550463387,0.004097259504075698,-0.04229619586139577,0.002912451912759629,-0.0011278897844823593
AKAP6,0.024020070264500513,-0.0442589864743921,0.02566348610243961,-0.006910969475317048,0.044518266842827475,0.049214580451406635,-0.031901689126673266,-0.008534247135476366,-0.03940701921128761,-0.014423417413616102,-0.036266806981534734,0.04385439022505712,0.02953167026984271,-0.004234084105886376,-0.026743649328939623,-0.008947260418737052
BMP3,-0.01108328766527239,-0.03552565852258185,0.04097132712679784,-0.015885549795993638,-0.004812860534623818,-0.02008388511689237,-0.020102272378010606,-0.026402494758793228,0.018235463660995502,0.015587385360293388,0.007133464296944157,-0.013906107560687785,0.012028541970499207,-0.023406039689321406,0.011946866584184783,-0.003305772834088047
LIMS2,0.03538631103900509,0.028730564322114304,0.026081817952538687,-0.009076018865115321,-0.045797024932118686,-0.0184913306184796,-0.014168415206009598,-0.0032072399658493247,0.0020402394540686448,0.03812793311592597,0.003684693371867066,0.030560271496368717,-0.009387709457934521,-0.033117983242445644,0.012759392374556705,0.031179203502135946
SLC2A6,0.004857795210038719,-0.018925804945935463,-0.013341471211864336,0.018533828254715445,0.011237177542340382,-0.021871295586576855,0.0060676154432885345,0.01173439604513941,0.018809028180544505,0.06428252052607232,0.001902653834742036,-0.04744319884836973,-0.031596560520997234,0.0032447516018647635,-0.03344225197596911,0.016311995680184422
TOX,0.007838724435336569,0.029613555866914967,0.017471322237893282,0.03007029699116335,-0.015502176944235625,-0.03853704720650628,-0.009732106640551165,-0.01790542000284413,-0.0301004673782673,-0.03841391825897164,0.007493993391493773,0.03248894315940933,-0.053254409365898356,-0.0032516600599389826,0.036850776058914035,0.004551110881708644
GCA,0.02403060176660254,-0.04949946684408443,0.006734082210803128,0.013703367626940693,0.00752503975186442,-0.03962109338699005,0.009902782027465817,0.012814286040809926,-0.017665673072232827,-0.029915412251553725,-0.008266015720272246,-0.00019975974921614473,0.04398934804284388,0.008038963661320411,0.019165829190633008,0.0026475532665962433
C1QTNF6,-0.0061034137940794405,-0.005375463664674186,0.03451275627637181,-0.013744183429283643,0.04015037812067411,0.0005792383063331855,-0.058993825876709656,0.04056588364419519,0.06504567104739001,-0.011237187895690375,0.031171375307931133,-0.01782361373522809,0.0171639396723256,0.02239893902545486,-0.02072279828413582,0.02371838011605019
CYP39A1,-0.01249888179554521,-0.040554965882222856,0.029354390065516392,0.009898636269752967,0.007327975012651037,-0.025862479940267143,-0.0065342742180827225,0.021839174682770517,-0.0064211712464440785,-0.007754364687329493,-0.0034227823809541737,-0.008483322589206654,0.03653004886746792,-0.013828342147756648,0.016657357995249006,4.541595432488131e-05
TNS3,0.026358844669451174,-0.03150421139343234,0.04062322721256862,-0.0055120574776026734,0.02907148373158539,-0.0065101799030882574,-0.009571168068236099,-0.014300771710373429,-0.00882813694034658,0.004235345938500687,0.007857067780108827,0.01764024570053653,-0.04779386777186727,0.014784345281569272,0.004908526647796745,0.008780933313989641
PAPLN,0.017204796274725046,0.025525218759930874,0.036951214549092525,-0.000665859232792669,-0.013281166370459308,0.01444868796028679,0.02899740523483438,-0.015147875766908021,-0.01461145357278562,-0.03696280862158499,0.012755147355202015,0.011583152775026459,-0.0038133586457687416,0.03684111210769456,-0.03574245128909289,0.03059823261781058
FHL2,0.014979466919179837,0.025345047559715162,-0.011874519361610762,0.014054834242116756,0.05404198087373742,0.01039059102020553,0.003549442545266731,-0.027777622980772264,-0.023880245462166924,0.006501985823657573,-0.03718421016678126,-0.03024877936246758,0.03018518779991074,-0.03934264728969156,0.06307945579763881,0.010491270089290239
OLFML3,-0.01410688367235999,-0.013303931622491766,0.031734846157854095,0.012209875891902498,0.05395076510529185,-0.009050040850151809,-0.01720052296575858,0.03957640271811215,0.048870829364949374,-0.005565511874815025,0.025466986994453128,0.015847740020064102,0.0015728687505880178,0.038129516019226053,0.011805108669113693,0.011654508090816069
KLF4,-0.015867275006308006,0.0009859207436493916,0.028532469442611057,-0.013884056770030535,-0.019369191542718312,0.009383791785645985,0.03657140958210732,-0.05173839645831971,0.03526833088449183,0.06264110323041797,0.024852348918481527,-0.013111942078110565,0.003810792967978074,0.048020070859417646,-0.031731275265559564,0.02806109410666085
SEMA3G,0.02873656134052815,0.013954204032062333,0.04243507714009475,0.009113200963368519,-0.056553410855771084,0.01792071651459936,-0.015325985353228,0.016522105717874554,0.013800283177496646,-0.00563003183938955,-0.0057227441182137045,0.041563715091139895,0.004379577300508694,-0.034218119772057784,0.0026669678417635097,0.032700238652535144
LAMB2,-0.001665717485593693,-0.015454397652302372,0.047610016764046324,-0.03319423437416758,-0.0017908739099741682,-0.006558664450468474,0.03381059256359227,-0.012257417717286119,-0.005367541282015342,0.03303243432566583,-0.002872097490954231,-0.02364885149682039,-0.023498903493476133,0.05049928154071955,0.004222025735119138,0.044026160206415074
ARMCX4,-0.007287266764766253,0.03162628247783991,0.038230503022847334,0.012397807221317435,0.010111795158940763,0.0031945865667108017,0.00858140767167146,-0.029829150263215462,0.02073212536135445,0.009425316006691584,-0.024239231388722367,0.007350854935489369,0.016636410910024556,-0.01424426191572363,-0.0014711619331516722,0.0009134488349825873
VAV1,0.06218116346302593,-0.01966983551441841,-0.009318325610170984,0.031024392924418616,0.005752188294221415,-0.028477371710656472,-0.02001780077368244,-0.016408851482225317,0.018096309871042528,-0.009362074633362328,0.011808004243050868,0.009148433919437919,-0.0011690167260703065,-0.009400799425862942,-0.007946502650767441,-0.003932547851192348
FBXO32,0.006856106291690051,-0.013062080416092622,0.0337166401053927,-0.006911425518703998,-0.009749880563733396,-0.008410119044782052,0.01680549450165542,0.009612608843623423,-0.046765767880040235,0.01250899397880258,-0.043339000668350884,0.027058258789383012,0.05321900185118714,0.036261415484902346,0.04658320989540441,-0.014106088454633577
HNMT,0.04418695637854995,-0.01261676210496179,0.00998534158154396,-0.004010169656131639,0.011996816021579171,-0.008389580783878666,0.01374004719981833,-0.005946141700919666,0.022637590939924297,-0.004397829159325297,0.00598577151236327,-0.0025812003467639184,0.025218077638347526,-0.03929589340726036,0.023725034882625368,0.003363054223276034
NKD1,-0.026235916023671896,0.01901606734774411,0.025686544131902283,0.028213051089612223,-0.005838373921597166,-0.025592366768726105,-0.017305603433712277,-0.013119502736551315,-0.004114801812960727,0.038458479706017214,0.03966022568027197,-0.018439758009778137,-0.02270494269638537,-0.012635260055716082,-0.010805715521908312,-0.029888689092474073
PLXNA3,-0.02599550678281482,-0.012062448108340677,0.037258744520543306,0.0157557587931974,-0.01202520197629052,-0.014434962326952537,-0.021360916842680423,-0.024093757690589128,0.005062576179892088,0.015703266480634963,0.023824499462698528,-0.02585056924673878,-0.03511780904696877,0.025983157304347155,-0.028002165363503903,-0.02074213741680579
CHMP4C,-0.01316587881904292,-0.04773633041355677,0.020783738778113816,-0.017992697246922217,-0.026704553613826513,0.0025935445898755648,0.04242762944242623,-0.04636537449531533,-0.011943069284789085,0.012966465954340214,0.0096599864731217,-0.027824962724993945,0.06520980295270988,-0.02577870135407023,-0.008870768371167154,0.012651614896967174
TLR1,0.04740827388478386,-0.0065505433687974655,-4.0962828064925025e-05,0.03180999388862405,-0.006598610314504047,-0.007491086745337664,0.026835008173162533,-0.044691021331250025,0.0325098637783304,-0.045549048840315666,0.04434447989966186,-0.023518906433406733,-0.00845191880537508,0.031157277321951476,0.009698191058491113,0.008005174611910186
PAWR,0.004370164998598795,0.022572182695265935,0.014743417714248681,0.0018089704638712097,0.037588328815389455,-0.028187324955514986,0.03482378297659142,0.00111040593347466,-0.031101580570860543,-0.0064560385480267445,-0.0027052934110387778,-0.0021981937701237644,0.022437425766581743,0.004967699470364555,0.05098073773233021,0.016070103214281817
ADAM8,0.041783538638806135,-0.018013616341017676,-0.02010562952668181,0.018037739683567925,0.043380289772666565,0.010154037030056257,-0.02243812843881781,-0.02364935767807029,-0.01970843601244691,0.039560133483938234,0.025488616504475727,-0.00425111237101297,0.008742883006671382,0.010873202093608572,-0.009421047729043562,-0.024025114317087825
SEMA6D,-0.00993778564233128,-0.0315998121269059,0.04038236806493026,0.019298683658215136,0.0005303905201623589,0.009588448285988668,-0.011664668689643146,0.016842404573480123,0.017173493296170236,-0.03647214436999601,-0.004059642269988575,0.008221717862234017,0.022229775847985904,-0.027409198242132463,-0.04157448879080611,-0.006039053288747454
RGS10,0.031346229967832234,-0.047168648671373326,-0.001186141465294182,-0.006965039035953375,0.023911141642336983,0.019223524594730507,-0.08281879562705055,-0.019221447437562884,-0.005643922402674682,-0.0002397518103170477,-0.015397598735793638,0.00780386831021143,0.013579858548147533,-0.0295539182116697,-0.004262777076301853,-0.005137925310064287
PPFIA3,-0.006275058238770762,-0.018336089656578278,0.01881963073446555,0.0007045571193211161,0.028831823556360048,-0.010187455173847606,-0.019098128801502308,-0.004785150855104481,-0.04690498008796803,0.0444872430388904,0.03832113745260143,-0.019999612610267097,-0.0015267473406214965,-0.03226629433764726,0.006831843456345893,0.0015697284407632439
ARHGAP15,0.04353839275898216,-0.00696860519271353,-0.005132151546238577,0.0313665627305497,-0.024323323797166233,-0.02529137544761819,-0.008503739308702697,-0.009454593123643391,0.02358121890225134,-0.016877156753764076,0.026609462080945803,-0.002860276742684742,0.014250588689937416,-0.001032357356812041,-0.0015459722360307972,-0.017527525227220973
ENPP6,-0.006682602469852521,-0.009246007614147672,0.04620239425893861,-0.023725470728619986,-0.009925910664152122,-0.019432090121002613,-0.022408686435583722,-0.02484451555859111,0.015590538783947746,0.004600764142970536,0.030982431250583094,0.03189541099513825,-0.016599829286673595,0.01801305698584683,0.023234020439605877,-0.012882348135509234
CCR7,0.0483831937114466,-0.008924610916478786,-0.009572170607625509,0.03864144610188476,-0.009257633061425227,-0.024489607382615547,0.00663550611226478,0.007750924738383344,0.0026209577608081016,0.026470263509697764,0.010698762562492477,0.018735153499839424,-0.026495669401599243,0.019363090012367586,0.011796337701269676,0.008938074518540829
EGLN3,-0.016026193097124,0.00808266001484403,-0.017344513318298657,0.03846327538907489,0.018370938628924458,0.011639188412547234,0.021581008537756307,-0.02031447404203983,-0.031648848330996834,0.025150069304386284,0.05465819043715859,-0.05008161312914544,0.016345782994426586,0.030441077140891563,0.002397714561978362,-0.06964047584525453
EMILIN2,0.02987817082820666,0.02124794167270247,-0.010076084197989381,0.031565238333625,0.01040426648044598,0.039432113414011156,-0.016733839465657582,-0.016820745299395323,0.02006054062605712,0.036377620668240546,-0.017655179229001255,-0.04921909414170215,0.002986903313687128,-0.008111559242680925,-0.05350225387816764,-0.012693603021751206
SHANK3,0.02572642283103474,0.010341898139788948,0.06013236272889915,0.007265369881921247,-0.05024108895043014,0.03208137644293501,-3.536641500474433e-05,0.0579561036512426,-0.007452423492467227,-0.006988562493725151,0.018909904905450085,-0.0003405453229476181,-0.02529302159861883,-0.023798912768484556,0.0007785213691554767,-0.02044575311771031
SLCO5A1,-0.0057715909401502095,-0.0073465031730303295,0.020702851599199577,0.028177943056503545,-0.014008089797118078,0.02063827149459962,0.02543499469587941,0.0019505334646257727,-0.0441016705044861,0.010302809736569468,0.04312254767714558,0.06435140703226636,-0.0004654986116257205,-0.010527994524708983,-0.00908443786635632,-0.033784204286855586
RASSF2,0.04695035525575604,-0.023285544062807334,0.031489102826183814,0.014784464104001749,-0.007836368866378108,0.008730506435200413,0.011822950774365716,-0.016132138453343072,0.015214599232321472,-0.0005293850219181186,-0.019836512573067514,0.006884968899968624,-0.0387592858566432,-0.001877148592924985,-0.03458332643508053,-0.012556951365680247
FZD9,-0.02164630044993171,0.02922081630405974,0.009725617405249975,0.019203860779460704,0.0007148814856540687,-0.014717383242698539,-0.044616244887868514,-3.045028776182089e-05,0.014830725334436344,0.017585841051835777,0.03731185542345547,0.012587677487320611,0.0012311633207166316,-0.029272013833697055,0.044593411915541406,-0.02981194847992091
FRMD3,0.01111840602293912,0.011947862645537868,0.029981612302948022,0.025397859033296555,-0.056021065434865354,0.03427442763176847,-0.0016083648149622953,-0.008106587094728402,0.013415431219217434,0.009772463893097983,-0.0207804329959694,-0.00786641394257907,0.025438260137594343,0.012940767654670766,-0.006909531409417743,-0.008717421218922819
EPHX1,-0.0038684895572982207,-0.02259381344044644,0.026077171345093235,0.015952693702727908,0.012526509413947423,-0.059722840180007224,0.0027538970216839016,0.03182607987596351,-0.0002419557382669444,0.002696474605829782,-0.0018671173674093705,0.011508635194938405,-0.006681948903086179,0.03783339310927628,-0.01199617227982496,0.014445897828211658
TPD52L1,0.001152577931182063,-0.034275328633059314,0.02618158619888467,-0.01101195912155325,0.01208446007961356,-0.0379792353579049,9.40767255710323e-05,0.02170085338706167,-0.03320063885409658,-0.009606714072079036,-0.013276949605053151,0.011726227677138204,0.03238922999029975,0.030991237231475687,0.06039848823578271,-0.0014506672210167475
PCOLCE2,-0.016102530288238,-0.010321796789598254,0.002761013002686536,0.028997137535777713,-0.029120178193555536,0.01545561747183789,0.01471759415053313,-0.03974290011802602,0.020815367389073067,0.012660769533043851,0.0032633106478872813,-0.008698963110043988,0.01620803644308989,-0.05638233406741339,-0.03440518409064906,-0.006819307561927528
SLC4A2,0.00800836025679403,-0.047534278425522346,0.024599130620853372,0.007718789752228513,0.05667455077989898,0.037627683288592666,-0.024335424347331984,-0.017106714196615847,-0.02893793340912686,0.012145108616589309,0.006931577239846521,0.0565193356144502,-0.009157874534488984,-0.021524291083972216,-0.02811694596631932,0.003381914263385471
CLEC7A,0.047031862854397845,-0.021025325751972402,-0.0032485599645669695,0.023256467222906897,0.02199714583403018,0.004484369605026477,-0.018174511161743442,-0.037416235466302884,0.02298202057885229,-0.018216094645932334,0.03285240593010221,-0.01402556907609461,0.025821543412793864,-0.0037222107634255945,0.026825135162331672,-0.03202124934722676
TTYH2,0.0024569112919512323,0.011143738357226325,0.011967564955457786,0.0187946199346474,0.03897134129447053,0.011953211643894405,-0.05725964786124772,-0.022823939288975716,0.03403330855253554,0.008933649522646542,-0.018917641061359493,0.009511645001395267,-0.049682891193941,-0.06097348835822293,-0.01305991040407539,-0.04289280886527735
USP46,-0.026432208806005466,0.0019386055646879825,0.030425837866020756,0.04651303953270518,0.021747097160617793,-0.003207215131368459,-0.011374564077200295,-0.014018305259992501,0.013266418840239626,0.0071006471360496315,-0.07125624616458359,-0.01103493677637815,0.034449041738339035,-0.019194608681589197,0.003255333518411927,0.007126612404929653
KLHL8,0.004208651022849049,-0.03764466905176683,0.0260556646697785,0.013907850062162917,0.024182118305878568,0.047448259881576006,0.019830960080937408,-0.03930845427106162,-0.02201913166366573,-0.0302110523107777,0.033021941381444125,0.0749146153261144,-0.0037660722390861863,-0.03971455128175614,0.01889356881133388,0.00383404365157092
PDCD1LG2,0.05256344404939224,0.005517919749003726,-0.011239287142662036,0.02959841714286729,0.010009912155706662,-0.0338640932662454,-0.0023130116801063838,-0.009439406632142692,0.037034479574982175,-0.003856554691738092,-0.014172498958086435,0.009615355802620032,-0.012108761722023197,0.027014916068032045,0.0012108781657043013,0.011111692359058095
POLE2,-0.026650362235140373,-0.0037152867562015267,-0.012651379149456191,0.0661699972737932,0.022375375242398438,0.02705541713979514,0.005340148449732619,0.02524191032821945,0.03678235498020147,0.007273574694565257,-0.02849761859395036,0.022528622714091368,0.01996101860331206,-0.031682536824226074,0.020114332434816362,0.009417781825187689
AGPAT3,0.04398484459466694,-0.006353757236740877,0.0003808306923347137,0.022908139466271595,0.011468170425025606,-0.011376308906577356,-0.0073932082789463375,-0.016529601571854596,0.007684747290811272,-0.005800290565109615,-0.0024689734265554535,0.0606631084718017,-0.02637536025651646,-0.0013540567358378275,-0.04991412850613889,0.024284843060198548
BANK1,0.02593646222994365,0.02029884666685397,0.008818877370251854,-0.016773618256695728,0.013182856111775304,-0.0012416426499738927,0.03334095105928651,-0.003502323401801937,-0.0005718525359462339,-0.030320781251346532,-0.027939117318629896,0.0014677915076660051,0.050142444819022886,-0.04039066099839034,0.02044339828847358,0.015163530240793609
RTN1,-0.0033212962218017823,-0.015723489318975596,0.008503308887098998,0.05907866515164915,-0.014739984699374157,-0.005118404824882116,-0.02980684566354097,-0.021402435342437687,-0.017322988797021766,0.02905019272356489,-0.07039379493209746,-0.07068163764776,0.014062752562808273,0.02044745832167566,0.005834496635565607,-0.002938063197656552
MAP1A,-0.006008883809330667,-0.008319673046477037,0.04093331516095881,-0.018026837652951832,0.028493638067888703,0.005647616579517066,0.028995512600483588,-0.024444775225381205,0.04272248647802614,0.014386597450760178,-0.0003955282380013782,0.005021717791955732,-0.025370939792532434,0.04560402198386189,-0.0239676822053691,0.023770648488126794
CDCA2,-0.03150057265658736,0.0015712775719890193,-0.005187081127414846,0.07028329474849475,0.03145175677842488,0.022584651258431496,0.018887753294779385,0.004909096808481485,0.03512638080791733,0.023144133941143095,-0.029911225300332404,0.046456210699791986,-0.00971733643074495,-0.015354381293515839,-0.009124721126970024,0.012910279386957081
SDSL,0.015719185424937426,-0.022836949049635614,0.010904256718460589,0.0093052145477328,0.016448189668098422,-0.03571514542558633,-0.03719968245977947,0.010468230154386844,-0.013947766474952416,0.027495609400283217,-0.02249639170185018,-0.019393928138903505,0.01935999799839643,0.004520956004822126,-0.024398721408953803,0.01317564778287542
KCNB1,-0.003805342442902866,-0.024461480893170264,0.05590340188607745,-0.0003314445822686649,-0.043046848168970295,-0.02274373352975574,-0.0007007372481640742,0.005618853895326143,-0.011424029652187367,-0.0007766296097509607,-0.005411420145144518,-0.01740233216467851,0.009458349811664813,-0.016879125801903816,-0.01347782946120033,-0.039249113654859676
HOXC13,-0.021086708572306587,-0.013891745117346335,0.022193912780095977,0.016490885019185296,-0.0064472280305103375,-0.04483480134866581,0.009429057327180596,7.22619109062441e-05,-0.05511995017556844,0.015979807793477248,0.013260934152712837,-0.05973057544135362,-0.00037085045850027403,0.011070009854696304,-0.006911900683780031,-0.0038143979761908198
DPYD,0.040155788259799104,0.00480204061926565,-0.000551277508502986,0.02943246102190017,0.029017117308865494,0.018504610175186148,0.04051134268806529,-0.0496226682428785,0.009242920129457967,-0.04450726857083045,0.020991504380465407,-0.0373461247445496,-0.005084058535348529,0.01852790533920219,-0.004078309254701465,0.03081930030354412
PLK1,-0.03220615867783493,-0.011182154285846038,-0.012118634080012548,0.07383660835306363,0.02470980539188848,0.030594892178031276,0.009119340723680796,0.00171167771835418,0.02085402411321604,0.020021024727287614,0.01725137885862376,0.013218370444898911,-0.019389590271883136,0.0020385881717528654,-0.02375840472193166,0.053222910932325784
CCND1,0.005228898803153898,-0.014744402607632543,0.018636319373745523,0.0048951025064455376,0.02728734953285499,-0.007345189486666068,-0.009971552058398342,0.028641510184821695,-0.0039025369444884127,0.025053469691004693,-0.019942421014712605,-0.06603726718194983,-0.037916580774440906,0.01305621519637764,0.0006415756800989053,-0.05957617085021351
FZD4,0.024006627033922947,0.011809904335084716,0.05270342650309912,-0.004066532858789072,-0.04246167583492781,0.026813666982357782,0.0288969293906666,0.04197152368432379,0.02177404229230228,-0.022990262020431435,-0.014895062790349573,0.013333284163872111,-0.00903526283270644,-0.021127818194217593,0.00869057746344444,0.0030917879143329777
SLAMF7,0.04506296411582074,-0.04130708928340007,-0.010015406208907498,0.021477272310467133,0.00419040857566619,0.022815242265815903,-0.0102939452605196,-0.028953553937089635,-0.013516788660826055,-0.0009592139643454824,0.00623458177636655,-0.017427825001676056,-0.0022058161077569464,0.00565416615194886,-0.02164372978679779,0.02190441793781452
CSF3R,0.04077916576023957,-0.005142805391352151,-0.017719365244167312,0.041589256228717,-0.00107876117785721,-0.010090936704948443,-0.004203772336962255,0.006280963152275938,0.0005456618588805875,-0.00017837284991451593,0.02012651126721218,-0.00840429086506395,0.0543924333936553,0.01724973306065438,0.016357028628936024,-0.055470318503008494
GNA15,0.05128821783638212,-0.02837375865720299,-0.01491290411677946,0.019975036008248074,0.02480541205269854,-0.005815086683093186,-0.04406068411476073,-0.016698754704953786,-0.003315553138855493,0.017386226827004372,-0.008561657567557623,-0.00491831081245012,0.020632821718625828,-0.0259180689141394,-0.023069737498458143,-0.012939256935537196
RYR1,0.011734398522057125,0.008860090610798019,0.020911145860696496,0.016463044963382818,-0.03640743577071503,-0.00511613535210241,-0.008655973837696222,-0.03436417920987383,-0.03921269839092833,0.014675101752240953,0.0409841454795548,0.05629801277492937,0.03559704504859447,0.04773607441054063,0.01790468272330829,0.015464578676533277
IGSF11,-0.004086421987584816,0.024062851464709007,0.014224183157545124,0.019378479961966642,-0.03918501683785781,0.024549270723299897,-0.008648973808240415,-0.07073951614520811,0.01987480743529864,0.0253410367474184,0.0028429612963929585,-0.019810727060474025,-0.0032582156541680705,-0.01660166552903959,0.0018637863179252158,0.002804601886002062
TTK,-0.029170671971268866,-0.009979937635394875,-0.00845465458631585,0.06649416952611169,0.034303051838834926,0.027592967900492017,0.04787943623483548,0.00026483048838017286,0.021650561175344585,-0.008786744620692602,0.005415205091216468,0.02229452942018062,0.012706674787605428,-0.005129978315749026,-0.009734718130642491,0.04103024518595107
PSMB10,0.04013048894030497,-0.01213934852978317,-0.02797653722549079,0.022345748220957216,-0.022619823408893635,-0.03299471467726027,-0.017462470170589384,0.017797680221528406,0.03860083562490317,0.039752861023882924,-0.002701896186013176,-0.019847759037987404,0.009578412504657137,-0.005143122187734229,0.010189640463614827,0.04926763763280099
PDGFC,0.008040740771096885,-0.0333154819299689,0.03335582226930894,-0.014325525018517268,0.010452969485498785,0.020219991160233833,0.049400788618265384,-0.0382941861128397,-0.028556726867895503,-0.027093660684131302,-0.00608811980431374,-0.026519441867353104,-0.004026718071378184,0.0055021218089713764,0.036429139617512166,0.048457556717700974
BATF2,0.042537254338360656,-0.02354629614108266,0.006530856454324221,0.017929450770808264,-0.03062941251664877,-0.025657362913971624,0.007598500948468596,-0.014478583401069733,0.00752882863562659,0.00789870476700878,0.008294480863145135,-0.0010821196779750015,-0.013623743799180394,0.004067633921380133,0.0024031704715180464,0.047924758668699066
ME3,0.031006845671707292,0.007835377201182298,-0.008580267897268543,-0.00026732138302843606,-0.003420447499650472,0.022412404072725003,0.01884870854962588,-0.005780536620278718,0.018014688511678964,-0.009987126873675922,-0.004281659604725556,0.015958174657466424,0.0520508982877937,-0.02310471888803981,-0.013967582314891418,0.016659443648563296
BLVRB,0.01957962033409895,-0.010524079082249638,-0.026279103392507844,0.018699426949697694,0.0121151727100651,-0.00826206732086401,0.022858406149360945,-0.0031872077903784927,0.008341158159101051,0.007105978606812183,0.09830469596499886,-0.020624422801331973,0.025984232534678624,0.014992629072323693,-0.006611270524620122,0.0013081319824819922
CAPN6,-0.0052999988095155225,0.043785344912671345,0.028697204982559926,0.016767909586716197,-0.008515842272438364,-0.017548916681613035,-0.04875535344890217,0.0018469951434532074,-0.006739799681495631,0.016651954445026075,-0.027845300048831276,0.04154498655615878,0.016980497232862508,-0.0031751861759360366,0.023661010552699823,-0.03056370796782524
SESN3,0.011178103403857772,0.010946723130941301,0.0394349431182017,0.011294696748022146,-0.0015881254075531962,-0.010326048733467926,0.0470218034556923,-0.027580372806978705,-0.017461187802894792,-0.036797229645878345,0.023179965049130183,0.02959932687082159,0.0029697877071374022,0.02199799520895892,-0.043182092737557444,-0.025736853279132676
KCNJ15,0.02753016561021252,0.013674862283424854,0.006223852357888037,0.015214665065178695,0.013591646710690759,0.032162986964356495,-0.0004162593266338749,-0.0030082815938378867,-0.004203901236407586,0.010655199528188138,0.013562069355892837,-0.015816378868238112,-0.0031282150144461163,0.03546610319249106,0.03634839892103454,-0.0073377274915037045
AASS,-0.009448225085051453,-0.0159184667647316,0.04791696807537223,-0.003084632405583642,-0.009021521063501604,-0.005209429351704206,0.04031600624776397,-0.029110753552030886,-0.04151960597377985,-0.01670289596909931,-0.018918406949948667,0.010576107183223469,0.022465582621607937,-0.006136655463640797,-0.02577442597618547,0.01614039731666879
CHRD,0.00510580778091888,0.02617883443645647,0.053023974494914625,-0.02006583913227538,-0.006005254289067095,-0.008178523370564182,-0.006665029720486135,0.0005336382009838657,-0.008254291347911086,0.02053107382894232,0.00292943390915271,-0.01595031953645997,-0.004424638908209916,-0.022879935626136685,-0.029245209625630257,0.034435249210602925
CDCA3,-0.036281464457100225,-0.008445560947508177,-0.01646175422345179,0.06551129985056661,0.014358635867471044,0.022090290226450968,0.001331901260460915,0.0034464893457848873,0.022392691596113703,0.008745729436593776,0.03881591719010254,-0.01049725537564755,-0.0002636147700797722,0.009813319385567178,0.001803026485861248,0.07745635851262243
PTPN7,0.05121034569655174,-0.029450615950163822,-0.007993254313075076,0.028122693237766366,0.004409059198145675,-0.004971388532478367,-0.03647783752334621,0.010244493324446914,-0.022546486691506825,0.002675429970600887,-0.005068594390035219,-0.008617939283646226,-0.013961740107319931,-0.009330927652598252,-0.03097511767730938,0.01694828425882389
LEPR,0.01441130291592972,-0.031238640016668356,0.033883336706934275,-0.012606171947752355,0.023240150180235536,-0.007686666791597909,0.011512166129190543,-0.0192792538731849,-0.006630046586813863,-0.020565851978569163,-0.030686510353409257,-0.017422050644230812,0.03490383179655252,-0.03327414633052435,0.035499302167909676,0.013150258437188565
PRRX2,-0.03323237515519527,0.004125322732761627,0.02398163390772578,-0.009306275995916588,-0.006667414301183949,-0.02325221443714151,-0.02625233810712864,-0.020913495417091865,0.009826355328299128,0.047056344270103544,0.060623769017537465,-0.04433553554447277,0.0007952491654360863,-0.0633853204444877,0.006093417157293691,0.019757359647647264
PRR11,-0.022004349084001187,-0.005118144203646782,-0.021659654717606554,0.05956106311351711,0.030681331638394888,0.024558415647166564,0.018995926612602278,0.021461974087397452,0.03830865328498434,-0.002895425233389981,-0.019304383615255907,0.026228704587543766,-0.021136405622709204,-0.01511842325074058,-0.027053155257654376,0.03488679909474811
TNFAIP8L2,0.05399575565411594,-0.020508400161257767,-0.01551533129286748,0.020630251735985934,-0.01887653910358852,-0.043900306261730325,-0.017372717680031298,-0.019810011504921954,0.022446348976025866,-0.007132754401784076,0.002277993605302243,-0.0017957265199022266,0.010516798376783234,-0.02061435050773915,0.019427137507242884,0.02264401400799819
PGM5,0.018575801419563498,0.024452034577400722,0.03566063403166168,0.025213577263757486,-0.02615473335822935,-0.03469491308526555,0.009270628764947652,0.018449196167287726,-0.03656374389676628,-0.0004301254453894371,-0.02141914670181685,0.0272893787460281,0.046694388512926815,0.024360929704440787,-0.020309745863786706,0.000813228026810598
ITK,0.021510329707929054,-0.038486557618315764,0.002981723419104857,0.03716593732836246,-0.04851091349841223,-0.005187667172410757,0.01376230594728188,-0.031232657591383245,0.012496179913548386,0.008760845577946623,-0.04029095647558184,-0.0125783168956153,-0.013340293887026306,0.022690603188392215,0.0008835366291396135,0.02951676024495944
GNB3,-0.006522392320087925,0.02503125928567606,0.024730638612937172,0.005099501857675477,-0.0038056520815926177,0.007419196233043877,-0.02789755549594869,-0.027843914990239874,-0.008615867042561415,-0.017558658887769717,0.02969471371453975,-0.024453555732194363,-0.004467743384288796,0.022335196977926942,0.022061204820297227,0.042437330719432786
SEMA7A,0.02879501720064708,-0.0388853797876828,0.0027742732792163955,0.0028793271744422064,0.05087470893353773,0.02306912475021331,-0.014521733448778494,0.028202668468391305,-0.03483769980470889,0.029208051873912858,0.004396797297150368,-0.02407847200187346,-0.009287644637245575,-0.0004489223687155542,0.001686628653842922,-0.008043035362560477
RUNX1,0.036209534258675506,0.0253155553277572,0.02027573413512056,-0.012648452284768371,0.0328765904772016,0.014177990002927464,0.03388707412872106,-0.0008057398621535835,-0.006543723241298906,0.025684176449204038,-0.013304879862995096,-0.006729308419089341,0.01628363071158431,0.01855821188979579,-0.0200394450420453,0.04124467646431575
ACTN2,0.002370247262945225,-0.007473744374645901,0.010866679233723982,0.008645146664958534,-0.011424504846782195,0.02705115303423092,-0.04571845214699469,-0.022991648071824442,-0.024883242278713427,0.0145981852544476,-0.011672154993804057,0.032698527511132294,0.0747478346569237,0.03785073089235612,0.013197339493945389,-0.016674013132784573
SORBS2,0.02078748984719519,0.005824351593506879,0.03808941248295983,-0.0013270563369331889,-0.021455337281802222,0.03149605890548158,0.0136487843173895,0.003090395543816747,0.008626467981602786,0.0066579869358545036,-0.026910287555598558,-0.0022201685830094114,-0.013231171297889862,0.0350467322031605,0.01643807634475447,0.0035733182871949595
ARL4C,0.02792815142027123,0.023757106169018445,-0.013249118576668106,0.021476736675642007,0.05121428925210043,0.0033428936619373673,0.0037551060374256045,0.004313524833982732,0.00725652662173105,0.003132693228377317,0.03138179608630258,-0.012470576699085576,0.01590010518286217,0.028351758073748935,-0.0043686028719205905,-0.0281862437566084
PKNOX2,-0.0035726975645467103,-0.0010055227019620683,0.04069178249864782,0.01870869183834313,0.0009008041326582696,0.01376254504031203,-0.019560331763887082,0.022006646915749613,-0.031830619386224904,-0.037455929006725175,-0.023746285490793773,0.001495092281436395,0.04557744176242195,0.029300613832590503,-0.04630261268391425,0.014140941593942469
NEK2,-0.031338409073548366,-0.026215308623083737,-0.010844133250399565,0.06830958441391162,0.02153279600084483,0.013117508516220958,0.03779929073911383,0.02317836737365957,0.006931366738994572,0.036722565975570096,-0.00601981937557581,0.02683139568805175,0.006039643341743478,-0.019294761259436907,-0.016397358508247067,0.04841354238744665
KIRREL2,-0.010239584176310709,-0.009839569474837315,-0.007187352511056471,0.018835246014562622,0.02644882365262545,0.028159129174646778,-0.05489952544212281,0.00355722268965062,0.006266764686824711,0.026841642412882942,-0.0396718846820379,-0.05420623064318739,0.00932253563494384,-0.02701520896318889,-0.03574000489206366,-0.06192331890299395
GADD45GIP1,-0.01870926857700173,0.011590071208842784,-0.025813502161762567,0.017133061215616852,0.0003570901783617568,0.005467545414405218,-0.015692584922233507,9.961562049614486e-05,-0.003841483972479248,0.013230082943325668,0.09913724107260524,-0.005635620864416567,0.0435858097387995,-0.006323596062692914,0.028050205028963465,0.046206046067015054
NPL,0.05700671334868588,-0.008349326352382096,-0.00017784897463294898,0.0091144219145803,-0.0030043038299761692,-0.02302705841307907,0.004391974711113078,-0.009406359089189156,0.02926802082289745,-0.0187701758559817,-0.009690547981495162,-0.008059391340379638,0.03329047433563347,-0.00508146926123401,0.003988386261284417,-0.015770305035416404
SP6,-0.013041204739570772,-0.05944013038773339,0.02000717240325292,-0.0033726241028764576,0.014793071782050912,0.022767538535244124,-0.0026076184749062505,-0.0008056366126719472,-0.004614658709296715,-0.002178258203877962,0.01351489795220967,-0.04143310416409707,0.01291163371537029,0.013599529064164378,-0.04004050951821998,0.00941640858931237
CAPG,0.032299739128922866,-0.025511288222658555,-0.0075603699321879925,-0.011775886304947573,0.06960582891942227,0.015670058517470012,-0.00030279478748854866,-0.013990947309838185,-0.01572471433558966,0.0223876668185148,0.03233693082167679,-0.03170015166347011,0.01607669932535392,0.02219455517173375,0.04310996310291488,0.038061055683843686
ITGB4,0.03478801759434439,0.021740124796706284,0.03896587858508469,0.0003639197415538167,-0.02646478584279525,0.010785191634252917,-0.020066949643578382,0.03676320439696733,0.012944586787871384,0.017451699529724002,-0.014109386646794118,0.05263482349673862,-0.02997077563371584,-0.022990168864095387,-0.0026266602890628356,0.0027667054720797012
FAP,0.006033019693316687,0.035313122852522194,0.026259704367679177,-0.020279089198799886,0.05492773181208596,-0.013354910356062474,-0.0037385314600308457,0.03075453304031788,0.03106840948989846,0.003924713344881342,-0.03427172545079861,-0.008976508968476623,0.03798149202357642,0.009638306278642695,0.013608379023813353,0.02482759398770458
ENPP5,0.028086045264469672,-0.03679572650186217,0.019681350021254748,-0.004458899743415695,-0.0023785328040640936,-0.002538162709186739,0.03441501139023309,-0.025194336347507326,-0.03674741079455398,-0.02248651872631454,0.03583621452857704,-0.014304018553820567,0.012423500231636625,-0.019832282082080096,-0.004623431239649779,0.02695048173638069
ACOT11,0.009973077859080932,-0.025620229048034772,0.028644372405041793,-0.0017435254403242082,0.012963072966203555,0.05591423070265404,-0.011926637179848048,-0.040284891937178574,-0.011726615852726897,0.01928360797277115,-0.01911679729442283,0.061190885967967935,-0.00807373170317833,-0.02623532087160147,-0.0053625043102449015,0.020590281961084065
FBLIM1,0.02778372347148574,-0.010122891968568002,0.04217930040559013,0.005397437993486097,0.019151097136754402,0.0016567236026268912,-0.005408383742930421,0.058279250895435224,-0.02259090404504205,-0.012844187722492899,-0.019414706707265438,-0.002364608224381228,0.012523639131839214,-0.00043993755384934274,-0.03481072674075222,0.025531358366198856
ADRA1D,-0.02067658605431004,-0.038271898544795964,0.024528512496405964,0.010790124970959165,-0.01901956226867655,-0.005583525472356281,0.005710152414677085,0.038530703841898294,-0.006916274583681636,-0.01420060328943585,0.01627394160435601,-0.03408374536264544,0.031719374897721156,0.0018442779318021494,-0.0015678441128372791,0.010737647432866386
HSD17B6,-0.011004989719572663,-0.01019087545760624,0.0203614512405736,0.010333723868659671,0.052519322846265835,-0.04212547105007505,0.039269298857672615,0.013147965391443032,-0.006264858557254135,-0.01122697912253399,0.005728170969977934,0.008690918386605519,0.03810087721798018,0.011645837917829988,0.022226872906562625,0.01912482632055826
CAMK1D,0.02370373640482545,0.0385629257040564,0.018439296649247153,0.009847616944316455,-0.0015035627608687245,-0.004326075242072882,0.00560684975510992,-0.022233275744212588,-0.003894917528801828,0.013370174558598041,-0.0221588831531279,-0.005929476611483065,-0.050425062621549055,-0.004596372610606186,0.029274491509324378,-0.012471332776004509
SMAD7,-0.009654494605062333,-0.04790370316932389,0.04162188615438908,-0.0066070508407811345,0.0033298216872358084,-0.012649733165414383,0.015421232477958718,0.011762335142853023,-0.0018641924787893291,0.039683617475258746,-0.004319739384614046,-0.021544197966618377,0.009053281916571482,0.008459575244685973,-0.015270388413657309,0.010874228436842798
TCFL5,-0.014915221603461783,0.02431580223729913,0.0021174591309599364,0.041436573859509065,5.489265718511488e-05,0.011914690554427123,-0.05033926223538179,0.0022173641529503914,0.0037108546038257684,0.011184445723171333,0.021244639463974084,0.021959255504940548,-0.04285823053346549,-0.019640248437676137,0.014045468522913112,0.002155178753585873
LMO7,-0.009147626211960894,0.00631414943498129,0.02859902428491022,-0.014003204124186437,-0.001507345427998701,0.007325523295424642,0.018770168614273785,-0.06369239627421606,0.021182421551524784,0.0030970458884750553,-0.05525549162383783,0.001704134942071586,0.007209321669083408,-0.021336463946087562,0.03664943667548277,0.04331510857819146
ETNK2,-0.017885517646080294,0.005961653077445284,0.010433048989965658,0.034732704417939964,0.017613123925616002,-0.056982948068032495,0.005680523162943446,0.031337006925608035,-0.04494236609746871,0.004801056335761639,-0.00428561962238139,-0.00772767296541033,-0.0073856177810139,-0.009577949399434483,-0.023084947858593274,0.005007301575175805
DUSP26,-0.012889058050437507,-0.012062271925221026,0.025077079447750533,-0.0011171960470959343,-0.041559505544639226,-0.03510425946911004,0.020848622579823006,-0.03114634986516613,-0.04121247135684311,0.004930245204843414,0.015440446632544444,0.03202276596683757,0.05155981382359851,-0.0048851816761740965,-0.0018644718092245965,-0.0002242982269478732
IL18R1,0.016519456831000322,0.01322580072541172,0.017110360229957298,0.02392369124734369,0.008881042264619398,-0.0054671741498504844,-0.003055555261778921,0.00905652241304938,-0.03186054563020055,-0.0027925200748476296,0.025373700458340913,-0.015352380125887785,0.008778808777957059,-0.01008204217162412,0.014550085231091383,-0.032013389798390524
MYL1,0.011593528868984007,0.004127468751639189,0.005067670043476732,0.010445573112344527,-0.024755445684919154,0.005086221283302319,-0.004460479937122966,-0.013591413274329868,-0.019707457373102744,0.018597164209858685,0.03473228367171645,0.06538463946994363,0.08900412838830978,0.060459176826091206,0.036036983523773006,0.010410526419987822
DDIT3,-0.007125221870285144,-0.007689426481811035,-0.008105612928255096,0.010150633699398864,0.010668515506765654,-0.013025088189732251,-0.0031956013638655915,0.03964569318141969,0.006511618169048033,0.05923339893799076,-0.004216538200066393,-0.023930238076223877,0.06759859070599991,-0.005185176411420028,0.04027029598982912,-0.018644191447218815
SCML2,-0.03520169494449096,0.007000231709660094,0.01957243752167706,0.04906143514115486,0.00489605898235972,-0.034072849487297635,-0.009190720758776978,0.0264420256115461,-0.015205773743251216,-0.009482763109539952,-0.02754851836358395,0.04410353260987276,0.013253805335772095,0.028958129993171492,0.047528434398237895,-0.012246900131563035
GFRA2,-0.019193174117077005,0.008178545670217521,0.04129407239271363,0.03066797686030872,-0.021072071496776496,-0.024870565127353535,-0.030288082759232185,0.011597720450200423,-0.009778241566906681,0.0011550912523090335,-0.005992727395167364,-0.01240586681695929,0.016185966510315043,0.025985418108484752,0.001942347989963145,-0.018368716859053395
KREMEN1,-0.004431313671596692,0.028637656191778195,0.021393360299873737,0.003280598335835383,0.03488575928894511,0.004371635607040484,-0.021869128074196605,-0.003086950373349072,0.018857216865570847,0.016759723993084605,-0.036650064366782115,0.018757000320160613,0.007121555807550101,-0.028389323890865827,0.00657090067013413,-0.01156868695148118
BARX1,-0.028989405964290785,0.022221844933019208,0.0077322789789324034,0.025775551170415117,-0.0028051936889248808,-0.02060656407023541,-0.028193992008121244,-0.009391185556119208,-0.009171243719181797,0.026928095624987332,0.043051920094360194,-0.04412773836420962,-0.007541216601111422,-0.015039369988916725,-0.021313190627403958,-0.032737461602954696
SIRPB2,0.05486551025021833,-0.008138707987428374,-0.004913408397411811,0.02699090735329388,-0.009989027107411692,-0.04058550139509554,-0.01045065601592684,-0.010945402923496713,0.038977951978463814,0.0018478779802885439,-0.0003617775632218864,-0.019216147417166325,-0.008711751321829365,-0.01357241237528188,-0.015646462516699843,-0.007808444400748854
HNF4G,-0.016670897396019062,-0.027084063710553826,0.03205347255880457,0.010794393767641915,0.0026325669822750628,-0.03377813516794538,0.03015547058130401,-0.011446035124378992,-0.006199060097107776,-0.0034208172247269623,0.017554962663962045,0.00720201354770462,0.05769073014474315,-0.05806855126736092,0.011904133013776312,-0.02289101528985031
DAB2,0.04681920895012496,0.03200493825473169,0.011153368218543762,0.019962450322022273,0.007222080074405413,-0.004221145093956737,-0.005175300400580035,-0.00048484227915127423,0.0451688978318735,-0.021552484817062283,-0.0435699544897637,0.002787597283333226,0.017388175881777955,-0.018554008271812254,0.006241385025687008,-0.028943726381958308
SLCO3A1,0.03679897178130568,-0.009228059486532755,0.03933376003582572,-0.016071257163661527,0.012023144956857412,0.01050575224098846,0.022517244619511784,0.02756822849421081,-0.01451690725963077,0.014207370305389277,-0.015547910682429882,-0.000588025422464502,-0.019234698768451585,-0.0039937178452656135,-0.01566312373543128,-0.014035363479434217
CPNE5,-0.021051552869408255,-0.012531638431003182,0.005246244041003083,0.037754766365213466,-0.04224325265212278,-0.005793489631888506,-0.04131242148133023,-0.007070173454003018,-0.008989056023072137,0.008022308390839384,-0.012621598964945725,-0.004900526836447547,-0.016248960033711075,-0.029876243384042662,0.007036903757754831,-0.022539443747608072
RAB30,0.01560485021027473,0.020018571772507057,0.03346396393912712,-0.023880600088361976,0.02683387065558366,-0.015286707739178543,0.051033176973847474,-0.019096944849292467,0.03323629529820132,0.0178214094477834,-0.03547254604973412,0.03588251213098506,0.00032399091843636355,-0.05330532728000922,0.014491806092661298,-0.019539219549973303
TPBG,-0.006500237816990759,0.016474715202281165,0.0181441875186654,0.024890437700175967,0.038559185265481535,0.03824514247416067,-0.0019771821056124746,-0.03273752306805744,-0.009808144430715956,-0.012709238556180918,0.008267264437384923,-0.04483284580585149,-0.02904002967153906,0.04129048715018285,0.036944655452580084,0.027596106367901996
RHBDL3,-0.00044280907823585026,0.01828930713103595,0.010495904299743338,0.03088247460159683,0.005791125346632684,0.0452145638772566,-0.012825827259147497,-0.008210287800759546,0.002000883434296861,0.028176652073616554,0.003287379375852769,0.01210133333562699,-0.031620815645595,-0.021241153900286053,-0.037478704524228405,-0.05575256043859772
POU2F2,0.05036279218919366,0.01854908074971455,-0.009497865537162215,0.02280423712995206,-0.012036890028436784,-0.045986105796904916,0.0008422601634713255,-0.0037737808330710904,0.014618120976285504,-0.00787776685121648,0.007604416885462801,-0.017436995977931996,-0.007724471975447607,0.008903615151107106,-0.008142186894966728,-0.002883014868375261
MID1,-0.020097663011714877,0.005782709379185513,0.03208002556466426,-0.005410250896103806,0.03794991859346464,-0.02412404964012722,0.02296410707938902,0.011151180207639756,0.02619906334527425,-0.007024693177440176,-0.0015983282416228931,0.011852402794197423,0.04479590180114967,0.0040453535555132186,0.03515722261676664,-0.02480601741374572
FRMD4B,0.013687717703280446,-0.03222016747630168,0.047059453644374236,0.0015429585764792685,-0.03286384927408574,-0.012915916749970342,0.012375526762106211,-0.018913565080769995,0.014918387104254192,-0.011038438837477876,-0.05142113965929125,0.005205680924666442,-0.01812259104313118,0.00565388694183139,0.023815329398252812,-0.007579003763383282
SCAMP5,0.009200024948140663,-0.00646749990090041,0.014138218937006064,0.04669747148648092,-0.01373858449050635,-0.013377433038819966,-0.022213879251482868,0.041300542455856494,-0.009694649249351688,-0.0061115614587595405,-0.026053894974332446,-0.034214093441695154,-0.04755471049969161,-0.025194824759597313,-0.007523879239781067,0.010124499216008487
LGI4,0.014552307294498915,0.01585701425576159,0.029019319186165845,-0.033744365642881795,-0.03059505300232578,0.0014991588974510694,-0.029894190522802355,-0.035848387250604526,0.006884892803450953,0.04331659099068566,0.02236397315101643,0.0061328087133696915,0.011375559520964716,-0.027156855671196044,0.03116940167295632,0.024621999262550102
RAB3IL1,0.03402030079124688,0.04376476667570977,-0.002074746902346934,0.023361687540744754,0.009261907090056079,-0.006450406741539344,-0.02780837613411651,0.003236288513323284,0.02618638667650417,0.019533540836622596,0.007895967331166192,0.0041919739054007196,0.025046669038777773,-0.021541334590143332,-0.025919770810123144,-0.016755309230744506
DLL4,0.012251984618330011,-0.010771664480317116,0.03257433230100966,0.011747468206100276,-0.03799518547800296,0.04859884828805908,-0.007842527489228254,0.09883800061198882,0.0023337666846964655,0.03812439827252752,0.00908263054094418,-0.0369842620779791,-0.0009569465255837642,-0.0268230525327022,0.03239423891195602,-0.02184266514863366
STX11,0.03688004521788971,-0.014487936070970221,-0.003677740848425948,0.03114758553126912,-0.02596780285954894,0.014022410786023697,0.03169557583381432,-0.002903129796736928,-0.012776409277123157,0.02836333276906656,-0.00634578716673429,-0.03448441805417996,0.02273854897063457,-0.009932993109913597,0.03994805378593358,0.0277880354038849
SLC4A4,0.008170187849661208,-0.015493006737436716,0.03193840850723759,-0.007829416026365,-0.00845536589329047,-0.005880580557194193,0.058071711697747413,-0.019051131905477352,-0.030432373694769473,0.023440273149465816,-0.012874429276818379,-0.02202057355064377,0.00713309274521544,-0.026356402415381175,-0.02243734997530452,0.0010954788390095255
COL1A2,-0.01601710593007532,0.01329225374321155,0.03776388543739385,-0.032258234918637795,0.022624973586171743,0.030963042380344752,-0.034059053506215464,-0.0239042998430399,0.09326434082379284,-0.01869917904793251,-0.01742122017471344,-0.0005197108367026209,-0.01276021179640538,0.031173029917339255,-0.0024109243632997115,-0.0014532168505513535
CSAD,0.002672848189137774,-0.02939112424998498,0.02569921031070793,0.01771403524025958,0.003519577929092358,0.01523956016228894,-0.03047699899849395,0.0021500914039266827,-0.02859631390258115,0.014629817073623767,0.027587677467026134,0.04323943834498941,-0.018825327278348326,-0.05058824351069502,-0.0024294631805173786,-0.015456804981670446
MATK,0.019964951150901848,-0.04603737607460564,0.00633931955333162,-0.013313590831990699,0.04612887131205197,0.03061360952272002,-0.06597699143587518,-0.009317375174870373,-0.028010265713515163,0.0035219997958150758,0.01481883455821751,0.049362658810480374,0.001994781579362598,-0.051294683155323414,-0.007269008178586467,-0.005363324321801876
ABCB1,0.014605767231371075,-0.028049447116724118,0.03021086325848546,0.018086663343667174,-0.02958141642707702,-0.015957596931285664,0.01779180656440372,-0.019289152689098633,-0.041393122759935556,0.008014735636375996,-0.014954718054442147,-0.021265976407947963,-0.01902148629603534,-0.0299542981321711,0.020279060855659503,0.003967485269453421
ABLIM1,0.007132435397153721,-0.016449664021666355,0.032265520858778096,0.018972237931413522,-0.05287326259228096,0.026005921701890464,0.04424620303133218,0.0020858734800963223,0.011308964776991497,-0.0003626314382037276,-0.04175328928162423,0.0032924198375860517,-0.02482285213340027,0.020669877647625956,-0.05048031174853228,-0.034297954713797235
MMRN2,0.02378152515646401,-0.009369635525146847,0.03756572805510076,-0.0034008702965100278,-0.05005564453460994,0.06562564094357964,-0.004571751895969381,0.05253616558124215,0.0063234894048867585,-0.01836407560674079,0.052015360037439735,-0.03762946097405233,0.0035289083638894957,-0.009767297312838394,0.03150728808658451,0.0330146422912653
MPP2,-0.022034847248936715,0.004285233130245401,0.024529572090961498,0.04915672548968196,0.016640155251935376,-0.039792565953513735,-0.003433754360828373,0.00724171933210613,-0.031911796308760204,-0.019792082650220748,0.000490207358298648,-0.0020950694311983225,0.020606579248096425,0.03786655065931774,-0.0439263577070616,-0.0032719282366753992
VGLL3,0.026746687187460153,0.057217149612308484,0.005093535394557658,0.0106183235362446,0.005513924022305462,0.003907886884919024,0.017572022589275777,-0.02293491145609732,-0.02016326257887404,-0.00915917119079356,-0.01960197250000914,-0.015291148874851578,0.03525010415696862,-0.0007338642787093732,0.019572401141431228,0.04594117311591009
PRKAR1B,0.002471664008771438,-0.00017922152150743513,0.02758668820192168,0.011925886740504413,-0.0185496781877705,-0.03320627194578373,-0.05159379136351108,-0.018496188805619512,-0.034260970273742114,0.015796385430471873,-0.018176110540908032,0.008900282353701511,0.0062058656667613905,-0.015846927634692698,0.013391544634766089,0.010477839766190345
CYP4V2,0.04588628842598081,-0.01549419827600293,0.012026877448244606,-0.0065175643388719895,0.012616018271325323,-0.02763155383638861,0.019416744773747274,-0.02000766782541395,0.02377176822584018,0.009136946521098477,0.014507419141777413,0.011039846623573907,-0.027444474691397294,-0.02946806280595396,-0.01344375386580286,-0.019777063455232856
ESAM,0.02588495745524879,-0.0036543271947706464,0.03321610172337797,0.006629252199971811,-0.05685184180778055,0.0717290154041174,0.004716472646561059,0.05665479091673384,0.01254751258541264,-0.02226911557867055,0.06438332827423886,-0.02775158106946583,0.0025151678485561936,0.001753906670518609,0.025072474545775516,0.036649686665552
CX3CR1,0.035759337438561044,0.0004980039767291774,0.03412771969032179,0.0012345881114357799,-0.002032701162842459,-0.03692169017353653,-0.0006693901724170014,-0.022653249229316386,0.04614108979562617,-0.03983181960879674,0.01925648442269841,0.005625395075895532,-0.03689353810368135,-0.006404845416565086,0.014284130256374837,-0.03825029630604139
CTSW,0.03368998536736109,-0.004971486656007684,-0.010815043446473797,0.03856704148886957,-0.023594393149292948,-0.04257797623508633,-0.008269427476041494,-0.00308804247181794,-0.007918514815897264,0.014965790274981579,0.003886051141151356,-0.008028016235934823,-0.01747555918937702,0.026460885137895594,0.002555885857726944,0.05695079480674667
TGFBR3,0.026996091102351086,0.03126981391540308,0.038742317164194295,0.0034036186843089495,-0.02138065694745995,-0.015139628386221458,0.031533626452331126,0.006953980707388613,0.00785218620442007,-0.020901575415374043,-0.02196714927839665,0.023172230465692473,0.019540179109604438,-0.011546744624096442,-0.05976282262412502,0.01994081953994508
GNAI1,-0.017426451997000804,-0.029824419743026794,0.04433435209649063,-0.008611664043748517,-0.018643942601406786,0.020473258722152714,0.01909319045410282,-0.06442358960201136,-0.005158205357886366,0.004075452829946157,0.030702743910493272,0.0032951678184369518,-0.005131941751837241,0.009132036999943647,0.005778669486219857,0.006505232581397165
DOK3,0.04954797784790501,-0.04147466485164725,-0.003913175520015776,0.01377580376789915,0.028635723840340247,-0.0006497645387800592,-0.04657274279782813,-0.003806034210873962,-0.01763051271171447,-0.01497195907044329,0.00861433223082133,0.013444069829436356,0.018166172072749964,-0.015674668270862103,-0.0004686270016315509,0.005832163685874473
PNMA2,-0.017499929005090255,0.005351094878734659,0.011275853021009757,0.041109964937787624,0.0025542002636428736,0.0072567214768612266,-0.006531241324855632,-0.020165275114295663,-0.006439463660199362,0.02796541769376097,-0.0007940518213079215,-0.04944418716584883,-0.01811005680412904,-0.03295665069956158,-0.052325923959826666,-0.03064093520379654
CLSTN3,0.014136584301892885,-0.013918707596610297,0.03847017101476923,0.015852082696384284,0.03734615449326397,-0.032340316909258086,-0.019070264160159982,0.022960706319233706,-0.031311404917837,0.003642914907581223,-0.011642070698457298,-0.005011796073250411,-0.01572254065435749,-0.01713510920521744,-0.00020308126525600697,0.01593741553465864
TP53I11,-0.020661663962844988,-0.041883325780541214,0.03877414318600498,-0.0023254965353716466,-0.03515498646843123,-0.017997661166846844,-0.04316327193977325,0.018487518843354558,0.05278156101581644,0.019645250078368797,-0.0255295610004687,-0.01610095383182418,-0.009533200281315091,0.018407733314753087,-0.011077655388455152,0.009303795576754837
CREB3L1,-0.024699276426081,-0.010789216075260668,0.017612832109525214,-0.0035657463061250574,0.005422431256549582,0.04709010416204808,-0.018402739165998935,-0.029711782934469147,0.07871321006748395,0.0020040651023659727,0.028208747451468404,-0.025146513092474954,-0.028803015501224244,0.05009675295244527,-0.020345278788033192,0.030906586155415514
COL16A1,-0.007951101434698996,0.02186648002088713,0.034908520471574306,-0.027938460714869596,0.05657037172378157,0.011137001679810566,-0.03235627557396463,0.011209221043082359,0.045904878302174115,-0.008593180825713304,0.024790388688178577,0.024306131293903306,-0.0025164511045894233,0.009443527054541118,-0.02627367205077204,-0.0007266564075208183
IRX1,-0.030468623854573516,-0.0068850782094019465,0.01422821684968243,0.04009344278322207,-0.002089428904600163,-0.03881312472303219,-0.02935587279612687,0.031914555323755193,0.0130137352781002,0.031329795968330874,-0.0033689042205166386,0.0010975553112315267,0.010357634221687593,-0.03737443797261768,-0.01429086495047386,-0.007675870671513164
ITGA3,0.040627611979823806,0.0054652870039757625,0.017044697893156407,0.007412034626972031,0.006508817561600279,0.026170358582955584,0.022183651345834877,0.03331432392692803,-0.04218454946701926,0.03408626773748302,-0.001679565802027602,-0.024406663233262554,-0.022854932567383305,0.03154814709818183,-0.011205535868497478,0.02091495016513554
ABCA1,0.039850856415534625,-0.020129445151891967,0.01837718737178834,0.034776058065013715,-0.006484940865136578,0.013414607288138529,0.015523272899019308,-0.04087228314755615,0.006827369374292816,-0.013177810968701846,-0.026611739093869585,0.004501694760167202,-0.010215941491152465,0.01785137435325649,-0.018795345462550662,-0.05140739092948878
FCGRT,0.022265444347550272,-0.01380680430453265,0.00627237787241573,0.0426279125908149,-0.021270785211097196,-0.03405252170343513,-0.07413472180443721,0.016124866315010873,0.019957254205747767,-0.013009806356535685,-0.02625150395940406,-0.026674225493483465,0.028418883192023646,0.013467268927892554,-0.016240658398094313,0.01840358603092586
PARP3,0.03370830440912419,0.005410756183949228,0.021672539041589674,-0.019780981444902607,0.018504179298316933,0.016862458496597336,-0.004912864796065026,-0.008729392950713335,0.018530018288225147,0.03813170916110935,-0.007477161838608096,0.035227200990416076,0.00012867470605484746,-0.02453064790090946,-0.00983286475227957,0.0276783017396025
ATF7IP2,0.019969735983187114,-0.03039862865354348,0.021970573120580716,0.010769093293737542,-0.02827107609188123,5.167022746632244e-05,0.0010249528799468766,0.014753271556672406,-0.008561793450516712,-0.0021167771224999098,0.0033025626178857623,-0.004451210119062521,-0.03942839725046671,-0.04126109753659886,-0.022444794998503458,-0.03460370332823718
SCN1B,0.021310830072109717,0.026896457355971314,0.020051268598594175,-0.008514797030170418,-0.007825658146579699,-0.0062442566252647914,-0.027480841267342675,-0.02236301839652646,-0.00309815199600051,0.030735148597482283,0.017317020053335807,0.037238440918005836,0.018313312953451087,0.02393061207913438,0.004092124457497627,-0.0066287445047325975
NOX4,0.03552891684615123,0.014621880022005863,0.022855241994044338,-0.001530778608830264,-0.01321513634287215,0.05956092068785177,0.05165683628712607,0.019519829893237597,-0.03686069477121267,0.010105304017489408,0.00046688772001359435,-0.04167158224283893,-0.01621708508615522,-0.015688319322846457,0.02066323357103585,0.02154252570496117
TLR3,0.033609914855361966,-0.024706560875705805,0.026810291641700148,-0.006871168697044091,0.001130515099452801,-0.04077892163520393,0.040703857251257025,-0.02074688204680368,0.03672138813894372,0.021825739300351366,0.0031206572526731036,0.02692684573571784,-0.014123378635234938,-0.05374179071876848,-0.008166179046271494,0.005110857303618248
ARRB1,0.043076141604810464,-0.03347137126534244,0.025490706974048684,0.00410398572999906,4.837970251347695e-05,0.028502788604230563,-0.02982603297685301,0.018358836027291065,0.0016957386403281607,-0.018931677212705854,-0.013318321617948142,0.0240849731020214,-0.02685404249159543,-0.030619087372714102,-0.03216879408814542,-0.01699912299535013
PGAP1,-0.021825048754693335,0.00660501143855636,0.031893799540547385,0.0584154650545559,0.008939536451754018,0.014695375328419642,0.04593570637221351,-0.0013068663138493398,0.0009058000129346716,-0.02636709473719045,-0.006034498882906756,0.015118999413195255,-0.028829323858526178,-0.004486888174534611,-0.004766167600563152,-0.042735967267765705
B4GALT6,-0.016270036490421566,-0.028113605019808925,0.021626393203288515,0.02923448299860958,-0.018206221511692704,0.004536368542370864,0.017602995778053618,-0.050173482953534666,-0.03968628932293401,-0.02848777572829097,-0.005954268717079408,-0.02000420959090583,0.024595926623007698,0.02126302420623068,-0.008126027321833495,0.015580762439515082
HELLS,-0.02907001294295638,-0.010071300726029261,0.0005187324417149944,0.06836462200345059,0.023245798370786754,0.023995748989849384,0.02547408334284193,0.010908749516521146,0.014106641959550564,0.017224894317505714,-0.035367218306139744,0.03078575343972359,0.0008862870062228785,-0.03145195553053104,0.028713145509483024,0.025038137231573464
PTPRU,0.012363909071056016,0.03038800629933146,0.02058583972751811,0.009153226411184236,0.004113543337019686,-0.012198360408755457,-0.009790806463590708,-0.024977222149187468,-0.03769288957538875,0.02299612820793153,0.010581682477635811,-0.02168744004885062,-0.024544418711502765,-0.029902839861893474,-0.034790100797945915,0.003385857241641751
TOP2A,-0.03411610736988956,-0.0022290599519584516,0.0059201113114265985,0.07594576385091886,0.03756678018512025,0.011463274640603443,0.04127403104869291,0.01402401032289981,0.023045526859448516,-0.010334663469232182,-0.010410180612305992,0.047055531623191246,-0.01554284884048581,-0.013344774386335374,-0.010152769959777016,0.02082065550301946
HR,0.000532937860192789,0.011406570981482036,0.028308538535074118,-0.012079032034393875,0.003840282170924151,0.02987707900484167,-0.009198660998990648,-0.029710539366393125,-0.019748456112092905,0.04162594476065492,0.07419534136361594,0.01803452697794815,-0.038617210800602195,-0.025648646308358135,-0.006092706411482722,0.008649509223164471
PECAM1,0.043985974123566134,0.00595613909569653,0.03380899350979615,0.009305156528517934,-0.049306524219900595,0.04465948580588228,0.001517167263187142,0.06768846637541313,0.027682961805413547,8.172324716238574e-05,-0.012434926369708919,0.011326698843495832,-0.010272812249910841,-0.011151353658806063,0.03003103282194385,-0.008725475277068734
NR4A3,0.011533776601385872,0.041745352280478015,-0.003197187141907463,0.042352790699219205,-0.007910104720399637,0.028097884005106398,0.022255347937785525,-0.006687165116192098,-0.007804908864252188,0.06119763385800202,0.017448935432459702,0.0017603669975511547,-0.0007538681027226823,-1.5115824033123861e-05,0.003877969731530884,-0.03786277553935291
GAL3ST4,0.02829679719647766,0.011489001875740645,0.023924344725978625,0.024954581270208234,0.03840426439036023,-0.019254289479807188,-0.0354635258767993,-0.02102490901457723,0.03828577126820274,-0.01987617390180669,0.034003893591683265,-0.0440105604067311,-0.0056550262305214965,-0.009243913385083742,0.018197859229319945,0.013516408283448793
KIF21A,-0.030703455938056817,-0.012237842230166683,0.027172525113956986,0.009195642792453676,-0.008160396953582205,-0.018619729259098106,0.019944528742447138,-0.04242802205034011,-0.03749354631974349,0.014217410367951653,0.003017466888655923,0.0035153277356383327,-0.031170166183168792,4.216149102717658e-05,0.022634924860039853,-0.005994181956830347
HDAC9,-0.006052854773551743,-0.02587192222952871,0.026490628374155133,0.0036788368746501366,0.05976620637420902,-0.007172784423144087,0.05341186923743379,-0.011771192456193073,-0.03423815029024601,-0.02180119073474568,0.04234668190614792,0.00516969374170786,0.02009415388445419,0.009726153196471004,0.0627669941085391,-0.022137787151442934
SERINC2,-0.003718003203925165,-0.02007109900605932,0.018763505519504363,0.016524562191282538,0.016439404157501183,0.010339810866810704,-0.027005648000407646,-0.00790947752572748,-0.041559634147179614,-0.012109820560517428,0.038425803764659316,0.01570271552445615,-0.025522828204634206,0.004646432668418075,-0.02521686139572931,0.02287839795793675
COL4A1,0.031478280514758414,0.01916658849786332,0.04493356483564161,0.01986952196204039,-0.011602120827714075,0.0530673053491444,0.02040685880747249,0.07455983255415413,-0.002928659017169545,0.023573006475781484,-0.0061200484605366985,-0.016215994758545373,-0.02802760706408541,0.00035594672065910726,0.00462416673621052,-0.03193920617662629
CLDN11,-0.007515584615817436,-0.04523910035878138,0.03150654274697096,0.004103392598990854,-0.01630794145643512,-0.011631985521139353,0.009770048960010784,-0.006335467946651052,-0.007655410691388717,-0.0020295389534900968,0.018770699926579395,-0.01997790010253242,0.015186051622592966,-0.012561713608385268,-0.0035897767405250604,0.024423678309012688
TIE1,0.03041580075719047,-0.012601211357183482,0.04536984188976857,-0.0016791843779406705,-0.027793972186056722,0.051660546267047275,-0.016436662053874607,0.09506587217346461,0.005942740565782097,-0.0007218431918497824,0.003871562388908659,0.0044149937393825125,-0.027441080525836298,-0.0331830883842878,0.02253078295142063,0.01871381324501402
TGFB2,-0.011240912395553538,0.017884534664147456,0.02157779830597025,0.0030661530832709998,0.027565935194735873,-0.010135146648138188,-0.0150270435952289,-0.009916311924000632,0.026558510551338683,-0.011714257801572665,0.008692324508696628,0.01886811853006143,0.024331428415880346,0.0006808133418312531,0.004439539251634372,-0.04316373658102401
ATP6V1C1,0.011972322222934458,-0.05258526656334553,0.00951273973836775,0.006619879045992725,0.035596503277158735,0.048875511811930956,-0.005917392698003314,-0.025502257815696996,-0.04030490394282591,-0.006301320025012639,-0.005226504198924275,0.02058221183253311,0.010410110779888421,-0.0249232386009053,0.023594025853241454,-0.012139529336632046
ZFPM2,0.011305937525083248,0.022219718515856475,0.027145089364173456,0.025568290332372696,-0.026103721985261986,0.010990781483825898,0.032021966779154976,-0.009860228599907062,-0.05313696425012231,-0.02288397968245375,-0.03043844800351965,0.004920463291403077,-0.012386508241373346,0.0014795159415121658,0.014688299598068336,0.031915326609375336
GAB2,0.04598420467262289,-0.019424221418173855,0.03187648661455471,-0.006471091553000669,0.0016204217436010088,0.01632183283579625,0.0401355736070027,-0.004613754329230612,-0.010786049873993954,0.0026891955613096152,-0.024086570199593538,0.03291845089488706,-0.006206405298561249,0.020483766503680497,-0.003051416675482737,-0.00917587387067896
CYP2J2,0.005320668485922305,0.03179243788729686,0.024586761949436563,0.023351334140632164,-0.006368127646111377,-0.0443397019329181,0.006378647740737343,-0.019643796547751252,-0.038973536250537295,-0.001589841132986435,0.018122949061531547,-0.023806696735197547,0.015902946432764905,-0.0002974456950982571,-0.01323411108621255,0.004922807724982969
SLC1A1,-0.016070594842887413,0.003391322672181165,0.0038126574090704803,0.04910931007028428,-0.01618956289129767,0.00306853850203406,-0.007261418728298211,-0.041496915405653347,-0.011336449156995644,0.03173754512154289,-0.0230719694202577,-0.03576433149353455,-0.008041769753870099,-0.04527120864936141,0.0005052983816326883,-0.0055665704167272255
PTPN4,-0.0019354417494887137,-0.044224462417486704,0.04656453868824524,-0.011591441944631234,-0.008880532972366018,0.008519270040129683,0.03878850283654351,-0.002388647070907471,0.016476592019385335,0.027269467890806393,-0.04200629100061059,0.010955431473053818,-0.0005755896379424173,0.030617187674484077,0.006997767025402902,-0.00755964744960159
MYL3,-0.0006532805915058565,-0.01590339863026017,0.016360277273265514,0.00554496342340378,-0.038568095289619714,0.027046920877821377,-0.014688874614517587,-0.03939166117099531,-0.0003963689767204721,0.02338444556133802,0.040479385379324044,0.048134245355250196,0.05894092844232428,0.05002155791890954,0.012634273606820307,-0.01435898398226277
BUB1B,-0.033174266357591305,-0.004605155549742713,-0.008021902772222604,0.07558433154231049,0.025042645563417433,0.025216814537219693,0.03442023184022951,-0.004099619158242705,0.03225431960111586,0.006433375697725315,-0.00193455185082973,0.04400164392897535,-0.017971955669627223,-0.006439755666476668,-0.020892444437812914,0.046936888589522774
NDRG1,0.015973338771561284,-0.013672593878414041,0.011531030208621033,-0.01274214729276504,0.05148010751172496,0.00810688907350484,0.044274658911275265,-0.022493873380723013,-0.035237426776362935,0.03918690831463922,0.023680901846995533,0.04027426550816316,-0.04495409072819599,0.01931305552595363,-0.015426783778376477,-0.03261004564703892
CNIH2,-0.019378499709773896,0.013661185942906079,0.006409707477149526,0.037660666725938235,0.0006884500398797412,-0.004807510923362086,-0.03951505536240455,0.00923779238184462,0.0021020061894108646,-0.015564639649044695,0.010007494939334446,-0.0033835227220567433,-0.013087527893827928,0.001708555147747347,-0.009987542883063416,0.030491565794007493
CDH13,0.018347270549926426,0.03501346646257055,0.020187447403567024,0.015023393484534638,-0.024820524328525606,0.04981176717934612,0.02122977286507987,0.017777972689301952,0.013013986293646489,0.0161387001022546,-0.021211903260972644,-0.06558057151690588,-0.004652148582146513,-0.011896156675138724,0.043604149127485954,0.0033545423311324386
CACNB1,-0.010730815106464783,-0.01762633264365929,0.030450208435621944,0.009909902827697107,-0.03297644406145505,-0.021174491728702036,0.018121683024540577,0.0017247584307751923,-0.015154319850560436,0.018253589243723504,0.034568216552915774,0.058876947112554284,0.05241426076414256,0.06549120131232973,-0.031763626338332275,-0.008334652939254724
PRCP,0.028702986666024603,-0.015425013181315339,0.03889118868295744,-0.003007867268685469,-0.016794376295657394,0.03336461119884143,0.007071979455068654,0.0247712746294248,0.04992002155815628,-0.0026302659399604113,-0.01807636018764256,0.011921911320627462,-0.0013889241656072147,-0.048614506491351434,0.02577984891705463,0.016243821178999616
LAMA2,0.015512657658490542,0.05019593085022868,0.018578738227066176,0.013744668917695886,-0.004567521838980092,-0.010075812009701566,0.010200465649195264,-0.028553852145051933,-0.0380108356601241,0.025977327764265642,-0.03524177050605682,0.00045845144592495876,0.0025634042558140163,0.000629834571025549,-0.014656335731348603,0.014516163076592268
KCNK5,0.0009591073996058691,0.0027216900096291275,0.021593002438251466,0.025789151409842774,-0.01975741288064228,-0.011149824383076871,0.002799957400740983,0.016308126587734895,-0.028496873146644244,0.015237687331738286,0.033791420024931344,0.014930743889102278,-0.029546759230095438,-0.0458821060221392,0.034094954312111264,-0.025773348497943136
SNTA1,-0.025193311328272548,-0.02374212143632093,0.002167579118894197,0.024805463863317716,0.006924178195909688,-0.019229845347867928,-0.015682760891538205,0.00567982462182506,0.019072054578999992,0.02378576854279899,0.017864609176291985,0.011947553742060323,0.07119742161279496,0.019716116118014562,0.034203186232441354,0.02121185324109496
NPDC1,0.02245905639769844,0.02464609389458252,0.02237456441130258,-0.007444581916406128,-0.06007045888759144,0.007121356078039787,-0.03096241585371707,-0.01100537460769326,-0.04056662012775206,0.03176705896037725,0.04359088726947001,-0.010034425294793804,-0.03290236557481349,-0.026423920564253127,-0.00993580454865723,0.04618396294634398
HOXB3,-0.009916382961583934,-0.013897210101729632,0.029707095691492453,0.03055664666972866,-0.030681502841692344,-0.005350932435805391,0.004309181224959456,-0.025624400894151356,-0.019077961135154066,0.005117811035690759,0.001615843316756321,-0.016375949815169467,0.011809170581230825,-0.0280997636184028,-0.008865952027751903,0.023370856401124063
MFAP5,0.02798179656124796,0.05035007403940885,0.014353993153788292,0.009601443052617148,-0.02296234347289473,0.01638411186820596,-0.007079806144157062,-0.007426228477860432,-4.903694916889498e-06,0.007090117695187763,-0.009961958610388087,0.015351500783898103,-0.01153890421019249,0.03551850871521899,0.00524559410388241,0.027621550275549946
MYO7A,0.047160889569903865,0.0020892047057531923,0.011114752116503113,0.02734886382892436,-0.005787251686348846,-0.02871764162010506,-0.005756209473356697,-0.01646051280065381,0.03247417482452331,-0.0036768729336832274,-0.02145841425084344,-0.00011581727388982124,0.00568685211010655,-0.02009847809967798,-0.006931674889929683,-0.018853475233674782
MMP19,0.04425264214490325,0.01884878729794059,-0.009073813924314892,0.015228787830375652,0.016691127613242637,0.017760418918001647,-0.029405089069062394,-0.02214830361927884,0.03313991622022541,0.006488056550211371,-0.02762624762127596,-0.004540990787207096,0.006788683861295176,0.025418088940411927,-0.05663055333233374,-0.020683268907184936
HOXC4,-0.026005776017374155,-0.010292452044367437,0.025922028566629424,-0.0025295301590213004,-0.013367044675575538,-0.019744280141801206,0.02260573563084344,-0.006757477393386395,-0.02833755935087059,0.020545228576180703,0.02496888229584389,-0.014806443273851633,-0.00048001623661678323,-0.010039750228257191,-0.010886185986635271,8.42365456044077e-05
ANKRD6,0.004590804923875473,-0.008698662515991046,0.01803392624617919,0.017588967615129823,0.022840291876459414,-0.017053290906696765,-0.004257641073681065,-0.0058287635557955665,-0.025089998836186136,0.012795728583052945,-0.04990278680283952,0.024289152869576194,0.003978234402832439,0.01453569827971425,0.039665717898762894,-0.024007481592538668
PYGM,0.013431918723032609,-0.010593588832289494,0.014192385823324029,0.0052308989912582034,-0.057458214724357214,0.02617793070184666,-0.0135791503851645,-0.019105096942035313,0.001216221987721419,0.029250966669162576,0.017002576540357424,0.05255266393394737,0.05886795442028386,0.03130130273423805,0.0049268906729870105,-0.017631695848813106
ARHGEF15,0.031127745736678168,-0.0005884987254305199,0.04744278897531005,-0.0008456301969479672,-0.055481543729399264,0.036272355485056626,-0.01553918065750653,0.07745707597592097,0.012438078962887532,-0.003192242629724928,0.00547616613757205,0.00705419177389619,-0.01821585893412297,-0.02377029329248427,0.027000393826005113,0.024615417546789045
NFE2L3,0.00470494200434591,-0.026353055206946686,-0.0009125883998149075,0.028300059306744285,-0.0031905615583859978,-0.05975661574805452,0.015827946606283,0.008885621046567958,-0.04040919445275701,0.012413876493452346,-0.019921582837813343,-0.03803395909487457,0.006365513604705046,-0.01929255508323533,-0.01427645117436853,0.008396282733449566
SH2D3C,0.03772253343168154,-0.005910034451684202,0.03981175290025167,0.01760987776933709,-0.047389093754356355,0.018361194593655563,-0.007205703382750056,0.08159917015598085,-0.0017570188478698745,-0.004831186917224931,0.00713721509508387,-0.0029760282445514073,-0.0362700074935384,-0.014169243578068461,0.019722648656469267,0.012776489129437497
PLEKHG1,0.029220064419038565,0.00246762744532935,0.04264205930403054,0.009148157087582463,-0.014164604640598854,0.02293291822677846,0.010359822614170427,-0.002365176679062917,-0.023732787501937525,-0.022787977731140545,-0.03587947711842768,-0.025502967238242757,-0.05020576950209536,-0.04095729175853415,0.02457076541298421,-0.0032901623897558753
PTK2B,0.05337285151536631,-0.030215975825528,-0.0025557754425442445,0.018579901547374898,0.02045586276757629,0.0030523865575661268,-0.03083014267482578,-0.016258512027768464,-0.0027798018949832413,0.022097520476691623,-0.030210276613245532,0.00735063668937805,-0.01756064993773131,-0.016052998904555853,-0.03795033246919002,-0.023394756442951303
EHD3,0.017285919571018913,-0.03786208517432109,0.031975589303897434,-0.021137372873434118,0.01017069064626755,0.020907313345883357,0.03797197873261774,-0.014028181684095406,0.0014767511172957414,-0.00973985662117553,0.010210703258656958,0.01616636631939594,0.006063587060082209,0.01699011950718183,-0.02172799770108485,0.025275815092487303
CHRNA5,-0.01812072838922137,-0.0022494246918531623,0.000277213389108673,0.04897974744666064,-0.0021606550630249664,0.005676757815627019,-0.02161685610267977,-0.007376734762134471,-0.017281503099042302,0.02822541935469244,-0.01922641485849967,-0.0009617483278568616,-0.026092112409160817,-0.008239303461574215,0.024718361512238846,0.030612399890478894
PRELP,0.005358409753711907,0.03487472430808112,0.034730114575906475,-0.04056215756987515,-0.007128272815710268,-0.007812770437045409,-0.0032066388813460633,-0.0296775051112831,0.02523792833714321,0.048330358274640085,0.03456940886124576,0.027425920943945976,-0.05079398430872328,-0.00214821250131661,0.029981340734493343,-0.020126226241797624
RXRG,-0.003635122356811707,0.017195988175841854,0.014614055316796656,0.003741019073795691,-0.004467062629754701,0.017899319748361606,-0.013040995850822301,-0.018639328187853143,-0.0028136842224602623,-0.005608449599339101,0.0468677013786617,-0.024088274149002414,0.028474428681069027,0.021600566980052294,-0.004950079208980985,-0.022533082786436606
MEOX2,0.008015522602299086,-0.004774311801617261,0.0352655569811514,-0.025363998508227518,-0.018853983729215942,0.018906913426816656,0.04575673653622606,-0.021239516516122908,-0.011741472852749367,-0.0012378296803829247,0.017817386276383105,-0.04480907381940204,0.03174807070104984,0.023709787612953045,-0.027865044278791697,0.03838776039656398
ANK3,-0.004828486323921576,-0.02620686564345497,0.04918885368223284,0.0022204478822787917,0.0019287629077009288,-0.028915487143574174,0.03260417960122807,-0.021203565022130076,-0.03656645123003657,-0.008543889866439483,-0.04020978227284875,0.0182618188641768,0.045534469134707836,-0.009367780964254354,0.01753738304427364,-0.01170074252457293
SIX1,0.014770835368578806,0.04901469095054772,0.0186503078267813,0.011342572781944395,0.0024232685603567303,0.0005507241063847854,0.015249320600550786,-0.008878451418290335,-0.013533615642093213,0.029677625598676448,-0.035049684083722464,0.03778844762546975,0.027908879330915258,-0.027925684606194323,-0.00594812996162504,0.010470634204208962
POLE,-0.0384642527469077,-0.004751249719354138,0.003858039268189754,0.07134632553036026,0.017213918744236494,0.007238543657182617,0.018998854974589356,0.011188269481381094,0.013031438155860029,0.01666038507488137,0.0006053245872741967,0.0255588515051356,-0.029012017404544843,-0.01759427536616642,0.009284863149428174,0.011770099283658509
RNF180,-0.01139941968695345,-0.004442573150919405,0.017361719970741544,0.00446034179935368,-0.015253376152263192,0.0036428182931714462,-0.0022824076542569283,-0.021907902660364766,-0.005847220571605574,-0.022063035034237656,0.024536216832429826,-0.0680282181776129,0.04898368299066801,-0.029892856079468684,-0.01870311857061996,-0.00796690089426567
ADRA1B,-0.013232609976566074,-0.00923964528023062,0.012775553550605495,0.016435878119341663,0.01662462283300941,-0.026213840268064583,-0.007282578901739655,0.03894226590764367,0.015644485504930965,-0.010439877839313744,0.016316248137847288,-0.02908853001608787,0.03377614090483018,-0.029366575784027245,0.02129684839654961,-0.009259326745666228
DES,0.015665393268769826,0.027853613338895078,0.013801869277731898,0.015144674026781673,-0.021379457003789674,0.003208116883758703,-0.01674378419349538,-0.018745683577868696,-0.03560106318385837,0.014936816119719356,0.00042904258701282,0.054072100264702175,0.047843103736589086,0.08368864467055223,0.01146086235109722,0.016339912141918586
IL16,0.019396276377023243,0.035957734724888786,0.014667860324120905,0.025523775985478454,-0.02705889597583181,-0.03239031395459911,0.002932825515623954,-0.007634556965980744,0.020503239618613785,-0.018441413627969763,0.03707573821627372,0.009972096965983524,-0.039231701557864776,0.008204453082523456,0.031103385951993554,-0.010891862873050776
DNAJB1,-0.01539010317936041,0.0020548664143727998,0.009810516355605446,0.014810664059141053,0.031701212356602185,-0.030849668294065394,0.012885267972002097,0.03697852245651903,-0.02973173797086103,0.08386407822612522,0.0044403376265757044,0.019272074441733532,0.015583426921265256,0.012839664104955342,0.025311952927853557,-0.012899524982498732
CUBN,-0.0005065500320239704,0.010683493781094448,0.018762641062001404,0.004855699193091564,0.044461398799154506,-0.03451402806158393,0.03812998081127984,0.030234791513169757,0.01467584448819584,0.01191239196861553,-0.0153118734256206,-0.008664051870344702,0.041437258755599546,-0.026218231631849557,0.025722203942019458,-0.0464942773094917
EXTL1,-0.016344285374009702,0.010183460134622612,0.02920201130743735,0.014162718742664684,-0.01842935397620398,-0.014191288270855335,-0.03718124344516244,-0.015188851382385004,-0.0022750259055471797,0.003939688994391385,0.023937100572898384,0.03470358537680525,0.004839398711938697,0.024412527254359828,-0.013930666633767621,-0.024015668355072795
NRP2,0.006368476684790439,-0.03953271032010397,0.03438933174691884,-0.016056170730143468,0.030078380872408952,-0.01043714207103121,0.023498497182705403,-0.0038840534500165667,-0.005512308579041475,0.000701867138503634,-0.03875924743052334,-0.02448799475595967,0.005022181132070194,0.014579995555814008,0.011152788727155269,0.023790171747725655
MCM2,-0.037884048239518985,-0.004945895411412938,0.008997806023464946,0.059744323127405664,0.03363652574974316,-0.005065041383574919,0.026283561010361327,0.01839793925889913,0.009560187015563751,0.028308822715780516,-0.01870340913517881,0.03456980292815103,-0.018699629745918236,-0.023272949946787688,0.004668877637471037,0.03396724340930878
SDC1,0.009575859308536303,0.011545733760111128,0.013435860852997358,-0.0019611049598380424,0.0833277472934979,-0.0037579334294043816,-0.046594262368336074,0.01775356434836525,-0.009345040826250725,-0.0006419941473547607,-0.0003917501724848074,-0.03594213178834966,-0.004361000961775415,-0.04197950129330272,0.00705206616428226,0.011503398092902347
DYSF,0.00766823373565415,-0.011823888595588701,0.03729027970399809,0.005661672989371255,-0.003522656951948554,0.020360204738126893,0.030438421558065667,0.08079255627247281,0.03567968501416274,0.00839196554751841,-0.018402415813291894,0.006633189311891278,0.003084629956637849,0.02997233399401473,0.05005731702170242,-0.021555576834384874
ZDHHC14,-0.010301904541478217,-0.035118719984553015,0.03316521880874772,0.0006074603701855992,-0.012039842756458433,-0.017770261974105236,-0.01745584085160775,0.03364483104504337,4.7393717985452517e-05,0.008198439254200527,-0.02369216949613784,-0.008721736210483284,-0.005886135421534727,-0.05558026717641676,0.031101945724481647,-0.02044798172248353
FANCA,-0.034621594050610924,-0.013315980176106848,-0.0038656806416527195,0.06484978202209978,0.006426293766217334,0.02760617826780485,0.023240301857850698,-0.0012952342273027957,-0.0005426688305476459,0.005645865627962399,-0.014003868663210402,-0.009515012686359072,0.01297767963767179,-0.005731454067705663,0.007356971397664872,0.027385917399585704
ELOVL4,-0.03595156206114,-0.004559001385488821,0.014262291169294034,0.030196634401172085,0.016513596607774732,0.004840952196706447,-0.013458801240696861,-0.005689009253812261,0.0056738883709284114,0.0009902441978820431,-0.02279262923620421,-0.023214291634400575,0.020951988836365704,0.013394895333605142,0.037790571536884594,-0.003329873474614737
ZFP36,0.03545721825680222,-0.0018875732271676372,-0.007922659835398183,0.013184773184715896,-0.007258939541953177,0.019581724983791467,0.02383800438884583,0.01578142125407813,-0.009226077143010944,0.060112128483806586,0.019192251411254017,0.0166969248358321,0.04636233472280295,0.022659198864943827,-0.045941194691100494,-0.03889913922781228
DTX3L,0.02774316669696316,-0.025624718255054836,0.018124932103778114,0.005467017582944754,0.013802609945093865,-0.04705585727785866,0.0490657509149069,-0.008444992483357866,0.04095549958700934,0.019782012798211013,0.0219956516705419,0.005580905440647647,-0.005976671423832684,-0.01207641429161175,0.011977447309160899,0.0451319398525221
CLK1,-0.003410576955051336,-0.01648217356604086,0.027062956634460903,0.005876163135780154,-0.01183701414500897,0.015470075479366999,0.028924329787400876,-0.004895330884006031,-0.021953355530770123,0.005194373850094806,0.04087745472637587,-0.04189775755631148,0.05118894144974714,0.024848197410438547,0.021714378594112668,0.01037086264200652
CLCN5,-0.01665034888843123,0.021211018056286234,0.017349941697738475,0.03758349809200506,0.019891218585803786,-0.018343362637468913,0.01461203352448854,0.014297568824172692,0.03360916345613375,0.002668036536154453,-0.06592621882772061,0.03144617416014117,0.030669676840449966,-0.008242537896884125,0.008890334358322025,-0.03296333258300312
CLTCL1,-0.015166506333337871,0.019597772961191785,0.010636247228910212,0.05731547832398374,0.019745891588796305,-0.023581467597379564,-0.02237245898044951,0.0006267926976492033,-0.008209066557463899,-0.038135627202511034,-0.015333484260467854,0.01737473293700823,0.03534304872435561,0.027835462632106546,0.01500144267589689,0.009552607438700613
RUNX1T1,-0.00648290367047461,0.038198756849539266,0.03213802556205489,0.027622401179724254,0.023013903919058047,-0.0005657884151168309,-0.026254300531179157,0.008665138836865963,0.0067636354547444,-0.039565049121358484,0.0028597709930713935,0.0035685159598072523,-0.003176052845863162,-0.03309755030910595,0.006542728298058381,0.005706685545465799
GPR27,-0.018583844713860792,0.0048396088534685714,0.022445441419126105,-0.0007885353220699509,-0.011518279549021496,-0.02628616696359689,0.0024001919821850385,-0.031283819032978916,-0.03894533302216765,-0.00031009811045215434,0.02769383151312075,-0.047417481768639726,0.050647743998307224,-0.039418330281294815,0.014626115164197467,0.02485294732358104
SPARC,-0.0003333618086375999,0.0070167540673841105,0.03944490297887195,-0.05603488506736707,0.005031621576595625,0.022362506450517457,-0.02324299851416906,-0.020623028763975794,0.08611942216885092,0.003524714795757103,-0.0012007257840909425,-0.02244782685396541,-0.02422712223955396,0.039450415459177005,-0.002305498310272684,-0.012771915350505333
ALDH1A2,0.02135059654764533,-0.006681684549291272,0.02087349282096979,0.03302331330767145,-0.011874197147832147,0.02487955898722454,-0.04156498852750192,0.008995311346232535,-0.028537259962584313,-0.003055435721889697,-0.04860048788412218,-0.03403659243405883,0.03511117562985449,0.00688681236204997,-0.04112793563067604,-0.011395128627489936
APOLD1,0.016964905217605263,-0.00577530903835053,0.041631395184417025,0.00946743140976493,-0.025968445763239242,0.06450541072287415,0.02985138508467371,0.039163165729061436,0.009298478299788124,0.04343613620019075,0.009183037343232302,0.005229012419907267,0.008601595572491787,0.0005264634065204287,0.011009387885228393,-0.029499522638580893
SLC25A27,-0.01681276547151607,-0.03317871890371058,0.033430786134890804,0.0078250517613124,-0.008291390170595268,-0.022093475240743593,0.003678059915845159,0.01715374833149433,-0.009729816615152282,-0.032664781759090114,0.032819218145423656,-0.009660403223219018,0.031786178282029225,-0.037230399727222384,0.0042883245152790855,-0.026325848034992577
PTPN13,-0.01744287022320777,-0.021815811824303213,0.05739977658986728,-0.007253660703401934,0.030058870011505576,-0.014933731719161448,0.02261582391788191,-0.0010223723034318813,0.01685726551697012,-0.04072186368977119,-0.006238588549287771,0.008443792610354843,0.009796106315949219,-0.05011721670816095,-0.0237816746732366,-0.024461843060229062
MMRN1,0.02939386566226666,0.02325344722781959,0.02199814450417398,0.00231959371019498,-0.03574909335553024,0.033994273060679654,0.006668343781772203,0.047170109283329584,0.01860023607770567,-0.008964106893213041,-0.011811131527893948,0.01725165284780241,-0.0035244828988866272,-0.016769584416037153,0.023292003762752363,-0.008632991760571914
ITGA8,0.02044980417422165,0.025708324255537027,0.04322225981480074,-0.003598460359973098,-0.026830307343906703,0.02248798275757524,0.03674937462474334,-0.02239823391288255,-0.011147350818682787,-0.04112993330917648,-0.008519964250560143,-0.03249966831511235,3.264595929441731e-05,0.005512170680763269,-0.006380673276998564,0.03139167882474286
CDH11,-0.020419011154812466,-0.013131574452454142,0.05504553431421026,-0.007980353003687084,0.04105912163041246,-0.01218829108854044,0.032184793373762,-0.003319379981963447,0.042184298500526726,-0.03687655640531615,0.026882986179336817,-0.03471877891947361,-0.0006397454809653185,0.012208150534879435,-0.014343187556219023,0.02469668401038671
TK1,-0.025293895005032405,-0.019926131687294006,-0.02770123321813895,0.05033909636792734,0.026322482871940642,0.010792099489161112,-0.0068783788415605835,0.02860814583455309,0.03722566704189735,0.04555105550666424,0.03056386897669296,0.01624215365570347,0.014281441039929826,-0.022089549657421277,-0.020049618271361935,0.06894855868501837
EPHA5,-0.018141965637372783,-0.010634357716603426,0.032367680860936665,0.00048817767956085465,0.032939236133028606,-0.03966798161813201,0.017105461699206313,-0.003055981793596788,-0.015048020164993951,-0.01991423373359488,0.04455006295424344,0.05390784949427377,0.01245497072660822,-0.034833614244542524,0.03681605591584647,-0.004351439699341221
HTATIP2,0.024477605869488193,-0.03295438308120284,0.00022597369933693252,-0.004405638892769648,0.009703001228507542,-0.01846125786135394,0.040585599655393295,0.0013161462640543364,0.008738084102565796,0.02509641527694343,-0.0022681441909334905,0.014968488876520147,0.03204701560163579,-0.01565650737602487,-0.0013624850683358262,0.013333142476522765
RAMP1,0.0058877310659415415,0.008168401564922762,0.012238556815289821,-0.0008248076900496143,-0.06547110709672502,0.02071029474875098,-0.03137786406139093,-0.023224316759965134,0.0003522330683437251,0.02549891145511169,-0.006632960270516079,0.03927520492138141,0.030640070607577164,0.016725022357866645,0.0003007337646049185,0.0200519495212841
PBX1,-0.019214223838585596,-0.004031327604201502,0.03377248049983612,0.04200827362820253,-0.017832876982283065,0.0026493553610501975,-0.010034523096648516,-0.00043037434627875087,0.0010649601197207379,-0.0423404550161471,-0.020899937939850986,0.01876353711965779,0.04082249540433451,0.008175720678827988,-0.06159806802460823,0.015703459094605583
CIITA,0.05727148644948743,0.00032605075204704664,-0.0035991980310032218,0.02488825394659599,-0.01969529232528298,-0.04054670065284373,-0.0049907174762762125,-0.012509747564446463,0.03592066291888623,0.008962449371711123,-0.0064373922511953,-0.01658311210594269,-0.010127960516856807,0.015495100239413995,0.008589275559485963,0.001746818146597183
MDGA1,-0.007351677367482259,0.010850634073194476,0.030128126311787295,0.024546798461069025,0.030098913733045917,-0.005014883831927031,0.0028578425049369965,0.02729704405790998,-0.00872665090468197,-0.034337397814082245,0.013584090221656613,-0.025061447236870128,-0.007259751083633112,0.04661685274514256,0.015314039814493035,-0.0007036683608874755
ABCC9,0.011943299555047662,0.02249141139819368,0.04577538578911355,0.013387259822498408,-0.039563345440744024,0.04372372149798207,0.02938785303879676,0.007028744912861873,0.012102954541963034,-0.029286382383070412,0.031223990600346238,0.004792475448122252,0.023327701937443216,0.009519200945519791,-0.007486052950852921,-0.026760897894973615
SORBS1,0.0146007338857059,0.03516404808910738,0.045097653208875245,0.01956162682629711,-0.03648576402601958,0.0038802696485363713,0.005971134836533059,-0.021411932745111238,-0.040230004318167124,0.012529594343677892,-0.020511087008421455,0.05539675911256074,-0.0032163286282969328,0.017666456816588127,0.02065711595248145,-0.028634713927112507
SMAD6,-0.021924724952474786,-0.043790324364304356,0.03363875710772521,-0.013672979457218518,-0.029763474375587996,0.014082067432105461,-0.011010669318855646,-0.008118076198894998,0.01310034460252394,0.035624315894807274,0.041742966050204076,-0.001315835194858703,0.01055345125468756,-0.02434292127033714,0.008839481680763244,0.034049325969221646
BACH2,-0.00031641383394434303,0.020430789083204254,0.02876017170888372,0.019649859700819856,0.02607868422091974,0.00722857698486177,0.012920615000869055,-0.044387812734458895,-0.066887193559138,-0.030766665528221902,0.025326565747545413,-0.007667929363542834,0.013454235895222301,-0.0008895857477702988,0.025070922052785737,-0.003410283687519889
HSPB7,0.0054920071345091765,0.007129871345383592,0.010769482596021084,4.899014414395464e-05,-0.032891564019176256,0.04931667273960944,-0.006996070960686699,-0.04766166742163326,-0.008205952147776505,0.04915544324002841,0.021059728201524783,0.039941297658821026,0.0670122182953359,0.06592495281469782,-0.01330173072669373,-0.01972876214495653
CTNND2,-0.021733156106406748,0.0015814752724152116,0.02477129955484161,0.03564245126760125,-0.005180392489277963,-0.018564284553244645,-0.02376892489773151,-0.023001714041536024,-0.020797548382595985,-0.0008420147850402185,0.02472994609423903,-0.0016934716380159589,0.006466049129858516,-0.01634224327719477,-0.009202930822563293,-0.01673788256896833
MAP2K6,-0.0363834685785837,-0.013882525648793565,0.02839842921559487,0.020443375024852595,-0.009482880201840318,-0.017096614233414707,-0.017305797309299178,-0.006663294784847753,0.04736121821065308,-0.003420819395939854,0.02261315811156271,0.025058457626814745,0.0346730795070859,-0.0024438034604808926,0.006795513336419327,-0.049927235126019154
CELSR2,-0.02145555537540283,-0.009513452131669521,0.023085905800293988,0.03562598469222332,-0.013562926602066792,-0.004119745429692563,0.015227399164604596,-0.047630657367440835,-0.0432093505587615,0.012606344679051903,0.007231340475950698,-0.024248462798408595,-0.003730406308526186,0.041140849881809674,-0.00272305181626192,-0.007349519619520368
SCAND1,0.005737719343605246,-0.0033144936251088514,-0.015464454251615311,0.007408762683843162,-0.015301416206069101,-0.03126997446000908,-0.05415363345990475,0.037281981005597466,-0.023440935999988265,0.060196147232949124,0.030943757938221874,-0.003640990737513489,0.06148752961643367,-0.05607660260010952,0.011841183375660511,0.06570715319824778
ICAM1,0.04231417911561089,-0.006288967182350803,-0.003023275115088344,0.03227866923739471,0.04243953155139569,0.016807397471570625,-0.021129095358008894,-0.013561639255135982,-0.008136118618747227,0.05137397279904756,-0.011681410217544387,0.003994276971119284,-0.035554931392710196,0.014044028826631286,-0.010035987038262457,0.016557043920342702
RALGPS2,-0.0018557944619893823,-0.003013770735537596,0.010841623495162232,0.016858819787904128,0.004787022894667237,0.029470824105783458,0.03035902388739816,-0.015731546788907876,0.008566582487077257,-0.02159697875501671,-0.02432806653692278,0.012066127689882787,0.029051641905765816,-0.021260430413457713,-0.013856879895007201,0.0152212227850209
C1QTNF7,0.01956245190531118,0.006514598712553668,0.03967043244813175,-0.018446539439067815,0.042427446411393115,0.00025989681417509444,-0.015735360082765562,-0.0055060147133034094,-0.025103391622458004,-0.04280875769338053,0.01587509086145527,0.051915818817611106,0.012830279072982157,0.02400752263257069,-0.0194502481930724,0.014507328295705245
SLC39A8,0.03011127113774123,-0.015568950295584421,-2.7848981355077084e-05,0.021592458569472544,0.03987089262995087,0.033762895035546824,0.028463974284327807,-0.010352229806063264,0.002323146070979339,-0.024644397914935567,0.03503345918779627,-0.024322085392792216,0.022409054773533145,0.011152172159645233,0.0020583127160136334,-0.043914024720788813
HCLS1,0.0625378472011618,-0.013576830970899751,-0.003078490535540342,0.01861621386317648,0.0016702296670533774,-0.01787236502648174,-0.011371314887413213,0.011722585334354278,0.01296304393616346,-0.00340814550033165,0.0023939909503763873,0.021938790414810148,-0.015460491118385359,-0.005373720085453774,0.013041950275219686,-0.005199529055435066
DDAH1,-0.0025747729564293328,0.015633804066404418,0.012813555045305191,0.020571383688022898,-0.00796174400952253,0.00631855349599347,0.04841244871752587,-0.037942907279860306,-0.01954795738637472,-0.046397055544495504,-0.015402901995898818,-0.011159191495394174,0.010460176180400354,0.014514497943855693,0.00515169819772512,0.03041788076029447
DENND1C,0.05609958241020739,-0.022993862806903586,-0.005692497246515195,0.021445754569634663,-0.002529505232765223,-0.01930299480989643,-0.025017187693476023,-0.019152197942504383,-0.0005407228462545807,-0.009397720329578016,0.020722811468688377,-0.010703855513308035,-0.0164887184762961,-0.009009563270226223,-0.02127971612221239,-0.008868749793818825
DGKI,0.010502349376550842,-0.014767345946582898,0.03493548532892912,-0.00011064688551349375,0.05765126766327995,0.0281692642906578,-0.02942970968716132,0.008426522564865525,-0.017555918925172713,-0.03828202045812477,-0.01772034282272328,0.02294684395404904,-0.0014713356857002854,0.02780412702388932,0.027163191965841396,-0.01169029138033581
KIFC1,-0.028789064636013578,-0.01515680511160579,-0.015409070186052913,0.0654657910044269,0.02823808109669109,-6.0165693364231526e-05,0.01246897984139731,0.03391309212640611,0.019296660216809987,0.05110369542161672,-0.02605751336862554,0.056371800104558126,0.0012078181390991535,-0.021948805781542326,-0.002192805834338121,0.05658021766788215
RASL10B,-0.01070112773949859,-0.004254940368737618,0.00284492837666568,0.039650015410731286,0.007492297415743932,-0.0010366251662768163,-0.03792553573326374,-0.015189793251383596,-0.047726360769657965,-0.06318255197629497,0.0416911977243932,0.04552495003240923,-0.00455315429140404,0.0037224639985177256,0.0021476004649622626,0.01944741918968149
CLIC5,0.018318647406894022,-0.028595360324922804,0.03060430320396044,0.019471362041412255,-0.043145153736838804,-0.004443976205636892,0.02030725864191087,-0.010739629854139277,-0.011474052845900844,0.004329871566908644,-0.0019071135353220092,0.004655914055400005,0.01060042102675915,0.004652736465661174,-0.008729704246125012,0.00585897008907557
HMCN1,0.0111832783278293,0.04432517323498777,0.040631752337456264,0.01878952087884765,0.013594806646946836,0.024512554126848374,0.021715661199985074,-0.028576360423071843,-0.011656975360060797,-0.03855182171842381,0.0442792445956093,0.00023588677002679345,0.01236379154668095,0.008391005606999766,-0.0114359793748955,0.0038539151873523245
CSTB,0.03118387577997476,-0.04054664324408869,-0.01090543287305795,-0.008740449181897054,0.05108948532047773,0.03637507910354941,-0.0540525664688479,-0.020339876551695068,-0.016645965599577112,0.027475324396071,0.00578680599973155,0.021611414420196987,0.02788446071748748,-0.018628281729162584,-0.02422476055000768,0.003269765637892007
TBC1D16,-0.017162796189101305,0.005724861915611967,0.03516060448224146,0.03343137641373519,0.019793671799576588,-0.03706854220761734,-0.029349929436466107,0.017879905535588755,-0.014507336696717152,-0.013036360543018087,-0.016873651412633982,-0.015456974313472325,-0.008820750436867782,0.03762776930726363,-0.02925366956375884,0.009239698254107288
SATB1,0.004458944550261777,-0.005489147689532232,0.012568233128592739,0.04768801764375479,0.007156676179743999,0.01455733037449818,0.006626809437221288,-0.027748784792583938,-0.033115009970695886,-0.022363411472930583,0.0050176477568825845,-0.015462869267451794,-0.024757077964019648,0.02861953640731106,0.002255465285822069,0.025149716728151306
FGD5,0.029989309046372217,0.00402018286617058,0.05305611032704055,0.000609114631396655,-0.02971061114164082,0.006388191621651746,0.01282088005584926,0.061989111589341075,0.012017123188544086,0.015275317791056254,-0.01898737188432284,0.023830051490943596,-0.04604931000984463,-0.024500334485822207,-0.023428148171880027,-0.017190157344370363
MLLT11,0.0023732885154371833,0.007836572822612745,-0.011665867973387319,0.029462972012426654,0.01768022826764793,0.008360763060793303,0.025557313947732817,-0.02883135780740988,-0.02913710861002395,0.029037125055052574,0.020823986413698547,0.012922213275799451,0.050349389692361884,-0.025427657888562893,0.010886426924176719,-0.0064767064005900295
SCUBE2,0.009804775577092178,0.0392170888102921,0.037279107676792336,-0.015636220133344366,-0.01398371280300649,-0.01656783346480859,-0.02532860267138348,-0.020231509542637742,0.021169282849066245,-0.0005498445173631218,-0.012877522813619433,0.028867935723584783,0.008738930687942304,-0.010970504452681239,0.009470767291462864,0.012934199416739671
MANEAL,-0.013704945147129333,0.012944522690380579,0.005907853475940635,0.027914627861965892,-0.02369213233914841,-0.017517571742460394,-0.020295471482642737,-0.02025931333302402,-0.015571215688017087,0.007420519947035782,-0.02842497075604075,-0.016917905824697068,-0.027191880250957663,-0.019493986309168862,7.590994714055943e-06,0.012082460229139932
ARHGAP18,0.028086859449103278,-0.03377750150172036,0.029488490198934042,0.017072661846353046,0.040030758281139105,0.04237757921086267,0.0016283509443247024,-0.0034055218213703414,-0.02660295109730182,-0.06413968960179041,0.06268862791770463,0.009200121784337526,-0.005831164653415277,0.0214777068255157,0.02618963972710454,-0.005139277364793568
FADS1,-0.02196087193295937,-0.013113857323857822,-0.017153539055444884,0.03988168903928111,0.00782845056719291,0.03903084298307082,0.023638908940828048,-0.03318126600619424,0.0426268443211245,0.030833531974007667,-0.00806289269979565,0.007448397061505288,-0.023885985020384318,-0.010068011811997108,-0.026159090837947693,0.014690698503180225
MYO10,-0.02226579375555348,-0.02555125265175405,0.0444171392316014,0.004276340307257961,0.02098654687757238,0.023735943179141114,0.03275978362456439,-0.006965167120290973,0.0321705609811493,-0.011876484586085312,0.00153316216152321,-0.007947102649555686,-0.0523055768129367,0.03673884410252337,-0.006277052517811534,-0.02818629831282944
MATN4,-0.026380101904186857,0.019431454122011697,0.02184595429141742,0.026442765135786646,0.008608815608985253,-0.018044271567236765,-0.05891637184988566,0.004902911832723162,-0.022961563021448618,-0.0027022547873840736,0.043369842090767545,0.0150737409482606,-0.01984607678525578,-0.00027565211129843524,0.027639970417076467,-0.007705306945103308
ABCC3,0.04899453667887027,-0.015907343897840126,0.00561289333238022,0.013258756664193242,0.01904651312058855,-0.027484448934017032,-0.015420307951634082,-0.025746161384889592,0.013697837202034756,0.003990304051413984,-0.003916884041672196,-0.007244236537101454,-0.030158101356459563,-0.0013753526783187257,-0.018248748359829977,-0.025217575101974102
ANGPT2,0.0034105908198462966,0.0033796726121081274,0.010175658920956959,0.01209991219667497,-0.03211452050018883,0.035204695522681614,0.02235234366102581,0.044669818172705184,0.011998465575964581,0.015638751434877956,0.007871661792423556,-0.02679318134626717,0.03431880493914539,-0.02926475915394645,0.007064459469394468,-0.06377097160930638
DMPK,-0.006024697424667137,0.0006721583097282482,0.03889332169036573,-0.005534340044421201,-0.03037203570582148,-0.01918646458707616,-0.013512714001131259,-0.015117419679461865,-0.03754838314667959,0.022783608137082433,0.009656235540287552,0.016410434470732344,0.047053342185760655,0.08631048127089379,-0.024494986307045725,0.03434617132079241
CRIP1,0.017651684966651218,0.01126108440852132,-0.0033810460135070036,-0.017451050069516288,-0.027015795426604206,0.013230805302490734,-0.002338612519852133,-0.008545187510247684,0.010256202644100045,0.09789134629336499,0.017567055381199306,0.003761307181239293,-0.015918653150455896,-0.011543413934902347,-0.024292624638539338,0.054026509536173765
PLA2R1,0.009397782737959815,-0.012313589039557005,0.05116660461946901,-0.033092265092168435,0.03059635095837481,-0.013723196681775759,0.015370866640831421,0.001598560114243655,0.0186082425155044,-0.0017939585328058116,-0.01955618943813224,-0.008494136709110749,-0.008806401171909548,-0.023685924282792745,-0.008067206798801164,-0.01484798077606355
SUSD1,0.022074985837409303,-0.04684349313750463,0.020926126480919075,0.0021311478304551746,-0.014020302750635542,0.005311042058419408,0.02156372943310394,-0.023137246546982376,-0.0023888434172816006,0.001033121015247587,-0.021343275080708463,0.018832990814794705,0.000449700283189379,0.01643401985825885,-0.02202768195448138,0.020047575651253816
DPEP1,-0.016578711628947397,-0.005793900094787961,0.021971360000206615,0.01971780701927229,-0.0020616420002945827,0.005268086351977507,-0.051245151808768694,0.0009346767553770514,-0.011389585270663699,0.013771078752651433,0.024287366977487252,-0.04964775602991693,-0.0337932323850646,0.00023872101634111282,0.03703781067319326,0.022570679517126876
DTL,-0.033959548755456766,-0.004830744111575571,0.004278258437068316,0.07242371428371999,0.0153165967436688,0.008734417885644701,0.03587022811841472,0.01663760097158078,0.004642615116467736,0.018485840819749758,-0.0009688247911350208,0.01581339277031376,-0.015377753382037278,-0.026191782610234048,-0.01266643011749062,0.02409367349069184
PER1,-0.011379522756269259,0.015705829999430886,0.014772087333966786,0.0026437676684113983,-0.01367527021057905,-0.022919245661851294,-0.0006123047450226362,0.002886742158111257,-0.01130605617342882,0.0027830509626263124,0.008336223735985035,-0.008219430873523528,0.05831218599201789,0.022375034219870246,-0.03487838173657458,-0.02995967651781571
RCN1,-0.0007057993207370446,0.041522630348927524,0.0019599652324032886,-0.008232543216777929,-0.008356988793466979,0.031055768435977345,-0.022238230471420487,-0.01945304377227493,0.04871930909162564,-0.042368093089594355,0.02580878862569773,-0.032328905483856404,-0.013696135121060347,0.025850913987216083,-0.032379183644829855,0.030042376412365377
NOTUM,-0.02815655994978302,-0.027485442512732054,0.015656236463425132,0.005384471125233539,0.005331829198091587,-0.011576091362441608,-0.022700910186029488,-0.021435449258176018,0.00468163805841281,0.048823681279317965,0.029854196614141747,-0.01044893691785781,-0.02206727548939478,-0.005613611927870557,0.05986047304027184,0.014571417296368055
CDCA8,-0.033841167884297974,-0.00729383095058604,-0.014086947686470301,0.0737894792226309,0.03311233697142451,0.004260660645293691,0.016872375621810307,0.021831765762074705,0.040167467755928735,0.020094026274900034,-0.011719923452000292,0.044987401618348515,-0.003167549142619109,-0.010147028185408698,-0.006584728824936674,0.06284552016563247
DDN,-0.0315881376807375,-0.004383926282396088,0.006026925310400558,0.02883937658014224,0.017458591491057444,-0.004746000604220955,-0.013562902004472396,-0.02253925739091317,-0.0075336132996392646,0.04519551568239565,0.01920234639110943,0.024412316800339597,7.174931433139194e-05,0.01906364483164877,0.043340914705933445,-0.023139235418620684
GPRC5B,0.01791626691415382,0.027013963921965638,0.03565546951403509,0.023260921388232932,-0.03927899289986556,0.03512065546245291,0.007677323564877265,0.010282952792842128,-0.015911834798529347,0.03935990156230859,-0.03223514042299461,0.013185818154521998,-0.0017091638109603818,-0.02165652088052093,-0.011399844813254527,0.007103332752451024
DEPDC1B,-0.01705352139454392,-0.017117801789268722,-0.021457376168803232,0.07828485739312398,0.01009856975013372,0.02100137169541042,0.04054129710147738,0.006991928563029701,0.019046361322191913,0.0242957654796138,-0.014224172595630897,0.03582862166195118,0.005006078200394877,-0.022229078551791258,0.019308589680988694,0.017318064156093126
PLK4,-0.025791182285089278,-0.0024141211951245697,-0.0065961910656821875,0.07647614556604358,0.025880904227031484,0.024676151534311005,0.048202563560265664,0.009765963487827278,0.029508461760064685,0.010444404205588578,-0.01796639371184234,0.03184261958528835,-0.0031258146306495462,-0.028842526632321185,-0.015493060946237397,0.02306114932715949
MFAP3L,-0.01140691327386631,-0.03722309744289097,0.030032301729990062,0.0008918776545680466,-0.012373749726224402,0.02578598336705795,0.009666385925490273,-0.03697973011483273,-0.00940928348671163,-0.00014850530051383924,0.01127575954213456,0.005767508151696127,0.012087160009161999,-0.021017411201382386,0.024298496997160093,-0.035118994504853195
SLC6A9,-0.02299453057366406,0.009131531077209019,0.031047571974120156,0.0019120991695337688,0.011323860005124203,-0.023188793658321324,-0.027175518431648643,0.01607465945347261,0.0428007150696323,0.02404279761807584,-0.013134992680917966,-0.038899549659489774,-0.003965655207768674,0.03725855799070171,-0.032661731075375317,-0.02755713721259141
PKP1,-0.009929989021079888,0.01875959345983828,0.026495651879925787,0.0024162081273606016,0.015717382305913255,0.002794561241922992,0.0071621814986647225,0.04971374886400586,-0.01118264237895965,0.04227770776799169,0.02653218973424083,0.0009693511059032239,-0.04853290232870954,0.007845383211451938,0.05328638887470291,0.0003899978162882297
NAP1L5,-0.011753193917278809,0.004899681805897851,0.0076507545312404675,0.027215536049389984,0.01253343748355879,-0.008828021198285112,-0.006925283937445719,9.984437605549401e-05,-0.0021223468987538207,0.005243230917252656,0.003574404159957071,0.04360950918008225,0.020731249528633196,-0.04288210249338519,0.013497567275410929,0.0028887768975891827
FZD10,-0.0027768216973270347,-0.007582388092072864,0.04798676748978546,0.016824714564485872,-0.012827175575309071,-0.003563450950135282,-0.0031565159419496367,0.013919085325526574,-0.030421172627389914,0.020632653954584426,0.035706221576079285,-0.03734474053844437,-0.02403899228077362,0.022835817719467758,-0.010254662104234997,-0.005093820933422801
CNTFR,-0.01934113077423097,0.035765488038821264,0.021834277837564326,0.03381371278437856,-0.028144231549457478,-0.01690470533636252,-0.015498439863312658,-0.026082605361003205,0.0068154610253211255,-0.005329786906825069,0.02915399257211543,0.020396608844981658,0.00470311284685987,-0.010178165622629336,-0.04651276990011251,-0.024708467222973977
ID4,-0.015789093135404154,0.016219804345769504,0.030031931219598584,0.0003806732162451678,-0.004589569793740537,-0.003110760998627481,0.001350720267883804,-0.0004868271547527189,-0.01707210308377634,0.005529379451590147,0.09465835360462123,-0.022324225935597602,0.043956829701989386,-0.006136412028856478,-0.0016625718581571927,-0.01303582508488496
CORO6,-0.005121687726006136,-0.01718268881231235,0.015422625905654715,-0.005372591659066426,-0.03257484843394125,0.007711930569486531,0.0028917987938811866,-0.007709254748032777,-0.02085526236104363,0.030651916912219874,0.014959582520753275,0.03583313999214527,0.06905166272848684,0.04972398287719104,0.033945861992603646,0.012585294735796603
BLNK,0.052287202189788815,-0.013684020616133935,0.003413239074026644,0.025722905362362596,-0.0019294347473049513,-0.0320645332305538,-0.0035307699442729936,-0.03991575117884836,0.024538290154445523,-0.02881267323138511,0.021196852663988297,0.0055074771081058405,-0.00679389618714652,0.005041989740663938,0.035982009741738444,-0.007769027169588624
SLC12A7,0.000893644806979896,-0.037121205651566666,0.033880767910572436,-0.006449099193969257,0.03579115264475898,0.0015552926280102321,-0.0055086289907470415,-0.0009619692402619943,-0.052667389184581644,-0.004544354901089349,0.07205564718862043,0.025190372154802076,-0.04809805682525784,-0.00033335927284659436,-0.015520162208049616,0.008390586764425494
KIF6,-0.022597204186748897,-0.02112779289409844,0.02891675638559515,-0.0048000554482462736,-0.013038119396238643,-0.03102687168908405,-0.01159203468713289,0.035235905197884734,0.036088751699862844,0.012875975942495699,0.016841307601922484,-0.007118255721592034,0.03273639746847698,-0.022711961155454385,0.004289179697816768,-0.004184584579298106
CDK6,0.00657249056599119,0.02531510477427356,0.020851713421116726,0.0036299948818390632,0.05040535997266905,-0.02229829627143544,0.05900235180921521,0.012347942296220354,-0.019471908057400265,-0.016911444478042763,0.007107227452597086,-0.004849193386847087,-0.028770229422890356,-0.038870803590661376,0.017818994443002917,-0.06002729428362179
NPTXR,-0.010485824563914904,-0.0023917911888951906,0.034948618894957935,0.006839785165327373,0.02377990380093588,-0.0324212850185364,-0.02456335052914656,0.0026059360753157394,-0.00973878644257503,-0.009135670059855399,-0.026503647123075624,-0.02696749964824929,-0.0586389327586696,-0.027961724883541744,-0.004906275365513267,-0.02677674940146243
COL23A1,-0.017073313948009143,0.012390791665461708,0.02620482039450607,0.016893785032388007,0.005881739242365257,-0.02619265535363241,-0.03992837943512753,0.0005358350056970194,-0.03441458655310363,0.016360405000228048,0.02889791570148505,-0.030983400815556353,-0.040622949682531474,0.03939660296979332,-0.015703044956054027,-0.034672721277017836
RGMA,0.0137484956207865,0.04430233832902587,0.024104490194593556,0.017160739073783154,-0.015801265572424665,-0.02274295951626827,-0.0036008739449516075,-0.0057268690499464835,-0.05337077845254731,-0.011516471391760692,0.044135253544646216,0.007853612982247392,0.03127438307656098,-0.025875629423567872,-0.03318740846544727,0.03785731150416734
GALM,0.019549084369526935,-0.040096313266752184,0.006810398119176243,0.0009650239253589545,0.04599579870424947,-0.0021059869486383578,-0.02138273778615856,0.013253060198391616,-0.017152697061708425,-0.027392690205296333,-0.029200126836636843,0.03651208117767264,0.016174918108753725,-0.021883766467092496,0.03099146082219428,0.02313940938700802
HSD11B2,-0.016133073053400976,-0.019981273911651925,0.03646085297130159,0.009900442838055159,-0.012302135791475016,0.003916014631830323,-0.010920951854936356,0.03723018820747456,0.01764645785639557,-0.018637988100336823,0.058180862946573576,0.026276159849483307,-0.0011327529350580066,0.005855384078297659,-0.027402808683574698,-0.003410852183078735
NXPH4,-0.03362669416696285,0.00612158206719307,0.010023950314057858,0.035937046033724766,0.007874347715661381,-0.028742338088433614,-0.015525971070992036,-0.016556469750973236,-0.019870979342131546,0.03452183160577529,0.04771327634574748,-0.04103465784066373,0.005471541246484452,-0.016816839031531024,-0.05110599038563649,0.006543248277567934
COL4A2,0.03016809629329129,0.020979261321955652,0.046019383979374794,0.01406340264446422,-0.010374084781990648,0.045265993795271395,0.01743753100975152,0.06764750805505554,-0.012100781195599887,0.02640588656118131,0.014080820754692443,-0.03292410871621298,-0.030385119423384163,0.0017145372890174223,-0.008156318664187711,-0.01189270585548208
KDR,0.02976384098351047,-0.003221382035810519,0.04936862472843974,0.015267899545677376,-0.03259429697779634,0.05737240626654102,0.026094772626730663,0.060784663655775444,0.020011670254487874,-0.018504713014943046,0.0024765701308821653,-0.0013305483099872242,-0.03406843829755544,-0.03334909044238662,0.030666892372810894,-0.017032347168273104
SYNGR1,-0.026278935757880473,-0.005310286476530703,0.010077595013294137,0.03189376855751261,0.006588874275513072,-0.05611143403862741,-0.03752527758824995,0.0031242780188035085,-0.031785261998839694,0.0001302770764636395,0.024987309468353862,-0.00889192464569164,0.038811218138841454,-0.052364352855563026,0.01371886220758438,-0.004934074726735913
HOXB13,-0.023787865798487642,-0.019055772575845925,0.024790269694923667,0.0027899559811452364,-0.007034805505529547,-0.04838879533471572,0.010135169845164275,0.024427609217134896,-0.008165173724350725,0.0019847905368061518,0.026253874778047685,-0.03318140081052135,0.003939310115600861,0.009873140731779306,-0.004147999924898325,-0.004609199681018809
HMGB2,-0.022144724570835526,0.005162612735192819,-0.01699885092893364,0.07403066291631766,0.007322741827067417,2.8905584119737898e-05,0.020432238778648117,0.004753730875907311,-0.0013404046961811747,-0.009636455447961233,-0.0026275644606580063,0.03443068157929275,0.01599714717513423,-0.024408860935141618,0.012747231763097992,0.06203258358038935
DUSP9,-0.0272838707157658,0.013830020595903266,0.011733895063326925,0.040951313190050416,-0.008730492539067,-0.039456248512474486,-0.053793323999399636,0.01420378846312782,-0.014841805273067579,0.04617341576981333,-0.03585736787911406,0.00684392430398813,-0.0185921853838919,-0.02384148783632844,-0.02035173768758918,-0.044007396689342504
CD34,0.031138711265600416,-0.004063079560961677,0.04672805361878856,0.012661046569892025,-0.044463607310268646,0.037827198562700656,0.0025447147853893907,0.08591654710253292,0.014490910095023672,0.006524836437516928,0.005987724791211685,-0.010937966471676693,-0.020345519581662433,-0.03467026680240422,0.021091390915604316,0.013452566289413378
CRLF1,0.006539847993229703,0.017512706904275897,0.020975132699215665,-0.019915673393214227,-0.006387304204563699,0.004480488847152223,0.01066465995822149,-0.04109011037400281,-0.026002039352893917,0.07918884670056343,0.05144745798261312,-0.017613911558779654,-0.038975667048878185,-0.020707442626842456,-0.018984972787433288,0.024520675469284582
TIMP3,0.005448229859727764,0.003580797885780015,0.03905868505488923,-0.0067263231218946,0.0301984967359588,-0.04627610100946009,0.032576256537806485,0.015517287750139446,-0.025426679994949998,0.022015580892344948,-0.01274069273765306,-0.04865682432579295,-0.0085326010475085,-0.0013839850079990397,0.005685405798264528,-0.04854710563425072
TSPAN6,0.009819800652562393,-0.022222352301903007,0.01619703491185309,-0.00814620044976557,0.025090238647082114,-0.0006916210036103012,0.03310577462231264,-0.011645324051559937,-0.016929445697160105,0.003796627033588792,-0.005283171304368793,-0.019376294551754665,0.059721423902513636,-0.039009970357155976,0.0428727084662585,0.007128790737150144
CBX6,-0.012712775018111225,0.001416252337555884,0.04725028725492974,0.013262881657429098,0.008977424052595377,-0.05341320420307741,0.03531322585453607,-0.0019019295632125392,-0.02968741299191028,-0.02428833100919684,-0.0120334910820807,-0.009480217374685858,-0.008860444918449733,0.017715367709164438,-0.033168960229346525,-0.011150734181619295
EXPH5,0.02599110965838921,-0.013626619168016205,0.025818221965525235,0.011259435034115842,-0.02084714007067655,0.02708501607122976,0.010141974323283013,-0.06896075425397531,0.013232188431266981,-0.006906334535814077,0.006354868581578001,0.028694121873514552,-0.028473119635755936,0.0033585296660897084,-0.0017487918940064552,0.013428982735882361
SLC16A6,0.03021199406259608,-0.04005861582094988,-0.003932194611745862,0.02676357870324593,0.03217307665443411,0.04708893473379412,-0.0048233439698168006,-0.017069706401424727,-0.0210560171765301,-0.0011388886437928526,0.01186888926161706,0.0035914976443256453,-0.009181014367426446,0.002971468017657684,-0.02524220355089169,-0.028520920299940175
IGF2R,-0.01705964038019973,-0.016631048294891787,0.03048709594870125,0.03591638905448381,0.03375211007891256,-0.018401839490316808,0.0037738000995805234,0.012422624610199426,-0.014403571445950282,0.0027664866242108135,-0.05640917438317186,-0.016290242828531712,-0.012852864820278033,0.028167640235814546,0.030826258210708585,-0.04769199681920185
SLC4A8,-0.016175686977266897,-0.0105355106460404,0.020784950035941895,0.05443297579649395,-0.023107170939515326,0.024741679594421213,0.004092924255425814,-0.031297833407517635,-0.004520725629986972,-0.026314820253251964,-0.05046211983587652,-0.04964201019641931,0.00427508394209627,-0.0013516154785588371,-0.03597364380653785,0.004556836106634303
DENND2D,0.047319740879823366,-0.013143935052889015,-0.006324927173691122,0.039353777281025376,-0.017630024713132415,-0.034253780339128174,-0.024002938125655723,-0.020597730681378226,0.011724666598921052,0.02257538010979942,0.006287193415884905,0.02903516840045193,-0.029360141077882686,0.004376029681195069,-0.0030140614925782856,0.0077575720603273585
ALS2CL,0.021887598808153056,0.0036852676860977826,0.03983044059462414,-0.01346445708301972,-0.026428676195146935,0.020546800620582603,-0.032042700147671854,0.01775804430662901,0.01876601561699713,0.01521332417448214,0.0006362852103092703,0.029529919378447803,-0.02494813809623859,-0.022096828431287855,0.013178600423750419,0.007614199532211246
SGCG,-0.022093960872036435,-0.0004839809291441842,0.027772569179571775,0.013800891479996512,-0.0027058764303557366,-0.015747400055214487,-0.027609605778767282,-0.004857505456096235,0.00965798031918465,-0.03250325012283663,0.015346512571315571,0.0387201129107575,0.06329468226177974,0.0066783750397582005,0.07002451293602682,-0.007984004981311472
RPS6KA2,0.03102253295386985,0.02027587372946875,0.03492183017994871,0.005344750247147208,-0.01805077837245679,0.03450073861157617,0.00408122893927479,0.03240828826690194,-0.0019510094249355603,0.0089403825589027,-0.04243673329103113,-0.04703418169057233,-0.015322477529403284,-0.04687730525593325,-0.019661363243773138,-0.017276199109333396
KIF14,-0.03533915413289953,-0.012638517259917338,0.006212508183292716,0.06821893553738302,0.03169019194102164,0.020968434006436408,0.04967000910851417,0.007511710716669071,0.028699268721509685,0.006307691758142168,0.007614560626331234,0.015440118002671945,-0.01069619013860379,0.00017792152492126893,-0.025645503632687052,0.015344983586955917
ABCG1,0.04822318191770963,-0.008707596941642203,0.003981746188457374,0.04364940984006602,-0.033515870775174095,0.007031155857847609,0.012501096069633903,0.01996052737171676,0.003682324234701736,0.0018237748968832996,0.0032297151708891277,-0.041321534303651555,0.0010318133708308794,0.012413668254161092,0.012478405576101931,-0.01750049306479972
RAD51AP1,-0.026321718407519224,0.001730140387392531,-0.006389799113375618,0.08085493253061017,0.015445242495206225,0.03042913024677079,0.013828905507862348,0.005912521926069575,0.01859971301362507,0.01598038361302706,-0.004399976857430029,0.006378735386252308,-0.0044109005532828385,-0.010774447803764008,0.020498369454716774,0.052509370463645254
KCNMB1,0.041004374342402075,0.019220483243058934,0.014139593691701946,0.009273251605337407,-0.013246391780438172,0.007475146962835494,0.0031551253589245185,0.01744400153977791,0.0008772092902286871,0.009189402748634102,0.015787665818487083,-0.00035778947578567373,0.022089365243067215,-0.008466010793279697,0.017303622639027186,-0.018210658906331872
DUSP5,0.029160902616414585,-0.026784120913348048,-0.010785405788757696,0.02940133718265584,0.00036059794616730796,0.037227812443245634,0.014491164694536485,0.0301169923868557,-0.03912231106364651,0.04906865486016753,-0.012053411882700538,-0.03938847821314494,0.004581495580132114,0.015906932467365915,0.012931775607806407,-0.018834919349463304
GPR176,-0.014713702754154376,-0.0013921993361914117,0.025971528436889643,-0.012460388833484614,0.038726254793298734,-0.006908820913123394,0.009246499234321274,0.0060880507250483055,0.011991438914944447,0.010802331411499206,-0.06145764659505831,0.00682791936610491,-0.026896405616851755,0.028685024335690423,0.06482426620324455,0.03186491138389588
RBMS3,0.022574033845476908,-0.014900524571490773,0.04238887517531617,-0.014750114002131467,-0.004372645387508272,-0.013635546471157566,0.02055605763501336,-0.0017823963778278457,-0.033307126071666894,0.015273019974199218,-0.018294357055028472,-0.03552602563062996,0.015980566617078692,-0.010904936492549047,0.005576617905928817,0.07889093150361431
IRF5,0.0547416976293308,-0.030066225514783978,-0.004534417848389964,0.020887793193847246,-0.005456800543273563,-0.03423362549161337,-0.013334232280276902,-0.0004900460652361698,0.005561485348115523,0.010880517233152144,0.012558243736524165,-3.8485269465749026e-05,0.009674222676386483,-0.023424655231967084,-0.004316451449220654,0.0026495826010536384
HBEGF,0.012215758778161905,-0.0284964808964436,0.0014020257870792801,0.010223769424249367,0.012957942200084987,0.022849447306350478,0.035548853883713934,0.03480965626679575,-0.013131030803203263,0.0513733104737071,0.027948180236121667,-0.029151428989494396,0.03166873651877548,0.040636541437307896,0.0342927035197977,-0.0353492876975212
KLHL3,0.01919781710856106,0.0055132745851389515,0.021325006172443903,0.040592462572594704,-0.0065487867589136915,0.00814281546337222,0.01090948199897765,0.020358516268106263,-0.008641794592598135,-0.012222820188641409,-0.0368601416945849,-0.021550788901291425,0.017147931333665607,0.010564337956848113,0.03895051960203546,-0.02068608545542756
CEP72,-0.028924304075372734,-0.009144795147021373,-0.0010434824394916565,0.0602476866061455,0.014253837314325526,-0.002904827152760047,0.001887259647799473,0.011643446927263799,0.00535712997612303,0.007956936440108843,0.034900531855338555,0.009685914065050682,-0.0016102151733877485,0.0035679301953337366,0.012865035151898295,0.009132220351359788
GPR153,-0.03280091300810861,0.025177984386737167,0.014796856342458121,0.03264755465899145,0.0022239599236868603,-0.002961310018161063,-0.0343015779503147,-0.012497299891777433,0.028934884316811148,0.018541450777736904,0.007942008184035546,0.019646838255742288,-0.03303921957887924,-0.01411286613206222,0.0077382650337647725,0.01887525276246526
CCNA2,-0.028689977599047147,-0.0009916786548072529,-0.013590449418512313,0.07712144732900054,0.025770870962226473,0.028311192675370467,0.03178862373952548,0.008385027415158952,0.028247543983013948,0.011082632854590477,-0.009530818967656245,0.030327790929390572,-0.012121765911951365,-0.019026227061491027,0.015284922181039285,0.05421784821588631
KIF22,-0.030889556205073974,-0.009079829780190294,-0.011559277889669524,0.0678248843620504,0.023911349865777753,-0.003760326121897655,0.005092895571277119,0.034250404311391716,0.02652502117342149,0.04029679696589874,-0.01002257708650933,0.029848735824887902,-0.002155465165437534,-0.013817629609032982,-0.020730763309563832,0.05176380592508532
GPR162,-0.009554308974977315,-0.005796800623698986,0.023798729495057756,0.0372637948028428,-0.010860953376215456,-0.018765084123974023,-0.03286928817809755,0.011096221261004695,-0.025134043019203793,0.03168438248250097,0.0033179422534251254,-0.05799792159052522,0.017851364863200436,-0.006945635477146163,0.012817841103694204,0.008306393572578287
HORMAD1,-0.017614644494694475,0.0007859066517932015,-0.0026884275607382325,0.03548767279605707,0.01758655321169523,-0.006506573159355899,-0.0078819325351287,0.006500351145168308,-0.00039047270164188803,-0.0034817150051952225,-0.0026430292205325574,-0.010447814521344061,0.015507295796544397,0.015123334708616723,0.05002072174688102,-0.0136633580176007
TFPI2,0.0052776841769223886,-0.014618721597278376,0.010427669605057838,-0.014550576560128944,0.032238416292549324,0.009941147394974221,0.015960649910025083,-0.013358837994791293,-0.011883450964415038,0.01443771677633066,0.04809666631427346,-0.04294370556229288,0.020855761297250572,-0.014476392767508567,0.0391081523165959,0.004073511088178107
FSTL1,0.008333931444130643,0.016426728709776496,0.050166630155660856,-0.022766013998514186,0.023054176518201006,-0.00915352800153054,0.006679741024328518,-0.006310880406983935,0.004337337180509119,0.006254862123228672,-0.02644042712747143,-0.015908508585214712,0.015007872993000392,-0.0067786113250351415,-0.033391895394500964,0.040991363699886166
CENPA,-0.033428447431284286,-0.01959425841754126,-0.017936622118909645,0.06739318539582272,0.02334081586585276,0.024529869783817264,0.0063907053423883035,0.020390857486899033,0.033514073770455406,0.014016724034019469,-0.014025587933410301,0.019504672096014947,0.021481129929472296,0.001240788806296458,0.002876179749089983,0.07406690712965368
GJA5,0.027443776577189355,-0.017257783548806405,0.04283062235063008,-0.014333874486212638,-0.007820613829392399,-0.01258180638599487,0.0010320378476231934,0.08200057757884166,0.02403459889811004,0.006616078639694789,-0.010828893840942641,0.022451002842240442,0.028305260881879055,-0.0042643427760427725,0.0024558596853388685,-0.001268122245839113
NT5M,-0.021980256245070752,0.02214540264364242,0.0006060145774742461,0.024464223651728508,0.011447356144112554,-0.04412920819100444,-0.04152220535725935,0.018398551268080047,-0.0028397068967566724,-0.0012167077172843769,0.01300413118033809,0.006175930219515353,0.04269085206754269,-0.01066877307584733,0.005852025303644991,-0.01606434225761778
GIMAP2,0.04932577061775071,-0.025733451549292595,-0.004066931541409545,0.022738946379040115,0.0006177332864097853,0.0006458908254258992,0.00187514980176119,-0.030348868006101867,0.010210841463640506,-0.034299104778901135,0.05026872602524423,-0.008641315132728762,-0.01783685879316065,0.0016974680256463537,0.01608908710002397,0.006791717511195967
RGS17,0.0005759112774622222,0.046324696633347,0.009574518658861247,0.039496469557877445,0.007173907436449793,0.013708465603585355,0.0010478097069760107,-0.0127827678484711,-0.04750191771716376,0.002149831667838547,-0.012623572902677273,-0.019225686451260243,-0.007551130727371912,-0.009904437239122106,0.0030501523537234823,-0.013839563836121085
EDA,-0.00014249027821582614,0.015521132743606182,0.03584403699295893,0.007480322736418205,-0.04035749007065061,0.001347280192941929,-0.0031230736887100045,-0.03986162302628524,-0.002982048278129883,0.0177211801171408,-0.042948059359836144,-0.008927604027632884,0.02020285791129597,-0.005177227712444903,-0.03194111000307456,0.0032321599854793458
CACNA2D2,-0.021237247358660935,0.005236448718596246,0.036072613599755644,0.012518647571426154,-0.004564029425606588,-0.02078847532887063,-0.010554075923876048,-0.014324860805028332,0.006923858791317533,-0.004368583000859209,0.0061814131383138345,-0.039718797425351705,-0.013747866630706061,-0.04621809490024555,-0.04464773699390304,-0.0360891541928668
PRTFDC1,-0.005372415063439813,0.004076439629231171,0.024481331505748345,0.0038421012657427795,-0.0057800415092587685,-0.002885714642223306,0.05218678843656148,-0.029738286693242504,0.003292477557072685,-0.027787438189229838,0.0101326413124021,-0.006227118638482131,0.053458948226472486,-0.06445668982382009,0.024221019751888794,-0.0018144251241366109
CA11,0.017745916799338377,0.017722021262525225,0.025089351595444745,-0.001707737534443361,-0.02282715944517948,-0.01370185993111988,-0.03193585592790713,-0.0254309512412842,-0.04257669801591402,0.03329919116370875,-0.027205440052091058,-0.028695697914865263,0.026839367513430162,-0.018820258316522027,-0.00029549662418853,0.0663895026908008
CCNF,-0.023624658259991844,-0.035566288572176884,0.0030073196844902887,0.05562337640412725,0.04376542214455272,0.03282664193359351,-0.015824929975446187,-0.007669859000349751,-0.004583225128993842,-0.00600580096583336,0.012531891308464558,0.05165880791744802,-0.010281657859567826,-0.024424761094446877,-0.014599353100699684,0.042624466956747126
TXNIP,0.035839671254925265,-0.02088814280593152,0.030415265734731113,-0.006933765193119079,0.0036363587121968546,-0.03763890061025691,0.003714958615434586,0.001706279671193924,0.0006344265316863104,-0.030659011894861643,-0.028177772102894263,0.032052242869107246,0.006980547480094363,0.006317127451687282,0.011683120342925282,-0.009664608998426335
PLD1,0.0003176366818170226,-0.013954274433481795,0.04311312739340311,-0.01710324874646655,0.050180699261787386,-0.013749244530927606,0.02400603175291363,0.007951904554477586,0.025618829136023025,-0.022689000247605735,-0.018230478065754514,-0.01349436955401483,0.03412587872174797,-0.038872528935114906,-0.010616190747262222,-0.04737254471753085
ACSL5,0.05943827821011479,-0.014695309285235221,0.010464624527547851,0.009863971503012717,-0.010131867124117873,-0.001964763111406585,-0.004371739583532763,0.025770724503716307,0.02245445209969514,0.004659344652466362,-0.015979395559457456,0.009783156355049078,-0.010505622359991414,-0.019025847666100694,-0.001504501793457384,0.024144374349077728
WNT2B,0.019627922665853975,-0.03193293728114733,0.027739718193023052,-0.02121159765591224,0.03801433006923762,0.007863670266662513,0.008638228686545922,-0.0008104998665559864,-0.005977049757311689,0.037652385516315855,0.006953920948342113,-0.04553284371247297,0.0017935047921613747,-0.017831448243242905,0.006142910424612919,0.020824905780091253
BRSK1,-0.007110902119570003,0.015623229448387342,0.024035639332383257,-0.0110289885308294,-0.0022944138520963895,-0.03134584521328593,-0.011273815557848836,-0.024894557372869084,-0.014446277034621514,0.048783350488591386,-0.03817248142431748,0.020670091474835693,0.009124713323096124,-0.06455389657576095,0.0014363609248731037,0.0006606499639678354
ENOSF1,-0.025856551972911774,0.017213389816986086,0.008110876387333366,0.0468419180411979,-0.004968173001925679,0.0209210230806805,0.011702761976474171,-0.022082518879565947,-0.004300225758238554,-0.010847695946735963,0.005494724915101189,-0.04569863418249052,0.03683482844287649,0.009940927404999075,-0.0019695373953067296,0.0014567059123697988
CALCR,0.013821044777086254,-0.04023755515133317,0.02394452077219236,-0.004747188661113616,0.018577625687586106,0.02630111110140617,-0.06873459858828639,-0.04032735751531121,-0.004512609546325272,-0.03657774934973407,-0.03519422417388234,-0.005577020212123526,0.02839943175352045,-0.027443556414815357,-0.0009285223277394495,-0.016075187734984443
SLC6A6,0.039697277989362775,-0.014856545612701378,0.019012069094155707,-0.0038646622897448423,0.04070523720165609,0.010191159716040852,0.031686667078279045,-0.004079200906079985,-0.023666883204169903,0.026701354742780598,-0.017682650402386806,-0.0007177556438379886,-0.038792706215768885,0.0323640413983559,-0.007908788857346683,-0.008277403708178022
CREG1,0.04126489092909057,-0.010387505429478142,-0.017003978185206242,0.03715909159778175,-0.0010003709278951418,-0.03022569070962752,0.00229386882716819,-0.0001979402865862432,0.03537478193350384,0.008918891527827232,-0.018590475034269235,0.018753427410946474,0.04580103941642613,0.009153293424053263,-0.011472868906793374,-0.030449128696753675
ADAM28,0.04998557501141987,-0.017669094770622115,0.0021887456489867777,0.016634832333386747,-0.0026258144252536897,-0.02096725311321046,-0.006186984471207727,-0.03247193645663779,0.028433707640541914,0.005315682737449872,-0.01845747470934394,-0.033130176689682746,-0.0016534852409517149,-0.02913170781307321,0.009626583049634223,-0.028964198738929026
PTPRK,0.019009614015869748,0.004928634403984286,0.04568594236347551,0.006914454316306796,-0.014358758840122492,0.008995814899573672,0.060567308768028426,0.005660865427280156,-0.0433681447403015,-0.02316814055674895,-0.026111197145707716,-0.016545459452503946,-0.03240285018258627,0.003859883126418155,0.017643220871008624,0.010319629201072943
LRRC1,-0.032970081687225046,-0.021911047467510377,0.019610210643505196,0.024917286831924033,-0.005570203616340145,0.0030705934720402055,-0.004921031311751216,-0.024141077207142547,-0.014420478962260997,-0.011415404956129464,0.0017322716951229163,0.03878447282772744,-0.029290407292952316,0.0187166328801611,0.06252305907439165,-0.02464431854382216
SCUBE3,0.0009282038724003853,-0.019925234729014512,0.04904005014788904,-0.012210980537726205,-0.0017605308872453377,-0.00956257067981174,0.011101781236281529,-0.026879823136779467,-0.03940710076622892,0.022997897798393632,0.04424967466159259,-0.0009257386537449407,-0.020010613911641616,0.0011749844917889425,0.02836456717273863,-0.02885540526907874
MFNG,0.060710983026039625,-0.003271109802387733,0.010466761339932601,0.020859050585959233,-0.030215297182330215,-0.01433735138593557,-0.02567779657314183,0.017348463255008873,0.023997576306511285,-0.00573979136174564,-0.0039648991589065485,0.00740324452763601,-0.004673311727417099,-0.0060624552732351615,-0.0010301829165229276,0.0060126308679328885
GPR4,0.023101515431014012,0.0002652812009745686,0.03549016567360009,0.02175339725290442,-0.04124166547400371,0.07077018589458783,0.0008543387482079054,0.05117321048652476,0.008839169818800448,0.0237149573667895,0.028867190050435733,-0.024682816022948785,-0.008526294076534218,-0.012723194376276198,0.01417659631098476,0.0034130946584278116
DACH1,0.011750036835846498,0.017151274639790572,0.030760807296972902,0.03505747809595289,-0.05442732698512441,0.05195872182393288,0.011005420956126555,0.0012365290852602876,-0.030236343837559375,-0.021500596191806512,0.040466790118854026,-0.00954341823818119,-0.007803829686496305,7.242713337212922e-05,-0.025109569009303258,0.0038886555434537026
SAMHD1,0.04326616388196195,-0.022149083823772592,-0.012261742021647315,0.046987285106183704,0.00736385470775561,-0.02512872309736052,-0.000660696087172466,0.020760503060249895,0.029518025145134828,0.012010965091110368,-0.005429667859792275,-0.008195309900534114,-0.02069415034958118,-0.024744507979931135,0.015635448064015334,0.007276050187849577
DPYSL3,0.020953508186004596,0.03381267222363057,0.02813412391189726,-0.015973305666321894,0.03513326411822741,0.007485097376433204,0.03035684013816177,-0.02842511244696232,0.01815556429912992,-0.0095231021882484,-0.034024419789716896,-0.004596902451459364,0.0002607897612255894,-0.025553457027845495,0.004215740074718007,0.02102471205567021
RAB27B,-0.028278214931930543,-0.002707338765114429,0.024180496662131103,0.00907349163427108,0.0394806470924249,-0.0249753155215405,0.003307107437723582,0.008308087383161994,0.05418040561785557,-0.023755926872246095,0.015077876506335512,-0.01829697822430631,0.05924184179736405,0.03777274274184726,0.002849942131982759,-0.015426275177988252
SLC2A12,-0.009472032663089708,-0.00520623841664691,0.03455582479479701,-0.009448371267307559,0.018963648054101348,-0.044042113547072534,-0.006048604632937524,-0.0015756923718600853,-0.00813680989502412,-0.015110528806665776,0.0028073681106959934,0.034576894937200946,0.023970636516730034,0.031047089283106608,0.01911904346430726,0.00556273943360207
MX2,0.03471990916228231,-0.015363896413386908,-0.0010165568731655122,0.01645322379548839,0.003174046544071412,-0.03962391869047688,0.027122026366177474,0.001823348946342274,0.03688784866253778,0.0047320252345728255,0.05733099001494986,-0.0028597183578414256,-0.02364978556160545,0.005701044206305239,0.008505265674719407,0.036112190851968366
HTRA1,0.008812491261393517,0.03493172783612229,0.020863295456078765,-0.03782164333395177,0.05574926284520335,-0.011618895421516496,-0.021575349272988213,0.0046559731273973625,0.033076837204544685,0.015702345697568988,-0.02017660327088314,-0.022522131190976784,0.034981280399470245,-0.014543122899576013,0.023361862667729175,0.016815655870245156
P4HA3,0.016723521066891886,0.046567142526565034,0.018074734028000295,-0.01317206625030879,0.04240272444793942,-0.009029547913157384,-0.013410971632649517,0.003731741292249933,0.0016274422731166185,-0.0014317294128876144,-0.038184600005833125,-0.01560161250853561,0.040401477102380984,-0.030092755582039964,0.01963964154613887,0.022620327661061326
RHOB,0.02162715239234967,0.01423169335013252,0.010319675406181042,0.008588568408989705,-0.016352429488481042,0.046040252706340115,0.02545789641898722,-0.024193302428587492,-0.023871008303568385,0.03885466639370635,0.06127298288114867,-0.014050274656381756,0.0004726611761482636,0.0296964972914281,-0.016771559504237844,0.02228241685090181
FOXP1,0.03467170766416818,0.043446671201017195,0.015363983563053081,-0.00031573083926796216,0.019411661672174188,0.015727401124444155,0.01444678593645596,-0.010607949358084665,-0.04266733818588999,-0.006226805116037343,-0.037378716421577626,-0.001744580840678668,-0.0245627182693793,0.010662597085123238,0.005613692511405293,0.030112576681405507
PTPRJ,0.04616675035658307,-0.035576438870809995,0.008725288153693693,0.009886536176219637,0.022611293141702925,0.002516423567429496,-0.011288919141143921,-0.0022927549645975487,-0.010654214615283977,0.01664221254265361,-0.032635334321040085,0.03461647116332958,-0.0422179179994558,-0.006001602792296074,-0.021851384691761084,-0.03403564382770973
ATP6AP1,0.01963251306668093,-0.05288562048278029,0.008359415107295754,-0.001967937764733453,0.05417430641889706,0.015354148657250268,-0.033635870266236295,0.0031503312595782956,-0.009279187727660882,0.018754286068038327,-0.006298938892910709,0.0034754999845980315,-0.014797779778220013,-0.01848981682000905,-0.00607733120943496,0.0007225714810027116
TINAGL1,0.034745086304587856,0.010927445514696653,0.015772263177459448,0.015889124725185333,-0.05786471290572539,0.02992908750130046,-0.008818549598500387,0.03213201317458498,0.01067852563048232,0.014497781208649994,0.04121288950349412,0.020065505779934892,0.03829981088756095,0.010262515358993772,-0.01544212954995968,0.023743872162579754
ATP8B4,0.03789330536425617,-0.02595585592536187,0.024649556354982418,-0.016433361974852238,0.00910583077339197,-0.026905618711744593,0.04420851626083969,-0.00462203330754463,0.020172630579214146,0.00027478455581814686,-0.009921825226787471,-0.0024171453878233753,0.01935243777488008,-0.0189549300189374,0.0221591258386403,-0.01869613918695319
ATP1B1,0.012640777297832787,-0.025230444124003142,0.004520877880674656,0.0173704093022468,0.023468518086546163,0.0030402593605118045,0.015649841442149183,-0.009293833085540833,-0.00864188067238839,0.001069376566018178,0.00972098276334125,0.023849046704891172,0.02789144440569937,-0.016519969351390416,-0.05568053477334842,-0.01846967833159849
SLC2A13,-0.002180899122777367,0.022662199768849912,0.0269786616625929,0.022004668033028224,-0.0033262811953068136,0.03489626487949156,0.01849797506381527,-0.04523368142254552,0.038124985950342985,0.016357493574500837,-0.03612103016642239,-0.005108267036978963,-0.0455798911097624,-0.01776913975272111,-0.0046842628391138485,-0.04531203618076236
CPM,0.042645771362694165,0.010453295462733114,-0.012216194416284316,0.03663431633037957,0.0017975319416520946,-0.00046468284014063513,-0.00010443209054160699,0.006347840370674833,0.025830845642541046,0.009396787919060895,-0.024349149524263803,0.006477850092513126,0.013463987476804835,-0.02145848974230767,-0.016399789453447784,-0.05367210492753193
SPSB1,0.03358156166796371,0.03695972770763732,0.016958587695749865,-0.004569662517760094,0.028718111898378168,-0.005090702309826347,0.0004059460981946589,0.000848039536054176,-0.031165225095885735,0.055027345389692714,-0.02057402965075212,0.018875263022622015,-0.02473888099849441,0.02710541192574008,-0.0026486299735648563,0.02223212730942583
TXLNB,0.03200132303746077,-0.022229698468008527,0.011682711790436492,0.011999783729059167,-0.002179421240421138,-0.0018936701020187442,0.00024079541274843659,-0.008668428807277601,-0.029982796311377496,0.005477369408901543,-0.013134600631996014,0.08353789330608803,0.04273087368768886,0.046464274680839336,0.03291574547214593,0.014531067209549017
MMP1,0.009626760881287113,-0.02971300111551537,0.014909959549277613,-0.002126152850863236,0.051963042910154425,0.05177309236409979,0.0065350742187352245,0.0010931887319114188,-0.05522485147683923,-0.009487975441408246,0.06077679193165798,0.004147335312799604,-0.007193038106929395,0.02837142487843955,0.03371502527612518,0.022110954689955654
PER2,0.002776820258949875,0.0247321868572468,0.05119857534115101,-0.006525979204313946,-0.007519797193779745,-0.00600710168556478,0.010542362800484987,-0.018249385612887185,-0.02465262956950825,0.0032598709552826115,0.0146556969359518,-0.005695514824505467,-0.00696368090213393,-0.004566013920309222,-0.032428859490401724,0.0006256377593075527
ST6GALNAC3,-0.016306307912376083,-0.013812689962681503,0.024042576775292594,0.052938695428038585,-0.0021032374555218164,0.005951294688467647,-0.02204967040437194,0.02332594491365131,-0.006730733401443357,-0.03702568986239828,-0.0019211615643781508,-0.021948099800805334,0.04257458307449114,0.012547511500453126,-0.007053905555487664,-0.021711009325176358
ARMCX1,0.009815433740407851,0.03453880376637582,0.02650106297998825,0.0015600201609231794,0.0032743572629616,0.0013672026043147108,0.009746161139693569,-0.014584418862710894,0.051964555542214484,0.004060543839877666,-0.025309414171714888,0.02006209009377669,0.03699383055281995,-0.0178930910000491,0.008197791945920156,0.0068844401533500205
ACVR2B,-0.0031487072220826215,-0.02366653603507498,0.02850475014729735,0.04897016227445855,-0.022816273951811572,0.005170395197714601,0.024690857010594765,0.008274437832016653,-0.05512795210781913,-0.004588793537453444,-0.06040102308457283,0.0379809530899085,-0.010122751854249785,0.009299333649886436,-0.005256545609623245,-0.01210095822962777
NBL1,0.013589934266856346,0.0069191283737521075,0.020433404499291312,-0.03710551766003668,0.0238756906943737,-0.019901939521856805,-0.002777782509898934,0.012792384432710205,0.018191749227935962,0.05661473139105192,-0.03311613485304414,-0.02134450276740405,0.01728626215772775,0.0017243171624659005,-0.052549770361519976,0.04270578400862507
TMEM97,-0.036900289706007616,-0.013213833029664031,0.009591065106990135,0.023984550438782178,0.01397511915886588,0.008949300455018017,-0.00878448946524442,0.00700404704521292,0.051963079157924884,-0.008106024207120036,0.016104348142829766,0.051641503594452694,-0.014420539589635219,0.009289488623724168,0.006542271126642334,-0.0010101679795767693
DPF1,-0.02522707342265216,0.02001212567205534,0.00493033113857402,0.03978224930539574,0.01651401943601615,-0.047583633946961364,0.0003977221826157021,0.022860574526554787,0.001709555813172674,0.03474533313252422,-0.014069640936725337,0.01096160531045751,0.012223897312455066,-0.046320645083332224,-0.024841866211530454,7.807867759798996e-05
SFMBT2,0.03346186241766361,-0.010150212137372302,0.0452309231556678,0.02189405506439205,-0.03729010541581421,-0.02745446232068345,0.006824134643926769,0.004676512312713187,-0.025162436043637965,-0.016363346874916137,-0.012815852849156099,0.0010230132139009002,-0.040640219823015036,-0.007954998094410012,-0.01553117817489803,-0.01618795066938868
RASL11A,0.02566226869070521,0.02415179542734209,0.012822293338544993,0.007970937931608675,-0.007789206695810676,0.01582171245374285,0.004730124345813001,-0.011315861675043462,-0.036522066769258114,0.012858691723019677,0.011701915849033684,-0.0059608365970155,0.030174412719189664,0.01725533242886053,-0.0004296861593320791,0.028825440078232657
HS6ST2,-0.01749063222046649,0.02523378683614734,0.013808851218574976,0.03580264128709368,-0.00039899216508019575,-0.011125588699496002,0.003420844937601568,-0.01285861265015152,-0.04238266607723947,-0.022578324766701484,0.029803547550342528,-0.023410923668650656,-0.0019068218483406472,0.03317571538929792,-0.024901503661984944,-0.022084804000575112
KCNF1,-0.00657448317829199,-0.0018516845296545619,0.018619052107764232,0.031179986143187816,-0.02861422535466452,0.023158407910162816,-0.021857616474840226,0.02110103325696296,-0.0398685371116693,0.025534735228377247,0.01816751818699982,-0.04815602679082096,-0.008535203963798697,0.006760666255867034,0.00738330033571541,0.003995983608595022
TRAM1L1,-0.012677559296453984,-0.013062909848506922,0.017085311006458145,0.00021092646959736637,0.016778434193269454,-0.03202941614261766,0.03266088374536949,-0.03151692725193006,-0.0286935547722361,-0.024267211487021073,0.04827537819078973,-0.03236242550670645,0.041048160741718194,-0.022453764467129683,-0.019262701241747608,0.028194161119423695
PLK2,0.014890249504579693,0.011583934086255021,0.02592091287267002,0.03629510797782617,-0.02101534054141237,0.029994993784110052,0.014338742223204592,0.04099781112423493,-0.006304204941171329,-0.043644470249044276,0.06368564708821234,-0.02849834309685355,0.02048632658813818,-0.01179073760497119,0.007164082337292413,-0.010227583319526706
NRN1,-0.01892236703997951,0.016912807562452538,0.01690504393175991,0.025756456488164693,0.0208561238740382,0.009545321336422429,-0.02967686092503518,-0.032865978394759486,-0.011687696511098085,0.01061120652532642,0.0026382470920473084,-0.025672848782832297,-0.024041531483371435,0.03811232598316422,0.024785920786786146,0.010537836219108873
DNMT3B,-0.034840689463430004,-0.0011798860865306635,0.016251010794537935,0.062055460105730056,0.014850737156750872,0.0007887973848348939,0.0013655463068678623,0.029541038272091535,0.009735385725423602,-0.019287063013992193,0.003196775070337242,0.028139563208141472,-0.0022507736064067132,0.015417189160072911,-0.035892715483764326,0.03297461118142156
EFEMP2,0.005606551578637848,0.024092345747453947,0.026026361316709944,-0.016137058508163396,0.0052206056400816055,0.0003781515903305047,-0.03524706511140192,-0.0319064829711422,0.02443311309584392,0.005490203713525863,-0.0209205085065454,-0.00840197665142077,-0.0019287274694783684,-0.030619464827918677,-0.02297335723010109,0.0647246178345712
RCSD1,0.04371699354389424,-0.013286991153461035,0.019618125808405537,0.03696856191865583,-0.031126875930708623,-0.024535023391721346,0.002638903597106272,0.055438691064898765,0.007459679959903534,-0.04023719232861451,-0.01718187384645841,-0.009985180362356908,-0.007359138523231308,0.010329720183733964,0.027907820984387564,-0.007421784417699191
LRP8,-0.013218221071755031,-0.020045795904035206,-0.002095983618985323,0.013974304729652389,0.02855201450030756,-0.007879877267836986,0.06443960077227186,-0.010138796302413555,-0.010290482856163252,0.045959290975304934,0.014207942300869306,0.03331715607517663,-0.036582607358794476,-0.019446664501808972,-0.01002551647951401,-0.033872969534486805
NXPH3,0.01866308278402332,-0.012631644293737577,0.027142382019316534,-0.013116599804381459,0.027695619397014558,-0.0016440585249727366,0.023682516796744185,-0.0068110063211707424,-0.021096939150924747,0.041017071265981524,-0.014603060695470505,-0.021612427916783437,0.009174183527967245,-0.026251126526725777,0.02093588800762915,0.002166613313493595
P4HA2,-0.015058492450901196,-0.006434698234227513,0.009523418057017565,0.009502512996338898,0.03234741063225896,0.038323238063042414,-0.010246461752625582,-0.031373554146912404,0.0634481931087294,0.026220496428838384,0.013463954340428963,-0.003094165491962673,0.008529369078497518,0.04356342671574575,-0.02574093347144291,-0.014544189602588782
ANK2,-0.020837340574697324,0.010034765658844726,0.04215242982819731,0.010149306956176756,-0.008997759883865052,0.006353126225857068,0.03907194233255124,-0.05043608123493595,-0.01805045933694608,0.0024185036375027266,0.010736008652503768,-0.006552542508759552,0.020783107176238557,-0.012019769740950773,-0.0050062434127635435,0.008587681132000938
RAD51,-0.02430117650315006,-0.007080812386275375,-0.028175027568824212,0.06527700336336065,0.02761779339482034,0.02654171244662092,0.018277840163034804,0.006867644153088007,0.03462403323029102,0.019095199214922455,0.0016132196070339517,0.004763653834224181,0.007061681233705026,-0.011874091451805263,-0.004196089110446467,0.07408593870791436
PLXNC1,0.045576313178206485,0.023301226432165843,0.0039435575237459775,0.034480426579364155,0.028072016670569834,-0.027598136370248383,0.016005266014024827,-0.02906520315748895,0.027298156417769094,-0.016511881358476005,-0.013895932996942847,0.0048747566546378076,-0.02333492679464764,0.0068026141604667426,-0.012211904062590418,-0.04551679995880193
SALL1,-0.02882770947264595,-0.03815043341171097,0.02325230497167839,0.004045350558659404,0.002829822101421817,-0.0170514370303727,0.031869309862073786,-0.03246550752795999,-0.027176029776476637,0.010812825276506089,0.022522243826619687,-0.05142787784302065,-0.0005728638833787088,-0.0022832082989458877,-0.011597366735365232,-0.0018761595281028046
SCRN2,0.0014984162004115726,-0.009894806751369889,0.010082406375943858,-0.015078433475978707,-0.00979922114404776,-0.022794892333348093,0.029768315799103176,-0.04207829363262841,-0.02083049820356855,0.011687303160344024,0.030026769287907505,0.003658125692814696,-0.01269340759649421,-0.05719682166793679,-0.03640750282204269,0.07210777568870841
UCP2,0.05001603839231112,-0.018792652899291305,-0.02084279745999911,0.03899837990789559,-0.019637141131608592,-0.004127047404233461,0.0005352880583278496,-0.019215664289567724,0.02847266133660928,-0.0006933483090137051,0.005722159315661419,0.014462471075514335,0.0065137159358075215,-0.003325941831291087,-0.013047357047302168,0.00861488488696429
HMGB3,-0.021507512841204876,0.012995693483752672,0.0005458556864873151,0.06723836221762361,0.009047503770980226,0.008146711707905901,-0.014631893535014935,0.00993708144961464,0.012038797522371998,-0.0024027012342841447,-0.03382741527018658,0.0045832111616480285,-0.014999584587462589,0.0049018893891828235,0.0077541252760967485,0.03415047029923077
EMX2,0.0019548941848718344,0.04857625478346439,0.002899252218848202,0.018626330364449134,0.0037735834816604113,0.004524905744084754,-0.034980138542812386,0.005488928559758573,-0.004830608655897507,0.021095491966196773,-0.021276421869339354,-0.017965003003123994,0.0020788124300105335,0.0006150175982977584,-0.049998411656166176,-0.02867435251425199
CD6,0.04276716660374888,-0.01169864792891921,-0.0003758942626000863,0.03868766229062682,-0.01220621702343376,-0.04373325292474398,-0.008483728877245383,0.005475807022901007,-0.002500872476385271,-0.00019017221353397843,-0.015322070948499923,-0.020821692187125554,-0.028320872073970094,0.024036730316521104,-0.0018507903195399645,0.033172087907723025
DENND2A,0.014150994156795951,0.015027063826859921,0.01952228517443138,-0.007887927244219356,-0.03767130049562828,0.025596257117613652,0.03967257810116764,-0.023397543774706223,0.016266240496187172,-0.0016643575534403656,-0.00540474680887676,-0.030232296003195724,0.009396936083280278,-0.05138066543174445,-0.019597659062732115,0.01147831723960181
RECK,0.00488965585403576,0.03346090731901931,0.05119898270335601,0.0020085081145427824,0.013102808904590828,-0.02715046862531998,0.04332396004167124,0.0010086520785985193,0.010742113295037995,-0.036494620895259275,-0.01695449867239233,-0.0222730234875445,-0.00826780498231624,0.0008702805139676438,-0.010956224968602902,0.008067098641807578
ABCC1,-0.010815317959388044,-0.012065970475051252,0.019870027853287023,0.029555784355248745,0.0153157072162642,-0.036783019678298216,0.021081519109679772,0.016983906512215378,0.042085419179481935,0.033483265872472655,-0.02594937703243421,0.014180622634950048,-0.05061664781206287,0.0334220076943916,-0.04104220681499782,-0.0614172932603212
BCL3,0.04224690723595927,0.016946315409140777,-0.00910058870031465,0.02101828580912554,0.02092316344153595,0.021251304546737453,-0.0017566061686639742,0.006739758479447057,-0.013964262474844343,0.03198815471490438,0.05258895067996268,0.01570676808969523,0.010583148155098844,0.03640071989566129,-0.0425274669914754,0.03609819546717737
CD109,0.014094346601652798,0.01852162901327173,0.02132769423211583,-0.02213493172332572,0.06435542060513567,0.03450324987433055,0.0007489994950372033,-0.048137476655768584,0.01644285247701128,0.04077661853675633,-0.02667832581746922,-0.002135770490267817,-0.021668429958892794,-0.03520665212065654,0.038471823286823345,-0.023815007095186008
TMEM71,0.024847527402423117,0.006904056490946231,0.004432270218798782,0.033838233114539006,0.024835319624271036,-0.02915818675286959,0.011004760269369751,-0.002458265460637536,-0.02556823508035139,0.029435377200883225,-0.0452997455551432,-0.00215840521555529,-0.01646291156780111,0.008969851471346697,0.06166786694984695,0.02738683389409515
SDF2L1,0.0104168053304726,-0.03187553828827682,-0.019294291309920795,0.015307473009966271,0.0028439443554247826,-0.011108357436952022,-0.01971496420065065,0.020176922688459456,0.002550025165953138,0.0597387607313576,-0.007692947865934115,-0.021407640909957497,0.045559461602339334,-0.003825839049730757,0.0034209293261881044,0.05178325952745514
INSR,-0.006553520528879946,-0.0032726831484382085,0.03985116750865211,0.012392447607275148,-0.02295156853436066,0.0016306671315436012,-0.0103748416638141,0.06379467794165668,-0.012974877820481654,0.0166892775585888,-0.046673717721376046,0.009323342251106509,-0.03577587329402161,-0.011846917904122768,0.052721411421602846,-0.055374818884417636
MYO5C,-0.008772690766110666,0.01400592275071712,0.014270501449552725,0.0344411955081061,-0.021374559733459694,-0.003918635645731038,0.014229309647056019,-0.026935686840125025,0.016162263394264995,0.022955647879210818,-0.026787658349583618,0.0026706141146255044,-0.0588935765438686,0.0020223323997047345,0.026848065363900647,-0.03770484874321045
SLC9A5,-0.027367312588222135,-0.0011699984758344417,0.021941491175080013,0.007911303831194103,0.000836421747202625,-0.01482128407029314,-0.02723845669464368,0.014738637717797785,0.018340876945283954,0.03975251003857272,0.0006113963726372129,-0.002963227506179258,0.019347507394568773,-0.02182782629480554,-0.00131557915301957,-0.03318039927838243
KIAA1671,0.007496302940932525,0.0019730221368755084,0.055762525964246204,-0.013372379072308292,-0.03440290285534365,0.007120266199986593,0.02562170399031397,-0.011099417250967107,0.008499571947002547,0.0021756694131284723,0.009225689435940774,0.0038922690639320383,-0.04451835596531533,-0.0141924762721525,0.07103833171482857,-0.004031794876437954
ATF5,-0.01375632023798969,0.0066861504341150044,0.013283080328343563,0.02177906402304733,0.007688369638347788,-0.047545770510342145,-0.01199801787001641,0.03827546658288292,-0.004402300623974929,0.05716227727836047,-0.034772734975154033,-0.009621049803269895,0.03440291100257019,0.00907415360762562,-0.005511309903118695,0.012948716954264809
NEO1,-0.0313606075010984,-0.009395973540659061,0.04628198924124182,0.01479840004648011,0.011788689252733176,-0.02870923516377547,0.012133751695945593,-0.02006615891044649,0.019833425767423238,-0.028016716379935993,0.017496760521001905,0.005550292806331189,-0.02383650863803318,-0.0002615849746099193,-0.018552220653915118,0.004953128168525725
BDKRB2,0.03572099567668418,0.028811792834859726,0.022161238888688997,0.0025107331525317236,0.030099439931041937,0.026463110346275603,0.010273518201434195,0.01289254580820344,-0.011218263352262692,0.018893997083135352,-0.023093500623475753,0.027790722288724524,-0.009202399197553245,-0.004183447296189432,-0.007883533208804628,0.0061434752824724
ATP10A,0.01672650296832303,0.018935102579961307,0.016915363345278517,-0.022125187119335612,0.020283900613167632,-0.01923978688913139,0.027239809482153262,-0.00470229048621483,0.0053718411034421884,0.06615447199926074,-0.05719715854224379,-0.002072220421148345,-0.039358050231136796,0.0019832752724520883,0.023276031692104147,-0.009600963343770662
PITPNC1,0.03619250113184507,0.021496035076995434,0.009909773001769555,0.026714774730996024,-0.014023828225288203,0.026034894751916674,-0.007931590397775166,0.002967063165772271,-0.02275498339665082,0.005404965276411223,-0.028163015206455443,0.015450927237549563,-0.016358361506741186,-0.01617772803096395,-0.05416606166118383,0.0014738560535834458
GJC1,-0.0010707339645046232,0.02942704211219645,0.026545320710446588,0.048010729371504524,0.015277729112067893,0.03160790050484705,-0.02212879812367733,0.019563729343929692,0.017801974539914663,-0.006396641958806102,-0.008463665228029736,0.033100575936479026,-0.040332590989697714,0.0014826262326415656,0.03444936507633496,0.015776206925696493
SSBP2,0.005036429931975306,0.015370590652583269,0.009375501202059017,0.02627896015504802,-0.011610687421949853,-0.017389989283762446,0.0137230111664955,-0.010083692391480957,-0.04391691124043025,0.00017666535915541104,-0.029667584021820688,0.023114869530499533,0.021749662330945854,0.014840825638015453,0.03548737737072856,0.021186941959986483
KCNN3,0.0015678906429441133,0.0018830855954920138,0.0641145799389757,-0.008470698182726982,-0.017247330860204087,-0.011678523097068927,0.016190190310741925,0.030065056431341792,-0.012203579915446123,-0.001332453402277888,-0.03248811299868304,0.01397186932826709,-0.0032823751725426873,0.03790802771905505,4.2132178782991296e-05,-0.022311094651481227
SPAG5,-0.03657778973032681,-0.003323832700900077,-0.01747827777055716,0.06686855320624108,0.03157479267992923,0.014211068485574069,0.026384749219726774,0.007666371962803637,0.03251104143862537,0.009367961002183888,0.0028590066821188673,0.035889303160338074,-0.017255205923854388,-0.0018113983431004973,-0.03695855419015023,0.036387601833491295
KITLG,0.02394883792432589,0.01732921505606356,0.04224723871738749,0.0200498265645908,0.0036097891612359434,0.031062783185945707,0.04977591260794113,0.03612575044224819,0.017647689247196695,-0.03311284116925872,-0.0022871478077942176,0.02610554324940084,0.015349870569871428,0.001779694092874447,0.024141037037222902,-0.01818971515896177
WNK4,-0.03059221673398243,-0.007639170111333021,0.04064919415235675,0.021363748611282037,-0.02160923663657707,-0.02230724843956306,-0.022400577601773587,-0.012149498765508424,-0.03539195821785057,-0.013636111329064175,-0.0016934608330758487,-0.016172204450881085,-0.0025226767271424857,0.016693557473362746,0.010647571752074859,-0.010836605398267128
SAMD4A,9.437880149926214e-05,0.03189972455688333,0.028987242440521935,-0.003746786209605791,-0.022528898424254373,0.007930596855108827,0.04299816945366704,-0.034567412101862656,0.017899506975681042,0.03508982064261014,-0.05016678189995105,-0.021950103992626598,0.011750434733210462,-0.009900201558293738,0.025060220554513332,-0.027749269424191633
PHKA2,-0.011296820276085466,-0.008187179571714848,0.03710933628641308,0.004309877234748863,0.026101357944583885,-0.05536964731158691,0.017261350855456548,0.02403969505085958,-0.010945482939069938,-0.0016035374675796585,0.004720330072681392,0.016932149387320697,-0.00013788545619923412,-0.002811006426315543,-0.0036183804579592816,-0.0013965036675848454
TLR8,0.05772857613008776,-0.006800433999209076,-0.014118275444979674,0.03514548742012479,-0.0036173266860079593,-0.02782059472623719,-0.008259524132193696,-0.02702223407557705,0.03290132712466919,-0.006082295526784393,-0.004822297003283977,-0.012269557123136567,-0.0012205165217216202,0.0059806758591223926,0.007189940579642152,-0.027387740487830704
E2F1,-0.03728498503317812,-0.009989460446977903,-0.023224610249553083,0.05836826936902978,0.011342391585313201,0.015453006792813967,0.005734234241042854,0.02149256005236906,0.01243029692926132,0.04204553528287425,-0.008236904362859164,0.00491363690289303,0.005296902388642619,-0.02003057310508414,-0.018415597403891724,0.05399732420720286
ADAMTS3,-0.02342376611904931,-0.009597630712765166,0.019759102840380665,0.014278838101025575,0.02031668480305701,-0.014464702972836294,0.03731157210536848,-0.029932678748070304,-0.017856520098411488,-0.02291996177990576,0.02770269310429846,-0.018084764284270624,-0.007762684186883522,-0.01961742995542097,0.0256514854321291,0.0006715417741082197
HOXA4,-0.03279488544410944,-0.012404972572121413,0.009588051658797973,0.017295142998552053,0.013289682763140985,-0.024147816146747506,0.023089113403904116,0.019649292632739422,-0.02050505881549133,0.03879421620853736,0.010928778944576166,0.01675596172554445,0.03452068783364738,-0.02025362712736851,-0.01964428852581014,0.0006210617183170005
APBB1IP,0.04711243566206354,-0.01605457937560228,-0.005837562763211836,0.005297222271764853,0.023369708181436112,0.007232108349382316,0.015184165126961167,-0.001265771256489228,0.025038233119087677,0.00407440380050806,-0.0051512829022562516,-0.0026085051664749316,0.017605879066472704,-0.018664920671209468,-0.039213856498030754,-0.04652869836583757
DOCK3,-0.01749982389552643,-0.008319448701489335,0.02974903214038094,0.02465309837049679,-0.03241563476294456,-0.0002578044638535306,-0.0084118947751665,-0.014656852370672975,-0.024788254969527534,-0.020727879185848598,-0.001090310367345279,-0.040881190298015596,-0.009665632862872323,0.009804255416049531,0.06082281769764053,-0.010989662372151928
UHRF1,-0.027951425666963476,0.0006835090887704412,0.0020294776737742174,0.06637497577041268,0.043322300778061,0.009780081361641435,0.027598079483025152,0.02405946909054679,0.011749790615765223,0.009731857806063032,-0.006370980383576865,0.033733023180876856,-0.01225501732247192,0.007987648277469868,0.007178609313347391,0.02618199929994147
LRRC8C,0.035152666927164726,0.016060415595183893,0.012598789595370266,0.03922192489802968,-0.007991027392868279,0.001259037145787803,0.04873579231488786,0.010784069775535107,-0.013445837464255879,0.045743404487139844,-0.026702184757225564,0.005884424789251351,-0.04057601578495065,-0.030618775669360835,0.03478057910516908,-0.027421712500917607
MMP16,-0.024592734502151666,-0.030712134192240788,0.04162506383230146,0.004207427440766431,0.01114311168898206,0.01834248702782319,0.005403035561597784,-0.01401841634143897,0.04327245026746413,-0.022069724773579446,0.0010592991629634974,-0.01690550878931201,0.0246560163785304,-0.024949073800314504,-0.023143038022714946,-0.008513609177004392
CDC42EP3,-0.009035923986292563,-0.03876776433545326,0.02042732673532576,-0.012078442384502284,-0.013130523109067226,-0.004394559385145325,0.008010012978797729,-0.039431640073467,-0.00043293779061276925,0.00530052728404078,-0.028012853758825937,-0.0015697695350024733,-0.022836201849314196,0.02813255941950287,0.06197498470662059,0.001988559881820116
EVC,0.0007813819894764219,0.04199172916331593,0.03296005637681421,-0.0007227266190991206,0.035477498212755455,-0.0071887316219137265,-0.002219163356968831,-0.014940416154079036,0.03578128729968945,-0.007320966069989364,-0.04985918005013226,-0.004811286983325816,-0.017888150897560032,-0.006347588997311487,-0.01596422616935518,0.0008360446350291562
TSPAN2,0.00614357179617673,0.024451741322047887,0.01630711088987999,0.011920216841400677,-0.014285104484636725,0.028060159047535976,-0.003080319934291139,-0.021513833601509564,0.0003898740771062295,0.036424187182175896,-0.001242032789758222,-0.037393587755363555,0.025156656353117514,-0.01695687709209552,0.03180059093764528,0.009609910427148713
ABCA8,0.028008406366554342,0.03637471557701111,0.034315394054308786,-0.0009400747426373305,-0.029187380184272534,-0.021510090261227643,0.008389823706990684,-0.01981584852866778,-0.008884874354485182,0.0048764070155405195,0.027039986021765237,0.058351996454510335,-0.007429946223255932,-0.006207495366357129,-0.0285741591413779,-0.021968112857249953
TRIP13,-0.029551746614079957,-0.004717270800723476,-0.014704109904982218,0.05390645947213955,0.030631584479920725,0.019725573627221646,0.017974920181907307,0.029232307268461714,0.02332397558303873,0.005708747419207676,0.01185835926237675,0.02339583556135951,0.022528131226676563,-0.014374927497846416,-0.01151496727644722,0.025850929357273844
P2RY1,-0.013743920671741142,-0.038585708990522105,0.03351646503226419,0.014069909926474887,0.0006056131572388605,-0.002442261325382119,-0.011294288481284115,0.026578492018667337,0.015876562133493352,-0.04222012016355274,-0.0005207893119794646,0.03298498971013465,0.037373694930608964,-0.001679518339856633,-0.04640065386896204,-0.05676510989239128
LNX1,-0.010789514114078651,-5.4436338351119846e-05,0.03244212741613676,0.0173160159885984,0.01996977105449711,0.023629927064649878,0.007589299824211729,-0.00014213637179572632,0.01514035537650891,-0.009098838884050614,-0.0336662754026825,0.0016737552109866846,0.027141997634187485,0.03524699726599127,0.007952510367398882,0.02152013922415843
E2F8,-0.02953196192590265,-0.011337988764164919,0.0019347982779425715,0.07096499647420952,0.018207559364027345,0.017589890429299804,0.02693505301272447,0.017943556994972503,0.044772318557262984,0.02025647251961696,-0.02011233623800556,0.03837095339044705,-0.02139672144454858,0.0029907087416646866,-0.008123350940214364,0.028432562530564275
GRIA3,-0.004064750195030957,0.011370994879687773,0.029832434813074585,0.02313905345601144,-0.014487819455719829,0.007739163377420283,-0.022467747353828192,-0.0166216133734852,-0.004549627006555182,-0.03486371351132228,0.008748756363310323,-0.0033834697609316493,0.06180156385196698,0.01542090154630643,-0.03785726321739479,-0.00023383088827478096
PDLIM5,0.008140329012017427,-0.00242219717014165,0.018078380899171992,-0.02761365687966459,0.010749155191848691,0.011270878324641772,0.04798104774563653,-0.026309591134863343,0.012959864341707072,0.015074049835077662,-0.05060646929854536,0.035520104523018375,0.011615024979309843,-0.02291062050065954,0.044724709762772936,-0.03379949967510991
NGFR,-0.0017982448625913775,-0.0027850790364800644,0.04847350698438168,0.01922619011705255,-0.04250802513730064,-0.005578837540874316,-0.030528798676790092,0.0296825631756349,-0.013009528606157623,-0.009695643419186202,0.03806549219269692,-0.0031353652436122933,-0.0024773504163113874,-0.014076737057932377,-0.03174822567857595,0.01713632507309929
SP100,0.03479177641559703,-0.01616082969113078,0.013408010467487054,-0.0024682910056248045,0.0034420251347255563,-0.04642265476860095,0.057781723938767474,-0.008938446059119566,0.027686416557195424,0.011998028791676753,0.05181659251738815,0.0020479603596001063,-0.024635536173810684,-0.00838076342285705,0.01630714216329677,0.02820415809476705
BRCA1,-0.03249855863552634,-0.001038016632925957,0.0015474596012675758,0.058120703824249,0.03654180654840787,0.011897657318385498,0.060990201549521554,0.007985700582618908,0.021626181193518716,-0.016211324363616997,0.01158630898066897,0.019534900758015263,-0.026492280468175835,-0.0014898202620513947,-0.017477253121576223,0.009840819124713754
TAGAP,0.05593266136539876,-0.01208267262345432,-0.006766477843054263,0.022660454630591773,0.0018849048635767433,-0.037935353662561705,0.004575536450693519,-0.010295210922814328,0.0036645446963204866,0.009122211541641136,0.005473900357780842,0.03152684541736337,-0.007393490194982857,0.00937561470724785,0.011195657631525174,-0.026293141090476018
ST6GAL1,0.04124552130532072,0.015994127703665158,0.015559982991645963,0.029279456132519015,-0.026476988554560422,-0.012350200608743835,0.004898883752802939,8.455015971879122e-05,0.01540345944263321,-0.025590577876900177,0.019872739197018246,-0.010439913825237556,-0.037449179664992706,-0.008238698884825502,-0.01935072145290206,-0.04371882356019489
YIF1B,0.02155282136300679,-0.011599315706426819,-0.02061104672404691,-0.0076950446820223985,0.012226602223333926,-0.009721627283854443,-0.03625420890513299,0.00728158220119647,0.003540804569355898,0.05880419479432371,0.023404567556459137,0.04083007727817584,0.02392359499846819,-0.054199787712055456,0.0324768824167299,0.041281540947228065
GAP43,0.010369044555747341,0.028589337547164417,-0.0009025558361669839,0.01685973299790669,-0.0017278704301346651,0.002177475602803452,0.015518774745871516,-0.02553751870035546,-0.015007591428262685,0.029644063570310273,0.011712962778236722,0.007880897544592886,0.026165836889737205,0.0003255718570910277,-0.03809640360683885,0.027071411160835723
LIMK1,0.005083013773813038,-0.029795558331112366,0.014093243886545275,0.01374039416852528,0.06269623586189657,-0.0291791559123019,0.01369885651262873,0.01570033118887364,-0.020844436605700303,-0.01153712306423741,-0.0008812961403851629,-0.018219023694208292,0.0017425642596738547,0.020023148450620788,-0.04214390719154935,-0.012847105682684228
PROCR,0.03719151390456432,0.014308657341625442,0.014259940382859826,0.005094432124884454,-0.005363123337602396,0.04764800683467957,-0.01074262702571069,0.039459326804940575,-0.01041793097417714,0.04933225954203508,-0.02235449655038542,0.004056168362641953,0.004681484468766931,-0.017519276335211095,0.009144839743096916,0.013516554620663104
PLCE1,-0.0004625848588519768,0.02403443144854528,0.038388093766446044,-0.00935921595169481,-0.022254968043496786,0.013495355880455974,0.05426748711023452,-0.04823981666018521,-0.00589015296504155,0.03300088473247351,-0.046532252215110474,0.013990661607405778,0.006274460580533442,-0.03422423754856643,-0.024124727734190318,0.0035353494377049293
KIF15,-0.03152926753414372,0.0054993813954525355,-7.345469959117761e-05,0.0740224407454061,0.030227116303761303,0.030526564237711933,0.035548959227172286,-0.0001950285736140615,0.028472223143940722,-0.0031900692257109263,0.0011229799916597913,0.018102624185701962,-0.01889061371350609,0.0038738324138691002,-0.0019314369022031244,0.04609355537736244
DTX1,0.006658481098876546,-0.006477973452632123,0.020519826740598962,0.040034081955967034,0.017842807474167475,0.03137601324069363,-0.023226398329471116,0.04760480252843097,-0.05020162815341759,0.014529857188601947,0.010243040450287661,-0.017997644600267645,-0.025755597919004777,0.047224831509777486,-0.003576764144784602,-0.011810977501606026
PDLIM3,0.028406922895262022,0.03617057714156024,0.01745074286335498,0.007593848472668905,-0.013638265465865404,0.011670662686765816,-0.003949923376189256,-0.0032908497504616145,-0.03665311764359455,0.010715733716783167,-0.007663565118588577,0.025769711080229005,0.06123530321377711,0.07454823909911298,0.0012977812600754252,-0.001062721822978098
TMEM117,-0.004752223508721947,-0.001425869920347574,0.022612403372974786,0.02194793621379513,-0.027655355803376178,0.015497497298299565,0.012019838227737875,-0.0858314429072621,-0.017200479115640703,0.0058288205850920375,-0.032991368997742354,-0.0442399388785422,0.011925045032993319,0.016043175790420295,-0.00370835761127207,0.05253045347596896
COL25A1,-0.024625079644699403,0.014318861183900414,0.03888346550280734,0.019581846731074024,0.015159951429620502,-0.04447339927287481,-0.018638228682875464,-1.0418677633236301e-05,-0.016379083104767895,-0.048258081073572046,-0.0025435356755151278,0.0020114918259540506,0.03491011577433723,-0.02621953601181335,0.024741458993651388,-0.010938261360292873
HSPH1,-0.012711794869828673,-0.007745196377957316,0.010090192595891768,0.05568464986624367,0.022436477141600193,0.02091394810437911,0.010968490916931521,0.02006831755451267,-0.036735589598458296,0.0308567859157825,-0.012354381092661862,-0.03205168440102723,0.028912227243706734,0.018288588865349592,-0.01821843959444159,-0.03869253414537252
UBE2S,-0.032964458394955515,-0.006288850033165403,-0.024161684820581893,0.05863654697457331,0.00936410045041559,0.011831225423499552,-0.011277749244626621,0.016590020544620603,0.008932232890456087,0.06979813222315107,0.016166514983195126,0.018238713214914784,0.027743116777550092,-0.03177320469511921,0.0015290229225217375,0.05553030838695498
GAMT,0.007577749578272953,-0.020190169938876117,0.0013730943789700251,-0.010533460282063294,-0.02211360848444329,-0.030350845141137006,-0.026696058598897933,-0.03014576450859286,-0.02777630458797773,0.06088255313436034,0.019853192644197194,0.05023014634830855,-0.01822672208381989,0.014394493949347671,-0.021367882747741464,0.02132043775459353
LRRC8E,-0.01167038394464125,-0.006358148113585756,0.018196254920217873,0.0016153837639969835,0.021789939816959664,0.030693480161145325,-0.00780781481145232,-0.07518352857876023,0.04557395100358384,0.05407668855639209,-0.01067030131891121,-0.02048457261100463,-0.030016229072265803,-0.03141964859568246,-0.03415295718747901,0.017903868749285255
ANLN,-0.02106874122053863,0.00040279170484544373,0.0015840164980748654,0.048690551188945656,0.05539076883684195,0.020243437406735607,0.0830669734103358,-0.008635268696923912,0.0202593600140218,-0.012370157286762593,0.01701755462506642,0.006850838815986584,0.017758577117187615,-0.013656527353337947,-0.012592401240619857,0.044283769363049834
PTPRS,-0.039108253068074625,-0.014855703142933585,0.048580340806381905,0.009855042054148527,0.001440240907072675,-0.02566612221976234,-0.005693561691270044,-0.008779259150618909,0.03513677614352262,0.003566230675217993,-0.0051580535920460035,0.0024176692246820697,-0.041008987128415594,0.00957272626467921,-0.016574745676246207,0.0008678112181471359
GRK5,0.04165654123235059,0.03093369320315164,0.022349251565653726,0.024247859308270222,-0.028830748440110472,0.019616561537166895,0.014695009415657677,0.03928361898766107,-0.01401874263592226,0.029851803726476896,-0.0017006501621563775,-0.01078015858201389,-0.024121618338408764,-0.021549994848083898,-0.01585987201553313,0.008587725542275992
STAC2,-0.009057909939386299,-0.017979765840647057,0.035097622003520186,-0.005422409187135879,-0.0002860452447883846,-0.005213653317601654,0.0005195245841106166,0.028988899520433157,-0.0082852825290998,-0.001977627051618698,0.07700640274275491,0.055438785503316976,0.019085742701654213,0.020926902118184133,-0.00986369824544327,-0.021673269019288934
PARP9,0.03803491849153307,-0.02042114340553814,0.01662292934398471,0.001693938839514715,0.012015414107499218,-0.053772354010407176,0.03731086397101029,0.003569842124352191,0.046617578032500454,0.03221839242355507,0.005107672199592888,0.017151049105246157,-0.004175411429312398,-0.017404756390673994,0.013155904304925962,0.03488023438447804
CMTM4,-0.01938969614908057,0.00999206367696119,0.042671610042981874,-0.00546298248636268,0.03957530037547032,-0.021085210797645786,0.022351790747011865,-0.013049696423542558,-0.0008537731081165567,0.006345490430176818,-0.026506187216951173,0.004771122084733459,-0.010021854958152165,-0.02338913787125075,0.03061113267514055,-0.03191647404595386
NEDD9,0.01364737200035994,0.0039046712623719104,0.03866149201710487,-0.020608239128277812,0.008558564724242157,-0.04344391799549474,0.040934543259077714,-0.0014104068915372372,0.002365503027151732,-0.0011736569725750018,-0.028900567973058292,-0.008292990475517114,0.017704058939392406,-0.02043575296384804,0.012294355257617186,-0.015090099270783353
FCER1G,0.05781777813927754,-0.015512661851899878,-0.021431608661703034,0.020982094424858072,0.008999184600477675,-0.02115693166654812,-0.025224672266379655,-0.019550456354444874,0.03611283930594609,-0.008419566600743349,-0.005174610889782007,-0.016595097014269138,0.014765075257708763,0.006104760941297689,-0.00566974778791658,-0.004279671285073295
NR4A1,-0.0002966186041349836,0.028042811339701688,0.005148746470896567,0.02599206232255428,-0.014086176647226719,0.021856975992301637,0.01924991955936957,0.020247626371767018,-0.01536442511040919,0.1070460241527326,0.01249009696181426,0.011409121096621278,0.027157685694004383,-0.019452977749387562,0.013111750006820898,-0.02354862183912495
FOXM1,-0.035106773499324305,-0.007318567458585296,0.0035067601564308655,0.0644148983161516,0.04135317861335629,0.01106665819977214,0.01819737847280017,0.02838202274605011,0.026132739032857295,0.020271088758835456,-0.01367849742905533,0.00631225650307843,-0.019605299879950213,0.009284863127132798,-0.02209842437158869,0.06008811979817563
SYDE2,-0.026840450133448056,-0.03384951843830535,0.04116622499606149,0.00442920505670638,-0.003271813525141481,-0.030995373475737546,0.02045982312659872,-0.005507656194839519,-0.031034145774874223,0.030702755731756962,-0.042500752329643815,0.03778820844199658,-0.017893839165151835,-0.011365477452496333,0.03875605733941445,0.0038972424653011197
MBP,0.05388199977018644,-0.028471588557961457,0.010385861265318095,0.011069714127279782,0.017342827142133203,-0.005473213561232678,-0.023464263164628817,-0.01343417026074152,-0.009643136719201223,-0.00953991115538418,-0.027190963927614546,0.009146036449583903,-0.009548408061343484,-0.007121069226811206,-0.035704931173359496,-0.024612424902143822
WNT3,-0.019368661916981618,-0.006789252096002064,0.036349915486874045,0.006480905770966423,0.020248097229724003,-0.03577840915842811,-0.006124800799544314,-0.010476045009407735,-0.005278388408615839,0.009386900422195034,0.018939768315357625,-0.01928867877321704,0.02138290846187762,-0.05201950402142348,-0.03477055706426835,-0.010308045084089694
FRMD6,0.0014208900719786725,-0.02105177884542502,0.051474995188913165,-0.005734727296817284,0.05169278171176858,0.011465921318224262,0.038651715744913454,0.008981809802920238,0.025583784158659743,0.005825603289463629,-0.001584903711311909,0.0032414170961798765,0.0026344919227982927,0.0057522826205506465,-0.010828451534861182,-0.01246373612346616
TWIST1,-0.029192094717729638,0.014228142302762882,0.008830562564966338,0.014196927608251638,0.05780694646880868,-0.026738563658581915,-0.021087404330979345,0.03426137471632113,0.010787465878735178,0.02125047253165329,0.03800246336369361,-0.0023102240166732483,0.052471353784452106,-0.022536622834835755,0.0069504533498511815,0.018850451323914046
CASP8,0.03201980031554692,-0.007926043002978675,0.013576569792020638,0.014555674781236434,0.006478549313585497,0.013884451700896569,0.052417229987599206,-0.04066786733978814,0.024469826426419098,0.020801623035410208,0.023848201441068008,-0.02122800824935547,-0.023944698647055854,-0.014613442257336996,0.010781916650932286,-0.0057188678451147055
TNFSF13,0.04651763398618476,0.0025645900965671885,-0.003439959101875764,0.03442507229096997,-0.01088560936114134,-0.01665537909245618,-0.0014717020338938253,-0.04463236603721601,0.02786673518436833,-0.025655323662505884,0.03151093523613034,-0.015574732016799828,0.019797192363105263,0.025463573298414283,-0.0017766693657090705,0.011306848105827954
EPB41,0.012834780562842901,0.0026749184705292363,0.008929928549993395,0.0591939816922771,-0.014043210988847553,0.0009321133039344245,0.042634871226247775,-0.0340775659585113,-0.012925463877256009,-0.04265709113384189,0.012834321024932257,0.0512085631904262,-0.041470801249653924,0.0014418537710020574,-0.025993065204152017,-0.030042033784251854
DCK,-0.01650036138611309,-0.007543997982762514,-0.007293837688405608,0.05568250898835841,0.03316647849871747,0.006265107403277938,0.042737044843561105,0.021570101381465125,0.03551760240913869,0.03619175387063987,-0.04235810211182776,0.009336948478291838,0.014185517411353089,-0.016019036651880744,0.04240871133317674,0.02133847655731766
RHOBTB3,-0.006106321294936254,0.0363568254968505,0.01844641720488136,0.02961674210104159,0.01407102286090069,0.02512211831838515,0.01845847918141873,-0.02987589336643243,0.001557591814639477,-0.027398505997344134,-0.008947414382231013,-0.009203730950316196,0.024746150537438238,-0.028078469305689784,0.05899212973833661,-0.02133320310631149
NAGLU,0.01772721818334382,-0.0322065798638116,0.01836613012911823,-0.029222075434650746,0.0489236846082849,0.010595825940101843,-0.01823235642152139,-0.0023153912722814127,0.006456823044424935,-0.004282222042886526,0.03728008948900664,0.03243294549177418,-0.01614519129161795,-0.025898716534891546,-0.0041775037181179,0.005717995621755762
JAZF1,0.014110073729105294,0.018688221988029878,0.03772023087532064,-0.01814431312501937,0.015142614669354362,-0.015585169603959389,0.06581299427772484,-0.01982241715723715,0.0031594449368935887,-0.047447637968142206,0.033723658671796136,0.0011920279703243244,0.023429054828168545,0.01164769055165063,-0.014410224691050145,0.022218214662749418
TLL1,0.013446999517821216,0.0379842931236016,0.03091733119087779,0.008318706649064915,-0.0021471242528661593,0.009623758603921843,0.013180222407727647,-0.026544959244760316,-0.020385571605492064,-0.03100132983445874,0.03700425013286007,0.004035590824465328,0.022231417668318154,-0.03065440275005674,0.006808289479292807,-0.015827673793519355
ADCY3,-0.02167965817062108,0.02039011202275644,0.028665598179077604,0.014361550429692154,0.04024603022681233,-0.0054880815085474564,-0.0073017103824514346,0.014639196098958977,0.026655926006418074,0.0166937765327195,-0.00022056308157418492,-0.014779167834008046,0.0023347063951460237,-0.030440184873427173,-0.02196681587268351,-0.04030075752622168
RUNX2,-0.025574773418104758,-0.03913323039781423,0.04358497514979152,0.011458605053689234,0.02412769452059561,-0.0008205307020828292,0.01997654790566173,0.008344019988051135,0.016823425334026768,-0.02987382743940306,0.0064554286151782304,-0.0027458542376472377,-0.013918021164570221,0.007672869330887837,0.027984055548658897,-0.022032049585273897
ARHGEF6,0.0009013831172070637,-0.027176923154768908,0.033872377119675355,-0.010935214716222974,0.0034832268367415956,-0.04763370210015191,0.03672413445920778,0.00016720669229628804,0.04524720429116695,-0.015173810476695953,-0.05849862238750421,-0.013468948693427952,0.010585915167312998,0.006110040144761289,0.0257816572150087,-0.0032653254454981188
POLQ,-0.033968196101343134,0.0019623890763482447,-0.0019690182403026488,0.06898594383929045,0.008736385733834746,0.019010835637389124,0.03369181532799922,0.003936064477939654,0.019567925674205768,0.0016307884634708869,-0.02431616407093523,0.023922134941529137,-0.023363371355556942,-0.017833301419695635,-0.031532194237286024,0.000607797296013935
SLC9A2,-0.03361865806361738,-0.029507110739957026,0.034194035675444316,0.02790984875466884,-0.025744347908214026,-0.020188257187051424,-0.0070254484803185255,-0.002867129442456579,0.02094239869815431,-0.002152153945588359,0.036373728957106916,0.04301721809936759,0.006084058658521066,0.013159895850542905,-0.03107928298602511,-0.018843881521764038
SLC25A10,-0.03630618331297002,-0.03172053230829015,-0.002903370274017828,0.03426666279026001,0.004077616311455775,-0.012758258637469481,-0.03048133750818359,0.0001373866712992924,0.0028536459446164898,0.031549133078850024,0.032045526132421426,0.04063378317258461,0.005756955442342266,0.005908032538954661,-0.010631308614663673,0.051178648624397534
FOXF1,-0.011928572898349142,0.012352818536477355,0.014170617291284524,0.041558625986977876,-0.007490808159764243,-0.01646930694313834,-0.022735747824555477,0.008628696295007999,-0.021276654752578134,0.01379079197990513,0.03295308996914402,-0.07142290825434992,0.006815696103593183,-0.004523185300117045,-0.04790180638538857,-0.006778691650623861
PRRX1,0.010709984975026846,0.018386995243268714,0.042982783793765585,-0.036991978904016606,0.050395602558264495,-0.019977347586002826,0.03637924978596692,0.008481876495792759,0.03292563769776739,0.0315761173426837,0.005385826591658035,0.012598488953989745,-0.00019852956901067736,-0.012052119085346525,-0.012013641749737642,-0.011648134115916076
ARG2,0.01351147400056978,0.021716822924699085,-0.0031211492963175726,0.046385471204264846,0.0358882214335039,0.023447421681216343,0.01680808694184955,0.03403867865098126,-0.018476221087870406,0.047667483663530394,0.0146942467917211,0.02852026035510521,0.010270931483307466,-0.013862613497805886,0.026638779915656427,-0.021915355926385226
EPHB1,0.017690287623231566,-0.0007406938430480389,0.043146592022185404,0.021613166432667766,-0.024959695383743367,0.03977479337703667,0.00119410830270281,0.06566826963351004,-0.0013823159698115647,-0.030610745525058956,-0.009447602198924111,-0.03369291025664095,-0.023214786244747748,-0.0016839447759267896,0.025171822648403383,0.004979072167328682
STK38L,0.02268460938212777,0.03375085100006237,0.01666308900395365,0.014241737772685925,0.00983291727074245,0.03392725946857116,0.056608771739426945,-0.04011560713095652,-0.02455818399318288,0.011526049728327301,0.00464962059205662,-0.04228263876589683,-0.01803209868888894,0.007895036985056756,0.03366371383956406,0.001641063686070478
TLE2,-0.013377298239451824,-0.006758942842985417,0.03636305789153271,0.0032285003721492446,-0.00985156319020776,-0.05244618992701759,-0.03871839568991829,0.004943983960220157,-0.05949527525025312,0.031292434980301834,-0.010028995768583293,-0.005875227774728665,0.0012673757666461824,-0.023061648452120526,-0.010189543745837552,0.022711785735934964
RAPH1,-0.00883080336171174,-0.027381826834479425,0.05232907960489079,-0.0153277033645732,0.021078722804618463,0.0068087582468481615,0.035206613029426126,0.005987793158171752,0.010053506168265216,0.027160210387225714,0.0030578250801948613,0.045318019585427284,-0.02918653339851634,0.01157351966334478,0.031188170542832447,-0.04662909085048054
EDN1,0.03741010720673728,0.02763344899769154,0.007608056302161894,0.015531409788202886,-0.02222231800015978,0.016174816771216752,0.0032089125369145076,-0.00758367356775699,0.013022216505077119,0.011794788854256258,0.02656004041217354,0.01148824455902828,0.009602509721557392,0.016070662488307956,-0.01576258320046999,-0.010373224085504312
ASB9,0.011857745644235518,0.010815125278828237,0.011754847632720757,0.01919831505460573,0.004150200716839942,-0.0031546442865034233,-0.0018413059205492945,0.02929737210212786,0.001632933995370775,0.0015750570202731759,-0.025743083922936845,-0.006292232473014085,0.06322993219554829,0.005905744380058177,-0.00022426883535739406,0.03514801686775405
TBC1D9,0.026627482432615257,-0.039777504732620005,0.022548100503381824,0.01486501376931266,0.023720362961909807,0.042254742306340985,0.009821357500557633,-0.0553011701974611,-0.01937304165651623,-0.0498807006387756,0.046576644221116834,-0.0031262010259905954,-0.03662579175700591,-0.010397877247692115,0.0012091216026455572,0.027400839006352165
PDGFRB,0.025130856985663964,0.008289666640513829,0.05053886883656249,-0.007938267663678524,0.029121703077809178,0.006402097960701221,0.019716194076709454,0.055672896031846046,0.00025849707369340457,-0.026488102498049577,0.002853454625938781,-0.013817843526606931,-0.007108292903865405,0.028462207334260095,-0.021551506377274363,-0.00902514408874766
CD5,0.0447903514887789,-0.005481542452390343,-0.010713144713104042,0.03606668128548534,-0.02070635784205932,-0.0507319617339559,0.0029189436289140747,-0.006353442819920705,0.009048827422104423,0.0009576927410134182,-0.001601380687855025,-0.01634418368835619,-0.0206738873837672,0.0261263159917631,0.012760382949073945,0.04440391717433693
PDE2A,0.03085254552378663,-0.0011166474744612933,0.04471311301339208,-0.01262636655091488,-0.034993808330161816,0.024961979115037208,-0.006735267298528737,0.04347114587879312,0.02441370188934483,0.004854526511931944,-0.010288842055819144,0.04467089906374344,-0.017857423887266955,0.022027399809374466,-0.013633845045041787,0.001478933674733859
YES1,-0.015839564852189427,0.016270581254777886,0.01737570168719758,0.05639307061715934,0.002638722013462198,0.05995294507106702,0.02277034381904027,-0.0011892810723682988,0.01665738628988122,-0.032728212418947425,0.011834864492579186,-0.016480567238338042,0.008674427605930544,0.033794536710001946,-0.01059910017740175,-0.003991900893066308
PPIL1,-0.017763975439950355,-0.015564808861039578,-0.00043728128644572074,0.036150731857736415,0.010623840188440495,-0.00030730985643763475,0.024313929472159504,0.01214304587485376,-0.006596119156375615,-0.03809552240782386,0.04728027103686748,-0.012183243565842067,0.007590321662688664,0.021608386164374153,0.029068049874213887,0.026782783298069792
PON2,-0.01049970262252164,-0.021683945417001315,0.006859210745759545,0.04523783633301882,0.019358811432452546,0.02353182845815215,0.003864199550128733,0.01223311314295156,0.013382289533005146,-0.03343327515047198,-0.005840307066068541,-0.006246192410331252,0.05799072141090718,-0.014066962021239224,0.007546507090281976,0.011277194249972025
UNC13D,0.04860032342919302,-0.03142284142244904,-0.0011365470103720532,0.027091214222276623,0.022981479385258508,-0.00948915528537865,-0.02556961079916845,-0.013168710060572976,-0.026538852313009974,0.001183945356408532,0.020753308022306606,0.012262597854278752,-0.03207008668423082,0.025658892320503605,-0.015033436484922093,0.004141782388733136
KIF23,-0.031489703697102085,-0.0009692739828230804,-0.012601929891061507,0.06853524600393346,0.03289983088061607,0.025388943100165394,0.04162941532810009,0.011569511830813558,0.031064742317182977,0.0058351183519282195,0.0027193480502252787,0.020574480141311153,-0.021376741033653376,0.0060301716684446095,0.013005560694304696,0.04553244114484386
RAB42,0.02657060907380361,0.011394717283169195,-0.005617562746139039,0.021612147393623764,0.007664448116077278,-0.017737467045562477,0.0066376422937886054,-0.028878098334716735,0.03871334115508401,-0.025994975127444333,0.02535900656677852,0.023536715989242618,-0.009056510280933665,-0.004209005425506262,-0.02993174091502785,-0.016822102685396603
PCBD1,0.019565387369713524,-0.047484501005157186,-0.0068483394966927305,-0.0017841806453795265,-0.008663182803414481,-0.030157238562510996,-0.014891204962011193,-0.002893349676011577,-0.03966666149894521,0.04506155933098521,-0.02363755305074935,0.039873697687686185,0.022677120847965408,0.005444836857475608,-0.02934898488287108,0.006081206083539374
MAGI2,-0.014120963665646033,-0.006591391764842846,0.030241431613352947,-0.0007588495102445122,-0.0056428559050311685,0.029334002712945437,0.02244065873408618,-0.04280313270068097,-0.0014400935911891115,-0.04069250023470375,-0.016183842112737233,-0.02680031522418959,0.008079811727318132,0.012077309307412094,0.0402658236270495,0.0360114267903726
CBX2,-0.029945165347834125,-0.0065797561394411895,0.02604190502643064,0.056572137150210935,-0.004783626163413143,-0.027224882524430973,0.009727022654519175,0.010052041240712621,-0.02335275903481712,-0.02106538700416298,0.003045910683880622,0.03175770859684831,-0.02945482194204986,-0.03504826379272172,-0.022494580602732784,0.006981844722438939
SRGAP3,0.014230163826510213,-0.028932727486115105,0.043662084837201874,-0.008612955947304752,0.0464849261026152,-0.03461613522837576,-0.009527647167247584,-0.006155774498101084,-0.01709917009956334,-0.043901054957886154,0.00567943466919428,0.003624569118701627,-0.009427357868818242,-0.0033462719069790522,-0.03626424330093113,-0.011747884103974968
NOSTRIN,0.028047904005728094,-0.001232972796475604,0.033978821297884224,0.004628162212031856,-0.057353383453690995,0.02551320130675469,0.0014679462516397845,0.023088023660194846,0.028908277700282745,0.024457122574004498,-0.00395956906236887,0.0542023098298923,0.0019701292429487073,-0.045368555680729665,0.0044341689810916485,0.009378911065428954
IQGAP3,-0.02232932275127983,-0.004170561633502795,0.0055835078944975886,0.05423616261677239,0.03822191031886671,-3.695047287189616e-05,0.042471960714914124,0.02661281344779318,0.02335223572595544,0.009150229920338275,-0.03963281272120639,0.03650283563519217,-0.024515834838167553,0.00325491993931859,-0.012811666906933687,0.020003847742241093
DMD,0.032617195615026046,0.017377235707070986,0.015314382009616817,0.018421180887413898,-0.019952762336271187,0.0031946383058872613,0.028198272170094192,-0.01777352211711073,-0.03606296197885352,-0.02102786220728745,-0.0009957864575320108,0.017043403515539457,0.023134152077496598,0.028638209867729563,-0.017756684271195495,-0.017020089816199603
GPRC5A,0.013443530064454583,0.027019716905442637,0.011566035586383486,0.006306233108664983,-0.006612543437515791,0.03349899008484795,0.030412885452667814,-0.06486871111289697,0.0014286838958659578,0.07283355263235612,0.03262234778063709,0.014983854786862089,0.018215798097037997,-0.021276933497333686,-0.00032478525020373464,-0.009672909182175195
MEOX1,0.028251639235945245,0.0442973378694097,0.004544334484873871,0.024522449564778812,-0.03613191309652084,0.01896389724744043,-0.008071785060669637,0.007512885901682269,-0.015569482981850315,-0.00484246940040928,0.02457273549555456,0.05598414431060252,-0.006733830745139214,0.0009722374258989536,-0.0030477694484410114,0.010706719560260687
FAM43A,0.010572080981331326,-0.0176466935527978,0.03728676917556812,-0.010422320327461673,-0.057339004867058126,0.022550371406769472,0.0003087847659011321,0.021245695613747503,0.017395085164530314,0.02851563151526816,0.03339904190348704,-0.016180472819799244,-0.01088884845158641,-0.017111877769672223,-0.051932364133445034,-0.01630374726966335
ZSWIM5,-0.01659553499650182,-0.007249748911966411,0.026797241831226313,0.04977541353081347,-0.01823904361815059,0.0027882805187182573,0.0006860764564469669,-0.020611838342179604,-0.00526483978720931,-0.005067789853166251,-0.035931998865759214,-0.024724958354537932,0.009000387953857408,0.03188158629580748,0.006967705763366219,-0.01421701654813183
SARDH,-0.009480030413716126,0.005001290172393818,0.03766277787084063,-0.02157245398318386,-0.0050293930342880265,-0.05006850146793555,-0.03455982221768248,-0.007555957595703535,0.0035686588974201644,0.01767125466914536,-0.03942381037189096,-0.007719806652558753,0.0018426553411586616,-0.03983613526088343,-0.02629125611433735,0.022929897645830068
MARCKS,0.0018545555071882575,-0.0027118151851508836,0.012276661498199372,0.03198475459646046,0.012950493451331752,0.006018366705497231,-0.021554724708285268,0.013621505354685048,0.03365711566408473,-0.02759442872932008,0.04671963222493838,-0.017975790127851863,0.03967224178312663,0.009988501781801475,0.03985304698841362,0.058929157532772676
ADAMTS17,-0.00705499239550888,-0.010324475450246416,0.04145617780380739,-0.017678231379237415,-0.007507733916785397,-0.002282417980907429,-0.0028570679415289906,-0.0059549851640618365,0.033651104075803615,-0.03107011468386001,-0.013222719251672232,0.01936909517948105,-0.007073285448621678,-0.029122036119300636,-0.0003696940945604832,-0.010617875661665225
ITPR3,0.0041619096260016725,0.0014890614321692451,0.041262083155625344,-0.014587729307907858,0.038029606200181275,-0.020715539943372246,0.04819973940934205,0.010137137500510669,-0.026003166497541374,0.052895056065676606,-0.006050113918469426,0.008009932818906834,-0.07757336220254861,0.01967007912509314,0.00112400250358134,-0.02158131294083861
STOX2,0.009021198514024826,0.007402267218165885,0.04836058191024364,-0.00175634053934533,-0.03908903003313994,-0.012233718082684556,0.031229946622077752,-0.0031127649310384946,-0.017423380807308993,-0.003830988038262409,0.008763167738919738,0.044326313763569235,-0.0188576448998874,-0.06498096979445757,-0.02488191774833067,-0.03905271207952374
ESPL1,-0.032470999689507216,-0.021500813581402087,-0.0007943157157122263,0.06346143274501431,0.03501400564717792,0.0033160690022750695,0.02975739240086549,0.026538184655613715,0.013347402899574092,0.038537333458802725,-0.006289765458777078,0.030309686086673795,-0.023784839516111652,-0.025192232309083726,-0.032323977008807445,0.02506373905526809
LIPG,-0.0006917180940252689,0.03124910827025582,-0.004273126254111382,0.055237104162137986,0.03403078401668766,0.011343675984662845,-0.005515934607561359,0.011967691305234621,-0.0291096202825976,-0.008483516271306606,0.03599176415354806,-0.009185299891534073,-0.06612059931061197,0.04251135254640756,-0.00011654608626286873,-0.003676476013309435
ARSI,0.01681922068172875,0.05340303735166346,0.0026887913625576855,0.01791551805135878,0.035427415017405976,0.017583965614294438,-0.034243081741673814,-0.003367611587362568,0.011226915646364386,0.034071150376655555,0.002972762719542584,0.005329953096182748,0.0032036946749673116,0.010080197531633226,0.010690384299948355,0.012883179160509697
CALD1,0.021986173811998046,0.04164550760611133,0.031136208530458308,-0.01640957182398269,0.03072223526294203,0.03000149258806349,0.03741423079441761,-0.018899431080045326,0.020064486305392336,-0.038525417822211125,0.02627926170296228,-0.020419272370566982,0.02728930836556562,-0.006983471858071049,0.025791309493304257,0.005378582959313351
FGD2,0.05265299653782054,-0.0069259384447094945,-0.005022552185471437,0.03503973060544806,-0.032040485396924626,-0.0404343517627261,-0.0069357906962123845,-0.01789420818156604,0.037084727308277735,-0.0063143513681910065,0.01743302212371371,-0.010900654923715133,-2.338381300231486e-05,-0.009214237233089138,-0.003964401715453642,-0.002757044940946085
RASGRP3,0.03749905362247209,-0.00986165006560516,0.033414506077836546,0.020109877799932424,-0.04035274688097253,0.05029749978115607,0.018665854070808834,0.06542502230410986,0.008644497867453386,-0.017912965633149446,-0.01186927240129853,-0.013096714177609908,-0.007863521408198014,-0.018725891894915674,0.04941681569797876,-0.009702083373458915
MYOZ1,0.009701693254733319,-0.006219613788677686,0.019892913728146413,0.008056842521917209,-0.03014079888553714,-0.00722155928755081,0.00480587084889553,-0.003119628046337951,-0.02747783382649223,0.024901875263594078,0.01274557428057727,0.062396636991238326,0.07574288821970021,0.035901856742438766,0.032203523257255784,-0.002503127328845731
PHKG1,0.015000944005617495,0.006572627946938019,0.023500421255088718,-0.030573472089041227,0.0019612228512799817,-0.0005970988565936288,0.002598705206802587,-0.016934114347807734,0.0029168588941610486,0.025596028803113978,-0.007946684331986979,0.07133287152159971,0.040043389857293304,0.05319011371764627,0.008871071100900747,-0.004402490219520622
ABCC5,0.01063967240415279,-0.03155479478187452,0.03324424988406379,0.016254208376635375,0.04580750119039102,0.02250530687183028,-0.011028781351613622,0.00512800827709161,-0.044120896900672474,-0.008538994856640038,-0.015266351030918907,0.02913128622212364,0.0156969161434395,-0.029946468021634434,-0.0023878023886976327,-0.029027042187188747
SYNGR3,-0.003108394148215743,-0.022811501031878914,0.016565034220923952,0.009725682766989737,0.023444072739681677,0.00554142653958283,-0.03759957314337898,-0.03284320907790744,-0.04959324385741977,-0.0010594303192180098,0.0015637935313625052,-0.022591707252468618,-0.010189948997322418,0.00028425536892239325,-0.022534697431366334,0.039065002595095114
ITGB7,0.03097945150323855,-0.002315581426919194,-0.006558308079169848,0.049962758961832436,-0.017990500360433745,-0.04384168823140595,-0.018515157633769413,-0.015437170067398061,0.002386788874715287,0.05515590897459817,0.010044587845464522,-0.010052067078221318,-0.02311765463075316,-0.008915472975555313,0.0314681318976889,0.02472437325873051
IER3,0.024339893085794966,0.007321511196213105,-0.010498057374175309,0.0077429281640331825,0.02461305534016284,0.02066297429446001,-0.011794140508173612,0.027514797658047735,-0.02219321429607629,0.07982027017075197,0.0046726156157387115,-0.028525350226138037,0.05814152484829706,0.025200209268880235,0.017623725230682803,-0.010352024419375896
PTEN,0.025805539937226493,-0.0010838145981183316,0.035115381523174706,-0.002582156488789128,-0.009298127240424597,0.006785833376252595,0.03874030908796601,-0.0017063301987344272,-0.023080857917243153,0.0013952312412436017,-0.04119035891090412,0.029199957157800202,-0.01537898538079301,-0.018880450421177752,0.0026369058083453387,-0.005570515522068845
TPM1,0.011734259199266663,-0.008659826916183961,0.022972281873136373,-0.01900732133438565,0.03321679321973957,-0.006017397193616773,0.007230320325003609,0.00553432724896267,0.009851178754056963,-0.013810549148981811,-0.011826730416564051,0.04193908262219581,0.053598952607002315,0.03762416613882319,0.018762921130989277,0.03488450732140898
USP49,-0.0193262452736069,-0.01886835217413648,0.035790159365169,0.019730975814057822,-0.009204244447300643,-0.018998468275749983,0.042189841692821556,0.013680866183624373,-0.034303830823877904,-0.0405597127670189,0.034624024175072085,-0.016061632290528892,0.0037621177412977083,0.00805443689393021,0.022548395132703396,-0.004767451412941546
SDC3,-0.011167429998968465,0.015479548562248913,0.034740434610299534,0.009289050899370516,-0.008856191081344646,-0.04201383607974136,-0.014770057515990035,-0.035028311284286066,0.013621198417976026,-0.005670356362363847,-0.012857945741395385,0.0007578081311716001,-0.03853837770793592,0.02561722174222513,0.0004656842946817088,0.013996814815736607
ENPP4,0.00176164883428373,-0.04215765123032376,0.012253434074848328,0.015867434807823655,-0.021666880384642526,-0.008005618010245356,0.05447061285433433,-0.00933441140555658,-0.02634749547380888,-0.0029603184711899785,-0.013131335080483447,-0.03308516256337334,0.016849083868778873,-0.03785174968642295,0.02301619344227658,-0.010719194413178468
MYBL2,-0.03042707755552739,-0.014738877823866934,-0.02499680899050033,0.06653003004905148,0.016435694270282478,0.02727089393539994,-0.0023729150018512663,0.00619919128752274,0.03354362512733403,0.01557408657978674,0.02508325422252485,-0.012603406765901243,0.003647030283162922,0.0020207567669131687,-0.02628013249637478,0.04649071100148775
DST,0.005444084186431993,-0.0009774727349081077,0.04185322925529732,-0.016136059433615714,0.019556390149064875,0.006520052035514147,0.0724233458998842,-0.04169461477183506,0.012892207161956678,0.013721205202403955,-0.03475354671942111,0.02834035895634484,-0.03501893953551888,0.007645003810493224,0.00864523828017746,-0.02100139894505461
SHC3,0.01094793216930864,-0.035808886484360314,0.028311323994474086,-0.0065177451228666285,0.06097930106076448,0.04575593905502796,-0.04081182909018273,-0.007865337127607097,-0.026059351897785778,0.011897346574209452,0.015559641312948704,0.0062001738926473,0.004770527704025732,-0.006308163944750314,-0.00016039800897710288,-0.019058056588852033
ATP1B2,-0.006531983534704219,0.01332740285878657,0.046082005794880615,0.040799253164232434,-0.03265216541477744,-0.01084586355940752,-0.03317214138090564,0.010967685977396429,-0.02688665362021677,0.006102524523201149,-0.011508427986055251,-0.01806243570572357,-0.013768864346511802,0.042273040271327215,-0.04403079545636229,0.016857976560100484
KLF9,0.01676816792038444,0.029325207002269146,0.022539949169146662,-0.026205399799864085,-0.002229100328689107,-0.0010809463215922079,0.0286328267096667,-0.0054520150683184465,-0.00771483405419531,0.02934295174842165,-0.02147338363871048,0.026624186641561895,0.0234692778383501,0.0016758886859618832,-0.017963677101554568,-0.03172547635406643
CCDC69,0.03385404606627297,-0.004522602113658656,-0.0018874070597168513,0.03851645610512373,-0.040028312139258906,-0.013381763934539458,-0.0002277677875739475,-0.000411520716828772,-0.007339656947719712,-0.004873815999398598,-0.017697288606310313,0.0026159216693140536,-0.00787238857154007,0.03561759467761288,-0.025462796593202552,0.01013740823316846
TPD52,0.007265470700795277,-0.029690722512400142,-0.0038399601573492607,0.04266533178095456,-0.03496085164285191,-0.0036600640927582917,0.02424944532309624,-0.04982602474837311,-0.017697609702181843,0.015488443411797843,0.024124486248777714,0.02867521292907009,-0.008338070652315212,0.017160332585158675,-0.0004898875646153064,-0.0028907735852964495
TMEM106A,0.03328534451170652,-0.025560526985922045,0.007236326695705054,0.029940286954475214,-0.005575582234057736,-0.017969178622001078,0.008874079281017924,-0.0355677169002828,0.043274261465077034,-0.026842679281933644,0.034065872412517156,0.01867129743068873,-0.031247708196329327,-0.009759880376921706,-0.016042186326781185,0.013371062436359217
MICAL2,0.01742950487965388,0.016643980241441515,0.01563191021950323,-0.011063955992185346,0.06029751609216455,0.027377998492708725,0.024241635041581343,0.005165998993629785,0.021582569269465873,0.005251293193792924,-0.010878783845200076,-0.011425594205474624,-0.0205205132134187,0.05824812504653089,0.059728465966541376,0.014261799547795252
SERINC5,-0.0009833387326805302,0.014876077859578781,0.038779906865069,0.007461019878807606,0.029928769146067194,0.02266489068919337,0.026687779686077797,-0.02484640975282116,0.017675212665669057,-0.02473763290491551,0.023535732319972705,0.004428326318738376,-0.03211025165715654,0.00143797966175843,0.0054513346947792345,-0.07664644078662528
CDH6,0.022840338408714536,0.021644916929535078,0.02505250532924189,0.02387852716924351,-0.019594481243236286,0.002515019782552634,0.001479705714139783,-0.030349587760368897,-0.040620704345436985,0.0075049997703853875,-0.015456426065904541,-0.021711985603885757,0.008232494238796883,-0.03244731775047475,0.004653321652256187,0.03821147959168408
SLC22A15,-0.005198544651086538,-0.01816309373080314,0.0014840019866982196,0.03781645089368217,0.016005031769358646,-0.021874670851866628,0.05185516670384615,-0.010846408134269535,0.017053666466282834,0.018313051975280416,-0.01033481118811556,-0.053531302311107906,-0.0009100030714480007,0.027755456344593404,0.011069030670927155,-0.01470912708002092
ADAMTS6,0.01804009119416366,-0.01836314601639842,0.03275066386994418,-0.019125522274544768,-0.002634674263253303,0.009814570370283764,0.03398867690291914,-0.033847171598956546,-0.013746386971552496,0.020596987773659182,-0.045262161758436045,-0.014127296521393247,0.0023559059787112728,0.012686194666495202,0.030041514716148073,0.030578682483995367
GMFG,0.04721441146540746,-0.02465538332821675,-0.005990573131996007,0.00333512032248388,-0.027052635863074707,0.013488861168447185,-0.004174181613701734,-0.011862306387365266,0.015881376790340816,-0.02129779089135679,0.059806138060192214,-0.019585629818031986,0.023931771193872405,0.01130639023087853,0.034029953353165665,0.03962214813470418
MAP3K8,0.04238191136850147,0.0067756911225250035,0.0004639180178589099,0.015499872359156624,-0.00525349157687046,-0.011318603607436806,0.02629213856381203,-0.014007436191412825,-0.024289109897489277,0.025700188299957565,-0.008881389683795583,0.011307654559634046,0.03312221710167523,0.02857873195175175,-0.0015035846373447279,-0.006395537023266756
TMEM119,-0.027649819859308474,-0.01812623825257481,0.033701956897905665,-0.017176915480681898,-0.00970446229961527,0.001712349726244161,-0.022486547956987672,-0.027173117184036588,0.0717089271438433,0.008831535322630236,0.018717214613780224,-0.0023408559804690525,-0.008838169697756575,0.025379197205689596,0.01837658580163577,0.034667540712778805
TNFRSF1B,0.052998718739733705,0.0008604324387634941,-0.008710439449496605,0.041798503356232385,-0.006578520075968452,-0.03839735230953229,-0.021644263501185545,-0.0028843301850564693,0.00615062381848449,0.01842558404450766,0.022256741556110887,0.010649925237951323,-0.0021533214463867094,0.01296003692243648,0.0007667262253688405,-0.009769747477412638
C1QTNF2,-0.0030893548660334805,0.04992061919780539,0.017873197855315492,-0.014678096077111135,0.021777977535750986,0.0014130414220017255,-0.009999177008572828,-0.027600834920482813,0.03701016170291661,0.03587771601781172,0.03270435540951011,0.001440605367392529,0.02641154230164742,-0.023179772239480884,0.015348817635361686,0.014426362054309666
SSPN,0.007366056320306012,0.03083650136109512,0.03223853954166984,-0.01315757657817127,0.02777319222841063,0.01858581045823291,0.0023481842315329782,-0.026758442455363338,-0.010431627951672597,-0.033378497164790924,0.019355604642383898,-0.024093102735822762,0.010473396685114874,0.026228726749758742,0.002776720523821296,0.02687834289809699
CA13,0.029390309829228068,0.012593228193269091,0.010233361344878587,0.016554867279388107,-0.024490445580728874,0.024252762612531058,0.002686752086549252,-0.04098997143910629,0.0061914793327627156,0.04158633248437449,-0.0008945849470135409,0.01788266262660113,0.004399590824910166,-0.012620657511020268,-0.04808888209062731,-0.014683939725628186
SPATA6,0.006267957050884718,-0.005970524478304104,0.043490437860195165,-0.011677934199495138,0.014367145353026632,-0.008333415367948972,0.029831098759432073,0.027610966755128728,-0.0034659890684087353,-0.005575383211705421,0.012927500874332747,0.023185684163009482,0.02598599430960275,0.014124758200159635,0.00044051979639077657,-0.031922173947377196
FZD6,0.012227436118950902,-0.0045878606092928,0.01898999877446978,0.02092800690628835,-0.006971739705355128,0.05541457246956258,0.061860038180881205,-0.02686774083724776,-0.03250259804854092,0.0029143054739394873,0.005140709173156781,-0.03731739626075624,-0.03111614915579477,0.01945746780497441,0.037787802329040485,0.041545740795100046
RNASEL,0.033971087642882675,-0.022596804274145173,0.03184227371446705,-0.009546107323037923,0.024199997202376127,-0.03784029498334886,0.03906144527419507,0.014936372755147812,0.0006981625709827238,0.03106848738230549,-0.01178706762727041,-0.004998137268831977,-0.0043984364560059296,-0.014266617037032997,-0.02283801493484678,0.024276271203976317
MYH11,0.023455494066233276,0.028412374844904262,0.043990616274670755,-0.0017982271896602783,-0.03869904373695483,-0.005901133340395377,0.00878337310381148,-0.004999367145629503,-7.207045846065446e-05,0.01933432377562344,-0.0017792911922692848,0.06444530359338815,0.004845817242908153,0.013783565426485837,0.0071519459050655345,0.012242088461610855
ENTPD1,0.050076056484930034,0.009863450130168571,0.026567196940268302,0.010067859763899602,-0.04092600504466938,0.02590955795894552,-0.00033313176896890284,0.040632936533325587,0.029132408473591775,-0.005087650297395288,-0.02829114364269003,0.01232336587951188,-0.0036903871734040826,-0.03283286262233137,0.018282649986107555,-0.005485398617675525
RRM2,-0.01759534433468195,-0.005273491202377174,-0.015531905811621817,0.06350662439148876,0.03897330560958843,0.038731759743297206,0.019249499620546753,0.0008790065317171598,0.035140848007867015,0.03741331548352669,-0.03323846831483931,0.03052914626444555,0.00022910530966357544,-0.018430474783790632,0.0010224365184954894,0.03415986238658874
SLA,0.04885157275336501,-0.018225569668632494,-0.010319337858544334,0.040390147950624504,-0.018612872049554224,-0.023663286260650757,0.007484123598748326,-0.033229011337599736,0.030235250130920502,-0.005049717402305493,-0.0009277755645493236,-0.02431227970807282,0.002134903395890362,0.022343133126379467,0.016294080828954505,-0.017206323817413223
KYNU,0.05068778168146294,-0.017111991871675097,-0.01425437317004384,0.029637480555298325,0.015822358782392704,0.0010149866354256464,0.015812395758372743,-0.020789609067304926,-0.0008989409306040981,0.012806556337289377,0.024462299583117568,0.02586679690867786,-0.010315959224608567,0.010290459742224398,0.0127376779883507,-0.0029650757734907903
ARHGEF9,-0.0043484268872032985,-0.009072202577440323,0.041001426471459865,-0.010534951970011064,0.028166235068878217,-0.03920254702718714,0.008895137953865873,0.02396379748311644,0.0003139430797018546,0.020560224259506925,-0.06680627729924264,0.022476257751167208,0.03650187710945219,-0.025159939193539368,0.005885628625476737,-0.004757334873761719
MMP28,0.02620480473198822,0.03290470408501046,0.03090164580030706,0.004215184744762079,-0.009247112911952429,0.028102138084709075,-0.01561771015564178,0.046095976843781396,-0.00678208919176126,-0.020770936541160932,0.07693621943334703,0.017435974461480833,-0.015082813078808365,0.008851080232278166,0.013950014247383421,0.027600741356373797
PEX6,-0.015802916690462743,-0.024819895123772886,0.01742534062018247,0.02379266373572979,0.018104908876278546,-0.013082521243820061,-0.0034273143030370823,0.03481723538987464,-0.032471210083636105,-0.016858875476196654,0.05628735755665944,0.0025989483563009473,-0.000258291833779521,0.012909491704473976,0.022667208190668666,0.03198419493389472
NR1H3,0.03740052682376729,-0.04000672796576533,-0.009954983953288142,0.021697044443205298,0.007745964056471271,-0.00951050905181369,-0.03816639551880045,-0.0016996695703805488,-0.020175397152912316,0.01025940375837366,0.032698619070268664,0.029382528361575476,-0.020187259894915398,-0.016657842888666317,0.012327910514080819,0.022926042336811506
TNFRSF25,0.006262103651969117,0.0022188561207224953,0.020936813478345955,0.010987802066932673,-0.015212851024111925,-0.052866241603909736,-0.02788316259858817,0.011107703596116573,-0.017250515824155353,0.01194387330560998,0.03016737687978125,-0.013377226320362461,-0.007246584141932538,-0.013100000763185621,0.03028986548002021,0.011245237323562553
CREB5,0.01325783501014863,0.026204886342708556,0.024533651464699456,0.010715208814537885,0.015675712246854278,0.01571672226802679,0.04638568049754566,-0.01645810359396908,-0.037238772943274545,-0.014103427805555683,-0.004753126732471177,-0.03780026222255688,0.03058347607615578,-0.004457085760562204,0.0079512708850247,0.011646080684349299
PLXNB3,-0.015155974829961153,0.019280838285174684,0.025462676536959196,0.001364288646141586,0.019751221426652938,-0.021750011266418935,-0.02356900572166774,-0.00841601661465381,0.0058849134055708845,0.016854059462874375,0.02681031179928798,0.010746850944134712,-0.008161535962986553,0.0516892337638978,-0.015152296209558026,-0.0005783079491024617
ANTXR1,0.0015257357622844429,0.024098417802841176,0.05284837894234694,-0.01634933297900157,0.04029347242586209,-0.0013684020815748887,0.04050568960738532,-0.021990706204773256,0.0013383500784743896,-0.050440682786024704,0.02243845001922795,-0.028596418319640833,-0.022313933745241665,-0.006151059416374581,0.01823037143268238,0.01667760597089099
CSPG5,-0.015761318632273043,0.02200044734578567,-0.00799416145572084,0.04160587027994694,-0.031089470621726168,0.010771163306977118,-0.01112370035515399,-0.023555816489069382,0.012937981764106404,0.04025572059044037,-0.015256215815327191,0.00248174437269748,-0.040337058284061186,-0.030278968035432403,-0.03952547618400926,-0.014442743082081112
CD3G,0.03490444191077386,-0.008309629645916793,-0.0063427579234673,0.04403336509906123,-0.02591040980615551,-0.05246433097794557,-0.005111668299404432,-0.0006248970181235015,-0.009571465093637672,-0.00590638238820958,-0.008035831899484655,-0.015565067793232558,-0.02591978025027004,0.02744233783230061,0.02431502010461938,0.045204382673423915
APLP1,-0.025330384164237187,-0.01562050631383696,0.027607850154897834,0.0015230880025991962,0.024697940782118143,-0.02999066288399187,-0.012087489280314155,0.001803992119875978,-0.0014721213016395266,0.039871579431455,0.03398712591031899,-0.02119270529374979,0.0024973122705589067,-0.04768013470296388,-0.02639693680933257,-0.008369650569535852
FANCD2,-0.030393735514426534,-0.0030944901609628074,-0.0001345886719093469,0.07777914919225143,0.024606672046372853,0.032196521429068176,0.02945799389228956,-0.00753502647853284,0.011403902082257182,-0.011462327343990813,0.015329285108266071,-0.01633048050845069,0.0014766310045942928,0.006662871720153848,-0.0183453599059136,0.03541604788804321
ACACB,0.0038704612117982924,-0.011890375662493093,0.030060794446664783,0.02965732034609392,-0.0012571487980499933,-0.0024954549858652517,-0.0029735160347938326,-0.022880429454257566,0.012158321727019049,0.005787105370209324,-0.007422867362148226,0.05767724526920941,-0.0034562788901528283,-0.001514403313405919,-0.002631723694446882,-0.0306354117048796
GLI1,-0.029945958586820517,0.008819364939722196,0.024308836076137274,0.025027025231560085,-0.016291792715583158,0.0020148294578769934,-0.040750522493723705,-0.002582099512919711,-0.017411428151106585,0.005676472921442634,0.019211858629787255,-0.0041226216457627436,-0.03600814169417982,0.054249515328035965,0.005038018761923532,0.008313427551360685
GALT,0.007268485800292712,0.02753243173612936,0.00048129001424104985,0.02678942721417988,-0.00878005248748984,-0.029971178852291374,-0.025159308704099548,-0.02428102717233434,-0.012349306757169887,0.016935336700839743,-0.028295666625123797,0.008491142163091341,-0.006160607152401181,-0.025825609051952005,-0.006872261149510582,0.02089781099114189
ADAMTSL1,0.015179802452044679,0.03417753311958811,0.023775846780299047,0.015440202405226304,0.0026990106156920338,-0.0173750200971095,-0.013795473338144302,-0.02054917755391173,-0.003197008980064498,-0.012379806407216372,-0.0691401173135307,-0.02960069480240962,0.002907660935276514,0.005170206759357858,-0.020222586753560135,0.01689619059591424
EPB41L3,0.0011658741249141779,-0.015974448080687015,0.022140284097199016,0.03129947565687479,-0.025447474071099527,-0.04606946863487847,0.004678730190173685,-0.006599598917576846,-0.01803064972282622,-0.0203379139200416,-0.011680944508366618,-0.02562540685217592,0.008650365836802273,-0.00365866851813533,0.001084674054148736,-0.030086028468612098
SIM2,-0.025073922168242738,0.03188045571446665,0.00952602682876665,0.04422316825231061,0.0177701070381408,-0.044068425198957144,-0.021476102996111916,0.00587463723636168,-0.02822306757875504,-0.0213011426041148,0.011761926767108508,-0.02890430448915244,-0.021998285433116473,0.027409851950508143,-0.007346471610530291,-0.015646894840721966
TAL1,0.003732433029171622,0.0024811108039861636,0.0271314435643838,0.020033136044088868,-0.017689089579346486,0.006719356628777328,-0.04155157947388232,0.03325264818770595,-0.016122357373527754,0.021103454448769023,-0.04848357360060583,-0.020510048747758747,-0.014446512631201574,-0.03641215643023164,0.06173236957800779,-0.023473067417783735
KL,0.001970869044133082,-0.02260490165249082,0.04038614082737958,0.003855825210259155,0.0008876093594721072,-0.008287959459529023,0.024660076198686272,0.004338258373684494,-0.016235962803643186,0.022655578119527404,-0.02777861518907386,-0.04568907470982627,-0.0031155597006367764,-0.018482094310630602,0.014944136439521867,0.00425367035965195
LRRC2,0.006005275731570486,-0.016530319941499835,0.03597757452490174,-0.006405509115173819,0.01670203264850708,0.009732152888095468,-0.02712782795007788,-0.021738572087578838,-0.04589760464268919,0.008198614985217852,0.06226898186257512,0.103220374165691,0.023209020144579456,0.01894551313067963,0.025088664364819217,-0.0103631870951633
MCTP1,0.05330495031483188,0.0030457095575355613,0.008740169305156755,0.02437380364776368,-0.03391101840832645,0.01041297549437294,0.0023805581993384473,-0.01988329458044483,0.007208637729362981,0.01652857158925318,-0.03939843921570925,0.013737385308594151,0.01569882138200121,-0.03686307173600451,0.012334419257351504,0.006099541381979726
B4GALNT4,-0.028722029237976777,0.020838254649670516,0.012173033660100172,0.040307599644710916,-0.0032875861781848023,-0.03731009137696111,-0.020257181196561957,-0.01630623772631532,-0.026398290128598238,-0.005374252594099254,0.019113943009745143,-0.00480832236308547,-0.024664455803184777,-0.018795456444597493,-0.010521367124363032,-0.022945127438854927
HOXA9,-0.02042493219414847,0.002373887805893049,0.0043441780618890345,0.0307172697011797,0.01705079711054979,-0.025081991055757206,0.006717987026951032,0.023012257228196668,-0.017276421076329932,-0.019271895810604046,0.0033682223007942026,0.03218787632716006,0.012994896329576988,-0.01881367067637367,0.02383501193220971,0.033910325924223716
SH3RF2,0.008076947798891053,-0.010538688125658766,0.03316492011066748,-0.012877566596668501,0.008355632302711956,-0.01841762011619017,0.01785659374086763,-0.004408370049028557,-0.009524958994243972,0.006524553236701864,0.0027597947635543147,0.07053260298903115,0.0075312598942582215,0.03781444029658574,-0.004333337725229026,0.010073551400530695
TMOD4,0.024381602723261567,0.011854577269659968,0.021216130716202417,0.004210277142437461,-0.0372844495166008,-0.005744861501610862,0.004493011286091731,-0.023156982598603937,-0.015308783533801494,0.018854429270551008,0.019215623655544294,0.0849469737290381,0.04555726878548844,0.026249835958530716,0.01799011552078855,0.005261914829785149
ZCCHC3,-0.03280278597152464,-0.011670493653862765,0.02678102038907966,0.06066157275289438,-0.018271312484349066,-0.03183072827402151,-0.00939900027448663,0.01976750171796017,-0.017540810328629315,-0.011348440322660905,-0.005226073923324178,-0.0007459888425457224,0.004669931837115585,-0.01115441098598566,0.008366083736444893,0.029249718746061887
ANGPTL1,0.00632511484248918,0.034148785122623926,0.03851907706611626,-0.003482180953604235,-0.009029672180904204,-0.0038496232676097355,0.019190189290350854,-0.012686703879396152,0.009898194500021952,0.005669583691685862,0.017733565137243678,0.011068073527521146,0.05884522058887168,-0.005111993988354855,-0.00672571314753158,0.009314476867551357
ADAM23,-2.0642835320053548e-05,-0.03533458515740913,0.029354494992047297,0.016172397888527253,0.011560939872598503,-0.007815813078729798,-0.0076209951509835505,0.0018966169259140306,-0.053452505414348664,0.012731452075140197,0.005579320431766146,-0.007462182845883821,0.0151986618460903,-0.02526925262671842,-0.027229902261383093,-0.0008209447752919091
PARP12,0.04738574479407637,-0.02864148058719038,0.00044279356530310026,-0.0013034945109503737,0.01317962251154965,-0.04253561614764358,0.024147814786144195,0.0026214802624346485,0.02451091974175594,0.03159350083030013,-0.0033731194220905595,0.0051281016037688565,-0.01697170561649149,-0.01953813440874781,-0.015776978433782445,0.020842765784125805
CHST2,0.007865191278079966,-0.003221301074032167,0.01389288500945927,0.05384333739864393,-0.01911768336620115,0.04487895332703592,-0.010672054380223815,0.04586351178659798,-0.02498364760200046,-0.02672306520505428,0.009032990812105755,-0.046245689081475694,-0.012680118935458794,0.024917215000027464,-0.023831350465162382,0.029161157952943613
BAG3,-0.0021435573711881257,0.007389173061888818,0.020766669462284486,0.0021309462830419426,-0.0005983660813314751,-0.017041112474492907,0.028821546313687982,0.029402892804057047,-0.0271633882416962,0.07234100546215086,-0.04402994708721818,0.02523737049964922,0.04743368779942151,0.05214009464032775,-0.013790585828433293,-0.032359015567483516
GLT8D2,-0.0008435851966252846,0.006391884975186952,0.03396265183262375,-0.021552736783650064,0.047994768825726716,-0.026010557403359624,0.006512449935283815,-0.00451887699518258,0.009234273717679653,-0.01725033147540126,-0.027825395486158425,-0.012959119924324119,0.03445161991650113,0.017661509678264638,-0.024749513360742534,0.06008996564556992
FUT4,0.023875490557591122,-0.027566016962128848,0.0227981516450292,0.007586705294568191,0.03152966201891847,0.018392918163723872,0.022914466962504716,-0.018404045372947674,-0.004246546839175363,-0.006564892399308001,0.009744304902102437,0.07988304127496024,-0.058040600552162196,-0.036600390202177716,0.033402228599243564,0.004063835211626246
CDH24,-0.028489434581430502,-0.015506535975507192,0.037369767552573714,0.017169251358876505,0.024956191586715575,-0.04033671693665214,0.02630595424727542,0.0230887380412605,-0.004931510338192339,-0.003154619972730562,0.008237688276287103,0.006998809071265354,0.0024414396118902213,-0.025240982632119227,-0.007426398029674132,0.040608120670502734
GPSM3,0.05428083505454513,-0.03516906181945045,-0.004698938039187343,0.0217009988462977,-0.00496826532223933,-0.018798464157327298,-0.01616513555164176,0.005586258012056554,0.005124425783240546,0.005296889076041653,-0.004745276600834496,-0.008139968944819206,-0.004728828460152143,-0.00034446326934958835,-0.014436875315623092,0.006488767440125908
PIPOX,0.011609495360925148,-0.0336536098616608,0.018995389358202542,0.014751141933176427,0.0005418881229037852,-0.0038206442859388583,0.00991691180912224,0.04846904722560655,0.00032023905291995135,-0.041265511581447416,0.06771435086359591,-0.02378532185180973,0.02279859478623048,0.01241816153190179,0.0223011761071538,0.03425360747483081
PRKCZ,0.0011475837653541026,0.019562925630988666,0.009454228168508388,0.02196529317751439,-0.008320375909187742,0.02208095640362195,-0.0629089104072354,-0.018475646658843384,-0.027057640482522582,0.04409605443788748,-0.03094364351006525,-0.005455556593786429,-0.034511140294280686,-0.023833487599186336,0.009371598528179181,-0.015168112032783678
IFT57,-0.011601283980396587,-0.022110320364807125,0.016697368464307232,-0.0003276371552290956,0.026202767865606397,-0.0461677020877727,0.016435657654636268,0.028134597056683707,-0.015426707808209145,0.006741870938046376,-0.004298992042801538,0.0062814227339013495,0.010884494554845536,0.0590192706960797,0.01907208365857566,0.008514768581844901
MARCO,0.031690772317290006,0.008600984135277248,-0.027339836263709727,0.04294685014720394,0.012926736733964451,0.00023874083489404656,0.002475577939407629,-0.011038859981775822,9.379435773722994e-06,0.01645972731152361,0.02117684000838272,0.020069737238438193,0.05310226697971936,0.02793257541088637,-0.01209699010915768,-0.029861918785017483
