,PC1,PC2,PC3,PC4,PC5,PC6,PC7,PC8
COMP,0.008750839424873091,0.05280524519317041,0.025695113585712213,-0.005316606793650238,-0.009438634508146151,-0.012033931851477617,-0.026769331782078135,-0.003185733766073991
ASPN,-0.0008516261547164405,0.05967485220589991,0.01883606669366261,-0.003810187020813778,0.031533174756553185,0.003626355613635778,-0.034008048669209645,-0.021161815522940067
COL22A1,-0.017974643043847157,-0.04519056932077412,0.026379104764185667,0.0010437329780967,-0.03345232211379746,0.03126811811743352,-0.04579839515497058,-0.03515789877022013
CA3,-0.021605545443783698,-0.025956330929659446,0.015681929403977043,0.014809047454804505,-0.04633632086815303,0.028617646718210855,-0.026629649239823458,-0.02301278816986852
HAPLN1,-0.012200490835245017,0.049672647344272715,0.012892246781743527,0.010192530171472737,0.01599416048592229,-0.017186987546246042,-0.040635726559094414,-0.024689811320573636
CHAD,-0.0020663210087715246,-0.011174976149285814,0.043127083340552756,-0.028375038685469863,-0.028979024839676945,0.005476283498261268,-0.03825158977726479,-0.026447202438128543
CA12,0.014443383164131065,0.05781079839833478,-0.011125060574833309,0.006591783928176673,0.027059990098595853,0.031381484686097146,-0.018501250759299315,-0.012843358968856902
SFRP4,0.036562119820209335,0.016639365690116297,0.0288429479757516,-0.03375428724181237,0.03995619969565216,-0.007932321855563904,-0.014852454627380683,-0.001711785674344164
FMOD,0.010774540875525004,0.0263085822163421,0.04532934888737403,-0.04614927444480663,0.011618330602880408,-0.011225891198041515,1.1724352466555696e-05,-0.02660826231710378
COL11A1,-0.008073089353956411,0.04603327304626314,0.023596454173120996,-0.0002138977689127004,0.017724592703052496,-0.010510133700345214,-0.034951576570635357,-0.04863273465095588
SFRP2,0.016310200730154115,0.03901269603643075,0.027966704060527366,-0.006024517231802789,0.0027655229616318317,0.0008278236624690693,-0.01813394227114478,-0.004658709012467939
MMP13,0.002219974720511578,-0.03742214026792695,0.021816820441578157,0.003484215664900496,0.025225280888680604,0.028880514318551882,-0.046643083553262965,0.015188709876473274
POSTN,0.005202962980502305,0.05551273182748134,0.015760403835907016,0.0020174102631664794,0.030852916816302433,0.014107138001340145,-0.031184611231728537,0.008248984128064957
SLC36A2,-0.031061129919818412,-0.04141111494726414,0.02508623041037667,0.006928481163248186,-0.03945953064923307,0.020194045571320613,-0.03292967879466402,-0.020303526914318273
DKK1,-0.011424222563705367,-0.01855929457969803,0.025962979660456548,0.010553667223602525,-0.04605621639642794,0.011699339636346184,-0.01690559335172245,-0.04863973352715712
IBSP,-0.01829253001625825,-0.04139238796272784,0.022337953413713193,0.0029120223278808906,-0.017973542722083485,0.04130644467546338,-0.05838602076230945,-0.027048217439698215
THBS2,0.01636989598111643,0.06287129738283719,0.017209514371144662,-0.001826848920156361,0.03030707021363283,0.017752553569987405,-0.026458816594293052,-0.025688207643906984
ACP5,0.018685898127315262,-0.05670477738996497,0.015738275173310914,-0.01566760341183148,0.042877450570567334,0.05052839099579887,-0.051762561591026005,0.010932144448187518
CXCL14,0.027966709356077188,0.03459018291673014,0.03293051648387322,-0.030028496508087046,-0.00024570100558945606,-0.008917351862135946,-0.013357493068652394,-0.00857107356472835
IGFBP2,0.009311500239474156,-0.007377954077796006,0.021028183752605248,0.00315380420902739,-0.016698661072068483,-0.03627478207140461,-0.02283782461278225,-0.026427401390999385
FBN2,-0.00787627441709389,0.0155557643764659,0.020991563334068656,0.048078592295731915,-0.020792364462039536,0.020693816108593895,-0.02200952207169395,-0.032499382264717956
C3,0.041731334963065074,0.018961440609915805,0.023643514428423933,-0.0018318788847666463,-0.0035232803953999855,-0.043641469236822446,-0.008998933155598682,-0.032869401590288304
FNDC1,0.005386552717216152,0.04058591798024995,0.0407236393001309,-0.02345889740118054,0.008308980199692687,-0.006393990824759098,-0.027514562739736008,-0.04338073774432896
CDH15,-0.012795815532676218,-0.050972568306424985,0.02031859030351489,-0.0032332146162258116,-0.0153920393828306,0.018076091340745063,-0.02895641668133451,0.017524948702455617
NKD2,-0.011931436970747198,-0.01389220403366344,0.042399220373214246,-0.030354891336332807,0.01780736922376859,-0.03856853758533977,-0.004426642318119039,0.02541793043557245
RARRES2,0.029625376124605675,0.04384121680262864,0.009124013684316382,0.010670432006734504,-0.01214027639744164,0.006874601269647607,-0.021666458609949965,-0.011879590643703447
MMP9,0.014600166953173505,-0.05701607055684334,0.01962733742716747,-0.013699078158935356,0.046676129342798967,0.05189821233770373,-0.045188728363384674,0.001229643637557259
IFITM5,-0.02868391575658404,-0.0406214552383332,0.018934501459824768,0.008761316629450532,-0.0465188239203901,0.016814263237097334,-0.0599298764301112,-0.024185103322613224
MFAP4,0.015817757623487243,0.0646455071600994,0.021468272281220446,0.010024558407515658,0.0031115140006107407,-0.009276401911006392,-0.018936299937473745,0.0015490734182840842
IGF2,-0.008438193454692045,0.004451068603754193,0.05566844812722864,-0.013398500765340248,-0.012360141834120533,-0.04283487388277579,-0.013762361828646208,-0.01615410636104425
IGFBP5,-0.010552479506202438,0.02159080387457608,0.034366850344159594,0.025100257621724447,0.01752785802335479,0.004071593168496189,-0.023049010305775487,0.02432733480711625
COL2A1,-0.028687343068358535,0.021123495199103354,0.0253307760121467,0.019959088250178995,-0.01207382560199882,0.0001440633900000322,-0.04651194942533949,-0.022755299902998814
CPXM2,0.009528170191998222,0.01741394133516099,0.04075169500677549,-0.013057086556901281,-0.031059239653086823,-0.04014825432812946,-0.020584207024911684,0.005251504428187057
PTPRZ1,-0.020786917219767803,-0.03703426687629952,0.03414682337576644,0.022541529854798712,-0.03537128190607701,0.03650352129351473,-0.008209750315894843,-0.03459179646010079
FGFR3,-0.043126573520911246,-0.00017682295333083147,0.02890813106707691,0.00993338323832149,-0.028223878580237494,-0.014618283055798393,-0.038716668817461095,-0.012066765508566984
PI15,0.013367271025834009,0.04811430781536313,0.021437181623724686,0.009114698990157783,0.010715681578353654,0.019303278485307485,-0.009910489858603403,-0.026636670518544788
NGEF,-0.016202414237950703,0.014547685142755357,0.025478836761191986,-0.028100604418711657,-0.01838531930107714,0.0023590791180778067,-0.0034249758765382467,-0.05258636957285388
ACTA2,0.028856683430568186,0.026512217614991115,0.01819531891927772,-0.010783916000726475,0.013204199808562012,-0.003847300580173325,0.02150836846543362,0.03206718900671422
CCDC3,0.005179544954799415,-0.01956035649016965,0.038008583571127075,-0.018172106581144588,-0.04185479909037373,0.0034087088245423735,0.02094521094269875,-0.041521791647056785
C1QB,0.052314191135680047,-0.00947994282624772,-0.007472747867023743,0.02129438669394383,-0.02164493799429894,-0.05863198995832365,-0.014350367175023693,-0.011538376185229723
SOST,-0.02570777151149416,-0.03464136812398856,0.0307440624001763,0.01279264402845675,-0.04661278569531914,0.008665299209528087,-0.05145576565434503,-0.035287496642125056
COL3A1,0.0045592708425187325,0.0665144566020127,0.022008498896074893,-0.00350960926832048,0.029132645072310576,0.03181836685148674,-0.023324976276110708,0.0014321026211487984
GREM1,0.020062891718204662,0.02114920718234811,0.01303022421836896,-0.004188590171963597,0.04189923218443658,0.013975370088866191,0.0016916690973016388,-0.02594329592207775
SERPINA1,0.044207859902164026,0.0004716623400710775,-0.02853168104646656,0.03794621248873173,0.0018520300991614579,-0.016667402031826636,-0.00691413810034109,-0.015581920180329672
C1QA,0.054534879992783204,-0.01206663428556027,-0.010104879486394805,0.02326745931298253,-0.023217689869305006,-0.06015919220391118,-0.017059319124901818,-0.007107601496871814
LRRN3,-0.020757484980215308,0.016503913913240752,0.031140758921759902,0.02766171194600966,0.006990705381674159,-0.00328646300351428,-0.03861785854740668,-0.027985872645473798
ANGPTL2,-0.0003910468373936548,0.06694984362171255,0.009624778293109943,0.012177251029842079,0.030426994554255817,0.00481572060668648,-0.032034901999153376,0.010155685813212086
C1QC,0.05330329267663719,-0.01067252836855686,-0.008233227587217342,0.02640768357309515,-0.018895534978392095,-0.05946372850660719,-0.015333397933533256,-0.007364235484998036
THBS4,0.016868282904631653,0.03376373112498614,0.03180796702543004,0.016293105227221258,-0.021192935399798475,0.014464824697306169,-0.01312633918951435,-0.002660983099671373
MME,0.017209776412023398,0.0010405851132218808,0.01655454765907828,0.0011861724899753074,0.04522091083386752,-0.005426660701970801,0.002743404040974778,0.014169607538344623
ISLR,-0.0012579356980873127,0.030566299757049612,0.03277484287270103,0.007667819922702074,0.0183448899976162,-0.031461518946916824,-0.038373391798346874,0.018144919377991522
TNFAIP6,0.020452829159439252,0.04639345671283933,0.013458538639906654,0.00991960095121295,0.01588743223732935,0.0258406899990193,-0.018701722885341016,-0.01727393963681972
CRISPLD2,0.0016738428722649131,0.061109305944119174,0.012617105809243948,0.00713891443966571,0.02352926495126681,0.00868324661059484,-0.043292407911235495,0.0266945662756271
PODN,0.02386947816547724,0.061422492659678515,0.01990644530827117,0.0006912705115380117,0.016100505881317943,0.004171546222936603,-0.03407301858081171,-0.0038060896105808466
GFPT2,0.015025232481514673,0.04718913654149838,0.015185450219568351,-0.002351080636964784,0.030420444530633407,-0.008909363896879754,-0.008128627001170594,0.015103736754192118
LRRC15,0.004300155860720222,0.0007884173518855207,0.027461078842998282,-0.030504371988033546,0.051215827367349774,0.0016743698567946797,-0.010580445408721818,-0.022900475548694704
APCDD1,-0.029355107648607784,-0.02443964252457708,0.025923303500462114,0.03695951632297758,-0.027783329599701295,0.02616719150172353,-0.04715362373910701,-0.014630642048288612
DPT,0.010071574617343636,0.0074159665822641,0.02102325952379685,-0.04723961035644256,0.0263048770718921,0.007062045559715456,-0.0008104714296811987,-0.006867791527595641
CAP2,0.007720178548602376,0.036302475176556236,0.018592389284612786,0.028519140664958312,-0.026118078814648234,-0.0222872079692322,0.007380804134977819,-0.01212260166490631
FLRT3,-0.01290802857863278,0.018253380146738173,0.025407976986191596,0.033430038276154775,0.038404778001947186,-0.0008235058589376619,-0.041361637486082674,0.034111076141950206
CD84,0.03126007801256393,-0.056461428298292614,0.014914408018079785,-0.01131847305530665,0.04740097244016292,0.037815668507567075,-0.0490760391355934,-0.008980196740511821
FST,0.012819252446588028,0.00018919306018923884,0.034968367971400585,-0.026136182032353756,0.010266737512921488,-0.05853661975454717,0.019892991803693926,-0.0017653357636773798
ENO2,-0.0044919355053639675,0.020914630865314913,0.00503554993597047,0.022042384819903484,0.023565590647099847,-0.02361897621444691,0.00785993600853423,-0.021665464887674617
C1S,0.039831620831440616,0.02862597780453226,0.03268597595800701,-0.025398601657462855,0.015475009870426389,-0.036531929728015,0.00040479191801768904,0.004697125495628568
GJB2,0.016412783279678326,0.0014874414553349398,0.007136558778151475,0.012291909601359688,0.06395222472170134,0.007823039093813128,-0.01828453119348978,-0.021988584549284238
FBLN2,0.017697036607898755,0.03919319665113311,0.02307786211737852,0.00347224845031682,-0.027508190866608266,0.025247036651823863,-0.00784463049965515,-0.02313764917543265
KLK4,0.0014356519355900924,-0.03834475025512283,0.021278912589450104,-0.02833956685562367,-0.003810885479927376,0.023706927581126573,-0.010885866401022778,0.002331096294466035
CRYAB,-0.0024777868639097554,-0.01689198438946458,0.021858548839892005,-0.01981331159054537,-0.004722177053901329,0.02963354004855316,-0.0026608863691917764,-0.023272000785460604
IGSF10,-0.013006140502700653,0.04688632449647775,0.01263998855173795,0.013638116013968575,0.03756948351999289,-0.0267723739434641,-0.02947038107344311,-0.0011117701001566857
TNFRSF11B,-0.020238873784055464,0.018023931088802896,0.021401962715968136,0.019141490635250037,-0.015047107589714158,-0.01749953536407156,-0.018824322484060553,-0.015679415343476867
CD74,0.0582442095451714,-0.004584147563682529,-0.007773989939921095,0.023784847296604943,-0.019579156282751878,-0.04808130642675751,-0.0037551005842261583,-0.012876896641105043
RAC3,-0.018580331210071986,0.0236615507904923,0.00307973485680385,0.003823443535183968,-0.002414012023796746,-0.0176715307056167,-0.04577560933644622,-0.021466383528934502
FRZB,-0.011836331164921141,0.022701722550397613,0.024848898692469146,0.014748505516488354,-0.04522113218962204,-0.01279414063617776,0.00811761050961322,-0.03178988214604944
COL13A1,-0.03139444794036461,-0.040201368950744006,0.04233920821066912,-0.011658140284696448,-0.020056653244487917,-0.00045501330199144985,-0.01384071526837113,0.0004841458612806055
SLC38A5,0.0038049361813403838,0.031866801716597976,-0.015052795215110309,0.01079483324373363,0.01622638688295554,0.025266133670194715,0.009468568034169601,-0.031298914161478314
HS3ST3A1,-0.010824077161798104,0.01884516804340149,0.017035299901056164,0.03884256468107344,0.02803132046637792,-0.024358485561344755,-0.02603052032012068,0.013878121822974262
CYP1B1,0.02264998690647712,-0.011214683201797002,0.05380916522026922,-0.02933912692238814,0.011013287679904475,0.01216075776930545,0.02941881763884542,-0.015478667754471874
ENPP2,0.0017909229905472013,-0.03487431174014556,0.04158267416883646,-0.0038062450248931862,0.02422014802470665,-0.011525546312167843,-0.01297671261712657,0.015023810892132899
DLX3,-0.030130140302866253,-0.0605401036214711,0.03396424532081592,0.0010748056312060543,-0.03005456343062479,0.007640106507365064,0.0005609631501940399,-0.010516354031723508
SEMA3B,-0.01977381406472398,0.018385845740698757,0.02438212014026797,0.003229574571989364,-0.03188915830004715,0.03207609114410439,-0.05036760624963037,-0.06567128540394546
CLIC6,0.008258490527942173,-0.010672660876502892,0.020154521932815677,0.014045192703393482,0.014004521282098139,0.019205752738026254,-0.030154995060695577,-0.020827757830442453
MGST1,0.022054986514972685,0.002199503504068422,-0.015726706986864892,0.03874225259558799,-0.016642467993422227,-0.027882263016256927,0.0014306655207644461,-0.022174107065562953
TGM2,0.04721768395838136,-0.012496067139409461,0.0032352171039809305,0.027098194598756894,-0.01355323020105561,0.016106012560949012,-0.0010346952674859392,0.01922332130016458
AMPH,-0.0003507884926702324,0.033635924108782245,0.016817958568315233,0.017446598466545345,0.030784005132003734,-0.023830043707350694,0.003495957685495767,0.004687890082817321
C1R,0.0337791052564253,0.011914110650725387,0.033238844931628694,-0.03840953600533513,0.027473800754427936,-0.04289877896477132,0.010385109987829244,0.0161867744576997
F13A1,0.019721383133900455,-0.005470952761726287,0.01614928032580043,-0.014992650872153087,0.009409063662585237,-0.03598372977796422,-0.007634090993055405,-0.0016312349280272857
MXRA5,0.02233307052089339,0.04214570416325326,0.024724881882913934,-0.024725833625911797,0.04599879449722075,-0.003599115391142771,0.013547863873258634,-0.006263597527641205
SFRP1,0.004260009865614774,0.02581615442014483,0.03993897578737233,0.021058078062161763,-0.015345068702440472,-0.022921417393445435,-0.032499537766927045,-0.0033514871064928425
MAMDC2,-0.010103283902488661,-0.040725508832319325,0.037314497790252345,-0.013586402374044421,0.008355699681368477,0.03740848922224089,0.004590212006576375,-0.02555730326148896
IGF2BP2,-0.015451521837874944,-0.004048955881786614,0.011749962483545023,0.0324096015231028,0.0011784715258102707,-0.0017779079176607994,0.006310006077210254,-0.0240689148681383
CXCL12,0.040247492692656255,0.015307206974417849,0.03192766356211081,0.0072087107113795075,-0.009533113700110733,-0.014125607299960149,-0.01814367685823132,0.020662207225143673
PRSS35,-0.00859393870479714,0.013639218344476439,0.02968176810713149,-0.02268115882914231,-0.016920206967476394,0.03038717123525248,0.007426165164768349,-0.05314322990679095
ABI3BP,0.02391212003767592,0.05152252228094836,0.03182111874513859,0.009989833177798859,-0.015707190167817815,0.00869669109276402,-0.012574374168887601,-0.018189866494710945
EYA4,-0.021950076010877978,0.008565599851816501,0.021166226193842803,0.04333842373790518,-0.01706398779526007,0.002031519630144001,-0.014040412119402568,-0.03153257597826967
NDN,-0.006864030869878398,3.619591687452806e-05,0.011659490537994586,0.010843257701531286,-0.021680181527556006,-0.020277016720103666,-0.0004986966854018601,-0.03602500130540776
SERPINF1,0.0070178371708174946,0.017856188093558156,0.0281573180049209,-0.01296560223911878,0.0071616028203502664,0.03885060224075113,-0.07357099496474463,-0.03347210056185735
EBF3,0.0034139818777261252,-0.012531438186707718,0.042893261896998526,-0.00413089454400269,-0.040124549857129085,0.003510404418987057,-0.0007821206342041526,0.028181422686180173
SLC13A5,-0.028146424938171846,-0.0006535332730772351,0.01219969569097551,0.03380194716351285,-0.0314088895485912,0.02077526523695848,-0.061489034137084495,-0.027546888055522835
PPP1R14C,-0.005495733400350578,-0.012312078942406492,0.013719558129859113,0.00421015788759291,-0.019608774788988335,0.003845640073421353,-0.00013199709509301247,-0.026651370618209682
SERPING1,0.0412778991297769,-0.015180648837948117,0.03417762980333226,-0.027568291440427366,-0.006225428150866661,-0.026391631845957268,0.010593785834466352,-0.01629226873426874
CD248,0.010343930930692136,0.03929974962329685,0.02340173442229979,0.014001626236547592,0.01774007096663236,0.021685573492767767,-0.05397371112771369,0.00016870811285005748
EEF1A2,0.002745047883538089,-0.014791360414483942,0.01867250044132109,0.0008834040391951475,0.0014662703854476764,0.01126662308741959,-0.02810930430333258,-0.03178805677549284
COL24A1,-0.03728355902057856,-0.023393161646793996,0.029800423281688918,0.01269111463629923,-0.010753597958909594,0.018807456039941484,-0.015248330382449741,-0.033963680023574784
CXADR,-0.02931587146216485,-0.02075959818556161,0.010771685899562636,0.039408850607966076,-0.015423582692764889,-0.00687802472794964,0.019917612219720097,-0.03542902786491957
EFEMP1,0.014220541276895763,0.03906153810200687,0.02102579017133346,0.010832252483984117,-0.013810362563757117,0.006843473465144845,-0.016062753399861903,-0.041524603643851125
ESM1,-0.006311330841719096,-0.010895526893258657,-0.0008202089026133244,0.020636267331340757,-0.015084141156038193,0.036890731246005455,0.03436850072361587,-0.022607904731162486
SLC8A3,-0.04216702094619667,-0.035546744482565826,0.030821115962412136,0.01066446530792037,-0.03192034704700313,0.011320547971604594,-0.02429719554118778,-0.02494579043361421
PHOSPHO1,-0.03068859741180542,-0.03669100169350898,0.01974580031313862,-0.005371505655356389,-0.04597786230013673,0.02989367593927243,-0.0435129486619011,-0.041022275827637254
LAMC3,-0.012552410002366478,-0.003183920825171764,0.05133680220533152,-0.015645554302601873,-0.008856597686133996,-0.04103846692423689,-0.005842775731917044,-0.0043982753726261314
PRND,0.021376638963263323,-0.0073387613546502745,0.04743663159054977,0.01142186757839082,-0.034810560121281545,0.038719165906476616,-0.005918816269316627,0.052248684692871125
COL9A2,-0.02416024698077637,0.022360776238057194,0.01251046153578378,0.023130322106211475,-0.014162263630825626,0.0002458211175802613,-0.062364567395567234,-0.016591649367064292
HMOX1,0.0410961880621696,-0.005354380109255073,-0.01922453373232179,0.033300490610190144,0.017965414569935695,0.009262007394455669,-0.007122837339073726,0.0035211068762763128
KAZALD1,-0.036249354998305984,-0.010140043348954002,0.02018018161260031,0.002917609724371476,-0.04587699397378722,-0.0036408485815499587,-0.02158166123295823,-0.016701969621662104
DCN,0.014870371035863982,0.03482024144251009,0.021567290629954095,-0.0445753652083476,0.03384043491240331,-0.010267844304228904,0.008780119063780461,-0.032213637629223794
ATP6V0D2,0.019079268578825564,-0.05430752737584505,0.012352919064281221,-0.01675112043174224,0.05618102169215371,0.05310172731771684,-0.04960612014029684,-0.007987537957150804
ENTPD3,-0.0021874347883781516,-0.039235580245273786,0.02635448350815773,-0.0023104993220926344,-0.005723603746607166,0.0374070934904309,0.012319709904708648,-0.011368784064906115
SMPD3,-0.03134546557755045,-0.0351930130891189,0.028845018398481775,0.016295588952601612,-0.03877843211330139,0.03236731015106527,-0.035743505955876366,-0.03338827302638879
SLC29A1,-0.0015328332085214995,-0.048153541717722625,0.03518123905633296,-0.01918407885012247,0.007689734306906157,-0.001826175944941368,0.014953998131346596,0.026587311266483456
PALM,0.0044779313122080165,0.028571600742306285,0.026758320314952046,0.0009574342538114502,-0.05508667723976945,-0.02297055020188799,-0.031038068833128755,-0.017070937192157968
SMOC2,0.004355687826150633,0.051277026119326975,0.03607890527704576,-0.015618097268241883,0.026552227622638338,-0.009840439718776423,-0.02674464676690042,-0.014591260170730955
TNNC1,-0.01065324645793461,0.006886381815495113,0.005503779125746004,0.010233376087286312,-0.039260857415536116,0.0044068397651200976,-0.021882435446036425,-0.010238753700995619
CTSK,0.029184478240972294,-0.046738520420911936,0.017690964815936516,-0.01719152673532794,0.06141437024863868,0.04637885221115966,-0.04570472426812005,-0.014309499777515737
PIR,0.0042524001178534335,-0.022140270783457375,0.003477166295227885,-0.00265695395044443,-0.015908130298106962,0.013025718396125346,0.053416109551848036,-0.011591161901804925
QPCT,-0.012775372517853746,-0.03163805615151011,0.020287135053445378,-0.00399026574767927,0.0014746432359910879,0.01643739564371169,-0.021094683874352784,-0.021560487404169663
MAB21L2,0.0044201675919089325,-0.017233298347586794,0.01921016495289714,-0.026467295470519035,-0.01027224271119875,-0.0009555137406305754,0.018268772979813462,-0.0435040254604934
SEMA5A,-0.00977603777518181,-0.033278136952524046,0.05181744080233992,-0.010118068762293698,0.0057973790376862405,-0.0023927301304079544,0.014067951270485796,-0.02058967963680958
STC2,-0.005183575512604911,-0.0003676057077647726,0.007533393941814539,-0.002680956841260038,0.005476874824842971,0.007595433204574436,0.035619639613161634,-0.02610994861313123
SLC37A2,0.030861743977338766,-0.05317148822347508,0.011364986141909717,-0.010262280977019774,0.056398562869761165,0.03742320397182394,-0.05511262381721024,-0.013009655768996108
SULF1,0.029371068228872872,0.003564575704239221,0.041900277452915656,-0.0241036222919831,0.03365549804314804,0.01785272062499939,0.014317242120700777,0.003541157328927602
SATB2,-0.0319263685731377,-0.05869285254479449,0.036830979115770164,0.001593610917712279,-0.014946315233543691,0.012894069848003512,0.005408295484959391,-0.01678389684105802
SPP1,0.021650399366154875,-0.05119408455481323,0.008480708765195525,0.0005729479718299684,0.020270386888543306,0.0399886942895732,-0.059803729786139515,-0.03911114526727921
SLCO2A1,0.0285225902995372,0.013823522408113513,0.0456406036638236,0.00170027587545921,-0.03608642998403185,0.006030544651678636,-0.0007799298744297884,0.03692872675587705
AK5,0.005416567673466239,-0.05172534208526795,0.02497044238696722,-0.02273730295041202,0.029468608962736027,0.01818043397065812,-0.03124062650139702,-0.017949918783437685
NPNT,-0.014496500440424127,-0.005343236097261586,0.04673757066568813,0.014696802693507567,-0.004410832688125408,-0.014574056268427919,-0.007223845833843413,0.01112168456667607
RGS1,0.04067205062025506,-0.0034439276105557018,-0.01968739068700245,0.032613841361846696,-0.00015398170088575793,-0.003999859332383799,0.0029449267285910057,-0.021726647888764362
COL14A1,0.012831827452058844,0.06392725064484836,0.030018795433046207,0.016562841519723807,0.003482049976068699,0.0077372589903332845,-0.012748791859401375,0.015647825463536505
PLXDC1,0.012976140474951806,-0.017986913490609664,0.04674436756284471,-0.030283106253758855,0.032419251613752614,-0.04554936021493592,0.014050834275323698,0.04645602347792868
MRGPRF,0.012476029248331709,0.06456696072774068,0.0018747078804725427,-0.0073821229630104835,0.02160306075654884,0.016864228605972958,-0.03242548175553618,-0.004148053499169056
RAC2,0.03868438275459231,-0.05220378325188791,-0.0018891969786198246,0.0013623238241143316,0.041232687856437224,0.021568314402859202,-0.04999447727709926,-0.0037471436986633725
ROR2,-0.01137330349293889,0.05667204966791742,-0.0005612237667726766,0.037630210950653345,0.02168671237095348,-0.011130351013793095,-0.026568354997577585,-0.028095355740837876
PTGFR,0.011887207339114131,0.05233820063458007,0.027785220245542808,-0.019367967465158623,0.0378146304932067,-0.019429205748453155,0.0020081520393197307,-0.014338507294125386
OCIAD2,0.0211365762357007,-0.019961534887265202,-0.0031385729476957214,-0.008078864017892106,0.0289840380550175,-0.015855629166183847,0.03090583312214907,-0.009282599139674507
MS4A7,0.05334131815964766,0.0012062839456667596,-0.007528584513646894,0.029475090873262066,-0.01433752272898713,-0.028768954406019988,-0.0028418877318795725,-0.035743728144015906
BAIAP2L2,-0.030582022333907596,-0.016380213554025184,0.016203350731810347,0.006349089646470038,-0.02649611837486902,-0.00818609652638611,-0.026234293262808774,-0.005097435164551809
TNFRSF19,-0.016299831165799392,0.011140562300142504,0.02774887619918087,0.026477227344982417,0.038249421560813145,-0.025043381338383477,-0.03735367838486524,0.008261503302756306
EPHA4,-0.013340679911596749,0.03350355265129031,0.036549975740322586,0.035916225392701694,0.0076848244684723285,-0.03181221729437529,-0.04379436418667082,0.027251200420857817
RCOR2,-0.047113042329728703,-0.014548588229321455,0.0028161884254864177,0.027893564773642687,-0.028727493954180783,0.018801138017062274,-0.040987674364337895,-0.02038351112944646
LUM,0.01342666105390057,0.03053562854606441,0.025193933908049776,-0.052180334262106456,0.04055686748442882,-0.006822834159390736,0.004169847414273241,-0.042751514438791854
GBP1,0.04834022153841648,-0.0069611941018565115,-0.0041347645227940025,0.016412986720284677,0.005278013295115352,-0.043241164415229766,0.03715283363999637,0.005101299957413475
LHX2,-0.035140130741060656,0.010134042946371772,0.016696691990698797,0.028147228208761286,0.025970421276129765,-0.02091641693500214,-0.010179755365025312,0.027869473504471873
HAS2,-0.0001357859169389443,0.04935112191048527,0.004261939058039027,0.028002465847420374,0.027643057675795737,0.013575685262991091,-0.014488441567579181,-0.010847783221970077
CRISPLD1,-0.00994483825730167,0.025251405708748335,0.028878495715227312,0.02949557536903141,0.03215587326287179,-0.05605499330551384,0.008750752342668951,0.0010864504538862386
OMD,-0.026497622199713744,-0.01142998395922929,0.0387819113892385,-0.02613742331831241,0.01174769846459779,-0.0029577754279049694,-0.03572349954494264,-0.01665261846330879
REEP1,-0.028493889014263783,0.002718870398231828,0.014542831223984667,0.028736377528410757,-0.02011353038434223,-0.004712621843001556,0.0009806529439562155,-0.04910975131522803
NCAM1,-0.03253614732220328,-0.03132596676927604,0.04286329603838716,0.002829124210342536,-0.008788603741654352,0.0010415455451210469,-0.00032700127570387417,-0.0311832000509554
SPON1,-0.014634595502845314,0.03879584359237569,0.030606947463175868,-0.0024897066318065775,0.013109197200423818,-0.014983461276606418,-0.03118670647797747,0.0026930512532529222
APOC1,0.044105451714877314,-0.016158073661248034,-0.030628735869456525,0.03418034902340656,-0.003314804052307472,-0.022121452056106203,-0.01880776325852332,-0.025210085227271327
TNFSF10,0.0537585002064981,0.0035196454529451307,0.003211388849240975,0.0010536471834139893,0.006240729740427442,-0.03095033350777148,0.029794402991396185,-0.00915775268648968
GPRC5C,-0.029246732353204446,-0.015472328500660982,0.02947159054876047,-0.0019802991664565157,-0.016383994011444192,0.009395439629557382,-0.06094922010905884,0.008820942187757436
SEMA4B,-0.0029444043425959363,-0.057891226420677976,0.01588543344034055,0.013067994127416332,0.017015607003104213,0.006957584233717774,-0.006793096151814341,0.002472731532051533
MYOM1,0.004412056745680016,-0.007147553631932925,0.03402858128696613,0.008131366701227185,-0.04335149577295937,0.00484657187679439,0.0014431537246246224,-0.003295743782857484
PRSS23,0.029231457419518755,0.035095640152996474,0.01663644212514756,-0.0240993539863119,0.03071028154927272,0.012868975689610889,0.015965457848399547,0.02096695080490809
AIF1,0.05948519127201052,-0.0094983465576743,-0.02008914201389703,0.02518109755871155,-0.018027199481471832,-0.03812048939509037,-0.01783904449906218,-0.016943157176086028
COL12A1,0.004371784726863376,0.04226078732577718,0.0262826083533437,-0.011610329769393614,0.04515992805240135,0.022606587041479317,-0.03171214135323558,-0.03231849361966918
SLC7A8,0.035560663377094015,0.01818740662909313,0.0044627659628511075,0.02601614632647902,0.030167676852151565,-0.027633977420010693,0.0005160633234532535,-0.007423642671187308
VWF,0.028391964600978356,0.03554344866500301,0.01862468730580829,0.020940536350475998,-0.038287684667096256,0.03839398364854851,0.00017413127185284807,0.0425818914963078
SCARA5,0.015417216385284708,0.013028321069004253,0.038772222716657236,-0.005024650791927888,0.0034929227391616103,0.027071802958095786,-0.023013320204888808,-0.006402603045470389
WFDC1,-0.009699754695392701,0.004258476343816393,0.019103850769000792,0.0009689369031132006,-0.03303454299509112,0.011153377476269965,-0.058303288570350276,0.004205404283051343
RHPN2,-0.03870858659197277,-0.009471888760823657,0.021291780587886742,0.03376144260319502,-0.04049398915563699,-0.02848413207486062,-0.02350550829125822,-0.009907962798296838
BMP4,-0.0257402549275811,-0.050300743689016304,0.016551387813135893,0.0029715253178152004,-0.012933220658905674,-0.024182037668480552,0.013778716703439612,0.0010326791392691716
OAS2,0.0402232461408864,-0.0177875420075128,0.004583150136792394,0.0016056607461516922,0.009141559911560787,-0.03388679872946742,0.026097556679925533,0.009399956763755865
GLDN,0.0045029991428585416,-0.032782129494357624,0.04775977861083675,-0.03196542544359564,0.013940050828880907,-0.022796085154038616,0.008984904714989883,0.0229884637088386
THBS1,0.016846454087828523,0.030956892700503065,0.016246594618016773,0.001377740967677431,-0.0024890406248511236,0.016903290238643,0.009466102120113385,-0.03986566013088669
PRICKLE1,0.005399127188026948,0.046090891804111675,0.01719734667599806,0.03667068657244257,-0.007119555855098799,0.014823275114217792,-0.021369478031112568,-0.020580393247949295
SRPX2,0.026864535812425906,0.0037967386104024825,0.011184034824526068,-0.030988412881123847,0.051668170498887354,0.024286339995998135,0.019790142975386095,-0.0157934294585678
TFAP2A,-0.020227041760740715,0.001338580547652113,0.0138416867919646,0.033026680891762174,-0.008891784463487347,-0.017460583384415772,-0.007337405793231083,-0.02107753661248034
APOE,0.04628363447300417,-0.011358435963340538,-0.002642654836282829,0.009176388417223747,-0.0031445060923054637,-0.026845590250328857,-0.04228147650979113,-0.006298583461660449
SNX10,0.0327299592182861,-0.0502320636479996,0.003147378369594534,0.00040198171997831475,0.04938710567569071,0.02964712416465943,-0.03886525917631794,-0.01744080678070395
CSF1R,0.048771198391670274,-0.04476165808649603,0.008910026641584716,0.004686621622547522,0.0375289145385642,0.012479785702864453,-0.0401676798165723,-0.017221361312143205
CCND2,0.01433945523932954,0.022301825912682274,0.027737112062030007,0.03329935742024351,-0.020069841830496205,-0.0290817377350362,-0.03498782204075198,-0.008200339955467865
DHCR24,-0.03199938840285642,-0.02573131253633808,0.0022504034141341083,0.037597716239999246,0.027872972882527616,0.014523122251490894,0.017128131789989176,-0.01404210346711078
LYZ,0.0585280374333231,-0.006336796356965414,-0.0027642395389907972,0.03409074656664394,-0.020232035846418205,0.005250601431591503,-0.005625154147421882,-0.00717061828040684
ALPL,-0.03373486816024328,-0.047853585643911005,0.023954218007696038,-8.971370600263824e-05,-0.008660409257667966,0.011067772820432987,-0.018563525034358985,-0.0011930298920602121
SEMA3A,-0.005679213573104178,0.044578735332847515,0.008664138027405174,0.03153040321191623,0.02293889549012301,0.0007146513181174742,-0.026572894721631646,-0.005950767696351572
CAV1,0.039855485127025726,0.04295065930564161,0.006210678603234516,0.01466062871402792,0.014630308023942388,0.03133197035993365,0.041028639970752956,0.046824154471102275
BIRC3,0.0410468245971134,-0.04022937242059618,-0.003028338900416126,0.009459778911909696,0.03544917555602545,0.03324605137048598,-0.00867273674638948,-0.008470928999305438
TCIRG1,0.029152579113580244,-0.05489928850848278,0.009512357681197948,-0.009294887347808823,0.04903707680730206,0.04812862966261697,-0.056888223542782966,-0.005371921065915939
OAS1,0.032883236282644085,-0.02420414301468432,-0.00245858017399179,0.006834288459382543,0.01080982891457923,-0.05396614794030136,0.013532631620513779,0.004634637508208811
LRRN1,-0.009024035121286609,0.0031887190582238515,0.039171848113164896,0.012302824288963041,-0.01309748970595374,-0.007509019013619001,-0.018758471089855375,-0.019598438218474755
TNC,-0.008992024195786425,0.005151618323079075,0.03571048328597556,-0.0007817405601730472,0.04361250767426532,-0.011372042057145326,0.0010153807602870874,0.016781993881944204
GPM6B,-0.01512794270980507,-0.010799562361273435,0.033103217064108834,0.04045324598433973,0.004209496556975813,-0.021974417323269182,-0.02137779507040344,0.03014188971911435
CD2,0.051566889913881454,-0.008064899200386522,-0.014051675736496032,0.03829817782367639,-0.019794543620701488,-0.052726292672486325,-0.0013084917603326176,-0.0059260217039920245
COCH,-0.009746504718713763,-0.0140228508099591,0.01740557117509941,0.029269848129653952,-0.03271444667638086,-0.005228568489165605,0.011619630261907266,-0.04639254954908059
COL5A3,0.01702784015267595,0.011361829862046357,0.03975507517657477,-0.004170023238220545,0.003597962946887517,0.03336342990265448,-0.009815111122278557,0.07403242718201844
HSPA12B,0.015081451357459759,0.04608330275066735,0.03092286891412562,0.011174291258365601,-0.009429128370751882,0.008221761754175494,-0.038708154851436485,0.013918697288778838
WASF3,0.008428160349267421,0.03165540219988153,0.03043670839659695,0.02495563603785004,-0.01750908833512011,0.004098822584441608,-0.021592997528926544,-0.002927938030941298
COL6A3,0.007492307582069015,0.049764859664215295,0.029170555684992713,-0.005375159523023089,0.05316096953010976,0.012650045320743552,0.004505557959680865,0.015460085128964515
ENPEP,-0.012976861624739898,0.005980469772806881,0.0373658949650658,0.02553311389736081,0.02266682951155627,-0.008350019248384894,-0.0045621547464929635,0.017861134861622788
S100A16,0.040382227641201515,0.038323133570118205,0.01835157262237275,-0.008384992237413302,-0.008771737079511052,0.02731047759340594,-0.01740421106752769,0.03220143810832052
LIFR,-0.016929020063294248,-0.05706441653894594,0.03941704824500065,0.0012811726986054054,0.009882943357641137,0.007419918527494379,0.042596162135223214,-0.015136990498915488
ECM2,0.0070019299226718075,0.042520405192581205,0.0295212558603886,-0.019536401384476824,0.04097308800986388,-0.013848099525330452,-0.013768493518052398,0.01481149906668787
RERG,-0.02902599612060756,-0.011716564154495807,0.039778413913866176,0.0037366649766079384,-0.02091653729955515,3.8062370879566806e-05,-0.005264814680911701,-0.028125268759187864
SLC7A2,-0.002889238040683786,0.03609095552842315,0.03751681643810309,0.008912629269650401,-0.008919448840654202,0.006634950137301828,-0.014467544566101158,-0.006114253194185605
PKIA,0.014566044715029374,-6.486207001164411e-05,0.01806682690592521,0.02014322385986164,0.0039802367722942865,0.04675348242444015,-0.0057189719543302275,-0.061927226902708604
PTGIS,-0.009315500630696626,-0.0105702240814019,0.04249774790415193,0.010424073864138433,0.016270911121877372,-0.02452830330941661,-0.0024486845964628154,0.006163601558014044
AXL,0.024191787149174304,0.02282834958504775,0.029693153290642343,-0.0028718661803083653,0.014108030672863238,-0.0309735169472467,0.009161348335243215,-0.014708673769814284
NPTX2,-0.011182699876091762,-0.009672709411251555,0.009849294921124104,0.040596382609715875,-0.006246052436602216,0.020387994775726028,-0.022103864754667468,-0.02377487055107606
SDK2,-0.03672964948271461,-0.02745613576676794,0.040724264833542835,0.006330525670501788,-0.021771373690229096,-0.0009609614601551087,-0.00417279312065943,-0.025983240077588288
LRRC17,0.0017227057049521931,0.0355268906325361,0.020557462689616026,0.0032191432053964475,0.017937978895798255,0.021841192318965773,-0.024569804371910194,-0.019249896951991606
GAS1,0.024875529613222393,0.03672639849431873,0.025713620975041127,-0.013310453627726124,0.02610464892458522,0.007218723706583245,0.00641170030880105,0.0017139753947596863
ITGA11,0.004452053727453508,0.017470652690968615,0.029859891710021427,-0.031661194033598385,0.08211190940233777,-0.017120795255440004,-0.020753974918720025,-0.005042513782336336
ALDH1A1,0.012926296871352702,-0.010989661613236747,-0.002408872916996806,0.04616262965952682,-0.0009173053555982618,-0.0029127758911581605,-0.029182458252975316,0.029178351716079593
AQP1,0.014598283764567578,0.0015206349259710076,0.05322788598686682,-0.034235349256574565,-0.006569703473681347,-0.024845969585590433,0.010900959928192197,0.017217509172036766
EPHA3,-0.02234833329199625,-0.0008436251951827903,0.032912534519959215,0.009081559972485574,0.037538747407373514,-0.025496480196032477,-0.0032494680165499204,0.026145374000702316
BAALC,0.012372811400989952,0.012203626270960432,0.017683039009939207,-0.007230476553399161,-0.007031258214849374,0.014069734055651966,0.009712699942350144,0.015247611320747222
ZNF469,0.009549101198426167,0.049718838133025384,0.01743076697573292,0.00772633531844488,0.04217161435144206,0.013455547276039738,-0.02406118844780413,0.004625914055858118
GEM,0.014859566295995,0.059075667948381747,0.005814972112774993,0.00967075876487835,0.0363639123158065,0.00668538441554965,0.005116935609308181,0.009977730104574046
GIMAP4,0.05341722653777526,-0.011563036537979451,-0.016552432378172114,0.03622618413364651,-0.027651115874446804,-0.04650402193014745,-0.0062380446529058066,0.0016184122869324297
FOS,0.018257961222798928,-0.002559388556872903,0.001328112323581341,0.00912289670925444,0.007702811631166196,0.03595354634526911,0.03010040606390539,0.008416172480867352
FLNC,-0.0002908683810699769,0.04660131806622759,0.01071359326079718,0.020034419326715274,0.02345292158484683,0.0006074563634510333,0.027750326999974703,-0.010402360154657711
CDO1,-0.012016537467673937,0.0163269374114363,0.022159432148076013,0.014135977836394729,-0.02942735900659276,0.009729853650472721,-0.02605696661085974,-0.02672425579121514
THBS3,-0.0006718480739645271,0.05623880820175753,0.01865552316500408,0.007139188935923882,0.001463839799810939,0.01671116810392617,-0.021898403966801625,-0.03522235551215208
DDIT4L,0.007233369048306451,0.038039794944362826,0.031091273245687334,-0.00847337676552935,-0.0021675843056384193,-0.04234243368052165,0.015028062317151768,-0.005723778688487844
CD14,0.05231306889782716,-0.029537380571995158,-0.0021535305492494544,0.006359541145676639,0.025525575662244518,-0.007310302954980332,-0.043657993492622324,-0.0017644964491465615
COL18A1,0.02456956469733505,0.021277537792452794,0.03257526157600783,0.006986305827362337,-0.022466826694024278,0.035812147229452515,-0.028782937187960878,0.061457799854550105
HSPA2,-0.014957051730106932,-0.019727542425879877,0.026015063167478394,0.008321642360577567,0.017598546594952025,-0.035227199781893405,0.023210527190727973,0.009370278517911786
IL7R,0.04088923205526454,-0.02166582850935105,-0.016196440027845527,0.02365589069396741,0.005042602291596126,-0.00440849290008948,0.0195671167426424,-0.02600330640800858
NT5E,0.02055609927505033,-0.004719201612128952,0.03682141810060991,-0.03293724739136729,0.04579826580012731,0.022521922976995266,0.026863102453545253,-0.014786965969521015
ANPEP,0.005803292127388586,-0.038642679727403095,0.01221157657330002,0.013031991052073599,0.051799802763182926,0.01791009427498165,-0.053885339019502765,0.021528768637875187
CA2,0.003252294612057187,-0.04896490813409734,0.010383771922415026,0.006869067562519161,0.03670411573709057,0.054251896196281346,-0.03346043226164603,-0.004688070134130246
RGS5,0.023770691344115275,0.023334050812798646,0.051877940943447574,0.0019804895732934828,-0.03571380106761646,0.013265972233579133,-0.003254258886814728,0.010447307827850555
LGR6,-0.014366412811964534,-0.05696281157045351,0.035323436645471024,-0.008354250051326775,-0.004387670899180355,0.003280748388838804,-0.012940980309323419,-0.022792461269415594
OGN,-0.01359079128334313,0.047782296914508145,0.02197312420625744,-0.0036944053701732297,0.0404809698255265,-0.010718702304899687,-0.019980519271949434,-0.03194024274239547
VIT,-0.02106087584770229,-0.01655674844878844,0.033417174669340674,-0.02280095946947358,-0.03377383415456009,0.0028702568574795364,-0.01931255092161302,-0.026908131084950247
CCL21,0.025828919891689436,0.014365813681198571,0.019349181761767496,-0.010810542218778172,-0.026297615545132744,0.030630956831507256,-0.0053080465656074015,0.02437251906170181
RASD1,0.004486572680209489,0.025804450007857114,0.017528750950455804,0.010298503679010366,0.02220438270210138,0.010438410902151116,-0.019574246253325663,0.008843872958977069
EDNRA,0.006552030564700013,0.031923647941285584,0.029138589523493127,0.010039256610113371,0.024369776971470972,0.029629754668762463,-0.009305136644362895,0.04452919737286847
SYTL2,-0.016428025956875376,-0.008133619548977731,0.0165085544963969,-0.017094981358072275,0.000450456392078343,0.027183505728225078,0.03301883190468806,-0.01931752643755046
PHEX,-0.0017912615042264706,-0.042209596258638245,0.039407020677678144,1.4568387542592378e-05,-0.02240784533381699,0.014411857815125216,-0.03915507572781632,-0.01995079484144935
COL21A1,0.01494789630495397,0.0064294535298278655,0.042250105803865984,0.0066227146334788935,-0.01101573400734289,0.02666082847755332,0.012811711392090593,0.04736899451390639
SLCO2B1,0.058762659552120164,-0.007592769322158745,0.00632096860752016,0.03696063289247954,-0.006755109337346137,-0.04062662994964088,-0.003267578968048439,-0.013364603573984264
NID2,0.008109558855236426,0.04154330119570187,0.015589391357164868,0.046529871542293356,0.031283533056449556,0.050252314938899346,0.015966844564534313,0.010981121399203302
GPC4,-0.018912735645776717,-0.02806268466614236,0.036416413878096986,0.02115069945767733,0.022943389909121,-0.0018876241102566017,-0.006467834194860711,0.036718334141401944
SLIT2,-0.00707518895280303,-0.009626203164532221,0.054367141195832774,0.009884480898634277,-0.0019616135178657824,-0.011616565770870033,-0.038138507868646775,0.016454782443734342
PSTPIP1,0.030768952636092098,-0.05210792273439939,0.0048040992713597845,-0.014531578528174181,0.04356412989676499,0.018114725759621315,-0.06868504290019518,0.005772057710065652
PTGDS,-0.010956983830074193,0.011517036898021207,0.030312345810767336,0.022199102051603428,-0.009061681390462787,-0.04204421986516072,-0.03910760508208346,0.01593293104058356
OSMR,0.037564099419713684,0.01689724061668059,0.018206272784590524,-0.008537239457752052,0.04088440843859116,0.03485133219635244,-0.006100886080661732,-0.021498294945793656
EGR1,0.017882023782298216,-0.007508493531010812,0.023184437306599682,0.0025625607639484065,0.0036759629475347135,0.019717784557194258,0.023521413539887005,0.003964997569892728
TRIM22,0.04996558959248811,-0.015155851181735064,-0.0012931024548858954,0.018458484576961857,-0.012033194056581004,-0.050281643155898205,0.010277786319346657,-0.011420388544424117
LGR4,-0.0345163600596896,0.00010251510811705217,0.033404724696157025,0.025319746000116137,-0.024827468590653757,0.022189648628702218,0.01878855105966998,-0.011679274384096768
STC1,0.0005706757721980486,0.009529862923669832,0.0018462781612018043,0.030711780330164196,0.004514214432578994,0.0479095325140049,0.008619662181100914,0.056197110525929406
MSC,0.02204864741274883,0.01884550183776375,0.003786945084341446,-0.002209836117648652,0.05687329853794843,-0.008222400483995664,0.005943481083034656,0.030416298159958523
SLC11A1,0.0474358704106364,-0.0051301751399436,-0.028951508937190357,0.04213372187573193,0.012125663819526001,-0.025889416012637917,-0.004535621060327401,-0.002958011886353907
FZD1,0.003688046783729447,0.059911730357131814,0.02122173120190203,0.005692692428931033,0.032105712681862915,0.019502562873749445,0.011057532862210475,-0.042022656771909
GPC3,-0.010907854623372903,0.02445363707817267,0.03433058550675272,0.032499780361826124,0.00440962913878203,-0.05653994440347267,-0.004291809810201759,-0.0024281146303456813
LRCH2,-0.0053680823447205955,0.02796696588924273,0.017977007929957427,0.04092784556010916,-0.02705966578941226,0.017520013318412946,-0.01285628402298077,-0.04719823543900396
TGFB3,0.006355827165193008,0.04515093698098578,0.02182872341262755,0.018822380195626993,0.036723066496621166,0.03875187812330967,-0.01692083286885173,0.028485017589862393
COL8A2,-0.013093354031430386,0.028948432478854442,0.02781949920511089,-0.014810359710742398,0.05502536929520599,-0.05503939769666666,-0.048059640478553274,0.007981765485614457
RGS4,0.019343298889362082,-0.019356256624911035,0.02503674421081569,0.006000055540571453,0.05608826086139958,0.007659391799814185,-0.0068671219079443025,0.011339295112421172
PSAT1,-0.030063673077993458,0.006353985075011508,-0.005588058971862411,0.04608590634097066,0.0115892377878467,-0.026009906388627605,0.0200085008817606,0.0397455304343518
SERPINE1,0.03432868067484215,0.029234812536529743,-0.0056255206932996306,0.007256824530232001,0.03348849431821,0.016763484650002908,0.023486064203826054,0.010214276606384508
DACT1,0.009239337281692822,0.054911998440034734,0.03098468722841391,0.024003393527448087,0.006733633877926477,0.002837389749072933,0.014262502219413614,-0.009977714391129421
SLC7A5,-0.02461235130602456,-0.003962391596052703,-0.009108651761896,0.03577743008637051,0.018668277845414007,-0.0015511082730861163,0.02333443695027412,0.008109836836745647
TFRC,-0.007772847860128936,-0.021703151157584963,0.014156482746303024,0.02160468758572506,0.039614741694868325,0.04343868798849057,0.02184945951710977,-0.03721721004337772
SLC6A15,-0.024635616070430515,-0.015379503307167964,-0.0011815436134202336,0.03191146140423175,-0.018132483312975133,-0.014049104365740191,0.009737970888165883,-0.03142383816824736
CPE,-0.04040965025550993,-0.029781255208382436,0.03780071008016294,-0.0059235754543958555,-0.028435067840901947,0.0113999776376719,-0.003587991773210778,-0.03251644567316081
CTSS,0.05879987318272162,-0.004934945203101174,-0.01943068819566171,0.03586371374576666,-0.006104642219659007,-0.03280642671268541,0.00019346843733148778,-0.027032076723995012
TSPAN33,-0.0067480589559809016,-0.02973442586671734,0.006840063861505175,0.0462777759073432,-0.027274736849593636,-0.029408009008789322,-0.03325244858310066,0.028405321952398144
SERPINI1,-0.00953710354741159,-0.016920348499066023,0.015640165023108155,0.029904230278732687,0.0029756091430261566,-0.021963216460589213,-0.001628346579622856,0.024254103414041925
TRIM9,-0.003346610140759285,-0.002768805824360491,0.033211553754535654,0.0010607342322905442,0.057572446579451056,-0.025349767730584043,0.030957634560890946,0.04133240374091393
IL1R2,0.03066847488456724,-0.022497740381327347,-0.007457282459300647,-0.0009282019270167958,0.030598605735316912,0.016058456042070943,0.006857387005825421,0.01206418491664819
BAMBI,-0.03430888427250842,-0.055227802668551526,0.02512015245156245,0.0051837927747600925,-0.021918354589050837,0.01666050373848001,-0.030031702292337148,-0.018721726207282012
SLC16A3,-0.011466963484054998,0.00695126201958224,-0.015390211852582311,0.003041272633496165,0.04009076394491439,0.029311547422658884,-0.006802496279968835,-0.04815788263011877
CKM,0.013157943226897546,0.00334037333829149,0.009707361615430142,0.006329439499268256,-0.0326307863241929,0.013802099720587421,-0.012253404003389416,-0.023015212128617926
MAPK13,0.014360375060606775,0.0019445024548071406,-0.004941333747801901,0.030840935547377407,-0.0017523275285423034,0.012665514959004052,-0.05042928139279261,-0.005580598415047419
F5,0.03959558782777735,-0.015405629223838698,0.018092530298568225,-0.02427858489674792,0.015697233508874645,0.03430835253962264,-0.0069691728336542195,-0.031006569043050256
LRIG3,-0.003534342457147999,0.04836445663721156,0.0294231507305005,0.01918785279050238,0.025887838785351676,-0.012069689563352293,0.00179534420722708,-0.0129419446878817
LRP4,-0.026974570572020216,-0.04130305858714809,0.03507211690091263,0.00845113954650141,-0.0042805791622297995,-0.004409709354970332,-0.0030600406458108327,-0.0014241254585032823
IL2RB,0.040778986833715586,-0.012753156173703104,-0.002097150344893026,0.03733888580039718,-0.009100854374318183,-0.03364754384852092,-0.0034143277031789612,-0.0017477936808818215
ITGA2,0.019586788457266077,-0.044316484907785614,0.03214742188192148,0.004221554062235558,0.03053203095292569,0.07365338952045396,-0.0037620759518768444,0.011387360585138576
C1QTNF1,-0.0017936801418630289,-0.044306478326542525,0.04099989917998979,-0.04931749610711562,-0.013752070685605217,0.017507844573119637,0.0025515761059863072,-0.021725814107722497
BMP5,-0.005405774154073629,0.011250963566499543,0.02189562524056116,0.024959131953776807,-0.029978844776497923,0.0071682297250542796,-0.03507800779306509,-0.019345916048090293
CYP26B1,-0.013136110641976222,0.020152020366903757,0.04699329141151906,0.00155953715741252,0.02777545594271752,-0.026564343299491547,-0.009274031780006967,0.041637379794315275
NRIP3,0.014627896368336987,0.008502821085849262,0.010984339361282958,0.021541268149293837,0.016246398544927463,0.048462016847477654,-0.03594183735696329,-0.009155366240045523
IRF8,0.05786000031807212,-0.005857637370875381,0.0010266187032794687,0.04225540698779417,-0.03059709443175865,-0.03923833364373663,-0.00012437931247305127,-0.014053051755187956
EPHB3,-0.011956938371210115,0.054290800902239575,0.02295916446433917,0.012093106863782361,0.035858820984806535,-0.017140247530147604,-0.03495060927827245,0.014026257865417837
FBLN1,0.008826324296380283,0.015536603323771766,0.04765691010351837,-0.02135809039200531,0.03760989630258822,-0.0450393030659686,-0.009862570478279188,0.02754202434788628
RNF150,-0.004551152488369481,0.023734032966196607,0.03593683265862845,0.03461036854162941,0.004595333251981341,-0.016958658402490782,-0.03488635133223284,0.014281052647754729
VCAM1,0.031597652626989284,0.013567663582980054,0.025798794393772653,0.00998690256181202,0.01707165128372279,-0.007040194083303329,0.007009481658364881,-0.01185147433987916
BAIAP2L1,0.004872019586728036,-0.0012740307833159956,0.012048388060195692,0.023667168023216806,0.06791061504860081,-0.01746881759115637,-0.039257886065131864,0.009502877457239151
SEMA4D,0.019455229115847773,-0.05643786419346154,0.007467962615347551,0.01041256983972157,0.020833323489572994,0.02252865974653321,-0.03484846504981519,-0.030441236733431482
HK2,-0.015567521770945697,0.02020013555245815,-0.018271018593278794,0.045495333481714945,0.03380714238035222,0.019397084001531093,0.015078637658657256,-0.01819003144758725
TFPI,0.03827346695195502,0.004030500646985224,0.023330427038550004,0.011633729908965947,-0.0104795309549117,0.06049652227532288,0.0059178288268204905,0.051931040703071
IL11RA,-0.0015359964615134294,0.04689529591717923,0.02411750029014674,0.023166868204449416,-0.008204949757454519,-0.023831808321538663,-0.04364987934357483,-0.03329921341118298
PLEKHG4,-0.022132929521770324,0.030383636597234413,0.017584825101591123,0.009381897287604815,0.020702348853753216,0.005403800819674658,-0.02620695849640112,-0.001385975368854554
ZIC4,-0.011258052980299353,0.01827538184748117,0.03388325713622275,0.011723167996946138,0.03500430097760891,-0.039241684552646455,0.012540321571794603,-0.01006810950549684
SAMD9L,0.042763169436080856,-0.01015335843677368,0.013886094581240615,0.006620549231654125,0.013255701729918629,-0.034214643813618155,0.05790344418129614,-0.020766583217801782
TGFBI,0.008738311496309954,0.03603975985671031,0.005138387032282684,0.02504001431458587,0.052860557088925945,0.008695178578826604,-0.04603977557284956,-0.007112513976153588
HERC5,0.02140928820610262,-0.036939133983507746,0.006858487655385619,0.016200044756139072,0.011227491594365032,-0.04030718609794793,0.0250199785284582,0.0006740368524320922
RHBDL2,-0.03669458944397287,-0.044090537362507294,0.02684484125347671,-0.0058175697417620085,-0.023542805838498992,-0.0032110889733156767,-0.01955314601829962,-0.03448616132097379
AHR,0.027912518685341853,0.03481493361652003,0.027054520360905155,0.02025783933174875,-0.0013610602094185232,0.008974874092352493,0.03863829950155024,-0.017220792178768055
TM4SF1,0.04519339018914424,0.02911982982381154,0.014002506702294127,0.0005283488000621221,-0.012980818853443064,0.01473166396453254,-0.003470574049510068,0.03759599417128788
VANGL2,-0.01987137568018999,-0.00873126613913576,0.03766893700240943,0.03244885346802215,0.000821625418111341,-0.033377215009170465,-0.004218659351848002,-0.0007072992131318765
MMP2,0.008585565868381728,0.05125928441868992,0.028586683893606173,-0.018482526487977984,0.02781739728995694,-0.014516642860463471,-0.024872002698791515,-0.01707393096134835
DTNA,-0.007790596202265344,0.005474467263585855,0.021963780062625005,0.014082460315790177,-0.04814781165525912,-0.017181580024329096,0.03140960066173035,-0.04131586538347311
BGLAP,-0.006022885373993096,-0.03082046882996985,0.04262983463785105,-0.033528501937022635,-0.0022655710292498145,-0.03547231071519929,-0.024919371426951924,-0.005573508246234312
ITGAM,0.052264297781721626,-0.007942242946378119,-0.012230598421736422,0.032403271877833165,0.016851635342372495,-0.005051588596672294,-0.009223397238034062,-0.017607535288733815
ECM1,0.028194253099633016,0.014059356791175948,0.023741781593962362,-0.02403121333543622,0.019770797658840565,0.002650600014454509,0.012911046791911397,-0.01191222908447
ANGPT1,-0.009687911442656714,-0.02654576479146506,0.029574103265232125,0.023358895799934075,-0.032072507363214306,0.031118578144249637,0.035095648554733266,-0.013992589295428796
KCNG1,-0.028091058271642017,-0.003132861797282457,0.013190371020242819,0.035830283061413885,-0.0005459547031054571,0.009747562793972538,-0.01340125197740857,-0.02117511826893764
TRPV4,-0.03531099164608267,-0.001791370040956418,0.025282835865695855,0.006553705759248407,0.002660559590731329,-0.010643979572611085,-0.03975422221932641,-0.033619318429290446
HEY1,-0.02169147343798466,-0.04307462001057185,0.029476671792448735,0.014594663511804851,-0.020057536371922303,0.01836146258160559,0.008291065245851981,0.024157247023842525
COL6A2,0.01916996447420473,0.04769190378549351,0.023357358102235153,-0.02577819615533696,0.04816889600159144,0.003501742921473073,-0.008148621159229789,0.032675120868946056
GCNT1,0.008814221123474235,0.006806475401571523,0.0010362859340877378,0.02371479838552223,0.004822515149301413,-0.01007279890115711,0.006473104016258505,-0.0028690377891513793
PIK3AP1,0.046471520737066195,-0.03592814538661399,0.00347242083028757,0.017271606285082317,0.011339144502729282,0.0039023576655890947,0.01946998188341494,-0.05027665154393135
GPR137B,0.027994639764414974,-0.045792100764277976,0.02349240536921983,-0.014122247818752598,0.054865937802636974,0.04149887360138504,-0.03506663728193887,-0.02411162997727798
SELL,0.043188517312558884,-0.03491301143732986,0.0022095662322990776,-0.003119623665607804,-0.008518609387957154,-0.024763387408908932,0.005457842585351173,0.014244055878995354
ARMCX2,0.008916874175528283,0.026110177108217655,0.019156106621849106,0.0014846501304881811,0.0023808866373547736,-0.013229630734258535,0.011199297751924426,-0.03697732641250343
KCNJ8,0.01487429462479179,0.02955735816169355,0.02855312753961419,0.019493584572066652,-0.051295963823412144,0.024392789869074484,-0.013353474937208315,0.029214173352950408
ITGB2,0.060350766070373214,-0.01586989001283754,-0.0161062694475808,0.028068975546202274,0.005520723369613101,-0.02925946948388075,-0.012916405935066027,-0.018336773616810048
DKK3,0.0069342903230246765,0.05033822117738102,0.017058693714577872,-0.006124246851430447,0.006549130423671721,0.0036941373096698133,0.004301580470489806,-0.04166739671362738
EDIL3,-0.0023854664318641986,0.047891282751164006,0.006393068567898231,0.004359397835326814,0.0455055967443364,0.0012209679737833507,-0.02804224332176821,-0.029270452662410247
CLIC3,0.011861153579864728,0.009609314914933161,0.016799727786325748,-0.02169353986757101,0.021927852339239124,0.02401408605736259,-0.032966316199069146,-0.050727542673598615
CNTNAP1,-0.012973270230193842,0.009368369610203242,0.037580830282255784,0.03021381960032619,0.0286592431096023,-0.036551173165665383,-0.01478986357481491,0.03704794349546535
ZIC2,-0.021676911896062166,-0.0109609302625707,-0.003242131314872833,0.05778422096723231,-0.01687176638736486,0.002681034755077771,-0.015350086613306335,-0.017235270135314864
EGFR,0.008027664157829,0.05186890662420139,0.02561635233243535,0.02009467818515356,0.04024641464609109,0.0025400760576319075,-0.003456605677906363,0.012356450105470818
IGFBP3,0.002646761890682158,0.032913128496718735,0.014648681311180316,0.013239311951528238,0.009101815440356244,0.023489241374264648,0.0031788263573544412,0.07091742537467159
TBX2,-0.02046956171260268,-0.03955793041314977,0.04205249999907584,-0.01664894233962451,-0.02057943656136811,-0.0028065233059191277,0.00039466508121814917,-0.009468449476910721
INHBB,0.015946772345841152,0.02613348764578339,0.011396895381887913,0.009562171100948794,-0.0040992271572600665,0.03377198902281373,0.00885675433371361,0.0053815409756939915
ABCB4,0.004405320019468202,-0.04465375346169326,0.019964645690670364,-0.00401109240676192,0.0143777696704252,0.04909373888804525,-0.01579209345092943,-0.02797600992673479
PTGES,-0.011042271830344818,0.022517313233047283,-0.006712985376592415,0.01669475054511244,0.00758369443193037,0.0021879652540875774,-0.025904238090734312,-0.022608239997588923
FGFR1,-0.017410978682334086,-0.025791642269264396,0.04866114901448574,-0.02157265161025575,0.038167628683386495,-0.02926199816106473,0.011053033058499298,-0.015975378149161504
RGS16,0.028440555447295367,0.035279957420373216,0.0034079901436941127,0.0033927150475813253,-0.0018548141142882297,0.017176230232008902,0.005230554075116221,0.007862090933605835
EYA2,0.006660379094997805,0.03080951618177746,0.022825343807875997,-0.015583244696835731,0.020052250589398413,0.005505080976845239,-0.031108128072994474,-0.0029474102433064944
LDLR,-0.016376833803288676,0.007832923416990519,0.007289940144709902,0.022726451321552384,0.03018705924010096,0.016251525737753524,0.030844450702719045,0.012144942229128458
SERTAD4,-0.005253713567973363,0.0466434414203335,0.03722092648880337,0.0041322106877127755,0.02402934404056222,-0.03304849115720626,-0.007148241118314996,-0.007465596301514263
SPARCL1,0.031417024730207,0.027369727644187245,0.03994735847795963,0.0039031287146930565,-0.040352001596897835,0.01476532788569949,0.009093982711971083,0.05941393970406446
DOK6,-0.013726497006168015,0.006529385101735441,0.008996724429727316,0.04366415167496842,-0.016539370471526614,0.029427631995418736,-0.024942638191239094,-0.023543028809224167
C3AR1,0.05832529745528407,-0.0030007137618771294,-0.0056948234778171885,0.027295565830762022,0.00061900722248388,-0.0418467446656837,0.005051354827565873,-0.0284011854694552
TLR7,0.055635038150606345,-0.014959486065042903,0.012317212573308643,0.017638403124084406,0.004738201786505561,-0.04396225374917706,0.006770175660910126,-0.022386758149221062
FNDC5,-0.0003483253331302967,0.033026303338548314,0.013203012451417159,0.02875737349589874,-0.0026168358704003036,-0.02532936698018048,-0.014613324933105645,-0.012894806894317374
IL18,0.04569669437816872,-0.01625700847783045,0.00026944107946507215,0.025152914376583214,-0.021528679193831574,-0.003141203140575307,0.01422908818410469,-0.03729801558575201
THY1,0.018337557790657464,0.05405137966254321,0.017670978402860013,-0.0022171236084963853,0.013054360790166067,0.014008741016877236,-0.019959408458854286,0.018789580265494356
LTBP2,0.018140405329901736,-0.009655661577074464,0.04400812551427148,-0.02586384965701869,0.018376265350582812,-0.045587739807393474,0.011509473964241377,0.012688047822136388
WNT10B,-0.03214747812289759,-0.015058835988466572,0.011336079630425303,0.021273100869521163,-0.012694969968288228,0.0021178367296962285,-0.04692337900202926,-0.04291751159828438
NFIX,-0.01567535239225681,0.049786432051705166,0.03440393844956886,-0.015825733869897624,0.015862448634948942,-0.03333363147544225,0.02148362650905112,-0.011532148263493809
LTBP4,0.004146141855255212,0.03989207496906845,0.03790320415453734,-0.011347960861704396,-0.017379629451010528,-0.023958442493570157,-0.023082906956250326,0.0011514179715746004
PDZRN3,-0.004604346411275558,0.05594270213309191,0.012006844972662939,0.008661872850715539,0.00239258048415083,0.024709308923895525,-0.006668155401376292,-0.04728673474367393
HOXD10,-0.01220974803508106,0.005190358375674282,0.01462025859784875,0.0007417254299097423,0.0235455135343487,-0.01585057462699673,0.029363899198618655,0.0199501802646819
PDGFRA,-0.0057082313163656796,-0.0035527829124689563,0.04259955568936607,-0.0087156841816656,0.023842308741291715,0.013560538025949951,0.02121701757023187,0.0030161369553305672
AGTR1,0.008790371836377953,0.020900539719544087,0.03468515043703734,-0.0008067426126676753,0.012338379041178838,-0.013075016964277677,0.02681237343660759,0.00603093791104273
CRTAC1,-0.016272446976498007,0.020042940325843278,0.016710102919622462,0.023278408671970792,0.0018277168293991588,-0.023851384928758587,-0.046560801747722536,0.01658053304902985
ITGA10,-0.025163435631969704,-0.033131972120970965,0.03830025198084908,0.004979992272183093,0.009601293430613193,0.011050000230952884,0.005396517177545842,-0.011976074556173728
OSCAR,0.024145943271408222,-0.04827001335874186,0.00801729332650928,-0.010199749359331389,0.045302782353220224,0.04000787261910786,-0.07724703187069101,0.00016795618658529445
ADAMTSL2,-0.006292449066221987,-0.01902865518011825,0.05148669688782265,-0.022073296619032692,-0.013875578271556228,0.016104824933725784,-0.014385661825233959,-0.011060011171396019
GAS6,0.029995513323300495,0.02018972566900175,0.03857157710973273,-0.03836287988451997,0.00041362574209526256,-0.04766348586578501,-0.00771179926254598,0.016951246260921038
TLR4,0.06046461376612659,0.0006868382538818111,-0.008621038741541385,0.023433681386392645,-0.01143166913458805,-0.012383357362286906,0.006704327500589709,-0.011070681674704297
HSPB6,-0.005514911058523778,0.041597395030137145,0.011005850923954449,0.005590261444510181,-0.0009839629175979866,0.0045296144958405764,-0.004996415213877175,0.007637321009580858
NINJ2,-0.000562255435052038,-0.014272809892262654,0.02805022514476583,-0.033314047889830854,0.01636459637218616,-0.019988379296071515,-0.02189905950240855,-0.0034148098123209522
MSR1,0.05208317374699382,0.0015265347586694957,-0.018852275540302884,0.03465021710540356,0.002775237358485677,-0.0375365312186193,0.005774783063483214,-0.031347041362206764
BASP1,-4.0915083041648086e-05,0.03422839925450294,-0.0004851515356620637,0.026241197474626294,0.03249904389330788,-0.00445622654019226,-0.0429725928482956,-0.01760012432422684
RSAD2,0.020932781749234845,-0.024798831843024317,4.550693430376365e-05,0.02038477661218558,0.0033868979045099668,-0.040764501450559126,0.027412352756327224,-0.015199604206038608
PTPN22,0.028213807265097406,-0.05425377725043624,0.013169947842521814,-0.0028113966068772957,0.05261744734940578,0.04182291511063905,-0.04414963006159117,-0.013512016528245149
SLC20A2,0.0009735805374785408,-0.025791911834920696,0.037540932080835976,-0.010488941066918753,-0.011028957188831585,-0.0070996975489403214,-0.0057994652826758916,0.015752675216552048
TMEM108,-0.014716721014598807,0.00696315431931914,0.0217655997118657,0.03699108662608186,0.026429969374947793,-0.042392196994947166,-0.0016722484687386107,-0.00526939954600829
PAPPA,0.02018091677524354,-0.003739179185637129,0.035503123621544716,-0.021397457032113775,0.016444853808438454,0.01962008640304461,0.03984579514049153,-0.01873367659731927
FEZ1,-0.010429201099530659,0.014994244312028969,0.029143157855944204,0.02842184475540068,-0.02870728475758224,0.004448156196402329,-0.03434001274067578,-0.009647038261636955
PLEK,0.057368869352622386,-0.03334207835719608,-0.016998171386090218,0.0274277646257057,0.0207992122010203,-0.001371373153906287,-0.015039754282159487,-0.01130023852745813
SELENBP1,-0.006976131540179952,0.017409571710874698,0.021382315071132266,0.021541878587664674,-0.044259070028018065,-0.009717474220203557,-0.024654602005696597,-0.01882371007358327
CLDN5,0.035684286271261564,0.004245013776890057,0.017905744421627352,-0.00788057330116642,-0.04911878777281513,0.033420595601805644,-0.03657975298875938,0.06858299382415585
CD4,0.04794704409434743,-0.019752515072289836,-0.017808288509167748,0.03697709869247587,0.00544584883740871,0.011636819297416721,-0.01490225914779599,-0.010275319123401449
BMP6,-0.02421667921564332,-0.033608929527836534,0.027533074199716547,-0.010578763301480111,-0.0267352251078181,-0.03439402000034633,0.00529167200826605,-0.0028911476461232002
FZD2,0.008800355137683307,0.03932649066970662,-9.484505185621179e-05,0.01598462655641509,0.018992241331611176,-0.016603332624248172,-0.04236290350137831,-0.014229903391800414
TMEM100,0.012509123659897557,0.015303689195733241,0.0375046097978961,-0.00022964465276153687,-0.010604303323791874,0.006828323244060611,-0.0007602689966447968,-0.030174281285551163
LXN,0.005156521526710431,-0.03430194496917135,0.024236329359755452,-0.02039236421661778,-0.00127978654362804,0.008044395501275737,0.015505860604381125,0.014935788438965368
TBXAS1,0.056951645659883615,-0.013327707425879805,-0.01494688229217051,0.01961814104903587,0.00820117241028437,-0.00663982604036773,-0.024036429181937984,-0.032586141698884054
HOXB9,-0.018543084355959475,-0.0023877334349939137,0.012731077660572826,0.023345168924126445,0.0010331294017623099,-0.02819810114956402,-0.0015939824549147047,0.01221866503138671
NDRG2,0.004735876319348945,0.0055330892518824955,0.03947215182033343,-0.003388237546583308,-0.05099548426358638,-0.03656900453839862,-0.006666782236410697,-0.019793229940161708
SNCAIP,-0.020904789994528668,-0.026546791429567704,0.022726241691978323,0.0038908996635950324,-0.01373660416978291,-0.007827876553930312,0.012044433348436504,-0.013145953737711338
DPP4,0.013977736274481928,-0.04389224461382194,0.01659286728479582,-0.01110152405827512,0.05471851953186502,0.05085963000817086,-0.025611318507252127,-0.02603345777638032
GALNT3,-0.02280758164864281,-0.04036589392130292,0.037316277185712676,-0.011282422785552384,-0.01477711403369408,-0.003743772079174349,0.018618044824560455,-0.0360074347239555
IGF2BP3,-0.007394370549393907,0.0032748395759164047,0.01414942719061293,0.06426315719167834,-0.033042515653984555,0.06287585549267007,-0.006974835446393673,-0.010705227822959509
ADAMTS1,0.002709861087771994,0.04999702561624351,0.02649133069908881,0.03178472165106255,0.011645275796125681,0.027685610607500848,0.01607721852954956,0.04081842957271075
OAS3,0.026342462660806837,-0.019708744550338397,0.0038382482502695753,0.01407769710960457,0.006259187617179636,-0.025197771063256925,0.04772829536595141,-0.01585856457694884
PTK7,-0.011280164945051185,0.020129019143057505,0.01384467129900089,0.03968228012103878,0.052677187870890575,-0.015721966600723225,-0.03127398674603754,0.02803584447679296
IGFBP4,0.034492875793636926,0.022677824426826167,0.038179166087106246,0.0011247765624465788,0.006697297583514861,-0.008650084949403971,-0.03564040094636588,0.023317343659602446
FZD7,-0.0045067314557640575,-0.024420659919040067,0.04110578096979895,0.0036127175999424036,0.023030193239849762,-0.003724909067766787,0.04721980734070895,0.005857424323242108
KIAA0040,0.030761712188181738,-0.05012203008387368,0.02474985391962714,-0.01944736078175306,0.03403047398884038,0.03597726564115214,-0.039174275840296584,-0.016826762295425263
ADAM22,-0.02936646087605959,0.0010332131258199526,0.02554037696512273,0.04380813834846387,-0.03061461413711782,0.006554239808017612,0.006554323297639443,-0.033079267621538976
LOX,-0.0024917122861723828,0.018290299754206284,0.006079368851320335,0.002246623891138406,-0.003543502048749929,0.057408530878979125,0.014083637581439523,-0.08364659238293072
GPR68,0.03038675927470424,-0.034111758739691155,0.017136665654135835,-0.010597028866693777,0.06183660005248234,0.04138561063996704,-0.04565001091232137,-0.010459328990464603
KERA,0.010629619686684319,0.02111356393426836,0.015500782172631332,-0.0122229295339297,-0.0005690628664824318,-0.013734740972400567,0.01726050239293519,-0.04087602491450214
ID1,-0.03218849339452416,-0.008348766897369598,0.0013412133882556834,0.003380166538815583,0.0018571817671966659,-0.004837538606436698,-0.043498519973559246,0.027381834347208325
OLFML2A,0.019465581708711457,-0.01713226265529869,0.06415575413629154,0.005135597256540073,-0.014996717144410976,0.011972389961410248,0.017643174737222298,0.057681375959402766
AKAP12,0.0035456358942529,0.008376084111716676,0.012510853562367065,0.04962605752700626,-0.030915437754830903,0.0029505290469672985,0.04003957454885444,0.005616148741889356
MMP11,0.012613338336531547,6.684329525281267e-05,0.01436699989092291,-0.005714666383562424,0.03880782876863263,-0.026755730252986352,-0.004142773152589259,0.019733263087717126
PDGFRL,0.005805302069167082,0.026908442611602176,0.03281834959867237,-0.044295604411106415,0.02175104922072485,-0.024194711659122868,-0.014711868579765653,-0.01606636326976782
SYK,0.038235853774585445,-0.03183739180282258,0.008182913275955725,0.01104409630462648,0.017718576748073714,0.004319890417372733,-0.023207930906489316,-0.03617372903557619
GPC2,-0.018222425175254544,-0.007508993212602788,0.016013119162831217,0.05694930429188773,0.011595855108232108,0.004097506048108657,-0.029198137011850523,-0.003469686223162343
IRX2,-0.02349160072515154,0.0024205123689585916,0.011571721294652594,0.02402741853823042,-0.0039008957165288347,-0.03867995205509128,-0.02768325467495324,0.0053540614133970295
IFI35,0.036143857817915306,-0.02786048231893236,-0.007527022226275242,-0.008393340328324238,0.011760641843313548,-0.05745740224325867,0.012980931858063847,0.013758668442159576
ADAMDEC1,0.028571429477196545,-0.017063162555948506,0.0013238271488884507,0.023844965422302335,-0.0057304848992234675,0.028064480892334924,-0.020228141218375663,-0.0039589039653520315
CTSH,0.03852670201967904,-0.016596761986315305,0.0005358602892060804,0.004108411408098532,0.014132997367866579,-0.06528870913370192,0.006858964190775991,-0.01030210736716479
CADPS2,0.01970407835397616,0.005768100959168656,0.03697999870078827,-0.00028308641473991493,-0.016819311069046956,0.026096223666128588,0.023402512595609302,-0.021655606638417896
ADAMTS4,0.016453947293606754,0.03882814842252813,0.010759232079222466,0.02172474139549305,0.037810171811284266,0.0513264674172052,-0.006118386938287241,0.04984327349935324
WNT5A,-0.012853917929898578,0.002932851071380522,0.01885283896840395,0.023533060148165256,0.04267698895281701,0.0017664126873904052,0.012331281008948276,-0.005379012434087872
PLTP,0.006709597826763255,0.0057018129709349216,0.006176650197304192,0.030549816523739882,0.011929367604222318,-0.03532842951716638,-0.07384068904624772,0.015980098774034366
IGSF3,-0.023944722566428402,-0.040263569437325,0.038410014364394944,0.022921912958845776,0.007675778011791713,-0.004347029133648073,-0.01595259658048667,0.0013349319659395004
TUB,-0.029455926972102687,0.02182163146051732,0.03301201468990738,0.006331158155058707,-0.014238107531712653,-5.688794547841283e-05,0.006683342975556337,-0.03627488695329636
HSPB8,-0.006892649673010077,0.012110789294547477,0.01758568446750694,-0.019321874276142584,-0.005917408528994012,0.006550070885875377,0.035910644034756176,-0.018313723104981423
DLX1,-0.037024672718925615,-0.02060479636351477,0.006368977347143565,0.0397410778303201,-0.009821224541284092,-0.0015530871542129565,0.01771944927944479,-0.010030810402721161
ATP6V1B2,0.025597299316524214,-0.05368299505240772,0.012940139139443693,0.002880763508904173,0.06018439431213526,0.04880801732377674,-0.03848692726512195,-0.01455173692987051
LAYN,0.013165439138430178,0.018371266364178653,0.02213932331525803,0.0034962846665548136,0.024051484003915838,-0.00888310661868587,0.010151031932619363,0.049445581425912745
FN1,0.026916958402567404,0.013571150900738425,0.0358324136367818,-0.028576141447464964,0.04679474235637754,0.016793138470536605,0.023709240191297075,-0.00737154033176732
SPI1,0.048975078811782334,-0.04997208020965608,-0.004204175149521185,0.0041665092266566835,0.034062876881546716,0.01791516231642016,-0.04166405237602627,-0.00661266195765012
CDC20,-0.03388537387702205,-0.006449551456806907,-0.023400648335975743,0.06327622373419203,0.03185676923035411,0.006252290586799203,0.0069848792124638705,0.016073264756955023
RARB,-0.016031707123637672,-0.049564704608845975,0.0328497415731839,0.019095715881499088,-0.018243550286437617,-0.008036253575241053,0.01180610128807345,-0.011118670396369513
SULF2,0.011115791476003438,0.01560528952160217,0.014815572234302412,0.02585305593399259,0.024067584086189288,-0.012124875145153082,0.02731671904683361,0.004047993433438622
CALCRL,0.03420342491407167,0.005548319397748704,0.038449118712624436,0.009730765235665016,-0.03872842224506872,0.04019099948530722,0.02840808059055836,0.047187450945271825
PITX2,-0.02226529373982059,0.008959952748429187,0.01626880977209535,0.02021300884842849,0.003601836100767193,-0.05049704621286927,0.0037325380340163476,-0.003901820808174236
RBM20,-0.013058854376563053,-0.015988581529504064,0.016166325032014997,0.03949958221449436,-0.05066235327227469,-0.004885762439748049,-0.02918512382997118,-0.014260253826081553
CLDN1,0.030459316528398166,0.028158858909754163,0.030702609408956416,0.011339517894824453,-0.0013526036037229076,-0.03225680292301027,0.007027823729595099,-0.030204459339634247
SIX2,-0.018317343702957394,0.013900793030197253,0.01630905037433274,0.013501550388278884,0.03185935149124833,-0.03603740276191528,-0.02181623183837081,0.05238758934175201
HOXC8,-0.011100762294437409,0.010458951746135819,0.018506362312243427,-0.01617411573839843,0.012522451194076686,-0.037681157409484585,0.0028617226568624044,-0.008985660904019269
C1QTNF3,0.0042567397831167215,0.07107898862283835,0.0024325484621172634,0.0033972686954505654,0.01870063519719222,0.005325545186726085,-0.025208657360211197,-0.02140354399280863
SLC29A4,-0.02959750409054984,-0.02722206525437181,0.03258986109760839,8.02904433735242e-06,0.00849648492604957,-0.039098923358693013,-0.040361009938942115,0.007621496635968525
MYLK,0.0061433134604739715,0.006131776819742864,0.050333399747162146,-0.01364828445928347,-0.0009957981113767125,-0.02893455396294535,0.03907423871058296,0.0010826615794047745
SPOCK2,0.02955123527928649,-0.020798488846873627,0.025818728115214497,0.017990830425856037,-0.025064590906759342,-0.03888447427225414,-0.021520740189297723,0.017708572426680474
AOAH,0.04937255552898767,-0.020269789313893404,-0.014414628937061384,0.029252192350285255,-0.008155109007375677,-0.036392558899804375,-0.00020702331404961203,0.0018864016754829953
GPC1,-0.03208086491209269,0.009743987057104666,0.023067358681913647,-0.010054996794332275,0.014402141111431498,-0.026661974736808043,-0.03992737302958888,-0.001016084652246054
LRRC25,0.0542923396931457,-0.031282312372539284,-0.01249365124085168,0.023557448008974323,0.02529708258460349,-0.009155595486635089,-0.04504442278037487,0.0015811770840746687
OSR2,-0.01732118901005348,0.03067996979486835,0.01413694412133577,0.024994227010373155,-0.00825746195551232,-0.005426547574667731,0.008426707500580385,0.01856347559757941
GALNT5,-0.014365230296064464,-0.019257980515378446,0.04252668555732909,-0.02816670184342512,0.028258027748192895,-0.022939623432317625,0.006498452108569507,-0.0013388197689965199
CACHD1,-0.03328350301200354,0.00280444858277223,0.0372407249647659,0.028891437993586518,0.012030978780628058,-0.026789655656733108,0.021623551876698968,-0.017876228247011697
CDC42EP5,0.0050857948687855785,0.02390315518224023,0.016394760936192826,-0.03195448399559436,-0.0084824811212537,-0.008473612049737208,-0.05012160323150923,0.004985530786322955
MATN3,-0.0012560015590425736,0.01478955662987787,0.023563539123037568,0.018050061590923153,0.029214821825723283,-0.03541357182448345,-0.024228587243853704,0.017777953528832886
ISG20,0.03757568891945675,-0.0018071340842256522,-0.022966532226057015,0.025558309367572814,0.017519699050310204,-0.038406162667130934,0.019391165923062382,0.007559776180693315
ITGA4,-0.000850655273801096,-0.012385148941225438,-0.006195654834111902,0.0659858978483347,-0.015271794349450318,-0.0027310053817779043,0.0003840491044492569,-0.015622020741778547
EBI3,0.045913454027913,-0.03149899703297931,-0.012808299828842058,0.03262367735341369,-0.009900506671672974,-0.030179084820667744,-0.03654464612614415,-0.012570089700291987
FBN1,0.03363662786841709,0.04009999252908737,0.03265423040099551,-0.010698231457837468,0.03170281489297435,0.009975473476493732,0.02843365376540425,-0.00444585912792087
ARHGAP30,0.062223556027232035,-0.010776342635901489,-0.008853083186375297,0.03417221868206713,0.0022613170336832286,-0.030208535030678038,-0.010186953727750197,-0.020724802332085266
PTGS1,0.025475429957639382,0.011600113740649544,0.022486704932524398,0.009672204189211504,0.014316569171933897,-0.012464080983361906,-0.06245868940537901,-0.024254824978234512
GABBR1,-0.015460415067859157,0.012469490250768187,0.04006373342917996,-0.001456995410921558,-0.013435209311694077,-0.020666777881392,-0.01342988326070532,-0.011771545308781106
F3,0.010640357641316833,-2.564514620824465e-05,-0.0032424318570847157,0.007308413350908829,0.00012299081051786193,0.022209295097723937,0.02130357212275062,-0.023487208109569224
NRXN2,-0.0018002079432252337,0.013799726949996566,0.03979454747064732,-0.001519525177791879,-0.004811857591118421,-0.03944413025351966,-0.011904527764879227,0.027098810989435687
PROS1,0.01627454216816695,0.0020803150667214566,0.043708164964447106,0.005988242708530157,-0.00596076642849056,0.009254099080379337,-0.029171375017749687,-0.005317641337770199
BCL6B,0.023440703372783183,-0.009161709404148535,0.046936936901606635,0.0023421813903194665,-0.03905788317955335,0.04936013717448644,0.0022214163294857576,0.0856983108563445
TNFSF13B,0.05411575493867184,0.004400341267996705,-0.015998330040016297,0.029965208324228113,-0.021399745221946823,-0.038277055665481875,0.004203079090733606,-0.026926832776599737
PPFIA2,-0.01406650990835409,-0.04525570017655215,0.043775850398273176,-0.01734783559773043,0.0008864504921390149,-0.026448687442128756,0.013016817319908778,0.005365450414096966
IL1RN,0.045476618040957074,-0.0190156923390709,-0.013013126755532612,0.033452142287360154,0.006013258498458026,-0.022282948684861078,0.02036925570221952,-0.007225209299455774
TNFAIP8L3,-0.02487247570831957,0.021355162433469764,0.027828130881159478,0.006908534611080863,0.0174032581979811,-0.03183992821990485,-0.011782355197588242,0.0079875083242654
LOXL3,0.008268941301191372,0.03139817117994693,0.018703887383298225,0.022858943422919914,0.033339511868470166,-0.01738485435845147,-0.024781895334124532,-0.017420089636412735
TSC22D3,0.012871808642696849,9.994777554148473e-05,0.02668927595806978,-0.02285994878027399,0.0032416926944364302,-0.05231166334751096,0.00967431696217415,0.02094207820406317
BMP7,-0.02734713935460929,-0.00745022275137306,0.013728043337510236,0.044793888438337044,-0.0195501151042642,0.003483386963024006,-0.032216757355007675,-0.028862078930069198
GUCY1A2,0.01643432909778288,0.029579415304999034,0.02426590066649205,0.026321613521328658,-0.017254152976011593,0.0449964181446731,0.0018181124932801444,0.004396803015519136
BNC2,0.024961094118148876,0.05241212004647476,0.013444416559346379,0.01597343073065356,0.04248133418611098,0.026354417421373077,0.018656455652335594,-0.01314025998564015
PDK4,0.024543767165443455,0.004738567926199045,0.01916307423807849,0.011524670341302808,-0.037563932774349724,0.021676889337812637,0.029922009627103143,-0.0218259644358159
RAI2,0.0013784417327423228,-0.020785921973164284,0.04894395795081443,-0.030317955286124274,-0.04561394769802825,-0.0077178255727681,0.008434382039546068,-0.01135227646626419
CAV2,0.03858768677250557,0.045018601996423775,0.006360990887257974,0.012565950919311432,0.007916590172372631,0.021912318222187577,0.031096638234673315,0.028637317653524653
STEAP3,-0.008027684171782245,-0.03535974196053688,0.024300337239586606,-0.005415093992125833,0.006089887183231623,-0.0054462075034906205,-0.029826860023692007,-0.0014257082643373718
CDH5,0.034452203090376096,-0.004748543696798456,0.0479793529850434,0.011540237633508532,-0.039692709997294635,0.04868444760432897,0.00486749533942375,0.08338887244052054
LCP2,0.044196046500724936,-0.03770774441358726,0.0008405772431289355,0.035339057607022675,0.011964397536950205,-0.025284268306460047,-0.019521184533130467,0.02292054735250855
ANGPTL4,-0.018864590847262722,-0.012230342340785093,0.019944754403438666,-0.017709100383370795,0.012895894869728447,-0.02249645989810202,-0.009253996273583504,0.04147872857386691
COL15A1,0.03581834244840964,0.020392612201516922,0.029322859578771763,0.009518854350973311,0.01949512201321565,0.045247094939996006,0.02085258988392174,0.04536180230770077
C2,0.04862349694290493,0.0031457039773483196,-0.010467606419819728,0.016790533210591096,0.025669733010030827,-0.012532870168832633,-0.01901001439367162,-0.006114463921939692
LSP1,0.03529688074930046,0.03986041051700053,0.005796024461020393,-0.007721090801295149,0.0009266931837882332,0.01501327214388275,-0.016077613547759256,-0.002124839459868048
FHL1,0.0126312393112294,0.05320139065699844,0.028073844155699468,0.007079582672592569,0.004064971219600421,-0.009549905130923509,-0.003355359112545279,-0.00782615775576002
OSM,0.02894934249752983,0.0011857293264438068,-0.03132047485934854,0.04660990135353424,0.019642540800903403,0.009284236058982948,-0.006665185721339194,0.028359996331753085
PODXL2,-0.022812730035902513,-0.001268115532837624,0.007949802835460242,0.04536073382464055,-0.01972629414110143,-0.003170246515499458,-0.0638957009802061,-0.015796367209442688
SEMA3C,0.01414560506819008,0.058015492246695805,0.0014946800820294552,0.019642243145218317,0.01057066922741263,0.010445132274114277,0.014256876128026022,-0.0545863641275564
HOXD13,-0.03695310685837247,-0.027440025327957678,0.02258206219621279,0.026519429914443154,0.004883412922766919,-0.03595361879449389,0.0190034529865778,0.011384129894395526
DNASE1L3,0.036343297624134,-0.01654475547850234,0.02842189385327884,-0.0019660812669572854,-0.028980521684610606,-0.00709273828926941,-0.010175057706839918,0.029972570755886396
COL11A2,-0.03485470274429306,-0.005049433787611821,0.023953570850604202,0.009271798396330633,-0.039978162704354864,0.012350061747696142,-0.04342527327124163,-0.04313780665766548
TRIB3,-0.014763775351089367,-0.008911861906554986,-0.008365137025207501,0.028660823426281654,0.024936753440706252,-0.018445641702323337,-0.0018857459915179323,0.04925158586887879
AEBP1,0.021507317721259085,0.03613216749211907,0.032771095395763374,-0.03560669903948768,0.05336759929776451,-0.009887817849479655,-0.014075723692869007,-0.019679053145739884
MMP12,0.01910280480695787,-0.02113918205334287,-0.002051436344615491,0.006056486482550044,0.026622491156504342,0.04564109794944442,-0.00361935028064563,-0.030649416971412095
SNTB1,0.0029048870035527355,0.014097270762271269,0.03418417132877297,0.011972366252184055,0.009769571079576746,-0.022022057980160322,0.005007550065156649,0.027330950169835673
MEF2C,-0.01988391314864642,-0.04845418476194087,0.0384448899015875,0.007804817636050389,-0.03639888835381972,0.003401941476028041,0.014853412392334205,-0.03492526128555215
COLEC12,-0.022900078619607692,-0.03266176189950593,0.047468007084236166,-0.010326151473299633,0.024498601461523047,-0.005158534580822452,-0.002233119086836208,0.0013607708207901432
ADORA3,0.051537999082672245,-0.005174187324502061,-0.010222759334009221,0.03148349264863462,-0.009232264197802547,-0.0445620654039853,-0.00470274991651956,-0.023526858999390284
SCD,-0.024832411842245838,-0.01574326416167903,0.008597301873422487,0.022436208698660552,0.017507913786715526,-0.01950114387471763,0.03033823481588708,-0.01722784224263066
LSAMP,-0.010668632583616909,0.007654859375638618,0.023430397614645482,0.010761311576599045,0.011479824250510265,-0.026830506235763323,-0.007556115939045183,-0.004366026389530141
GIMAP7,0.05172626084444305,-0.006732135925355287,-0.00866629630432492,0.0351723857831763,-0.03508446329021096,-0.04274241345169002,-0.0037992946560297196,-0.007472046229814438
RGS2,0.029488513274022805,0.004740081166354813,0.0031122759877141976,0.013762964335338693,0.015627994305445158,0.021194102026985007,0.03636053667480235,-0.008266065507323544
CD36,0.008727557469859742,-0.025284018330110698,0.015407613103063395,0.015750071356535122,-0.024512405966585608,0.0514964611873786,-0.010417265403939637,-0.0633917962248718
SLC35F2,-0.014668448513062381,0.02413375872515565,-0.0056576118824765145,0.030524577154178733,0.01907486872556456,0.024253070853740726,0.011887217393826692,-0.028283401720816698
NAALAD2,0.0024114513164620786,-0.02671951416858887,0.03744826592289248,-0.011399168217427218,-0.019980615217097666,0.009119345463577906,0.0074950853710356,-0.011344778600965343
CFI,0.03807394331176776,-0.004005846608972577,0.017172065993105175,0.001841373624540764,-0.006937748306746665,0.010551384205860843,-0.013439998336760484,-0.010023318001481008
PLAG1,-0.006341053153732645,0.007361574510419607,0.022306581798473165,0.04724514959000639,-0.011512366416294582,-0.0007637082193544332,-0.020732827463658458,-0.01955470957319754
CPNE8,-0.004200791975966977,-0.005472881360886443,0.023699162297749366,0.0011171543345899386,-0.007592680175334319,-0.004958593373739536,-0.01680861250417701,-0.0442801047384886
MTMR11,-0.0029667038506687605,0.025630866325018674,0.03927873127765056,-0.011835531236174687,0.013160027314865614,-0.0368093792265372,0.010047575642595714,-0.003571816606761832
EMILIN1,-0.024499159501008214,-0.014032073925247383,0.0260181042741862,0.014214165857242288,0.05313451230512283,-0.01979854503410237,-0.03661526472042579,0.020431939202514245
BCAT1,0.004377875171251041,0.030005344563679565,-0.014875035890680982,0.05081109983194736,0.010254863695729751,0.044102415339073685,0.019208537579091294,-0.045585444388468836
LRRC32,0.03036647561702794,0.03498175270066115,0.02312806974275069,0.005765340870585225,0.00963146614714537,0.03142479326587608,0.00939367053377803,0.044502499990864926
MAP1B,-0.0004208438880600766,0.015236264818305569,0.025242902710632478,0.011299886317169994,0.003909718101210433,0.03752008463093,0.06370278968470983,-0.014045240386962034
GLRB,0.005447184434856215,0.01397047773185812,0.013615118420104641,0.016072422678578165,0.014042928752961335,0.026471937201965067,0.022866143859571843,-0.042106950690790027
HPSE,0.028998659758442333,0.0012804402927084702,-0.012999020608965135,0.04601422782222051,-0.001416034770318493,-0.010089057212169959,0.044747433524570016,-0.044539260272759854
TMIE,-0.009445999699742797,-0.02144177317269887,0.028219633629181957,-0.009591840756839378,0.011842573969802032,-0.0031527939989783134,-0.02919767296575402,-0.013813256297710935
MGLL,0.006138023571909418,-0.029776462518067596,0.048868025968797045,-0.011894249732331552,-0.029037146349612266,-0.027095662284799836,-0.011697881813806432,0.03358493737456647
IL1R1,0.01727803531702993,-0.0058248460633783285,0.044583603559980825,-0.03369794862688003,0.024352105620508907,0.013774366478419748,0.052003161013091874,-0.019353326864222944
TAPBPL,0.040593949873728837,-0.02806998527782488,0.009803725848924487,-0.0028581985112454775,0.005321115041224163,-0.030519813998877477,0.010748454834646263,0.009480771069348958
SGCA,-0.0047031028619856415,0.00138455188996572,0.026467098314691375,-0.006803955342420804,-0.0321893511978138,-0.015100751303707307,-0.00828259042511743,-0.030051280807241027
CHPF,0.00154361003283215,0.03411587411355364,0.014976643540835367,-0.022239075384907568,0.007080642518878074,-0.023459884302790394,-0.03633609997009507,0.007313878841591704
SUPT3H,-0.0005898807681704388,-0.03909113886172051,0.013368347311139249,-0.002438264371028104,0.012619814927824624,-0.011050203291880296,0.00986988540969092,0.02978304367312202
MAP2,-0.018038586684244715,-0.041807545536532674,0.038818805451963596,0.011873075200614583,-0.017275299534183535,-0.020608110277214806,0.042338700830935716,0.00891307534851205
PRICKLE2,0.019193194402229437,0.05719170919615719,0.025027270592871177,0.0011152855701673033,0.023938008455965738,0.01536762662853701,-0.006904367893401719,-0.01950685131503388
NQO1,0.011499627902814183,-0.016328391839681572,-0.008636555224773607,0.00166313136345487,0.003523690584189145,-0.004753018599372583,0.03899882477576325,0.007196658264326158
XPR1,0.005987873905174393,-0.054426391565098785,0.02313260058833681,0.017882232367090453,0.03696830367454089,0.05264158773638081,0.00717199712586898,-0.043591646072923707
EYA1,-0.006690244123130089,-0.0012711202873220474,0.03305269167176532,0.028292142297074916,0.029031468499643467,-0.01007501695654801,0.0010760439708102601,-0.017406538536859507
PSMB9,0.039942953357645215,-0.028846353819302097,-0.01653761193789309,0.013111297202047982,-0.004259938024213137,-0.03851164068746303,0.013734271349685509,0.016670470390484932
LAG3,0.02376517586643094,0.0018617806434292755,-0.00705300645550847,0.03738884513991029,-0.015740489667777403,-0.03343608499082766,-0.051215351227753246,-0.008816481285105015
ALCAM,0.02304863940385065,-0.008186924044898373,0.006536453503342648,0.025159716663221095,0.006924263187625653,0.008965641669061115,0.03247786605341669,-0.058675910701968835
LAPTM5,0.05429094003695589,-0.03997941092520527,-0.005960898244249407,0.012908849522278169,0.034988665602495396,0.008220156959275454,-0.0367650354211362,-0.010771711557148395
SGCD,-0.026292637763158596,0.015687480527025968,0.048482887557007484,-0.008208773382236141,0.02051361921287065,-0.004729524681541216,0.020646407568053325,-0.048556349154911777
SLC10A4,-0.021154395724537763,0.00903380689073124,0.012686805421246852,0.02112385299090075,0.030997988777260038,-0.02015066176820919,-0.008949772890729124,-0.0037012133701827786
SLCO4A1,0.02260228679460516,-0.03495582937319504,0.0056984302704603355,0.0011443203366684645,0.028311070231069844,0.051565247013488885,-0.04546910982934343,-0.002918096616451495
MCOLN2,0.026031541246432137,-0.032640679229379896,-0.0044256974706198444,0.023405380130538805,0.012601564038954065,-0.019504003461274805,-0.0151606640300647,-0.01780492350156971
STAB1,0.05355599744237595,0.005189397522627029,0.014213278794266928,0.020891934412061143,-0.013013384072694461,-0.0062461487382087025,-0.027422643333804852,0.019758683441124344
MYH10,-0.010593673156430254,0.012781932302053847,0.02648362447357084,0.026023101111318232,0.016498297787584357,-0.03609585496328834,-0.006684038258508617,0.02304863997771811
PYCARD,0.05707160254470655,-0.022592450813056667,-0.011925532866220778,0.013273538032476905,0.0004301444079508525,-0.046084786123529474,-0.029444979091144685,-0.0026067587885419572
NFKBIZ,0.02718842415528907,0.026562395315791278,0.006879142242485637,0.017573068800171572,0.006411775926334912,0.010158263482045397,0.03435661049540844,0.0021968544326839
IL21R,0.033731320820247705,-0.024106160369565203,0.0034087488193125506,0.01922002513630881,0.0012185383064362218,0.016213408660971058,-0.018036669100392533,-0.017491216709319506
ANKRD35,0.007960369756428378,0.02862355719811516,0.019132919908874238,-0.0026856054153590733,0.007505321734527963,0.019602287700994526,-0.05595498380662073,-0.0168300403526025
PTP4A3,0.017898965063989077,0.017576433305060063,0.025839702376776096,0.009905947529790907,-0.05777893299564287,0.02815068545883021,-0.02162674397386326,0.035925080272102825
TP53INP1,0.020904169132407287,-0.01930468533017012,0.042396348633216514,0.01589636249817227,-0.009169499201129368,-0.01230681505326461,-0.0037663360991934507,-0.022867544831079733
NOTCH3,-0.0012465954876697515,-0.013230031071945652,0.05761998023177362,-0.012623640517392452,0.026229536315663105,-0.002778645640353048,0.0012657682460549286,0.0744945614731251
PPARG,0.019440722493279806,-0.02329814413772455,0.002399242838617181,0.025331869420452145,-0.00631456184136385,-0.020989240723119893,0.0005931743671681619,0.04074375182024619
CORO1A,0.05285631402065554,-0.012328423507988132,-0.01434152201053968,0.04947947252948221,-0.007880424479763521,-0.04528184649714434,-0.01247843974940269,0.011140315419311077
BACE2,0.009447255992292963,0.02185011842103297,0.033999710316843956,-0.01180569790198208,0.023014087617121447,-0.007074239543624113,-0.027602691673533426,0.008586335982857407
CDK5R1,-0.01846244393677367,-0.009238629363350421,0.031273577492001714,0.009054886361990025,0.007228667007302144,-0.006424174471383006,-0.006577184880492376,-0.004032735590600764
SEMA6A,0.0045735750996396055,0.024323612199026245,0.03881649040900201,0.035299999274844465,-0.0320134941461061,0.02479887703986417,-0.015946391344326828,0.019840561762511533
NEXN,0.00903888797608098,0.03811800723559101,0.009547812616316783,0.015312101411408631,-0.03594350782670428,0.029957669731604165,0.01184584266196818,-0.03248061151447652
HES4,-0.011410038424670506,-0.028769184571224897,0.0310943304076414,0.012826201827330914,-0.02481453829818256,0.013450613192329949,-0.006000797527755696,0.07182783399810823
LCP1,0.05553019987187251,-0.03827984581169015,-0.011878587654458313,0.01959055152739706,0.023422961624571505,0.012468494654938213,-0.026865775977928583,-0.028640353012377388
MEGF10,0.017984959484761292,-0.032479813128627924,0.03966005555759254,-0.01175230247261135,0.04776770216096657,-0.012155536439075482,-0.004836716889372069,-0.007015067509386503
EPHX2,-0.016500102146499253,-0.01407567122292177,0.03874161143258256,0.01615057767804104,-0.010232722510463223,-0.03944746796145978,-0.00961114613422814,-0.001638119845227575
PLA2G7,0.03089167412624706,-0.006919426484585158,-0.024690285478087073,0.04271425315969189,0.00043103863683311024,0.006773649067887459,0.001881032950027334,-0.020526898877676822
MAF,0.028130525296765095,0.03748582597839211,0.01951907945165669,0.027623171380798596,-0.000152095714670176,-0.024021381129764357,-0.01641690797664671,0.006705767369487235
CCDC68,-0.014084044944845659,0.009034830877497714,0.019077553852860078,0.006518820859359043,-0.008965830655912459,0.003400966228570673,-0.007302926295818235,-0.013383977300394796
ADAM12,0.010580157062038287,0.009563257877044328,0.016217119842456572,0.013423385233027428,0.033722090218099895,0.05443539870458178,0.013675633127234136,-0.0072585198066815685
THBD,0.027158803926982496,0.01170990129920858,0.038956449051358664,0.005869835401724658,-0.028204092920766834,0.023631380441881095,0.01356031723874224,0.011927917284021337
HERC6,0.035289226888292884,-0.02656027416216255,0.003376886431124048,0.004603913156456148,0.009565866244895927,-0.03022560113850773,0.03302398235505241,0.0015319204655233982
FAM20A,0.010013995347203587,-0.02888795060032105,0.013437730723974148,0.026230579251529138,0.041702319778987584,0.001950012396271489,-0.02862854345817368,0.008089813851935844
WWC1,-0.011187593327579726,-0.019607065976672635,0.011587955237835887,0.029444840872935397,0.032460878394819814,0.011754342319103698,-0.027753931149903495,-0.031596470836247614
TEK,0.04667809101879145,0.007410711987476693,0.04733546391043216,-0.0039029549755736836,-0.03569087695829121,0.02631149239549333,0.0020273359944625157,0.04973466590915575
PHLDB2,0.020960395515246897,0.04440079748984084,0.02845336751349627,0.013090137347447607,0.027240501272260718,0.00741604460217257,0.009516680674311264,-0.01098058812349976
LZTS1,-0.028209008837849176,-0.02190977933810404,0.04288662499650807,0.007109056121651782,-0.006993000177333615,0.005523588771787627,0.0040128368361413876,-0.010816960115105042
PCDH12,0.02269383323355824,-0.019431721249817454,0.05089111439464861,0.004809301603448087,-0.027529298395265692,0.028341187151785567,-0.009578943798570192,0.09913944639100822
TMEM26,0.027700580728960533,0.006504381211099967,0.018397953830942396,0.028596824583090555,0.025820876149810924,0.04308474100992391,0.0006867045635572926,0.0007711554567818909
PARVG,0.05825814870161354,-0.0160329192677642,-0.006474778833726881,0.02969230613159558,0.007918290931673977,-0.037976821141032464,-0.019139247870384898,-0.01605328483089219
IFIH1,0.032017900308729585,-0.036261476558392174,0.01674907857581388,0.004230337594251965,0.013542746885287792,-0.04119645302694984,0.03587547469516584,3.379890333684091e-05
KIF20A,-0.029784760700299014,-0.014604064643193663,-0.003162347257113397,0.06673346401642205,0.026258777651087674,0.011004768934858283,0.036550603645608436,0.016654948046239057
RAB20,0.045606001656385994,-0.020210603971763892,-0.014381187414816698,0.03308318260763421,0.0024149133151776594,-0.03269954055875278,-0.022443793342934046,0.003949792380182461
GIMAP6,0.05983354373701014,-0.013578444342572077,0.0017161511847895335,0.029056585820922257,-0.022709340044647742,-0.028136470155534363,-0.01565978417569643,-0.01240575646893633
PLCB2,0.03720708375501104,-0.04811762750225536,0.005207920871549825,0.023929253822429795,0.02285052701894678,0.0020286569477348153,-0.04972585384710942,-0.009056932465301403
CD86,0.052419231109353634,0.0007243957443103154,-0.014282943605636674,0.02574138788673225,0.0034357866687557102,-0.04268338027787829,0.004339146578866931,-0.02834223060022076
FOSB,0.007143203970106912,0.006901840008056643,0.008180894213030542,0.0025115270156361004,-0.0016015517676343412,0.031152056442442427,0.03307221001113119,0.02735574108705967
ST8SIA1,-0.003935679831817937,-0.003011038554818832,0.039199435034146135,0.01543183825216447,0.001175542520060318,0.0018203487712965122,-0.006760115385496402,-0.0004891610450295375
ARHGDIB,0.059351545863561464,-0.020893083591260842,-0.0034436693449058312,-0.00542705412569732,-0.006060811167107449,-0.008376438940583144,-0.019374469410209542,0.01915764077092515
CYBRD1,0.010975284641381066,0.014220348491049738,0.044656162213614424,-0.039313213421033576,0.01940614707232048,-0.02949084288837321,0.05506740755528631,-0.00665459096560082
PDZRN4,-0.01403153185591872,0.035311963753699036,0.01756021581645181,0.026688724475848077,0.023746762603564578,-0.004224002365978843,-0.053030232500319095,-0.003146511508768316
KIT,-0.00938078303493019,-0.0020724986686489113,0.04436155714594833,0.013501365650763738,-0.009077367513632448,-0.012686913187951305,0.018539350074279773,0.02652770758202563
PDLIM1,0.020886966257212602,0.03089308114316956,0.007853306044210211,-0.0006842196654231174,-0.023223355262480955,0.0324089587942178,0.0035738572496167285,-0.012633893076653108
SORCS2,0.004300249670326044,0.05421983774236858,0.025002935919119625,0.015330978532795317,0.02210103336259849,-0.014819138721183893,-0.036574783568048434,-0.01925960883640793
GJA1,-0.009575936774006873,-0.00522180544140015,0.023363988529798,-0.0042746124636027566,0.039974548348969574,0.04952151386112201,0.011237216736678376,-0.03952118993096343
CDH23,-0.007113389112584475,0.019062264695790303,0.04017769331283105,-0.004528914496268608,0.015422979638011088,-0.02418403346113082,-0.005563849442817331,-0.0027746329217621605
NKG7,0.0409156785589083,-0.01232805855894983,-0.01899452614028746,0.03706063712945465,-0.02340118982247382,-0.056013121745538415,-0.005376310382831383,0.008627318776137084
TNFRSF12A,0.020513333221434643,0.024771232021592718,-0.026245137751913537,0.005218233192650441,0.057337943192700726,0.026052645434117824,0.003094109862481212,-0.005703405515243694
MYO1F,0.05884805914594421,-0.015906390643411882,-0.00977522400606274,0.03342680927160591,-0.004448077662941528,-0.03685103925514067,-0.006793262991741034,-0.015002525342924743
CCR1,0.03981354163790353,-0.053121079227554935,0.004874081042672991,0.0017636169114935646,0.04649121792396433,0.034581640693796684,-0.033451815047663355,-0.01727416744834748
ARL4D,-0.03617276843413091,-0.024091941468860494,-0.0016945895709662186,0.03132028122669296,-0.005242509284209981,0.00792275661450358,-0.022620110578302505,-0.0021107522375647947
SIX4,-0.0008989272099326521,0.056540701433441864,0.006475406464642713,0.036428233989714606,0.02180828237981646,0.02448493624729952,0.0002554730785987163,-0.026592138857270072
DUSP1,0.030800802962884597,0.0164073007011729,-0.004942640268597353,-0.0012841501867891549,0.007100655423986008,0.01340890241474346,0.03471223539321074,0.0127010291381904
ADAMTS9,0.005515973670985615,-0.003162460477949167,0.044719742232207704,0.022207157218392885,-0.03882244597839485,0.04230948838546209,-0.0252139008689478,0.025817539295690556
PLCB1,-0.0006028395229569694,0.043950045319295375,0.02882375597797585,0.03235745413088116,-0.02864848749821605,0.029596343231979298,0.02423321608602801,-0.011910140903370527
EPHB2,-0.012834150722611445,0.05772340538585891,0.01253232210180591,0.029264877211017726,0.01883989155168672,-0.03827663806341185,-0.022432230085495983,-0.0029083198052554573
EDNRB,0.03904644421453956,-0.0014716421639707111,0.026643395196432905,0.008091823305697653,-0.03665561712666657,0.01983492694566433,0.022657753089463925,0.027487231221770235
ADAMTS2,0.010177951461464961,0.012859327417526196,0.037503494981822726,-0.035430798621686965,-0.007011292398776421,0.018310387680763273,-0.004916703092112041,-0.03812332192661336
DOK5,-0.02773913148000632,-0.015632639710046997,0.007655973470531017,0.02770655303409082,-0.007938797199625898,-0.013436073503164494,-0.012556217485822387,-0.023229312554615317
GULP1,-0.0024803368349855656,-0.00785195835841151,0.04605691663757123,-0.011564176051232979,-0.0026369800915057705,-0.01306984407309115,0.027424834957455915,-0.019327677793816667
EFHC2,-0.0052671417654212875,-0.00462753245952339,0.015990828355017944,0.017430700777760454,0.005867018970659624,-0.005179690512676983,0.009513900569716068,-0.0011506051473537757
NETO2,-0.02060335231119613,-0.007838554477387214,-0.0007826487404790089,0.05015977928549786,-0.006820554326251411,0.0075461467381938005,0.02195054350299405,-0.013623829856697217
PTPN6,0.062164645248507115,-0.02458901668912903,-0.011886577276752427,0.024802257090715377,-0.004018406537308041,-0.027712103849146116,-0.018265776311842577,-0.015270099511501906
HEYL,0.012511374121164912,-0.014701537414967436,0.04066403809418232,0.012911930452673592,-0.027435993864377724,0.045607883118673864,-0.01598779139483193,0.06531717676453233
LAMB3,0.008338353262983439,-0.0319609705513615,0.022345986363841868,0.0022649196652064483,0.01717542819893662,-0.006214213022291838,-0.005373411891528049,0.01960025665223576
SV2A,-0.023221030260708073,-0.00796466467745701,0.03299487526972747,0.023525859035936344,0.02001683616542968,-0.015164676017927594,0.004590291794668979,0.00439477662705876
LY96,0.05583124101169295,-0.0018413343303002169,-0.006395023786812356,-0.005024601223829889,0.021321443930375092,-0.005069201403367682,-0.006273492490181266,-0.011834886520923628
SLC43A2,0.05983314931390987,-0.011555336344594387,-0.006092999459433675,0.02324097402296722,0.014351957845916596,-0.005537310449176236,-0.020389449741246395,-0.006423473534651385
PTGER4,0.043331044092910075,0.013659982149909693,0.01558700131045195,0.0005960545510229455,-0.0065921479862905375,0.0045055695424295675,0.04519735389615079,0.008422023311199577
EGR2,0.025027779836048022,-0.007731422440052512,0.00699310711945008,0.02394736361311243,-0.009307099667751952,-0.008120418000859518,0.03931045219184906,-0.01575702005633886
SKP2,-0.03935299938857613,-0.011683500911116241,0.02310258636203043,0.05429312709064301,0.014560560727225797,-0.013774419713598877,0.02958307430925913,-0.0006271546162826867
IRX3,-0.009678904056150508,-0.03326918824533912,0.021237277997710396,-0.01853642605165621,0.050373210441336205,-0.025405679390332066,0.011398391679176556,0.01881745785278674
EPHB6,-0.006316246271825157,-0.010761560446918342,0.0435907214043803,-0.0028942599592464775,0.005142696977665983,-0.05740954765859561,-0.01543132168918466,0.02551642159837316
INPP5D,0.05305766955522229,-0.03214303778017905,0.008037681656558677,0.028290573552251216,-0.00874849103830063,0.0010694223352305365,-0.015326841064293585,-0.024388130537280502
A4GALT,0.03496485501368578,0.028878032908339603,0.016816040406524627,-0.008585170824348152,-0.027968480558641207,-0.001358961998659547,-0.0054531464073919005,-0.006916082759197416
TIMP1,0.018269563689780697,-0.03070993003832314,0.011913871175033322,-0.0028585587707154283,0.03829956916938035,-0.002774638218080952,-0.009807511471594012,0.028772670725342838
FAH,-0.01760007555324913,-0.03240668594703762,0.0014969951432662653,0.01642233371232274,-0.014955989266453373,-0.014590900334542717,0.016425252402150734,-0.002515028770183331
JDP2,0.018332518813221687,-0.03448286143881929,0.031154795264080277,-0.029723279347561325,0.06600934593618317,0.03679674556983705,-0.041392737542303035,-0.008850554635453747
SOX18,0.021315164150718578,-0.0009867094391834302,0.01506123735431082,-0.0014919986474875421,-0.05101646442400464,0.03827837483615211,-0.038063434962141075,0.04508470636255647
PCSK5,0.005109238262371501,0.017847175023494758,0.042764683271367766,-0.018147031626549702,-0.001994031566230183,0.02147457175092165,0.0157491100231814,-0.03738512836778865
GM2A,0.005038303676059807,-0.03798629976874012,0.018798925253282327,-0.0022927288221579107,0.018962235964963225,-0.001166181419602418,-0.014130638362651457,-0.006792037684817855
ZBTB16,-0.011675792604571475,0.009005477718467573,0.02817630861504712,-0.01915305169884256,-0.05210051901964467,-0.026599291463858032,-0.003105080612514612,-0.03499190767675321
DUSP2,0.023494289580031483,-0.02772275849241494,-0.0013727774010747497,0.010826776731215139,0.029989569241963984,-0.0019264826622091332,-0.02779731248782048,0.009766720814750161
ERRFI1,0.010591776411555226,-7.857516493689487e-05,-0.007072679397531363,0.011962120056323557,0.007441096421365766,0.05821798169625353,0.01628956440013263,-0.02786181371269042
AOC2,-0.019416712894138488,-0.030570062358342403,0.043358425257940564,-0.021083882252794235,-0.01734212752165533,-2.194569084408472e-05,-0.003096494407781404,-0.025800385016850245
MTSS1,0.0026125470880536414,-0.054607972192779325,0.0193572738029099,0.019649694056208027,-0.034450731955871436,0.03119846765397848,0.002558021945216552,0.023503957309281648
ROR1,0.010904537920659175,0.04888430433255059,0.03191517470437508,0.007870229179071545,0.02424873378267147,-0.006514156360905136,0.003979859244111291,0.007428679630441694
PRPH,-0.02729446168263805,-0.009049006677601355,0.009376769523925264,0.025594702335460344,-0.023588884448458115,-0.038648741535193994,0.006344971613325564,0.012064428723842316
ABCA3,0.025305775487131688,-0.02812431079347575,0.007190545407775922,0.03902525805164311,-0.042082734691550015,-0.012432114340783569,-0.010069865965814388,-0.044977661702462875
UNC5B,-0.021954439794780834,-0.044956541012702335,0.048641716971235684,-0.000744470725440486,0.011624132057247296,-0.0027367864035844607,-0.0007831360630716755,0.008196558468421928
TM4SF18,0.02948916269516931,-0.013293736753324282,0.03370763380294553,0.012134046812350077,-0.04118531494244011,0.0420949769517564,0.018612387583477098,0.0816119264395257
EPAS1,0.04151557853344826,-0.012730200750559011,0.05345787104216231,-0.02832419836316811,-0.008328309341386217,-0.0008911200481274346,0.03739690662680192,0.0241291371905943
PTPRG,0.018116971282926875,0.012589942263327047,0.0535215412980596,0.02551301342044268,-0.01265881138795025,0.0513335982949426,0.03795929380594018,0.003066100839563199
GPRASP2,-0.008414075650374747,0.0016405542941398074,0.03900224837461208,0.02570956347985012,-0.014800179450754552,-0.01884595384352817,0.004123403959473528,-0.02819732479674795
LRIG1,0.03198166557258639,0.03540300094184095,0.013510913706823354,0.023382220311411756,0.022800035691516875,0.0070166319502169925,0.010038383273801871,0.0076840323500846006
COL1A1,-0.008115306285999282,0.028139936535413582,0.028403307670467913,-0.027553595951460653,0.025051174760189594,0.03269239618545406,-0.04997232722765791,-0.017370664503880733
CYGB,0.011219070699799398,-0.034342478450002115,0.04729958364116374,-0.015413877237485163,-0.004132819875823381,0.024496970463578717,-0.033445628965638005,0.02359260514234355
CLEC11A,-0.024607816377670087,-0.029344119035263835,0.028399134991503684,-0.016618638135293823,-0.0008038680072845594,0.0006543069476566036,-0.03169077416771432,0.018087156822445605
STEAP2,0.014348013378158482,0.027219817629834147,0.0016092547185418708,0.03745184352038651,0.006076658734034296,0.015375857120936628,0.0005469926525947643,-0.010590775930100493
HOXA11,-0.0025380736596428643,0.020664357088279444,-0.007858015825416294,0.024012804602577376,0.01028835248424945,0.020519557476291025,-0.02115905860190973,-0.0003059848483181985
PDE4B,0.050298668040968435,0.02397694395799982,-0.0018082759224570504,0.0171303447307916,-0.0005722368662465999,0.027480342136920792,0.025182531921917564,-0.0048342440417357725
CGNL1,0.01527851126718035,0.0354146405911991,0.04314538215891026,0.0038876088856055506,0.005599766257912342,0.004897128955659401,0.009387986962419343,0.017647726537547235
TNN,-0.01895062744362021,0.03753532905176444,0.020007608362015743,-0.004741448328529221,0.013399277716874105,0.009760739615879352,-0.033679182176594095,-0.018704898834423677
DAAM2,-0.022661301060334774,-0.0043003150463900835,0.04535056747454336,-0.0007166186804620576,0.010365650929856769,-0.024197321643501222,0.01726052519039463,0.009231240585240615
PTAFR,0.05902033424318895,-0.021246318642177884,-0.0067742756943242645,0.019259785958839315,-0.005312518903958366,-0.024984235051165864,0.00991839848786134,-0.0215325268180183
BNIP3,-0.021104205999668054,0.019577782891083875,-0.016758525365407496,0.000948635389910665,0.014977648823799507,0.019111037693615263,0.03447952647022893,-0.04614597411877232
FSTL3,0.017804138073671483,-0.001023259676330665,0.0003820298851569988,-0.005995122195387623,0.03800573079461263,0.00689610007873904,-0.03782390910154048,-0.017136223789881052
CD72,0.04799348955156621,-0.006514861019775778,-0.02155742594997588,0.030337155533581024,-0.01566378020992614,-0.020843901527247684,-0.02569626819377871,-0.01570493508031045
LEF1,-0.021981270453918712,-0.008926143002368978,0.0479828646086597,0.011524029321225716,0.01674565294763216,-0.008138739883517333,-6.273588888880421e-05,0.03190750918302383
PLAU,0.037739719172411826,0.01642171442463813,-0.01374504211801706,0.019608280341846515,0.05055592217692281,0.035261976729426506,0.02356540038926316,0.04240283979203191
BCL11A,-0.017411547395125574,0.01248188719755318,0.004157250621202787,0.04859194018900139,0.0054404598080501155,-0.02807505624167568,-0.030972126125337278,0.01048997907017586
SLC1A3,3.7186295329498954e-05,-0.02048242845334706,0.00905460508955129,0.014877493217730301,0.04375269940746196,-0.034551066427718116,-0.008178298169527485,0.03504143746432831
FGFRL1,-0.006847092102799452,0.04998781469384624,0.016641965106726945,0.008829669760222956,-0.006734852076111152,-0.011479354217705639,-0.03836640526121758,-0.017613418511895802
PTPRE,0.05466069887515496,-0.033223082826754825,0.009341445610410979,0.010913189148875317,0.022793405007785924,0.03301477524285768,-0.022201902581071138,-0.004699795755226397
SETBP1,-0.01319704581305694,0.006103424758992225,0.06503890583557365,-0.013394263015299973,0.015798599472535917,-0.04890882836395726,0.035379952245686595,1.6880145296304e-05
COL5A1,-0.0021115795016209762,0.04027938937839089,0.03425452803202979,-0.025394376659055105,0.04685272596592748,0.02418855497239919,-0.021903351379645327,-0.019933736324334476
SQLE,-0.026769813757788672,-0.020537555484669373,-0.0023252994346754986,0.020347102543165935,0.0117235407932896,-0.0012591553825585609,0.030675293499800707,-0.009754392928494615
TBX3,-0.024197716292860192,-2.113326851583446e-05,0.050160371821330034,-0.0047909128041368305,0.016446166001998448,-0.05021428462880076,-0.0010346654776168807,0.03334980897783251
CSPG4,-0.0165800345857157,0.00021358912095601704,0.046462539854864156,-0.022052352141876494,0.01958723010365767,0.010337400319688944,0.007007085804622473,-0.02090545938934113
MET,0.019974792293398096,-0.006716994974905743,0.016076543810269076,0.018155570327642576,0.027615017498061115,0.05313373917872566,0.040372118894098176,-0.036404925121929194
IL10RA,0.057626761192839465,-0.017299493608169063,-0.0033842428579126424,0.03150538289644815,-0.011291195186186424,-0.026609597596008894,-0.010249219263676342,0.004071598781723383
ZNF521,0.00409507909421032,0.06431880825222683,0.030432771309552742,0.014799915520903971,0.012957346947364896,-0.018221461328813797,0.0032696712402514776,-0.011201588372661607
PRDM8,-0.00044776493422057256,-0.014283848560897639,0.03476906957329016,-0.010667157098886647,0.03974915692174598,-0.025589097046790524,0.026748448314618187,-0.0016001621564087174
INSIG1,0.001357647407199611,-0.02895444111280353,0.019311105551563644,0.0022977741020673193,0.06739855038311182,0.03360302170031925,-0.0017371978339594868,-0.016283479040288644
NAV3,-0.006446599045497966,0.0351155751497253,0.020554864271953778,0.032908333361603676,0.03146657775485665,0.011012947258093545,0.002140171011403985,-0.003814812410284173
C5AR1,0.052712725144629664,-0.001177766342673401,-0.019704700311789947,0.038965833645571636,-0.0016113146832365433,-0.02220765105531906,0.008211470501867154,-0.0037702564875819063
FOSL1,0.015557850793869466,0.018961765136808726,-0.02133060002932736,0.0065711529323414855,0.058320170679325586,0.010523959262303156,0.03872993076990994,0.017322227848489732
PPFIA4,-0.013725515491320063,0.013410015206095022,0.031616518580675865,-0.011114986834868258,-0.011585895202739784,-0.009337481420588338,0.002447030941066494,-0.03701165487516963
GTSE1,-0.03000430239518552,-0.009458244685246503,-0.006049074777060814,0.07373999015320355,0.03647018212239821,0.006129464222758569,0.022216736744042172,0.024145523154915253
SLC16A2,0.015124589115084113,0.02774302196032616,0.04144101841332528,0.0015943304174314832,0.020029827332049784,-0.012776061473083205,0.014305260168645188,-0.001689175737452355
SAMSN1,0.05418485775996258,-0.009601260126243563,-0.01565733499531688,0.039123259796447214,-0.006410516012786063,-0.044422621305803045,0.014102000120486059,-0.025851762291323504
RTN4RL1,-0.01806942534304666,0.0013361222003028471,0.028138731143593554,0.009602611443939512,-0.008524964586673258,-0.03839613380863426,-0.0411457595374259,-0.015299973111357692
NR4A2,-0.0007750611947953826,0.027445915933794845,0.00659752088980924,0.019076284003239807,-0.016942123826837248,0.03616675809637938,0.035184621641594895,-0.0305655698749641
PIK3CG,0.04496321860697636,-0.04102578636126338,0.01772560661031765,0.01522089298717144,0.028652393582761115,0.035174183936908604,0.001740142442214921,-0.023396179033068735
CTHRC1,0.007137801177125444,0.012882451671449194,0.00732835502423443,-0.0009080078733388963,0.028111529967790802,0.059173252666608146,-0.010859176367373272,-0.04426221524157859
ST3GAL6,0.019321849846984897,-0.04351111903369458,0.01793871914189555,0.013378057345259261,-0.019183958496843075,0.03175059988889226,-0.02021737585448258,0.02066127750704404
HEY2,0.0006998041647370453,-0.04216481482733482,0.045593246479275956,-0.021918078204868983,-0.0007789489225307031,0.013274000534420086,0.012544263739779366,0.016582945533114932
PMP22,0.004887946430935418,0.04347799388011393,0.008955197490976705,0.0020466904007219984,0.03094711486715028,-0.0065155813866345225,-0.012756775541549057,-0.009788056160845333
PELI2,-0.007254836213838766,-0.030485439679118723,0.0351686828290982,0.004945663568125334,-0.006595837470774406,-0.01301316511954315,0.04096547828851464,0.019415761554237056
FBLN5,0.014663761744200567,0.027710422011465726,0.05117895046058091,-0.02407675795233436,0.015280190873180501,-0.027572862660409807,0.011593826678480194,0.00829628879386199
TSPAN7,0.010406913532729462,0.028726934080915416,0.028581416105283582,0.0029962191650675157,-0.007396125901117701,-0.042630374339471006,-0.01231032270528817,-0.004731177167263775
CILP2,-0.004987585953991772,0.05133177153971336,0.018877403479396104,0.009911112004073746,0.0027581577905890758,-0.018469280439393,-0.060425952086502026,-0.004886600753990576
SERPINB8,0.028229451262141197,-0.038782277877584675,0.003729989520183146,-0.009771092685914471,0.03619715297738836,0.0224483021826585,-0.008415927802466278,-0.014378702791781661
CNTN1,-0.005850873528212281,0.01942007861277974,0.014756577225737356,0.021712093524375954,0.04427892861038002,-0.017556700929322308,-0.038575859142642645,-0.002760300432932168
PIM2,0.01961833311634013,-0.01876964960738707,0.0011055830818181133,0.0468775059023782,-0.012370364898340912,-0.054530466892116054,0.021652171122927357,0.0026415450131539527
EVI2A,0.04165454533264373,0.006834789033977365,-0.012640195300054493,0.001090058729880635,0.010573012271532395,0.04786600605816368,0.007168153411822329,-0.0677292488826449
MFAP2,-0.012276606447778747,0.022309149314708145,0.030067452916735137,0.0018461972417897694,0.042198002381572564,-0.007432346102668709,-0.04784337704012716,-0.009078055460880358
IQGAP2,0.024956332670987486,0.00539422427466023,0.00424756005686446,0.05619556077019584,-0.024171777885990973,-0.045193116372409914,0.02282246702074415,-0.014412814045534319
UBE2T,-0.037818105073731664,-0.02149448652627921,-0.020466935329516774,0.05960895696931269,0.00989491131051921,0.012944126299170404,0.027308438373209083,0.015023958701943334
ALOX5,0.04220689192376781,-0.007182144801254445,0.007465305109461701,-0.010963843961003191,-0.014427785164273831,-0.04652376105454036,0.0019445939562788867,-0.004148585943992852
LSS,-0.0181337379539479,0.006603655860758907,0.008591170385779149,0.012871967207900339,0.04270238368380874,-0.01023561300857185,0.002849414354396168,-9.211369372735291e-05
IER5L,0.014026794895339175,0.031770160081920164,0.0005386144824695348,0.0011952571315860373,0.005079718492533051,0.0013117311521169137,-0.024228200922891834,0.03605650984873961
HRH1,0.00869863774055416,0.04132364593805518,0.029049426707848252,0.025634062575090783,0.01810452759681539,-0.0019389620005860544,-0.0038241387699544044,0.04933951635004556
BICD1,-0.00481146766600813,-0.027594722021188133,0.041413950598975666,0.012249156835694611,-0.0015924129220006508,0.0061217216330607584,0.03139542714332139,-0.02571305181488263
AMOT,-0.03574146934809919,0.0005169491185731817,0.0401046606422468,0.023453055961532642,0.01770600697919679,-0.016563412413217734,-0.001475304733932508,-0.0054080785930800315
FLRT2,-0.01864643071588056,0.03610411053993728,0.028987174317519435,0.023980709098547832,0.030934279266035602,-0.009130625538355891,-0.024393931153501514,0.017020266574260135
CNTN4,-0.008133235027160842,-0.004796134906663292,0.03249264520063012,0.015170937825632823,-0.011538095746207197,0.009599289477735489,0.009169914509229774,-0.04229006619714153
GZMB,0.04252689152990142,-0.00916128198012238,-0.02169717802435609,0.03168971119533546,-0.006143132729613069,-0.026692633750769225,-0.006308264033629142,0.007781641191583819
B2M,0.04830768503919908,-0.023781382952137477,-0.009866472287847998,0.006979037663540908,-0.004248455363232236,-0.007555884348774668,0.029517735173668964,-0.02529745902328411
FJX1,-0.0005135442627706762,-0.02631683271266387,0.02902568245328247,9.280758797525082e-05,0.0007283947063128418,0.019369927154680135,-0.03136928567602533,0.03641333943869274
PLEKHA4,0.009285923982361905,0.01696742991596204,0.023132113190951153,0.007812365600990367,-0.0026878669931082854,-0.030651859863303325,-0.018489216777953385,-0.01059389880624608
DNAJA4,-0.010292583445689747,-0.01876891159973218,0.022783956031523982,0.03082708655051734,0.0023988028094506526,-0.0003349431702656825,-0.021204680592025155,-0.022046734075909697
EPDR1,0.013015263806165842,-0.027150766511555475,0.023661389590271923,-0.03156078546393901,0.03379741455189449,-0.002630738629655169,-0.00802856324075697,-0.026463927968176287
SOX7,0.028495073648302137,-0.0027971545364467573,0.04923183840268174,0.011605568339818281,-0.05181270148070902,0.039031021159665634,-0.009343049071960756,0.07350112571334749
DUSP10,0.035342341278838625,0.004495634314521466,0.004324416839636053,0.019349064484073135,0.03966261181895561,0.012543715909665598,0.016296812768565577,0.02493587360439818
ENC1,-0.0035642999915636406,0.0044256367316390455,0.020683417926068922,0.04579560955334358,-0.0333488381944699,0.005131301807946088,0.011767826741343149,0.005413610051602014
STK32B,0.013142972530201398,0.03410335273593117,0.02284544980397154,0.0010507284190244728,0.008395221300432134,0.01038532589194349,-0.0208465831032491,-0.006338454164722867
GABRE,-0.0013121855713059422,0.027575138847238355,0.02409556566565012,0.01860470479710578,-0.02251970744894627,0.0066153927901175386,-0.04505092605073272,0.012120179627789596
EPHA2,-0.026461139873534042,-0.026634252406784534,0.011820564064981588,0.022452376141293133,0.013232229552360305,0.014484162716286348,-0.005316674097603193,0.0053471131778060135
ALDOC,-0.012811017705035302,0.009831979090005443,-0.02358460383091911,-0.006417546396988735,0.020474067878589214,-0.02094271083354679,0.02816911189823246,-0.028879082282715875
MAN1A1,0.028755935582005236,0.050542271110295765,0.005427276662514158,0.03091707589212674,0.002840350240039362,0.023303831436937695,0.029037462453887025,-0.0355131419597925
CENPF,-0.03606218940628989,-0.009163721198515983,0.005539661782586657,0.06363372696414171,0.03264628206139579,0.00908622505850367,0.05252847420638513,0.010129912192117336
JPH1,-0.009961304423284925,0.02966619879428944,0.024247873228291767,0.018362877948442075,-0.04201369038624117,-0.005084084249977491,0.010072140651995158,-0.032197891045390135
FRAS1,-0.00011435924899938759,0.019993923928930343,0.014098967588419836,0.030004381473355712,-0.00806878267253778,-0.012604363520879337,-0.0035979381721245934,-0.020087585477934322
ITGA1,0.03593098173445343,-0.0008420694769659563,0.03671700946193995,-0.0015858605822094834,-0.010416216587180673,0.022084195390567208,0.050283769640390975,0.027878257021005742
AADAT,-0.023700400004615915,-0.01667969300094775,0.0073097506714592825,0.01788263414116313,-0.006920087588109141,0.006789868013526181,0.024626602128090827,-0.019597109887862098
GSC,-0.027561554596193437,0.023018298668375778,0.009498028483786032,0.01972465377920401,-0.0004944366772367944,0.009377716638677683,-0.057387582516453636,0.005418789446187691
E2F7,-0.02503015385663064,0.018918917482893993,0.0031835819553226704,0.07385494349708509,0.04650594484220549,0.01975170492896592,0.022529823643608612,0.012093748683934992
HOXA13,-0.02462078433836099,0.017861660571875743,0.004977038448223075,0.03509566580836764,0.016457132355906925,-0.009265826420826597,-0.0004928912981342154,-0.007885074320693101
ATP6V1A,0.01846797498356608,-0.05126598780137969,0.022300441374870316,0.007605642547243881,0.055793140355193574,0.057544216995685425,-0.013981360743436274,-0.029371986053459306
EMCN,0.028644553580573565,-0.004265667787863853,0.03595743204281426,0.0022487362211523337,-0.05869746996846085,0.03381766329298419,0.010585000172420908,0.07770619771021939
STARD10,0.0062093701750996376,-0.025725593620685654,0.009556401900202148,-0.01370113326829338,0.03273541714378204,-0.04796995872873156,-0.0046433813916245716,0.04601573906004372
TNS1,0.026050264899591724,0.05678820529428035,0.0340900920551374,0.005284635916311997,0.005656017437680326,0.005697042324414428,0.0021652751423192748,0.013494924337907468
ALDH1A3,-0.005474352904923275,-0.003521234751590006,0.028670866560143168,0.027049011417053168,-0.01851018636261444,-0.01848038887864224,-0.02491888135898336,-0.0034261548357559708
ECHDC2,0.0007421753154014527,0.003934084481296964,-0.001241327473058548,-0.0072533205692917315,-0.0023311435516124197,0.006685508969289994,-0.013921535991186037,-0.027064580642596682
CSF1,0.035833291093810095,-0.04802345260768382,0.016479648434335158,-0.010783734225065233,0.038689251876503294,-0.00784091691404543,-0.026183210006430375,-0.003116165905994935
FNDC4,-0.00864917138716555,0.025314870370389823,0.013889353384695543,0.024109633682221965,-0.0015109637018537229,0.015414773680461923,-0.045545393720533754,-0.030247398915590105
TOM1L1,-0.01779359941436889,-0.024313328201861367,0.012122400637801204,0.01794032343915199,0.0004906774532303931,-0.014385541312641826,0.009356624185822395,-0.011680149794909899
TMEM45A,-0.011512940872222873,0.041613684696949406,0.014329672990396336,-0.003129273042576299,0.04076170894026529,0.01438208221769525,-0.012698170972598344,-0.009421741025414269
HCK,0.019707987625688574,-0.04802997069967417,-0.00789195342953926,0.024288656681540916,0.03331007650887293,-0.03212483750041592,-0.01826619222767122,0.04478620879660574
TIAM1,0.005261576034084736,-0.01420783910656287,0.03438780348037407,0.021990311900398823,0.05043289423873879,0.01725751255820174,-0.04247014822741399,0.003943037817960328
PGBD5,-0.01828571956617035,0.0017341442185082852,0.01888419570456474,0.044823070890055466,-0.04129897296237217,-0.022238307862898533,-0.018480315015214518,-0.027405654575282906
NCF4,0.05348616314396431,-0.040817003388505066,-0.006515190843160687,0.015191091160114674,0.015325966611293977,-0.017318153286481827,-0.03419294243118409,-0.01334545976278614
FZD3,-0.01960137071277892,0.004329022509389349,0.012228482252914985,0.044586688165439384,0.0028557215907841563,0.006796765770449473,-0.019791303725372432,-0.017412245248486762
F11R,0.038544401264576394,0.0008357386428213885,0.034352131905222384,0.013916578744900437,-0.02901762723715253,0.047867531413581556,0.01090725492251481,0.0019984062817946097
PLEK2,-0.012685715850565854,-0.007597973664736981,-0.007031937927222628,0.04105937985880978,0.01671297263399512,-0.011434624106776255,-0.027313628482730397,0.006427940409198138
PTGS2,-0.006528286358947717,0.012353703992153752,-0.0021914406616671276,0.03332809890867412,0.032951348712999116,0.042641420949225524,0.006575124977468948,-0.02458145189130486
PAG1,0.03310684033381236,0.007470310799996759,0.011487761234671158,0.045206956763081875,0.006566948385747879,-0.01842544667171246,0.011853382414456179,-0.024940134045927438
COL6A1,0.015589869097392987,0.045256670520907503,0.029707593032810464,-0.03043774888023572,0.05633806653533094,-0.006200140147865405,0.01074707867113927,0.031833840757259
CA9,-0.009764023447919443,0.052383813359910616,-0.015549805684019381,0.016807943103379106,0.030664541871287622,0.0045530689182968,0.0017436463105567034,-0.030925252611073654
PRDM1,0.04202171466689281,-0.03474931241548888,0.015743248016685543,0.020205345572409127,0.02887637662288724,0.0443590339573875,-0.006249676369714895,-0.015622755399266892
CBS,-0.03441710832892003,-0.007367078831225289,0.016606397011213463,0.03266006565179665,0.010825690042970093,-0.022689262971043185,-0.012686410704471511,0.014147237419826982
RGS18,0.05612675929789497,-0.012126183537887116,0.0013118563488606371,0.016413001487019456,-0.02755874099285082,-0.02685601128825023,-1.0815347173431453e-05,-0.025509849738017492
GALNT14,-0.018956312417015515,-0.029047715046588884,0.02883300437311647,0.012598721517512356,-0.03922498995531665,0.010053287627774691,0.0022787731153834307,-0.0276921105568668
MCAM,0.005796925321482269,-9.856927606742994e-05,0.025499311774243832,0.031534321473681806,-0.06152397869757187,0.08517408053226141,0.011838711882622845,0.04385338726207086
VDR,-0.0015555137168750763,-0.02507906079188135,0.02644223055591837,0.02922251190164338,0.027015637068719865,-0.0012481479293049505,-0.044151833492531795,0.020225212400104584
SLAMF8,0.057287793696824255,-0.01371807136616008,-0.009383406952017682,0.03313169157944014,0.01161513443706144,-0.028496331074114273,0.005327731432630506,-0.021461267654625825
DHRS3,0.020098969003486674,0.006005609336002767,-0.003963711197976449,0.022646810858363484,-0.038986637388934604,-0.0039002652125431636,-0.03063322944831141,-0.04209870481030463
ABLIM2,-0.003560367869063569,-0.03693076618391308,0.03054241316391989,-0.011112344284122593,-0.015666518068208027,-0.0018805160453335135,-0.023517452628194952,-0.005156586970112653
ARHGEF19,-0.011597985912725841,0.020792455769882916,0.032372188294685474,-0.04908207443382912,0.02398663132401172,-0.010836054391187459,-0.03767606058035551,-0.021758120281068324
ITGAL,0.054001503189197185,-0.017970411804891253,-0.010693995388264757,0.043748316954756006,-0.015285110970574091,-0.03157673740028542,0.004834897277321483,-0.018504971351467787
RECQL4,-0.030650399504314807,-0.003087476059498401,-0.02036620967831694,0.05607848387712074,0.007719195410134126,0.0023145022245700175,-0.02793736757490104,0.031513079478834694
OLR1,0.03795008212681686,-0.007566260325726642,-0.003935905106406493,0.020305250711687855,0.01878787205726589,0.007908630037587946,0.02118952689063514,0.01512413738209024
GHR,-0.007387035476463678,0.0024171328515947667,0.055331295104326224,-0.020643350994068135,-0.012591053713927441,-0.012135556527430187,0.03833007466102187,-0.035032896448009575
PPP1R3C,-0.012209136453200174,0.013561710323469273,0.028375478531973787,0.015389219657015797,-0.036102605786193336,0.017692013053546174,-0.01880518027807411,-0.021954915468199967
HTRA3,0.00035758495009640756,-0.009384078233137447,0.02449725628578446,0.0022924883565869714,0.04925462747066553,0.015107699672856117,-0.04598296785835259,0.03061677657272947
SCRN1,-0.007385318313003827,-0.012183504616599703,0.023915233981010028,0.012311926724354948,0.002554404842622123,-0.016174020593281352,0.013436673014041174,-0.0025451611618556944
CMKLR1,0.04143857585508515,-0.0007707198328390785,0.01987062304646628,0.005519304250863747,0.008488128347071123,-0.01858450915427548,-0.002443352236419399,0.004611893172916473
COX4I2,0.004767056995714459,0.010567413509910561,0.025213103357421378,0.014526913844983929,-0.03787476069937354,0.02309184011489621,-0.04245935257468029,0.0580992445523812
LIPC,0.010466650436968197,-0.02889034265429744,0.037330104421473116,-0.04635241677183761,0.014519671006248604,-0.014824638712824953,0.0024959909963176777,0.00841612704153864
GNPTAB,0.02876384459419743,-0.04825557040789943,0.02812468823745002,-0.0027764965146158346,0.050900828252500765,0.0400114168457803,-0.020008686258680283,-0.025011603464357747
ITGBL1,0.024862389874392713,0.026686493753369817,0.028612112132302442,-0.029132320543416926,0.003500528294388317,0.016042689490429647,0.02521902987218537,-0.05815956489404206
PTPRC,0.05755249999423995,-0.028103818979837363,-0.00010635088554985638,0.027393231174198823,0.010131964146092406,-0.0029982446453817022,-0.00390474099051255,-0.026040817110365527
PLCL1,-0.0012477615427771147,-0.005669703677035026,0.03793336806233426,0.018042644649259088,-0.04650571372107286,0.04462717292563759,0.020633958420160834,-0.02157196055633767
BMP2,-0.01835709007801857,-0.010833611263173622,0.030662249544517375,0.01279221599887766,-0.013176986032479736,0.01789940702680551,-0.03353629554456108,-0.016682713664646607
DAPK2,-0.011507957084978681,-0.05014155465573612,0.03344516108705655,-0.006301443569785614,-0.0047412984608016535,-0.024666919313771282,-0.0053569834743788765,0.006142002109859431
ABCC4,0.012698112667585415,0.017296067512559726,0.025671060371131506,0.007991524691094478,0.011117879526397012,0.014288561385614174,0.02084314846529269,-0.04284366408079733
MAOB,-0.003197157403201107,-0.018573636591863278,0.036001911486135026,-0.006153750677957416,-0.034623059443828146,0.003822122326393576,0.014423321382354417,-0.03750926956743799
CD83,0.006001497847854429,-0.02594425804475577,0.013789512916264991,0.011602090452826905,0.004321742227934339,-0.046644041647093154,0.02852311429088932,0.007525437266208676
INPP4B,0.030534362288111842,0.025972559664093613,0.01682492671129047,0.016058596186490304,-0.003984102231733263,0.015823013005985223,0.02377219381804911,-0.002272510756906231
COBLL1,0.006106423389411636,0.01913940169935557,0.026723175676365996,0.00455032783478564,-0.03197635384055672,0.01215854685459181,0.0558914918566209,0.007327754722576408
ECT2,-0.025491738956935635,-0.001685019276274138,-0.008226932599103565,0.06713004712549515,0.038457320800949116,0.02081924984064114,0.037713355397741184,0.015352593514612017
TSPAN5,0.009107852533858561,0.018644364115285927,0.009683772271592131,0.04176411231868979,0.0190765805843542,-0.005788267755659046,-0.007521898155321025,0.0037700647499381294
FABP5,0.012867731594564818,0.012940691302769619,-0.027218747091395053,0.04485157103082009,0.0033984144756293547,0.02965867859717835,-0.0015377169830481105,-0.040066806704548416
MXRA8,-0.020781000339547915,-0.015880857932212982,0.027562439922329318,-0.023728556773291935,0.020921183245142617,-0.016743220273975873,-0.02617009253708645,-0.011867732175146011
PAQR8,-0.002214032366946913,-0.024061585285930602,0.029325222957742748,0.02209383799297815,0.017095862649410716,-0.030034950957099352,0.006046345513753602,-0.019587226571571498
PDE7B,0.02161816813243215,0.016945346250181594,0.04970508355276708,-0.01836997153063842,0.012128503642155467,-0.026968333570577124,0.008498821336103017,0.025478791472268277
PFKFB3,0.019567279402647905,-0.0013090214711315344,-0.0008491723729953144,0.014432845101351878,0.03410158932826694,0.017678757525529644,0.042604660600304295,-0.020066011296666197
MRC2,-0.017669994593274903,-0.04097004962663942,0.03339198612277452,-0.014699782744318927,0.024949167312847687,0.002741220896918843,-0.028640454630587765,-0.007148421300799225
KNTC1,-0.024784043550595023,-0.015707435399665435,0.00576264349058213,0.06015894535641932,0.028410572271658354,0.00011958913424887094,0.03226318379916095,0.006600349927050284
MYCT1,0.0405640896940225,0.0002895263135792868,0.028208110806964937,0.00229335371837858,-0.04516393127499125,0.048920587096185075,-0.002046178069751785,0.06603417250164967
BTK,0.0569551276091399,-0.029671790159298574,-0.010035746721912927,0.019504271751091453,0.030150749753214877,0.01696501762948205,-0.021592310571943257,-0.03237167874766144
SYT12,-0.004987893233188874,-0.02577042685968611,0.026212280123508364,0.0037130358089375757,-0.02206186278939161,0.04112257987452771,-0.05639834644597825,-0.028308394912156587
ACOT7,-0.015871350445978736,-0.005325734769389382,-0.029067065045749,0.0556396794523232,0.018349700456223784,0.013657297435033761,-0.004303753707289547,-0.004630990148109708
GALNT6,0.024726635707551674,-0.04497051951178751,0.0014471165509120794,0.01193003036080402,0.026801431453747512,0.05162008853858577,-0.028815779338202098,-0.027478519543405782
SLIT3,-0.012554694224007016,-0.002415893960547691,0.05184624240462711,-0.0006075410232547384,0.010342863612241253,-0.004530037492570166,-0.028310723893970473,0.012206242790325238
CDA,0.04664908369194048,-0.01428228487224012,-0.01619828209343588,0.008318371855230627,0.012922741696444402,-0.0023760584001308455,-0.010546181889891353,0.009410968712378592
ADCY7,0.045359630074800254,0.033940677776951346,0.013144225440227753,0.01521308288843677,0.02071016204676443,-0.014201287194051266,0.014290298514006072,-0.03762936298705912
TPM2,0.015396733258333382,0.010481835711958164,-0.01050489964041559,-0.003900889291848027,0.012754854853047712,0.020707773735556056,0.017186644198404013,-0.0078892722664707
RND1,0.014727746057990394,-0.03745989046954321,0.013303417632081715,-0.0015130072610492987,0.006763388376631165,0.03670372499599522,-0.04452886557556374,-0.003233998665210352
PTGFRN,-0.010856004945174065,0.009730472421649095,0.046799516197981686,-0.00618632366140277,0.041860135747211084,-0.05030697415430484,0.03475770489364526,0.028022610031648555
TNFRSF11A,0.026603513332414248,-0.05213643065614706,0.01834264007441145,-0.007616263842394597,0.05043947320930978,0.03900835857703198,-0.04656272304256854,-0.017938103913104676
HYOU1,-0.016127276428652505,-0.021690620338447143,0.007890788985617198,0.047639544660937075,0.015832287794987753,0.02573975360166373,0.04350220287009221,-0.013245633688640257
DLX5,-0.0311754470564235,-0.034050555708030124,0.02992368103727467,-0.007505958409117092,-0.002512030757191033,-0.02687513552730666,0.0017817529613395034,-0.008007451794312838
HOXB8,-0.019156303562562992,-0.012613433816500999,0.01847377143309215,0.012362898725749511,-0.01815428516841817,-0.01420928331865114,0.004430505918826281,0.0015206156449061245
HOXA5,-0.02260015589177982,-0.019072971031032802,0.029250086174168258,0.008862111559287584,0.0024673344437993695,-0.01577436631196514,0.005137888462841333,-0.0059735221771842414
HSPA4L,-0.019700760622285447,-0.01775534496110967,0.014343617663557722,0.04855385357016127,-0.013931126368564993,0.014263651694825342,0.0408942297526053,-0.027895882486663165
FGL1,0.010957430823968169,-0.006030684275723568,0.03648673998023924,-0.005071167446802503,-0.040938608118385886,0.027793724646656984,-0.0009502992833408004,-0.018383722699337968
MTAP,0.009517277130834455,-0.006619881904150026,0.017502713398040277,0.004430801311174462,0.011671467868470689,0.0018195456541012635,0.060299862540586564,-0.021013000094069076
DLX4,-0.03508476124322037,-0.046350097888271644,0.028861072694156584,0.0067255927074300476,-0.015428760353293419,-0.019694073820556532,0.018512252080756967,-0.0218943487108559
SLC16A9,0.014928026935478417,0.03323727889939511,0.021761882526121205,0.018600983612923876,-0.02081176920199055,0.006544169377733968,-0.0004566632331454495,-0.03145763881519098
DOCK5,0.016818810950653684,-0.038718665820234144,0.024098767184767847,0.004608104842888588,0.04409231025614011,0.03902171771771296,-0.02551066147349259,-0.024905046957660236
TNFSF11,0.002292264517495107,-0.038908492281398116,0.017767658726488604,-0.0005631756476301058,0.03974099096949665,0.05105415464810881,-0.027099162271281823,-0.005963196129345952
MAN1C1,0.011592458737197196,0.01844352983927177,0.0291547062924008,0.012344623462651739,-0.03487533011975686,0.007702511504521231,-0.011550898343646254,0.013166497308081664
ARHGEF5,0.008428338312974997,0.02558019614435611,0.023267113815368244,0.008469514616908357,0.018551948217529167,-0.011299658209900221,0.004303790702009402,-0.031104158531452084
SORL1,0.04768886087683089,0.0057538831565344985,-0.0005708973082926391,0.05105477803434988,-0.013792716162958178,-0.03059957607761323,0.009231712008314519,-0.01655242063986582
DSP,-0.01858559828607787,-0.016294201587713053,0.029026850660204453,0.0012012092017335823,0.023825508332986058,-0.03434048945282181,0.01996330254309584,-0.008063668432071139
ZNF662,0.005125481627178501,0.030909098790724066,0.037026150666518855,-0.0015854464786343092,-0.022444391536299662,0.006709974353152697,-0.02389595699780642,-0.038222383678919315
SLC44A3,-0.010643238528653669,-0.03851543836962191,0.0311300192072035,-0.00437586703429385,0.020145279611346788,-0.02417122488779147,0.013411186289585026,0.0003441083614967571
NCALD,0.0041576924845355395,-0.01211693175870782,0.029881610209752548,-0.008520578051483957,-0.014084163913128122,-0.02209889221664048,0.028343993677467066,0.00813926490239783
NCF2,0.05142897493662284,-0.000912109611787676,-0.01939801289900346,0.0439670827706331,-0.0017870485752218166,-0.006578379644389787,0.014850087158806877,-0.03904864072438476
PFKM,-0.012907997403033094,0.003576039517323141,0.021870274329505054,0.03289121820379881,-0.005456107577899511,0.0031834838133047647,-0.03825063751287896,-0.01748409458840016
CD200,0.007997997165263927,-0.051046721334252046,0.052740712126839236,-0.031176546803367997,0.0006840603701307535,0.006011910998553126,0.0016514772414542166,0.01001788289067382
BUB1,-0.031392570258768564,-0.0196667530632613,-0.010626500407054734,0.07544511898561136,0.022932698857524813,0.03433632350296631,0.038628314278002264,-0.006157883105034253
MLLT3,-0.0014847804400521646,-0.011199496899777386,0.023309648848154615,0.016746445987004345,0.010948011710929345,-0.0293089076170676,-0.0016782495285763248,-0.01995814073443545
VEGFC,0.03215789673870354,0.011007655708602848,0.001847581504046832,0.016390142178357534,0.0032622875828947333,0.052023952211056386,0.00397108064073869,0.042677830882656496
FGR,0.05555706038490088,-0.010337328976400358,-0.006780933540004703,0.025823453692687896,-0.017768167324878133,-0.01926125765028921,-0.0012282823119238217,-0.023197643525758524
ARL9,-0.020148615347150216,-0.01046765155937001,0.014302034914793036,0.016059043285746158,0.013362213442621331,-0.021286325287680773,0.017575414491498943,-0.002016661137451873
ETV4,0.006419137801947348,-0.019088856774202117,0.005246681837489813,0.022220420262526935,0.03735851174519824,0.01149913222056598,0.022782336385878205,0.05850366449909804
TMEM88,0.012348278967964414,-0.008048667699301187,0.005897223429920278,0.0055767557904871905,-0.04077278693704671,0.0014824707073018964,0.004071389514224052,-0.00842948193798023
CYP51A1,-0.03079189611393876,-0.008793349118263358,0.005149617048781859,0.029720778217680332,0.04683436583649335,0.0009040739553210376,0.056072064604371,-0.0035818329391154625
ABLIM3,0.03991929257301798,0.025306956861956977,0.030713484555978478,0.0047511100414248456,-0.012739576431237349,0.014799633024083814,0.0018224082027512246,0.060812559810471456
IRX5,-0.025939238585614827,-0.034655704029738,0.031022079813975048,-0.01857439954590106,-0.0002438571661591291,-0.00967737371699005,-0.0006904709883879404,-0.0417134746964506
RAB6B,-0.027670411513362053,-0.015708813028019426,0.04215215897446955,0.014564707928895824,-0.0037041474156374217,-0.04404000763457738,0.02059389002429133,-0.00426087728257408
CYP27B1,0.000829593505531791,0.02774870737437029,0.0049181824411697874,0.0207650270209684,-0.012977917370249068,0.03135658439129688,-0.031614187132471536,-0.028170445690338046
TWIST2,0.005528370388072161,0.04850150645050108,0.013542083518759504,0.02491327498180658,-0.007003914502697137,-0.012556319250665903,-0.047577598846150065,0.00014864780485703694
CARD11,0.05003552150253474,-0.021308664933375555,0.014429448378756348,0.015622037165194082,-0.006292176533552663,-0.05125109190838863,0.000993798007528867,0.00742215947855669
ATOH8,-0.03330243295019835,-0.012944567538847134,0.026782924409344253,0.006114273620774016,-0.019991324784367617,-0.03698580461817262,-0.008662623579397937,0.02347329744925996
S100P,0.021317954349140137,0.025201406884087313,-0.019683512191745817,0.039962999619668524,-0.009350829520124797,-0.018578307927823556,0.003699072551326019,-0.031496434886591096
SLAMF9,0.028637529906712225,0.0053165002048278275,-0.012943529088545546,0.015409414024464562,0.00900991561706413,-0.00799440293373889,0.015490607176266116,0.005127721780836574
FHOD3,-0.01904635695748381,-0.023777495014994293,0.03751982393973199,0.011687061986827882,0.014145687084783625,-0.010088222604223264,0.025663218537473186,-0.015843343794088083
DOCK2,0.06131475529267861,-0.017128785402201786,-0.002646840901475614,0.0335198647692397,-0.0003521861382586773,-0.03585124029715262,0.004430203501289786,-0.0203310367934002
KCNMA1,-0.010269138808907684,0.014833500177529865,0.029303104412241363,-0.0011942149402652653,-0.024099067407425664,0.013213544788438765,-0.0010377185373707737,-0.03707434196734631
SOCS3,0.03761113072805448,0.005813790507892,-0.00045255859641716916,0.009824828763408448,0.013075658936757209,0.041291603861593536,-0.009115381472866106,0.015821835185865555
MCM5,-0.027938774146589226,-0.01790741481245327,-0.004280280864300717,0.06357211843231204,0.029169413016340795,-0.011363838435018012,0.00987584850868297,0.02840400097486494
CX3CL1,0.012256191578772519,-0.013094443397950928,0.03295166026772777,0.022860933475955733,-0.011373185273414941,-0.04427003621039516,-0.020170110288155386,0.03109966151535412
GPC6,0.009771888301060117,0.02520781352976415,0.0061295471563292975,0.02135109780104159,0.0008997422781035513,0.03389458136498212,0.010065497762762644,-0.04731307560351573
PCDH17,0.018944465655140068,-0.007932173343615116,0.043166235239676394,0.019008428916054428,-0.03466780558490629,0.0491622675541479,0.012142282215859335,0.04018276226208445
ARSJ,0.016343194682061607,0.03543862969146427,0.00977334243930876,-0.0021106125400685996,0.06138031212799412,-0.0037566187809495934,0.024627769299496866,-0.02183492766645766
MCOLN3,0.008739307393572286,-0.025644191554470508,0.014495034100877746,0.013601851784008624,0.04600533099115663,0.017210279033727325,-0.013347359154042107,-0.04561577742701985
SCARA3,-0.009520592789765131,0.000673360062689702,0.022936572882768923,0.01667850425694669,0.005383548888451098,0.0251001083896904,-0.019999722812123928,-0.0017404103509338041
GPR65,0.05190667895050756,-0.006974422563944495,-0.008180881905087364,0.02656993543305997,-0.009904880722347974,-0.022298610417871317,0.018976859087181955,-0.04507462297149212
PPFIBP2,-0.027684337843167938,-0.04809068186188925,0.03992083447926547,-0.0003356516167323457,-0.016872674477050507,-0.020801079523976706,-0.0033158156958032316,-0.013029765210665236
RRAD,0.0037029967895910064,0.01784948776055619,-0.0018922971994662693,0.015783908533429904,-0.016478085994056063,0.0026950937429457353,-0.05035087592667155,0.011175171910538139
CILP,0.017177521313168225,0.021036286760343602,0.030856335449803204,-0.001846172899080406,0.003139597549026009,-0.02218284646552457,0.0340189495873354,0.010779231746927789
MFGE8,0.005110284640936378,0.008095148241986675,0.025244117940177006,-0.029274059057080724,0.03833988919160185,-0.02541866650047007,0.02404146180735586,0.016115540669564707
SEMA6B,0.01541664208016237,-0.03461957860530034,0.033215983755705746,-0.018156379955614158,0.022001829918088578,0.0191344879787217,0.005011421355926429,0.0420687944152576
ATF3,0.003910815058713327,0.020713642638122448,-0.02190064763889891,0.04585747049892675,-0.002483203091126024,0.014021147619007553,0.031778283765284174,0.00654112327446791
KCNH3,-0.039229901899568674,-0.003409519911096534,0.016621794971236,0.03909652658959088,-0.010871867240013882,-0.014431944970321915,-0.013638053418821749,-0.02709358793022545
CES2,-0.003912120564432748,-0.0072774865819767096,0.030412894313214204,-0.011638715569925856,0.0019376262797028854,-0.05098202513173539,0.0015203383340509097,0.01035643548507078
JAKMIP2,-0.013827343425674092,-0.036056520089862654,0.019452823438623302,0.0054589233442810655,-0.01836924098522663,0.007780859255680312,0.009225175125094211,-0.04916333774774378
BOC,-0.020656436170296104,0.007736785097576265,0.047762475337036585,-0.011581557246046568,-0.010951837651558556,-0.02897106149623409,0.0027545481979657426,-0.012537619457560484
LTBP3,0.0028994760938826736,-0.019823758185194405,0.05623609051510764,-0.03603254416552381,0.0011788055285008332,-0.020263061656667962,-0.0014207456708174304,7.553048149418987e-05
BIN2,0.0599503891586081,-0.028028343482539297,-0.016050254455518338,0.03371355401029702,0.007618082453021933,-0.016104905953101576,-0.01880191678973978,-0.016473133886161978
FAM89A,-0.008567488835776231,-0.005963865793617561,0.037042928857421636,-0.003558485225061632,-0.005433455650256449,0.020770735282266084,-0.012054729164505458,-0.011883502108406548
RAPGEF4,0.004148059496156471,-0.040530656615408146,0.04567577499407789,-0.012814332733408899,-0.02645132481269605,0.018314761999552207,0.03303290976542031,0.007993411957184761
ASPM,-0.0355683976603392,-0.007764856542993285,0.005791988956688227,0.06386556310896205,0.028794309592220235,0.022667120528093252,0.05981657772856337,-0.005757643459439701
PLSCR1,0.02647749153726669,-0.026482961684090027,-0.002301570989790129,0.03147435426334325,0.010642965592245613,-0.004541252380752106,0.05246761330418453,-0.032207519063911595
CLMN,-0.01625402121592741,-0.022369929411122935,0.038632176693648795,0.013151679671693417,0.0008272099952756822,-0.030530005729741308,0.005096572168061902,0.006169915671126574
LOXL4,-0.028866440140031764,-0.020055372564386498,0.022615169980361643,-0.004808758117046034,-0.010767480732955062,0.027653083522555823,-0.01598423872517985,-0.05514114944178609
CDON,0.0019238126920510458,0.017447354327881887,0.04911080330080322,-0.004309736490145336,0.0016578205430090778,-0.006272039889251328,0.05116888047652351,-0.02762695134479525
LAMA3,0.010507241016556056,-0.005197045114092764,0.04437489772883819,-0.015411669538863129,0.005667866334680615,-0.034228076341395006,0.04226979566602272,-0.041835626816843816
NTRK2,0.005040901145887107,0.03542492427627681,0.03281804790187552,0.011724071507307076,-0.012496552359897434,-0.004645588396994441,-0.017934569456061537,-0.02449031357870387
PANX2,-0.02103620469192116,-0.007191254200767629,0.00801923038145053,0.021827929824731543,0.019020539656470197,-0.023926658818085755,0.012251629485481594,0.01063853191548492
CPT1C,0.012539231855047748,0.01118876134213895,0.022206830231928876,0.019325314940257184,-0.016271250605795668,0.049759133170328984,-0.007392447039193475,0.053725053419993236
MEPE,-0.0019353739742352396,-0.025895331274336363,0.026546985106658327,0.0011556006587452152,-0.019186483698674553,0.033425838170954604,-0.06098024034800302,-0.028609117412158748
ADAMTS5,0.014373419117959607,0.010297686790315086,0.04210358558994718,-0.015814919687596636,-0.005163651718150166,0.0354388533434018,0.04639195886390355,-0.014298845212803422
LRFN4,-0.018474609197809355,0.023129686306736348,-0.0002392313325691969,0.027292537404544827,0.0014566631863513076,-0.000640338763142667,-0.022903523985547264,-0.0023445478165243353
ALDH1L2,-0.008702170553461097,0.03490855561128871,0.009901358287875335,0.006496077484856321,0.007256332798232845,0.05394995162163159,-0.004318543526833966,-0.02831831018693287
SH3D19,0.01167763044429749,0.02714194233236007,0.03962427217505184,-0.02900449101209234,0.0084067423264287,0.02821347345503352,0.05622322266802013,-0.0471547651099564
ZFHX4,-0.024546462442750258,-0.006000606786943925,0.0515262546148502,0.004767016730379756,0.007092555347200077,-0.022846639103228428,0.016637662968070264,-0.030300711320949622
MYO6,-0.011355270997836137,-0.05531621480804777,0.028378394713802657,-0.00828370697760278,-0.006683038543241015,0.0047888282981017345,0.029668604454981033,-0.020546303525705616
HK3,0.043942747833965595,-0.012167609860864327,-0.019823976634646186,0.04060157713574534,0.009395626327749457,-0.012895557941595324,-0.028834869250944563,-0.012806517670017059
DEPDC1,-0.038137369303976196,-0.0015218648041075695,-0.0054460360993942815,0.06773374975995444,0.02994329090698789,0.026872791695536906,0.04518356345520588,-0.0020929305340981483
IRF1,0.04489743499332216,-0.02906497928883253,-0.009071992094745388,0.01626621027778266,0.002213899924242791,-0.04468608265324164,0.031122258522632312,0.021443100799535236
OLFML2B,0.020842499675889033,-0.001165163467005206,0.03483622190020018,-0.030865138766535398,0.04780491705095838,0.002256709411950006,-0.012834664990473688,0.029859642012921496
STON1,-0.004097484970233748,-0.010664482321209945,0.0451191348527811,-0.015553877717102035,-0.013410212748809014,-0.0009096464476697655,0.038656596020864624,-0.06114946954058087
FAM81A,-0.023119670601745912,-0.006831563295772207,0.013263672971908943,0.0348885394747361,0.0038067056193080403,0.01743191742248711,0.037975794703407395,-0.01276207378567758
AKAP6,0.024020070264500513,-0.0442589864743921,0.02566348610243961,-0.006910969475317048,0.044518266842827475,0.049214580451406635,-0.031901689126673266,-0.008534247135476366
BMP3,-0.01108328766527239,-0.03552565852258185,0.04097132712679784,-0.015885549795993638,-0.004812860534623818,-0.02008388511689237,-0.020102272378010606,-0.026402494758793228
LIMS2,0.03538631103900509,0.028730564322114304,0.026081817952538687,-0.009076018865115321,-0.045797024932118686,-0.0184913306184796,-0.014168415206009598,-0.0032072399658493247
SLC2A6,0.004857795210038719,-0.018925804945935463,-0.013341471211864336,0.018533828254715445,0.011237177542340382,-0.021871295586576855,0.0060676154432885345,0.01173439604513941
TOX,0.007838724435336569,0.029613555866914967,0.017471322237893282,0.03007029699116335,-0.015502176944235625,-0.03853704720650628,-0.009732106640551165,-0.01790542000284413
GCA,0.02403060176660254,-0.04949946684408443,0.006734082210803128,0.013703367626940693,0.00752503975186442,-0.03962109338699005,0.009902782027465817,0.012814286040809926
C1QTNF6,-0.0061034137940794405,-0.005375463664674186,0.03451275627637181,-0.013744183429283643,0.04015037812067411,0.0005792383063331855,-0.058993825876709656,0.04056588364419519
CYP39A1,-0.01249888179554521,-0.040554965882222856,0.029354390065516392,0.009898636269752967,0.007327975012651037,-0.025862479940267143,-0.0065342742180827225,0.021839174682770517
TNS3,0.026358844669451174,-0.03150421139343234,0.04062322721256862,-0.0055120574776026734,0.02907148373158539,-0.0065101799030882574,-0.009571168068236099,-0.014300771710373429
PAPLN,0.017204796274725046,0.025525218759930874,0.036951214549092525,-0.000665859232792669,-0.013281166370459308,0.01444868796028679,0.02899740523483438,-0.015147875766908021
FHL2,0.014979466919179837,0.025345047559715162,-0.011874519361610762,0.014054834242116756,0.05404198087373742,0.01039059102020553,0.003549442545266731,-0.027777622980772264
OLFML3,-0.01410688367235999,-0.013303931622491766,0.031734846157854095,0.012209875891902498,0.05395076510529185,-0.009050040850151809,-0.01720052296575858,0.03957640271811215
KLF4,-0.015867275006308006,0.0009859207436493916,0.028532469442611057,-0.013884056770030535,-0.019369191542718312,0.009383791785645985,0.03657140958210732,-0.05173839645831971
SEMA3G,0.02873656134052815,0.013954204032062333,0.04243507714009475,0.009113200963368519,-0.056553410855771084,0.01792071651459936,-0.015325985353228,0.016522105717874554
LAMB2,-0.001665717485593693,-0.015454397652302372,0.047610016764046324,-0.03319423437416758,-0.0017908739099741682,-0.006558664450468474,0.03381059256359227,-0.012257417717286119
ARMCX4,-0.007287266764766253,0.03162628247783991,0.038230503022847334,0.012397807221317435,0.010111795158940763,0.0031945865667108017,0.00858140767167146,-0.029829150263215462
VAV1,0.06218116346302593,-0.01966983551441841,-0.009318325610170984,0.031024392924418616,0.005752188294221415,-0.028477371710656472,-0.02001780077368244,-0.016408851482225317
FBXO32,0.006856106291690051,-0.013062080416092622,0.0337166401053927,-0.006911425518703998,-0.009749880563733396,-0.008410119044782052,0.01680549450165542,0.009612608843623423
HNMT,0.04418695637854995,-0.01261676210496179,0.00998534158154396,-0.004010169656131639,0.011996816021579171,-0.008389580783878666,0.01374004719981833,-0.005946141700919666
NKD1,-0.026235916023671896,0.01901606734774411,0.025686544131902283,0.028213051089612223,-0.005838373921597166,-0.025592366768726105,-0.017305603433712277,-0.013119502736551315
PLXNA3,-0.02599550678281482,-0.012062448108340677,0.037258744520543306,0.0157557587931974,-0.01202520197629052,-0.014434962326952537,-0.021360916842680423,-0.024093757690589128
CHMP4C,-0.01316587881904292,-0.04773633041355677,0.020783738778113816,-0.017992697246922217,-0.026704553613826513,0.0025935445898755648,0.04242762944242623,-0.04636537449531533
TLR1,0.04740827388478386,-0.0065505433687974655,-4.0962828064925025e-05,0.03180999388862405,-0.006598610314504047,-0.007491086745337664,0.026835008173162533,-0.044691021331250025
PAWR,0.004370164998598795,0.022572182695265935,0.014743417714248681,0.0018089704638712097,0.037588328815389455,-0.028187324955514986,0.03482378297659142,0.00111040593347466
ADAM8,0.041783538638806135,-0.018013616341017676,-0.02010562952668181,0.018037739683567925,0.043380289772666565,0.010154037030056257,-0.02243812843881781,-0.02364935767807029
SEMA6D,-0.00993778564233128,-0.0315998121269059,0.04038236806493026,0.019298683658215136,0.0005303905201623589,0.009588448285988668,-0.011664668689643146,0.016842404573480123
RGS10,0.031346229967832234,-0.047168648671373326,-0.001186141465294182,-0.006965039035953375,0.023911141642336983,0.019223524594730507,-0.08281879562705055,-0.019221447437562884
PPFIA3,-0.006275058238770762,-0.018336089656578278,0.01881963073446555,0.0007045571193211161,0.028831823556360048,-0.010187455173847606,-0.019098128801502308,-0.004785150855104481
ARHGAP15,0.04353839275898216,-0.00696860519271353,-0.005132151546238577,0.0313665627305497,-0.024323323797166233,-0.02529137544761819,-0.008503739308702697,-0.009454593123643391
ENPP6,-0.006682602469852521,-0.009246007614147672,0.04620239425893861,-0.023725470728619986,-0.009925910664152122,-0.019432090121002613,-0.022408686435583722,-0.02484451555859111
CCR7,0.0483831937114466,-0.008924610916478786,-0.009572170607625509,0.03864144610188476,-0.009257633061425227,-0.024489607382615547,0.00663550611226478,0.007750924738383344
EGLN3,-0.016026193097124,0.00808266001484403,-0.017344513318298657,0.03846327538907489,0.018370938628924458,0.011639188412547234,0.021581008537756307,-0.02031447404203983
EMILIN2,0.02987817082820666,0.02124794167270247,-0.010076084197989381,0.031565238333625,0.01040426648044598,0.039432113414011156,-0.016733839465657582,-0.016820745299395323
SHANK3,0.02572642283103474,0.010341898139788948,0.06013236272889915,0.007265369881921247,-0.05024108895043014,0.03208137644293501,-3.536641500474433e-05,0.0579561036512426
SLCO5A1,-0.0057715909401502095,-0.0073465031730303295,0.020702851599199577,0.028177943056503545,-0.014008089797118078,0.02063827149459962,0.02543499469587941,0.0019505334646257727
RASSF2,0.04695035525575604,-0.023285544062807334,0.031489102826183814,0.014784464104001749,-0.007836368866378108,0.008730506435200413,0.011822950774365716,-0.016132138453343072
FZD9,-0.02164630044993171,0.02922081630405974,0.009725617405249975,0.019203860779460704,0.0007148814856540687,-0.014717383242698539,-0.044616244887868514,-3.045028776182089e-05
FRMD3,0.01111840602293912,0.011947862645537868,0.029981612302948022,0.025397859033296555,-0.056021065434865354,0.03427442763176847,-0.0016083648149622953,-0.008106587094728402
EPHX1,-0.0038684895572982207,-0.02259381344044644,0.026077171345093235,0.015952693702727908,0.012526509413947423,-0.059722840180007224,0.0027538970216839016,0.03182607987596351
TPD52L1,0.001152577931182063,-0.034275328633059314,0.02618158619888467,-0.01101195912155325,0.01208446007961356,-0.0379792353579049,9.40767255710323e-05,0.02170085338706167
PCOLCE2,-0.016102530288238,-0.010321796789598254,0.002761013002686536,0.028997137535777713,-0.029120178193555536,0.01545561747183789,0.01471759415053313,-0.03974290011802602
SLC4A2,0.00800836025679403,-0.047534278425522346,0.024599130620853372,0.007718789752228513,0.05667455077989898,0.037627683288592666,-0.024335424347331984,-0.017106714196615847
CLEC7A,0.047031862854397845,-0.021025325751972402,-0.0032485599645669695,0.023256467222906897,0.02199714583403018,0.004484369605026477,-0.018174511161743442,-0.037416235466302884
TTYH2,0.0024569112919512323,0.011143738357226325,0.011967564955457786,0.0187946199346474,0.03897134129447053,0.011953211643894405,-0.05725964786124772,-0.022823939288975716
USP46,-0.026432208806005466,0.0019386055646879825,0.030425837866020756,0.04651303953270518,0.021747097160617793,-0.003207215131368459,-0.011374564077200295,-0.014018305259992501
KLHL8,0.004208651022849049,-0.03764466905176683,0.0260556646697785,0.013907850062162917,0.024182118305878568,0.047448259881576006,0.019830960080937408,-0.03930845427106162
PDCD1LG2,0.05256344404939224,0.005517919749003726,-0.011239287142662036,0.02959841714286729,0.010009912155706662,-0.0338640932662454,-0.0023130116801063838,-0.009439406632142692
POLE2,-0.026650362235140373,-0.0037152867562015267,-0.012651379149456191,0.0661699972737932,0.022375375242398438,0.02705541713979514,0.005340148449732619,0.02524191032821945
AGPAT3,0.04398484459466694,-0.006353757236740877,0.0003808306923347137,0.022908139466271595,0.011468170425025606,-0.011376308906577356,-0.0073932082789463375,-0.016529601571854596
BANK1,0.02593646222994365,0.02029884666685397,0.008818877370251854,-0.016773618256695728,0.013182856111775304,-0.0012416426499738927,0.03334095105928651,-0.003502323401801937
RTN1,-0.0033212962218017823,-0.015723489318975596,0.008503308887098998,0.05907866515164915,-0.014739984699374157,-0.005118404824882116,-0.02980684566354097,-0.021402435342437687
MAP1A,-0.006008883809330667,-0.008319673046477037,0.04093331516095881,-0.018026837652951832,0.028493638067888703,0.005647616579517066,0.028995512600483588,-0.024444775225381205
CDCA2,-0.03150057265658736,0.0015712775719890193,-0.005187081127414846,0.07028329474849475,0.03145175677842488,0.022584651258431496,0.018887753294779385,0.004909096808481485
SDSL,0.015719185424937426,-0.022836949049635614,0.010904256718460589,0.0093052145477328,0.016448189668098422,-0.03571514542558633,-0.03719968245977947,0.010468230154386844
KCNB1,-0.003805342442902866,-0.024461480893170264,0.05590340188607745,-0.0003314445822686649,-0.043046848168970295,-0.02274373352975574,-0.0007007372481640742,0.005618853895326143
HOXC13,-0.021086708572306587,-0.013891745117346335,0.022193912780095977,0.016490885019185296,-0.0064472280305103375,-0.04483480134866581,0.009429057327180596,7.22619109062441e-05
DPYD,0.040155788259799104,0.00480204061926565,-0.000551277508502986,0.02943246102190017,0.029017117308865494,0.018504610175186148,0.04051134268806529,-0.0496226682428785
PLK1,-0.03220615867783493,-0.011182154285846038,-0.012118634080012548,0.07383660835306363,0.02470980539188848,0.030594892178031276,0.009119340723680796,0.00171167771835418
CCND1,0.005228898803153898,-0.014744402607632543,0.018636319373745523,0.0048951025064455376,0.02728734953285499,-0.007345189486666068,-0.009971552058398342,0.028641510184821695
FZD4,0.024006627033922947,0.011809904335084716,0.05270342650309912,-0.004066532858789072,-0.04246167583492781,0.026813666982357782,0.0288969293906666,0.04197152368432379
SLAMF7,0.04506296411582074,-0.04130708928340007,-0.010015406208907498,0.021477272310467133,0.00419040857566619,0.022815242265815903,-0.0102939452605196,-0.028953553937089635
CSF3R,0.04077916576023957,-0.005142805391352151,-0.017719365244167312,0.041589256228717,-0.00107876117785721,-0.010090936704948443,-0.004203772336962255,0.006280963152275938
GNA15,0.05128821783638212,-0.02837375865720299,-0.01491290411677946,0.019975036008248074,0.02480541205269854,-0.005815086683093186,-0.04406068411476073,-0.016698754704953786
RYR1,0.011734398522057125,0.008860090610798019,0.020911145860696496,0.016463044963382818,-0.03640743577071503,-0.00511613535210241,-0.008655973837696222,-0.03436417920987383
IGSF11,-0.004086421987584816,0.024062851464709007,0.014224183157545124,0.019378479961966642,-0.03918501683785781,0.024549270723299897,-0.008648973808240415,-0.07073951614520811
TTK,-0.029170671971268866,-0.009979937635394875,-0.00845465458631585,0.06649416952611169,0.034303051838834926,0.027592967900492017,0.04787943623483548,0.00026483048838017286
PSMB10,0.04013048894030497,-0.01213934852978317,-0.02797653722549079,0.022345748220957216,-0.022619823408893635,-0.03299471467726027,-0.017462470170589384,0.017797680221528406
PDGFC,0.008040740771096885,-0.0333154819299689,0.03335582226930894,-0.014325525018517268,0.010452969485498785,0.020219991160233833,0.049400788618265384,-0.0382941861128397
BATF2,0.042537254338360656,-0.02354629614108266,0.006530856454324221,0.017929450770808264,-0.03062941251664877,-0.025657362913971624,0.007598500948468596,-0.014478583401069733
ME3,0.031006845671707292,0.007835377201182298,-0.008580267897268543,-0.00026732138302843606,-0.003420447499650472,0.022412404072725003,0.01884870854962588,-0.005780536620278718
BLVRB,0.01957962033409895,-0.010524079082249638,-0.026279103392507844,0.018699426949697694,0.0121151727100651,-0.00826206732086401,0.022858406149360945,-0.0031872077903784927
CAPN6,-0.0052999988095155225,0.043785344912671345,0.028697204982559926,0.016767909586716197,-0.008515842272438364,-0.017548916681613035,-0.04875535344890217,0.0018469951434532074
SESN3,0.011178103403857772,0.010946723130941301,0.0394349431182017,0.011294696748022146,-0.0015881254075531962,-0.010326048733467926,0.0470218034556923,-0.027580372806978705
KCNJ15,0.02753016561021252,0.013674862283424854,0.006223852357888037,0.015214665065178695,0.013591646710690759,0.032162986964356495,-0.0004162593266338749,-0.0030082815938378867
AASS,-0.009448225085051453,-0.0159184667647316,0.04791696807537223,-0.003084632405583642,-0.009021521063501604,-0.005209429351704206,0.04031600624776397,-0.029110753552030886
CHRD,0.00510580778091888,0.02617883443645647,0.053023974494914625,-0.02006583913227538,-0.006005254289067095,-0.008178523370564182,-0.006665029720486135,0.0005336382009838657
CDCA3,-0.036281464457100225,-0.008445560947508177,-0.01646175422345179,0.06551129985056661,0.014358635867471044,0.022090290226450968,0.001331901260460915,0.0034464893457848873
PTPN7,0.05121034569655174,-0.029450615950163822,-0.007993254313075076,0.028122693237766366,0.004409059198145675,-0.004971388532478367,-0.03647783752334621,0.010244493324446914
LEPR,0.01441130291592972,-0.031238640016668356,0.033883336706934275,-0.012606171947752355,0.023240150180235536,-0.007686666791597909,0.011512166129190543,-0.0192792538731849
PRRX2,-0.03323237515519527,0.004125322732761627,0.02398163390772578,-0.009306275995916588,-0.006667414301183949,-0.02325221443714151,-0.02625233810712864,-0.020913495417091865
PRR11,-0.022004349084001187,-0.005118144203646782,-0.021659654717606554,0.05956106311351711,0.030681331638394888,0.024558415647166564,0.018995926612602278,0.021461974087397452
TNFAIP8L2,0.05399575565411594,-0.020508400161257767,-0.01551533129286748,0.020630251735985934,-0.01887653910358852,-0.043900306261730325,-0.017372717680031298,-0.019810011504921954
PGM5,0.018575801419563498,0.024452034577400722,0.03566063403166168,0.025213577263757486,-0.02615473335822935,-0.03469491308526555,0.009270628764947652,0.018449196167287726
ITK,0.021510329707929054,-0.038486557618315764,0.002981723419104857,0.03716593732836246,-0.04851091349841223,-0.005187667172410757,0.01376230594728188,-0.031232657591383245
GNB3,-0.006522392320087925,0.02503125928567606,0.024730638612937172,0.005099501857675477,-0.0038056520815926177,0.007419196233043877,-0.02789755549594869,-0.027843914990239874
SEMA7A,0.02879501720064708,-0.0388853797876828,0.0027742732792163955,0.0028793271744422064,0.05087470893353773,0.02306912475021331,-0.014521733448778494,0.028202668468391305
RUNX1,0.036209534258675506,0.0253155553277572,0.02027573413512056,-0.012648452284768371,0.0328765904772016,0.014177990002927464,0.03388707412872106,-0.0008057398621535835
ACTN2,0.002370247262945225,-0.007473744374645901,0.010866679233723982,0.008645146664958534,-0.011424504846782195,0.02705115303423092,-0.04571845214699469,-0.022991648071824442
SORBS2,0.02078748984719519,0.005824351593506879,0.03808941248295983,-0.0013270563369331889,-0.021455337281802222,0.03149605890548158,0.0136487843173895,0.003090395543816747
ARL4C,0.02792815142027123,0.023757106169018445,-0.013249118576668106,0.021476736675642007,0.05121428925210043,0.0033428936619373673,0.0037551060374256045,0.004313524833982732
PKNOX2,-0.0035726975645467103,-0.0010055227019620683,0.04069178249864782,0.01870869183834313,0.0009008041326582696,0.01376254504031203,-0.019560331763887082,0.022006646915749613
NEK2,-0.031338409073548366,-0.026215308623083737,-0.010844133250399565,0.06830958441391162,0.02153279600084483,0.013117508516220958,0.03779929073911383,0.02317836737365957
KIRREL2,-0.010239584176310709,-0.009839569474837315,-0.007187352511056471,0.018835246014562622,0.02644882365262545,0.028159129174646778,-0.05489952544212281,0.00355722268965062
GADD45GIP1,-0.01870926857700173,0.011590071208842784,-0.025813502161762567,0.017133061215616852,0.0003570901783617568,0.005467545414405218,-0.015692584922233507,9.961562049614486e-05
NPL,0.05700671334868588,-0.008349326352382096,-0.00017784897463294898,0.0091144219145803,-0.0030043038299761692,-0.02302705841307907,0.004391974711113078,-0.009406359089189156
SP6,-0.013041204739570772,-0.05944013038773339,0.02000717240325292,-0.0033726241028764576,0.014793071782050912,0.022767538535244124,-0.0026076184749062505,-0.0008056366126719472
CAPG,0.032299739128922866,-0.025511288222658555,-0.0075603699321879925,-0.011775886304947573,0.06960582891942227,0.015670058517470012,-0.00030279478748854866,-0.013990947309838185
ITGB4,0.03478801759434439,0.021740124796706284,0.03896587858508469,0.0003639197415538167,-0.02646478584279525,0.010785191634252917,-0.020066949643578382,0.03676320439696733
FAP,0.006033019693316687,0.035313122852522194,0.026259704367679177,-0.020279089198799886,0.05492773181208596,-0.013354910356062474,-0.0037385314600308457,0.03075453304031788
ENPP5,0.028086045264469672,-0.03679572650186217,0.019681350021254748,-0.004458899743415695,-0.0023785328040640936,-0.002538162709186739,0.03441501139023309,-0.025194336347507326
ACOT11,0.009973077859080932,-0.025620229048034772,0.028644372405041793,-0.0017435254403242082,0.012963072966203555,0.05591423070265404,-0.011926637179848048,-0.040284891937178574
FBLIM1,0.02778372347148574,-0.010122891968568002,0.04217930040559013,0.005397437993486097,0.019151097136754402,0.0016567236026268912,-0.005408383742930421,0.058279250895435224
ADRA1D,-0.02067658605431004,-0.038271898544795964,0.024528512496405964,0.010790124970959165,-0.01901956226867655,-0.005583525472356281,0.005710152414677085,0.038530703841898294
HSD17B6,-0.011004989719572663,-0.01019087545760624,0.0203614512405736,0.010333723868659671,0.052519322846265835,-0.04212547105007505,0.039269298857672615,0.013147965391443032
CAMK1D,0.02370373640482545,0.0385629257040564,0.018439296649247153,0.009847616944316455,-0.0015035627608687245,-0.004326075242072882,0.00560684975510992,-0.022233275744212588
SMAD7,-0.009654494605062333,-0.04790370316932389,0.04162188615438908,-0.0066070508407811345,0.0033298216872358084,-0.012649733165414383,0.015421232477958718,0.011762335142853023
TCFL5,-0.014915221603461783,0.02431580223729913,0.0021174591309599364,0.041436573859509065,5.489265718511488e-05,0.011914690554427123,-0.05033926223538179,0.0022173641529503914
LMO7,-0.009147626211960894,0.00631414943498129,0.02859902428491022,-0.014003204124186437,-0.001507345427998701,0.007325523295424642,0.018770168614273785,-0.06369239627421606
ETNK2,-0.017885517646080294,0.005961653077445284,0.010433048989965658,0.034732704417939964,0.017613123925616002,-0.056982948068032495,0.005680523162943446,0.031337006925608035
DUSP26,-0.012889058050437507,-0.012062271925221026,0.025077079447750533,-0.0011171960470959343,-0.041559505544639226,-0.03510425946911004,0.020848622579823006,-0.03114634986516613
IL18R1,0.016519456831000322,0.01322580072541172,0.017110360229957298,0.02392369124734369,0.008881042264619398,-0.0054671741498504844,-0.003055555261778921,0.00905652241304938
MYL1,0.011593528868984007,0.004127468751639189,0.005067670043476732,0.010445573112344527,-0.024755445684919154,0.005086221283302319,-0.004460479937122966,-0.013591413274329868
DDIT3,-0.007125221870285144,-0.007689426481811035,-0.008105612928255096,0.010150633699398864,0.010668515506765654,-0.013025088189732251,-0.0031956013638655915,0.03964569318141969
SCML2,-0.03520169494449096,0.007000231709660094,0.01957243752167706,0.04906143514115486,0.00489605898235972,-0.034072849487297635,-0.009190720758776978,0.0264420256115461
GFRA2,-0.019193174117077005,0.008178545670217521,0.04129407239271363,0.03066797686030872,-0.021072071496776496,-0.024870565127353535,-0.030288082759232185,0.011597720450200423
KREMEN1,-0.004431313671596692,0.028637656191778195,0.021393360299873737,0.003280598335835383,0.03488575928894511,0.004371635607040484,-0.021869128074196605,-0.003086950373349072
BARX1,-0.028989405964290785,0.022221844933019208,0.0077322789789324034,0.025775551170415117,-0.0028051936889248808,-0.02060656407023541,-0.028193992008121244,-0.009391185556119208
SIRPB2,0.05486551025021833,-0.008138707987428374,-0.004913408397411811,0.02699090735329388,-0.009989027107411692,-0.04058550139509554,-0.01045065601592684,-0.010945402923496713
HNF4G,-0.016670897396019062,-0.027084063710553826,0.03205347255880457,0.010794393767641915,0.0026325669822750628,-0.03377813516794538,0.03015547058130401,-0.011446035124378992
DAB2,0.04681920895012496,0.03200493825473169,0.011153368218543762,0.019962450322022273,0.007222080074405413,-0.004221145093956737,-0.005175300400580035,-0.00048484227915127423
SLCO3A1,0.03679897178130568,-0.009228059486532755,0.03933376003582572,-0.016071257163661527,0.012023144956857412,0.01050575224098846,0.022517244619511784,0.02756822849421081
CPNE5,-0.021051552869408255,-0.012531638431003182,0.005246244041003083,0.037754766365213466,-0.04224325265212278,-0.005793489631888506,-0.04131242148133023,-0.007070173454003018
RAB30,0.01560485021027473,0.020018571772507057,0.03346396393912712,-0.023880600088361976,0.02683387065558366,-0.015286707739178543,0.051033176973847474,-0.019096944849292467
TPBG,-0.006500237816990759,0.016474715202281165,0.0181441875186654,0.024890437700175967,0.038559185265481535,0.03824514247416067,-0.0019771821056124746,-0.03273752306805744
RHBDL3,-0.00044280907823585026,0.01828930713103595,0.010495904299743338,0.03088247460159683,0.005791125346632684,0.0452145638772566,-0.012825827259147497,-0.008210287800759546
POU2F2,0.05036279218919366,0.01854908074971455,-0.009497865537162215,0.02280423712995206,-0.012036890028436784,-0.045986105796904916,0.0008422601634713255,-0.0037737808330710904
MID1,-0.020097663011714877,0.005782709379185513,0.03208002556466426,-0.005410250896103806,0.03794991859346464,-0.02412404964012722,0.02296410707938902,0.011151180207639756
FRMD4B,0.013687717703280446,-0.03222016747630168,0.047059453644374236,0.0015429585764792685,-0.03286384927408574,-0.012915916749970342,0.012375526762106211,-0.018913565080769995
SCAMP5,0.009200024948140663,-0.00646749990090041,0.014138218937006064,0.04669747148648092,-0.01373858449050635,-0.013377433038819966,-0.022213879251482868,0.041300542455856494
LGI4,0.014552307294498915,0.01585701425576159,0.029019319186165845,-0.033744365642881795,-0.03059505300232578,0.0014991588974510694,-0.029894190522802355,-0.035848387250604526
RAB3IL1,0.03402030079124688,0.04376476667570977,-0.002074746902346934,0.023361687540744754,0.009261907090056079,-0.006450406741539344,-0.02780837613411651,0.003236288513323284
DLL4,0.012251984618330011,-0.010771664480317116,0.03257433230100966,0.011747468206100276,-0.03799518547800296,0.04859884828805908,-0.007842527489228254,0.09883800061198882
STX11,0.03688004521788971,-0.014487936070970221,-0.003677740848425948,0.03114758553126912,-0.02596780285954894,0.014022410786023697,0.03169557583381432,-0.002903129796736928
SLC4A4,0.008170187849661208,-0.015493006737436716,0.03193840850723759,-0.007829416026365,-0.00845536589329047,-0.005880580557194193,0.058071711697747413,-0.019051131905477352
COL1A2,-0.01601710593007532,0.01329225374321155,0.03776388543739385,-0.032258234918637795,0.022624973586171743,0.030963042380344752,-0.034059053506215464,-0.0239042998430399
CSAD,0.002672848189137774,-0.02939112424998498,0.02569921031070793,0.01771403524025958,0.003519577929092358,0.01523956016228894,-0.03047699899849395,0.0021500914039266827
MATK,0.019964951150901848,-0.04603737607460564,0.00633931955333162,-0.013313590831990699,0.04612887131205197,0.03061360952272002,-0.06597699143587518,-0.009317375174870373
ABCB1,0.014605767231371075,-0.028049447116724118,0.03021086325848546,0.018086663343667174,-0.02958141642707702,-0.015957596931285664,0.01779180656440372,-0.019289152689098633
ABLIM1,0.007132435397153721,-0.016449664021666355,0.032265520858778096,0.018972237931413522,-0.05287326259228096,0.026005921701890464,0.04424620303133218,0.0020858734800963223
MMRN2,0.02378152515646401,-0.009369635525146847,0.03756572805510076,-0.0034008702965100278,-0.05005564453460994,0.06562564094357964,-0.004571751895969381,0.05253616558124215
MPP2,-0.022034847248936715,0.004285233130245401,0.024529572090961498,0.04915672548968196,0.016640155251935376,-0.039792565953513735,-0.003433754360828373,0.00724171933210613
VGLL3,0.026746687187460153,0.057217149612308484,0.005093535394557658,0.0106183235362446,0.005513924022305462,0.003907886884919024,0.017572022589275777,-0.02293491145609732
PRKAR1B,0.002471664008771438,-0.00017922152150743513,0.02758668820192168,0.011925886740504413,-0.0185496781877705,-0.03320627194578373,-0.05159379136351108,-0.018496188805619512
CYP4V2,0.04588628842598081,-0.01549419827600293,0.012026877448244606,-0.0065175643388719895,0.012616018271325323,-0.02763155383638861,0.019416744773747274,-0.02000766782541395
ESAM,0.02588495745524879,-0.0036543271947706464,0.03321610172337797,0.006629252199971811,-0.05685184180778055,0.0717290154041174,0.004716472646561059,0.05665479091673384
CX3CR1,0.035759337438561044,0.0004980039767291774,0.03412771969032179,0.0012345881114357799,-0.002032701162842459,-0.03692169017353653,-0.0006693901724170014,-0.022653249229316386
CTSW,0.03368998536736109,-0.004971486656007684,-0.010815043446473797,0.03856704148886957,-0.023594393149292948,-0.04257797623508633,-0.008269427476041494,-0.00308804247181794
TGFBR3,0.026996091102351086,0.03126981391540308,0.038742317164194295,0.0034036186843089495,-0.02138065694745995,-0.015139628386221458,0.031533626452331126,0.006953980707388613
GNAI1,-0.017426451997000804,-0.029824419743026794,0.04433435209649063,-0.008611664043748517,-0.018643942601406786,0.020473258722152714,0.01909319045410282,-0.06442358960201136
DOK3,0.04954797784790501,-0.04147466485164725,-0.003913175520015776,0.01377580376789915,0.028635723840340247,-0.0006497645387800592,-0.04657274279782813,-0.003806034210873962
PNMA2,-0.017499929005090255,0.005351094878734659,0.011275853021009757,0.041109964937787624,0.0025542002636428736,0.0072567214768612266,-0.006531241324855632,-0.020165275114295663
CLSTN3,0.014136584301892885,-0.013918707596610297,0.03847017101476923,0.015852082696384284,0.03734615449326397,-0.032340316909258086,-0.019070264160159982,0.022960706319233706
TP53I11,-0.020661663962844988,-0.041883325780541214,0.03877414318600498,-0.0023254965353716466,-0.03515498646843123,-0.017997661166846844,-0.04316327193977325,0.018487518843354558
CREB3L1,-0.024699276426081,-0.010789216075260668,0.017612832109525214,-0.0035657463061250574,0.005422431256549582,0.04709010416204808,-0.018402739165998935,-0.029711782934469147
COL16A1,-0.007951101434698996,0.02186648002088713,0.034908520471574306,-0.027938460714869596,0.05657037172378157,0.011137001679810566,-0.03235627557396463,0.011209221043082359
IRX1,-0.030468623854573516,-0.0068850782094019465,0.01422821684968243,0.04009344278322207,-0.002089428904600163,-0.03881312472303219,-0.02935587279612687,0.031914555323755193
ITGA3,0.040627611979823806,0.0054652870039757625,0.017044697893156407,0.007412034626972031,0.006508817561600279,0.026170358582955584,0.022183651345834877,0.03331432392692803
ABCA1,0.039850856415534625,-0.020129445151891967,0.01837718737178834,0.034776058065013715,-0.006484940865136578,0.013414607288138529,0.015523272899019308,-0.04087228314755615
FCGRT,0.022265444347550272,-0.01380680430453265,0.00627237787241573,0.0426279125908149,-0.021270785211097196,-0.03405252170343513,-0.07413472180443721,0.016124866315010873
PARP3,0.03370830440912419,0.005410756183949228,0.021672539041589674,-0.019780981444902607,0.018504179298316933,0.016862458496597336,-0.004912864796065026,-0.008729392950713335
ATF7IP2,0.019969735983187114,-0.03039862865354348,0.021970573120580716,0.010769093293737542,-0.02827107609188123,5.167022746632244e-05,0.0010249528799468766,0.014753271556672406
SCN1B,0.021310830072109717,0.026896457355971314,0.020051268598594175,-0.008514797030170418,-0.007825658146579699,-0.0062442566252647914,-0.027480841267342675,-0.02236301839652646
NOX4,0.03552891684615123,0.014621880022005863,0.022855241994044338,-0.001530778608830264,-0.01321513634287215,0.05956092068785177,0.05165683628712607,0.019519829893237597
TLR3,0.033609914855361966,-0.024706560875705805,0.026810291641700148,-0.006871168697044091,0.001130515099452801,-0.04077892163520393,0.040703857251257025,-0.02074688204680368
ARRB1,0.043076141604810464,-0.03347137126534244,0.025490706974048684,0.00410398572999906,4.837970251347695e-05,0.028502788604230563,-0.02982603297685301,0.018358836027291065
PGAP1,-0.021825048754693335,0.00660501143855636,0.031893799540547385,0.0584154650545559,0.008939536451754018,0.014695375328419642,0.04593570637221351,-0.0013068663138493398
B4GALT6,-0.016270036490421566,-0.028113605019808925,0.021626393203288515,0.02923448299860958,-0.018206221511692704,0.004536368542370864,0.017602995778053618,-0.050173482953534666
HELLS,-0.02907001294295638,-0.010071300726029261,0.0005187324417149944,0.06836462200345059,0.023245798370786754,0.023995748989849384,0.02547408334284193,0.010908749516521146
PTPRU,0.012363909071056016,0.03038800629933146,0.02058583972751811,0.009153226411184236,0.004113543337019686,-0.012198360408755457,-0.009790806463590708,-0.024977222149187468
TOP2A,-0.03411610736988956,-0.0022290599519584516,0.0059201113114265985,0.07594576385091886,0.03756678018512025,0.011463274640603443,0.04127403104869291,0.01402401032289981
HR,0.000532937860192789,0.011406570981482036,0.028308538535074118,-0.012079032034393875,0.003840282170924151,0.02987707900484167,-0.009198660998990648,-0.029710539366393125
PECAM1,0.043985974123566134,0.00595613909569653,0.03380899350979615,0.009305156528517934,-0.049306524219900595,0.04465948580588228,0.001517167263187142,0.06768846637541313
NR4A3,0.011533776601385872,0.041745352280478015,-0.003197187141907463,0.042352790699219205,-0.007910104720399637,0.028097884005106398,0.022255347937785525,-0.006687165116192098
GAL3ST4,0.02829679719647766,0.011489001875740645,0.023924344725978625,0.024954581270208234,0.03840426439036023,-0.019254289479807188,-0.0354635258767993,-0.02102490901457723
KIF21A,-0.030703455938056817,-0.012237842230166683,0.027172525113956986,0.009195642792453676,-0.008160396953582205,-0.018619729259098106,0.019944528742447138,-0.04242802205034011
HDAC9,-0.006052854773551743,-0.02587192222952871,0.026490628374155133,0.0036788368746501366,0.05976620637420902,-0.007172784423144087,0.05341186923743379,-0.011771192456193073
SERINC2,-0.003718003203925165,-0.02007109900605932,0.018763505519504363,0.016524562191282538,0.016439404157501183,0.010339810866810704,-0.027005648000407646,-0.00790947752572748
COL4A1,0.031478280514758414,0.01916658849786332,0.04493356483564161,0.01986952196204039,-0.011602120827714075,0.0530673053491444,0.02040685880747249,0.07455983255415413
CLDN11,-0.007515584615817436,-0.04523910035878138,0.03150654274697096,0.004103392598990854,-0.01630794145643512,-0.011631985521139353,0.009770048960010784,-0.006335467946651052
TIE1,0.03041580075719047,-0.012601211357183482,0.04536984188976857,-0.0016791843779406705,-0.027793972186056722,0.051660546267047275,-0.016436662053874607,0.09506587217346461
TGFB2,-0.011240912395553538,0.017884534664147456,0.02157779830597025,0.0030661530832709998,0.027565935194735873,-0.010135146648138188,-0.0150270435952289,-0.009916311924000632
ATP6V1C1,0.011972322222934458,-0.05258526656334553,0.00951273973836775,0.006619879045992725,0.035596503277158735,0.048875511811930956,-0.005917392698003314,-0.025502257815696996
ZFPM2,0.011305937525083248,0.022219718515856475,0.027145089364173456,0.025568290332372696,-0.026103721985261986,0.010990781483825898,0.032021966779154976,-0.009860228599907062
GAB2,0.04598420467262289,-0.019424221418173855,0.03187648661455471,-0.006471091553000669,0.0016204217436010088,0.01632183283579625,0.0401355736070027,-0.004613754329230612
CYP2J2,0.005320668485922305,0.03179243788729686,0.024586761949436563,0.023351334140632164,-0.006368127646111377,-0.0443397019329181,0.006378647740737343,-0.019643796547751252
SLC1A1,-0.016070594842887413,0.003391322672181165,0.0038126574090704803,0.04910931007028428,-0.01618956289129767,0.00306853850203406,-0.007261418728298211,-0.041496915405653347
PTPN4,-0.0019354417494887137,-0.044224462417486704,0.04656453868824524,-0.011591441944631234,-0.008880532972366018,0.008519270040129683,0.03878850283654351,-0.002388647070907471
MYL3,-0.0006532805915058565,-0.01590339863026017,0.016360277273265514,0.00554496342340378,-0.038568095289619714,0.027046920877821377,-0.014688874614517587,-0.03939166117099531
BUB1B,-0.033174266357591305,-0.004605155549742713,-0.008021902772222604,0.07558433154231049,0.025042645563417433,0.025216814537219693,0.03442023184022951,-0.004099619158242705
NDRG1,0.015973338771561284,-0.013672593878414041,0.011531030208621033,-0.01274214729276504,0.05148010751172496,0.00810688907350484,0.044274658911275265,-0.022493873380723013
CNIH2,-0.019378499709773896,0.013661185942906079,0.006409707477149526,0.037660666725938235,0.0006884500398797412,-0.004807510923362086,-0.03951505536240455,0.00923779238184462
CDH13,0.018347270549926426,0.03501346646257055,0.020187447403567024,0.015023393484534638,-0.024820524328525606,0.04981176717934612,0.02122977286507987,0.017777972689301952
CACNB1,-0.010730815106464783,-0.01762633264365929,0.030450208435621944,0.009909902827697107,-0.03297644406145505,-0.021174491728702036,0.018121683024540577,0.0017247584307751923
PRCP,0.028702986666024603,-0.015425013181315339,0.03889118868295744,-0.003007867268685469,-0.016794376295657394,0.03336461119884143,0.007071979455068654,0.0247712746294248
LAMA2,0.015512657658490542,0.05019593085022868,0.018578738227066176,0.013744668917695886,-0.004567521838980092,-0.010075812009701566,0.010200465649195264,-0.028553852145051933
KCNK5,0.0009591073996058691,0.0027216900096291275,0.021593002438251466,0.025789151409842774,-0.01975741288064228,-0.011149824383076871,0.002799957400740983,0.016308126587734895
SNTA1,-0.025193311328272548,-0.02374212143632093,0.002167579118894197,0.024805463863317716,0.006924178195909688,-0.019229845347867928,-0.015682760891538205,0.00567982462182506
NPDC1,0.02245905639769844,0.02464609389458252,0.02237456441130258,-0.007444581916406128,-0.06007045888759144,0.007121356078039787,-0.03096241585371707,-0.01100537460769326
HOXB3,-0.009916382961583934,-0.013897210101729632,0.029707095691492453,0.03055664666972866,-0.030681502841692344,-0.005350932435805391,0.004309181224959456,-0.025624400894151356
MFAP5,0.02798179656124796,0.05035007403940885,0.014353993153788292,0.009601443052617148,-0.02296234347289473,0.01638411186820596,-0.007079806144157062,-0.007426228477860432
MYO7A,0.047160889569903865,0.0020892047057531923,0.011114752116503113,0.02734886382892436,-0.005787251686348846,-0.02871764162010506,-0.005756209473356697,-0.01646051280065381
MMP19,0.04425264214490325,0.01884878729794059,-0.009073813924314892,0.015228787830375652,0.016691127613242637,0.017760418918001647,-0.029405089069062394,-0.02214830361927884
HOXC4,-0.026005776017374155,-0.010292452044367437,0.025922028566629424,-0.0025295301590213004,-0.013367044675575538,-0.019744280141801206,0.02260573563084344,-0.006757477393386395
ANKRD6,0.004590804923875473,-0.008698662515991046,0.01803392624617919,0.017588967615129823,0.022840291876459414,-0.017053290906696765,-0.004257641073681065,-0.0058287635557955665
PYGM,0.013431918723032609,-0.010593588832289494,0.014192385823324029,0.0052308989912582034,-0.057458214724357214,0.02617793070184666,-0.0135791503851645,-0.019105096942035313
ARHGEF15,0.031127745736678168,-0.0005884987254305199,0.04744278897531005,-0.0008456301969479672,-0.055481543729399264,0.036272355485056626,-0.01553918065750653,0.07745707597592097
NFE2L3,0.00470494200434591,-0.026353055206946686,-0.0009125883998149075,0.028300059306744285,-0.0031905615583859978,-0.05975661574805452,0.015827946606283,0.008885621046567958
SH2D3C,0.03772253343168154,-0.005910034451684202,0.03981175290025167,0.01760987776933709,-0.047389093754356355,0.018361194593655563,-0.007205703382750056,0.08159917015598085
PLEKHG1,0.029220064419038565,0.00246762744532935,0.04264205930403054,0.009148157087582463,-0.014164604640598854,0.02293291822677846,0.010359822614170427,-0.002365176679062917
PTK2B,0.05337285151536631,-0.030215975825528,-0.0025557754425442445,0.018579901547374898,0.02045586276757629,0.0030523865575661268,-0.03083014267482578,-0.016258512027768464
EHD3,0.017285919571018913,-0.03786208517432109,0.031975589303897434,-0.021137372873434118,0.01017069064626755,0.020907313345883357,0.03797197873261774,-0.014028181684095406
CHRNA5,-0.01812072838922137,-0.0022494246918531623,0.000277213389108673,0.04897974744666064,-0.0021606550630249664,0.005676757815627019,-0.02161685610267977,-0.007376734762134471
PRELP,0.005358409753711907,0.03487472430808112,0.034730114575906475,-0.04056215756987515,-0.007128272815710268,-0.007812770437045409,-0.0032066388813460633,-0.0296775051112831
RXRG,-0.003635122356811707,0.017195988175841854,0.014614055316796656,0.003741019073795691,-0.004467062629754701,0.017899319748361606,-0.013040995850822301,-0.018639328187853143
MEOX2,0.008015522602299086,-0.004774311801617261,0.0352655569811514,-0.025363998508227518,-0.018853983729215942,0.018906913426816656,0.04575673653622606,-0.021239516516122908
ANK3,-0.004828486323921576,-0.02620686564345497,0.04918885368223284,0.0022204478822787917,0.0019287629077009288,-0.028915487143574174,0.03260417960122807,-0.021203565022130076
SIX1,0.014770835368578806,0.04901469095054772,0.0186503078267813,0.011342572781944395,0.0024232685603567303,0.0005507241063847854,0.015249320600550786,-0.008878451418290335
POLE,-0.0384642527469077,-0.004751249719354138,0.003858039268189754,0.07134632553036026,0.017213918744236494,0.007238543657182617,0.018998854974589356,0.011188269481381094
RNF180,-0.01139941968695345,-0.004442573150919405,0.017361719970741544,0.00446034179935368,-0.015253376152263192,0.0036428182931714462,-0.0022824076542569283,-0.021907902660364766
ADRA1B,-0.013232609976566074,-0.00923964528023062,0.012775553550605495,0.016435878119341663,0.01662462283300941,-0.026213840268064583,-0.007282578901739655,0.03894226590764367
DES,0.015665393268769826,0.027853613338895078,0.013801869277731898,0.015144674026781673,-0.021379457003789674,0.003208116883758703,-0.01674378419349538,-0.018745683577868696
IL16,0.019396276377023243,0.035957734724888786,0.014667860324120905,0.025523775985478454,-0.02705889597583181,-0.03239031395459911,0.002932825515623954,-0.007634556965980744
DNAJB1,-0.01539010317936041,0.0020548664143727998,0.009810516355605446,0.014810664059141053,0.031701212356602185,-0.030849668294065394,0.012885267972002097,0.03697852245651903
CUBN,-0.0005065500320239704,0.010683493781094448,0.018762641062001404,0.004855699193091564,0.044461398799154506,-0.03451402806158393,0.03812998081127984,0.030234791513169757
EXTL1,-0.016344285374009702,0.010183460134622612,0.02920201130743735,0.014162718742664684,-0.01842935397620398,-0.014191288270855335,-0.03718124344516244,-0.015188851382385004
NRP2,0.006368476684790439,-0.03953271032010397,0.03438933174691884,-0.016056170730143468,0.030078380872408952,-0.01043714207103121,0.023498497182705403,-0.0038840534500165667
MCM2,-0.037884048239518985,-0.004945895411412938,0.008997806023464946,0.059744323127405664,0.03363652574974316,-0.005065041383574919,0.026283561010361327,0.01839793925889913
SDC1,0.009575859308536303,0.011545733760111128,0.013435860852997358,-0.0019611049598380424,0.0833277472934979,-0.0037579334294043816,-0.046594262368336074,0.01775356434836525
DYSF,0.00766823373565415,-0.011823888595588701,0.03729027970399809,0.005661672989371255,-0.003522656951948554,0.020360204738126893,0.030438421558065667,0.08079255627247281
ZDHHC14,-0.010301904541478217,-0.035118719984553015,0.03316521880874772,0.0006074603701855992,-0.012039842756458433,-0.017770261974105236,-0.01745584085160775,0.03364483104504337
FANCA,-0.034621594050610924,-0.013315980176106848,-0.0038656806416527195,0.06484978202209978,0.006426293766217334,0.02760617826780485,0.023240301857850698,-0.0012952342273027957
ELOVL4,-0.03595156206114,-0.004559001385488821,0.014262291169294034,0.030196634401172085,0.016513596607774732,0.004840952196706447,-0.013458801240696861,-0.005689009253812261
ZFP36,0.03545721825680222,-0.0018875732271676372,-0.007922659835398183,0.013184773184715896,-0.007258939541953177,0.019581724983791467,0.02383800438884583,0.01578142125407813
DTX3L,0.02774316669696316,-0.025624718255054836,0.018124932103778114,0.005467017582944754,0.013802609945093865,-0.04705585727785866,0.0490657509149069,-0.008444992483357866
CLK1,-0.003410576955051336,-0.01648217356604086,0.027062956634460903,0.005876163135780154,-0.01183701414500897,0.015470075479366999,0.028924329787400876,-0.004895330884006031
CLCN5,-0.01665034888843123,0.021211018056286234,0.017349941697738475,0.03758349809200506,0.019891218585803786,-0.018343362637468913,0.01461203352448854,0.014297568824172692
CLTCL1,-0.015166506333337871,0.019597772961191785,0.010636247228910212,0.05731547832398374,0.019745891588796305,-0.023581467597379564,-0.02237245898044951,0.0006267926976492033
RUNX1T1,-0.00648290367047461,0.038198756849539266,0.03213802556205489,0.027622401179724254,0.023013903919058047,-0.0005657884151168309,-0.026254300531179157,0.008665138836865963
GPR27,-0.018583844713860792,0.0048396088534685714,0.022445441419126105,-0.0007885353220699509,-0.011518279549021496,-0.02628616696359689,0.0024001919821850385,-0.031283819032978916
SPARC,-0.0003333618086375999,0.0070167540673841105,0.03944490297887195,-0.05603488506736707,0.005031621576595625,0.022362506450517457,-0.02324299851416906,-0.020623028763975794
ALDH1A2,0.02135059654764533,-0.006681684549291272,0.02087349282096979,0.03302331330767145,-0.011874197147832147,0.02487955898722454,-0.04156498852750192,0.008995311346232535
APOLD1,0.016964905217605263,-0.00577530903835053,0.041631395184417025,0.00946743140976493,-0.025968445763239242,0.06450541072287415,0.02985138508467371,0.039163165729061436
SLC25A27,-0.01681276547151607,-0.03317871890371058,0.033430786134890804,0.0078250517613124,-0.008291390170595268,-0.022093475240743593,0.003678059915845159,0.01715374833149433
PTPN13,-0.01744287022320777,-0.021815811824303213,0.05739977658986728,-0.007253660703401934,0.030058870011505576,-0.014933731719161448,0.02261582391788191,-0.0010223723034318813
MMRN1,0.02939386566226666,0.02325344722781959,0.02199814450417398,0.00231959371019498,-0.03574909335553024,0.033994273060679654,0.006668343781772203,0.047170109283329584
ITGA8,0.02044980417422165,0.025708324255537027,0.04322225981480074,-0.003598460359973098,-0.026830307343906703,0.02248798275757524,0.03674937462474334,-0.02239823391288255
CDH11,-0.020419011154812466,-0.013131574452454142,0.05504553431421026,-0.007980353003687084,0.04105912163041246,-0.01218829108854044,0.032184793373762,-0.003319379981963447
TK1,-0.025293895005032405,-0.019926131687294006,-0.02770123321813895,0.05033909636792734,0.026322482871940642,0.010792099489161112,-0.0068783788415605835,0.02860814583455309
EPHA5,-0.018141965637372783,-0.010634357716603426,0.032367680860936665,0.00048817767956085465,0.032939236133028606,-0.03966798161813201,0.017105461699206313,-0.003055981793596788
HTATIP2,0.024477605869488193,-0.03295438308120284,0.00022597369933693252,-0.004405638892769648,0.009703001228507542,-0.01846125786135394,0.040585599655393295,0.0013161462640543364
RAMP1,0.0058877310659415415,0.008168401564922762,0.012238556815289821,-0.0008248076900496143,-0.06547110709672502,0.02071029474875098,-0.03137786406139093,-0.023224316759965134
PBX1,-0.019214223838585596,-0.004031327604201502,0.03377248049983612,0.04200827362820253,-0.017832876982283065,0.0026493553610501975,-0.010034523096648516,-0.00043037434627875087
CIITA,0.05727148644948743,0.00032605075204704664,-0.0035991980310032218,0.02488825394659599,-0.01969529232528298,-0.04054670065284373,-0.0049907174762762125,-0.012509747564446463
MDGA1,-0.007351677367482259,0.010850634073194476,0.030128126311787295,0.024546798461069025,0.030098913733045917,-0.005014883831927031,0.0028578425049369965,0.02729704405790998
ABCC9,0.011943299555047662,0.02249141139819368,0.04577538578911355,0.013387259822498408,-0.039563345440744024,0.04372372149798207,0.02938785303879676,0.007028744912861873
SORBS1,0.0146007338857059,0.03516404808910738,0.045097653208875245,0.01956162682629711,-0.03648576402601958,0.0038802696485363713,0.005971134836533059,-0.021411932745111238
SMAD6,-0.021924724952474786,-0.043790324364304356,0.03363875710772521,-0.013672979457218518,-0.029763474375587996,0.014082067432105461,-0.011010669318855646,-0.008118076198894998
BACH2,-0.00031641383394434303,0.020430789083204254,0.02876017170888372,0.019649859700819856,0.02607868422091974,0.00722857698486177,0.012920615000869055,-0.044387812734458895
HSPB7,0.0054920071345091765,0.007129871345383592,0.010769482596021084,4.899014414395464e-05,-0.032891564019176256,0.04931667273960944,-0.006996070960686699,-0.04766166742163326
CTNND2,-0.021733156106406748,0.0015814752724152116,0.02477129955484161,0.03564245126760125,-0.005180392489277963,-0.018564284553244645,-0.02376892489773151,-0.023001714041536024
MAP2K6,-0.0363834685785837,-0.013882525648793565,0.02839842921559487,0.020443375024852595,-0.009482880201840318,-0.017096614233414707,-0.017305797309299178,-0.006663294784847753
CELSR2,-0.02145555537540283,-0.009513452131669521,0.023085905800293988,0.03562598469222332,-0.013562926602066792,-0.004119745429692563,0.015227399164604596,-0.047630657367440835
SCAND1,0.005737719343605246,-0.0033144936251088514,-0.015464454251615311,0.007408762683843162,-0.015301416206069101,-0.03126997446000908,-0.05415363345990475,0.037281981005597466
ICAM1,0.04231417911561089,-0.006288967182350803,-0.003023275115088344,0.03227866923739471,0.04243953155139569,0.016807397471570625,-0.021129095358008894,-0.013561639255135982
RALGPS2,-0.0018557944619893823,-0.003013770735537596,0.010841623495162232,0.016858819787904128,0.004787022894667237,0.029470824105783458,0.03035902388739816,-0.015731546788907876
C1QTNF7,0.01956245190531118,0.006514598712553668,0.03967043244813175,-0.018446539439067815,0.042427446411393115,0.00025989681417509444,-0.015735360082765562,-0.0055060147133034094
SLC39A8,0.03011127113774123,-0.015568950295584421,-2.7848981355077084e-05,0.021592458569472544,0.03987089262995087,0.033762895035546824,0.028463974284327807,-0.010352229806063264
HCLS1,0.0625378472011618,-0.013576830970899751,-0.003078490535540342,0.01861621386317648,0.0016702296670533774,-0.01787236502648174,-0.011371314887413213,0.011722585334354278
DDAH1,-0.0025747729564293328,0.015633804066404418,0.012813555045305191,0.020571383688022898,-0.00796174400952253,0.00631855349599347,0.04841244871752587,-0.037942907279860306
DENND1C,0.05609958241020739,-0.022993862806903586,-0.005692497246515195,0.021445754569634663,-0.002529505232765223,-0.01930299480989643,-0.025017187693476023,-0.019152197942504383
DGKI,0.010502349376550842,-0.014767345946582898,0.03493548532892912,-0.00011064688551349375,0.05765126766327995,0.0281692642906578,-0.02942970968716132,0.008426522564865525
KIFC1,-0.028789064636013578,-0.01515680511160579,-0.015409070186052913,0.0654657910044269,0.02823808109669109,-6.0165693364231526e-05,0.01246897984139731,0.03391309212640611
RASL10B,-0.01070112773949859,-0.004254940368737618,0.00284492837666568,0.039650015410731286,0.007492297415743932,-0.0010366251662768163,-0.03792553573326374,-0.015189793251383596
CLIC5,0.018318647406894022,-0.028595360324922804,0.03060430320396044,0.019471362041412255,-0.043145153736838804,-0.004443976205636892,0.02030725864191087,-0.010739629854139277
HMCN1,0.0111832783278293,0.04432517323498777,0.040631752337456264,0.01878952087884765,0.013594806646946836,0.024512554126848374,0.021715661199985074,-0.028576360423071843
CSTB,0.03118387577997476,-0.04054664324408869,-0.01090543287305795,-0.008740449181897054,0.05108948532047773,0.03637507910354941,-0.0540525664688479,-0.020339876551695068
TBC1D16,-0.017162796189101305,0.005724861915611967,0.03516060448224146,0.03343137641373519,0.019793671799576588,-0.03706854220761734,-0.029349929436466107,0.017879905535588755
SATB1,0.004458944550261777,-0.005489147689532232,0.012568233128592739,0.04768801764375479,0.007156676179743999,0.01455733037449818,0.006626809437221288,-0.027748784792583938
FGD5,0.029989309046372217,0.00402018286617058,0.05305611032704055,0.000609114631396655,-0.02971061114164082,0.006388191621651746,0.01282088005584926,0.061989111589341075
MLLT11,0.0023732885154371833,0.007836572822612745,-0.011665867973387319,0.029462972012426654,0.01768022826764793,0.008360763060793303,0.025557313947732817,-0.02883135780740988
SCUBE2,0.009804775577092178,0.0392170888102921,0.037279107676792336,-0.015636220133344366,-0.01398371280300649,-0.01656783346480859,-0.02532860267138348,-0.020231509542637742
MANEAL,-0.013704945147129333,0.012944522690380579,0.005907853475940635,0.027914627861965892,-0.02369213233914841,-0.017517571742460394,-0.020295471482642737,-0.02025931333302402
ARHGAP18,0.028086859449103278,-0.03377750150172036,0.029488490198934042,0.017072661846353046,0.040030758281139105,0.04237757921086267,0.0016283509443247024,-0.0034055218213703414
FADS1,-0.02196087193295937,-0.013113857323857822,-0.017153539055444884,0.03988168903928111,0.00782845056719291,0.03903084298307082,0.023638908940828048,-0.03318126600619424
MYO10,-0.02226579375555348,-0.02555125265175405,0.0444171392316014,0.004276340307257961,0.02098654687757238,0.023735943179141114,0.03275978362456439,-0.006965167120290973
MATN4,-0.026380101904186857,0.019431454122011697,0.02184595429141742,0.026442765135786646,0.008608815608985253,-0.018044271567236765,-0.05891637184988566,0.004902911832723162
ABCC3,0.04899453667887027,-0.015907343897840126,0.00561289333238022,0.013258756664193242,0.01904651312058855,-0.027484448934017032,-0.015420307951634082,-0.025746161384889592
ANGPT2,0.0034105908198462966,0.0033796726121081274,0.010175658920956959,0.01209991219667497,-0.03211452050018883,0.035204695522681614,0.02235234366102581,0.044669818172705184
DMPK,-0.006024697424667137,0.0006721583097282482,0.03889332169036573,-0.005534340044421201,-0.03037203570582148,-0.01918646458707616,-0.013512714001131259,-0.015117419679461865
CRIP1,0.017651684966651218,0.01126108440852132,-0.0033810460135070036,-0.017451050069516288,-0.027015795426604206,0.013230805302490734,-0.002338612519852133,-0.008545187510247684
PLA2R1,0.009397782737959815,-0.012313589039557005,0.05116660461946901,-0.033092265092168435,0.03059635095837481,-0.013723196681775759,0.015370866640831421,0.001598560114243655
SUSD1,0.022074985837409303,-0.04684349313750463,0.020926126480919075,0.0021311478304551746,-0.014020302750635542,0.005311042058419408,0.02156372943310394,-0.023137246546982376
DPEP1,-0.016578711628947397,-0.005793900094787961,0.021971360000206615,0.01971780701927229,-0.0020616420002945827,0.005268086351977507,-0.051245151808768694,0.0009346767553770514
DTL,-0.033959548755456766,-0.004830744111575571,0.004278258437068316,0.07242371428371999,0.0153165967436688,0.008734417885644701,0.03587022811841472,0.01663760097158078
PER1,-0.011379522756269259,0.015705829999430886,0.014772087333966786,0.0026437676684113983,-0.01367527021057905,-0.022919245661851294,-0.0006123047450226362,0.002886742158111257
RCN1,-0.0007057993207370446,0.041522630348927524,0.0019599652324032886,-0.008232543216777929,-0.008356988793466979,0.031055768435977345,-0.022238230471420487,-0.01945304377227493
NOTUM,-0.02815655994978302,-0.027485442512732054,0.015656236463425132,0.005384471125233539,0.005331829198091587,-0.011576091362441608,-0.022700910186029488,-0.021435449258176018
CDCA8,-0.033841167884297974,-0.00729383095058604,-0.014086947686470301,0.0737894792226309,0.03311233697142451,0.004260660645293691,0.016872375621810307,0.021831765762074705
DDN,-0.0315881376807375,-0.004383926282396088,0.006026925310400558,0.02883937658014224,0.017458591491057444,-0.004746000604220955,-0.013562902004472396,-0.02253925739091317
GPRC5B,0.01791626691415382,0.027013963921965638,0.03565546951403509,0.023260921388232932,-0.03927899289986556,0.03512065546245291,0.007677323564877265,0.010282952792842128
DEPDC1B,-0.01705352139454392,-0.017117801789268722,-0.021457376168803232,0.07828485739312398,0.01009856975013372,0.02100137169541042,0.04054129710147738,0.006991928563029701
PLK4,-0.025791182285089278,-0.0024141211951245697,-0.0065961910656821875,0.07647614556604358,0.025880904227031484,0.024676151534311005,0.048202563560265664,0.009765963487827278
MFAP3L,-0.01140691327386631,-0.03722309744289097,0.030032301729990062,0.0008918776545680466,-0.012373749726224402,0.02578598336705795,0.009666385925490273,-0.03697973011483273
SLC6A9,-0.02299453057366406,0.009131531077209019,0.031047571974120156,0.0019120991695337688,0.011323860005124203,-0.023188793658321324,-0.027175518431648643,0.01607465945347261
PKP1,-0.009929989021079888,0.01875959345983828,0.026495651879925787,0.0024162081273606016,0.015717382305913255,0.002794561241922992,0.0071621814986647225,0.04971374886400586
NAP1L5,-0.011753193917278809,0.004899681805897851,0.0076507545312404675,0.027215536049389984,0.01253343748355879,-0.008828021198285112,-0.006925283937445719,9.984437605549401e-05
FZD10,-0.0027768216973270347,-0.007582388092072864,0.04798676748978546,0.016824714564485872,-0.012827175575309071,-0.003563450950135282,-0.0031565159419496367,0.013919085325526574
CNTFR,-0.01934113077423097,0.035765488038821264,0.021834277837564326,0.03381371278437856,-0.028144231549457478,-0.01690470533636252,-0.015498439863312658,-0.026082605361003205
ID4,-0.015789093135404154,0.016219804345769504,0.030031931219598584,0.0003806732162451678,-0.004589569793740537,-0.003110760998627481,0.001350720267883804,-0.0004868271547527189
CORO6,-0.005121687726006136,-0.01718268881231235,0.015422625905654715,-0.005372591659066426,-0.03257484843394125,0.007711930569486531,0.0028917987938811866,-0.007709254748032777
BLNK,0.052287202189788815,-0.013684020616133935,0.003413239074026644,0.025722905362362596,-0.0019294347473049513,-0.0320645332305538,-0.0035307699442729936,-0.03991575117884836
SLC12A7,0.000893644806979896,-0.037121205651566666,0.033880767910572436,-0.006449099193969257,0.03579115264475898,0.0015552926280102321,-0.0055086289907470415,-0.0009619692402619943
KIF6,-0.022597204186748897,-0.02112779289409844,0.02891675638559515,-0.0048000554482462736,-0.013038119396238643,-0.03102687168908405,-0.01159203468713289,0.035235905197884734
CDK6,0.00657249056599119,0.02531510477427356,0.020851713421116726,0.0036299948818390632,0.05040535997266905,-0.02229829627143544,0.05900235180921521,0.012347942296220354
NPTXR,-0.010485824563914904,-0.0023917911888951906,0.034948618894957935,0.006839785165327373,0.02377990380093588,-0.0324212850185364,-0.02456335052914656,0.0026059360753157394
COL23A1,-0.017073313948009143,0.012390791665461708,0.02620482039450607,0.016893785032388007,0.005881739242365257,-0.02619265535363241,-0.03992837943512753,0.0005358350056970194
RGMA,0.0137484956207865,0.04430233832902587,0.024104490194593556,0.017160739073783154,-0.015801265572424665,-0.02274295951626827,-0.0036008739449516075,-0.0057268690499464835
GALM,0.019549084369526935,-0.040096313266752184,0.006810398119176243,0.0009650239253589545,0.04599579870424947,-0.0021059869486383578,-0.02138273778615856,0.013253060198391616
HSD11B2,-0.016133073053400976,-0.019981273911651925,0.03646085297130159,0.009900442838055159,-0.012302135791475016,0.003916014631830323,-0.010920951854936356,0.03723018820747456
NXPH4,-0.03362669416696285,0.00612158206719307,0.010023950314057858,0.035937046033724766,0.007874347715661381,-0.028742338088433614,-0.015525971070992036,-0.016556469750973236
COL4A2,0.03016809629329129,0.020979261321955652,0.046019383979374794,0.01406340264446422,-0.010374084781990648,0.045265993795271395,0.01743753100975152,0.06764750805505554
KDR,0.02976384098351047,-0.003221382035810519,0.04936862472843974,0.015267899545677376,-0.03259429697779634,0.05737240626654102,0.026094772626730663,0.060784663655775444
SYNGR1,-0.026278935757880473,-0.005310286476530703,0.010077595013294137,0.03189376855751261,0.006588874275513072,-0.05611143403862741,-0.03752527758824995,0.0031242780188035085
HOXB13,-0.023787865798487642,-0.019055772575845925,0.024790269694923667,0.0027899559811452364,-0.007034805505529547,-0.04838879533471572,0.010135169845164275,0.024427609217134896
HMGB2,-0.022144724570835526,0.005162612735192819,-0.01699885092893364,0.07403066291631766,0.007322741827067417,2.8905584119737898e-05,0.020432238778648117,0.004753730875907311
DUSP9,-0.0272838707157658,0.013830020595903266,0.011733895063326925,0.040951313190050416,-0.008730492539067,-0.039456248512474486,-0.053793323999399636,0.01420378846312782
CD34,0.031138711265600416,-0.004063079560961677,0.04672805361878856,0.012661046569892025,-0.044463607310268646,0.037827198562700656,0.0025447147853893907,0.08591654710253292
CRLF1,0.006539847993229703,0.017512706904275897,0.020975132699215665,-0.019915673393214227,-0.006387304204563699,0.004480488847152223,0.01066465995822149,-0.04109011037400281
TIMP3,0.005448229859727764,0.003580797885780015,0.03905868505488923,-0.0067263231218946,0.0301984967359588,-0.04627610100946009,0.032576256537806485,0.015517287750139446
TSPAN6,0.009819800652562393,-0.022222352301903007,0.01619703491185309,-0.00814620044976557,0.025090238647082114,-0.0006916210036103012,0.03310577462231264,-0.011645324051559937
CBX6,-0.012712775018111225,0.001416252337555884,0.04725028725492974,0.013262881657429098,0.008977424052595377,-0.05341320420307741,0.03531322585453607,-0.0019019295632125392
EXPH5,0.02599110965838921,-0.013626619168016205,0.025818221965525235,0.011259435034115842,-0.02084714007067655,0.02708501607122976,0.010141974323283013,-0.06896075425397531
SLC16A6,0.03021199406259608,-0.04005861582094988,-0.003932194611745862,0.02676357870324593,0.03217307665443411,0.04708893473379412,-0.0048233439698168006,-0.017069706401424727
IGF2R,-0.01705964038019973,-0.016631048294891787,0.03048709594870125,0.03591638905448381,0.03375211007891256,-0.018401839490316808,0.0037738000995805234,0.012422624610199426
SLC4A8,-0.016175686977266897,-0.0105355106460404,0.020784950035941895,0.05443297579649395,-0.023107170939515326,0.024741679594421213,0.004092924255425814,-0.031297833407517635
DENND2D,0.047319740879823366,-0.013143935052889015,-0.006324927173691122,0.039353777281025376,-0.017630024713132415,-0.034253780339128174,-0.024002938125655723,-0.020597730681378226
ALS2CL,0.021887598808153056,0.0036852676860977826,0.03983044059462414,-0.01346445708301972,-0.026428676195146935,0.020546800620582603,-0.032042700147671854,0.01775804430662901
SGCG,-0.022093960872036435,-0.0004839809291441842,0.027772569179571775,0.013800891479996512,-0.0027058764303557366,-0.015747400055214487,-0.027609605778767282,-0.004857505456096235
RPS6KA2,0.03102253295386985,0.02027587372946875,0.03492183017994871,0.005344750247147208,-0.01805077837245679,0.03450073861157617,0.00408122893927479,0.03240828826690194
KIF14,-0.03533915413289953,-0.012638517259917338,0.006212508183292716,0.06821893553738302,0.03169019194102164,0.020968434006436408,0.04967000910851417,0.007511710716669071
ABCG1,0.04822318191770963,-0.008707596941642203,0.003981746188457374,0.04364940984006602,-0.033515870775174095,0.007031155857847609,0.012501096069633903,0.01996052737171676
RAD51AP1,-0.026321718407519224,0.001730140387392531,-0.006389799113375618,0.08085493253061017,0.015445242495206225,0.03042913024677079,0.013828905507862348,0.005912521926069575
KCNMB1,0.041004374342402075,0.019220483243058934,0.014139593691701946,0.009273251605337407,-0.013246391780438172,0.007475146962835494,0.0031551253589245185,0.01744400153977791
DUSP5,0.029160902616414585,-0.026784120913348048,-0.010785405788757696,0.02940133718265584,0.00036059794616730796,0.037227812443245634,0.014491164694536485,0.0301169923868557
GPR176,-0.014713702754154376,-0.0013921993361914117,0.025971528436889643,-0.012460388833484614,0.038726254793298734,-0.006908820913123394,0.009246499234321274,0.0060880507250483055
RBMS3,0.022574033845476908,-0.014900524571490773,0.04238887517531617,-0.014750114002131467,-0.004372645387508272,-0.013635546471157566,0.02055605763501336,-0.0017823963778278457
IRF5,0.0547416976293308,-0.030066225514783978,-0.004534417848389964,0.020887793193847246,-0.005456800543273563,-0.03423362549161337,-0.013334232280276902,-0.0004900460652361698
HBEGF,0.012215758778161905,-0.0284964808964436,0.0014020257870792801,0.010223769424249367,0.012957942200084987,0.022849447306350478,0.035548853883713934,0.03480965626679575
KLHL3,0.01919781710856106,0.0055132745851389515,0.021325006172443903,0.040592462572594704,-0.0065487867589136915,0.00814281546337222,0.01090948199897765,0.020358516268106263
CEP72,-0.028924304075372734,-0.009144795147021373,-0.0010434824394916565,0.0602476866061455,0.014253837314325526,-0.002904827152760047,0.001887259647799473,0.011643446927263799
GPR153,-0.03280091300810861,0.025177984386737167,0.014796856342458121,0.03264755465899145,0.0022239599236868603,-0.002961310018161063,-0.0343015779503147,-0.012497299891777433
CCNA2,-0.028689977599047147,-0.0009916786548072529,-0.013590449418512313,0.07712144732900054,0.025770870962226473,0.028311192675370467,0.03178862373952548,0.008385027415158952
KIF22,-0.030889556205073974,-0.009079829780190294,-0.011559277889669524,0.0678248843620504,0.023911349865777753,-0.003760326121897655,0.005092895571277119,0.034250404311391716
GPR162,-0.009554308974977315,-0.005796800623698986,0.023798729495057756,0.0372637948028428,-0.010860953376215456,-0.018765084123974023,-0.03286928817809755,0.011096221261004695
HORMAD1,-0.017614644494694475,0.0007859066517932015,-0.0026884275607382325,0.03548767279605707,0.01758655321169523,-0.006506573159355899,-0.0078819325351287,0.006500351145168308
TFPI2,0.0052776841769223886,-0.014618721597278376,0.010427669605057838,-0.014550576560128944,0.032238416292549324,0.009941147394974221,0.015960649910025083,-0.013358837994791293
FSTL1,0.008333931444130643,0.016426728709776496,0.050166630155660856,-0.022766013998514186,0.023054176518201006,-0.00915352800153054,0.006679741024328518,-0.006310880406983935
CENPA,-0.033428447431284286,-0.01959425841754126,-0.017936622118909645,0.06739318539582272,0.02334081586585276,0.024529869783817264,0.0063907053423883035,0.020390857486899033
GJA5,0.027443776577189355,-0.017257783548806405,0.04283062235063008,-0.014333874486212638,-0.007820613829392399,-0.01258180638599487,0.0010320378476231934,0.08200057757884166
NT5M,-0.021980256245070752,0.02214540264364242,0.0006060145774742461,0.024464223651728508,0.011447356144112554,-0.04412920819100444,-0.04152220535725935,0.018398551268080047
GIMAP2,0.04932577061775071,-0.025733451549292595,-0.004066931541409545,0.022738946379040115,0.0006177332864097853,0.0006458908254258992,0.00187514980176119,-0.030348868006101867
RGS17,0.0005759112774622222,0.046324696633347,0.009574518658861247,0.039496469557877445,0.007173907436449793,0.013708465603585355,0.0010478097069760107,-0.0127827678484711
EDA,-0.00014249027821582614,0.015521132743606182,0.03584403699295893,0.007480322736418205,-0.04035749007065061,0.001347280192941929,-0.0031230736887100045,-0.03986162302628524
CACNA2D2,-0.021237247358660935,0.005236448718596246,0.036072613599755644,0.012518647571426154,-0.004564029425606588,-0.02078847532887063,-0.010554075923876048,-0.014324860805028332
PRTFDC1,-0.005372415063439813,0.004076439629231171,0.024481331505748345,0.0038421012657427795,-0.0057800415092587685,-0.002885714642223306,0.05218678843656148,-0.029738286693242504
CA11,0.017745916799338377,0.017722021262525225,0.025089351595444745,-0.001707737534443361,-0.02282715944517948,-0.01370185993111988,-0.03193585592790713,-0.0254309512412842
CCNF,-0.023624658259991844,-0.035566288572176884,0.0030073196844902887,0.05562337640412725,0.04376542214455272,0.03282664193359351,-0.015824929975446187,-0.007669859000349751
TXNIP,0.035839671254925265,-0.02088814280593152,0.030415265734731113,-0.006933765193119079,0.0036363587121968546,-0.03763890061025691,0.003714958615434586,0.001706279671193924
PLD1,0.0003176366818170226,-0.013954274433481795,0.04311312739340311,-0.01710324874646655,0.050180699261787386,-0.013749244530927606,0.02400603175291363,0.007951904554477586
ACSL5,0.05943827821011479,-0.014695309285235221,0.010464624527547851,0.009863971503012717,-0.010131867124117873,-0.001964763111406585,-0.004371739583532763,0.025770724503716307
WNT2B,0.019627922665853975,-0.03193293728114733,0.027739718193023052,-0.02121159765591224,0.03801433006923762,0.007863670266662513,0.008638228686545922,-0.0008104998665559864
BRSK1,-0.007110902119570003,0.015623229448387342,0.024035639332383257,-0.0110289885308294,-0.0022944138520963895,-0.03134584521328593,-0.011273815557848836,-0.024894557372869084
ENOSF1,-0.025856551972911774,0.017213389816986086,0.008110876387333366,0.0468419180411979,-0.004968173001925679,0.0209210230806805,0.011702761976474171,-0.022082518879565947
CALCR,0.013821044777086254,-0.04023755515133317,0.02394452077219236,-0.004747188661113616,0.018577625687586106,0.02630111110140617,-0.06873459858828639,-0.04032735751531121
SLC6A6,0.039697277989362775,-0.014856545612701378,0.019012069094155707,-0.0038646622897448423,0.04070523720165609,0.010191159716040852,0.031686667078279045,-0.004079200906079985
CREG1,0.04126489092909057,-0.010387505429478142,-0.017003978185206242,0.03715909159778175,-0.0010003709278951418,-0.03022569070962752,0.00229386882716819,-0.0001979402865862432
ADAM28,0.04998557501141987,-0.017669094770622115,0.0021887456489867777,0.016634832333386747,-0.0026258144252536897,-0.02096725311321046,-0.006186984471207727,-0.03247193645663779
PTPRK,0.019009614015869748,0.004928634403984286,0.04568594236347551,0.006914454316306796,-0.014358758840122492,0.008995814899573672,0.060567308768028426,0.005660865427280156
LRRC1,-0.032970081687225046,-0.021911047467510377,0.019610210643505196,0.024917286831924033,-0.005570203616340145,0.0030705934720402055,-0.004921031311751216,-0.024141077207142547
SCUBE3,0.0009282038724003853,-0.019925234729014512,0.04904005014788904,-0.012210980537726205,-0.0017605308872453377,-0.00956257067981174,0.011101781236281529,-0.026879823136779467
MFNG,0.060710983026039625,-0.003271109802387733,0.010466761339932601,0.020859050585959233,-0.030215297182330215,-0.01433735138593557,-0.02567779657314183,0.017348463255008873
GPR4,0.023101515431014012,0.0002652812009745686,0.03549016567360009,0.02175339725290442,-0.04124166547400371,0.07077018589458783,0.0008543387482079054,0.05117321048652476
DACH1,0.011750036835846498,0.017151274639790572,0.030760807296972902,0.03505747809595289,-0.05442732698512441,0.05195872182393288,0.011005420956126555,0.0012365290852602876
SAMHD1,0.04326616388196195,-0.022149083823772592,-0.012261742021647315,0.046987285106183704,0.00736385470775561,-0.02512872309736052,-0.000660696087172466,0.020760503060249895
DPYSL3,0.020953508186004596,0.03381267222363057,0.02813412391189726,-0.015973305666321894,0.03513326411822741,0.007485097376433204,0.03035684013816177,-0.02842511244696232
RAB27B,-0.028278214931930543,-0.002707338765114429,0.024180496662131103,0.00907349163427108,0.0394806470924249,-0.0249753155215405,0.003307107437723582,0.008308087383161994
SLC2A12,-0.009472032663089708,-0.00520623841664691,0.03455582479479701,-0.009448371267307559,0.018963648054101348,-0.044042113547072534,-0.006048604632937524,-0.0015756923718600853
MX2,0.03471990916228231,-0.015363896413386908,-0.0010165568731655122,0.01645322379548839,0.003174046544071412,-0.03962391869047688,0.027122026366177474,0.001823348946342274
HTRA1,0.008812491261393517,0.03493172783612229,0.020863295456078765,-0.03782164333395177,0.05574926284520335,-0.011618895421516496,-0.021575349272988213,0.0046559731273973625
P4HA3,0.016723521066891886,0.046567142526565034,0.018074734028000295,-0.01317206625030879,0.04240272444793942,-0.009029547913157384,-0.013410971632649517,0.003731741292249933
RHOB,0.02162715239234967,0.01423169335013252,0.010319675406181042,0.008588568408989705,-0.016352429488481042,0.046040252706340115,0.02545789641898722,-0.024193302428587492
FOXP1,0.03467170766416818,0.043446671201017195,0.015363983563053081,-0.00031573083926796216,0.019411661672174188,0.015727401124444155,0.01444678593645596,-0.010607949358084665
PTPRJ,0.04616675035658307,-0.035576438870809995,0.008725288153693693,0.009886536176219637,0.022611293141702925,0.002516423567429496,-0.011288919141143921,-0.0022927549645975487
ATP6AP1,0.01963251306668093,-0.05288562048278029,0.008359415107295754,-0.001967937764733453,0.05417430641889706,0.015354148657250268,-0.033635870266236295,0.0031503312595782956
TINAGL1,0.034745086304587856,0.010927445514696653,0.015772263177459448,0.015889124725185333,-0.05786471290572539,0.02992908750130046,-0.008818549598500387,0.03213201317458498
ATP8B4,0.03789330536425617,-0.02595585592536187,0.024649556354982418,-0.016433361974852238,0.00910583077339197,-0.026905618711744593,0.04420851626083969,-0.00462203330754463
ATP1B1,0.012640777297832787,-0.025230444124003142,0.004520877880674656,0.0173704093022468,0.023468518086546163,0.0030402593605118045,0.015649841442149183,-0.009293833085540833
SLC2A13,-0.002180899122777367,0.022662199768849912,0.0269786616625929,0.022004668033028224,-0.0033262811953068136,0.03489626487949156,0.01849797506381527,-0.04523368142254552
CPM,0.042645771362694165,0.010453295462733114,-0.012216194416284316,0.03663431633037957,0.0017975319416520946,-0.00046468284014063513,-0.00010443209054160699,0.006347840370674833
SPSB1,0.03358156166796371,0.03695972770763732,0.016958587695749865,-0.004569662517760094,0.028718111898378168,-0.005090702309826347,0.0004059460981946589,0.000848039536054176
TXLNB,0.03200132303746077,-0.022229698468008527,0.011682711790436492,0.011999783729059167,-0.002179421240421138,-0.0018936701020187442,0.00024079541274843659,-0.008668428807277601
MMP1,0.009626760881287113,-0.02971300111551537,0.014909959549277613,-0.002126152850863236,0.051963042910154425,0.05177309236409979,0.0065350742187352245,0.0010931887319114188
PER2,0.002776820258949875,0.0247321868572468,0.05119857534115101,-0.006525979204313946,-0.007519797193779745,-0.00600710168556478,0.010542362800484987,-0.018249385612887185
ST6GALNAC3,-0.016306307912376083,-0.013812689962681503,0.024042576775292594,0.052938695428038585,-0.0021032374555218164,0.005951294688467647,-0.02204967040437194,0.02332594491365131
ARMCX1,0.009815433740407851,0.03453880376637582,0.02650106297998825,0.0015600201609231794,0.0032743572629616,0.0013672026043147108,0.009746161139693569,-0.014584418862710894
ACVR2B,-0.0031487072220826215,-0.02366653603507498,0.02850475014729735,0.04897016227445855,-0.022816273951811572,0.005170395197714601,0.024690857010594765,0.008274437832016653
NBL1,0.013589934266856346,0.0069191283737521075,0.020433404499291312,-0.03710551766003668,0.0238756906943737,-0.019901939521856805,-0.002777782509898934,0.012792384432710205
TMEM97,-0.036900289706007616,-0.013213833029664031,0.009591065106990135,0.023984550438782178,0.01397511915886588,0.008949300455018017,-0.00878448946524442,0.00700404704521292
DPF1,-0.02522707342265216,0.02001212567205534,0.00493033113857402,0.03978224930539574,0.01651401943601615,-0.047583633946961364,0.0003977221826157021,0.022860574526554787
SFMBT2,0.03346186241766361,-0.010150212137372302,0.0452309231556678,0.02189405506439205,-0.03729010541581421,-0.02745446232068345,0.006824134643926769,0.004676512312713187
RASL11A,0.02566226869070521,0.02415179542734209,0.012822293338544993,0.007970937931608675,-0.007789206695810676,0.01582171245374285,0.004730124345813001,-0.011315861675043462
HS6ST2,-0.01749063222046649,0.02523378683614734,0.013808851218574976,0.03580264128709368,-0.00039899216508019575,-0.011125588699496002,0.003420844937601568,-0.01285861265015152
KCNF1,-0.00657448317829199,-0.0018516845296545619,0.018619052107764232,0.031179986143187816,-0.02861422535466452,0.023158407910162816,-0.021857616474840226,0.02110103325696296
TRAM1L1,-0.012677559296453984,-0.013062909848506922,0.017085311006458145,0.00021092646959736637,0.016778434193269454,-0.03202941614261766,0.03266088374536949,-0.03151692725193006
PLK2,0.014890249504579693,0.011583934086255021,0.02592091287267002,0.03629510797782617,-0.02101534054141237,0.029994993784110052,0.014338742223204592,0.04099781112423493
NRN1,-0.01892236703997951,0.016912807562452538,0.01690504393175991,0.025756456488164693,0.0208561238740382,0.009545321336422429,-0.02967686092503518,-0.032865978394759486
DNMT3B,-0.034840689463430004,-0.0011798860865306635,0.016251010794537935,0.062055460105730056,0.014850737156750872,0.0007887973848348939,0.0013655463068678623,0.029541038272091535
EFEMP2,0.005606551578637848,0.024092345747453947,0.026026361316709944,-0.016137058508163396,0.0052206056400816055,0.0003781515903305047,-0.03524706511140192,-0.0319064829711422
RCSD1,0.04371699354389424,-0.013286991153461035,0.019618125808405537,0.03696856191865583,-0.031126875930708623,-0.024535023391721346,0.002638903597106272,0.055438691064898765
LRP8,-0.013218221071755031,-0.020045795904035206,-0.002095983618985323,0.013974304729652389,0.02855201450030756,-0.007879877267836986,0.06443960077227186,-0.010138796302413555
NXPH3,0.01866308278402332,-0.012631644293737577,0.027142382019316534,-0.013116599804381459,0.027695619397014558,-0.0016440585249727366,0.023682516796744185,-0.0068110063211707424
P4HA2,-0.015058492450901196,-0.006434698234227513,0.009523418057017565,0.009502512996338898,0.03234741063225896,0.038323238063042414,-0.010246461752625582,-0.031373554146912404
ANK2,-0.020837340574697324,0.010034765658844726,0.04215242982819731,0.010149306956176756,-0.008997759883865052,0.006353126225857068,0.03907194233255124,-0.05043608123493595
RAD51,-0.02430117650315006,-0.007080812386275375,-0.028175027568824212,0.06527700336336065,0.02761779339482034,0.02654171244662092,0.018277840163034804,0.006867644153088007
PLXNC1,0.045576313178206485,0.023301226432165843,0.0039435575237459775,0.034480426579364155,0.028072016670569834,-0.027598136370248383,0.016005266014024827,-0.02906520315748895
SALL1,-0.02882770947264595,-0.03815043341171097,0.02325230497167839,0.004045350558659404,0.002829822101421817,-0.0170514370303727,0.031869309862073786,-0.03246550752795999
SCRN2,0.0014984162004115726,-0.009894806751369889,0.010082406375943858,-0.015078433475978707,-0.00979922114404776,-0.022794892333348093,0.029768315799103176,-0.04207829363262841
UCP2,0.05001603839231112,-0.018792652899291305,-0.02084279745999911,0.03899837990789559,-0.019637141131608592,-0.004127047404233461,0.0005352880583278496,-0.019215664289567724
HMGB3,-0.021507512841204876,0.012995693483752672,0.0005458556864873151,0.06723836221762361,0.009047503770980226,0.008146711707905901,-0.014631893535014935,0.00993708144961464
EMX2,0.0019548941848718344,0.04857625478346439,0.002899252218848202,0.018626330364449134,0.0037735834816604113,0.004524905744084754,-0.034980138542812386,0.005488928559758573
CD6,0.04276716660374888,-0.01169864792891921,-0.0003758942626000863,0.03868766229062682,-0.01220621702343376,-0.04373325292474398,-0.008483728877245383,0.005475807022901007
DENND2A,0.014150994156795951,0.015027063826859921,0.01952228517443138,-0.007887927244219356,-0.03767130049562828,0.025596257117613652,0.03967257810116764,-0.023397543774706223
RECK,0.00488965585403576,0.03346090731901931,0.05119898270335601,0.0020085081145427824,0.013102808904590828,-0.02715046862531998,0.04332396004167124,0.0010086520785985193
ABCC1,-0.010815317959388044,-0.012065970475051252,0.019870027853287023,0.029555784355248745,0.0153157072162642,-0.036783019678298216,0.021081519109679772,0.016983906512215378
BCL3,0.04224690723595927,0.016946315409140777,-0.00910058870031465,0.02101828580912554,0.02092316344153595,0.021251304546737453,-0.0017566061686639742,0.006739758479447057
CD109,0.014094346601652798,0.01852162901327173,0.02132769423211583,-0.02213493172332572,0.06435542060513567,0.03450324987433055,0.0007489994950372033,-0.048137476655768584
TMEM71,0.024847527402423117,0.006904056490946231,0.004432270218798782,0.033838233114539006,0.024835319624271036,-0.02915818675286959,0.011004760269369751,-0.002458265460637536
SDF2L1,0.0104168053304726,-0.03187553828827682,-0.019294291309920795,0.015307473009966271,0.0028439443554247826,-0.011108357436952022,-0.01971496420065065,0.020176922688459456
INSR,-0.006553520528879946,-0.0032726831484382085,0.03985116750865211,0.012392447607275148,-0.02295156853436066,0.0016306671315436012,-0.0103748416638141,0.06379467794165668
MYO5C,-0.008772690766110666,0.01400592275071712,0.014270501449552725,0.0344411955081061,-0.021374559733459694,-0.003918635645731038,0.014229309647056019,-0.026935686840125025
SLC9A5,-0.027367312588222135,-0.0011699984758344417,0.021941491175080013,0.007911303831194103,0.000836421747202625,-0.01482128407029314,-0.02723845669464368,0.014738637717797785
KIAA1671,0.007496302940932525,0.0019730221368755084,0.055762525964246204,-0.013372379072308292,-0.03440290285534365,0.007120266199986593,0.02562170399031397,-0.011099417250967107
ATF5,-0.01375632023798969,0.0066861504341150044,0.013283080328343563,0.02177906402304733,0.007688369638347788,-0.047545770510342145,-0.01199801787001641,0.03827546658288292
NEO1,-0.0313606075010984,-0.009395973540659061,0.04628198924124182,0.01479840004648011,0.011788689252733176,-0.02870923516377547,0.012133751695945593,-0.02006615891044649
BDKRB2,0.03572099567668418,0.028811792834859726,0.022161238888688997,0.0025107331525317236,0.030099439931041937,0.026463110346275603,0.010273518201434195,0.01289254580820344
ATP10A,0.01672650296832303,0.018935102579961307,0.016915363345278517,-0.022125187119335612,0.020283900613167632,-0.01923978688913139,0.027239809482153262,-0.00470229048621483
PITPNC1,0.03619250113184507,0.021496035076995434,0.009909773001769555,0.026714774730996024,-0.014023828225288203,0.026034894751916674,-0.007931590397775166,0.002967063165772271
GJC1,-0.0010707339645046232,0.02942704211219645,0.026545320710446588,0.048010729371504524,0.015277729112067893,0.03160790050484705,-0.02212879812367733,0.019563729343929692
SSBP2,0.005036429931975306,0.015370590652583269,0.009375501202059017,0.02627896015504802,-0.011610687421949853,-0.017389989283762446,0.0137230111664955,-0.010083692391480957
KCNN3,0.0015678906429441133,0.0018830855954920138,0.0641145799389757,-0.008470698182726982,-0.017247330860204087,-0.011678523097068927,0.016190190310741925,0.030065056431341792
SPAG5,-0.03657778973032681,-0.003323832700900077,-0.01747827777055716,0.06686855320624108,0.03157479267992923,0.014211068485574069,0.026384749219726774,0.007666371962803637
KITLG,0.02394883792432589,0.01732921505606356,0.04224723871738749,0.0200498265645908,0.0036097891612359434,0.031062783185945707,0.04977591260794113,0.03612575044224819
WNK4,-0.03059221673398243,-0.007639170111333021,0.04064919415235675,0.021363748611282037,-0.02160923663657707,-0.02230724843956306,-0.022400577601773587,-0.012149498765508424
SAMD4A,9.437880149926214e-05,0.03189972455688333,0.028987242440521935,-0.003746786209605791,-0.022528898424254373,0.007930596855108827,0.04299816945366704,-0.034567412101862656
PHKA2,-0.011296820276085466,-0.008187179571714848,0.03710933628641308,0.004309877234748863,0.026101357944583885,-0.05536964731158691,0.017261350855456548,0.02403969505085958
TLR8,0.05772857613008776,-0.006800433999209076,-0.014118275444979674,0.03514548742012479,-0.0036173266860079593,-0.02782059472623719,-0.008259524132193696,-0.02702223407557705
E2F1,-0.03728498503317812,-0.009989460446977903,-0.023224610249553083,0.05836826936902978,0.011342391585313201,0.015453006792813967,0.005734234241042854,0.02149256005236906
ADAMTS3,-0.02342376611904931,-0.009597630712765166,0.019759102840380665,0.014278838101025575,0.02031668480305701,-0.014464702972836294,0.03731157210536848,-0.029932678748070304
HOXA4,-0.03279488544410944,-0.012404972572121413,0.009588051658797973,0.017295142998552053,0.013289682763140985,-0.024147816146747506,0.023089113403904116,0.019649292632739422
APBB1IP,0.04711243566206354,-0.01605457937560228,-0.005837562763211836,0.005297222271764853,0.023369708181436112,0.007232108349382316,0.015184165126961167,-0.001265771256489228
DOCK3,-0.01749982389552643,-0.008319448701489335,0.02974903214038094,0.02465309837049679,-0.03241563476294456,-0.0002578044638535306,-0.0084118947751665,-0.014656852370672975
UHRF1,-0.027951425666963476,0.0006835090887704412,0.0020294776737742174,0.06637497577041268,0.043322300778061,0.009780081361641435,0.027598079483025152,0.02405946909054679
LRRC8C,0.035152666927164726,0.016060415595183893,0.012598789595370266,0.03922192489802968,-0.007991027392868279,0.001259037145787803,0.04873579231488786,0.010784069775535107
MMP16,-0.024592734502151666,-0.030712134192240788,0.04162506383230146,0.004207427440766431,0.01114311168898206,0.01834248702782319,0.005403035561597784,-0.01401841634143897
CDC42EP3,-0.009035923986292563,-0.03876776433545326,0.02042732673532576,-0.012078442384502284,-0.013130523109067226,-0.004394559385145325,0.008010012978797729,-0.039431640073467
EVC,0.0007813819894764219,0.04199172916331593,0.03296005637681421,-0.0007227266190991206,0.035477498212755455,-0.0071887316219137265,-0.002219163356968831,-0.014940416154079036
TSPAN2,0.00614357179617673,0.024451741322047887,0.01630711088987999,0.011920216841400677,-0.014285104484636725,0.028060159047535976,-0.003080319934291139,-0.021513833601509564
ABCA8,0.028008406366554342,0.03637471557701111,0.034315394054308786,-0.0009400747426373305,-0.029187380184272534,-0.021510090261227643,0.008389823706990684,-0.01981584852866778
TRIP13,-0.029551746614079957,-0.004717270800723476,-0.014704109904982218,0.05390645947213955,0.030631584479920725,0.019725573627221646,0.017974920181907307,0.029232307268461714
P2RY1,-0.013743920671741142,-0.038585708990522105,0.03351646503226419,0.014069909926474887,0.0006056131572388605,-0.002442261325382119,-0.011294288481284115,0.026578492018667337
LNX1,-0.010789514114078651,-5.4436338351119846e-05,0.03244212741613676,0.0173160159885984,0.01996977105449711,0.023629927064649878,0.007589299824211729,-0.00014213637179572632
E2F8,-0.02953196192590265,-0.011337988764164919,0.0019347982779425715,0.07096499647420952,0.018207559364027345,0.017589890429299804,0.02693505301272447,0.017943556994972503
GRIA3,-0.004064750195030957,0.011370994879687773,0.029832434813074585,0.02313905345601144,-0.014487819455719829,0.007739163377420283,-0.022467747353828192,-0.0166216133734852
PDLIM5,0.008140329012017427,-0.00242219717014165,0.018078380899171992,-0.02761365687966459,0.010749155191848691,0.011270878324641772,0.04798104774563653,-0.026309591134863343
NGFR,-0.0017982448625913775,-0.0027850790364800644,0.04847350698438168,0.01922619011705255,-0.04250802513730064,-0.005578837540874316,-0.030528798676790092,0.0296825631756349
SP100,0.03479177641559703,-0.01616082969113078,0.013408010467487054,-0.0024682910056248045,0.0034420251347255563,-0.04642265476860095,0.057781723938767474,-0.008938446059119566
BRCA1,-0.03249855863552634,-0.001038016632925957,0.0015474596012675758,0.058120703824249,0.03654180654840787,0.011897657318385498,0.060990201549521554,0.007985700582618908
TAGAP,0.05593266136539876,-0.01208267262345432,-0.006766477843054263,0.022660454630591773,0.0018849048635767433,-0.037935353662561705,0.004575536450693519,-0.010295210922814328
ST6GAL1,0.04124552130532072,0.015994127703665158,0.015559982991645963,0.029279456132519015,-0.026476988554560422,-0.012350200608743835,0.004898883752802939,8.455015971879122e-05
YIF1B,0.02155282136300679,-0.011599315706426819,-0.02061104672404691,-0.0076950446820223985,0.012226602223333926,-0.009721627283854443,-0.03625420890513299,0.00728158220119647
GAP43,0.010369044555747341,0.028589337547164417,-0.0009025558361669839,0.01685973299790669,-0.0017278704301346651,0.002177475602803452,0.015518774745871516,-0.02553751870035546
LIMK1,0.005083013773813038,-0.029795558331112366,0.014093243886545275,0.01374039416852528,0.06269623586189657,-0.0291791559123019,0.01369885651262873,0.01570033118887364
PROCR,0.03719151390456432,0.014308657341625442,0.014259940382859826,0.005094432124884454,-0.005363123337602396,0.04764800683467957,-0.01074262702571069,0.039459326804940575
PLCE1,-0.0004625848588519768,0.02403443144854528,0.038388093766446044,-0.00935921595169481,-0.022254968043496786,0.013495355880455974,0.05426748711023452,-0.04823981666018521
KIF15,-0.03152926753414372,0.0054993813954525355,-7.345469959117761e-05,0.0740224407454061,0.030227116303761303,0.030526564237711933,0.035548959227172286,-0.0001950285736140615
DTX1,0.006658481098876546,-0.006477973452632123,0.020519826740598962,0.040034081955967034,0.017842807474167475,0.03137601324069363,-0.023226398329471116,0.04760480252843097
PDLIM3,0.028406922895262022,0.03617057714156024,0.01745074286335498,0.007593848472668905,-0.013638265465865404,0.011670662686765816,-0.003949923376189256,-0.0032908497504616145
TMEM117,-0.004752223508721947,-0.001425869920347574,0.022612403372974786,0.02194793621379513,-0.027655355803376178,0.015497497298299565,0.012019838227737875,-0.0858314429072621
COL25A1,-0.024625079644699403,0.014318861183900414,0.03888346550280734,0.019581846731074024,0.015159951429620502,-0.04447339927287481,-0.018638228682875464,-1.0418677633236301e-05
HSPH1,-0.012711794869828673,-0.007745196377957316,0.010090192595891768,0.05568464986624367,0.022436477141600193,0.02091394810437911,0.010968490916931521,0.02006831755451267
UBE2S,-0.032964458394955515,-0.006288850033165403,-0.024161684820581893,0.05863654697457331,0.00936410045041559,0.011831225423499552,-0.011277749244626621,0.016590020544620603
GAMT,0.007577749578272953,-0.020190169938876117,0.0013730943789700251,-0.010533460282063294,-0.02211360848444329,-0.030350845141137006,-0.026696058598897933,-0.03014576450859286
LRRC8E,-0.01167038394464125,-0.006358148113585756,0.018196254920217873,0.0016153837639969835,0.021789939816959664,0.030693480161145325,-0.00780781481145232,-0.07518352857876023
ANLN,-0.02106874122053863,0.00040279170484544373,0.0015840164980748654,0.048690551188945656,0.05539076883684195,0.020243437406735607,0.0830669734103358,-0.008635268696923912
PTPRS,-0.039108253068074625,-0.014855703142933585,0.048580340806381905,0.009855042054148527,0.001440240907072675,-0.02566612221976234,-0.005693561691270044,-0.008779259150618909
GRK5,0.04165654123235059,0.03093369320315164,0.022349251565653726,0.024247859308270222,-0.028830748440110472,0.019616561537166895,0.014695009415657677,0.03928361898766107
STAC2,-0.009057909939386299,-0.017979765840647057,0.035097622003520186,-0.005422409187135879,-0.0002860452447883846,-0.005213653317601654,0.0005195245841106166,0.028988899520433157
PARP9,0.03803491849153307,-0.02042114340553814,0.01662292934398471,0.001693938839514715,0.012015414107499218,-0.053772354010407176,0.03731086397101029,0.003569842124352191
CMTM4,-0.01938969614908057,0.00999206367696119,0.042671610042981874,-0.00546298248636268,0.03957530037547032,-0.021085210797645786,0.022351790747011865,-0.013049696423542558
NEDD9,0.01364737200035994,0.0039046712623719104,0.03866149201710487,-0.020608239128277812,0.008558564724242157,-0.04344391799549474,0.040934543259077714,-0.0014104068915372372
FCER1G,0.05781777813927754,-0.015512661851899878,-0.021431608661703034,0.020982094424858072,0.008999184600477675,-0.02115693166654812,-0.025224672266379655,-0.019550456354444874
NR4A1,-0.0002966186041349836,0.028042811339701688,0.005148746470896567,0.02599206232255428,-0.014086176647226719,0.021856975992301637,0.01924991955936957,0.020247626371767018
FOXM1,-0.035106773499324305,-0.007318567458585296,0.0035067601564308655,0.0644148983161516,0.04135317861335629,0.01106665819977214,0.01819737847280017,0.02838202274605011
SYDE2,-0.026840450133448056,-0.03384951843830535,0.04116622499606149,0.00442920505670638,-0.003271813525141481,-0.030995373475737546,0.02045982312659872,-0.005507656194839519
MBP,0.05388199977018644,-0.028471588557961457,0.010385861265318095,0.011069714127279782,0.017342827142133203,-0.005473213561232678,-0.023464263164628817,-0.01343417026074152
WNT3,-0.019368661916981618,-0.006789252096002064,0.036349915486874045,0.006480905770966423,0.020248097229724003,-0.03577840915842811,-0.006124800799544314,-0.010476045009407735
FRMD6,0.0014208900719786725,-0.02105177884542502,0.051474995188913165,-0.005734727296817284,0.05169278171176858,0.011465921318224262,0.038651715744913454,0.008981809802920238
TWIST1,-0.029192094717729638,0.014228142302762882,0.008830562564966338,0.014196927608251638,0.05780694646880868,-0.026738563658581915,-0.021087404330979345,0.03426137471632113
CASP8,0.03201980031554692,-0.007926043002978675,0.013576569792020638,0.014555674781236434,0.006478549313585497,0.013884451700896569,0.052417229987599206,-0.04066786733978814
TNFSF13,0.04651763398618476,0.0025645900965671885,-0.003439959101875764,0.03442507229096997,-0.01088560936114134,-0.01665537909245618,-0.0014717020338938253,-0.04463236603721601
EPB41,0.012834780562842901,0.0026749184705292363,0.008929928549993395,0.0591939816922771,-0.014043210988847553,0.0009321133039344245,0.042634871226247775,-0.0340775659585113
DCK,-0.01650036138611309,-0.007543997982762514,-0.007293837688405608,0.05568250898835841,0.03316647849871747,0.006265107403277938,0.042737044843561105,0.021570101381465125
RHOBTB3,-0.006106321294936254,0.0363568254968505,0.01844641720488136,0.02961674210104159,0.01407102286090069,0.02512211831838515,0.01845847918141873,-0.02987589336643243
NAGLU,0.01772721818334382,-0.0322065798638116,0.01836613012911823,-0.029222075434650746,0.0489236846082849,0.010595825940101843,-0.01823235642152139,-0.0023153912722814127
JAZF1,0.014110073729105294,0.018688221988029878,0.03772023087532064,-0.01814431312501937,0.015142614669354362,-0.015585169603959389,0.06581299427772484,-0.01982241715723715
TLL1,0.013446999517821216,0.0379842931236016,0.03091733119087779,0.008318706649064915,-0.0021471242528661593,0.009623758603921843,0.013180222407727647,-0.026544959244760316
ADCY3,-0.02167965817062108,0.02039011202275644,0.028665598179077604,0.014361550429692154,0.04024603022681233,-0.0054880815085474564,-0.0073017103824514346,0.014639196098958977
RUNX2,-0.025574773418104758,-0.03913323039781423,0.04358497514979152,0.011458605053689234,0.02412769452059561,-0.0008205307020828292,0.01997654790566173,0.008344019988051135
ARHGEF6,0.0009013831172070637,-0.027176923154768908,0.033872377119675355,-0.010935214716222974,0.0034832268367415956,-0.04763370210015191,0.03672413445920778,0.00016720669229628804
POLQ,-0.033968196101343134,0.0019623890763482447,-0.0019690182403026488,0.06898594383929045,0.008736385733834746,0.019010835637389124,0.03369181532799922,0.003936064477939654
SLC9A2,-0.03361865806361738,-0.029507110739957026,0.034194035675444316,0.02790984875466884,-0.025744347908214026,-0.020188257187051424,-0.0070254484803185255,-0.002867129442456579
SLC25A10,-0.03630618331297002,-0.03172053230829015,-0.002903370274017828,0.03426666279026001,0.004077616311455775,-0.012758258637469481,-0.03048133750818359,0.0001373866712992924
FOXF1,-0.011928572898349142,0.012352818536477355,0.014170617291284524,0.041558625986977876,-0.007490808159764243,-0.01646930694313834,-0.022735747824555477,0.008628696295007999
PRRX1,0.010709984975026846,0.018386995243268714,0.042982783793765585,-0.036991978904016606,0.050395602558264495,-0.019977347586002826,0.03637924978596692,0.008481876495792759
ARG2,0.01351147400056978,0.021716822924699085,-0.0031211492963175726,0.046385471204264846,0.0358882214335039,0.023447421681216343,0.01680808694184955,0.03403867865098126
EPHB1,0.017690287623231566,-0.0007406938430480389,0.043146592022185404,0.021613166432667766,-0.024959695383743367,0.03977479337703667,0.00119410830270281,0.06566826963351004
STK38L,0.02268460938212777,0.03375085100006237,0.01666308900395365,0.014241737772685925,0.00983291727074245,0.03392725946857116,0.056608771739426945,-0.04011560713095652
TLE2,-0.013377298239451824,-0.006758942842985417,0.03636305789153271,0.0032285003721492446,-0.00985156319020776,-0.05244618992701759,-0.03871839568991829,0.004943983960220157
RAPH1,-0.00883080336171174,-0.027381826834479425,0.05232907960489079,-0.0153277033645732,0.021078722804618463,0.0068087582468481615,0.035206613029426126,0.005987793158171752
EDN1,0.03741010720673728,0.02763344899769154,0.007608056302161894,0.015531409788202886,-0.02222231800015978,0.016174816771216752,0.0032089125369145076,-0.00758367356775699
ASB9,0.011857745644235518,0.010815125278828237,0.011754847632720757,0.01919831505460573,0.004150200716839942,-0.0031546442865034233,-0.0018413059205492945,0.02929737210212786
TBC1D9,0.026627482432615257,-0.039777504732620005,0.022548100503381824,0.01486501376931266,0.023720362961909807,0.042254742306340985,0.009821357500557633,-0.0553011701974611
PDGFRB,0.025130856985663964,0.008289666640513829,0.05053886883656249,-0.007938267663678524,0.029121703077809178,0.006402097960701221,0.019716194076709454,0.055672896031846046
CD5,0.0447903514887789,-0.005481542452390343,-0.010713144713104042,0.03606668128548534,-0.02070635784205932,-0.0507319617339559,0.0029189436289140747,-0.006353442819920705
PDE2A,0.03085254552378663,-0.0011166474744612933,0.04471311301339208,-0.01262636655091488,-0.034993808330161816,0.024961979115037208,-0.006735267298528737,0.04347114587879312
YES1,-0.015839564852189427,0.016270581254777886,0.01737570168719758,0.05639307061715934,0.002638722013462198,0.05995294507106702,0.02277034381904027,-0.0011892810723682988
PPIL1,-0.017763975439950355,-0.015564808861039578,-0.00043728128644572074,0.036150731857736415,0.010623840188440495,-0.00030730985643763475,0.024313929472159504,0.01214304587485376
PON2,-0.01049970262252164,-0.021683945417001315,0.006859210745759545,0.04523783633301882,0.019358811432452546,0.02353182845815215,0.003864199550128733,0.01223311314295156
UNC13D,0.04860032342919302,-0.03142284142244904,-0.0011365470103720532,0.027091214222276623,0.022981479385258508,-0.00948915528537865,-0.02556961079916845,-0.013168710060572976
KIF23,-0.031489703697102085,-0.0009692739828230804,-0.012601929891061507,0.06853524600393346,0.03289983088061607,0.025388943100165394,0.04162941532810009,0.011569511830813558
RAB42,0.02657060907380361,0.011394717283169195,-0.005617562746139039,0.021612147393623764,0.007664448116077278,-0.017737467045562477,0.0066376422937886054,-0.028878098334716735
PCBD1,0.019565387369713524,-0.047484501005157186,-0.0068483394966927305,-0.0017841806453795265,-0.008663182803414481,-0.030157238562510996,-0.014891204962011193,-0.002893349676011577
MAGI2,-0.014120963665646033,-0.006591391764842846,0.030241431613352947,-0.0007588495102445122,-0.0056428559050311685,0.029334002712945437,0.02244065873408618,-0.04280313270068097
CBX2,-0.029945165347834125,-0.0065797561394411895,0.02604190502643064,0.056572137150210935,-0.004783626163413143,-0.027224882524430973,0.009727022654519175,0.010052041240712621
SRGAP3,0.014230163826510213,-0.028932727486115105,0.043662084837201874,-0.008612955947304752,0.0464849261026152,-0.03461613522837576,-0.009527647167247584,-0.006155774498101084
NOSTRIN,0.028047904005728094,-0.001232972796475604,0.033978821297884224,0.004628162212031856,-0.057353383453690995,0.02551320130675469,0.0014679462516397845,0.023088023660194846
IQGAP3,-0.02232932275127983,-0.004170561633502795,0.0055835078944975886,0.05423616261677239,0.03822191031886671,-3.695047287189616e-05,0.042471960714914124,0.02661281344779318
DMD,0.032617195615026046,0.017377235707070986,0.015314382009616817,0.018421180887413898,-0.019952762336271187,0.0031946383058872613,0.028198272170094192,-0.01777352211711073
GPRC5A,0.013443530064454583,0.027019716905442637,0.011566035586383486,0.006306233108664983,-0.006612543437515791,0.03349899008484795,0.030412885452667814,-0.06486871111289697
MEOX1,0.028251639235945245,0.0442973378694097,0.004544334484873871,0.024522449564778812,-0.03613191309652084,0.01896389724744043,-0.008071785060669637,0.007512885901682269
FAM43A,0.010572080981331326,-0.0176466935527978,0.03728676917556812,-0.010422320327461673,-0.057339004867058126,0.022550371406769472,0.0003087847659011321,0.021245695613747503
ZSWIM5,-0.01659553499650182,-0.007249748911966411,0.026797241831226313,0.04977541353081347,-0.01823904361815059,0.0027882805187182573,0.0006860764564469669,-0.020611838342179604
SARDH,-0.009480030413716126,0.005001290172393818,0.03766277787084063,-0.02157245398318386,-0.0050293930342880265,-0.05006850146793555,-0.03455982221768248,-0.007555957595703535
MARCKS,0.0018545555071882575,-0.0027118151851508836,0.012276661498199372,0.03198475459646046,0.012950493451331752,0.006018366705497231,-0.021554724708285268,0.013621505354685048
ADAMTS17,-0.00705499239550888,-0.010324475450246416,0.04145617780380739,-0.017678231379237415,-0.007507733916785397,-0.002282417980907429,-0.0028570679415289906,-0.0059549851640618365
ITPR3,0.0041619096260016725,0.0014890614321692451,0.041262083155625344,-0.014587729307907858,0.038029606200181275,-0.020715539943372246,0.04819973940934205,0.010137137500510669
STOX2,0.009021198514024826,0.007402267218165885,0.04836058191024364,-0.00175634053934533,-0.03908903003313994,-0.012233718082684556,0.031229946622077752,-0.0031127649310384946
ESPL1,-0.032470999689507216,-0.021500813581402087,-0.0007943157157122263,0.06346143274501431,0.03501400564717792,0.0033160690022750695,0.02975739240086549,0.026538184655613715
LIPG,-0.0006917180940252689,0.03124910827025582,-0.004273126254111382,0.055237104162137986,0.03403078401668766,0.011343675984662845,-0.005515934607561359,0.011967691305234621
ARSI,0.01681922068172875,0.05340303735166346,0.0026887913625576855,0.01791551805135878,0.035427415017405976,0.017583965614294438,-0.034243081741673814,-0.003367611587362568
CALD1,0.021986173811998046,0.04164550760611133,0.031136208530458308,-0.01640957182398269,0.03072223526294203,0.03000149258806349,0.03741423079441761,-0.018899431080045326
FGD2,0.05265299653782054,-0.0069259384447094945,-0.005022552185471437,0.03503973060544806,-0.032040485396924626,-0.0404343517627261,-0.0069357906962123845,-0.01789420818156604
RASGRP3,0.03749905362247209,-0.00986165006560516,0.033414506077836546,0.020109877799932424,-0.04035274688097253,0.05029749978115607,0.018665854070808834,0.06542502230410986
MYOZ1,0.009701693254733319,-0.006219613788677686,0.019892913728146413,0.008056842521917209,-0.03014079888553714,-0.00722155928755081,0.00480587084889553,-0.003119628046337951
PHKG1,0.015000944005617495,0.006572627946938019,0.023500421255088718,-0.030573472089041227,0.0019612228512799817,-0.0005970988565936288,0.002598705206802587,-0.016934114347807734
ABCC5,0.01063967240415279,-0.03155479478187452,0.03324424988406379,0.016254208376635375,0.04580750119039102,0.02250530687183028,-0.011028781351613622,0.00512800827709161
SYNGR3,-0.003108394148215743,-0.022811501031878914,0.016565034220923952,0.009725682766989737,0.023444072739681677,0.00554142653958283,-0.03759957314337898,-0.03284320907790744
ITGB7,0.03097945150323855,-0.002315581426919194,-0.006558308079169848,0.049962758961832436,-0.017990500360433745,-0.04384168823140595,-0.018515157633769413,-0.015437170067398061
IER3,0.024339893085794966,0.007321511196213105,-0.010498057374175309,0.0077429281640331825,0.02461305534016284,0.02066297429446001,-0.011794140508173612,0.027514797658047735
PTEN,0.025805539937226493,-0.0010838145981183316,0.035115381523174706,-0.002582156488789128,-0.009298127240424597,0.006785833376252595,0.03874030908796601,-0.0017063301987344272
TPM1,0.011734259199266663,-0.008659826916183961,0.022972281873136373,-0.01900732133438565,0.03321679321973957,-0.006017397193616773,0.007230320325003609,0.00553432724896267
USP49,-0.0193262452736069,-0.01886835217413648,0.035790159365169,0.019730975814057822,-0.009204244447300643,-0.018998468275749983,0.042189841692821556,0.013680866183624373
SDC3,-0.011167429998968465,0.015479548562248913,0.034740434610299534,0.009289050899370516,-0.008856191081344646,-0.04201383607974136,-0.014770057515990035,-0.035028311284286066
ENPP4,0.00176164883428373,-0.04215765123032376,0.012253434074848328,0.015867434807823655,-0.021666880384642526,-0.008005618010245356,0.05447061285433433,-0.00933441140555658
MYBL2,-0.03042707755552739,-0.014738877823866934,-0.02499680899050033,0.06653003004905148,0.016435694270282478,0.02727089393539994,-0.0023729150018512663,0.00619919128752274
DST,0.005444084186431993,-0.0009774727349081077,0.04185322925529732,-0.016136059433615714,0.019556390149064875,0.006520052035514147,0.0724233458998842,-0.04169461477183506
SHC3,0.01094793216930864,-0.035808886484360314,0.028311323994474086,-0.0065177451228666285,0.06097930106076448,0.04575593905502796,-0.04081182909018273,-0.007865337127607097
ATP1B2,-0.006531983534704219,0.01332740285878657,0.046082005794880615,0.040799253164232434,-0.03265216541477744,-0.01084586355940752,-0.03317214138090564,0.010967685977396429
KLF9,0.01676816792038444,0.029325207002269146,0.022539949169146662,-0.026205399799864085,-0.002229100328689107,-0.0010809463215922079,0.0286328267096667,-0.0054520150683184465
CCDC69,0.03385404606627297,-0.004522602113658656,-0.0018874070597168513,0.03851645610512373,-0.040028312139258906,-0.013381763934539458,-0.0002277677875739475,-0.000411520716828772
TPD52,0.007265470700795277,-0.029690722512400142,-0.0038399601573492607,0.04266533178095456,-0.03496085164285191,-0.0036600640927582917,0.02424944532309624,-0.04982602474837311
TMEM106A,0.03328534451170652,-0.025560526985922045,0.007236326695705054,0.029940286954475214,-0.005575582234057736,-0.017969178622001078,0.008874079281017924,-0.0355677169002828
MICAL2,0.01742950487965388,0.016643980241441515,0.01563191021950323,-0.011063955992185346,0.06029751609216455,0.027377998492708725,0.024241635041581343,0.005165998993629785
SERINC5,-0.0009833387326805302,0.014876077859578781,0.038779906865069,0.007461019878807606,0.029928769146067194,0.02266489068919337,0.026687779686077797,-0.02484640975282116
CDH6,0.022840338408714536,0.021644916929535078,0.02505250532924189,0.02387852716924351,-0.019594481243236286,0.002515019782552634,0.001479705714139783,-0.030349587760368897
SLC22A15,-0.005198544651086538,-0.01816309373080314,0.0014840019866982196,0.03781645089368217,0.016005031769358646,-0.021874670851866628,0.05185516670384615,-0.010846408134269535
ADAMTS6,0.01804009119416366,-0.01836314601639842,0.03275066386994418,-0.019125522274544768,-0.002634674263253303,0.009814570370283764,0.03398867690291914,-0.033847171598956546
GMFG,0.04721441146540746,-0.02465538332821675,-0.005990573131996007,0.00333512032248388,-0.027052635863074707,0.013488861168447185,-0.004174181613701734,-0.011862306387365266
MAP3K8,0.04238191136850147,0.0067756911225250035,0.0004639180178589099,0.015499872359156624,-0.00525349157687046,-0.011318603607436806,0.02629213856381203,-0.014007436191412825
TMEM119,-0.027649819859308474,-0.01812623825257481,0.033701956897905665,-0.017176915480681898,-0.00970446229961527,0.001712349726244161,-0.022486547956987672,-0.027173117184036588
TNFRSF1B,0.052998718739733705,0.0008604324387634941,-0.008710439449496605,0.041798503356232385,-0.006578520075968452,-0.03839735230953229,-0.021644263501185545,-0.0028843301850564693
C1QTNF2,-0.0030893548660334805,0.04992061919780539,0.017873197855315492,-0.014678096077111135,0.021777977535750986,0.0014130414220017255,-0.009999177008572828,-0.027600834920482813
SSPN,0.007366056320306012,0.03083650136109512,0.03223853954166984,-0.01315757657817127,0.02777319222841063,0.01858581045823291,0.0023481842315329782,-0.026758442455363338
CA13,0.029390309829228068,0.012593228193269091,0.010233361344878587,0.016554867279388107,-0.024490445580728874,0.024252762612531058,0.002686752086549252,-0.04098997143910629
SPATA6,0.006267957050884718,-0.005970524478304104,0.043490437860195165,-0.011677934199495138,0.014367145353026632,-0.008333415367948972,0.029831098759432073,0.027610966755128728
FZD6,0.012227436118950902,-0.0045878606092928,0.01898999877446978,0.02092800690628835,-0.006971739705355128,0.05541457246956258,0.061860038180881205,-0.02686774083724776
RNASEL,0.033971087642882675,-0.022596804274145173,0.03184227371446705,-0.009546107323037923,0.024199997202376127,-0.03784029498334886,0.03906144527419507,0.014936372755147812
MYH11,0.023455494066233276,0.028412374844904262,0.043990616274670755,-0.0017982271896602783,-0.03869904373695483,-0.005901133340395377,0.00878337310381148,-0.004999367145629503
ENTPD1,0.050076056484930034,0.009863450130168571,0.026567196940268302,0.010067859763899602,-0.04092600504466938,0.02590955795894552,-0.00033313176896890284,0.040632936533325587
RRM2,-0.01759534433468195,-0.005273491202377174,-0.015531905811621817,0.06350662439148876,0.03897330560958843,0.038731759743297206,0.019249499620546753,0.0008790065317171598
SLA,0.04885157275336501,-0.018225569668632494,-0.010319337858544334,0.040390147950624504,-0.018612872049554224,-0.023663286260650757,0.007484123598748326,-0.033229011337599736
KYNU,0.05068778168146294,-0.017111991871675097,-0.01425437317004384,0.029637480555298325,0.015822358782392704,0.0010149866354256464,0.015812395758372743,-0.020789609067304926
ARHGEF9,-0.0043484268872032985,-0.009072202577440323,0.041001426471459865,-0.010534951970011064,0.028166235068878217,-0.03920254702718714,0.008895137953865873,0.02396379748311644
MMP28,0.02620480473198822,0.03290470408501046,0.03090164580030706,0.004215184744762079,-0.009247112911952429,0.028102138084709075,-0.01561771015564178,0.046095976843781396
PEX6,-0.015802916690462743,-0.024819895123772886,0.01742534062018247,0.02379266373572979,0.018104908876278546,-0.013082521243820061,-0.0034273143030370823,0.03481723538987464
NR1H3,0.03740052682376729,-0.04000672796576533,-0.009954983953288142,0.021697044443205298,0.007745964056471271,-0.00951050905181369,-0.03816639551880045,-0.0016996695703805488
TNFRSF25,0.006262103651969117,0.0022188561207224953,0.020936813478345955,0.010987802066932673,-0.015212851024111925,-0.052866241603909736,-0.02788316259858817,0.011107703596116573
CREB5,0.01325783501014863,0.026204886342708556,0.024533651464699456,0.010715208814537885,0.015675712246854278,0.01571672226802679,0.04638568049754566,-0.01645810359396908
PLXNB3,-0.015155974829961153,0.019280838285174684,0.025462676536959196,0.001364288646141586,0.019751221426652938,-0.021750011266418935,-0.02356900572166774,-0.00841601661465381
ANTXR1,0.0015257357622844429,0.024098417802841176,0.05284837894234694,-0.01634933297900157,0.04029347242586209,-0.0013684020815748887,0.04050568960738532,-0.021990706204773256
CSPG5,-0.015761318632273043,0.02200044734578567,-0.00799416145572084,0.04160587027994694,-0.031089470621726168,0.010771163306977118,-0.01112370035515399,-0.023555816489069382
CD3G,0.03490444191077386,-0.008309629645916793,-0.0063427579234673,0.04403336509906123,-0.02591040980615551,-0.05246433097794557,-0.005111668299404432,-0.0006248970181235015
APLP1,-0.025330384164237187,-0.01562050631383696,0.027607850154897834,0.0015230880025991962,0.024697940782118143,-0.02999066288399187,-0.012087489280314155,0.001803992119875978
FANCD2,-0.030393735514426534,-0.0030944901609628074,-0.0001345886719093469,0.07777914919225143,0.024606672046372853,0.032196521429068176,0.02945799389228956,-0.00753502647853284
ACACB,0.0038704612117982924,-0.011890375662493093,0.030060794446664783,0.02965732034609392,-0.0012571487980499933,-0.0024954549858652517,-0.0029735160347938326,-0.022880429454257566
GLI1,-0.029945958586820517,0.008819364939722196,0.024308836076137274,0.025027025231560085,-0.016291792715583158,0.0020148294578769934,-0.040750522493723705,-0.002582099512919711
GALT,0.007268485800292712,0.02753243173612936,0.00048129001424104985,0.02678942721417988,-0.00878005248748984,-0.029971178852291374,-0.025159308704099548,-0.02428102717233434
ADAMTSL1,0.015179802452044679,0.03417753311958811,0.023775846780299047,0.015440202405226304,0.0026990106156920338,-0.0173750200971095,-0.013795473338144302,-0.02054917755391173
EPB41L3,0.0011658741249141779,-0.015974448080687015,0.022140284097199016,0.03129947565687479,-0.025447474071099527,-0.04606946863487847,0.004678730190173685,-0.006599598917576846
SIM2,-0.025073922168242738,0.03188045571446665,0.00952602682876665,0.04422316825231061,0.0177701070381408,-0.044068425198957144,-0.021476102996111916,0.00587463723636168
TAL1,0.003732433029171622,0.0024811108039861636,0.0271314435643838,0.020033136044088868,-0.017689089579346486,0.006719356628777328,-0.04155157947388232,0.03325264818770595
KL,0.001970869044133082,-0.02260490165249082,0.04038614082737958,0.003855825210259155,0.0008876093594721072,-0.008287959459529023,0.024660076198686272,0.004338258373684494
LRRC2,0.006005275731570486,-0.016530319941499835,0.03597757452490174,-0.006405509115173819,0.01670203264850708,0.009732152888095468,-0.02712782795007788,-0.021738572087578838
MCTP1,0.05330495031483188,0.0030457095575355613,0.008740169305156755,0.02437380364776368,-0.03391101840832645,0.01041297549437294,0.0023805581993384473,-0.01988329458044483
B4GALNT4,-0.028722029237976777,0.020838254649670516,0.012173033660100172,0.040307599644710916,-0.0032875861781848023,-0.03731009137696111,-0.020257181196561957,-0.01630623772631532
HOXA9,-0.02042493219414847,0.002373887805893049,0.0043441780618890345,0.0307172697011797,0.01705079711054979,-0.025081991055757206,0.006717987026951032,0.023012257228196668
SH3RF2,0.008076947798891053,-0.010538688125658766,0.03316492011066748,-0.012877566596668501,0.008355632302711956,-0.01841762011619017,0.01785659374086763,-0.004408370049028557
TMOD4,0.024381602723261567,0.011854577269659968,0.021216130716202417,0.004210277142437461,-0.0372844495166008,-0.005744861501610862,0.004493011286091731,-0.023156982598603937
ZCCHC3,-0.03280278597152464,-0.011670493653862765,0.02678102038907966,0.06066157275289438,-0.018271312484349066,-0.03183072827402151,-0.00939900027448663,0.01976750171796017
ANGPTL1,0.00632511484248918,0.034148785122623926,0.03851907706611626,-0.003482180953604235,-0.009029672180904204,-0.0038496232676097355,0.019190189290350854,-0.012686703879396152
ADAM23,-2.0642835320053548e-05,-0.03533458515740913,0.029354494992047297,0.016172397888527253,0.011560939872598503,-0.007815813078729798,-0.0076209951509835505,0.0018966169259140306
PARP12,0.04738574479407637,-0.02864148058719038,0.00044279356530310026,-0.0013034945109503737,0.01317962251154965,-0.04253561614764358,0.024147814786144195,0.0026214802624346485
CHST2,0.007865191278079966,-0.003221301074032167,0.01389288500945927,0.05384333739864393,-0.01911768336620115,0.04487895332703592,-0.010672054380223815,0.04586351178659798
BAG3,-0.0021435573711881257,0.007389173061888818,0.020766669462284486,0.0021309462830419426,-0.0005983660813314751,-0.017041112474492907,0.028821546313687982,0.029402892804057047
GLT8D2,-0.0008435851966252846,0.006391884975186952,0.03396265183262375,-0.021552736783650064,0.047994768825726716,-0.026010557403359624,0.006512449935283815,-0.00451887699518258
FUT4,0.023875490557591122,-0.027566016962128848,0.0227981516450292,0.007586705294568191,0.03152966201891847,0.018392918163723872,0.022914466962504716,-0.018404045372947674
CDH24,-0.028489434581430502,-0.015506535975507192,0.037369767552573714,0.017169251358876505,0.024956191586715575,-0.04033671693665214,0.02630595424727542,0.0230887380412605
GPSM3,0.05428083505454513,-0.03516906181945045,-0.004698938039187343,0.0217009988462977,-0.00496826532223933,-0.018798464157327298,-0.01616513555164176,0.005586258012056554
PIPOX,0.011609495360925148,-0.0336536098616608,0.018995389358202542,0.014751141933176427,0.0005418881229037852,-0.0038206442859388583,0.00991691180912224,0.04846904722560655
PRKCZ,0.0011475837653541026,0.019562925630988666,0.009454228168508388,0.02196529317751439,-0.008320375909187742,0.02208095640362195,-0.0629089104072354,-0.018475646658843384
IFT57,-0.011601283980396587,-0.022110320364807125,0.016697368464307232,-0.0003276371552290956,0.026202767865606397,-0.0461677020877727,0.016435657654636268,0.028134597056683707
MARCO,0.031690772317290006,0.008600984135277248,-0.027339836263709727,0.04294685014720394,0.012926736733964451,0.00023874083489404656,0.002475577939407629,-0.011038859981775822
