,Factor1,Factor2,Factor3,Factor4,Factor5,Factor6,Factor7,Factor8,Factor9,Factor10,Factor11,Factor12,Factor13
COMP,-0.013929603,0.34919178,0.010395044,-0.058315612,-0.11416533,-0.1288882,0.0330142,-0.1423772,-0.048110947,-0.02242329,0.00335282,-0.10925768,-0.005272204
CA12,-0.0014292666,0.3320765,-0.18759099,0.005188008,-0.087576956,0.00669767,0.0053016064,-0.039145995,0.121512584,-0.06443832,-0.026576564,-0.18012924,-0.03893593
SLC36A2,-0.06331416,-0.16388303,0.23263505,0.06324572,0.025237745,-0.08594031,0.3187355,-0.108914636,0.10706196,-0.17968458,-0.22887601,0.03426717,-0.01300813
CHAD,-0.0038704944,0.057149354,0.23217656,-0.07014123,0.055240165,-0.037705775,0.20275964,0.036371775,0.07538541,-0.102662876,-0.1451023,0.097644165,0.18156491
FBN2,0.0019436036,0.17047442,0.051494874,0.07494805,0.1434372,-0.096583515,0.12007581,-0.06929468,0.024921848,-0.08133765,0.07867365,0.06408226,-0.29634872
COL11A1,-0.046751503,0.35435548,-0.0017438108,-0.002441624,0.14547272,0.015714409,0.081457525,-0.11550876,-0.07857099,-0.045072604,-0.122368634,0.12687293,-0.03075287
COL22A1,-0.010246636,-0.13424394,0.22106695,-0.0008328585,0.028872637,-0.0059314403,0.3210816,-0.07835758,0.15747087,-0.21423163,-0.12705894,0.00048823934,-0.13406649
MMP9,0.09754115,-0.06741434,0.16945302,0.003461358,-0.026640376,0.3379731,0.22266787,-0.045696463,0.20554733,0.07648986,0.14639042,2.0622478e-05,0.019903691
MFAP4,0.0028286013,0.43159163,-0.066438146,-0.004387219,-0.047408,-0.08883177,-0.043409787,-0.056919623,-0.04853916,0.012910805,0.085115984,0.09377603,-0.005615326
IGFBP5,-0.031777825,0.22516109,0.10263886,0.08001844,0.034725327,0.004079041,0.09330838,-0.015856694,-0.03173508,0.1305211,-0.057770453,-0.032554805,-0.03632508
COL2A1,-0.1116353,0.18886702,0.074927256,0.005519554,0.025987625,-0.0701657,0.220407,-0.011528586,-0.07711397,-0.052117452,0.04095383,0.0035120896,-0.15566704
HAPLN1,-0.071654476,0.33427617,-0.0453786,0.00426303,0.0067984015,-0.00059669564,0.10477389,0.002136312,-0.104952775,0.027563822,-0.12225725,0.047178473,-0.032703735
NGEF,-0.09351857,0.1306204,0.12328911,-0.04197954,0.045810763,-0.06781562,0.1378848,-0.27446476,-0.024838751,-0.24247007,-0.05433478,-0.2148907,0.16915421
NKD2,-0.04407222,0.017840961,0.24105471,-0.07364336,0.077805854,0.09233969,0.024337754,-0.012053408,-0.19326197,0.17150845,-6.4806236e-06,-0.054916907,0.17629164
ANGPTL2,-0.05019521,0.4114342,-0.1033128,0.05634598,-0.06961184,-0.0104460865,0.016117712,-0.06704382,0.01501131,0.090598516,-0.21251577,-7.222712e-05,-0.023272565
SFRP4,0.10275361,0.24525882,0.058615964,-0.09399839,-0.09864058,0.1570779,-0.067284524,0.122676715,0.0036078226,0.060787488,-0.018435273,-0.048916373,0.22176108
C1QB,0.27614006,-0.017690688,-0.029423183,-0.042791143,-0.0064509115,-0.117149346,0.05189327,-0.0013143242,-0.20539188,-0.010879231,-0.18025827,0.032572206,0.022203768
FNDC1,-0.009022569,0.3661907,0.081617445,-0.0520438,0.047083296,0.014842909,0.012034057,-0.009828116,-0.016120106,-0.04914039,-0.17973037,0.12691663,0.12730701
CD84,0.16216932,-0.046985,0.13203138,-0.0014287274,-0.13361344,0.3520627,0.16724113,-0.009657871,0.19745947,0.0012310534,0.14487305,0.11468432,-0.008441339
POSTN,-0.024994101,0.3647875,-0.07608092,-0.0025229447,0.117079616,0.04163996,0.015390711,0.109954976,0.035723284,0.16790861,-0.18580782,0.047154997,-0.020640777
C1S,0.11297611,0.257553,0.0654209,-0.10023336,-0.13480933,0.002593805,-0.1326796,-0.16483311,-0.1034037,-0.0049990565,-0.014393373,-0.08852601,0.17667739
THBS2,0.003890137,0.44448408,-0.0997623,-0.00059535675,-0.013867533,0.040127728,-0.02440809,-0.08968577,0.0848577,-0.011952341,-0.11039913,0.08316948,-0.018573675
FBLN2,0.040218882,0.32924137,0.002878014,0.0031660742,0.009608087,-0.15633866,0.019216927,-0.12360983,0.09856807,-0.06992317,-0.010619197,-0.040443078,0.09833293
CRYAB,-0.01491974,0.008540286,0.13271017,-0.0063910596,-0.007998568,0.08306841,0.13736159,-0.059979267,0.090701886,-0.12964937,0.24126312,-0.24330686,0.16611303
SEMA3B,-0.0802091,0.20265894,0.064829715,-0.0009742273,0.15040213,-0.09029831,0.32311898,-0.11141036,0.08734428,-0.23815152,-0.07037633,-0.0025341962,-0.013328671
CXCL14,0.07185389,0.30973637,0.070763655,-0.09325786,0.012496257,-0.033633865,-0.0062946393,-0.03873997,-0.00485956,0.011672776,-0.064831965,-0.05009867,0.2420603
TGM2,0.21936727,-0.005296844,0.010543333,0.008181884,-0.039582226,-0.09081082,0.023579044,-0.08151053,0.08508396,0.0034633398,0.03171632,-0.17674202,-0.08054544
PI15,0.014170354,0.36273485,-0.029289499,0.018373113,0.044879645,-0.02420035,-0.004148612,0.017603826,0.05876435,-0.07102953,0.03938854,-0.0044066943,0.0678321
DLX3,-0.05230957,-0.26250762,0.3176941,0.048476744,0.033139244,-0.019684425,0.18747684,-0.024519721,0.025197027,-0.13053766,-0.06940665,-0.056797754,0.013381579
IGF2BP2,-0.023619613,5.510332e-05,0.053499088,0.032669406,0.055801183,-0.0035433876,-0.014961352,-0.07352671,-0.059531897,-0.092579946,0.115116686,0.016974665,-0.28969884
APCDD1,-0.058018588,-0.05088128,0.17412767,0.08682224,0.008253071,-0.06863075,0.32219282,0.030282421,0.08666194,-0.08223894,-0.11229772,0.0018803001,-0.23065716
NDN,-0.006067279,0.026524574,0.06334186,0.0006079707,0.018793792,-0.07045712,0.04950924,-0.053953737,-0.10656471,-0.12827383,0.06835941,0.016391994,-0.012762819
SLC13A5,-0.07059143,0.051478595,0.07112861,0.07856608,0.027922833,-0.114802286,0.3589841,0.115705,0.06811741,-0.12532724,-0.17104548,0.11296493,-0.15158847
CD74,0.29405168,0.0051742024,-0.03777024,-0.03858802,-0.00012412418,-0.12926263,-0.0023732663,-0.06090464,-0.17452572,-0.026999526,-0.19031478,-0.024610572,0.0007479488
C1R,0.09463581,0.16918746,0.116481654,-0.100467056,-0.15458909,0.07412103,-0.14932331,-0.17612642,-0.12793337,0.04331454,-0.08216645,-0.14463228,0.2459093
EEF1A2,0.026585575,0.07103793,0.0981504,0.0008721239,0.08639513,0.10668268,0.22252163,0.13300058,0.0013591034,-0.0858159,0.29370698,0.052050762,0.18399191
SLC8A3,-0.11346238,-0.15200941,0.24921016,0.068750635,-0.007209211,-0.060480833,0.22040954,-0.050877605,0.07589227,-0.2095947,-0.19972129,0.06681227,-0.15519263
LAMC3,-0.047122385,0.098688394,0.25752655,-0.09854524,0.008576677,-0.01393791,-0.012811353,-0.05741181,-0.18508181,0.013741351,0.026458966,-0.004348817,-0.0043647257
PRND,0.09803484,0.036503673,0.21218112,0.012161074,0.0746406,-0.17681101,0.05661384,0.00087400194,0.21481514,0.26809496,0.007165289,0.027214723,0.028399672
DCN,-0.0011991205,0.27594087,0.017409565,-0.023850204,-0.073332064,0.107061885,-0.13496207,0.03969524,0.01838707,-0.10193806,-0.23078097,0.007546584,0.37923717
ATP6V0D2,0.11149339,-0.035389088,0.12612623,0.00072983775,-0.015105325,0.3790461,0.2233337,0.09251702,0.21034834,0.045275386,0.13871056,0.08482999,0.077840954
ENO2,-0.019163482,0.15552196,-0.027412346,0.026417993,-0.060681265,0.04552239,-0.021486217,-0.110091165,-0.18145525,-0.09037017,0.14947814,-0.25065792,-0.0819409
SLC29A1,0.017707167,-0.17252848,0.26233748,0.00019167898,-0.02266534,0.077519454,-0.033642486,-0.06658258,0.004617512,0.09857809,0.04005223,-0.18353161,0.102789976
ENPP2,0.056465067,-0.04413478,0.2487771,0.0020575328,-0.014960264,0.123869866,0.067968056,-0.0947608,-0.04069309,0.033461485,-0.15242428,-0.16668732,-0.03375323
PALM,-0.004644451,0.2269198,0.08497996,-0.09294756,-0.006018524,-0.2446204,0.19422565,-0.057674006,-0.14249016,-0.08142671,0.1827802,-0.07880423,0.076630756
CTSK,0.15555449,-0.004652232,0.109727286,0.0005560418,-0.08545144,0.380836,0.14027408,-0.009083452,0.22766523,0.0062807812,0.113557756,0.06925933,0.014302166
MAB21L2,0.009361145,-0.023860052,0.13148917,-0.06100117,-0.009178779,0.027505683,-0.03394557,0.018708805,0.021900136,-0.1902288,0.020244308,-0.02472096,0.11981981
MMP13,0.05224234,-0.041575324,0.15378344,-0.00059773016,-0.004830412,0.17970651,0.204145,0.16746837,0.09938354,0.1242811,0.026391331,0.018335689,-0.12223811
STC2,-0.015325476,-0.019764572,0.019956177,-0.0047263023,0.09154215,0.027883943,-0.12839894,-0.14925562,-0.000604076,-0.11707476,-0.02726355,-0.2934064,-0.10448545
MXRA5,0.045995153,0.32721004,0.004810262,-0.003330409,0.001912255,0.11445608,-0.19306606,-0.22326481,0.007846357,0.004827292,-0.18824826,-0.049110603,0.112903334
KAZALD1,-0.123227686,-0.050199512,0.15853243,0.014051055,-0.024763219,-0.15480205,0.2244917,-0.12910964,-0.017331937,-0.16009912,-0.1242576,-0.0028761148,0.0015959468
ROR2,-0.048741333,0.3892677,-0.1253047,0.103926316,0.03719733,-0.005686254,0.043355368,-0.061932772,-0.13782036,-0.0027879253,-0.030919034,0.16693088,-0.11196537
BAIAP2L2,-0.09508495,-0.060520656,0.14743896,-0.0014044256,-5.063306e-05,-0.053230155,0.23987113,0.005422595,-0.06586482,-0.034794457,-0.040397577,-0.14308804,-0.046602372
TNFRSF19,-0.035365812,0.17503458,0.09665625,0.09673304,-0.06304968,0.094168425,0.04030277,0.057568476,-0.110154405,0.09619193,-0.08840264,0.26623732,-0.16601545
RCOR2,-0.13791665,-0.067743994,0.08906133,0.14557792,-0.05131821,-0.10645458,0.36962345,-0.13357471,0.052455187,-0.16714628,-0.20203243,-0.0039991937,-0.054968107
LUM,-0.0028868502,0.2628041,0.03299753,-0.069263645,-0.018883055,0.16711077,-0.1385584,0.0040408703,0.038312722,-0.09794072,-0.28241318,-0.0024126144,0.33131373
SERPINA1,0.23034786,-0.000544553,-0.16185768,-0.0015576495,-0.006460721,-0.012579394,0.014859729,0.31413853,-0.0882605,-0.0010443792,-0.16295788,-0.26369867,-0.13826154
EFEMP1,0.016494753,0.31322983,-0.015501878,0.005977118,-0.043962494,-0.0784917,0.017985998,-0.006287387,0.028687406,-0.14651431,0.056879036,-0.0039996253,0.05849332
OMD,-0.095613465,0.04089648,0.21730086,0.0016392681,-0.023054466,0.07763617,0.17066653,-0.031847913,0.022665817,-0.056285627,-0.26964307,0.116459094,0.14007533
NCAM1,-0.09248226,-0.08808064,0.27146804,0.04212522,-0.012220134,0.02769338,0.038736533,0.1652564,0.0047557163,-0.1477361,-0.013122129,0.14033438,-0.044348236
SPON1,-0.08391101,0.27726477,0.0607184,-0.0029304149,-0.044364017,-0.012573808,0.03786102,-0.08392504,-0.06441117,0.031177413,-0.16750543,0.042720772,-0.04298819
CXCL12,0.15313886,0.19167757,0.073844306,-0.0377704,-0.09688469,-0.08861366,-0.062595084,0.03899271,0.00054815377,0.05990381,0.064680316,0.1701587,-0.009308744
GPRC5C,-0.095539525,0.00062859146,0.18940498,0.016948637,-0.104170896,-0.020855192,0.3309623,-0.062730156,0.07825011,-0.047689058,-0.23981538,0.019797739,-0.009473383
MYOM1,0.008904988,-1.8914936e-05,0.15500985,-0.0023364413,-0.051691905,-0.15691401,-0.03055443,0.10495949,0.07684408,-0.11003688,0.15350135,0.1737641,-0.03398554
PRSS23,0.075952835,0.25703397,-0.015214674,-0.034811076,0.10494899,0.046317965,-0.13946603,-0.058464114,0.07174966,0.17189154,-0.10742981,-0.1154977,0.17975898
SCARA5,0.041326948,0.22142719,0.11473149,0.0024718025,0.0063561043,-0.0020131962,0.09516014,-0.07255929,0.106814615,-0.024171352,0.014325103,-0.04530552,0.13563296
ABI3BP,0.06395095,0.3762371,0.014513095,-0.00059313385,-0.011123601,-0.14952682,-0.0030900002,-0.030756408,0.052373324,-0.10013649,0.017293574,0.011061358,0.0026268703
RHPN2,-0.108222894,-0.053920604,0.14578083,0.024400327,-0.016027223,-0.1425742,0.1751903,0.0364185,-0.16090384,-0.09111377,0.0032415944,0.0062597874,-0.2701673
BMP4,-0.03882458,-0.2626395,0.21586347,0.040011395,-0.004290195,0.015685966,0.09631387,-0.003323969,-0.11727651,-0.027157895,-0.15541646,-0.17745495,0.02206485
OAS2,0.18937945,-0.04866493,0.043434314,0.00900968,-0.033707608,-0.0021602742,-0.0590599,-0.2647097,-0.12876152,0.031897247,-0.11757033,-0.17987211,0.26712883
GLDN,0.047913555,-0.068037346,0.29477945,-0.020679383,-0.04746887,0.07845376,-0.045487702,-0.1023373,-0.031617697,0.06630668,-0.07570498,-0.06335342,0.20435473
DKK1,-0.0052305483,-0.047559146,0.14304549,-0.004210273,0.10458804,-0.11993821,0.19224697,0.027467238,0.015230906,-0.20058872,0.061083365,0.007633933,-0.04867131
ASPN,-0.046650365,0.41722462,-0.054841064,0.0017131006,0.07565406,0.04962388,0.027657019,0.0012817553,0.00036809972,0.05994738,-0.22003324,0.14414732,0.022855924
RARRES2,0.08795696,0.3015363,-0.07317942,-0.0039151204,-0.028326835,-0.13821653,0.065855145,0.014748819,0.023693154,-0.04386142,0.06319411,-0.04435591,0.09180284
TFAP2A,-0.03977762,0.031252492,0.05664139,0.015641082,0.18954952,-0.03206858,0.12109524,-0.105548956,-0.17568244,-0.0017506643,0.046488676,-0.11040545,-0.20146053
COL3A1,-0.037803367,0.4346729,-0.07247128,0.0054300902,0.11987663,0.009163282,-0.012897491,-0.030196333,0.1330274,0.10153851,-0.20150162,0.033073988,0.0015636268
SPP1,0.14427693,-0.06897253,0.10408132,-0.0024859377,-0.014504405,0.22385442,0.3119703,0.22408979,0.18825924,-0.10880583,-0.005461502,0.020007249,0.012317937
ESM1,-0.0013154108,-0.09317049,0.019207563,0.02208901,0.30696657,-0.033997506,-0.009600463,0.11154645,0.094648026,-0.020200625,0.012688008,-0.29222953,-0.15215091
BIRC3,0.20430255,-0.06295905,0.015621932,0.01967261,0.0059589036,0.18619555,0.07343992,-0.14589621,0.09497464,0.0005204156,0.26544133,-0.0066775633,0.0026327153
TCIRG1,0.16160549,-0.03787832,0.1089648,-3.6561487e-05,-0.07991512,0.3482619,0.2635899,-0.07232259,0.21083924,0.031364918,0.13540405,0.0018357834,0.0050626746
OAS1,0.17860574,-0.083355695,0.04363485,0.03754551,-0.09052824,0.0054542623,-0.0041512027,-0.20298561,-0.2181343,0.028229533,-0.14633247,-0.10831214,0.30720478
CD248,0.014938506,0.34680098,-0.0065095415,0.003484313,-0.0039536655,0.008534401,0.17833869,-0.116788074,0.07586452,0.02672145,-0.15252605,-0.03203514,-0.09954134
TNC,-0.030964483,0.13305907,0.1467968,0.098340206,-0.12287388,0.13059703,-0.07362871,0.0013200382,-0.011105315,0.03616541,-0.23288691,0.019724838,0.08876524
COL5A3,0.043210756,0.12826277,0.12899919,-0.0018668965,-0.0013403451,-0.04663515,-0.00038587616,-0.025872149,0.16631854,0.29214764,-0.107598305,-0.15546395,0.008072186
APOC1,0.24804053,-0.030089416,-0.101094104,0.011140505,-0.0019214604,-0.014055528,0.13458273,-0.012801089,-0.106266424,-0.068399295,-0.106130995,-0.011958387,-0.005124125
COL6A3,-0.013854776,0.35188407,-0.0069645364,-4.423489e-05,0.02323559,0.12638283,-0.14179802,-0.108984075,0.03659209,0.11802819,-0.19566882,-0.18479714,-0.090000056
ENPEP,-0.013384457,0.13983595,0.13943832,0.08411217,0.18159442,0.03791095,-0.0022223901,0.05674861,-0.08424101,0.17849435,-0.061126947,0.120528385,-0.09455347
ECM2,-0.009914863,0.32437754,0.04016667,0.006173586,-0.067259744,0.059913766,-0.08348446,0.015316103,-0.019947646,0.14476962,-0.18519913,0.1289388,0.218766
SRPX2,0.07165802,0.10643085,0.0038808822,-0.047158726,-0.034774516,0.22227325,-0.16791573,-0.0063850684,0.12652549,-0.019927204,-0.097693555,-0.30452958,0.0831608
COL24A1,-0.09431649,-0.07530736,0.20247984,0.0813758,0.08869385,0.00016767003,0.16575919,0.017306611,0.0784874,-0.18610023,-0.25418803,-0.005257364,-0.13956624
AIF1,0.2965565,-0.012747358,-0.09113156,-0.040442728,-0.0465375,-0.08832692,0.05153472,0.19144145,-0.12027192,-0.04505425,-0.18921143,0.00216989,0.0051908516
PRSS35,-0.059383947,0.11996748,0.11291853,0.008882206,0.07160048,-0.055126276,0.039556343,-0.022262331,0.1661517,-0.22366233,-0.2350482,0.020985838,0.2095635
LRRC17,-0.024140066,0.28128704,0.0012935728,0.04919842,-0.08674516,0.010158959,0.013016085,0.00014508446,0.14433898,-0.07101529,-0.20361677,0.12352603,0.0020316944
GAS1,0.04753458,0.29864025,-0.0031505316,-0.010748806,0.06331714,0.04004287,-0.086045966,0.09729165,-0.004232154,0.08295633,0.066567354,-0.066908896,0.2318324
COL9A2,-0.08450142,0.18914002,0.020807616,0.015167424,-0.0056505734,-0.071309686,0.281325,-0.034830913,-0.049044963,-0.0051478264,-0.021395124,0.12830307,-0.12804265
ITGA11,-0.0036034868,0.23386623,0.0651323,-0.04790056,-0.047186643,0.30786648,-0.12493732,-0.09429977,-0.055929642,0.07958628,-0.19914196,-0.012783724,-0.018933771
ALDH1A1,0.11014779,-0.0043430473,0.001179855,0.093494855,-0.07944015,-0.01804687,0.114283316,0.120857,0.0012220469,0.093276896,-0.026442824,0.070387416,-0.14272082
PRICKLE1,0.004975603,0.31667793,-0.037855048,0.026463294,0.012936264,-0.10604319,0.0419941,-0.06366468,0.027293334,-0.040929664,0.021481138,-0.0082166,-0.2444553
AQP1,0.025089037,0.103086546,0.24511723,-0.09120173,-0.12146973,-0.034345213,-0.08995385,-0.118492246,-0.045616142,0.0007537806,-0.029397156,-0.19710037,0.14283504
HAS2,-0.005680897,0.30391052,-0.11672984,0.073425114,0.21825854,0.006084032,0.0032243037,0.10584683,-0.010108327,0.07731178,-0.11364238,0.06690793,-0.062093455
COL14A1,-0.0023370464,0.39424682,-0.032717273,0.0015412865,-0.014395919,-0.12695223,-0.0417007,0.27566037,0.0061761043,0.11080417,0.0004810009,-0.02010982,0.0061440393
PLXDC1,0.051279232,-0.032325793,0.25187892,-0.09816287,-0.16085938,0.12380855,-0.16523528,0.12658136,-0.13280596,0.1763481,-0.12688838,-0.02904063,0.045646917
FOS,0.064650685,0.012810237,-0.009083515,0.061158836,-0.029453738,0.0030788041,-0.040883303,-0.010796875,0.10238615,-0.038273178,0.09203504,-0.3999002,0.11531341
CDO1,-0.057756964,0.14244908,0.07177503,-0.0006974767,-0.053357173,-0.106580466,0.12059952,0.08053612,0.024782697,-0.11384621,0.030107114,0.02400212,-0.10474712
MAMDC2,-0.0004145154,-0.11774699,0.24870542,0.01142307,0.1131355,0.10433284,0.054859824,-0.059344426,0.15887244,-0.119439766,-0.20910501,-0.13146047,0.0009604391
DDIT4L,-0.003096067,0.25082025,0.05795963,-0.015903886,-0.029959837,-0.07444174,-0.1451052,0.036990434,-0.15376845,-0.00078896875,0.02772711,0.031474855,0.13400614
COL18A1,0.07201342,0.20365475,0.0787796,-0.048740253,0.04234546,-0.16939038,0.18120624,-0.18907866,0.10443247,0.28993782,0.052039344,-0.29996923,0.002490982
TNFAIP6,0.043342084,0.33401597,-0.06533996,0.0043659024,0.0043375716,-0.007550272,0.02503598,0.0674117,0.10258256,-0.036643457,-0.13577881,-0.15507475,-0.02230293
HSPA2,-0.021109847,-0.043562792,0.18442,0.06591397,-0.041571826,0.034029163,-0.025396278,-0.029321859,-0.18495786,-0.005794098,-0.012278628,-0.15508875,0.057378054
NT5E,0.06012134,0.10805409,0.12110791,-0.06855616,0.20619589,0.21607074,-0.17317833,-0.0091617545,0.06713108,0.03397001,0.06869673,-0.15249488,0.11148922
ANPEP,0.09322154,-0.019948764,0.09446338,0.060334075,-0.088368766,0.29841474,0.20133147,-0.005691021,0.10688277,0.1254426,-0.14776163,-0.014941299,-0.15291484
PHOSPHO1,-0.07627278,-0.11760604,0.19243962,0.0016349779,0.06952917,-0.07071721,0.36927453,0.01597711,0.11972491,-0.22319227,-0.13838655,0.0018906579,0.027611835
RGS5,0.07598163,0.2236137,0.16964643,-0.012059499,0.0654149,-0.20081499,-0.00080345914,0.073038,0.10894483,0.06625206,0.007878171,0.02360048,0.11594515
FLRT3,-0.025296388,0.22324052,0.05165267,0.1257152,0.063398205,0.070963725,0.13702637,0.05346331,-0.09023738,0.26222095,-0.017610911,0.16648504,-0.03311359
SYTL2,-0.05823296,-0.04205631,0.12175176,0.055439148,0.080015615,0.0007451416,-0.09624624,0.08737792,0.16099775,-0.09809814,-0.29228795,0.011065749,0.14309883
BAALC,0.02239745,0.069185086,0.054075938,-0.059773125,-0.021022823,-0.03362013,-0.025391376,0.29149005,0.071435034,0.08944016,-0.11282555,-0.24706519,-0.013532323
SOST,-0.049318608,-0.09275139,0.21887645,-0.005622941,0.052145366,-0.09249495,0.37280503,0.14951077,0.0050401497,-0.15225673,-0.013946289,0.0045377375,-0.09356554
SLCO2B1,0.3123423,0.045868766,0.019229399,0.01741845,-0.0022684885,-0.09065986,-0.050500926,-0.03482676,-0.12133253,-0.030818097,-0.19021975,0.09484371,-0.07573407
SEMA3A,-0.032439325,0.29485345,-0.07718899,0.077178776,0.004738303,-0.0002727771,0.039215427,0.016395543,-0.03967011,0.048078552,-0.03344136,0.09768837,-0.11065689
NID2,0.034403272,0.26621336,-0.0714395,0.12209185,0.33490855,0.0055324333,-0.10523651,-0.005038901,0.14206223,0.16874263,-0.037699476,-0.0934467,-0.26813367
QPCT,-0.011879237,-0.09521319,0.15290031,0.015526778,-0.037531827,0.056028746,0.1885686,0.16473393,0.07752282,-0.103472695,-0.12583655,-0.02790358,0.08878172
SLIT2,0.0005910981,0.1061368,0.25891024,0.001733586,-0.0052349763,-0.00058298267,0.10054512,-0.14792383,-0.028219294,0.07985116,-0.017387135,0.21363975,-0.14663953
CA3,-0.04228698,-0.10988469,0.1402223,0.069317885,-0.035761137,-0.1255106,0.25918278,0.22572134,0.15179314,-0.1753934,-0.09614804,0.0017629509,0.065529324
OSMR,0.11693072,0.22777171,-0.011853986,-0.0021773453,-0.109251894,0.15602776,-0.096037954,-0.04865064,0.19672479,-0.11070925,-0.05661576,-0.1848374,0.002402981
EGR1,0.07160331,0.043025203,0.11348892,0.0005477573,-0.0067621632,0.002511047,-0.022896504,-0.0050201807,0.033357896,-0.040374532,0.09550976,-0.34954205,0.054487176
LIFR,0.0048976727,-0.23959444,0.2822822,0.045828447,0.2861795,0.12364381,-0.12726006,0.12317343,0.009291164,-0.021770712,-0.09692602,0.008170631,-0.055721965
FZD1,-0.009548502,0.39856976,-0.072309546,0.035200734,0.33329937,0.057521146,-0.0978058,0.017748622,0.015877761,-0.012352039,-0.08824047,0.016178217,0.03948392
TGFB3,-0.003848361,0.32268456,-0.035469465,0.07947731,0.0151678175,0.01683629,-0.049285337,-0.08357099,0.1459272,0.17148572,-0.11448061,-0.051058173,-0.1388083
COL8A2,-0.07194102,0.28470147,0.062068786,-0.06192216,-0.021003315,0.18405318,0.057940155,0.11291116,-0.28231764,0.20394285,-0.107559994,0.12252039,0.008583377
PSAT1,-0.08354752,-0.021764098,-0.0242459,0.21633425,-0.04619539,-0.06885329,-0.031947315,-0.112148814,-0.20158334,0.13104329,-0.052644007,-0.0056613195,-0.03152615
SLC7A5,-0.067731604,-0.07300408,-0.0052737296,0.16179352,-0.10812638,0.0005042136,-0.031308316,-0.2233949,-0.052681368,-0.096839055,-0.039576527,-0.2783806,-0.15015064
COL12A1,-0.013188121,0.35024393,-0.010278297,0.00035146176,-0.006853651,0.14291501,0.00035784178,0.1670058,0.102698736,-0.02770231,-0.22351284,0.03591854,0.016206315
SMOC2,-0.029076543,0.3952005,0.037313182,-0.061826818,0.009113128,0.058892075,-0.007746232,-0.05980281,-0.036630232,0.023517406,-0.09028987,0.03617175,-0.008645862
CPE,-0.11406543,-0.11146849,0.27482542,0.00072111055,0.20942128,-0.027744912,0.159294,-0.108556464,0.04679441,-0.16411701,-0.2020068,0.008904747,-0.11093585
CTSS,0.300976,-0.00061198085,-0.108562775,0.008896651,0.012230429,-0.074363954,0.0038954453,0.1545048,-0.116420545,-0.07664234,-0.2383364,-0.040998016,0.0054555903
TSPAN33,0.050813604,-0.13986847,0.115840375,0.07645623,-0.1685822,-0.121990316,0.18605301,0.07415459,-0.10556972,0.017659508,-0.12622657,-0.0023156276,-0.22134995
DPT,0.00048254646,0.12840258,0.08617808,-0.020644968,-0.12854023,0.10646944,-0.021961657,-0.010655962,0.09417967,-0.041940007,-0.2750725,-0.06739318,0.34555945
MAPK13,0.11716208,0.06349068,-0.04516942,0.0605972,-0.17461072,0.16623266,0.23533572,0.0843178,0.18806519,-0.024800085,-0.011515374,-0.00206731,-0.24628352
FLNC,-0.019477943,0.28453597,-0.07299711,0.04399317,0.1609967,0.0012327848,-0.17308535,0.123324156,-0.06607911,0.013880593,0.053774804,0.020266028,-0.0013374544
LRP4,-0.045200683,-0.16204363,0.27059698,0.090071045,-0.053123213,0.0056629186,0.07626467,-0.08351332,-0.000656405,-0.10756587,-0.057843357,0.011338885,-0.04373326
ITGA2,0.11080532,-0.07221233,0.18253815,0.05703099,-0.010753462,0.20176491,-0.010887862,-0.04509143,0.3595763,0.040967748,0.12079792,-0.026047349,-0.1437177
ENTPD3,0.01842616,-0.1328443,0.19876005,0.03965074,-0.018833777,0.033737134,0.029318197,0.11324161,0.19555207,-0.15678276,-0.16550176,-0.170554,0.016018499
C1QTNF1,0.0033098836,-0.14069691,0.2903291,-0.10860586,0.10167423,0.073064476,0.10977261,-0.17576452,0.10839383,-0.11492693,-0.16896223,-0.2006186,0.17190182
NRIP3,0.06465368,0.17188907,0.00092606014,0.07271124,-0.092746116,0.14371432,0.15459272,-0.0009756414,0.25562721,-0.057459444,0.04371911,-0.01176916,-0.14438862
FBLN1,0.0040748455,0.2240348,0.15220845,-0.06103962,-0.11012161,0.1216263,-0.120207,-0.19617921,-0.17357475,0.124562524,0.038333304,-0.002278203,0.0027723932
VCAM1,0.15167195,0.19337301,0.035844825,-0.0013517143,0.3643968,0.060749054,-0.05010163,-0.020981008,-0.05933191,0.108120285,-0.0019414009,0.06885594,0.02256804
RNF150,-0.0009924126,0.23136654,0.095441915,0.014042369,-0.017856443,-0.04631864,0.016014619,-0.046581894,-0.09079769,0.06638105,0.03960231,0.18761092,-0.3154334
IL11RA,-0.01309363,0.37854722,0.0039010388,0.0064846138,-0.007102401,-0.10444314,0.14859457,-0.021354152,-0.1642858,-0.09206621,0.12381927,0.17788363,-0.009957845
PLEKHG4,-0.11132848,0.22925109,0.017881462,0.07064908,-0.088054694,0.009502246,0.103727385,-0.01941893,-0.03260878,0.01643315,-0.02379871,-0.08587491,0.039143693
SAMD9L,0.22086951,0.0014889949,0.05340833,0.038566615,0.29209143,-0.002956815,-0.20916916,-0.2500938,-0.16606799,0.0032324344,-0.07024437,0.009196677,0.26908988
HERC5,0.14581898,-0.11868598,0.1106147,0.0725859,-0.01780813,0.038587965,-0.014168878,-0.20556255,-0.17578638,0.00077097915,0.080235474,-0.0051987353,0.2030566
RHBDL2,-0.090011075,-0.1881194,0.25063527,0.004281735,0.018157639,-0.0023563376,0.2358702,0.027613355,-0.008275014,-0.20462717,-0.23321068,-0.045092214,0.008175895
CAV1,0.10622933,0.1963816,-0.102861494,0.04755145,-0.09977285,-0.096379474,-0.30916223,0.08474556,0.18298912,0.1756399,0.0077917613,-0.22337386,-0.0064189658
AHR,0.11050774,0.24173416,0.009286398,0.005043153,0.22888456,-0.09050102,-0.18568178,0.08212603,-0.01563151,-0.0075378525,0.02294404,-0.15638283,-0.00745084
MMP2,-0.011519327,0.37450138,0.008202402,-0.042623468,-0.08799939,0.039374013,-0.021308305,0.012094194,-0.029805133,-0.02402562,-0.21760452,-0.011458427,0.069264606
DTNA,-0.023843855,0.010743156,0.10332252,-0.0016430796,0.0193038,-0.18916243,-0.08730522,0.15449138,-0.07236118,-0.21841833,0.11496586,-0.006293895,-0.021127075
BGLAP,-0.012580815,-0.06419853,0.26839238,-0.07694741,-0.13914952,0.051491503,0.105250284,0.19489387,-0.103080645,-0.031075064,-0.077523105,0.03189308,0.2219594
ECM1,0.07476948,0.19232433,0.06693076,-0.007789378,-0.17786841,0.046281494,-0.06283005,-0.22157939,0.06095944,-0.13675642,0.0032687197,-0.24557877,0.20161912
KCNG1,-0.06927306,0.013390585,0.05942028,0.05718063,0.16851121,-0.00035934657,0.17160217,-0.023784524,-0.083207265,-0.034413293,1.9736273e-05,-0.2339738,-0.2304666
HEY1,-0.024469782,-0.22198908,0.22152582,0.058296844,0.18554501,-0.023155779,0.078497395,0.1699913,0.04643439,0.13919096,-0.060630966,0.01187519,-0.04407645
COL6A2,0.005182113,0.3445727,-0.02453014,-0.07745607,-0.0016756048,0.11942169,-0.060534775,0.022661863,-0.029390326,0.2270344,-0.07250836,-0.29380924,0.13126408
GCNT1,0.057060592,0.076727696,-0.02024355,0.070071325,0.018801713,-0.021902237,-0.056022912,-0.107203,-0.0605988,-0.059237417,0.046395548,0.08423713,-0.058347266
GPR137B,0.14316764,0.0059446516,0.13979276,-0.027199805,0.03890846,0.37224212,0.094677,0.040659584,0.19230118,-0.01996738,0.15667892,0.014481812,-0.023452582
ITGB2,0.3128767,0.0042450693,-0.068984054,-0.00021544544,0.0016329631,0.00771066,0.05773239,-0.043649614,-0.11727264,-0.040377297,-0.08288347,-0.07123777,-0.004420099
DKK3,-0.009158056,0.34548268,-0.057431303,-0.011248765,0.13300061,0.00023554637,-0.074550405,-0.06571907,-0.0055349222,-0.040922046,-0.0995676,-0.10703113,0.04283006
EDIL3,-0.02956129,0.34070048,-0.09844058,0.022442922,0.1206105,0.1330036,0.0038381913,0.09490485,-0.007859336,0.06831418,-0.1714131,0.22260715,-0.0051918267
CLIC3,0.029167635,0.24075054,0.036736008,-0.004563715,0.054484032,0.16176534,0.18112682,-0.15864812,0.07968742,-0.13057579,0.0756649,-0.11140016,0.19492133
CNTNAP1,-0.017772613,0.18007858,0.15074793,0.09917172,-0.001745886,0.012553321,-0.0080091115,-0.16215247,-0.20623612,0.17300336,0.03539031,0.11521015,-0.07934713
OGN,-0.06743956,0.3636347,-0.014052262,0.005958193,0.2496671,0.093076155,0.016010325,-0.010742275,-0.11187685,0.06302187,-0.13482507,0.18771994,0.06499964
EGFR,-0.00031865074,0.35568273,-0.03395437,0.06179937,0.012522467,0.032589544,-0.16696113,-0.09119846,-0.01597076,0.10326434,0.022984255,0.101937205,-0.1323116
IGFBP3,-0.012432828,0.15230766,-0.014597155,0.021505203,0.09768827,-0.088685304,0.00470794,-0.014734652,0.044100225,0.35840333,-0.0401959,-0.31582794,0.0014443645
TBX2,-0.04514367,-0.12646452,0.30443916,-0.0024889398,0.051431276,-0.0054929564,0.113797575,-0.093528636,0.002119574,-0.09987136,-0.10380365,-0.07642854,0.093027204
PIR,0.020159112,-0.14768448,0.05849155,0.0671762,0.03875406,-0.037980463,-0.114218675,0.21385685,0.060080983,-0.08869323,0.029762201,-0.10936052,0.2974782
HK2,-0.045166403,0.108267225,-0.13165554,0.15023136,-0.003978084,0.07717199,-0.009038929,0.12810577,-0.0375402,-0.12657446,0.02213588,-0.29128736,-0.16344188
FGFR1,-0.037525058,-0.0035031484,0.27300262,-0.0013538945,-0.03485781,0.21248758,-0.094165444,-0.021270009,-0.12561318,-0.058455803,-0.10382685,-0.07107552,0.0015254355
LDLR,-0.0538411,0.067356445,0.020704212,0.1607194,-0.007566165,0.036525328,-0.06094666,-0.21043284,0.005255054,-0.0002493956,-0.048293635,-0.2096187,0.022741638
SERTAD4,-0.04447262,0.32707384,0.065276556,-0.003290907,-0.043697517,-0.0018893643,-0.11607991,-0.02875655,-0.15359583,0.021492533,0.024946364,0.013972548,-0.10527662
CCL21,0.06929864,0.094370514,0.048780255,-0.01502724,-0.01234359,-0.15687753,0.008695998,0.03782429,0.18665949,0.08982648,0.07183854,0.050902203,0.17248002
IL18,0.28501257,-0.033284802,-0.0114121875,0.0044784565,0.27802837,-0.0672482,0.0023551527,0.10428629,-0.052979995,-0.062989436,-0.14010139,0.10368722,0.03151818
THY1,0.01832651,0.35219902,-0.058416255,-0.010350825,-0.0046714204,-0.034519233,-0.013796357,-0.1667511,0.07009332,0.11070335,-0.1455489,-0.0950255,-0.018613154
RAC2,0.21383664,-0.064521566,0.054932468,-0.00033634523,-0.077041045,0.2964391,0.20538379,-0.07297131,0.123711236,0.03255048,0.14214423,0.138308,-0.020526895
FRZB,-0.05476723,0.101764224,0.083121814,-0.02408989,0.027082339,-0.20589322,0.005114224,0.10096156,-0.060547777,-0.15546434,-0.017616484,-0.11318522,-0.09691804
NFIX,-0.101810336,0.30168113,0.07224558,0.0044348347,0.029861957,-0.0145993475,-0.18343939,-0.16705325,-0.13375512,-0.03469992,-0.15460789,0.12519097,0.09932542
LTBP4,-0.025065279,0.3239556,0.099946044,-0.08908879,-0.025001513,-0.118238,0.07055588,-0.05145666,-0.1585753,0.010001803,0.1739071,-0.12375687,0.07795698
NPNT,-0.03475865,0.056620717,0.22502857,0.024994459,-0.02696386,-0.047451347,0.033229426,0.107137404,-0.08001386,0.070738524,0.012172573,0.034321453,-0.019974716
PDZRN3,-0.04776112,0.33784977,-0.08142634,0.0065931445,0.3181224,-0.065346934,0.043084517,-0.013541074,0.032472137,-0.10010858,0.0031291523,0.014249856,0.00988113
SLC7A8,0.19045049,0.12450434,-0.059338752,0.048765957,-0.06333433,0.0052607157,-0.12526082,0.20741703,-0.060275696,-0.024929607,-0.18012184,0.12192237,-0.013012197
C3AR1,0.30023056,0.039683588,-0.041849438,-0.000102859645,0.040661987,-0.04471732,-0.08821841,0.08178544,-0.12935358,-0.072729774,-0.26317188,0.051708758,-0.0068665007
LRRC15,0.001646774,0.13839503,0.100722924,-0.0287138,-0.06069937,0.23415978,-0.0064542834,0.106911786,0.034715213,-0.028314576,-0.23002476,-0.18156636,0.107571
ITGA10,-0.054342676,-0.099440515,0.24143736,0.012716603,0.06824536,0.087894194,0.03868563,-0.067365475,0.009680407,-0.050544962,-0.10354382,-0.14913534,-0.20597349
ADAMTSL2,-0.013749221,0.026423847,0.28081912,-0.06954716,0.039309476,0.0003705289,0.12582901,-0.1910998,0.05832177,-0.071946144,-0.032136004,-0.19557504,-0.037254367
GAS6,0.08849791,0.18282874,0.12592219,-0.14538004,-0.107774414,-0.023258915,-0.11980914,-0.2011958,-0.11111682,0.076454684,-0.04336153,0.022755167,0.09066671
HSPB6,-0.062734336,0.24224268,-0.024743684,0.03980405,-0.08054468,-0.08742199,-0.017372204,-0.018715257,0.006795252,0.0017864369,0.003214737,-0.029208854,0.057204954
PODN,0.01629962,0.44701982,-0.07148532,-0.0046102544,-0.08692328,-0.048543543,0.02014432,0.02884109,0.010703138,0.014854686,-0.037035022,-0.007789867,0.10110924
COL13A1,-0.07911258,-0.14493236,0.31182656,-0.00011437553,0.009168509,-0.009310817,0.17374393,-0.059669092,0.005192722,-0.06041668,-0.17028515,-0.0230848,-0.013460584
BASP1,0.0042100656,0.2661314,-0.10697004,0.08173548,0.11213867,0.058229506,0.12207611,0.03721088,-0.07634122,0.079506285,-0.11383887,0.17027824,-0.004846193
SERPINI1,0.00034787724,-0.066777386,0.10287954,0.08266004,-0.028333101,-0.0135050295,0.046719626,0.072094224,-0.11430101,0.08624191,0.09313836,0.013200167,-0.040622283
SEMA4B,0.058256608,-0.20503965,0.20273523,0.07930214,-0.024529569,0.13472873,0.08590174,-0.015877552,0.03964216,-0.052926943,-0.021149024,-0.016277693,-0.047033958
RSAD2,0.15040728,-0.095993795,0.04957909,0.05648277,0.18007028,-0.006034664,0.016579278,-0.12004528,-0.23316282,-0.007561919,-0.13383462,-0.16716222,0.22836234
INHBB,0.044050034,0.1500874,-0.04456081,-0.080973744,0.21329297,-0.03187505,-0.008845702,0.1324517,0.045258738,0.08761825,0.04705997,-0.41496,-0.14974296
SLC20A2,0.010221788,-0.029685521,0.2319056,0.006779082,-0.08620787,-0.01714171,0.06890159,-0.0067294207,0.015620666,0.0032885566,0.04285317,0.060308177,0.2580002
PAPPA,0.07573893,0.04912009,0.1310835,-0.062093392,0.1581502,0.09754704,-0.22515692,0.04806376,0.09467157,-0.034908596,-0.023163436,-0.19770554,0.007376102
FEZ1,-0.046208583,0.13252896,0.07613965,0.0009552471,-0.10197695,-0.14500463,0.124710865,0.15939662,-0.016465817,-0.052954867,0.09221241,0.006899135,-0.18315125
PLEK,0.30582428,-0.05722786,-0.046738338,0.026509838,-0.057979975,0.103950016,0.052908607,4.0771112e-05,0.011126531,-0.02166595,-0.0027288771,-0.010811946,-0.026290964
CLDN5,0.1105736,0.06230492,0.060315855,-0.07476608,-0.035051256,-0.23420717,0.20702606,-0.0096485065,0.18914041,0.30952787,0.057484236,0.015639119,0.17936842
THBS3,-0.03802735,0.38283092,-0.050705433,-0.005795689,0.197315,-0.061918456,0.08732679,-0.108509295,0.0025571361,-0.08929902,-0.013701089,-0.08457962,-0.058769
LXN,0.029310996,-0.1575628,0.17014684,-0.045783352,0.08017453,0.04239109,0.002255963,0.007992507,0.045251496,0.110606134,-0.04405951,-0.20960063,0.08734367
NDRG2,-0.0027810084,0.074641995,0.17315735,-0.077459924,-0.2344361,-0.19419819,-6.2544124e-05,0.2471422,-0.10440825,-0.17820087,0.19372573,0.02865102,0.091888554
SNCAIP,-0.027802762,-0.092288606,0.20005314,0.09172798,0.058150154,-0.022806289,0.06561027,-0.041541565,-0.032227952,-0.06933422,-0.1198471,0.08075519,0.1486075
DPP4,0.096893154,0.00018834024,0.13595892,-0.00043022152,0.21590585,0.37654993,0.13967618,0.12558787,0.17502357,0.021574814,0.16222146,0.14230093,-0.0064634006
GALNT3,-0.037340876,-0.14721508,0.26596475,-0.003932225,0.20233272,0.0126273185,0.025278123,-0.06686699,-0.04015403,-0.16833025,-0.07670607,-0.045468763,-0.0012930636
OAS3,0.15894146,-0.06426166,0.0470585,0.09454153,0.18481667,-0.010330568,-0.10362964,-0.3192025,-0.14044115,-0.035202935,-0.0794577,-0.07117415,0.27292237
PTK7,-0.010704172,0.19755064,-0.0003042721,0.10842264,0.015974417,0.103912465,0.06876312,-0.141308,-0.15609615,0.23552212,-0.07374379,-0.010334428,-0.23549315
IGFBP4,0.13168022,0.26439884,0.08479749,-0.028180493,-0.052000336,-0.036322434,0.041861907,-0.034783266,-0.008116267,0.14156319,-0.054201465,0.031906225,0.02043629
FZD7,0.008058043,-0.030133037,0.21881875,-8.064615e-05,0.19738214,0.11568735,-0.15527542,0.24787334,-0.095771186,0.032186914,0.059130322,-0.24742626,-0.022574594
ADAM22,-0.07741966,0.013214504,0.1368974,0.12459643,0.017803935,-0.1471299,0.07783004,0.16198203,-0.0071554943,-0.1806802,-0.024323067,-0.017534463,-0.09979293
KLK4,0.0147376945,-0.14499548,0.17402957,-0.0030531408,-0.01953457,0.06443957,0.1133974,0.031491112,0.16241345,-0.008030324,-0.15069175,-0.0006614121,0.22370142
LOX,-0.015589291,0.1385038,-0.023144148,0.052491385,0.078925446,-0.0007764211,0.0009572153,-0.08037807,0.23729448,-0.38763073,-0.18360525,-0.1770046,-0.0115154125
STC1,0.0031765504,0.0129797645,-0.019779596,0.059826534,0.07180804,-0.0540068,0.012622756,-0.01127713,0.14521979,0.26538897,0.023889769,-0.35471055,-0.20782499
KIAA0040,0.14751263,-0.03411573,0.17266421,-0.051610317,-0.14609034,0.29200172,0.12709296,0.021799251,0.2216064,-0.06316815,0.17790385,0.05792731,-0.0006060073
MMP11,0.057701856,0.06510154,0.04596188,-0.010723769,-0.022173788,0.12616654,-0.06446084,-0.105213106,-0.1149514,0.16815178,-0.06310609,-0.027637057,-0.034660194
PDGFRL,-0.022896945,0.25607613,0.09177562,-0.056808613,-0.14031942,0.067444205,-0.01693574,-0.23385504,-0.036931206,-0.06606999,-0.14501868,0.028604502,0.26050827
IBSP,-0.013872366,-0.10521319,0.1855305,-0.0034859106,0.072849266,0.040399797,0.36751118,0.15740725,0.17365864,-0.11776543,-0.14927895,-0.01272171,-0.14149107
GPC2,-0.0040913387,0.05541804,0.06941981,0.1343818,0.04144088,0.006679747,0.15792081,0.16531022,-0.10171782,0.052707396,0.039976384,0.023414942,-0.20447266
IRX2,-0.060017087,0.04070109,0.066464186,0.01599158,-0.0013587755,-0.02537956,0.16007274,-0.10780713,-0.21660972,0.01677842,0.013987871,0.004225867,-0.11883588
IFI35,0.17547415,-0.088373736,0.05149002,0.0021169628,-0.081710726,0.0073736846,0.018703528,-0.2569852,-0.237452,0.06600528,-0.03532442,-0.018975882,0.41358832
IL1R2,0.14892156,-0.039672334,-0.031791355,0.02098725,-0.0015541668,0.16471569,0.017017486,0.12350983,0.046128135,0.10262908,0.06548449,-0.07938627,0.16858332
EBF3,0.015219109,0.003690484,0.23636538,0.0047100163,-0.022579659,-0.17072695,0.033307068,-0.054429535,0.05072819,0.037778307,0.068659216,0.22984871,0.16452578
PTGES,-0.045555044,0.15043601,-0.08042114,0.054372553,0.03295953,-0.00050764857,0.18103671,0.03265275,-0.073932394,-0.048189986,-0.07141982,-0.13410053,0.04513339
CTSH,0.20979182,-0.04543691,0.03317719,-0.039402146,-0.074750036,0.019879386,-0.047144514,-0.07287829,-0.2450901,-0.045568254,-0.1006485,-0.12397159,0.05603542
LRRN3,-0.05993067,0.20947139,0.08810876,0.06567211,0.07282549,0.010847622,0.1700767,0.20837557,-0.057479307,0.004298412,-0.019262275,0.19024846,-0.06986165
CADPS2,0.07460705,0.124309584,0.14404261,0.0042576566,0.024504451,-0.0883652,-0.09282175,-0.07178727,0.1475468,-0.11384024,0.017570058,0.012594181,0.048179906
ADAMTS4,0.026129903,0.27440417,-0.08009539,0.118775405,0.00635639,0.008393273,-0.0002849121,0.066653214,0.17868273,0.23884504,-0.12276004,-0.19974698,0.08327667
WNT5A,-0.021752,0.072661676,0.04763731,0.06091893,0.053081535,0.14616454,-0.10631964,0.10238036,-0.06290408,0.013209905,0.013465524,-0.17262855,-0.23210551
IRF8,0.29835087,0.011644528,-0.004676469,-0.000285729,-0.045994714,-0.18241787,-0.008459518,0.06677819,-0.13883443,-0.088486865,-0.07164699,-0.006190537,-0.05672726
GIMAP4,0.2763661,-0.057696372,-0.04764172,0.0011889518,-0.10782423,-0.1717588,0.030193208,-0.05210679,-0.14455284,-0.00674795,-0.15543003,0.00827751,-0.0090115415
TM4SF1,0.1428898,0.17703731,-0.026979353,-0.061102275,-0.104650155,-0.1304139,-0.084141985,0.0067379037,0.15116318,0.16015682,0.0443077,-0.17980745,0.012330504
HSPB8,-0.06445904,0.0617479,0.06452878,0.0025526215,0.011572794,-0.036563896,-0.07629034,0.06188422,-0.0076494254,-0.11705272,0.06982316,-0.25759572,0.28641114
DLX1,-0.09359421,-0.12655787,0.094913825,0.15926223,0.039949447,-0.06201463,0.06816118,0.018996965,-0.089005634,-0.06529553,0.008102576,-0.013432536,-0.044134725
ATP6V1B2,0.14901334,-0.041491266,0.10536745,0.05310963,-0.09390751,0.37042582,0.15968007,0.09703805,0.21554849,-0.00021238606,0.15802547,0.068405345,-0.0034295032
LAYN,0.021704728,0.12823679,0.04717529,0.026980951,-0.13324802,0.00084092485,-0.1629005,-0.018246371,0.015478582,0.16302997,-0.12009579,0.009044093,0.02053139
ACTA2,0.08762265,0.21447627,0.008699085,-0.00066308933,0.016105356,-0.011095047,-0.14461143,-0.07618063,-0.0029085306,0.17592052,0.015756518,0.0049828454,0.17432061
SPI1,0.2661501,-0.06610349,0.037701044,-0.004099575,0.053435143,0.24681844,0.18914093,-0.080396734,0.09138849,0.066345826,0.059996683,0.06384425,1.9924699e-05
CDC20,-0.070666365,-0.011911648,-0.06193475,0.35517758,-0.038276,0.01281618,0.13467887,-0.07474043,-0.09450276,0.03125778,-0.00893694,-0.017864643,0.11639385
RARB,0.0028798638,-0.21090399,0.25742292,0.045087133,0.006014341,-0.0016344056,0.028728586,0.16188994,-0.027161535,-0.10048801,-0.018635686,-0.0063646496,-0.10958181
SULF2,0.06450862,0.13313487,0.00833135,0.0048739286,0.29899326,0.0013519953,-0.14002259,-0.025145628,-0.088437006,0.18323152,0.015434676,-0.09140921,-0.118795164
APOE,0.2208844,0.04654042,-0.009585357,-0.050878506,-0.044283412,0.002893725,0.17925046,-0.056856543,-0.10507211,0.0379519,-0.04745094,-0.013345745,0.049832553
PITX2,-0.07634567,0.08035724,0.07452958,0.005519305,0.019037018,-0.009146257,0.009774652,0.12598892,-0.30057225,0.04269236,0.12111777,-0.0154943885,-0.022904877
SLC29A4,-0.06980584,-0.036405064,0.22050028,-0.0012336136,-0.0025940149,0.09822327,0.17794453,0.00034333576,-0.19399217,0.068517946,-0.029519279,0.064026654,-0.058212336
MYLK,0.016149396,0.06429251,0.19864775,1.0438952e-05,0.06929294,-0.050381817,-0.245805,-0.06827985,-0.044433534,-0.0049564703,-0.15248379,0.123560265,0.11174119
S100A16,0.10139605,0.24886224,-0.012360073,-0.0012827276,-0.13781351,-0.17003176,0.048633497,-0.012013264,0.21066503,0.12368461,0.022039885,0.023228817,0.24443646
SPOCK2,0.16284604,-0.011111561,0.17420658,-0.065082796,-0.0792642,-0.105032414,0.049005985,-0.115313075,-0.11801401,0.04037953,0.13399424,0.09844076,-0.18901254
GPC1,-0.12731953,0.10903057,0.09935269,-0.0039464636,0.01648395,0.053387575,0.2079793,-0.0821325,-0.15852597,0.054751266,-0.1962031,-0.11425784,0.029610338
LRRC25,0.28789586,-0.008291183,-0.03385129,0.0050732153,-0.08399795,0.16090351,0.17701758,0.036004044,0.01292472,0.08494225,-0.03740285,0.096773215,-0.008959968
LGR4,-0.11520514,-0.004301369,0.15160853,0.10723126,0.14568365,-0.11621344,0.0038408472,0.014404544,0.06946215,-0.08999768,-0.069145456,0.063276,-0.12498301
CDC42EP5,-0.032602247,0.2245238,0.023542073,-0.11397663,0.01655567,-0.026756292,0.28537613,-0.01932483,-0.093080804,0.111724645,-0.039622236,-0.15539427,0.32385027
MATN3,0.006447305,0.17127544,0.084243394,0.011325111,-0.11570835,0.026023015,0.06169802,0.1089886,-0.17280109,0.13051096,-0.13615419,-0.093015924,-0.03915713
ISG20,0.19888856,-0.0022891331,-0.10765376,0.053384352,0.0034893975,-0.012227185,0.04822404,-0.20085438,-0.24823356,0.078377664,-0.019079467,-0.2307047,0.21435049
MS4A7,0.27824965,0.043851122,-0.06860631,-0.004213189,0.13285439,-0.09471231,-0.0042845444,0.16803859,-0.098806344,-0.07655682,-0.26709598,0.016125772,-0.005874308
FBN1,0.085818276,0.32272965,0.030437272,-0.0038274373,-0.0059603755,0.0321572,-0.24101625,-0.12834893,0.051340874,-0.014205426,-0.008567691,-0.16374195,0.08711598
SPARCL1,0.08154671,0.15478511,0.11043571,-0.017761871,-0.08680921,-0.26543617,-0.121302135,0.09168352,0.15301937,0.20157455,0.102280304,-0.0016670619,0.028965244
GABBR1,-0.07018457,0.14256902,0.16244416,-0.056895893,0.020926364,-0.057849873,0.0474382,0.011121784,-0.13031386,-0.058802977,0.05228141,-0.042401988,-0.09633627
NRXN2,-0.014883109,0.14547394,0.15889326,-0.06772965,-0.04230379,-0.029127361,-0.012360484,-0.11228867,-0.16446996,0.10564713,0.084907524,-0.013142389,-0.106558576
NINJ2,-0.004702648,0.017865377,0.17153277,-0.07621315,-0.16577569,0.11187019,0.06860289,-0.07959924,-0.04725003,-0.0192357,-0.122279495,-0.16515115,0.06370256
PROS1,0.06393426,0.15337588,0.1552872,-0.010779537,-0.036204804,-0.010921486,0.04084783,-0.02382904,0.062060475,0.0020109562,0.04794963,0.061522555,-0.066623025
TNFSF13B,0.26921287,0.0220509,-0.10233911,-0.006592524,0.008106566,-0.13666469,-0.011566718,0.020425636,-0.14381213,-0.115366444,-0.13306493,-0.090252936,0.013329629
PPFIA2,-0.01649891,-0.18412082,0.29993203,-0.038840737,-0.0005227329,0.05373253,-0.035782978,0.107832156,-0.091874175,-0.008272733,-0.08925431,0.00566867,0.022664694
F5,0.1419385,0.041106515,0.07162195,-0.09016784,-0.13458098,0.13997526,-0.0045452295,0.16907726,0.21350577,-0.14965789,-0.015247671,-0.23144113,0.03809921
TNFAIP8L3,-0.09975645,0.14909732,0.0954728,0.051631574,-0.09858618,-0.00070931163,0.00087664486,0.03625162,-0.13867144,0.032200497,-0.13285184,0.011470759,0.0019271367
TSC22D3,0.035435535,0.027028538,0.120072074,-0.120812275,-0.05851233,0.013782424,-0.11800655,0.09095249,-0.19379233,0.09528491,0.014283918,-0.067263305,0.02660954
RGS1,0.2057115,0.0036771705,-0.10609227,0.00042215796,0.07695444,-0.01665715,0.048509065,0.10200224,-0.05895886,-0.043502185,-0.0759068,-0.28750417,-0.046089493
BMP7,-0.056264106,0.027545499,0.08238968,0.06575314,0.12382025,-0.03347598,0.27204487,0.029945174,-0.089666046,-0.098430365,0.06997676,-0.06293215,-0.22403358
GUCY1A2,0.049340907,0.21803649,0.030323468,0.08566494,0.027180012,-0.17695782,0.0035707788,0.043070674,0.21367374,-0.014880965,0.016337605,0.008172344,0.036944155
FN1,0.070757054,0.19045553,0.109170265,-0.061036482,-0.056107808,0.1622072,-0.22140573,-0.08319441,0.119631626,-0.045182794,-0.110549204,-0.2731808,-0.00371665
CAV2,0.10385302,0.22979337,-0.106066175,-0.00015412216,0.0005801258,-0.0929695,-0.20831545,0.22128326,0.106208645,0.17117706,0.039803535,-0.23207778,0.027372831
STEAP3,-0.004842294,-0.1418607,0.19739611,-0.011304895,-0.18471977,0.04284154,0.13238473,0.020866888,0.05537658,-0.14920841,-0.0743097,0.0008236809,-0.1481804
LCP2,0.27748233,-0.10093065,0.05371513,0.00050227786,-0.06301811,0.016628852,0.011710967,-0.003545693,-0.10415469,0.10346345,-0.083105385,0.0048083235,-0.16134286
IL1RN,0.24190356,-0.060775712,-0.033772446,0.0058067185,0.021440512,0.0009393226,-0.027177965,0.17503507,-0.12514403,-0.005929865,0.013219501,-0.23683116,0.012060986
COL15A1,0.12536152,0.1617024,0.03486803,0.02619075,0.013666692,-0.0076193237,-0.15791966,-0.20493096,0.23231785,0.18483482,-0.07088537,-0.33104974,-0.08501365
MGST1,0.13655737,0.0072971727,-0.088121876,0.06354,-0.016944993,-0.10433321,0.014453783,0.1513634,-0.13122316,-0.09607262,0.06752687,0.03549786,0.034853525
SDK2,-0.101901166,-0.08064178,0.27743864,0.029721007,0.0068246364,-0.023572432,0.115582906,-0.013981377,-0.008152981,-0.20588185,-0.09948536,-0.009951094,-0.117754914
LSP1,0.107861824,0.278444,-0.063571945,0.0023440886,-0.020410452,-0.13746002,0.023184072,-0.08990771,0.09823702,0.011977685,-0.054879952,0.048996575,0.24139205
CYP1B1,0.081753865,0.083895415,0.23898256,-0.02401514,0.08087227,0.07260428,-0.17170317,-0.037872974,0.09594249,-0.08098501,0.018419804,-0.018354392,0.19667795
PODXL2,-0.04652621,0.055554096,0.02892035,0.054246616,-0.008776977,-0.07327041,0.30891535,0.008472249,-0.063711554,-0.038270768,0.094049655,0.10913644,-0.2591621
SLC38A5,-0.017906783,0.14925076,-0.1502621,0.010313035,-0.059308432,0.0033111481,-0.048191283,0.20769402,0.057664648,-0.1378022,-0.024614908,-0.24011825,-0.019469358
COL11A2,-0.113177866,0.0253302,0.13587013,-0.00067578966,0.11421204,-0.11431235,0.31285658,-0.022503069,0.0037835306,-0.17692494,-0.008186583,-0.005224272,-0.09336286
BAMBI,-0.0687625,-0.23055351,0.253072,0.008387326,0.0584743,0.026204983,0.29070684,0.0045385235,0.05259045,-0.12892118,-0.11585896,-0.03210348,-0.11956474
AEBP1,0.029726323,0.37020767,0.040699776,-0.07652445,-0.007882287,0.17465974,-0.07468165,-0.18176512,-0.0372288,0.005273304,-0.07211962,-0.049294364,0.13426714
SERPINE1,0.09664037,0.1567819,-0.122469835,-0.029941378,-0.13079192,0.06307417,-0.21694432,0.09077798,0.069716476,0.00365666,0.023969831,-0.44070187,-0.17428741
MMP12,0.1033664,-0.007593289,-0.0036774592,0.0018448395,0.13008669,0.17689782,0.087510705,0.13018024,0.13367204,-0.037877146,0.02929935,-0.29694855,-0.01321046
TGFBI,0.032382905,0.3260606,-0.09350026,0.07066391,0.0010437358,0.14327903,0.081128895,-0.06659076,0.01653017,0.042300038,-0.17025113,0.018017069,-0.14684652
SNTB1,0.010285197,0.1322028,0.11895325,0.006144903,-0.0010132908,-0.019761676,-0.123665415,-0.12243274,-0.07530363,0.09211229,0.0073774285,0.020639881,-0.15657456
ANGPTL4,-0.069790296,-0.021989377,0.16155535,-0.008403714,-0.09581969,0.051667772,0.08298173,0.01396826,-0.104275875,0.1408314,-0.12921217,-0.1720883,0.07924442
SCD,-0.05730053,-0.09745878,0.080535084,0.12992384,0.008184155,0.039711975,-0.0925064,-0.075739995,-0.103823945,-0.13970351,-0.039579757,-0.0046967664,-0.039309584
PTGDS,-0.014914344,0.15174554,0.109891295,-0.00031356898,0.08701515,-0.0723929,0.17426263,0.05374654,-0.26070634,0.15379629,0.036583718,0.06302459,-0.02738375
LSAMP,-0.03168849,0.11546602,0.0946937,0.0020357778,-0.018471094,0.015941843,0.021349883,0.15473315,-0.14010204,0.040074553,0.04745325,0.02085462,-0.0005394044
GIMAP7,0.2679156,-0.006147215,-0.040504202,0.0020658001,-0.04201475,-0.18544543,0.012744228,0.0027165185,-0.16748403,-0.060992286,-0.08782122,0.042645622,-0.0011097661
RGS2,0.122557305,0.09274782,-0.035261456,0.007976925,0.23006438,0.03305844,-0.07842311,0.12774535,0.0041561066,0.024766514,0.14434233,-0.26003817,0.09858436
HOXD13,-0.08611422,-0.13106655,0.1866262,0.13946205,-0.0537409,-0.005305334,0.011009032,0.018996773,-0.19154312,0.0038125236,-0.029259123,-0.013066103,0.020952404
NAALAD2,0.015257185,-0.049899593,0.22114637,-0.0026387705,-0.027575266,-0.019336695,0.031848088,0.18174382,0.060863256,-0.050442673,0.043807425,0.0042651533,0.15659939
CFI,0.15179023,0.113571286,0.055162206,-0.051662702,0.010039662,0.005914984,0.016208393,0.15821062,0.05787872,-0.009681924,0.17578936,0.023992501,0.016900407
CPNE8,-0.00022293534,0.021710334,0.111656286,-0.00024621494,-0.1445266,-0.008789425,0.049717892,0.005092779,0.0042160335,-0.20827785,-0.03508048,-0.038066346,-0.01994365
CPXM2,0.010246395,0.17038977,0.15398681,-0.10604454,-0.092189625,-0.14157572,0.02259959,-0.019172318,-0.13075267,-0.006926651,0.061553564,0.032650404,0.024402995
MTMR11,-0.036230776,0.19307958,0.11468284,-0.05051555,-0.031646132,0.0059889513,-0.14820358,-0.010339445,-0.15687886,0.00135121,0.026991906,-0.09620217,-0.02815107
EMILIN1,-0.04876988,0.05780984,0.1389271,0.08314729,0.024481758,0.19219339,0.1834907,-0.106874675,-0.15706517,0.17984279,-0.17804897,-0.023687387,-0.07406519
BCAT1,0.018202314,0.16434711,-0.16340993,0.14717841,0.05637051,-0.037506375,-0.046372343,-0.030585727,0.12901512,-0.20107988,-0.0063689365,-0.15201077,-0.2239169
LRRC32,0.08639821,0.2332907,-0.0018863789,0.002408991,0.02209433,-0.07788228,-0.09534733,-0.2054015,0.13308804,0.18614954,-0.06242576,-0.26025024,-0.021550912
HSPA12B,0.015020065,0.34960738,0.02701274,0.0047457013,-0.061807655,-0.14229959,0.09058285,-0.092328236,0.057179198,0.06532307,0.017108899,0.121902816,0.04342236
TAPBPL,0.20048437,-0.068143435,0.095434345,-0.009464059,-0.060496446,0.0044007255,-0.028871091,-0.23561448,-0.10183546,0.008011868,-0.0042697606,-0.018822929,0.14259598
FMOD,-0.008345149,0.2413004,0.1370612,-0.12438162,-0.008297888,0.03983259,-0.08072796,-0.11617738,-0.006644987,-0.09752333,-0.059874527,-0.14535828,0.15312806
SGCA,-0.014760685,0.06183525,0.12956925,-0.042036273,-0.0134886615,-0.10150304,0.060103238,0.16778015,-0.0673031,-0.1610756,0.05066399,0.004826853,0.066320546
CHPF,-0.036672,0.23625144,-0.0016321196,-0.10528453,-0.0021141923,-0.0049112653,0.14142267,-0.24414337,-0.14148991,0.10416365,-0.1072522,-0.19056974,0.08728182
SUPT3H,0.03360399,-0.16370358,0.14800355,0.011232313,-0.025270956,0.050909016,0.02013544,0.06600018,-0.07514095,0.14639276,0.015346677,-0.10046174,0.13066912
GPM6B,-0.0005944011,0.015354328,0.15998788,0.106202625,0.008549495,-0.009999886,0.05055672,-0.03335321,-0.11325011,0.15010437,-0.042225584,0.21036227,-0.18102746
IL2RB,0.23021589,-0.0132382335,-0.005535436,0.025761155,-0.023942867,-0.11328573,0.024923157,-0.049663804,-0.17345095,-0.027411213,-0.008410258,-0.025608635,-0.026624544
MAP2,-0.017211357,-0.19365732,0.28650948,0.03461213,0.10960748,-0.013412231,-0.075871274,0.126103,-0.11195994,0.0096301,0.0427243,-0.08027885,0.005325426
PRICKLE2,0.0075902888,0.40980747,-0.03792495,-0.001785902,-0.05809914,0.0011437882,-0.08559577,0.018406136,0.07057652,-0.054650318,-0.0083612455,-0.0647854,-0.0026677134
NQO1,0.056608647,-0.12973855,-0.00045202984,0.022314064,-0.039516386,-0.0036626083,-0.11206701,-0.1286524,-0.015677258,-0.035505638,-0.03003285,-0.31367913,0.074148424
XPR1,0.09079031,-0.096553765,0.18257768,0.116925076,0.014755511,0.28237835,-0.0040848083,0.043092135,0.25244245,-0.1899558,0.13703294,0.120196104,-0.11333864
PTGFR,-0.0033385735,0.3663102,-0.004499858,-0.018803256,-0.036679972,0.07145555,-0.17629158,0.032167595,-0.054206368,0.008226373,-0.09933267,0.051931802,0.108834736
HS3ST3A1,-0.010593602,0.17953984,0.027487075,0.07017361,-0.0263953,0.02680776,0.057212684,0.05190498,-0.1696877,0.11404362,0.03170778,0.006309622,-0.20904323
SELENBP1,-0.008239813,0.15216945,0.07396395,0.07474952,-0.00174611,-0.22133917,0.19307639,0.06023781,-0.061046485,-0.12634125,-0.10000557,0.068994366,0.1623357
ALCAM,0.13129744,0.016913293,-0.0074704075,0.0058569936,0.31764707,0.038307425,-0.08209914,0.04288266,-0.049469896,-0.11809721,0.1102798,-0.021913776,-0.049405694
SLCO4A1,0.106773175,0.0142309265,0.05703808,0.0019320475,-0.05348134,0.20524758,0.26444048,-0.06305018,0.16739105,0.0005767746,0.36053386,-0.12008337,0.057603534
AOAH,0.27066982,-0.088787556,-0.031627476,-0.005857222,-0.006595092,-0.0679839,0.010939594,0.047559712,-0.13860326,0.009488745,-0.12578873,-0.04895051,-0.0059492816
C2,0.2258152,0.094642244,-0.095645756,0.012156327,-0.074751176,0.06282169,0.017172785,-0.031212633,-0.026514718,-0.009084162,-0.11626504,-0.008647374,0.037658803
MYH10,-0.009323095,0.12490625,0.09475912,0.08252892,-0.004671592,0.0021532474,-0.065237224,0.05266424,-0.14281066,0.14960307,-0.0935485,0.26162615,-0.108413726
LRIG3,-0.034017093,0.31747398,0.0058538816,0.063794956,0.018311732,-0.0046981047,-0.1228516,0.07412319,-0.065162115,0.013307235,-0.025182284,0.075706676,-0.04397998
NFKBIZ,0.09149044,0.15559517,-0.04693248,0.012570266,0.017389603,-0.050570592,-0.164179,0.16442189,0.014869387,-0.0010693687,0.006989402,-0.20569316,0.03455075
IL21R,0.19160669,0.0039913766,0.028392833,0.0016244948,0.115672246,0.03614725,0.15295975,-0.13482693,0.017254971,-0.021623021,0.10577952,-0.025503874,-0.014738897
ANKRD35,-0.0042313524,0.2879163,0.007332304,-0.0074272966,-0.18792231,0.003115663,0.18899333,0.067412704,0.07769468,-0.059251618,-0.018086817,-0.012943142,0.025131375
TP53INP1,0.1236158,0.02892471,0.19258498,-0.0056696087,0.006143705,-0.0196732,-0.009741876,0.20076826,-0.046852455,-0.07402472,0.12526287,0.1599623,-0.015818426
RAC3,-0.079118006,0.18909566,-0.008474719,-0.013975263,-0.048814557,-0.01537492,0.23251046,0.29591233,-0.14264303,-0.0120836,0.023849549,0.007788075,0.060750425
PPARG,0.13176359,-0.1079656,0.053946678,0.06586291,-0.021342795,-0.038392067,0.007797114,0.07499004,-0.046531282,0.16706498,-0.13838212,0.079410926,0.011739429
ADAMTS1,-0.012683447,0.29618362,-0.004990928,0.12496179,0.0643945,-0.11715764,-0.07192145,0.06200665,0.05775586,0.18319206,-0.021791905,-0.20475179,0.018613929
BACE2,0.004647593,0.24099666,0.068743005,-0.09408822,0.06424778,0.072357945,-0.0038305272,-0.29253033,-0.04933796,0.09912851,0.045365162,-0.10901572,-0.12815027
CDK5R1,-0.04196861,0.008400423,0.18461405,0.0640671,-0.027157338,-0.007958725,0.05021234,-0.059721757,-0.027089257,-0.074481316,-0.08961852,0.012323948,-0.021711621
SEMA6A,0.025787385,0.20343484,0.11521341,0.04769674,0.05748549,-0.20504509,0.04259503,-0.108974956,0.119598486,0.04862325,0.086537205,0.07731441,-0.1905925
NEXN,-0.0032807342,0.18445972,-0.068512954,0.0055015357,0.057069093,-0.18809444,-0.028266108,0.20954163,0.12434901,-0.13534464,-0.016776629,0.022084981,0.044869706
HES4,-0.0021738708,-0.113589786,0.2378506,0.049054265,0.029844536,-0.11644939,0.16097787,-0.068829246,0.008205152,0.27219668,0.02636922,-0.24700788,0.014473391
OSR2,-0.10083009,0.11416803,-0.0017161225,0.023304371,-0.0997675,-0.12218737,-0.038337983,0.21799515,-0.06515645,0.020193845,0.017606927,-0.12112186,-0.124256045
LCP1,0.2921898,-0.046346795,-0.022774136,0.0031250904,-0.060477488,0.17043479,0.09861227,-0.09780699,0.0940526,-0.117196634,0.03479347,0.034899026,-0.104541294
BCL6B,0.097532004,-0.011742894,0.22154783,-0.0035496054,0.075078726,-0.2133652,0.011621737,-0.0065275123,0.25746,0.3970897,-0.005050654,-0.011067243,0.000321104
EPHX2,-0.03182661,0.0019072625,0.20829284,0.012916419,-0.05165509,-0.026525404,0.05827754,0.037530888,-0.18940963,-0.022954432,0.056066345,0.00922937,-0.04597425
MAF,0.1044925,0.273158,-0.007323143,0.015374793,-0.1141139,-0.103808045,-0.071217895,0.054041628,-0.06744922,0.03731219,-0.041908532,0.13454287,-0.059263505
ADAM12,0.0362293,0.1358252,0.013867282,0.117086194,0.010614858,0.09215447,-0.11296949,0.055981442,0.24767247,-0.0204521,-0.098017156,0.0642453,-0.00656292
HERC6,0.17630354,-0.092556804,0.054395556,0.051181007,-0.004938103,0.006058012,-0.060529392,-0.14355262,-0.12105169,0.01054017,-0.059468765,-0.0918417,0.3496769
VANGL2,-0.018109541,0.04193314,0.18876098,0.047291137,0.14392324,-0.0066799438,0.017385857,-0.008184119,-0.20912942,0.0411959,0.103228524,0.15543215,-0.19907017
MGLL,0.031133527,-0.11059268,0.28000578,-0.0830031,-0.1376983,-0.1143839,0.03134189,-0.08736606,-0.032344818,0.035349872,0.021642748,0.003634964,-0.02050662
RASD1,-0.005802474,0.21105896,0.0010470143,0.02040872,-0.09057424,0.025319712,0.080741316,0.23350623,-0.0043577985,0.053644184,-0.023068156,-0.2098554,0.10810452
PCDH12,0.10043504,-0.0604158,0.25966835,0.0019479485,-0.07888347,-0.1610596,-0.0036479835,-0.1374859,0.2390303,0.4204138,-0.044139106,0.0042028204,-0.07721859
PARVG,0.3166803,0.029345842,-0.004731628,0.0012190422,0.007263634,8.429528e-05,0.081945226,-0.015270096,-0.13510758,-0.01662105,-0.05550086,0.10080757,0.025678325
KIF20A,-0.04015933,-0.05990487,0.026230061,0.38484466,0.00057331735,-0.0040401774,-0.017591799,-0.06540511,-0.052197702,0.004071597,-0.02709946,-0.0070550516,0.10845088
RAB20,0.24594262,-0.006409811,-0.043995406,-0.0023256352,-0.004025849,-0.0020171918,0.13151823,0.060643703,-0.19831447,0.08363481,0.10371408,-0.034756534,-0.00029931247
TRIB3,-0.035603266,-0.091928944,-0.023595527,0.08727991,-0.11050915,0.041944966,0.05296769,0.02044972,-0.14184044,0.18118705,-0.09101387,-0.30534393,-0.07822435
CD86,0.29270774,0.032569,-0.07424619,0.00024521613,-0.016513567,-0.032888632,-0.096895374,0.031256314,-0.120923646,-0.072300926,-0.24531095,-0.066970624,-0.03162594
FOSB,1.0587483e-05,0.024264585,0.033423144,0.0055815442,-0.08789691,-0.043107886,-0.06533692,0.031506643,0.100363955,0.008598669,0.0711988,-0.41091523,0.047828287
ST8SIA1,0.00013880366,0.08125308,0.17056553,0.054832205,0.0025405914,-0.010413526,0.02994134,-0.037880074,0.013739511,-0.0017877913,-0.03614056,0.046946596,-0.0071845837
ARHGDIB,0.26072538,-0.024421228,0.008202417,-0.09559877,-0.07462029,-0.00011005533,0.045891862,-0.10637643,0.023652535,0.11236963,0.054413684,0.0026587562,0.031891756
CYBRD1,0.0022976073,0.11898674,0.17328766,-0.029709145,-0.09883744,0.030038392,-0.33369914,-0.04563563,-0.046353057,-0.08229707,-0.12366329,-0.090110086,0.23486927
KIT,-0.00055327185,0.015067739,0.21277389,0.0031812564,0.16189809,-0.07405163,-0.10941503,0.030758897,-0.052215476,0.12962997,-0.11585062,0.04662389,-0.15736431
PDLIM1,0.031883407,0.20931444,-0.057179824,-0.00979123,-0.039939567,-0.10097527,-0.026177835,0.12008693,0.15016404,-0.04543605,0.104204975,-0.25824797,0.12890154
BNC2,0.05862903,0.3669936,-0.09900091,0.07240708,0.050901316,0.06591556,-0.19231923,0.116108246,0.089868546,0.013778143,0.033014525,-0.00034749758,0.034957122
GJA1,-0.0067050387,0.107938945,0.07731132,0.09722335,0.30223677,0.1830085,-0.027361674,0.06509995,0.13539672,-0.025642527,-0.1339985,0.112319835,0.14943951
CDH23,-0.044106133,0.20729913,0.14692295,-0.019650007,-0.04043726,0.023078771,-0.05212434,-0.08722654,-0.103721775,-0.050991867,-0.01425688,-0.047337934,-0.07193181
TNFRSF12A,0.063017234,0.16193324,-0.20040576,0.00401547,0.060155872,0.18600264,-0.0060918117,0.013417407,0.01906216,0.090964675,-0.01490545,-0.42604354,0.001255693
FHL1,-0.0015090454,0.34224984,-0.013569398,0.0036238702,-0.027594946,-0.08253923,-0.09004911,0.22068603,-0.047978844,-0.010057484,0.017385308,0.017574314,0.13641383
ARL4D,-0.08461229,-0.10214204,0.064395726,0.16289312,-0.0019871332,-0.0013026592,0.26328307,0.15439975,-0.02238779,-0.008650148,-0.13110657,0.0002971595,0.06109457
SIX4,-0.034486722,0.3555081,-0.12779708,0.1418339,-0.016052095,-0.010146894,-0.07156285,0.008481401,0.054870658,-0.08379679,0.029731715,-0.00199775,-0.07934638
DUSP1,0.08258352,0.07556739,-0.07494311,-0.0019632224,-0.10598061,-0.01436459,-0.13705121,0.10561583,0.054565437,-0.0040743216,0.05713921,-0.37425074,0.15481399
TFRC,0.003354518,-0.0015766502,0.07256555,0.16258444,0.009659259,0.18085091,-0.08697611,-0.1381851,0.15134752,-0.22183742,0.07804558,-0.008168102,-0.11963748
PLCB1,-0.0035299235,0.25450188,0.021732695,0.08450135,0.3248282,-0.21118249,-0.04203776,0.06921085,0.06655433,0.0040427833,0.006127692,0.03266638,0.00056073593
EPHB3,-0.07825218,0.3726134,-0.008548578,0.07169874,-0.10559565,0.01164185,0.037301492,-0.03506874,-0.08635392,0.11201846,-0.20979089,0.037296884,0.0027340825
CCDC3,0.022632115,-0.020246657,0.22144637,-0.05632597,0.0043788236,-0.09934722,0.011601331,0.12993987,0.035989176,-0.216831,0.044699192,-0.15691613,0.15614337
ADAMTS2,0.012178946,0.17897843,0.1407942,-0.079543635,0.024818042,-0.005709772,-0.006649662,-0.030888798,0.13063443,-0.18562937,-0.24702671,0.014636557,0.13401753
NETO2,-0.017730242,-0.062107865,0.004210584,0.16859823,0.14714399,-0.04775746,-0.02692574,-0.061063502,-0.030049738,-0.012043936,0.047480837,0.13244614,-0.1569711
HEYL,0.069880925,0.0062185735,0.20277984,0.0069109774,0.09713381,-0.13707139,0.15056716,-0.09362805,0.18636271,0.26257235,0.005303308,-0.15883444,-0.039169826
LAMB3,0.053465504,-0.09241783,0.14359654,-0.0019961412,-0.090291016,0.1000162,0.0023857793,0.037212197,-0.017571788,0.03761621,0.0308758,-0.24250926,-0.0492162
SV2A,-0.058844775,0.030544901,0.17368522,0.072406635,0.030437332,0.040256582,-0.016914507,-0.032661166,-0.117683925,0.041990813,0.059465688,0.016810613,-0.16723475
SLC43A2,0.27878547,0.06180909,-0.04000726,0.00685416,-0.10791013,0.06453966,0.032475356,-0.100899704,0.052044064,-0.06635913,0.07831767,0.021901174,-0.012183717
LTBP2,0.07452357,0.03465696,0.2098677,-0.15912487,-0.016008968,0.08776767,-0.17280394,-0.04011345,-0.16521852,0.05563702,-0.0030868566,-0.15655671,-0.15940592
PTGER4,0.16670595,0.09861429,0.008462188,-0.022144616,0.16213165,-0.07500063,-0.19146319,0.009226142,0.0040329816,0.041310377,0.016638046,-0.24177572,0.12451333
SKP2,-0.089534745,-0.024184732,0.1391122,0.27737495,0.01107127,-0.013311215,-0.045587324,0.06383801,-0.1296244,-0.014766389,-0.0014295671,0.12831213,0.00372172
EPHB6,-0.00039447966,0.022511,0.22418214,-0.059773915,-0.036681674,0.010686474,0.0053888257,-0.03864325,-0.23643075,0.12638213,-0.014253105,0.002184643,-0.077245615
INPP5D,0.29395303,-0.03360964,0.062146347,0.0008604315,0.043968815,0.00042247193,0.06223546,-0.12535626,0.04125845,-0.09138161,-0.04195288,0.071547486,-0.15409318
A4GALT,0.10415568,0.214669,0.008456404,-0.08873133,-0.025987437,-0.15732644,0.029466264,0.031999674,-0.002317391,-0.072303124,0.020877505,-0.14621578,0.16591056
FAH,-0.012702525,-0.20120849,0.08958601,0.100409724,-0.018086001,-0.044356324,0.03975871,0.0048875078,-0.06924871,-0.10520812,-0.11035357,-0.05029725,0.05752695
JDP2,0.091995336,0.08855024,0.16450234,-0.0050356523,-7.3202054e-06,0.38139698,0.1490713,0.027892312,0.14445372,0.0653962,0.07949664,0.03575962,0.1579458
SOX18,0.077523135,0.053807963,0.07498371,-0.025835935,0.06317353,-0.21412098,0.30553374,-0.1906038,0.15735188,0.23441648,0.09202564,-0.14269403,0.19505945
PCSK5,-0.0056887227,0.17645478,0.14034125,-0.02887242,0.016848814,-0.0025786117,-0.098348364,0.071026534,0.103430405,-0.18953109,-0.03799242,-0.10273381,0.021175463
GM2A,0.08755059,-0.12192391,0.13163196,0.0029680883,-0.08689182,0.2026254,0.016079755,0.07868058,0.09239009,-0.04007412,-0.057994768,0.025147665,-0.13113588
HMOX1,0.2058781,0.012527388,-0.113584176,0.071661726,-0.027562495,0.03974205,0.026541583,0.23102313,0.049477786,0.036031887,-0.1179664,-0.123075016,-0.0005384151
DUSP2,0.15126683,-0.052724335,0.043212853,0.0005381449,-0.05480019,0.24231687,0.1869144,0.03825006,0.069163725,0.077769585,0.26598716,0.114812985,0.013371106
ERRFI1,0.026008504,0.010514013,-0.06464247,0.035447735,0.016942509,0.0338404,0.0068789413,0.22314887,0.18560189,-0.12195996,0.006639945,-0.37432605,0.023121782
AOC2,-0.04699253,-0.07786704,0.28600147,-0.0036600598,0.056556076,0.0010071915,0.124215275,0.0023137282,0.015083639,-0.13414326,-0.10055023,-0.13506304,0.1487828
MTSS1,0.081000835,-0.25649056,0.2196451,0.05742081,-0.0088070175,-0.09276457,0.1006129,-0.09428964,0.17427547,-0.018297128,0.00021689017,0.0020302685,-0.15619779
EYA2,-0.011193727,0.26205242,0.016737381,-0.01821469,-0.046925023,0.059952628,0.0074888775,0.0931192,0.048876595,0.07345418,0.018498711,0.19621387,0.07745838
ROR1,0.0007043136,0.32460156,0.010180832,0.0066327816,-0.019575488,-0.005069214,-0.16542238,0.06713632,-0.008897701,0.045742173,-0.076664865,0.05877272,-0.03232624
PRPH,-0.073678136,-0.06737303,0.0954579,0.04236526,0.022978602,-0.11645943,0.099121474,0.0368912,-0.23079583,0.03851449,0.085317194,-0.09583172,-0.0058178995
PLAG1,0.011913653,0.1132263,0.05771204,0.000531774,0.16602457,-0.051617134,0.09584157,0.15829228,-0.110839985,-0.0015312133,0.11135551,-0.036471475,-0.37604028
ABCA3,0.1915488,-0.04405253,0.08563525,0.004262332,0.004237647,-0.12254788,0.13697699,-0.13158917,-0.09702823,-0.2608839,0.09821863,-0.0065528303,-0.18642354
UNC5B,-0.024887659,-0.15178443,0.31636158,0.015982047,-0.00064103137,0.09628603,0.049372897,-0.08438632,-0.012075991,-0.009056535,-0.13239361,-0.17799553,-0.1508476
EPAS1,0.14659372,0.0040182713,0.2370394,-0.09596502,-0.009828768,-0.048613433,-0.25925827,-0.15355378,0.09665144,0.02957244,0.017059917,-0.072878994,0.073127545
SMPD3,-0.060911495,-0.12400434,0.21252985,0.050896462,0.09992458,-0.069043994,0.30199918,0.01468335,0.14027025,-0.19821982,-0.21168965,-0.020301221,-0.16507849
PTPRG,0.08510814,0.16409533,0.17899254,0.04939799,0.27795956,-0.117826514,-0.18946308,-0.029966956,0.21829909,0.025555974,0.054788403,-0.004808761,-0.21730822
IGF2BP3,0.011646306,0.05471404,0.01373487,0.164281,0.174283,-0.18647605,0.17367801,0.08275334,0.19746204,-0.03219196,0.06668868,-0.088114865,-0.18377483
GPRASP2,-0.004181899,0.0769708,0.16151318,0.03978937,-0.02631065,-0.08048378,-0.047888767,0.1506915,-0.08374246,-0.12449213,0.019413326,0.09836761,-0.12923203
SYK,0.25353017,-0.002318736,0.035108954,-0.0007475602,0.025030548,0.17279583,0.16176507,-0.01212595,0.04792751,-0.017370926,0.09480597,0.14304368,0.009607159
PYCARD,0.28941092,-0.006331803,-0.013024496,-0.042540364,-0.096797965,0.005536873,0.10983979,-0.053292956,-0.17588468,0.018087262,-0.039175116,0.015950818,0.071192294
CYGB,0.060413275,0.01004207,0.25606287,-0.0070650107,-0.0016091623,0.087726116,0.17374673,-0.14045714,0.13498764,0.10828608,0.114866324,-0.008190185,0.10765235
STEAP2,0.050202,0.15803725,-0.08304789,0.07274189,-0.11381229,-0.035670713,-0.0775092,0.22878543,0.08907153,-0.053564552,-0.047616407,-0.037480135,-0.18507229
ID1,-0.12354656,-0.02224981,0.04730375,0.07218313,-0.014142444,0.00051037216,0.3285675,0.056807805,-0.08424285,0.17776133,-0.08682035,-0.131036,0.2435909
PTGS1,0.1362073,0.20913187,0.022187946,-0.047535438,-0.08278624,0.09255723,0.11349247,-0.012429691,0.012617991,-0.05211739,-0.123388894,0.026189096,-0.22288077
CGNL1,0.019097935,0.2739545,0.10266985,-0.003973044,-0.034851193,-0.06301208,-0.18365891,-0.18100458,0.046982657,0.06165744,0.057129785,-0.02236991,-0.129023
LRRN1,-0.011519362,0.12525775,0.17014526,0.031283237,0.00044342555,-0.062193,0.0700706,0.07136597,-0.035060555,-0.058550358,0.006859898,0.17378241,0.015090577
CDH15,0.0018617763,-0.2108468,0.22915453,0.01797809,-0.000511824,0.010507069,0.26369098,0.0058454163,0.10351647,-0.0059349313,-0.22763751,-0.08914989,0.027518291
TNN,-0.10543349,0.2574479,0.0038915342,0.0040133265,0.0061922525,0.017368326,0.08599036,-0.009073205,0.0376105,0.011356459,-0.29477248,0.03295711,0.005545995
DAAM2,-0.06468124,0.013733774,0.21770301,0.0027694895,0.13072652,0.009316147,-0.07049203,0.192473,-0.13881762,0.095533326,-0.1694522,-0.01972689,-0.012878747
PTAFR,0.29355335,-0.05429939,-0.019967124,-0.03715065,0.065051705,-0.005999207,-0.083133966,0.10709998,-0.071511135,-0.06670854,-0.023736965,0.015128379,-0.010110646
BNIP3,-0.10309208,0.046056457,-0.10455359,0.05404585,0.07874035,0.04609317,-0.055564873,-0.011398311,-0.0105568115,-0.19618988,0.046742607,-0.25961915,0.03846115
CLIC6,0.05224297,0.07168863,0.09369421,0.005391131,-0.07516307,0.11200717,0.16310184,-0.004930926,0.09170846,-0.037656333,0.066691965,-0.08429352,-0.10665791
FSTL3,0.07081048,0.15367153,-0.026555018,-0.0027985198,0.01565637,0.23189032,0.23630007,-0.06819125,-0.017410673,0.006255423,0.2290496,-0.12568034,0.196658
IL1R1,0.058307257,0.048813798,0.17087133,-0.0667242,0.31949142,0.1278128,-0.25860468,0.00941428,0.059562948,-0.021132227,-0.09371032,-0.1020196,0.1046391
CD72,0.23457804,0.00029008574,-0.10817483,-0.0059360373,-0.10632425,-0.08167972,0.08679441,0.16521512,-0.065413885,-0.06934507,-0.108936325,-0.009541078,-0.037867617
LEF1,-0.054548252,0.02314096,0.23622228,0.034138843,0.0130075645,0.0155679835,-0.0050713485,-0.11195077,-0.04664723,0.11908128,-0.051335752,-0.039889034,-0.1682611
PLAU,0.14699161,0.11014301,-0.13611755,0.07488941,-0.03995587,0.097777896,-0.15649167,-0.015696136,0.11972929,0.19568697,-0.04104662,-0.36231613,-0.016313333
BCL11A,-0.022538316,0.09634505,-0.009167063,0.068855934,0.056719925,-0.020367177,0.08793326,0.08875096,-0.16105841,0.11067261,0.020107802,0.22581093,-0.29166797
SLC1A3,0.052685186,-0.045160677,0.07982374,0.07971782,-0.041372206,0.14952736,-0.05202716,0.026991349,-0.11776636,0.1943358,-0.19789472,0.16518843,-0.051679626
F3,0.03344795,-0.0013626677,-0.024839843,0.013107035,-0.045587484,0.008088111,-0.04346176,-0.0062462986,0.086293906,-0.13831314,-0.018965969,-0.26653972,-0.008854714
FGFRL1,-0.06459283,0.33160096,-0.03410234,-0.007226166,0.0031857977,-0.09735451,0.12945162,-0.024583157,-0.10213102,-0.007836364,0.08863821,0.016541386,0.007360913
PTPRE,0.26092643,-0.0011324745,0.05260587,-0.0018897697,-0.0698793,0.15120669,0.03961714,-0.008546006,0.19765392,-0.008856544,0.09792641,-0.00867629,-0.102579884
SETBP1,-0.05045244,0.11157363,0.28749418,-0.013507268,-0.056670636,0.027716946,-0.3051682,-0.008328026,-0.1673858,-0.0610108,-0.043435726,0.09338273,-0.09544031
BMP5,-0.0020515965,0.12803864,0.05860195,0.021770988,0.110285416,-0.12128816,0.17352682,0.14125323,0.009782062,-0.0114739705,0.01224287,0.1882888,-0.015011234
COL5A1,-0.04893804,0.35221833,0.048525304,-0.0034884484,0.053469464,0.15216234,-0.0029313338,-0.2109025,0.116903245,-0.02614689,-0.29459122,-0.024473637,0.00901308
SQLE,-0.07016784,-0.14022717,0.04195059,0.13894327,0.0018591876,0.01696265,-0.007089543,-0.087686665,-0.059354756,-0.0736006,-0.0050469646,-0.11466831,0.041963078
TBX3,-0.086308405,0.06598061,0.2397151,-0.020349503,-0.014791478,0.022555808,-0.042078935,0.14902024,-0.25030574,0.15883358,-0.02638836,-0.066736735,-0.023652464
CSPG4,-0.076504,0.10556094,0.21027038,-0.015228758,0.00011489346,0.09150978,0.0013335567,-0.045356404,0.027119821,-0.10766742,-0.13625781,-0.2967644,0.005411492
MET,0.09786008,0.093481064,0.028822817,0.07946922,0.31426758,0.13676177,-0.16851152,0.06223529,0.1659741,-0.0475046,0.31997278,0.16745092,-0.0012076668
ITGA4,0.07720754,-0.04512817,-0.0064762966,0.17552611,0.08589427,-0.120435104,0.09884472,0.18586403,-0.066959344,-0.020013107,-0.053789698,0.13609196,-0.06083331
ZNF521,-0.018036703,0.40567696,-0.0048902263,0.012674144,0.013907773,-0.07205976,-0.15031366,0.027132487,-0.07693882,0.021455688,-0.020943208,0.10648519,-0.05797725
EPHA3,-0.06209221,0.025811272,0.12843357,0.0024024763,0.1291951,0.12649834,-0.053087346,0.12653874,-0.15285523,0.18682797,-0.12920006,0.0096400315,-0.18534568
PRDM8,0.00471129,0.0034839937,0.16222726,-0.050746486,0.10351046,0.18281767,-0.18309742,0.05920467,-0.1469445,0.055589277,0.07633874,-0.022143507,-0.098280415
INSIG1,0.05476762,0.009539041,0.101859525,0.104273714,0.0034249711,0.33385143,0.09549309,0.037030272,0.110955544,-0.01696026,0.16270626,0.0008969961,0.1298605
TMEM100,0.042146463,0.2262935,0.12726401,-0.014429287,0.028335612,-0.018943876,0.035328776,0.086069174,-0.008499403,-0.08659939,0.034554575,-0.21161075,0.08819631
FOSL1,0.034365125,0.07831199,-0.1585017,0.07605527,-0.13341329,0.14684282,-0.18271475,-0.06921748,-0.0032158315,0.034606952,-0.017519228,-0.47939748,0.05166845
PPFIA4,-0.07437271,0.15816404,0.11487879,-0.0053445078,0.06207077,-0.016718017,0.017138092,-0.05334943,-0.07554202,-0.16750099,0.17210485,-0.002737429,0.12686902
IL10RA,0.29645866,-0.016806712,0.0012587609,-0.0019430898,-0.08281031,-0.06604993,0.017147893,-0.015442235,-0.065820575,-0.0063648387,-0.13756803,-0.021878656,-0.10464962
SLC11A1,0.25524583,-0.010485301,-0.14068465,0.047077965,-0.005810036,-0.011722247,0.03645644,0.16172242,-0.12101636,0.0122375805,-0.1142277,-0.1806877,-0.012003779
AMPH,-0.029153274,0.23587593,-0.0025267815,0.0017965378,-0.09368037,0.06700996,-0.16075099,0.16034544,-0.10707642,0.03115933,0.016889052,-0.06058129,-0.1624457
GTSE1,-0.050279785,-0.02419876,-0.0049213045,0.35991836,-0.059644565,0.007040273,0.03184779,-0.036509264,-0.09111045,0.062208954,0.006936831,-0.053719193,0.005887502
SAMSN1,0.2908881,-0.022367517,-0.07604092,0.0037795021,0.069431126,-0.077815846,-0.040916517,0.24542834,-0.2076089,-0.045684524,-0.12970397,-0.064001516,0.05963879
DACT1,0.0051897103,0.3489164,-0.005703835,0.032769736,0.07223191,-0.09456565,-0.15843494,0.077405505,-0.014520274,0.019022256,-0.0008525566,0.023304792,-0.091532506
SULF1,0.08793719,0.14805445,0.13729681,-0.054005902,-0.021353375,0.13280918,-0.18830149,0.044943575,0.11853936,0.027616156,-0.028291669,-0.14962755,0.038483866
CTHRC1,0.01779814,0.16218135,-0.032393817,0.006627644,0.20627779,0.1236613,0.08707842,0.0032306851,0.19690353,-0.09080528,-0.14215463,-0.15000908,-0.034475986
ST3GAL6,0.13545896,-0.1440154,0.14539361,-0.001134664,-0.026680093,0.041419223,0.06505107,0.0969612,0.1977416,0.02329716,0.12926239,0.0730434,-0.23453867
AGTR1,0.003902439,0.16271381,0.09185711,0.0056470963,-0.016708609,-0.0100249415,-0.17671163,0.22777136,-0.030717144,0.034264497,-0.025034769,-0.0043883678,0.13077702
HEY2,0.034168046,-0.10609643,0.28908318,-0.0020060334,0.0923213,0.06971293,-0.0053928304,-0.052920137,0.06305893,0.078764275,0.01354359,-0.027519867,0.14875577
PMP22,-0.012517088,0.2851466,-0.06523536,0.0033164767,-0.07702027,0.049696963,-0.0350529,-0.088327914,-0.044038802,-0.01128901,-0.08725691,-0.19946331,-0.021733433
FBLN5,0.010564525,0.25437564,0.15741646,-0.077087305,-0.012505124,0.0073989797,-0.16003644,-0.032082655,-0.08980839,0.055879466,-0.0074206307,-0.039083168,0.08633627
PTPRZ1,-0.02577214,-0.11002391,0.21853352,0.039577182,0.13163705,-0.073629536,0.19526364,0.18785869,0.1014387,-0.18040915,0.051055565,-0.054227095,-0.07596042
C5AR1,0.25923488,0.00050399883,-0.11781007,0.013050692,0.0014691781,-0.067798086,-0.01726345,0.21879937,-0.10551481,0.004673421,-0.14170577,-0.21843934,-0.0044579664
MFAP2,-0.052508317,0.2861707,0.068101384,-0.007981746,0.09175814,0.14953925,0.16136423,-0.08656771,-0.12855156,0.10564822,0.048201647,-0.014093631,-0.09469512
UBE2T,-0.08253668,-0.14061305,-0.027868066,0.29888642,0.11329476,-0.008601404,0.09622915,0.013313434,-0.09922096,0.05883641,0.091706045,-0.13656636,0.06814102
ALOX5,0.207069,-0.013262273,0.019209197,-0.12048784,-0.07842875,-0.012175503,-0.12509672,0.09102678,-0.103263915,-0.015068165,-0.09188592,-0.016745623,-0.054185137
PLTP,0.07151208,0.12065107,0.013688109,-0.0056644455,-0.12330881,0.009998896,0.23726961,-0.015190933,-0.13951682,0.09427864,-0.18055151,-0.0052602193,-0.31743333
IER5L,0.006507473,0.20949355,-0.08185891,-0.0033568165,-0.0012990282,-0.053304847,0.14632368,0.045193557,-0.07562171,0.22265494,0.1167436,-0.2268892,0.24708799
SLC16A3,-0.0327421,0.09524612,-0.09661429,1.5079985e-05,0.2525789,0.20550844,0.14939985,-0.01456023,-0.022736775,-0.084015064,-0.006238133,-0.41752836,-0.045457676
HRH1,0.0042532026,0.25553122,0.012848437,0.04798784,-0.084954835,-0.04866942,-0.120808534,0.11962158,0.009390653,0.18270496,-0.0814247,-0.055266805,-0.112861656
AMOT,-0.10378155,0.06787149,0.1874819,0.137926,0.0026342766,0.016620168,-0.0148321465,0.08701844,-0.07323822,-0.005691998,-0.15761049,0.18747497,-0.059747484
FLRT2,-0.07558806,0.283028,0.05236335,0.10364934,-0.042374425,0.012256568,-0.0038788018,-0.10056393,-0.06581256,0.07662248,-0.09482955,0.16049695,-0.123424135
PIK3AP1,0.2784156,-0.06475092,0.04599179,-7.272515e-05,0.36179823,0.115296036,-0.027304571,-0.08418442,-0.0077419756,-0.109368,-0.028132105,0.013883551,-0.040762488
NOTCH3,0.00094557076,0.040680874,0.27673772,-0.0015535472,0.011369078,0.07217204,-0.059811585,-0.08223998,-0.009217465,0.3099537,-0.07968201,-0.08458926,-0.0133465445
GZMB,0.21125685,-0.02033237,-0.076951556,0.01657116,-0.09922811,-0.08605532,0.053868487,-0.08078337,-0.119041,-0.0044461056,0.048948694,-0.0364927,0.011753046
B2M,0.24194059,-0.067071766,-0.007262111,-5.3995485e-05,0.24769905,-0.035161998,0.0031732765,-0.24948537,-0.10696239,-0.04936172,-0.0065898323,-0.07771695,0.20747979
MSR1,0.27126142,0.01955847,-0.11676155,0.012128217,0.0046857563,-0.02935438,-0.06932974,0.27642423,-0.12731688,-0.07039512,-0.29595152,-0.017201677,-0.0065021473
FJX1,0.013885997,-0.04276844,0.17157152,-0.037342362,-0.008208583,0.044253025,0.13943478,-0.051302183,0.079776764,0.14971453,0.07763487,-0.15043809,-0.18199663
PLEKHA4,0.030196568,0.19861346,0.0610043,-0.0099418415,0.009799527,-0.027254308,0.118555516,-0.017182214,-0.20662685,-0.0030227704,0.068444535,-0.14383826,0.12369533
EPDR1,0.07092979,0.0019451099,0.14719036,-0.012856471,0.01801461,0.20841244,0.024412932,-0.013966879,0.006850907,-0.034867384,-0.11648738,-0.025773188,0.21697797
SOX7,0.11189732,0.03670769,0.21322665,0.0013141958,-0.054920197,-0.27992266,0.024572277,-0.02601648,0.25888738,0.2885296,-0.002469938,0.0065510576,0.003690223
DUSP10,0.1408922,0.09786702,-0.031335972,0.029486842,-0.042536125,0.09803498,-0.102765195,0.03608512,0.010098243,0.123025484,0.120042205,-0.29918453,-0.0070233434
ENC1,0.02898747,0.019977326,0.08887399,0.081733584,0.08608287,-0.18882896,-0.0072614504,0.048304584,0.014623493,-0.027970057,-0.08498887,0.0016685657,-0.25146997
STK32B,0.02307415,0.28333575,0.009837371,-0.007952316,0.054370694,0.0018346794,-0.004973763,-0.0777887,0.06122252,0.044198856,-0.053810734,0.10347788,-0.06715587
CCDC68,-0.05469045,0.07792338,0.07163316,0.063850135,-0.008852761,-0.05682239,0.06963734,0.0318552,0.017836023,-0.046800945,-0.10097001,0.01924951,0.110022664
GABRE,-0.0039313613,0.2113899,0.046913106,-0.0005891958,0.001156706,-0.13860102,0.20258448,0.19597259,0.00981874,0.052046005,-0.06765215,-0.016000282,-0.057606544
EPHA2,-0.05568447,-0.107249446,0.110552475,0.1150222,-0.005721374,0.073244765,0.11345851,-0.049481664,0.040280927,0.008334555,-0.15270008,-0.21277544,-0.12046565
ALDOC,-0.059825692,-0.011328815,-0.100235924,0.010136978,-0.014034518,0.079283595,-0.11166934,-0.14876367,-0.10792016,-0.13491528,-0.083225936,-0.14812532,0.013757469
CENPF,-0.07951761,-0.050576363,0.050095845,0.36079946,-0.013873321,0.0064860154,-0.14083247,-0.11185995,-0.04413134,-0.03398803,0.017882738,0.010479485,-0.022621721
JPH1,-0.058810826,0.16010039,0.057048578,0.01653335,-0.025831906,-0.21780972,-0.045760527,0.12176062,-0.02241652,-0.17772634,0.20762226,0.093832105,0.010983152
FRAS1,0.004863314,0.15289804,0.009835062,0.03268489,0.024592595,-0.06741004,0.0017529735,-0.011328127,-0.08150008,-0.06541917,0.04888623,0.021283718,-0.126677
EYA1,0.012152777,0.12482485,0.116004996,0.099620104,0.1913766,0.10215502,-0.041603364,0.2565546,-0.10057391,0.08856428,0.010264043,0.26277757,-0.0082497075
AADAT,-0.0632211,-0.11117772,0.09080842,0.11154744,-0.0015477957,-0.027993167,0.015299169,0.11108472,0.0037879515,-0.055201143,-0.004230808,-0.0035204142,0.060541023
TNFRSF11B,-0.07202211,0.1178499,0.077095464,0.020076774,-0.028285224,-0.10813618,0.14197889,0.0046231714,-0.09382048,-0.08327135,-0.15768503,-0.18478245,-0.054281965
RGS4,0.10644009,0.05280242,0.12743004,0.012036757,0.010551293,0.3283112,0.06692845,0.05617892,0.07210871,0.11734497,0.26280975,-0.005754521,-0.0054445826
RTN4RL1,-0.061304253,0.09806424,0.13089003,-0.03283139,-0.121927544,-0.0087525705,0.15388587,0.23746699,-0.20300142,-0.05334059,0.026491622,-0.033086296,-0.107171334
ATP6V1A,0.14125058,-0.035481475,0.13361542,0.094175406,0.0437442,0.3546894,0.10278665,0.0601024,0.23168574,-0.035605237,0.13500151,0.12077165,-0.0011314313
EMCN,0.10208777,-0.04456044,0.16008578,-0.033385456,0.04693538,-0.28300047,-0.0135367075,0.12123222,0.22677739,0.3564145,0.031408723,-0.060431946,0.063166864
TNS1,0.042350885,0.3735083,0.003368715,-0.0039646276,-0.11844487,-0.09519005,-0.16419259,0.03955043,0.078930974,0.016970482,0.013959767,-0.058892835,-0.030923333
C1QA,0.28704464,-0.044326536,-0.03172666,-0.051131885,-0.031186828,-0.12650427,0.064798705,0.01708217,-0.20967372,-8.7092834e-05,-0.18727218,0.032136865,0.005601238
ALDH1A3,0.007960349,0.06727236,0.13934585,0.008549386,0.022201551,-0.09354074,0.13905199,0.004463859,-0.12353685,-0.0038882713,0.04459686,0.030738413,-0.064934365
ECHDC2,-0.0015258079,0.06991285,0.014598805,0.0071762875,-0.09002719,0.005493197,0.095770694,-0.09601583,0.04928577,-0.13349535,-0.02913204,0.018518964,0.11241977
CSF1,0.2005745,-0.05906266,0.1335419,-0.05099361,0.0064705973,0.25853065,0.10399477,-0.030916177,-0.02579284,0.06741087,0.0057931826,-0.022163987,0.051272597
FNDC4,-0.03515533,0.21330582,-0.014558917,-0.0062045204,0.04534812,-0.01098649,0.16104172,0.19848318,0.0037059062,-0.01728234,-0.09234828,-0.00906038,-0.21271135
PTPN22,0.15475498,-0.04938425,0.11393081,0.021528875,-0.100868955,0.34942234,0.15993263,0.104333796,0.20363362,0.0018161514,0.14808676,0.15894008,0.0070904526
HCK,0.17725125,-0.19359426,0.053592082,0.0073571317,-0.09104229,0.147347,0.08454851,0.015338209,-0.18177778,0.19484842,-0.112223335,-0.16313408,-0.17563634
TIAM1,0.06293715,0.15364651,0.14604478,0.13548683,-0.16958635,0.20659639,0.117967315,-0.066482894,0.07729919,-0.0063743563,0.20218578,0.2202971,-0.05897286
ITGAM,0.28026944,0.03452268,-0.09279701,0.0032122715,0.055641744,0.03936026,0.014277461,0.2637572,-0.08043624,-0.0025654,-0.1562446,0.009035604,-0.06414341
FZD3,-0.059142016,0.06870328,0.029433433,0.100663275,-0.1330922,-0.0037512812,0.058770407,0.1860999,-0.008502487,-0.07812376,0.0707666,-0.003431489,-0.25766385
F11R,0.16335933,0.08318651,0.10814072,-0.04049583,0.30968055,-0.14340186,-0.052139357,0.11914609,0.2151505,0.093337595,0.032946315,-0.07098514,-0.111536466
PLEK2,-0.013874442,-0.027122505,-0.018315477,0.09905199,-0.21167862,0.023135161,0.097109206,0.07881633,-0.068820104,0.017500676,-0.057643835,-0.12034012,-0.26090142
PTGS2,-0.0068485076,0.12466964,-0.06450905,0.09200133,0.20960933,0.09189459,0.08468366,0.076961406,0.027309408,-0.018664062,0.024783095,-0.43127817,-0.07347603
PAG1,0.1828642,0.105805844,-0.015937591,0.019966705,0.055105727,-0.028228205,-0.13340586,-0.0044274013,-0.10399057,-0.07687511,0.03113788,0.044889122,-0.25672764
COL6A1,0.00029862075,0.32786646,0.022734387,-0.055922564,-0.0054151504,0.13964984,-0.16890532,-0.17408684,-0.04464391,0.20655857,-0.12239731,-0.2699693,0.111749224
TUB,-0.117015816,0.15153447,0.109967805,0.06321759,0.16056518,-0.07882924,0.0233357,0.023033405,-0.03045139,-0.12176121,-0.065131366,0.1446014,0.07193284
CBS,-0.07960865,0.006894241,0.11667149,0.15394467,0.024927557,-0.0041639605,0.13060279,-0.10637711,-0.1795172,0.040701743,-0.083636664,0.017949903,-0.014033373
RGS18,0.276146,-0.0018744401,0.008934588,-0.044035558,-0.004701062,-0.10262047,-0.009790019,0.24233285,-0.05446415,-0.08900929,-0.1378238,0.012469216,0.0825139
GALNT14,-0.033520415,-0.1118679,0.17340006,0.0019894124,0.22802751,-0.062410418,0.10644997,0.033846445,0.015998906,-0.115126655,0.06891258,0.07694271,-0.06603558
MCAM,0.03826775,-0.004904513,0.103269696,0.10507084,0.25112718,-0.3067008,0.11667912,-0.12627408,0.35923967,0.15323551,-0.0010690186,-0.13243598,-0.032482732
VDR,0.0485028,0.01211124,0.15127121,0.09602432,-0.122430235,0.08995593,0.16953057,0.0017778357,-0.018422663,0.03563424,-0.058713336,0.033273164,-0.14151673
SLAMF8,0.30066204,0.00088578067,-0.045017123,0.034640264,0.0050568692,0.0071434556,-0.06677449,-0.11994644,-0.10222666,-0.087694265,-0.06239234,0.006285598,-0.08012908
DHRS3,0.09770723,0.101099126,-0.036738843,-0.00369537,0.03050931,-0.13153896,0.19233415,0.08168487,-0.045140024,-0.13708256,0.10549186,0.04730771,0.0349927
PKIA,0.07026826,0.16333927,0.025209349,0.025859281,0.22115263,0.07714473,0.06301227,0.21168734,0.12814258,-0.1706777,0.31011805,0.098476104,0.004350889
ARHGEF19,-0.09850168,0.22843945,0.11207203,-0.09502974,-0.059240896,0.1037177,0.13554172,-0.048593532,-0.029939333,-0.022750985,-0.15128146,-0.05909638,0.28167644
ITGAL,0.29697216,-0.039919402,-0.028557576,0.031669352,0.01468106,-0.08680299,-0.021753218,-0.13407417,-0.11613248,-0.09587054,-0.030052284,0.030409139,-0.11778304
GHR,-0.021244273,0.08798399,0.24537441,-0.01044951,0.21866167,-0.016140277,-0.20640618,0.061333466,-0.0043714303,-0.13167518,-0.12764505,0.12909609,0.104488686
SCRN1,-0.0026363777,-0.03790119,0.13762082,0.011489692,-0.13687678,0.010388217,-0.12850133,-0.12488292,-0.011470229,-0.05778153,-0.011319704,0.0114001,-0.25387082
ANGPT1,0.008065373,-0.15711732,0.17144893,0.08230016,0.18116106,-0.10595935,-0.027753096,0.11021473,0.14475928,-0.07284761,-0.10303788,0.07157052,-0.09086286
DNAJA4,-0.0015652137,0.0034804186,0.12662692,0.07658131,-0.12156826,0.020256812,0.12929548,-0.02003318,-0.043250915,-0.15441819,0.12359344,-0.14461072,-0.14226086
GNPTAB,0.151487,-0.011234296,0.16850552,0.048898987,-0.1831519,0.325507,-0.0011053652,0.10056577,0.24117875,-0.10613152,0.13285501,0.15525474,-0.0039034712
ITGBL1,0.06337707,0.2653016,0.06884924,-0.09297683,0.28706038,0.0014890059,-0.08424012,-0.09008604,0.020521883,-0.17267314,-0.012404627,-0.13485113,0.15435377
PTPRC,0.31054452,-0.022937575,0.0014499925,0.035133135,0.01001258,0.06118507,0.017761093,-0.031073662,-0.0057196547,-0.104690686,0.0049405284,0.04624312,-0.013163312
BMP2,-0.050859604,0.01413852,0.15531823,-0.0034175687,-0.0016481288,-0.014063391,0.20341448,0.0015038708,0.025955586,-0.093404524,-0.01976718,-0.27974495,-0.21656264
CD83,0.07470065,-0.0849466,0.12771726,0.08872509,-0.010675052,-0.010317595,-0.033810697,-0.05419699,-0.22094734,0.04133589,-0.021500569,0.007238227,0.28374383
COBLL1,-0.0047631804,0.045175683,0.08804247,0.008493429,-0.059926063,-0.20290707,-0.23550197,-0.15903711,0.09932552,-0.09553046,0.03194236,-0.25258285,-0.014028586
ECT2,-0.055739522,-0.013446708,-0.031133149,0.36844915,-0.22237058,0.023170933,-0.10599749,0.0397067,0.04274911,-0.030472958,-0.04452128,-0.077346854,-0.023583645
ARMCX2,0.022244046,0.20106862,0.018044993,-0.0011881636,0.10891996,-0.009321898,-0.08177576,-0.048005342,-0.055550043,-0.08831456,-0.07863015,0.043659195,0.014238428
BMP6,-0.05822228,-0.17444625,0.22945395,-0.0020392796,0.018672802,-0.06040762,0.040992778,0.012351331,-0.13216881,-0.013222957,-0.015239601,0.11480356,0.12307703
FABP5,0.09523549,0.100956105,-0.17447634,0.09799061,0.37862828,-0.01308864,0.11828299,0.13664353,0.009510386,0.0028165001,0.016401548,0.008684169,-0.008896423
MXRA8,-0.0569476,0.0073870947,0.16969898,-0.008457715,0.06772572,0.13518961,0.15047541,-0.094622254,-0.08176139,0.038055684,-0.23267843,-0.016896779,0.08473524
PAQR8,0.053206354,-0.0002561401,0.1710816,0.01500931,0.04928395,0.102352664,-0.03780343,0.032253847,-0.1663107,-0.016358389,0.1103002,0.08831283,-0.14855285
PDE7B,0.049448743,0.20536435,0.16251905,-0.028316604,-0.111734875,-0.0011157738,-0.19179317,0.044459485,-0.053416558,0.11958024,0.13287494,0.18432869,0.16376995
PFKFB3,0.08451764,0.035414945,-0.018415974,0.07165768,0.01968336,0.09418179,-0.15219049,-0.054652274,0.014351476,-0.14346123,0.07763352,-0.3640672,0.012526023
MRC2,-0.022870263,-0.07820888,0.25227773,0.0019061655,-0.00924209,0.18722582,0.14281508,-0.076148726,0.02142947,-0.01881162,-0.2391327,0.029543333,-0.03453124
LAPTM5,0.29583785,-0.03522598,0.0039951564,-0.0011946431,-0.03641475,0.19839905,0.12024232,-0.090048976,0.054864332,0.013733191,0.0027335016,0.048665017,-0.08591981
KNTC1,-0.028987266,-0.05087828,0.063024625,0.30931976,-0.08960444,0.010489855,-0.06037581,-0.025059445,-0.07087102,-0.030962547,0.033855747,0.020560214,-0.004459848
SNX10,0.17040297,-0.057609133,0.060639456,0.0008800456,-0.10834316,0.33347005,0.14791048,0.14352468,0.14819172,-0.0098293545,0.19578516,0.036204744,0.013669243
SERPING1,0.15211067,0.053613022,0.17548119,-0.103762046,-0.036945153,0.0050485977,-0.0720662,-0.19271332,-0.059341814,-0.10841488,0.086982355,-0.10218155,0.20070192
BTK,0.2941058,0.0008044911,-0.03577587,0.0037667,0.027758723,0.17726564,0.08364012,0.11089867,0.0879284,-0.061753914,-0.009706381,0.0039478783,-0.03470978
OSCAR,0.14146332,-0.015004875,0.08849923,-0.03652581,-0.13363612,0.35202685,0.3284578,0.10693936,0.19960919,0.067531966,0.12384524,-0.0010393574,-0.024893807
SYT12,0.0057860306,-0.025613245,0.15018158,-0.0057755294,-0.022766916,-0.0049567856,0.2892703,0.09478591,0.173867,-0.15560596,-0.07065539,-0.010135436,-0.107717246
ACOT7,0.002255016,-0.0060615637,-0.10886881,0.21164665,0.05717075,0.036947403,0.21466534,-0.03211115,-0.08011471,-0.012200787,0.05762277,-0.21991518,-0.019056965
SLIT3,-0.038011283,0.122317605,0.2239859,-0.0044189068,-0.07162307,0.04862695,0.04247063,-0.081763536,0.002003914,0.015247387,-0.08664463,0.023943346,-0.18275605
ABLIM2,-0.005572968,-0.13789901,0.21791893,-0.06849747,-0.12833023,0.0037739917,0.11000997,0.057741042,0.022839446,-0.16311474,0.08080619,-0.051944688,-0.093339585
CDA,0.21437632,-0.025814097,-0.08820759,0.0046333554,-0.0906824,0.101547115,0.03136189,-0.013515462,0.046656244,0.011132748,0.078121625,-0.0167824,0.08139338
NR4A2,-0.011952129,0.15508763,-0.026268108,0.030203026,0.26104474,-0.120180786,-0.005222949,-0.04018224,0.04612035,-0.10626323,0.11158794,-0.33467636,0.049605478
ADCY7,0.18617134,0.27384293,-0.05554933,0.0012487385,0.06298588,0.00016148805,-0.17710374,-0.026216982,-0.038219128,-0.106401764,0.011600357,0.015013823,0.00917047
TPM2,0.03816296,0.067797594,-0.087016106,0.07580631,0.061049324,0.015777817,-0.0388682,3.1173942e-05,0.0748494,0.0045914957,0.004545768,0.0061012376,0.30623025
PTGFRN,-0.05105151,0.094705865,0.19473842,0.072282284,-0.18123189,0.08609354,-0.33134338,-0.053135764,-0.13608138,0.07536177,-0.14532776,0.15208709,0.030634196
ISLR,-0.006287627,0.26739508,0.06520789,-0.03924377,-0.0014073149,0.014003139,0.015893446,0.027917784,-0.15790163,0.14919922,0.0070911427,0.017377188,-0.1981432
TNFRSF11A,0.16071673,-0.029376205,0.13998213,0.00053541944,-0.0151856765,0.34862888,0.15865065,0.058547385,0.2071692,-0.006051302,0.07048666,0.18967725,-0.023618244
HYOU1,-0.00036144617,-0.11895748,0.074521475,0.19126108,0.08013066,0.00930546,-0.08356708,-0.017056422,0.049487934,-0.10207285,-0.08901787,-0.24028985,-0.17054875
DLX5,-0.086342745,-0.113430895,0.23135105,0.04412206,0.020067262,0.03901372,0.096082315,0.08101681,-0.1563376,0.019776624,-0.084352635,0.00025057865,0.19500911
HOXB8,-0.039769445,-0.05411891,0.1261534,-0.008571407,0.10319701,-0.03226661,0.03325877,-0.017706672,-0.08473555,0.03640086,-0.014519536,-0.08638529,-0.19569361
HOXA5,-0.05632001,-0.012702248,0.18509263,0.080399625,-0.027334819,0.023914814,0.0017195551,0.0090848375,-0.08235036,-0.021595027,0.07816503,0.1543266,0.038354665
HSPA4L,-0.03143401,-0.0985184,0.09120408,0.14709002,0.0058618435,-0.09385887,-0.03907833,0.054280344,-0.020923855,-0.20939966,0.19065297,-0.19529426,-0.15756443
MTAP,0.04988316,-0.012309831,0.074971005,0.11945627,0.048424013,-0.00084261934,-0.24539384,0.046279598,0.03269687,-0.08091248,0.052384913,0.12465342,0.267135
SLC16A9,0.04985222,0.2623848,0.009636814,0.007085462,0.14867073,-0.12659948,-0.024123194,-0.035670295,0.02144909,-0.071464725,0.119843304,0.15201436,0.04433104
VWF,0.0709954,0.18425101,0.0002264947,-0.0004099405,-0.10520781,-0.25893393,-0.027322177,-0.023320913,0.24046592,0.1014523,-0.013600527,-0.15133983,-0.10243624
TNFSF11,0.045851577,-0.03544419,0.120831795,-0.0024894224,0.16262265,0.2617971,0.18192354,0.025306562,0.1371419,0.080478825,0.124651924,-0.19605832,-0.11321028
NCALD,0.019874392,-0.016804202,0.17279682,-0.021293845,-0.017962005,-0.02745658,-0.11596776,-0.018437395,-0.052162234,0.039883226,-0.008033062,-0.032255664,0.0104877865
PFKM,-0.036712848,0.1185673,0.079985894,0.07059647,-0.1305887,-0.030603599,0.1616381,-0.11987036,-0.025869787,-0.14156267,0.15434222,-0.014603044,-0.1658503
CD200,0.052095156,-0.1394731,0.32765293,-0.085788295,0.02522394,0.1332111,0.0029171244,0.093784586,0.049795397,0.047281645,-0.022060556,-0.047044802,0.0565427
MLLT3,0.0083388565,0.037928656,0.1326507,0.049685653,-0.28377917,0.027747158,-0.01668697,0.2093201,-0.10373159,-0.1285976,0.051632036,0.022871848,0.034424093
VEGFC,0.10639465,0.06405731,-0.055001654,0.033240296,-0.0057870047,-0.053960748,-0.021566328,0.080285184,0.25206777,0.20766182,0.0060775615,-0.16893512,-0.005035521
CYP26B1,-0.06565428,0.15932278,0.16207829,-0.0022327343,-0.12646583,0.015582411,-0.093145005,0.051833097,-0.096921325,0.15228368,-0.15075359,-0.14198568,-0.16243953
FGR,0.27462223,0.005783264,-0.016436432,-0.0016723361,0.016113982,-0.13407901,0.004862434,-0.018908955,-0.08018095,-0.08669523,-0.020791782,-0.033758778,0.027893106
CYP51A1,-0.05730642,-0.045107696,0.034034148,0.18448041,0.30021265,0.12140266,-0.12847972,-0.054293923,-0.12303061,0.0442114,-0.06784232,-0.10978125,0.004239985
ABLIM3,0.11573172,0.13307393,0.09442736,-0.0040639006,-0.15367708,-0.24370678,-0.10519744,0.17434841,0.22868364,0.21555567,0.008075036,-0.030540133,0.0644695
IRX5,-0.06819852,-0.08329696,0.24135832,-0.0083469935,0.029265957,0.08846386,0.1450701,0.052399967,-0.09694252,-0.15646596,-0.035899345,-0.13779294,0.12242199
ARHGAP30,0.30939287,0.038309116,-0.049746882,0.025392363,-0.104863375,-0.020899324,0.005180344,-0.023081597,-0.08635426,-0.107001916,-0.07393505,0.0046621524,-0.00398584
CRTAC1,-0.058353525,0.14366063,0.02318384,-0.007898636,-0.018229356,-0.020682175,0.14258537,0.11212114,-0.15644296,0.12711163,0.02661351,-0.027904997,-0.2119926
CARD11,0.26059464,-0.020676851,0.08262106,-0.06409003,-0.005482962,-0.036514368,-0.052510872,0.045675773,-0.21716447,0.041208774,-0.009057713,-0.005185137,-0.018902497
S100P,0.14930557,0.10301384,-0.1776386,0.0969054,0.11146191,-0.12358507,0.052460406,0.10776637,-0.15092508,-0.06568172,-0.038246635,-0.04960006,0.1459342
OLR1,0.1766125,-0.019925117,-0.05076831,0.031526867,-0.008920914,0.012318053,-0.11200878,0.14858991,0.01549179,0.06274197,-0.06733403,-0.2425172,0.03196552
SLAMF9,0.16253947,0.017751494,-0.054780852,0.077371985,0.040583503,-0.08860405,0.051288877,0.0044514188,-0.09760725,0.062094297,-0.0409365,-0.12936226,0.3029314
COL1A1,-0.06524211,0.26966316,0.06028032,-0.008107631,-0.05399401,0.0969658,0.13747557,-0.22128935,0.20418917,-0.07908819,-0.3813623,0.009717036,-0.0011320662
DOCK2,0.3147603,-0.0021036665,-0.0008458932,0.02468389,-0.10508463,-0.037521895,-0.077214494,0.0029418517,-0.09942043,-0.123599164,-0.122086264,0.012666343,-0.052533194
KCNMA1,-0.063905396,0.10160935,0.1307329,0.003758108,-0.17468736,-0.12887809,0.014981227,-0.11753318,0.13466385,-0.32656106,-0.1448864,-0.13405764,-0.08180552
ALPL,-0.06921735,-0.20258403,0.245767,0.07855164,0.0038545232,0.037035566,0.22877891,-0.042922415,0.075771384,-0.062492657,-0.2446307,-0.014203685,-0.0027429203
SOCS3,0.13038325,0.11655904,-0.0640254,-0.0018319882,-0.0069969613,0.032507125,0.058878765,0.13785404,0.12999585,0.07822054,0.11200788,-0.35763314,0.09113571
MCM5,-0.044282004,-0.078731254,0.020862129,0.2988704,-0.10336471,0.0062232194,0.035594456,0.08439413,-0.13560742,0.1036107,0.027786912,-0.001438211,0.0041095
CX3CL1,0.10181355,0.020552088,0.1810526,-0.008429435,-0.013961529,-0.072970524,0.06742651,-0.20091456,-0.19413203,0.13663,0.008272969,-0.03274111,-0.18125042
GPC6,0.018678667,0.18783265,-0.05084917,0.005299833,0.003093176,-0.007907874,-0.060765527,0.12317976,0.10668551,-0.2028373,0.088141784,-0.09757312,-0.18905789
PCDH17,0.09525416,0.006613811,0.18297054,0.006460244,0.24074379,-0.17550567,-0.009806092,0.0200063,0.23509897,0.21660201,0.046358872,0.035063997,-0.08500623
LOXL3,0.01979796,0.2642775,-0.0056957887,0.007692356,-0.14086066,0.05031248,0.023675581,0.019874224,-0.11696722,-0.024960563,-0.024746416,-0.22574508,-0.12759556
MCOLN3,0.06712499,0.03509457,0.04453221,0.015287817,0.008479291,0.28652462,0.048189748,0.100728646,0.018541176,-0.08541877,0.23951241,-0.02520507,-0.06106513
SCARA3,-0.028385678,0.076733485,0.08184065,0.077029005,-0.07664234,0.00065580173,0.095876195,-0.14398496,0.09063255,-0.05665971,-0.057363506,-0.07809099,-0.08072205
GPR65,0.28426996,0.009455043,-0.058450293,-0.004006696,0.38101828,-0.04651843,-0.051109076,0.018718489,-0.12008535,-0.056807727,-0.13136454,0.060797796,0.0019010727
PPFIBP2,-0.040379826,-0.18614832,0.3079172,0.035088003,0.059792265,0.00086672493,0.11756898,-0.085509636,-0.06105845,-0.10040315,-0.13071555,0.14143938,0.0051603154
RECQL4,-0.07039965,-0.006628773,-0.06903017,0.23580717,-0.07986604,-0.04424527,0.28956282,-0.073203124,-0.11973023,0.091166094,0.014673364,-0.13629286,0.024061948
CILP,0.040892623,0.16583553,0.0797379,-0.00205715,-0.00022281967,-0.04317345,-0.19018763,0.038066547,-0.08758491,0.027421601,0.10149911,-0.023511257,0.13528976
IFIH1,0.17963246,-0.10013568,0.14446317,0.057804547,0.0112631,0.03275215,-0.08742906,-0.18130209,-0.17516369,0.009579039,-0.037071206,-0.09873667,0.30139986
SEMA6B,0.082892634,-0.065208055,0.20026907,-0.06507636,0.15079014,0.14096217,0.012878353,-0.03956463,0.034555733,0.23443104,0.09001133,-0.22503252,0.0037794134
KCNH3,-0.10386839,0.025937574,0.112261415,0.09970005,0.12184804,-0.062791474,0.22674723,-0.07669843,-0.19983567,-0.085054085,0.09418122,-0.11527013,-0.09516678
CES2,-0.03591516,-0.00053647097,0.13880695,-0.099036545,-0.19277003,0.009225534,-0.12016131,0.18215862,-0.20639905,0.0028229954,0.11397575,-0.0018529863,-0.081180535
DHCR24,-0.064351544,-0.09541092,0.0793759,0.2135207,-0.024363354,0.09776213,0.01852242,-0.12555113,0.007244781,-0.13012952,-0.045506444,-0.026209833,-0.1306572
NCF2,0.28310877,0.013978976,-0.12451037,0.029103957,0.29239747,-0.045062352,-0.010226523,0.18147117,-0.05828316,-0.06267427,-0.16870803,-0.08240225,-0.066251546
SIX2,-0.06420215,0.113275506,0.048592992,0.060761612,0.0044665635,0.04766657,0.06328807,0.039041508,-0.2154794,0.31831732,-0.008831192,0.05689071,0.043764345
BOC,-0.09525419,0.09092478,0.201369,-0.0050018886,-0.061303705,-0.041183554,-0.07278965,-0.0012742048,-0.09254395,-0.096505344,-0.18021323,-0.00050872745,-0.02932282
LTBP3,0.0013907502,0.018697789,0.2832401,-0.13329966,0.0027065515,0.06757856,-0.0011042563,-0.113761835,-0.08057141,-0.02532724,0.09510056,-0.13828199,0.059098806
FAM89A,-0.011329992,0.031382713,0.14542493,-0.07618964,0.27600616,0.012016887,0.04367889,0.0086790165,0.04556062,0.045574326,0.041183803,0.00047961262,-0.19545114
RAPGEF4,0.038494453,-0.15934426,0.28736776,0.0022443838,0.010741203,-0.07196316,-0.061402705,0.066032365,0.11910686,-0.037289448,0.021095103,-0.06822061,0.1550017
ASPM,-0.07009608,-0.032802228,0.04367229,0.37381437,0.1560766,0.0070655122,-0.13892928,-0.11396713,0.008354621,-0.0652803,-0.03569609,0.029797075,0.0019782751
CLMN,-0.023903128,-0.046175,0.22555509,0.013743678,-0.07960831,0.0039028663,-0.023702756,0.17322724,-0.13028471,-0.008528402,0.012481005,0.008716005,-0.06337326
SATB2,-0.055709586,-0.24318574,0.31391686,0.075352445,0.051918563,0.029332845,0.120924495,-0.0070638773,0.059367687,-0.14283907,-0.12989941,-0.0024703895,-0.0025953937
LOXL4,-0.06890326,-0.017357577,0.15446757,-0.0016159988,0.25474447,0.028273584,0.17278528,-0.040865384,0.075590014,-0.1913031,-0.153532,-0.075241454,-0.12572557
NTRK2,-0.0036971378,0.28108802,0.06432279,-0.0026459955,-0.108729675,-0.100098155,0.021940282,-0.003176729,-0.015785258,-0.1328163,0.041497454,-0.05360929,-0.05274026
PANX2,-0.04930574,-0.0023383638,0.0751559,0.09073765,0.0442858,0.036319606,0.02492724,-0.079085,-0.17388001,0.059302595,0.03570253,-0.14900383,-0.0145710055
CPT1C,0.035899565,0.09690033,0.06970583,0.04492575,-0.07610794,-0.14124547,0.025868895,-0.13914412,0.20989978,0.19129826,0.08522186,-0.11853425,-0.11035643
MEPE,0.013042064,-0.002328548,0.15052007,-0.011855244,-0.012739948,0.011250739,0.3008709,0.22867239,0.15273044,-0.09249405,-0.014518427,0.044265885,-0.0018172535
LY96,0.24906579,0.08287821,-0.06556286,-0.06244991,0.11905956,0.08798291,-0.03825096,0.05084669,0.0052740453,0.078627326,-0.10175744,-0.015659675,0.094675235
GREM1,0.057521295,0.20867154,-0.025353018,-0.0025627245,0.014921846,0.15238741,-0.08485722,0.2014886,0.051401693,-0.005453158,-0.060782883,-0.18299146,0.02021417
OSM,0.15237474,0.00020052781,-0.17494053,0.0809917,-0.04625606,0.0034747133,0.06430415,0.2628408,-0.03378001,0.14839113,-0.03752942,-0.33936825,-0.07358468
ALDH1L2,-0.04866705,0.19886927,-0.06014639,0.09894887,0.13301682,-0.018503359,0.039842907,0.045315307,0.24093305,-0.09475213,-0.33818433,-0.0013194915,0.063441925
ZFHX4,-0.068242125,0.0742969,0.24806438,0.08419497,0.031700037,0.019085616,-0.11647163,0.09034462,-0.096381254,-0.094849475,-0.021276483,0.32790145,0.04317194
MYO6,-0.0019122814,-0.27439085,0.2504941,-0.0008628384,-0.11317025,0.050876547,-0.10597092,0.21676877,0.073374376,-0.18632804,-0.040342644,-0.15807371,-0.051625077
IRX3,-0.0072523514,-0.08522048,0.17623311,0.00198773,-0.0014342463,0.2158859,0.00638938,0.0032113919,-0.19164473,0.10502847,-0.00762236,-0.22049737,0.15914406
IRF1,0.2287985,-0.12754706,0.031337917,0.043986462,-0.09270594,-0.03648939,-0.07657762,-0.23689215,-0.18954091,0.015177613,0.012457643,-0.12678145,0.16745268
OLFML2B,0.06770379,0.14288999,0.13456698,0.0018211018,-0.11057217,0.18206063,-0.059383754,-0.12997374,0.08211404,0.15396315,-0.1907932,0.050651666,0.20470959
MEGF10,0.104141265,0.0065777535,0.21126367,-0.023666913,-0.039975774,0.2552975,-0.09541205,0.04689135,-0.036210675,0.011033826,0.0052018114,-0.016771646,-0.091666415
FAM81A,-0.059021655,-0.0347778,0.063563965,0.17068374,0.072728395,-0.006465109,-0.09452644,0.0343188,0.025650954,-0.06554118,-0.003464266,-0.06264132,-0.06506553
BMP3,-0.0012800508,-0.04986157,0.2624507,-0.049486812,-0.009013734,0.070375055,0.13267575,0.19174555,-0.09446663,-0.09523578,-0.077655055,-0.032586962,0.039808005
LIMS2,0.10047913,0.21484928,0.058392595,-0.08518469,-0.119415596,-0.23275222,0.024381243,-0.035296556,-0.01034772,-0.03952945,0.05135986,-0.0026891106,0.21149446
IGFBP2,0.05417416,0.07140211,0.1115298,-0.06309687,0.0056189927,-0.018572848,0.114665315,-0.023612343,-0.18213551,-0.10661164,0.14759207,-0.0039431914,-0.00019993764
SLC2A6,0.060646232,-0.09920959,-0.0003129204,0.033284847,-0.05938505,0.008920767,0.0536142,-0.2668414,-0.14158647,-0.012756931,-0.047226887,-0.28670445,-0.04717759
GCA,0.160952,-0.20438766,0.12047171,0.00021036941,-0.0012595147,0.08109092,-0.044841323,0.119827546,-0.14692609,0.08639214,0.06477503,0.1314471,0.0029396778
C1QTNF6,-0.005786625,0.12524472,0.15341981,0.0016948312,-0.0048355395,0.15665886,0.20456746,-0.07660789,0.0068074097,0.25358757,-0.3109641,0.025492746,0.053997554
TNS3,0.15535761,0.012826804,0.2078377,-0.003922598,0.00037880032,0.14081483,0.0342614,-0.22952281,-0.022942021,-0.05453573,0.10147349,0.07929043,0.04095697
PAPLN,0.044199765,0.1793913,0.085874945,-0.014166892,0.20283173,-0.1172631,-0.18224503,0.02436462,0.090019,-0.023942048,0.065178774,0.09838455,0.024780512
ABCC4,0.025668673,0.17149037,0.05017264,0.011535124,-0.02965888,0.0064192126,-0.19106026,-0.030090343,0.09150609,-0.23025794,0.11211029,-0.009321438,-0.09780856
FHL2,0.030993441,0.17353027,-0.1564746,0.015276536,-0.025785752,0.19086982,-0.115173295,0.24157152,0.0009899625,0.002300741,0.030672604,-0.061684232,-0.05758947
OLFML3,-0.010645589,0.025546795,0.15891445,0.1292221,-0.026941067,0.17063554,0.03668914,-0.05099557,-0.037389554,0.20821604,-0.21378472,0.006581329,-0.004390943
KLF4,-0.061275188,0.045736976,0.14447857,-0.00036196574,0.18652251,-0.04688003,0.008784426,0.04618204,-0.015531327,-0.2576663,-0.11031024,-0.35683095,0.196315
SEMA3G,0.091117285,0.17280671,0.15181708,0.0017764677,-0.052549317,-0.2833395,0.054623332,0.029566068,0.17025761,0.010827153,0.08227154,0.16188635,0.14861909
LAMB2,-0.012015645,-0.008136547,0.2527379,-0.08089726,0.085229546,0.018132892,-0.11610748,-0.23200579,-0.017280374,-0.105948605,0.0028377038,-0.18850818,0.023760363
VAV1,0.32248437,0.0064463126,-0.04155218,0.0022728436,-0.011199286,0.031343877,0.051424123,0.02030731,-0.06715455,-0.018315658,-0.05800428,0.08778088,0.0017986335
OCIAD2,0.0866634,-0.05467652,0.017168777,-0.00015418166,-0.083346754,0.13335368,-0.150509,-0.0126760295,-0.07297614,-0.0351263,0.15833743,-0.11243343,0.12344981
FBXO32,0.0070143985,-0.0075899228,0.17040512,-0.032958142,-0.1210055,-0.017021785,-0.115345016,0.16711138,-0.008689013,-0.0086355265,0.16975577,-0.016786221,0.009415808
GJB2,0.07876269,0.16387591,-0.021860048,0.022833815,0.059241552,0.23387845,0.033869315,0.022997642,-0.056204364,0.019522836,0.08596335,-0.10797134,-0.0041649933
HNMT,0.19541612,0.0060403342,0.033311605,-0.0036359355,0.0095427865,0.036457967,-0.09821678,-0.00744226,0.0136865955,0.020232493,-0.043860354,0.0142058795,0.15560177
PLXNA3,-0.056194738,0.033284605,0.21004301,0.005708635,0.100576445,-0.015890654,0.16947433,-0.25694573,-0.11264323,-0.10831155,-0.034775056,-0.026812602,-0.18064451
TLR1,0.27618173,0.02135119,-0.021284575,0.036096346,0.36236247,-0.05989962,-0.065601535,0.013606369,-0.06489084,-0.09135251,-0.15747947,0.06592322,-0.0049805874
PAWR,0.0032185772,0.13325998,-0.0015678996,0.007551985,0.021713754,0.05614143,-0.2614314,-0.025155209,-0.14434938,0.06094836,0.09174832,-0.0051700394,0.010346579
TLR4,0.28223667,0.035978857,-0.07263339,-0.0038668842,-0.008540547,-0.093048826,-0.07880559,0.21101029,0.0037098995,-0.04550261,-0.15751371,-0.0071865106,0.0017807907
FGFR3,-0.1445236,0.040193878,0.17468575,0.032555927,0.051303547,-0.102854915,0.25392655,0.031058423,-0.10004843,-0.008775868,-0.12580226,0.14702748,0.000896265
RGS10,0.17197995,-0.034006506,0.055658292,-0.053637777,-0.14637874,0.25285846,0.36432868,0.08142399,0.1244265,-0.017212395,0.04859335,0.12963317,0.0008629191
PPFIA3,0.0006096109,0.020978674,0.10328407,-0.025453454,0.016354017,0.16508754,0.13107747,0.19266188,-0.14983669,0.05720793,0.15433109,-0.24125977,0.0033858623
PDGFRA,-0.0098393895,0.062595844,0.18263216,0.011812811,0.0089438055,0.108169354,-0.15621777,0.026882092,0.08974825,-0.001270969,-0.16473238,0.012982013,-0.06429337
OLFML2A,0.09715847,0.0035404374,0.30516732,0.013021025,-0.00087236665,-0.109852575,-0.11364091,-0.107578285,0.10462569,0.21141605,-0.035204425,0.0029951949,-0.020793794
ARHGAP15,0.23609668,-0.0061462405,-0.03951764,-0.0027580396,0.053494878,-0.13351849,0.057982795,0.08709838,-0.10401056,-0.0068371105,-0.06815645,0.048602384,-0.0033923814
CRISPLD2,-0.04823914,0.3659801,-0.08586095,0.004266435,-0.098481394,-0.017600384,0.043415718,0.01473401,0.053043026,0.16058135,-0.20244771,0.004145973,-0.07357112
EGLN3,-0.014255296,0.011815485,-0.09816849,0.072878964,0.2718172,0.044073746,0.005523114,0.008984757,-0.10582712,-0.0044418806,0.03253944,-0.3324999,-0.2249735
EMILIN2,0.11792305,0.19683519,-0.13244668,0.06678691,-0.016766503,-0.0006007453,0.04531263,-0.08733376,0.14513668,-0.06270454,-0.07503048,-0.22301818,-0.12688796
SHANK3,0.089381546,0.113575876,0.22973715,-0.0054443046,0.02291657,-0.28443673,-0.03585543,-0.082835056,0.21796383,0.21586522,0.07703039,0.0032285787,-0.0053156987
PDZRN4,-0.05640241,0.28940636,-0.0113039045,0.07000401,-0.008815164,0.022434749,0.16137683,0.13411614,-0.06477345,0.072655894,-0.04440503,0.14371586,-0.07620492
RASSF2,0.22722791,0.0024680363,0.14802365,-0.00081754697,-0.028187176,-0.01451214,-0.099350475,0.007420996,0.10458151,-0.12509133,0.010315343,0.00034116572,-0.052995726
FZD9,-0.08525354,0.20494151,0.0014829442,0.04203762,-0.0018889043,-0.055525545,0.22145034,0.012467918,-0.11889854,0.05451599,-0.0756931,0.011006029,0.014933329
FRMD3,0.03857065,0.086460054,0.09119608,0.004962483,0.0041193054,-0.24188282,0.048744436,0.26920503,0.16886546,-0.09534178,-0.015954621,-0.067998484,-0.057283286
EPHX1,0.013541788,-0.08831559,0.15922496,0.007739887,-0.108399265,0.00842004,-0.043142527,0.0729899,-0.24009839,0.096708946,0.0303665,0.02124132,-0.059699126
PCOLCE2,-0.033684324,-0.068113945,0.05950143,0.12003645,0.04682256,-0.13388354,0.106565826,-0.10684539,0.069919445,-0.18928424,-0.004960538,0.0048509226,0.012625518
SLC4A2,0.09608691,-0.00046807207,0.17093216,0.089668915,-0.03433457,0.33704528,0.16716978,-0.040051255,0.15993328,-0.020175848,0.19206174,0.0038463494,0.079824165
CLEC7A,0.26091123,0.013562078,-0.019415975,0.002574,0.15250656,0.11853399,0.08128107,0.22911656,0.006849955,-0.0188285,-0.15019526,-0.0033442006,-0.005357075
USP46,-0.06585857,0.102755524,0.12210322,0.170753,-0.16561912,0.028575046,0.019664617,0.14942051,-0.04381305,-0.08281069,-0.062692925,0.017508881,-0.19848226
KLHL8,0.106090054,-0.012193687,0.16513382,0.10649978,0.19113019,0.23542336,0.06286022,0.09145143,0.2007572,-0.074972376,0.20626059,0.16336243,0.108712316
EPHA4,-0.042802762,0.2725694,0.08686324,0.046359412,-0.0029520763,-0.062298466,0.091111444,0.012239519,-0.17264329,0.19296443,0.025755733,0.20921385,-0.18192242
RRAD,-0.0069154087,0.108188376,-0.046054676,-0.02238911,-0.18027121,-0.08408935,0.17967612,0.1445025,-0.000937605,-0.022982499,0.06190428,-0.11965549,-0.16506194
RTN1,0.05838093,-0.04291887,0.055226374,0.023659145,-0.116076924,-0.045477178,0.13774802,0.13753526,-0.054559674,-0.1342605,0.0019610825,-0.18592818,-0.475189
CDCA2,-0.07422533,0.0087473085,-0.032632373,0.37263182,-0.15626246,-0.0017516293,-0.0022633271,-0.00021447957,0.035445303,-0.07198895,-0.0021578572,0.008096628,-0.012740933
SDSL,0.112367675,-0.02583533,0.06430087,-0.0035600509,-0.16087186,0.0909571,0.10813967,-0.105268955,-0.12517563,0.04679718,0.006709651,-0.035338704,-0.079320714
KCNB1,0.0055628004,-0.06507119,0.3072382,-0.073849574,-0.009014305,-0.12002438,0.0024373867,0.076867744,-0.04906403,-0.023560638,0.022111049,0.009499742,-0.12075278
GULP1,-0.00929409,0.017838769,0.21028501,0.00016694098,-0.0007944755,-0.005655507,-0.11252822,0.038930632,-0.025708556,-0.11146772,0.0029705244,-0.012725303,0.13442707
HOXC13,-0.04305106,-0.042216457,0.15698944,-0.02993435,0.07194088,0.00038788773,0.016721956,0.055637106,-0.27241898,0.019167164,0.0717541,-0.23479839,-0.21783252
DPYD,0.20432176,0.1153,-0.060785636,0.077180296,0.36769325,0.09117289,-0.16102241,-0.013736781,0.03971742,-0.099526264,-0.038444396,0.003830839,-0.009249417
PLSCR1,0.17411862,-0.07485952,0.009129041,0.105066724,0.396465,0.036370907,-0.06910885,-0.08038039,-0.10883792,-0.020661844,0.08912627,0.023619266,0.18510741
PLK1,-0.044356007,-0.006317384,-0.015999956,0.36432114,0.08285833,0.0034993754,0.1331631,-0.16542584,-0.0016726323,-0.021488171,0.0061327736,-0.05025408,-0.025194531
CCND1,0.05014873,-0.001984214,0.12865815,-0.03832467,-0.108687334,0.114155754,-0.020428913,-0.19859529,-0.014058909,0.092688024,-0.08359565,-0.19337231,-0.32617438
FZD4,0.07317929,0.08273686,0.19350731,0.000304655,-0.014569416,-0.24325912,-0.19860533,0.041763525,0.21259838,0.12031452,-0.027904863,0.08767086,0.07690472
SLAMF7,0.2478472,-0.08758595,0.00046530392,0.0020791888,0.10009401,0.08682427,0.12882167,0.0022046233,0.050446864,-0.08539901,0.13256624,-0.04977935,-0.0052378755
CSF3R,0.21599455,-0.005853513,-0.09569941,0.0073303347,0.022600532,-0.049160678,0.026291214,0.31189504,-0.08672379,0.08617908,-0.05325135,-0.12597336,-0.07144045
RYR1,0.050989557,0.12349156,0.055995245,-0.002888623,0.12032742,-0.1502668,0.108226754,0.1616043,-0.07342272,-0.11476894,0.21362534,0.022119654,0.14209954
TTK,-0.04160861,-0.049852613,-0.0195636,0.37121487,0.15019532,0.02333313,-0.050921377,0.050734725,-0.0044112317,-0.00072931993,0.0020243665,-0.004969908,0.07382507
PRDM1,0.23204322,-0.007699955,0.06936101,0.0007674652,0.3004925,0.19815591,0.0034090874,-0.018434303,0.18742771,0.049445193,0.09676113,0.0049173036,-0.2273374
PSMB10,0.19405665,-0.06657734,-0.09283016,0.0043996926,-0.1273059,-0.14384495,0.18372115,-0.18304254,-0.14382528,0.029055292,-0.057596076,-0.10357272,0.16194826
PDGFC,0.06304722,-0.07752366,0.19305097,-0.008331456,0.24335329,0.11944223,-0.16066965,-0.028033815,0.05877153,-0.11386983,0.07489151,-0.023513356,0.011102366
ZBTB16,-0.07090223,0.02185565,0.115350395,-0.11867264,0.009601896,-0.16048548,-0.018983323,0.10581743,-0.06371546,-0.20194577,-0.025320081,0.13637406,-0.010862373
ME3,0.11129972,0.046241328,-0.07912915,0.011204484,0.0146351345,-0.018700987,-0.08385446,0.04926831,0.12034668,-0.007123784,-0.0384226,0.045779187,0.19064562
BLVRB,0.11664968,-0.06749343,-0.106448956,0.0072086486,0.3522871,0.035957415,0.046641696,0.11925779,-0.12077337,0.11203366,-0.03375054,-0.20722145,0.12388892
CAPN6,-0.053249415,0.30012113,0.037227117,0.001204617,-0.24592608,-0.111589834,0.10691406,0.19410272,-0.042858176,-0.0034117377,0.0020771571,0.04710545,-0.06555842
SERPINF1,0.006296901,0.27049097,0.061594952,-0.041763622,-0.010991837,0.055696458,0.29790264,-0.060523383,0.18071555,-0.1083412,-0.1305519,0.056600288,-0.02226419
SESN3,0.05723687,0.13840604,0.13382426,0.027888548,0.20483907,-0.028472628,-0.24669975,-0.00527855,-0.057613987,-0.098242424,0.09387331,0.15102947,0.0131446645
KCNJ15,0.10737801,0.14351286,-0.030122496,0.0043271724,0.08687639,0.010184611,0.008789893,0.1845351,0.09996706,0.027584277,0.0040737274,-0.18440215,-0.02254565
AASS,-0.017374102,0.005937524,0.25245872,-0.00032952326,0.07744332,-0.0042173695,-0.13736908,0.07277934,-0.06340955,-0.13299727,0.17206454,0.014055688,0.021817481
CDCA3,-0.06496495,-0.02024737,-0.04678824,0.29839945,0.23703167,-0.0038542685,0.21792714,-0.1391287,-0.0630525,0.052887846,-0.023250272,-0.0643099,-0.0060263304
CSF1R,0.26486877,-0.018799674,0.08206603,-0.0028212587,-0.0596973,0.25612757,0.113281466,-0.081656896,0.12102031,-0.02556345,-0.014907104,0.12868686,-0.10011758
LEPR,0.08491536,-0.008692243,0.2111161,-0.007313534,0.0074664396,0.16011795,-0.091908656,0.13852212,-0.015170693,-0.013968719,-0.028120803,0.04657114,0.04771814
PRRX2,-0.116594285,0.101864874,0.14437018,-0.010168207,0.11904981,-0.0013102066,0.27668986,-0.1115135,-0.18561557,-0.0027666625,-0.10604823,-0.1853261,0.11332671
PRR11,-0.022521298,-0.027281828,-0.059356604,0.3300837,-0.07834202,0.0061290995,0.006647209,-0.056938495,0.042884137,0.010794686,-0.052388255,0.03325748,-0.009168032
PGM5,0.07064555,0.19049191,0.101848364,-0.0034194929,-0.070941456,-0.18798222,-0.11210433,0.15507212,-0.13200514,0.04050939,0.13377918,0.013410688,-0.022799663
SEMA7A,0.14850509,-0.08643398,0.050415527,-0.0015701712,-0.030284345,0.2381154,0.042773057,-0.087729186,0.081630364,0.15186009,0.14827521,-0.25029773,-0.0920956
RUNX1,0.10315637,0.21871011,-0.0014630222,0.0008559661,-0.0093483655,0.0681215,-0.21596166,-0.09131267,0.06339044,-0.002166985,0.032430522,-0.19006799,0.14776617
SLC16A2,0.017868413,0.2615726,0.10211938,0.0012498229,-0.06946505,0.005201668,-0.1846557,-0.05087312,-0.052875612,-0.031945586,0.08328456,0.011971115,0.0067654434
ARL4C,0.103193104,0.17480144,-0.15016332,0.01769927,0.06402702,0.123404615,-0.09042005,0.15350832,-0.05795827,0.09750361,-0.086943194,-0.17732158,-0.034586385
PKNOX2,-0.005429365,0.08947365,0.14782716,0.0065811276,0.006041637,0.00235699,0.021046069,0.18172958,0.043992877,0.09667381,0.12377132,0.09310445,-0.15390778
NEK2,-0.050549082,-0.14287902,0.021312641,0.36630738,-0.061910905,-0.0016973268,0.011590006,-0.030612502,-0.045877483,0.01559475,0.09280774,-0.099272884,0.075857095
GADD45GIP1,-0.050677303,0.043217953,-0.13455994,0.069565676,0.33206722,-0.011044036,0.28082725,-0.0030781226,-0.13447924,0.14132036,0.028530769,-0.046138603,0.24626093
NPL,0.26535985,0.00815847,-0.0130248545,-0.01643683,-0.00543032,-0.013472055,-0.086991705,0.07567967,-0.015212554,-0.0064655486,-0.12556906,0.06315486,0.05002708
SP6,0.0034519944,-0.22961679,0.2158485,0.0015450025,0.120872445,0.17005561,0.12158465,0.094041325,0.054000273,0.014362945,-0.026634434,-0.13030726,-0.057214953
NKG7,0.22228578,-0.056022327,-0.05516426,0.002198709,-0.03577642,-0.13876101,0.05481511,-0.105822414,-0.24392188,0.011006386,0.030461382,0.017982747,-0.003980355
CAPG,0.15202416,0.0009891238,-0.035035234,-0.005430112,0.1384772,0.3434083,0.014983583,0.0326623,0.006259273,0.08432465,0.029058073,-0.23004971,0.114162296
ITGB4,0.10367569,0.18931463,0.12635961,-4.1863586e-06,-0.22059777,-0.20870844,-0.012707147,-0.08544204,0.2009832,0.085493796,0.04460503,0.08560636,0.10883961
ENPP5,0.18549582,-0.10356044,0.11296028,-0.08041153,0.27159813,0.09307981,-0.1253217,0.01395848,-0.05851915,0.022640975,0.13464025,0.020100923,0.01899256
ACOT11,0.05655959,0.053808533,0.14740805,0.07824911,-0.041504715,0.1266162,0.115100145,-0.042279713,0.2407924,-0.1944148,0.16349334,0.019613517,0.13401078
FBLIM1,0.10985592,0.07073429,0.17231117,-0.0025559384,-0.12913674,0.024579735,-0.08098828,0.14789733,0.032276686,0.23811816,0.0856116,-0.02389674,-0.01125145
AXL,0.08072349,0.21948475,0.074383244,-0.016940521,-0.10111272,-0.0039719995,-0.16002733,-0.16669133,-0.113062575,-0.071546204,0.076664366,-0.025891628,-0.017068477
HSD17B6,-0.008677189,-0.009987407,0.11448177,0.09394244,0.015318413,0.15895239,-0.19939944,0.12283165,-0.2131224,0.1193718,-0.026834229,0.006832131,0.06371373
CAMK1D,0.082741216,0.27028525,-0.015225366,-0.009683518,-0.008194946,-0.08152191,-0.10752691,-0.13600804,-0.0029027688,-0.078252345,0.011961217,-0.041187562,-0.09718046
MEF2C,-0.010210322,-0.20390986,0.2958998,0.06079946,0.0168886,-0.08080664,0.05002412,-0.035480645,0.033289492,-0.25364867,-0.0056186523,0.049226265,-0.023988383
SMAD7,0.00024976532,-0.16989073,0.28711495,-6.834121e-05,-0.041345943,0.06073638,0.011568877,0.06333141,-0.07880769,-0.0058565564,0.026462356,-0.22096753,0.030296635
SORL1,0.24171922,0.06914768,-0.04660152,0.0024011245,0.019139417,-0.12112094,-0.10044086,0.25814164,-0.14255776,-0.050695274,0.02947189,-0.015416941,-0.18238296
TCFL5,-0.04643108,0.17457809,-0.05732026,0.10991869,-0.019274771,-0.072174035,0.2352523,-0.06797424,-0.023729542,0.023065943,0.025309075,0.025629997,-0.078496814
LMO7,-0.04919879,0.096347205,0.121199936,0.006171478,-0.018639367,0.0017080588,-0.08028806,-0.007924086,0.058256608,-0.2850188,-0.04015499,0.02434523,0.065427855
DUSP26,-0.034470275,-0.041829567,0.17095552,-0.015519777,0.060291696,-0.12207602,-0.02082155,0.18237053,-0.17158349,-0.11183517,0.14767326,0.056596097,0.1360988
IL18R1,0.0707998,0.13883898,0.013144136,6.0162885e-05,0.06306748,-0.008300485,-0.021810193,0.049131617,-0.0746306,0.084969655,0.10754069,-0.032212064,-0.07585874
GSC,-0.10312033,0.17412658,0.002520279,0.061413936,-0.036611978,-0.051715694,0.30378845,0.19318937,-0.0002807356,0.03835463,-0.20061612,-0.008051718,0.0037460604
DDIT3,-0.021420402,-0.08113879,-0.013145197,0.010163618,-0.14865167,0.009678876,0.057296593,0.13799214,-0.089568704,0.16030824,-0.05056939,-0.2712737,0.035165153
SCML2,-0.10311577,0.009467218,0.078297235,0.14936408,-0.14475225,-0.07868579,0.0726592,0.23246035,-0.19677675,0.07711923,0.061890874,0.08914518,-0.14683183
GFRA2,-0.0488063,0.12200683,0.17336719,0.006986954,-0.023780672,-0.112477966,0.1315959,0.19513987,-0.142334,0.03367333,-0.01325424,-5.5311808e-05,-0.22101222
RAI2,0.0028907366,-0.04503993,0.27816206,-0.09538427,0.043803994,-0.11765681,0.022734895,0.07586451,0.024929203,-0.08415569,-0.036469433,0.010482893,0.17926046
KREMEN1,-0.04706049,0.23490743,0.020543916,0.0546914,-0.20340756,0.078929044,-0.011060874,0.055306286,0.029621825,-0.011321692,-0.050519757,0.033090178,0.009357115
BARX1,-0.10652862,0.12619597,-0.0044738,-0.00019595743,0.057831332,-0.04213436,0.15946268,0.14213435,-0.19140306,0.013153042,-0.024369188,-0.17817253,-0.16060129
HNF4G,-0.015893491,-0.08510149,0.20164564,0.03332809,0.024549754,0.022528745,-0.06832811,0.38269424,-0.21064752,0.008412197,0.024733301,-0.0046225796,0.1084952
DAB2,0.17977506,0.22885545,-0.053253867,0.0068692197,-0.15621683,-0.06257613,-0.13896194,0.14147715,0.0849816,-0.0014706117,-0.20475191,0.105105676,-0.05759101
SLCO3A1,0.13455434,0.03773779,0.15631695,-0.05383215,-0.09745647,0.024783183,-0.19659674,0.010683475,0.112282835,0.032105003,0.10459168,-0.15472667,0.0013305836
BICD1,0.007212511,-0.057213325,0.21954109,0.04805232,0.006600166,0.030148558,-0.14232047,0.040786877,0.028810611,-0.15334669,0.1315445,-0.003247023,-0.097901836
RAB30,0.0137595255,0.15727603,0.114973485,0.004736656,-0.14154766,0.024310594,-0.35258967,0.12541364,0.008975716,-0.12895764,-0.09536486,-0.0031832624,0.22703396
LRCH2,-0.013482761,0.2104199,0.005499424,0.07304726,0.025607737,-0.14812979,0.08745725,0.12779354,0.02911115,-0.17819642,0.06984824,-0.0017979548,-0.10846835
TPBG,-0.007464119,0.19745769,0.016980499,0.041924592,0.25817427,0.112556726,0.0025322605,-0.073101126,0.04931881,-0.033159927,-0.026787102,-0.12975161,-0.2217055
RHBDL3,-0.0014555851,0.14780518,-0.023449779,0.07948701,-0.027813047,-0.0145659195,0.046677556,0.11998774,0.14771973,-0.058826447,0.03449458,-0.1310235,-0.12622212
THBD,0.09925411,0.13540022,0.14014515,0.010675319,-0.027443593,-0.19625269,-0.035665795,-0.019491782,0.16451555,-0.013772149,-0.05590588,-0.14581929,0.14161974
ITK,0.1645099,-0.17911798,0.09774275,0.03676889,-0.0015676686,-0.15172294,0.057193197,-0.070233606,-0.002718831,-0.25013575,0.023134813,-0.021490155,-0.10182868
MID1,-0.078463666,0.06647383,0.1372682,0.048616823,-0.018185813,0.106375776,-0.1574677,0.14094782,-0.10158749,0.08534695,-0.17275672,-0.00686693,0.038585298
INPP4B,0.0959591,0.20207652,0.0014442336,0.03070957,-0.016928274,-0.09916292,-0.14614582,-0.062113464,0.07737232,-0.046021476,0.16766897,0.018599905,0.025147311
LGI4,0.007166539,0.17059082,0.07348723,-0.14926313,-0.00729963,-0.050941285,0.1545596,0.114576384,0.025562165,-0.124276705,0.0032750398,-0.13642514,0.22222556
RAB3IL1,0.11911524,0.2987908,-0.13735816,0.023767097,-0.09013245,-0.06593486,0.03284196,0.016533293,-0.0015332343,0.032289714,-0.08607456,-0.049480885,0.020890962
DLL4,0.04693204,-0.06402561,0.17065072,-0.0025400873,-0.09206875,-0.2066388,0.07410053,0.10941377,0.24098389,0.39323917,-0.007974169,-0.31215143,-0.099464424
CDH5,0.1384479,0.003957901,0.2019483,0.03174383,-0.040759746,-0.2410257,-0.06587077,-0.15292706,0.3392656,0.31694618,-0.026964646,0.004730077,-0.059012182
CA9,-0.07475485,0.25480413,-0.18546931,0.05663719,0.039691973,0.018307712,-0.029441934,0.008642621,-0.060187116,-0.069162995,-0.06426866,-0.18257928,-0.034702677
COL1A2,-0.08402062,0.18542805,0.13969465,-0.0030462693,-0.016604543,0.110259876,0.0767441,-0.09730678,0.21325009,-0.10875693,-0.42987442,0.09092557,0.012865996
CSAD,0.061764307,-0.0033557306,0.14316005,0.075629435,-0.016690362,0.079456754,0.17911749,-0.056373317,0.040087834,0.022505207,0.20395142,0.036334813,0.01022725
MATK,0.13412891,0.0031772563,0.09563796,0.00032986532,-0.08714225,0.32283303,0.29553196,0.040675484,0.12973362,0.08350709,0.15626353,0.11812434,0.15798065
PLA2G7,0.17273025,-0.0142683415,-0.13175282,0.09111557,0.021194886,-0.017770322,0.057894748,0.19398141,-0.012347669,-0.033041615,-0.017108627,-0.075088084,0.038388956
ABLIM1,0.045391295,-0.12307515,0.1695373,0.033938255,-0.020712992,-0.21089081,-0.18228376,-0.07260805,0.1920057,-0.17558542,0.02687098,-0.0076720733,-0.18595926
MPP2,-0.037878864,0.08034613,0.0895333,0.10507076,0.029734654,0.0032958402,-0.015437856,0.10113206,-0.24556166,0.05722259,0.078481466,0.046451043,-0.22085612
BANK1,0.06363174,0.11767703,-0.019952217,-0.02134046,-0.005533745,0.0078679975,-0.23827064,0.19202001,0.04018532,0.023075698,-0.018713588,0.019902268,0.15187773
CYP4V2,0.23533216,0.0023327565,0.040405948,-0.056856327,0.0040003364,0.05417513,-0.11791953,-0.072944865,-0.08322024,-0.08926823,-0.03358646,0.010817105,0.10945352
ESAM,0.106989846,0.0036256625,0.14562078,-0.0013011092,0.30702192,-0.28626782,0.11497019,-0.0715319,0.32806128,0.33076194,-0.0046006,-0.07668787,0.08986688
CX3CR1,0.18574883,0.09350906,0.12720945,-0.041206107,0.07347378,-0.024457362,-0.1268048,0.022275066,-0.07115388,-0.035260998,-0.23011868,0.20844582,-0.027639028
KCNJ8,0.029904686,0.19509998,0.06932412,0.013239369,-0.033812296,-0.2757688,0.077588715,0.022258379,0.15721478,0.09788279,0.011887192,-0.024590671,0.06453617
CTSW,0.18441178,0.0021697388,-0.034832098,0.0008191469,-0.0013325402,-0.15951328,0.10267592,-0.12165841,-0.23587924,-0.011462427,0.09369613,-0.019587742,-0.0354469
TGFBR3,0.07645964,0.2220757,0.08738665,0.0020198517,-0.04636018,-0.17497452,-0.22481464,0.033612248,-0.0056873676,-0.0237633,0.03755226,0.15563975,0.13090868
GNAI1,-0.03398101,-0.03503916,0.25192204,0.0007056697,0.2560142,-0.010145258,0.028077636,0.04318566,0.0153950155,-0.26607847,0.052845493,-0.03247955,0.039905634
DOK3,0.25635237,-0.031468537,0.01135047,-0.0066889185,-0.032128338,0.20230281,0.194407,0.13292986,0.015054906,0.07592305,0.10525545,0.12312836,0.04690117
PLCB2,0.23782088,-0.06634475,0.07931303,0.0004153656,-0.022539377,0.18330061,0.22095355,-0.0581964,0.0052609164,0.0042194827,0.07351167,0.09070187,-0.17692561
CLSTN3,0.08830983,0.08360947,0.16914977,0.0022029413,-0.10716511,0.1297246,-0.009981507,-0.042773604,-0.15678321,0.1325317,0.1085057,-0.0009423302,-0.11253694
E2F7,-0.061043046,0.12556094,-0.034385573,0.3360304,-0.09885018,0.0151138995,-0.09498866,0.05403851,0.009192757,-0.0031530245,-0.053780362,-0.007787774,-0.14347629
TP53I11,-0.032844428,-0.15863122,0.29995233,-0.00617569,-0.18200247,-0.097841255,0.2702966,-0.020369567,-0.018182471,-0.02269773,-0.2048806,0.0069463663,-0.05506813
CREB3L1,-0.065917894,0.017323492,0.10417425,0.066230685,0.21282938,0.05324727,0.21248153,-0.18812288,0.15420406,-0.11905112,-0.30579132,-0.076261416,-0.0052477145
COL16A1,-0.06816595,0.2899285,0.09679582,0.0033385316,-0.0101372115,0.20013426,0.04616448,-0.06722091,0.028669361,0.11856648,-0.20636037,0.047439758,0.13803518
IRX1,-0.07239929,-0.005154531,0.107378036,0.09174074,-0.20946012,-0.05764656,0.18757279,0.3221318,-0.22365952,0.10544946,-0.03207542,-0.037175104,-0.059829842
ITGA3,0.14253013,0.084511474,0.02667968,-0.009253623,-0.0022365917,-0.022642124,-0.13516025,-0.115999535,0.124667615,0.10689966,0.17680323,-0.29628444,-0.067835905
ABCA1,0.2201065,-8.2447346e-05,0.08407819,0.026825538,0.021893093,-0.0059317714,-0.09431448,0.08433898,0.10199281,-0.20441201,-0.014294875,-0.0006964285,-0.20385161
FCGRT,0.18038823,0.010472483,0.054031726,0.0039908234,-0.11719123,-0.05239046,0.30922124,-0.013062512,-0.098141804,0.09306539,-0.13104244,0.13942577,-0.20602012
PARP3,0.09615167,0.16310422,0.051100094,-0.0018770532,-0.14968836,0.086357646,-0.031131309,-0.114191316,0.15685792,-0.07947697,-0.01258185,-0.054017927,0.25105214
ATF7IP2,0.12957008,-0.113707595,0.15661423,-0.0035623957,-0.008671614,-0.1079765,-0.009280525,0.03870023,0.04948181,0.027127625,0.08432349,0.032473,-0.043225583
NOX4,0.106780075,0.09035233,0.04248661,-0.004554067,0.15322897,-0.11040906,-0.22528966,-0.13497001,0.2652509,0.09097058,0.13458274,-0.24917825,-0.0031633107
TLR3,0.16595075,-0.038189277,0.15856247,0.0057583884,-0.0717973,-0.0009097963,-0.2047104,-0.1472432,-0.10964432,-0.12245255,-0.013067626,0.025473896,0.23566501
ARRB1,0.20448358,-0.006934051,0.14239682,0.0032264693,-0.09198193,0.046547383,0.058610294,-0.09199268,0.25423628,0.033549264,0.08591607,0.21581064,-0.01851278
TTYH2,0.017173992,0.21465757,0.0043253927,0.07504313,-0.16369641,0.13801736,0.15490685,-0.122287564,0.0708983,-0.07992151,-0.060915016,0.14398141,-0.10443393
PGAP1,-0.03899521,0.046865262,0.1095106,0.22145106,0.09684996,-0.062255338,-0.19879216,0.011724428,0.01694292,-0.0438343,0.04702002,0.06651863,-0.2174864
PTPN7,0.26124057,-0.018120712,-0.007868317,-0.0014329547,-0.067163736,0.031516902,0.16383071,-0.0339595,-0.031083208,0.0576954,0.1552241,0.0012792337,-0.061182443
SH3D19,-0.0019455526,0.19124591,0.090580486,-0.03327707,0.20731045,0.012983261,-0.31238905,-0.032558125,0.14763932,-0.15101925,-0.0072012665,0.0055905026,0.11412605
HELLS,-0.061938643,-0.026249595,0.020719543,0.33732852,-0.09225393,-0.0042301174,0.0033352661,0.061774753,0.01379889,-0.006070311,0.07228169,-0.011372614,-0.0068091964
PTPRU,0.024479458,0.2526979,0.0077853343,-0.04214951,0.011057705,-0.011411705,-0.0155789545,0.05975489,-0.08801622,-0.060032044,0.10900433,-0.11307039,-0.07115741
TOP2A,-0.06532676,0.0058160196,0.02337899,0.39845785,-0.0057256445,0.0044384464,-0.10485949,-0.065618195,-0.054309957,0.007751082,0.05447913,0.111386515,-0.02768578
TMEM45A,-0.09261335,0.25891772,-0.043800592,0.02233453,-0.07200701,0.0982832,-0.03331106,0.11386572,0.052357677,-0.030129207,-0.22621651,-0.16025074,-0.017112834
PECAM1,0.1471597,0.042151093,0.12120162,0.00070589373,-0.11734859,-0.27414894,-0.04903167,-0.012337892,0.35724527,0.24709871,-0.041140165,-0.007803634,0.0024944034
NR4A3,0.0298609,0.2121335,-0.12927844,0.100544594,0.010734541,-0.1412698,-0.014410619,0.06149026,0.027243879,-0.062892325,0.08429785,-0.3143539,-0.0016912577
GAL3ST4,0.16538312,0.21489708,0.040443618,0.010125602,0.14696659,0.088038996,0.07500399,0.015666666,-0.13644247,0.08769416,-0.24748315,0.013575809,-0.08728245
C3,0.1667709,0.20700112,0.046301216,-0.081961796,-0.03746771,-0.05128309,-0.06623273,-0.06409811,-0.14197977,-0.13389203,-0.07189384,0.0056659025,0.01328282
KIF21A,-0.09833638,-0.03511668,0.16442235,0.00697965,0.10907684,-0.008303618,-0.010850184,-0.047865912,-0.1393659,-0.19043404,0.14647555,-0.019359387,-0.093708694
ADRA1D,-0.035058454,-0.20242763,0.20878889,0.0057565686,0.07937198,-0.027816065,0.081722446,0.1063915,-0.046322245,0.17637455,-0.014392421,-0.039109442,-0.103522025
HDAC9,0.01687425,-0.046591904,0.14151482,0.06425856,0.25469676,0.25764325,-0.21296796,0.17067635,-0.108342394,0.08146647,0.08592509,-0.033030562,0.05753023
COL4A1,0.10607497,0.15056364,0.13393113,0.042647664,-0.05681401,-0.16881429,-0.1434867,-0.18936239,0.29105428,0.25742227,0.012363634,-0.26376987,-0.1561151
CLDN11,0.020152537,-0.16431467,0.24862938,0.0018299298,0.101268366,0.0024525144,0.051953636,0.04058231,-0.06638592,0.0018020171,0.021910923,-0.007635629,0.010547591
TIE1,0.11578311,0.0035414451,0.22058809,0.00042042794,-0.09928377,-0.15438765,0.052554976,-0.19209471,0.33326542,0.37488207,0.03333031,-0.0050100214,0.0061576148
PPP1R3C,-0.058765907,0.106331706,0.08153399,0.017340083,0.003505217,-0.14643465,0.11730378,0.16069177,0.063587315,-0.11259923,-0.004662209,0.044830468,0.014963082
MMRN2,0.09155981,-0.0017504307,0.16815169,-0.052189242,0.27244407,-0.21276781,0.12324505,0.002525945,0.30245924,0.32194436,0.004858831,-0.08827717,0.06407006
ATP6V1C1,0.09576271,-0.094178714,0.077135295,0.05121334,0.049797907,0.34107417,0.07434502,0.13052568,0.20101821,0.0037320452,0.20374164,0.01944461,0.0027664318
ZFPM2,0.024429496,0.12031587,0.043134596,0.0012145414,0.051191844,-0.16763797,-0.16142593,0.1305505,0.03611815,-0.04708602,0.217145,-0.0062802285,-0.13472971
GAB2,0.19457838,-0.02464991,0.1487597,-0.04125161,-0.02221657,-0.002603508,-0.20080847,0.049439944,0.14465018,-0.05784916,0.09961907,-0.004052805,0.07015074
PTPN4,0.011299725,-0.17058823,0.31107077,0.0053008804,-0.08993152,0.0027445608,-0.1360707,-0.024333168,0.099140026,-0.13200463,-0.021683536,-0.11316152,0.022279033
MYL3,0.013671654,0.002926919,0.11413988,0.005724494,0.13620384,-0.085007794,0.22836751,0.14911895,0.07823778,-0.15021257,0.024949208,-0.01452354,0.16972847
TSPAN5,0.047124162,0.17922598,-0.026059987,0.07757798,-0.011787252,0.00022165485,-0.05132151,-0.083661996,-0.06042486,0.031032808,0.23607622,0.17914411,-0.21086626
BUB1B,-0.06334911,-0.005082722,-0.025813965,0.39949137,0.01784649,-0.01112843,0.00040084685,-0.012598236,-0.0014038128,-0.06918174,0.013654134,0.026463578,0.035935774
NDRG1,0.07619103,0.01071491,0.05836625,0.003486101,0.020299349,0.22682719,-0.1933859,-0.14256555,0.011196786,-0.110911675,0.19048332,-0.17548494,0.06846211
ZIC2,-0.025035085,-0.037808944,0.0018205831,0.07417667,0.11334214,-0.060657453,0.19514266,-0.029618712,-0.12538184,-0.04527303,0.15905157,-0.1962977,-0.3435775
CACNB1,-0.014885204,-0.06930642,0.19427584,0.026128821,0.023673631,-0.13520434,0.027551886,0.13484472,-0.12403652,-0.056975733,0.105218515,0.014299163,0.16873078
PRCP,0.118762724,0.0069951774,0.19247153,0.030585518,-0.05946225,-0.100077756,-0.022181112,-0.07486655,0.2503545,0.08590093,-0.10654829,0.024562731,0.14815043
GNA15,0.26159462,0.0059554526,-0.03939987,0.00044801243,-0.12363642,0.18780726,0.22113784,0.001477401,0.008710999,-0.018948575,0.033384804,-0.012543351,-0.015627248
LAMA2,0.010149475,0.31328863,-0.035326738,-0.0019217267,-0.08739691,-0.10600812,-0.1300657,-0.0015366588,-0.04580219,-0.14690304,0.12136966,-0.07220615,-0.036531232
KCNK5,0.009938271,0.018044215,0.07842634,0.0044257776,0.018776601,-0.12664965,0.01902546,0.10281402,-0.08199596,0.07821559,0.17079392,-0.03180385,-0.024166021
SNTA1,-0.045091927,-0.07942764,0.06942703,0.12655497,-0.0032479314,0.0274359,0.19320606,0.05027391,-0.15495506,0.03830538,-0.04085894,-0.020769382,0.11070152
MFAP5,0.06364409,0.3054491,-0.057735324,-0.0040869433,-0.0065016947,-0.18223049,-0.012495274,0.025066016,0.0883258,-0.059589956,0.014573875,-0.014424543,0.015538008
MYO7A,0.23332831,0.10136622,0.021305623,0.003323639,-0.090800025,-0.0682886,-0.054934364,0.04375508,-0.05054376,-0.068025164,-0.15895428,0.046652578,-0.034828134
MMP19,0.18222475,0.18300289,-0.115854904,-0.002148447,-0.09969758,0.016190186,0.023353627,0.13098986,0.112750396,-0.09020362,-0.15127231,-0.044955213,-0.08470525
HOXC4,-0.09556563,-0.019622616,0.1661735,-0.0040612635,0.09165422,-0.022563437,0.0116688395,-0.027962644,-0.1438044,-0.022858528,0.07504153,-0.13262157,0.022712426
GIMAP6,0.30541041,0.0055834316,-0.006548165,-0.0019493663,-0.025893934,-0.093735345,0.07260996,0.01659787,-0.076216705,-0.070125856,-0.07099382,0.11672566,0.0059259636
ANKRD6,0.03956179,0.05099017,0.09548153,0.028567642,-0.1672229,0.066992976,-0.0466856,0.04862501,-0.062069435,-0.05161176,0.0466628,-0.0012109313,-0.11410336
PYGM,0.054254673,-0.02818494,0.08384994,0.0002709457,0.0010282423,-0.20710814,0.1732833,0.112038866,0.13413136,-0.14798927,0.06799958,-0.0065625035,0.18498795
ARHGEF15,0.1142341,0.037272412,0.2115192,-0.013208606,-0.08476755,-0.28907093,0.0688626,-0.10708631,0.2834449,0.29265955,0.0019293968,0.037532527,0.076278806
LYZ,0.27372146,0.024214134,-0.028583102,0.0082822405,-0.014073891,-0.13778678,0.0030877176,0.094740935,0.0646676,-0.010432659,-0.012834642,0.012100726,-0.02864545
NFE2L3,0.08085008,-0.15134867,0.0575417,-0.00021297907,-0.065071374,-0.0008476349,-0.046901412,-0.04584198,-0.2658025,0.012854632,0.14135624,-0.027662156,-0.17634054
SH2D3C,0.16027474,0.0030593874,0.1808127,-0.0013598927,-0.055468388,-0.2764875,0.006176874,-0.19530562,0.17133297,0.30732504,0.07186014,0.0032264725,-0.06214889
EDNRA,-0.0025113176,0.22019812,0.030913364,0.0031327356,0.0036840057,0.01770391,-0.10187355,0.13861123,0.13904628,0.26007977,-0.11501487,-0.0063188686,-0.1729664
PLEKHG1,0.11960208,0.122016706,0.15790881,-0.011211376,0.010012027,-0.07531607,-0.13977835,-0.10301694,0.15760025,-0.008358901,0.07850794,0.042444617,-0.18755382
PTK2B,0.26290876,0.001967996,-0.001535055,0.0010295468,-0.2019775,0.12771544,0.0738671,-0.06077789,0.05492829,-0.116348386,0.09887775,-0.0102213025,-0.08986282
CHRNA5,-0.03476273,0.0017899531,-0.0061003016,0.11554746,-0.06343274,-0.046302386,0.14425279,0.10335232,-0.05860005,-0.037901487,0.10602799,-0.059755083,-0.16304924
RXRG,-0.014279655,0.13937671,0.013486842,-0.013179213,0.23385863,-0.0018472525,0.07005068,0.07178507,0.019001491,0.004248173,-0.034488562,-0.022656787,-0.03704443
MEOX2,0.014631103,0.0098976195,0.15235648,-0.044058446,0.26878968,-0.01720775,-0.13423757,-0.13163057,0.077467576,-0.053060904,0.013028462,-0.12171187,0.084627025
ANK3,0.00019408128,-0.032939777,0.28116587,-0.004551451,-0.05124031,0.036449995,-0.17114241,0.3623091,-0.13253488,-0.085689135,0.095541805,-0.010813931,-0.0045018606
ITGA1,0.13122201,0.021876575,0.13822585,-0.005997131,0.011724426,-0.09548746,-0.3018419,-0.046804514,0.15697081,0.081482954,0.011638653,-0.13501124,-0.0074985283
PIM2,0.14150217,-0.07893761,0.04180952,0.050558813,-0.030885328,-0.098829664,-0.046981424,-0.021167057,-0.28685707,-0.027216192,0.19046193,-0.035911795,-0.09912819
POLE,-0.08275004,-0.007963056,0.026188606,0.33846524,-0.006428258,-0.023341158,0.037995577,-0.124829926,-0.07275574,-0.00026823056,0.03456994,-0.009268842,-0.058213577
RNF180,-0.011693466,0.00015511614,0.09288644,-0.018132024,0.21509522,-0.005042959,0.07512341,0.14625289,0.0006305416,0.01413323,-0.057414345,-0.02948767,-0.08083598
ADRA1B,-0.008310661,-0.006997745,0.08697323,0.050119422,0.001448922,0.057960764,0.015942764,0.0991884,-0.13449515,0.23022564,-0.13937913,0.018854931,-0.04801468
IL16,0.101421125,0.20229983,-0.009295272,-0.0006392254,0.12384515,-0.2264223,-0.010822276,0.0036334388,-0.15719017,0.020517197,-0.06483737,0.07333746,0.002312798
DSP,-0.05582689,-0.030343687,0.15724471,0.0012201993,0.034207202,0.12351915,-0.098029,0.020363752,-0.18800768,-0.011454835,0.04013416,-0.15661575,-0.05234381
DNAJB1,-0.066596836,0.014497118,0.055155404,0.08100512,-0.18767227,0.045338266,-0.02180999,0.010896854,-0.20077968,0.11668536,0.134441,-0.31457147,0.07774947
EXTL1,-0.055836428,0.13175198,0.10658978,0.0021900479,0.016994944,-0.075560294,0.17551088,0.0528991,-0.09613581,-0.04854914,0.024901558,0.06923983,-0.027549628
NRP2,0.04982372,-0.10997779,0.23014104,-0.008297672,-0.038046863,0.1717973,-0.14735216,-0.015323139,-0.014823957,-0.012879146,-0.01066515,0.004164192,-0.014332508
CD14,0.25504005,0.0064714565,0.018516714,-0.05041464,-0.047654923,0.22246727,0.1777325,0.062154252,0.068341605,0.055139836,0.018792087,-0.015080717,-0.012488166
PIK3CG,0.2582102,-0.033866122,0.09568937,0.0108083105,0.3001574,0.20549196,0.0013088504,-0.0847751,0.14944136,0.01342386,0.058215614,0.08964046,-0.10978902
DYSF,0.020421296,-0.08984898,0.18350019,0.075203806,-0.11488985,-0.09484852,-0.186356,0.012529278,0.18300465,0.26475382,-0.11011686,-0.07733112,-0.012107941
ZDHHC14,-0.0034111459,-0.11656796,0.2421083,-0.0006705862,-0.14996201,-0.0051954715,0.071437724,-0.02926855,-0.039894883,0.08491505,0.00072508876,0.038659424,-0.053968728
FANCA,-0.07511846,-0.093428925,0.0072044856,0.23200163,0.08572792,-0.016947411,0.040130977,0.28662625,-0.010813453,-0.014036746,0.061366376,-0.11208826,-0.14133604
ELOVL4,-0.10756062,0.008660717,0.07601351,0.1172512,-0.0016884953,0.05132146,0.1348933,0.051175077,-0.04838454,-0.013982103,-0.09071311,-0.08337171,-0.15359817
ZFP36,0.13744752,0.004932537,-0.046586376,0.007297037,-0.04305459,-0.05297906,-0.012339975,0.11586812,0.053647608,-0.005978413,0.096015655,-0.3331984,0.13590987
DTX3L,0.15641904,-0.06959955,0.13311398,0.056933768,0.02077795,0.0024465849,-0.15667456,-0.13219054,-0.2093008,-0.00035660993,-0.08138492,-0.0106303375,0.31566367
CLK1,0.012315327,-0.02225749,0.14722688,-0.004055184,0.30231908,-0.0003581772,-0.011691921,0.24760763,-0.0048820954,0.03196357,0.017903242,-0.20943928,0.023430062
CLCN5,-0.06372177,0.103359036,0.029484153,0.16895409,-0.26416168,-0.024488878,-0.1784298,0.20898183,-0.04554124,-0.013500852,-0.1096087,0.059508126,-0.09291065
CLTCL1,-0.031152869,0.14475094,-0.011313572,0.11318718,-0.010957456,-0.010053742,0.043416854,0.39228472,-0.1760395,0.060184468,0.013631877,0.10317596,-0.20571645
CDON,-0.005338135,0.15706538,0.17697002,0.019163726,-0.0007175193,-0.059890088,-0.23155282,0.0024780366,-0.03288194,-0.20299006,0.025829922,-0.10560569,0.14609978
RUNX1T1,-0.030667868,0.30121937,0.03122123,0.07900668,0.007140089,-0.004366741,0.0035129162,0.086739406,-0.039936032,0.11479332,-0.031447653,0.1983558,-0.1055381
SPARC,-0.039096408,0.119607046,0.16679803,-0.11545858,0.0031991405,0.06621062,0.023038652,-0.24234243,0.21215767,-0.11815063,-0.39934877,-0.013107376,0.041449573
SLC25A27,-0.011816299,-0.13196008,0.22155869,0.0052251206,0.119792454,0.0016530814,0.019150207,0.13021116,-0.12293692,0.13780369,0.021739094,0.10552975,-0.0063654687
TPD52L1,0.018750818,-0.14147885,0.20290141,-0.058286346,-0.05088223,0.078101575,0.0035191923,0.10779727,-0.14174443,0.10784444,0.018691842,0.040552005,0.023715775
PTPN13,-0.04015615,0.0018758723,0.2848144,0.050757147,0.016629465,0.13634893,-0.18564968,0.048204135,-0.046553325,0.012954288,-0.06197551,0.18585028,0.018263413
MMRN1,0.07822771,0.0966923,0.03231733,-0.0020234562,-0.062717676,-0.22347835,-0.0964932,0.06564564,0.25234076,0.1454218,-0.023543209,0.014567124,0.020943405
ITGA8,0.057636146,0.19358952,0.11714946,-0.0405305,0.227871,-0.14979652,-0.19123456,0.01766748,0.10015497,-0.057499293,0.024567211,0.027988058,-0.010955628
CDH11,-0.042808797,0.04457126,0.27593473,0.067069516,0.23593055,0.15559725,-0.15430613,-0.17129178,-0.07757571,0.055534385,-0.2251128,0.030820312,0.01808331
TK1,-0.043318402,-0.078831606,-0.067327894,0.312085,-0.044444196,0.04587474,0.20822003,-0.0477662,-0.064408265,0.097004026,0.0014508029,-0.10300432,0.19601162
HTATIP2,0.12296761,-0.15781374,0.06208443,0.00529974,-0.04401009,0.054716825,-0.13337621,0.02217273,-0.050253447,-0.025217408,0.011290089,-0.0772655,0.19342892
TIMP1,0.1017709,-0.038118787,0.10057972,-0.001834333,-0.103349246,0.18534303,0.039676994,-0.060880464,-0.021872234,0.08711888,-0.012204161,-0.27565533,-0.033178393
PBX1,-0.024086328,0.075125106,0.16808122,0.13537998,0.029675694,-0.09764251,0.08544005,0.057908952,-0.020022145,-0.017582424,0.008691157,0.19763792,-0.11031608
CIITA,0.27409497,0.04071851,-0.038069475,-0.0315126,-0.04917276,-0.1348178,0.001032365,-0.008681503,-0.14218625,-0.07313125,-0.13459149,-0.05903141,0.00012923218
MDGA1,-0.0033824611,0.13049813,0.08840996,0.04699169,0.13862267,0.059715614,-0.085190065,-0.04755607,-0.083191656,0.16732696,-0.032361913,0.0083291,-0.18819577
ABCC9,0.03049309,0.15431456,0.13878107,0.010443925,0.2240163,-0.22097929,-0.097790584,0.078909755,0.20649002,0.03088793,-0.023221036,-0.0028507872,0.0072379
SORBS1,0.019338595,0.24845238,0.099270865,-0.0029620063,-0.05295995,-0.21787466,-0.10646244,0.15407474,0.042484824,-0.14670317,0.21031696,0.026346313,-0.03268866
SMAD6,-0.054396346,-0.15304118,0.27288327,0.0019939833,0.07298391,-0.033072244,0.25955543,0.011227249,0.02098594,-0.046195325,-0.0024150403,-0.12284666,0.21193193
STAB1,0.24934275,0.11722291,0.019551598,-0.0016039929,-0.046744324,-0.10618671,0.02338344,0.04202306,0.071671285,0.11066326,-0.19157884,0.10878553,-0.052240375
BACH2,-0.0019942047,0.2174376,0.04301849,0.0045768535,0.28068212,0.09831717,-0.07700026,0.1727818,-0.07613902,-0.031599708,0.21969227,0.020278225,-0.09156404
HR,-0.011167649,0.17053774,0.07927563,-0.007436751,0.15328458,0.017116375,0.10725178,-0.029747149,0.052028734,-0.056810163,0.12495427,-0.17474155,0.13842495
BIN2,0.31333986,-0.037815705,-0.0521574,0.04195022,-0.054896634,0.04359616,0.07097588,-0.019276919,-0.031215118,-0.05888174,0.0036660584,0.04115534,-0.0049492707
HSPB7,0.003063994,0.09439916,0.012780481,0.0013634829,0.10038584,-0.08279053,0.14873774,0.17106391,0.17776671,-0.23366487,0.07883779,-0.18183754,0.14985305
CELSR2,-0.03482173,-0.0033915623,0.1105846,0.013933697,0.22988302,-0.011986489,0.011263592,0.008915733,-0.12432761,-0.17843874,0.14629321,-0.12781644,-0.2637597
SCAND1,0.021996025,0.01856421,-0.037066013,-0.003175807,-0.16203806,-0.0703874,0.3631727,0.038356762,-0.19826147,0.2122314,0.11491854,-0.13466147,0.2775373
PLCL1,0.017664382,-0.001545154,0.16064799,0.026664741,0.18297723,-0.11958016,-0.009163933,0.2305545,0.23885998,-0.13352466,-0.021134913,-0.014636417,-0.06315534
ICAM1,0.20271069,0.14333567,-0.045398865,0.08740939,-0.11479473,0.14049394,0.107168354,-0.1442154,0.022945559,-0.071436375,0.11298639,-0.2070758,-0.0121928975
RALGPS2,0.0019606971,-0.006725759,0.03044305,0.12001934,0.025900895,-0.0032759039,-0.11787473,0.023129722,0.13924836,-0.07299332,0.011365954,0.07904636,0.012047624
C1QTNF7,0.050578687,0.22583112,0.10685875,-0.033297163,0.029548768,0.18516502,-0.08820168,0.18782009,0.0054215332,0.07111268,0.06941364,0.21423185,0.1077088
HCLS1,0.3090166,-0.004224102,-0.011452071,-0.0034405163,-0.07353151,-0.046061825,0.006016506,-0.042740475,0.015966043,0.08575697,-0.008774973,0.031814102,0.019453164
DENND1C,0.31391665,0.0017642217,-0.009883924,-0.0047513745,0.019574499,0.0077125914,0.12037645,-0.07331317,-0.083582364,-0.050368864,-0.024406478,0.05061143,0.0003510321
FNDC5,-0.0033216423,0.2107938,-0.006962864,0.03303163,-0.101625875,-0.08717489,-0.0032539158,0.026416326,-0.11242686,-0.04905297,-0.03659916,0.013774381,-0.08992833
KIFC1,-0.052742194,-0.06272534,-0.010578998,0.37556913,-0.2620031,-0.004502789,0.088719964,-0.094903655,-0.08839133,0.040038086,0.07628911,-0.027870638,0.13670552
RASL10B,0.009325519,0.09435444,0.011114943,0.104987934,0.18002836,0.04410497,0.23025763,0.004744078,-0.0910218,0.027168069,0.21241415,0.3585763,-0.042782832
HMCN1,0.028751357,0.34652254,0.036927287,0.060126804,0.3203981,-0.015112348,-0.13565658,0.038193665,0.05290299,-0.0035921172,0.012077014,0.025252115,-0.00022749534
CSTB,0.15700279,-0.005340645,-0.009145071,-0.00018485963,-0.08955178,0.3375248,0.26869076,0.09042746,0.14983393,-0.0048254593,0.098123394,-0.057635475,0.14265275
TBC1D16,-0.026886035,0.13494238,0.15914091,0.021707349,-0.036621515,-0.002049181,0.08745692,0.027408028,-0.21610397,0.07495358,-0.021840218,0.010227494,-0.26511657
SATB1,0.06782853,0.03548877,0.029350491,0.07531061,0.1775719,0.00182962,0.012660792,0.04470095,-0.023468643,-0.065247156,0.1260425,-0.016230512,-0.21826148
FGD5,0.1034228,0.062368207,0.22394477,0.00010628403,-0.19512393,-0.2157079,-0.15413713,-0.11264164,0.1601676,0.14558278,0.03635519,-0.006599739,0.00969769
SCUBE2,-0.0032267491,0.3020952,0.079749666,-0.06048119,-0.07367507,-0.09594325,0.011761513,-0.09487243,-0.011723669,-0.07431414,-0.07647352,0.14403006,0.1046128
MANEAL,-0.04409511,0.07066447,0.0048283497,0.016992522,-0.018812872,-0.11596591,0.07481134,-0.17470774,-0.10598617,-0.11084697,0.0790499,0.04676346,-0.18722242
ARHGAP18,0.17358418,0.0009365492,0.13684347,0.0534883,0.36927587,0.24030209,0.07253373,-0.0027891393,0.18863636,0.15324411,0.10445179,0.15365389,-0.023326611
FADS1,-0.047085635,-0.098451175,-0.04828598,0.22664051,0.005474025,-0.006923281,0.038402878,-0.1068316,0.09675408,-0.2131076,-0.05588859,-0.100896366,0.0014187782
MYO10,-0.043219082,-0.055929724,0.25850868,0.08211835,0.122304924,0.094391145,-0.1137162,-0.11223298,0.098178916,-0.07452338,-0.1507933,-0.02791843,-0.15117377
ABCC3,0.26442182,0.051988743,0.030529374,-0.009121692,-0.04405905,0.075989485,-0.028781692,-0.0798722,-0.09855881,-0.08131744,-0.0860451,0.03955718,-0.07525959
ANGPT2,0.0025917867,-0.04675,0.036249466,0.0053145485,0.0048388257,-0.16206694,-0.045504566,0.11975626,0.16586739,0.15228763,-0.0537434,-0.19153744,-0.048480533
SFRP1,0.008679012,0.21349984,0.099156074,-0.06260291,-0.013959975,-0.09752998,0.033964135,0.016787333,-0.087011896,0.010611735,0.03703124,-0.00036790982,-0.2920065
DMPK,-0.026014667,0.09933127,0.18352614,-0.057519704,0.05620952,-0.08930219,0.11702102,-0.009079509,-0.109767616,-0.09405428,0.11400022,-0.04139682,0.03720082
CRIP1,0.04136985,0.091289386,-0.018498205,-0.014340293,-0.076494485,-0.11807799,0.15609716,-0.22966346,0.03321507,-0.13199545,0.049882874,-0.33110687,0.30426076
CD2,0.2705992,-0.02116462,-0.05143139,0.003003541,-0.01316665,-0.13817523,0.00702378,-0.087578796,-0.20705451,-0.028794616,-0.06631705,0.04724623,-0.016565409
SUSD1,0.13407663,-0.16751854,0.18092301,0.0018689759,0.0016272146,0.004848441,-0.023687791,-0.170352,0.08174129,-0.16944736,0.0942419,0.038461253,0.01904555
DTL,-0.08495613,-0.0113606965,0.022107309,0.34372273,0.0032052186,-0.041096825,-0.04901859,-0.058108058,-0.080820434,0.0010898302,0.11849885,0.0043270877,-0.023322774
CLEC11A,-0.07674596,-0.08279123,0.20266561,-0.0012628596,0.00022617368,0.049558673,0.24291217,0.040002078,-0.01887158,0.096696034,-0.22708583,-0.1439714,0.129597
PER1,-0.052297793,0.090277284,0.047229167,-0.005649679,0.018189648,-0.061261896,0.0064955154,0.093086496,-0.11166038,0.010571937,0.00072768464,-0.030604817,-0.0043136873
RCN1,-0.035933558,0.2330709,-0.078015424,-0.0073118005,0.22083843,-0.08192866,0.08577449,-0.17679338,0.1558294,-0.02449252,-0.23495896,0.06290962,-0.0038802011
NOTUM,-0.06583311,-0.07428084,0.14816011,0.008944554,0.01654609,0.06833605,0.23563911,-0.0032792385,-0.13748513,-0.05229167,-0.029562477,-0.17857221,0.0018001104
CDCA8,-0.06550955,-0.011667044,-0.02225197,0.3955082,-0.11176554,0.00037114983,0.06863288,-0.10178022,-0.08200761,0.016106801,-0.015091481,0.008040808,0.060301844
C1QC,0.2870186,-0.01301842,-0.028173784,-0.011348554,-0.01795915,-0.114228964,0.06919512,-0.030949414,-0.21360314,0.002330856,-0.20112003,0.027181756,0.018312614
DDN,-0.091284916,0.013798698,0.038925886,0.120765194,-0.0047093485,0.03560486,0.13336484,0.07006711,-0.11665138,-0.079643615,0.023901751,-0.114484414,-0.016636187
GPRC5B,0.0477405,0.20411694,0.086327724,0.015218112,-0.10953424,-0.23835936,-0.02374885,0.16813025,0.15781733,-0.02483111,0.13417894,-0.14215927,-0.0131477285
PLK4,-0.03788885,-0.019989276,-0.02668601,0.390709,-0.024777701,-0.030514875,-0.10288426,0.00042072797,0.016412023,-0.018705063,0.011594406,-0.0066130306,0.0010021244
MFAP3L,-0.008643317,-0.13159783,0.19514008,-8.886084e-05,0.11354451,0.017074054,0.047638584,0.1945483,0.07612403,-0.13865855,0.047807436,-0.02041642,-0.01928278
SLC6A9,-0.089105584,0.09608388,0.13491127,0.0079509225,-0.08973751,0.0061779716,0.060384713,-0.22438973,-0.07981405,0.006447832,-0.22494778,-0.057717253,-0.16067505
PHEX,0.04113288,-0.09723812,0.25015706,-0.01886616,-0.018072324,0.0010614808,0.21481922,0.23345122,0.09084766,-0.11697217,-0.10009564,0.010417597,-0.049521375
FZD10,0.0071498402,0.031097716,0.20780264,-0.03316178,0.1141815,-0.058595877,0.036015812,0.17672397,-0.068641804,0.09583534,0.06720846,-0.23925331,-0.15642335
CNTFR,-0.07272225,0.23130776,0.037612904,0.067520835,0.07656113,-0.17608209,0.10487454,0.05508917,-0.12770274,-0.10558378,-0.007938331,0.08648223,-0.02541838
ETV4,0.034382407,-0.08003723,0.0386991,0.071717836,-0.10965755,0.10597292,-0.082587995,0.15406652,-0.017362382,0.22626147,0.1353545,-0.41423684,-0.076610364
ID4,-0.061922923,0.12336266,0.09277825,-0.006859891,0.2881644,-0.02971118,0.065464705,0.09033413,-0.11486684,0.10805151,0.024142997,-0.12342112,0.09043037
SLC12A7,0.053818084,-0.012619091,0.20984839,0.000883656,0.20466416,0.21932401,0.07270491,-0.13586381,-0.048375037,0.08488034,0.23535913,0.015170761,0.043452784
KIF6,-0.0652523,-0.09018705,0.20640847,-0.00039482344,-0.06977038,-0.046613593,0.0885608,0.20316696,-0.1314276,0.14639477,-0.13100502,-0.0050572082,0.09670341
CDK6,2.9927987e-05,0.13818946,0.021554114,0.019365568,0.019351859,0.09649918,-0.39489365,-0.05395579,-0.10875805,0.09537113,0.049816117,0.0013781739,-0.05903799
COL23A1,-0.055903174,0.124650046,0.08766701,-0.0696006,0.015801184,0.0072063776,0.1372225,0.19386816,-0.16895224,0.033513065,0.019888053,-0.13612819,-0.2823755
RGMA,0.032168634,0.3114229,-0.0015496291,-0.0090643065,0.14776158,-0.13884304,0.009541413,0.070394084,-0.18260618,0.077259645,0.22204831,0.032967586,0.08384231
GALM,0.10981589,-0.05909563,0.08601752,0.040405337,-0.13340792,0.28217885,0.03980212,0.055733863,0.054795075,0.12575634,0.14083792,0.20962122,0.01785236
HSD11B2,-0.013303652,-0.0234611,0.21686773,0.066547394,0.11270814,-0.033530407,0.11343307,0.015997775,-0.002654228,0.17437479,-0.06789994,0.07582595,0.03986691
NXPH4,-0.0899489,0.08187232,0.04213323,0.07507579,0.12110761,0.004470397,0.16304056,-0.00427427,-0.27102977,-0.0030944224,0.016363733,-0.18063833,-0.116412
COL4A2,0.097530864,0.16780388,0.12994562,0.00062075217,0.006044847,-0.15229073,-0.12005326,-0.16073908,0.2190497,0.25863713,0.048693344,-0.30910394,-0.13977987
KDR,0.121829264,0.009816557,0.1997328,0.06327686,0.040679302,-0.2186944,-0.15030266,-0.07485463,0.33895758,0.21326064,0.0018569947,-0.00061746483,-0.042395607
SYNGR1,-0.06259349,0.01768994,0.061215434,0.02830674,-0.01141466,0.015307368,0.18524344,0.15477078,-0.3122056,0.12150403,0.07854257,0.07499793,-0.06716834
HMGB2,-0.026211767,0.012897133,-0.08124736,0.30032608,0.027910253,-0.10007045,0.0547531,0.04015656,-0.13762927,0.016813217,0.13032883,0.08336283,0.021778889
CD34,0.13049394,0.0009978542,0.2104538,0.007335562,-0.06556609,-0.27544665,-0.008092075,-0.16166885,0.2767298,0.3265184,-0.00090813887,-0.041301947,-0.014073431
CCND2,0.07355731,0.21269752,0.05368497,-0.030757423,-0.014066132,-0.13850299,0.086665444,-0.09474773,-0.15528017,-0.002249449,0.13112871,0.05465037,-0.257688
CRLF1,0.0014951152,0.1640162,0.06292247,-0.100952104,0.08515668,-0.004323904,0.0384636,0.12632051,-0.058571476,-0.14204213,0.052628167,-0.41830817,0.14088535
TIMP3,0.017354652,0.07575676,0.15957645,-0.05246238,-0.032356173,0.1006657,-0.26652938,-0.044431426,-0.1880862,0.05640636,0.0046510333,-0.16597758,-0.16149455
TSPAN6,0.05235452,-0.066818416,0.082797445,0.0016266977,0.03149153,0.1397476,-0.12855397,0.16510218,-0.015774537,0.02137487,0.029026926,-0.15717788,0.11312235
EDNRB,0.15182899,-0.0019355739,0.105297714,0.0030527327,-0.13765725,-0.19192047,-0.1583972,0.10904711,0.21761684,0.044340003,-0.018224489,-0.05952257,0.03365014
CBX6,-0.009295422,0.077362254,0.22208856,0.0053725406,0.050346147,0.0010198773,-0.21461523,-0.09750775,-0.2550735,-0.018847235,0.041659053,0.049294967,-0.18060768
KIRREL2,-0.013648303,0.0031250448,-0.00039891066,0.002442664,-0.17955233,0.16309996,0.21253708,0.10441305,0.12997992,0.004862603,-0.046928395,-0.13186194,-0.3276084
IGF2R,-0.0132132135,-0.0047135856,0.16234425,0.11094426,-0.13729496,0.11314975,-0.09162117,-0.076961756,-0.083458774,0.008343917,0.0042117285,-0.0030354608,-0.3426534
IGF2,-0.02822717,0.15141338,0.24573225,-0.09808227,0.11142985,-0.014410482,0.010497778,-0.028732881,-0.20979229,-0.008044878,0.14862658,0.14130245,-0.018184487
SLC4A8,0.0021733893,-0.036256798,0.10111256,0.10924387,0.10615495,-0.08260839,0.032483004,0.06841433,0.10240801,-0.16680393,0.0002943814,0.0084545165,-0.3952511
DENND2D,0.2605691,0.007318937,-0.02470403,0.023413,-0.07908885,-0.11204748,0.15534881,-0.077085264,-0.13640666,-0.12258218,0.040336285,0.0044160914,0.008042109
PHLDB2,0.061464507,0.32520968,-0.013616689,0.001923966,0.22834195,0.0088281715,-0.19017665,0.051890086,-0.016409887,0.0893353,0.012922889,0.08173624,-0.031348538
MME,0.06880781,0.07194652,0.022742936,0.0020847083,-0.0047005895,0.1466537,-0.1297274,0.14529438,-0.02837722,0.1324667,-0.0055112927,0.042494275,-0.0064681494
SGCG,-0.07334745,0.06084788,0.11921589,0.04272917,0.03665316,-0.0019115407,0.124694504,0.2661985,-0.080290765,0.06446994,-0.05699118,0.22419477,0.043790113
RPS6KA2,0.08847082,0.1736195,0.08362371,-0.0041781976,-0.08623816,-0.14177012,-0.15997657,-0.13533069,0.22206229,0.09840313,0.005847421,-0.09689896,-0.12420399
DGKI,0.055526976,0.13057442,0.13571179,0.036453605,-0.0017972742,0.26295602,-0.007266321,-0.038177896,0.12814471,0.08847919,0.071227685,0.14911294,-0.072700694
KIF14,-0.07108947,-0.06455805,0.05101165,0.37074512,0.06880892,0.009667411,-0.10037002,-0.01752923,-0.0039275894,-0.01741975,-0.011636488,-0.009878096,-0.009370333
CHRD,-0.015290929,0.24373358,0.17219293,-0.07171987,-0.0026826812,-0.044246517,-0.033150002,-0.17903002,-0.0243244,0.0060506854,0.0030140576,-0.040729254,0.037629724
RAD51AP1,-0.04312014,0.028183436,-0.044687405,0.3382536,0.038934782,-0.060157154,0.10524417,0.02536029,-0.006266888,0.016671872,0.030516855,-0.06930428,-0.02582174
KCNMB1,0.14691159,0.1464139,-0.014290863,-0.009454982,0.0071519692,-0.113679744,-0.07028434,0.012539892,0.07410366,0.084498905,0.008052723,-0.04798821,0.04753525
CMKLR1,0.18745075,0.08644817,0.056477685,-0.012717251,-0.06431702,-0.005557234,-0.10440198,-0.15489182,-0.034316864,0.01077906,-0.0006234659,0.018201346,-0.06040127
DUSP5,0.147833,-0.12924197,-0.026981914,0.014248623,-0.016236411,0.003120122,0.013911795,-0.021177163,0.08805252,0.06119391,0.19402958,-0.38882995,-0.15983324
GPR176,-0.07146932,0.030369852,0.124278225,0.008847444,-0.18949257,0.117345415,-0.13316742,0.08833586,-0.0047103884,-0.007299459,-0.09334578,-0.037452612,-0.039060365
MCOLN2,0.17055707,-0.06554567,0.007188449,0.006919854,-0.030756213,0.13246639,0.13109225,-0.19943744,-0.0911395,-0.014885034,0.27429584,0.014256733,-0.006447012
IRF5,0.29285195,-0.060959455,0.017310483,-0.001760157,-0.025964908,-0.00561091,0.074954055,0.0038824782,-0.121598035,0.01476312,0.011961628,-0.0048536942,0.09304134
SERPINB8,0.12862103,-0.04189512,0.0626294,0.0043107867,-0.114751525,0.25089663,0.087273896,0.10605055,0.11020862,-0.01744527,0.16729732,0.07941786,0.17965683
HBEGF,0.06938754,-0.18554221,0.04917242,0.013230019,0.030925993,0.036870316,-0.049293306,0.1269442,0.056015916,0.11184348,0.00926315,-0.44641858,-0.010018874
KLHL3,0.09835575,0.06643522,0.059510577,0.066905364,-0.01139433,-0.09759063,-0.10378689,0.0030453722,0.05434879,0.054496907,0.038650367,-0.014140654,-0.18821214
PRELP,-0.03140662,0.2466865,0.08959384,-0.10418961,-0.011801958,-0.03699723,-0.025842892,-0.09914452,0.011121044,-0.13514264,-0.08853991,-0.11032152,0.18127695
GPR153,-0.11766575,0.19825868,0.027083972,0.1271089,-0.025164617,-0.06677635,0.19977331,0.0221181,-0.09278498,-0.048234005,-0.06928095,0.015995514,-0.012432377
CCNA2,-0.048037056,-0.0028236157,-0.059675183,0.3934795,0.0002949238,-0.025714802,0.011945472,-0.06638144,0.010939296,-0.004794229,0.020160617,-0.0037644242,0.016018681
KIF22,-0.05555238,-0.019386562,-0.010187238,0.362819,-0.16575408,-0.008289102,0.087425195,-0.10000658,-0.10811096,0.040543605,0.0010741797,-0.008655749,0.053969108
DLX4,-0.079708114,-0.21043171,0.25710735,0.009828992,0.121887356,0.015345928,0.06795732,0.012715568,-0.15475714,-0.090133995,0.067310475,-0.11038156,-0.04354394
GPR162,0.0049100765,0.045733266,0.12566358,0.0022440436,0.003439724,-0.05411154,0.20269239,0.029107466,-0.15434015,0.09342609,0.0021530262,-0.2054033,-0.24322437
TOX,0.027060574,0.20653062,0.00020651532,0.005661869,0.022897061,-0.14398749,-0.04545769,-0.059248794,-0.16877598,-0.026845925,0.14454222,0.23615697,-0.10151066
CENPA,-0.06281483,-0.0992776,-0.028409347,0.34442905,-0.048816215,-0.0010121086,0.16515632,0.0083840415,-0.009833523,0.032222684,-0.0050905915,-0.027689207,0.039592538
GJA5,0.09919456,-0.042645395,0.22472252,-0.020184416,-0.23473649,-0.084107734,-0.092134416,0.07785662,0.06566871,0.2817657,-0.075022265,-0.006740141,0.14570014
IGSF10,-0.06617056,0.30589074,-0.04541032,0.059220627,-0.010891329,0.05078831,0.009905396,0.02096501,-0.121305645,0.09163461,-0.17301683,0.18314226,-0.007049117
GIMAP2,0.27787453,-0.030240774,-0.016476374,0.0034803418,0.26374108,0.04617758,0.04853433,-0.07786753,-0.014180512,-0.030184418,0.034200445,0.09478422,-0.004118132
PRKAR1B,0.014967033,0.11483192,0.109051004,-0.03249059,-0.12256336,-0.05161532,0.17909276,-0.031178081,-0.13819918,-0.07146295,0.12865548,0.0802952,-0.057399146
RGS17,-0.011088093,0.28795046,-0.08089509,0.058784094,0.042990644,-0.07068881,-0.03503508,0.02806167,-0.014607033,-0.02047761,0.1426974,-0.114047945,-0.20460579
EDA,-0.008159047,0.12676267,0.11200974,-0.026949944,-0.041626737,-0.15392338,0.0150252655,0.21515591,0.02843922,-0.22128466,0.009924743,-0.039392732,-0.052519158
PRTFDC1,-0.01250082,0.0071983845,0.08713215,0.046909288,0.18781514,-0.018823681,-0.19102924,0.1899687,-0.013473345,-0.04804821,0.02597136,0.082565494,0.14982133
ACP5,0.10886581,-0.08667658,0.1478022,-0.0007126841,-0.09245321,0.32422686,0.24923567,0.013817348,0.24484906,0.1086146,0.122876175,0.019332862,0.038298234
CCNF,-2.5923224e-05,-0.011776206,0.081397936,0.3102845,0.018029537,0.19153716,0.20885156,-0.04264049,0.052102298,-0.0115112765,0.13117436,0.14490491,0.0346611
C1QTNF3,-0.04803104,0.40259933,-0.1549229,0.0011339631,-0.038095232,-0.027203703,-0.00028383936,-0.034296904,0.022516487,-0.04102407,-0.10100813,0.008668449,-0.010145384
IQGAP2,0.158939,0.008280045,-0.007243536,0.043031998,-0.07235296,-0.16713943,-0.18617508,0.093609884,-0.1641704,-0.08932443,0.025904411,0.107261024,-0.31471735
TXNIP,0.17138538,0.004176894,0.16474167,-0.026405694,-0.10096414,0.018437888,-0.12739044,-0.03244532,-0.06568459,0.0040429696,0.019997083,0.23160219,0.04228563
PLD1,0.002754993,0.01503231,0.20186304,9.4443385e-05,-0.032578666,0.21273656,-0.25970986,0.108529195,0.0040081963,0.08254286,-0.18600214,0.03318504,-0.0032896174
ACSL5,0.2623932,0.011124219,0.054627694,-0.0011629915,-0.1331272,-0.08234206,-0.014891225,-0.16223684,0.080866866,0.08546777,-0.0076056644,0.0016137088,0.08090965
MFGE8,-0.0024399515,0.083328806,0.10122727,-0.05009927,-0.041751333,0.13142104,-0.14962195,0.014322297,-0.095847026,0.10880162,-0.0970955,-0.2896435,0.1488246
WNT2B,0.09488255,-0.020454707,0.17107117,-0.014673423,0.016574781,0.19950601,-0.041220568,-0.10454804,0.014073404,0.043390706,-0.008259338,-0.25248468,0.104621306
BRSK1,-0.055397462,0.15223964,0.09259927,-0.01404151,-0.27395952,-0.013136172,0.0012383992,-0.008654483,-0.09988224,-0.14687672,0.045370303,-0.025517713,0.06925257
ENOSF1,-0.076068126,0.095631294,-0.017630158,0.120887704,0.2369651,-0.052751124,0.017180104,0.07083883,-0.023470271,-0.01405575,-0.0037915558,-0.062261134,-0.18942082
TLR7,0.29396504,0.0107071465,0.059177376,-0.004600104,0.022593016,-0.008023239,-0.11932521,-0.04364128,-0.14056277,-0.053886507,-0.19502316,0.11724319,-0.008135156
CALCR,0.10106658,-0.0033892165,0.15246384,-0.049804464,-0.049580675,0.23393597,0.24101013,0.2777052,0.18732236,-0.08782457,0.00078869786,0.2220958,-0.12566164
SLC6A6,0.17064726,0.029295914,0.08394796,-0.0013439702,-0.02182124,0.14341743,-0.20701116,-0.17452365,0.05416348,-0.05552359,0.10109118,-0.17267336,-0.030243317
CREG1,0.22264953,-0.0372745,-0.070355296,0.065897435,-0.13095497,-0.060123593,-0.012178881,0.18306488,-0.08323761,-0.006688341,-0.13724892,0.009386092,0.02412374
TNNC1,-0.040761255,0.045712706,0.025214264,0.023365753,-0.011972104,-0.1672666,0.18235132,0.09460544,-0.017981986,-0.06665973,0.043707974,-0.000106487634,0.16832502
PTPRK,0.06763176,0.0453231,0.168943,-0.0044838917,0.082355514,-0.11240022,-0.33713794,-0.116750635,0.06876793,0.0019036224,0.15113153,-0.03016748,-0.13861492
LRRC1,-0.07982657,-0.045700084,0.14876066,0.1070648,0.066402994,0.0047839815,0.12379369,-0.043831203,-0.03789978,-0.11647737,0.08825106,0.11117032,-0.089121714
SCUBE3,0.027261157,-0.00040631252,0.24616146,-0.08241895,0.1419979,0.056465436,-0.03645767,-0.015452549,-0.06688016,-0.042639382,0.1078972,-0.12919109,-0.0308128
MFNG,0.27635697,0.0666909,0.03656751,-0.020034838,-0.088879734,-0.1790818,0.06408808,-0.015370671,0.04037511,0.071106285,-0.07548861,0.06952575,0.012584571
GPR4,0.09155982,0.046891104,0.13811566,0.030090647,0.100302726,-0.23314296,0.074682765,-0.054758597,0.32822216,0.2203667,0.020438187,-0.25882685,-0.028457915
DACH1,0.055210304,0.1443278,0.08704059,0.054050963,0.29699218,-0.26559916,0.039814804,-0.037372593,0.1871959,0.0276017,0.15452102,-0.005014401,-0.07228155
SAMHD1,0.2516575,-0.060156804,-0.031597678,0.11136772,-0.086385705,-0.026955381,0.0022391372,-0.10243033,-0.11483889,0.078092754,-0.03896399,-0.011090121,-0.014306826
DPYSL3,0.044136964,0.27364665,0.034225035,0.002633102,-0.0017611904,0.082456626,-0.24834941,-0.13089216,0.064898685,-0.09419462,-0.06969871,0.016719535,0.07952353
RAB27B,-0.0826904,0.022289984,0.120769076,0.087266594,0.06594228,0.11341207,-0.021628218,0.1304745,-0.1303332,0.087511666,-0.27290106,0.016642967,0.008881792
MX2,0.19595325,-0.040292908,0.02707449,0.053419076,0.15346475,-0.048177462,-0.02576927,-0.2853253,-0.19817749,0.03646858,-0.09658212,0.0017929733,0.22070853
PTGIS,-0.0038655011,0.015883511,0.20568742,0.04465841,-0.11789355,0.023253473,-0.05966363,-0.12884803,-0.061614342,-0.029843118,-0.109585226,0.0101561975,-0.15358049
HTRA1,-0.0088962875,0.2733206,0.015288393,-0.05797539,-0.13413435,0.17365682,-0.07933659,-0.060277876,0.009841513,0.114640996,-0.23904933,-0.023768324,0.10044864
P4HA3,0.0031455974,0.29977125,-0.04974026,-0.036853574,-0.1715065,0.09492248,-0.12883334,0.19126621,0.018525416,0.10617302,-0.086573474,-0.025991902,0.011839224
SLCO5A1,-0.0022168823,0.0007164845,0.10121092,0.09717205,0.074210905,-0.07939074,-0.008857461,0.084538385,0.021940535,-0.015031196,0.24538022,-0.022606501,0.0513202
RHOB,0.071356155,0.13632427,-0.010163608,0.0020606169,0.310805,-0.0843789,0.02232891,-0.07109567,0.1087307,-0.060171027,0.15039976,-0.29054418,0.13596277
FOXP1,0.08743513,0.30299422,-0.067291886,-0.026857918,-0.009082315,-0.0037349507,-0.22374304,-0.07119702,0.06807187,-0.014238273,0.1623706,-0.005760389,-0.06208345
DOCK5,0.108313285,0.01851704,0.13406178,0.04090579,-0.04403092,0.29720744,0.09994266,-0.062949196,0.17879207,-0.08845563,0.27486196,0.1269312,-0.09308323
PTPRJ,0.2616009,-0.092032745,0.07773404,-0.0005905617,-0.19773492,0.12969193,-0.0234584,-0.080122344,0.111847095,-0.1287731,0.090898044,0.007955677,-0.1308375
ATP6AP1,0.12999406,-0.09149097,0.10787097,0.011633261,-0.120743446,0.3492584,0.16068816,-0.099598706,0.08343226,0.05693192,0.052702405,-0.008930065,-0.0021768091
TINAGL1,0.121649824,0.07987331,0.016537324,0.0021686738,0.04438412,-0.28688055,0.14035511,0.06518874,0.16174024,0.10892356,0.06776228,-0.053807843,0.20321666
ATP8B4,0.1828384,-0.070442036,0.15104252,-0.0200917,-0.021101458,0.04760272,-0.25282568,-0.01488581,-0.040557563,-0.013104888,-0.10254566,-0.011773675,0.13741735
ATP1B1,0.087392,-0.04686297,0.039649572,0.09287035,0.0015950372,0.11287535,-0.042004276,-0.027053384,-0.0050060265,-0.031204846,0.09294577,0.011150479,0.045588166
CYP2J2,0.01559362,0.2170038,0.033442073,-0.019850709,0.08894171,-0.09551002,-0.048214458,0.12064729,-0.24104238,-0.008224884,0.09633903,-0.036452413,-0.06757947
CPM,0.20617357,0.055275336,-0.1264584,0.072700225,-0.13031368,-0.058126442,-0.08797828,0.13572715,0.044938814,-0.004487142,-0.11684123,-0.018977294,-0.057278518
SPSB1,0.08259188,0.28168806,-0.041751444,-0.012833484,-0.172543,0.021059508,-0.13178414,-0.11494325,-0.03894388,-0.01863213,0.14045678,-0.19902866,0.046901327
TXLNB,0.14481685,-0.017595408,0.0731708,0.008675319,-0.085714646,0.0005937537,0.015988916,0.19444144,0.010277475,-0.056811295,0.20121057,0.07411796,0.15889288
MMP1,0.07137863,-0.0065395874,0.096104726,0.029819826,0.26493225,0.3185105,0.1107283,0.016633995,0.13443868,0.104715414,0.23650768,-0.07659187,0.031806707
CAP2,0.01380323,0.20202114,-0.0028937515,0.0050982707,0.010191653,-0.18208858,-0.08651658,-0.009515143,-0.10650816,-0.06926865,0.15304042,0.027523173,-0.08444704
PER2,-0.0063742553,0.24585338,0.1661885,-0.014855167,0.10288122,-0.056041416,-0.090687715,-0.12982897,-0.042265993,-0.060564525,0.09658058,-0.008070315,0.008497912
MAOB,0.0027652783,-0.017882384,0.18645234,-0.015341622,0.24275361,-0.084617145,0.062647626,0.06584582,-0.0350824,-0.11270548,0.12703627,-0.026653776,0.15721208
NBL1,0.00045407802,0.08697907,0.08285443,-0.07582797,-0.2596358,0.07510659,-0.068423495,-0.13984977,-0.02826936,-0.0073868628,-0.09117411,-0.21278992,0.1431957
FAP,-0.006717877,0.25688514,0.004180542,0.003528026,-0.1844637,0.17386296,-0.20569566,0.07604032,0.018245405,0.13472576,-0.17019361,-0.033971664,0.067504555
TMEM97,-0.0946001,-0.024398232,0.12707433,0.18537258,-0.008936882,0.027338158,0.17374241,-0.03114698,0.035529353,-0.009835618,-0.22048959,0.13136674,0.06747434
DPF1,-0.08536298,0.11310851,0.009953433,0.14426203,-0.20510782,-0.03679988,-0.005179015,0.16354555,-0.2702287,0.05706845,-0.0010215865,-0.042845957,-0.00760054
SFMBT2,0.17138016,0.039882228,0.20614873,-0.037065912,-0.007721037,-0.17150463,-0.08828734,-0.10330023,-0.07533492,-0.03222854,0.15024638,0.08291808,-0.16424517
RASL11A,0.08016186,0.1835259,-0.040298913,-0.008039815,0.08705229,-0.06910432,-0.014978596,0.045464993,0.014941713,-0.01345884,0.16482015,-0.14145625,0.047730263
MYCT1,0.13406432,0.010993587,0.11346567,0.0016840892,-0.19618247,-0.2519195,-0.013250358,0.1227131,0.35302004,0.21184985,-0.0023277926,-0.0027697282,0.12557648
KCNF1,-0.0001951255,0.023023237,0.081745796,0.0048905164,0.08709683,-0.13064045,0.19398478,-0.08387904,0.023986425,0.09787987,0.10104619,-0.19649778,-0.2155764
TRAM1L1,-0.009246891,-0.028412877,0.098466344,0.0013662798,0.28312916,0.10784745,-0.07473433,0.061032847,-0.18285157,0.00096235285,0.016005207,-2.8549873e-06,0.046801515
PLK2,0.083069056,0.082504,0.067204066,0.05155751,0.29549515,-0.16707627,-0.029255174,0.07865781,0.09297651,0.2845497,0.011824853,-0.020633865,-0.08888479
NRN1,-0.056989945,0.17711899,0.02680971,0.019444114,0.06915209,0.047535498,0.15728518,0.06666243,-0.066597976,-0.07848564,0.010788737,-0.12110575,-0.21872878
DNMT3B,-0.08898618,0.008598212,0.07208088,0.24625666,0.0064152335,-0.05087024,0.038653143,0.104260735,-0.0790349,0.102888376,0.02724044,0.13640003,-0.0802026
EFEMP2,-0.0011784137,0.25207403,0.06339027,-0.028791705,-0.058992554,0.01077912,0.10381747,-0.12895899,0.025129136,-0.10070435,-0.12698613,0.0099143265,0.049650185
RCSD1,0.22938676,-0.0576292,0.09404099,0.0017963231,-0.04700344,-0.19686086,-0.09209479,0.0047567636,-0.02900296,0.22118858,-0.030680452,0.1337614,-0.1789606
LRP8,-0.031180993,-0.11705107,0.044329245,0.14131294,-0.010927018,0.07142961,-0.20466253,-0.06659947,-0.09051268,-0.12565964,0.13080285,-0.1603108,0.113927506
P4HA2,-0.036278117,0.042586036,0.03668277,0.119106896,0.024601115,0.13186887,0.09883293,-0.104146585,0.12982896,-0.15231074,-0.23684815,-0.14195372,0.001798811
ANK2,-0.0722908,0.0950843,0.16038041,0.011887227,0.21864194,-0.038899448,-0.095177464,0.16928886,-0.008533589,-0.17973655,0.052072793,-0.050241925,-0.019841857
WFDC1,-0.034934048,0.06828274,0.07988624,-0.012728894,-0.06949616,-0.12177815,0.29409528,0.004628088,0.074686095,-0.028590403,-0.2186349,-0.04069147,-0.01643675
SCRN2,0.010650543,0.00065738393,0.081627026,-0.007890954,0.11788586,-0.0012828051,-0.030707883,0.0016385538,-0.13877958,-0.12510584,0.13907667,-0.0018316455,0.25391933
HMGB3,-0.037968095,0.08558992,-0.019742198,0.20509651,-0.06541952,-0.08289698,0.092747845,0.13827261,-0.044688195,0.014785424,-0.013206167,0.0010140167,-0.19959725
EMX2,-0.033926655,0.26855287,-0.11354937,-0.000350963,-0.13714682,-0.08145216,0.046678882,0.105352245,0.018666346,-0.001474204,-0.006507649,-0.08673419,-0.14808352
CD6,0.23508252,-0.009357178,0.006993712,0.00021655913,-0.034624845,-0.10798838,0.026564522,-0.16189007,-0.18964489,-0.0120077515,0.015004607,-0.00774069,-0.14330396
DENND2A,0.036995053,0.08655995,0.05911471,-0.017996658,0.119667776,-0.15458806,-0.13554238,-0.06861771,0.14361781,-0.08993923,-0.05550364,-0.07796638,0.08119532
RECK,0.0030944664,0.22541195,0.15158701,0.0010141763,0.05589412,-0.0387582,-0.32796434,-0.07324417,-0.0743058,0.017584238,-0.11219767,0.039541945,-0.07716703
ABCC1,-0.001036492,-0.07228002,0.12986124,0.11342782,-0.21794525,-0.0017692093,-0.14358659,-0.14939694,-0.08548451,-0.08756012,-0.16225089,-0.029966617,-0.18566698
BCL3,0.16730246,0.19167405,-0.11815276,0.06751782,0.105290435,0.009206179,0.06752094,-0.17353402,0.013358033,0.07515579,0.14623529,-0.18325949,0.19496028
CD109,0.019713815,0.25936815,0.018769704,0.0037458653,-0.09031321,0.26530474,-0.09440001,0.015215148,0.16837375,-0.1732187,-0.05700433,-0.17272505,0.074238665
SDF2L1,0.08181351,-0.14557198,-0.0024755911,0.0267478,-0.13863575,0.020157209,0.21219346,0.020354297,-0.0854398,0.056050498,-0.009251604,-0.26278993,0.09691586
INSR,-0.023562029,-0.0020581596,0.19975728,-0.01213905,-0.3101502,-0.13225953,-0.018335208,0.19561458,0.05610314,0.17703386,0.043372627,-0.10654975,-0.24562201
MYO5C,-0.01327936,0.050313406,0.0418956,0.08594017,-0.030725291,-0.15254615,-0.07334732,-0.082679495,0.0025061371,-0.17761824,-0.0034388935,-0.0134449685,-0.1749998
SLC9A5,-0.0997702,0.027363697,0.11996256,0.031896815,-0.13617684,-0.012884725,0.14344275,0.05019434,-0.09386316,0.024056943,-0.06052125,-0.08376833,0.0040129623
ATF5,-0.05110967,0.068179645,0.073617235,0.034493428,-0.2540532,-0.021995177,0.031826496,0.036318056,-0.23556274,0.10745828,-0.015395494,-0.17439325,-0.04189297
NEO1,-0.07550175,0.03675472,0.24145627,0.07376896,0.13331097,0.031249635,-0.029009154,0.05662715,-0.16431284,-0.04312988,-0.11003719,0.11229611,-0.053841677
BDKRB2,0.09974158,0.2595094,0.003937205,0.022172222,-0.13150066,0.018199345,-0.15165132,-0.052858636,0.1445331,0.031325206,0.07747438,-0.06870056,0.056580026
HOXC8,-0.07012705,0.08063509,0.064734206,-0.053761553,-0.04043778,0.024549622,-0.066265196,-0.033685435,-0.17590272,-0.004484656,0.093873315,0.0072630225,0.031425525
ATP10A,0.00594767,0.111598544,0.03945279,-0.06939023,-0.2948814,0.031201813,-0.22438258,0.10644167,-0.017163746,-0.114080295,-0.005730197,-0.25737882,0.01482141
TRIM9,-0.010060881,0.0621322,0.12586984,0.01838119,-0.017575763,0.16691026,-0.23532431,-0.02991191,-0.17264882,0.19734609,0.121734224,-0.121354535,-0.023554988
GJC1,-0.003209841,0.2706207,0.032851998,0.19391826,-0.02837983,-0.061737776,0.066261336,0.0016184694,0.10271413,0.08028796,0.0023384294,0.046409536,-0.067296684
SSBP2,0.029319184,0.10929079,0.010417434,0.054855864,-0.012551855,-0.09141115,-0.056144193,-0.039826795,-0.09331831,-0.050422084,0.17153718,0.03759689,-0.027252534
DEPDC1,-0.08509589,-0.01985859,-0.023120666,0.35838062,0.16867124,0.008857842,-0.042516664,-0.00034882047,-0.011096122,-0.013547491,-0.017483238,-0.005792631,-0.007090419
KCNN3,-0.006332165,0.056536328,0.276904,-0.051271606,-0.10029073,-0.09950786,-0.17689763,0.08338447,0.02462536,0.036596306,0.019383844,0.0041393717,-0.086586714
LAG3,0.15131752,0.05054622,-0.049348287,-0.005768675,-0.033872325,-0.08508293,0.21292508,-0.16240315,-0.16014427,-0.001294274,-0.009793168,-0.050129976,-0.20389852
SPAG5,-0.07957721,-0.012359729,-0.043363072,0.36770213,-0.002412217,0.0074832537,0.017236121,-0.13606769,-0.05062958,-0.025733048,-0.008334225,0.019090446,0.009539381
KITLG,0.084537424,0.12063413,0.112770624,0.101499125,0.053495616,-0.106999286,-0.30243084,0.099692605,0.18719316,0.14033376,-0.0042170803,0.0171506,0.018706331
PHKA2,-0.019614007,0.028389858,0.19660494,0.025067033,-0.0596005,0.061238527,-0.12495648,-0.0378895,-0.25044432,0.08887023,0.026961016,0.040393095,0.013370925
NPTXR,-0.0155904805,0.07525269,0.1433081,-0.0050737974,-0.11459951,0.10266777,-0.022002708,-0.08559063,-0.10294669,0.0083382,0.0015409606,0.09813775,-0.2622628
TLR8,0.29853457,0.017679613,-0.086966395,0.0010880582,-0.01569685,-0.020976149,-0.005530288,0.11357539,-0.08432771,-0.09308336,-0.17315206,-0.0013697792,-0.09933623
E2F1,-0.0962932,-0.08260822,-0.0574082,0.27563617,-0.07414827,-0.020015543,0.14921357,0.033496894,-0.045333505,0.034715086,0.02504601,-0.12304375,0.0050753583
APBB1IP,0.21373454,-0.015475082,-0.028587978,0.0021017515,-0.027474198,0.104747765,-0.114847474,0.029315136,0.08558762,-0.0052916445,-0.07155343,-0.051058173,0.018775515
UHRF1,-0.05630249,0.025644002,0.007657468,0.34326872,-0.0248413,0.025555309,-0.04147923,-0.10332878,-0.05471659,0.04482791,0.0395203,-7.361254e-05,-0.014016537
VIT,-0.08188977,-0.03971912,0.20461686,-0.06876332,-0.022561422,-0.044461932,0.14132307,0.029065251,0.061766367,-0.19283332,-0.14323784,-0.012899669,-0.0045065563
CYP27B1,-0.00713374,0.18707186,-0.058178555,0.0040771565,0.0051101753,-0.07513759,0.12747625,-0.050634556,0.09356763,-0.120754555,-0.0188225,-0.09935852,-0.1752508
MMP16,-0.049679145,-0.060971785,0.25332952,0.0855092,0.084198505,0.094101794,0.03559117,0.04849003,0.07461143,-0.040558163,-0.17512485,0.038783945,-0.019414993
CDC42EP3,0.0039575538,-0.15031984,0.19156645,-0.011395355,0.00079164805,0.029422404,0.026760668,-0.063869774,0.0052307127,-0.20773506,-0.012737839,0.00050843717,-0.03580484
EVC,-0.030502182,0.3017849,0.048705492,0.019045617,-0.121562645,0.06270807,-0.15960291,-0.0888082,0.018620253,-0.074312754,-0.1545909,0.06779665,-0.08281821
ABCA8,0.09693153,0.26402974,0.06380536,-0.026964251,-0.0044792416,-0.19033346,-0.095564865,0.049692135,-0.057809927,-0.11319584,0.08030152,0.06621671,0.1758424
TRIP13,-0.07007668,-0.022267377,-0.04002697,0.3203489,0.0040070396,0.0129499305,0.01944677,-0.08532566,-0.0023904673,0.11167064,-0.008037852,0.01387413,0.06556402
MYL1,0.03836064,0.03584742,0.0029039881,0.00650592,0.033437952,-0.10895746,0.09122763,0.28115192,-0.0014000838,-0.024865054,0.10620437,-0.003151325,0.23540187
P2RY1,-0.0009811955,-0.1297528,0.22859578,0.08199634,-0.025134318,0.024164682,0.025060304,0.0675888,0.03817015,0.06180411,-0.027536217,0.23100956,-0.05114844
LRRC8C,0.14293124,0.07730195,-0.01563095,0.08815058,-0.11278203,-0.14671324,-0.2609884,-0.092831075,0.028997168,-0.02397133,0.15145671,-0.23271698,-0.083510235
E2F8,-0.049080323,-0.05615803,0.036723144,0.36540815,-0.103764445,-0.05037792,0.0007864043,-0.07712863,0.021763196,-0.030957574,-0.027642328,-0.0023371,-0.013214025
GRIA3,-0.007856894,0.10447391,0.06613424,-0.0065351822,0.09253779,-0.07007108,0.07064357,0.41710314,0.0052355207,-0.004862109,0.00040285737,0.06358997,-0.10841674
PDLIM5,-0.00032130792,-0.0029932898,0.086794116,-0.00042614108,-0.1604906,0.036026612,-0.26218006,0.030172769,0.13432893,-0.18404531,-0.015748153,-0.0091849705,0.14805417
NGFR,0.0058265296,0.07938654,0.21514748,-0.008158633,0.04765738,-0.17766525,0.18182863,0.12702802,-0.04319216,0.13363324,0.073174834,0.013319608,-0.034747284
PTPN6,0.31266993,-0.016314818,-0.027704308,-0.00053340965,-0.10373204,1.724879e-05,0.0347827,-0.002211962,-0.068161294,-0.08656794,-0.008540315,0.07577242,-0.005379139
SP100,0.17686644,-0.05086803,0.08174663,0.0005571886,0.16157027,-0.03838442,-0.19034639,-0.28555048,-0.21369858,0.0076169646,-0.010281283,-0.031779822,0.27773634
BRCA1,-0.07258199,-0.008170072,0.01806585,0.34331632,0.13752413,0.022260934,-0.20496735,-0.15158294,-0.05209315,-0.00605469,0.016064694,0.031547625,-0.01858708
TAGAP,0.28113955,-0.0015071123,-0.01878415,-0.0017159197,-0.07883449,-0.0013198404,-0.043621454,0.043235235,-0.10164391,-0.07163609,-0.009422377,0.02872764,0.029083928
ST6GAL1,0.18825631,0.10312272,0.005079429,-0.011275962,0.08928801,-0.17592016,-0.107521474,0.031999245,-0.008046228,0.008184693,-0.06721726,0.038265333,-0.15222594
YIF1B,0.08463194,0.011142107,-0.063932255,0.004459265,-0.18819356,0.049707413,0.2339965,-0.056951385,-0.06708459,0.055411175,0.051243898,-0.057481915,0.3593096
GAP43,0.021236623,0.17135046,-0.071232654,0.026587384,0.024371903,-0.051110823,-0.025522025,0.005113165,-0.031655405,-0.10506656,0.051890623,-0.12597314,0.07435243
PROCR,0.10434214,0.14237177,0.005066874,-1.1305546e-05,-0.1826812,-0.08682469,0.0210298,-0.017930748,0.27260533,0.122711144,0.08741967,-0.23341598,0.03779735
PLCE1,-0.04611808,0.14063601,0.11433415,-0.00024296819,-0.042468585,-0.11299525,-0.252964,0.14086324,0.0766312,-0.28108802,0.08223109,-0.09070322,0.112479426
KIF15,-0.060449407,0.044925455,-0.021190977,0.38206968,0.11561407,-0.005851735,-0.03713499,-0.06599839,0.010210648,-0.008482084,-0.0053054956,0.0009210627,-0.022342935
DTX1,0.053458236,0.051834956,0.07582862,0.05598415,-0.00025276298,0.01914167,0.100508586,0.07706185,0.07864009,0.1927503,0.14020984,-0.24592277,-0.27405882
PDLIM3,0.06771423,0.23456663,-0.026421502,-0.031966776,-0.007879942,-0.11682899,-0.03262779,0.19553089,0.0608867,-0.016460383,0.1108434,-0.089340396,0.035660546
TMEM117,0.001519363,0.038872544,0.07872441,0.0036463367,0.20326775,-0.05368331,0.033251897,0.030291984,0.009403655,-0.34900174,0.060405906,-0.05926545,-0.12807676
TMEM26,0.14527437,0.17167027,0.021083556,0.11602195,0.16820781,0.054175295,-0.010790778,-0.025474206,0.15668342,0.1035767,0.06747046,0.11102762,0.020354334
HSPH1,-0.0078182435,-0.0011868884,0.040671907,0.1572226,-0.0003529128,0.030274605,-0.0034248244,0.10603744,-0.019535711,0.056560885,0.13327362,-0.26808485,-0.25638714
ST6GALNAC3,-0.0030354373,-0.002528236,0.12243918,0.11034583,0.052276906,-0.027213935,0.119006,0.20873946,-0.022837408,0.143091,-0.020363264,0.012424,-0.26865113
GAMT,0.04717758,-0.01012096,0.076603375,-0.046799015,-0.10316803,-0.018816285,0.21747865,-0.15549628,-0.14756206,-0.19784902,0.15143697,-0.050918728,0.18855017
WNK4,-0.090109095,0.01425894,0.20559123,0.0012773137,0.06452248,-0.07578273,0.114047445,0.007100471,-0.1529593,-0.026872989,0.08412427,0.026521629,-0.2246669
LRRC8E,-0.02626864,0.087011166,0.09005598,0.08015588,0.001138252,0.11477265,0.104432896,-0.072625145,0.096154526,-0.32432875,-0.13086559,-0.17936179,0.0280875
ANLN,-0.0331758,0.0058831265,-0.009917951,0.3349218,0.21381819,0.10894432,-0.27154747,0.049284592,-0.028436802,-0.000829414,-0.005091218,-0.039244514,0.1288758
PTPRS,-0.11159918,0.0027470523,0.2759564,0.073686324,-0.019787045,0.0015009408,0.051494483,-0.091426015,-0.120625585,-0.093355514,-0.14301665,0.06423228,-0.08100366
CTNND2,-0.043130115,0.102292195,0.10196377,0.065739915,0.06759534,-0.020552536,0.15089564,0.11572201,-0.16321634,-0.03384976,0.082494564,0.011881771,-0.12997958
GRK5,0.14146757,0.18506765,0.005170098,-0.0004078436,-0.06134148,-0.23076706,-0.1007812,-0.011112754,0.11013825,0.11107073,0.10015351,-0.21083832,-0.029926173
STAC2,-0.012927877,-0.013710543,0.1846819,0.008280814,0.1172461,0.004269708,0.057781696,0.07993386,-0.06998608,0.14400457,0.0812815,0.029127887,0.19521391
CCR1,0.21072441,-0.068932794,0.07607171,0.0023207392,0.008683241,0.32764757,0.10069564,-0.016841054,0.20159622,-6.5572036e-05,0.09108149,0.103342414,-0.07020312
PARP9,0.18829972,-0.04416012,0.1164772,0.032819606,-0.10210079,-0.0035191986,-0.15733859,-0.102472164,-0.1853445,0.0008651854,-0.10408386,-0.019213635,0.32261118
CMTM4,-0.08793785,0.13885637,0.17874315,0.035816412,-0.048833456,0.10938566,-0.20272118,-0.049111947,-0.091458745,-0.03575863,-0.026205553,-0.0031896909,-0.03224776
NEDD9,0.04068628,0.056948446,0.17757565,-0.061496034,-0.057984557,0.0027136037,-0.28925887,0.0023547332,-0.11581978,0.0028237603,-0.0745659,-0.0040349485,0.04243568
FCER1G,0.295342,-0.0013132729,-0.09376133,-0.00093309575,-0.011632069,0.040553316,0.07829844,0.059934214,-0.05642744,-0.027776506,-0.17625672,0.011319788,-0.00521731
NR4A1,-0.035420332,0.13223955,-0.03191373,0.09000113,-0.1373124,-0.16196102,0.027448747,0.081206776,0.014766145,0.0056825746,0.13797577,-0.45063472,0.14210187
FOXM1,-0.080350325,-0.0005744033,0.038736533,0.3399152,-0.054244313,0.038606357,0.01828994,-0.20862822,-0.054650024,0.0537287,-0.007128931,-0.033800315,-0.05676821
WNT3,-0.056194708,0.051482625,0.17220879,0.005401763,0.0095791295,0.07676425,0.019315723,0.11028214,-0.19645385,0.015029933,0.0048191114,-0.009181201,0.013161119
CD36,0.06794672,-0.029816702,0.118502304,0.08107903,0.14918609,-0.07448192,0.16674873,0.12959951,0.23525545,-0.2731081,-0.16151343,0.12350101,0.11416001
FRMD6,0.018074121,0.010744727,0.24103343,0.07193234,-0.00071141944,0.19069722,-0.21272117,0.07120145,0.047605198,0.020630535,-0.09060758,-0.13249722,0.061556343
ADAMTS3,-0.049066223,-0.01009563,0.11128256,0.07237916,0.23698208,0.0802732,-0.112924606,0.017410908,-0.13817295,-0.025818482,0.007779881,-0.005043408,-0.047358114
TWIST1,-0.107779324,0.15279764,0.020221421,0.12306035,-0.041531716,0.15836689,0.11558088,0.055181045,-0.2136879,0.25361535,-0.09034036,-0.062991686,0.13565992
TNFSF13,0.2580672,0.08101841,-0.06970055,-0.0009877306,0.26779088,-0.075966395,0.069091246,0.12356206,-0.11307312,-0.08029472,-0.15218703,0.0053014425,0.012088408
EPB41,0.15382703,0.005374224,0.011181922,0.13791955,0.19061658,-0.16038373,-0.17910022,0.02643502,-0.037285905,-0.15673827,0.124741524,0.2168911,-0.17818993
DCK,-0.024589112,-0.069458514,-0.021457464,0.29871356,-0.16512708,0.013613173,-0.107482165,0.08857991,-0.023803843,0.01974822,-0.055833157,-0.1467106,0.012013072
NAGLU,0.10396199,-0.0019242865,0.11150961,-0.0019057697,0.004857274,0.3037191,0.07344357,-0.12280462,0.0951471,0.07284937,0.024009507,0.057595357,0.18388908
JAZF1,0.043713793,0.1364685,0.095129326,-0.0005312013,0.2991827,0.027036559,-0.33800718,-0.041052464,-0.05821817,0.003843923,-0.013406201,0.105695836,0.17603946
RAMP1,0.0018222615,0.0787343,0.043118294,-0.017521504,-0.029498367,-0.23915365,0.21759778,0.004976551,0.11135958,-0.15980722,0.074222825,0.035841085,0.14811659
ADCY3,-0.08005624,0.19364539,0.1000592,0.11039526,-0.06134637,0.08770911,-0.005859778,-0.13553159,-0.04078915,0.052696805,-0.13336256,-0.04552416,-0.058078796
CYP39A1,-0.0032021285,-0.14570944,0.23045559,0.016266143,-0.031322602,0.06958203,0.046339497,0.11401926,-0.10049252,0.12167502,-0.022687372,0.023148773,-0.02049249
RUNX2,-0.03853943,-0.13473825,0.2723966,0.09063486,0.10311369,0.09596365,-0.050215397,0.024067277,-0.031765927,0.062662266,-0.030724384,0.088270865,-0.07004535
ARHGEF6,0.040369347,-0.120651074,0.23408115,0.0005719038,-0.11466467,0.018428752,-0.2124278,-0.05673798,-0.09673494,-0.06832506,-0.20688319,0.06506195,-0.0037228763
POLQ,-0.08042028,-0.011548637,-0.0066447956,0.3132858,-0.020460356,-0.07305449,-0.07468893,0.019859452,0.009572048,-0.06656525,0.017153218,0.036361948,-0.11466666
HTRA3,0.012871869,0.11021276,0.10226181,0.015335133,-0.0071469136,0.21083857,0.16716689,0.036208436,0.039015155,0.19716576,-0.1210328,-0.029675983,-0.01638183
SLC9A2,-0.06899701,-0.10066174,0.24559575,0.10435272,0.02246105,-0.09392736,0.16622591,0.10089721,-0.11340109,-0.059936475,-0.037052277,0.08658672,0.01891475
SLC25A10,-0.075627595,-0.10680337,0.09509319,0.14817907,-0.010881585,0.019142957,0.32604322,0.13516518,-0.1621651,0.010697657,0.03952073,-0.015190916,0.08886565
FOXF1,-0.010060162,0.113869436,0.04047787,0.01286943,0.115762115,-0.060877237,0.14960496,0.019894235,-0.18019152,0.07868681,0.009364152,-0.18064621,-0.22866783
PRRX1,0.0011587335,0.1914368,0.15072821,-0.00023535962,-0.09988051,0.13295999,-0.280527,-0.12378198,-0.036621712,0.022505786,-0.1389343,-0.10134062,0.25402147
HOXB3,0.000117535994,-0.007830965,0.157384,0.048658744,0.06410978,-0.10679172,0.091167435,0.046917364,-0.06176932,-0.10615245,0.10392908,-0.012784195,-0.03209746
ARG2,0.05094687,0.14071524,-0.094339095,0.16936496,-0.08618388,-0.0008023013,-0.04958361,0.1173074,0.028350072,0.15181686,0.12333683,-0.26222557,0.03150745
POLE2,-0.058154244,-0.020306513,-0.0649575,0.31399632,-0.11219544,-0.008808171,0.06473264,0.17331097,0.038575187,0.062905155,-0.023114512,-0.008885413,-0.017356995
EPHB1,0.07621865,0.017023116,0.17437862,0.003028964,0.02254587,-0.16484521,-0.06169737,0.07722433,0.23464143,0.28806856,-0.021196643,-0.010944389,-0.2095755
STK38L,0.070581496,0.21085402,-0.03473908,0.0031442048,0.25131842,-0.016612692,-0.2484148,0.0052951262,0.08318697,-0.12296408,0.050711807,-0.28651136,-0.06881947
IL7R,0.23890088,-0.07498378,-0.039677247,0.056873042,0.092260025,-0.013653979,-0.010123298,-0.0012167947,-0.052519962,-0.08106312,-0.1800368,-0.078430094,0.118412375
TLE2,-0.044549566,0.081211075,0.19848618,-0.06826776,-0.1343675,-0.00829018,0.15946245,0.0054322192,-0.2756153,0.013427981,0.19784474,-0.004220717,-0.056425393
RAPH1,-0.013819155,-0.05075608,0.28596225,0.06481104,-0.046209157,0.11201732,-0.1540947,-0.062123492,0.07462074,-0.044867776,0.013191437,-0.013907174,0.09318118
KERA,0.014670376,0.16218826,0.017429318,0.002651664,0.003608781,-0.0040145437,-0.1187477,0.09113127,-0.028174277,-0.11604117,-0.123700105,0.009065797,0.2522943
EDN1,0.13021733,0.1817391,-0.056380104,-0.0023566934,0.032538287,-0.15139839,-0.009289513,0.10639089,0.07942974,-0.037569296,-0.0031313524,-0.07317395,0.09496765
NAP1L5,-0.028162666,0.069931224,0.016623683,0.1294674,-0.08733667,-0.007158078,0.0276321,0.04558086,-0.06941122,0.0075819395,0.065953255,0.11662192,0.089426234
FST,0.037600227,0.0607803,0.1550678,-0.08995711,-0.021980707,0.022946496,-0.16048536,-0.054719705,-0.2368333,0.022522036,0.03782863,-0.02381913,0.15745795
TBC1D9,0.19849057,0.00056510855,0.10409055,0.04219663,0.40147382,0.23710983,0.06679593,-0.12622754,0.111702606,-0.10096958,0.12916286,0.18563958,-0.004974031
PDGFRB,0.08407344,0.14189379,0.16558439,-0.0029727563,0.015665501,0.051529136,-0.23665799,-0.13962808,0.06982257,0.2520957,-0.042250793,-0.016771048,-0.048772924
EGR2,0.12804672,-0.012342095,0.014841092,-0.043438315,0.17697512,-0.037617862,-0.10432532,0.10319652,-0.14815895,-0.0431176,0.17429382,-0.39140305,-0.13571241
GALNT6,0.153217,-0.06647329,0.041667156,0.008379299,0.026755163,0.23166305,0.16612378,-0.06779546,0.18514724,-0.09711944,0.21111211,-0.016275804,-0.14319885
PDE2A,0.100529134,0.069947645,0.18775855,-0.010969263,-0.1369422,-0.18048392,-0.016107967,-0.088663675,0.24083598,0.08671481,-6.7742053e-06,0.039010257,0.11419941
YES1,-0.02078133,0.10815594,0.0021080505,0.20175773,0.28399995,-0.059119802,-0.036349215,0.007867712,0.1691681,0.010706618,-0.015773289,-0.010567776,-0.19258101
SEMA4D,0.15679018,-0.102167785,0.10905847,0.04708961,-0.010746138,0.20569848,0.20770125,-0.17510019,0.08139469,-0.07424728,0.22767437,0.13588351,-0.011130301
PON2,0.0061154626,-0.056456644,0.046961628,0.19337195,0.055733655,0.05512752,0.023517225,0.08021596,0.056696713,0.11601043,-0.040936977,0.07544425,-0.061991014
UNC13D,0.2597258,0.0001824114,0.01565508,0.0065422966,0.016779708,0.1343597,0.125112,-0.13025108,-0.05782472,-0.018070865,0.16171885,0.050742675,-0.046241473
KIF23,-0.06505926,-0.012948713,-0.050600488,0.37632376,0.059668213,0.0046236604,-0.033791963,-0.12002251,-0.005170339,0.0032281692,-0.0042634937,-0.009381849,0.0072236084
EBI3,0.26969698,-0.044305995,-0.023536133,0.0018835053,0.0042249877,0.0023542382,0.22307694,-0.05367603,-0.15603669,0.0070877043,0.006180785,0.07677948,-0.00016423406
RAB42,0.17676239,0.08085956,-0.08864639,0.036755826,0.08737549,-0.02376484,-0.016290352,0.10247997,-0.08983766,-0.07349107,-0.16057368,0.12052435,0.050031383
PCBD1,0.101489805,-0.20607822,0.0634497,-0.06910957,-0.22538872,0.049557716,0.101223916,0.23986834,-0.10364185,-0.08044568,0.211081,-0.04976691,0.08629042
MAGI2,-0.023075059,0.007625467,0.12625559,0.0009845302,0.2513867,0.009970067,-0.08955762,0.08010121,0.09649454,-0.11852455,-0.008349864,0.033438604,-0.09086713
CBX2,-0.05179369,0.009231393,0.14679271,0.20229346,0.0051183808,-0.09297089,0.009679882,-0.07775536,-0.18517324,0.01427047,0.13848531,0.1802287,-0.1246469
SRGAP3,0.10922093,0.039384697,0.22622111,-0.045495436,0.02989769,0.23036498,-0.084041215,0.028223602,-0.14739968,0.06270053,0.01606102,0.19090413,-0.050943024
NOSTRIN,0.10105845,0.028788742,0.14391026,0.0037185824,-0.1260135,-0.29850516,0.06552745,0.036740452,0.2348198,0.042320352,0.021844566,0.07544672,0.2632426
LIMK1,0.07198937,-0.063700445,0.09950722,0.04487968,-0.005477458,0.25698793,-0.14524494,-0.010590453,-0.14935155,0.1078828,0.018291881,-0.019526405,-0.14593838
IQGAP3,-0.04123336,-0.017961737,0.044277526,0.3058665,-0.17310518,0.0122365635,-0.16207735,-0.005432201,-0.034609426,0.002619397,-0.0069800634,0.0013798279,-0.035502955
TFPI,0.12436786,0.05598273,0.05131524,0.04220159,-0.105320774,-0.119471595,-0.12140105,-0.01303206,0.3855797,0.15002286,0.040468372,-0.029738702,-0.08903504
GPRC5A,0.020341543,0.2064915,-0.03606647,0.025553841,0.109355725,-0.043494146,-0.027712924,0.051744312,0.07143859,-0.24698147,0.07517876,-0.30006006,0.22991545
MEOX1,0.07951036,0.22489724,-0.09824906,0.030011442,0.008991998,-0.24482824,0.027654732,0.048674315,0.117413275,0.0088841515,0.15367606,0.09191907,0.09014719
FAM43A,0.04677715,-0.05367081,0.22182518,-0.062902085,0.033522625,-0.19936112,0.11677602,0.032715853,0.13234264,0.019738328,-0.021563847,-0.16431142,0.07779798
LRIG1,0.09323352,0.2795068,-0.06867253,0.016124211,-0.042839788,-0.0043552034,-0.18068321,-0.112439364,-0.011313705,0.026241258,0.32342806,0.0034460386,-0.08406847
MARCKS,0.063225,0.09063355,0.049539197,0.13253146,0.1959148,-0.00027321719,0.21531075,-0.010531093,-0.05463942,0.18943281,-0.15281114,0.030584693,0.11721406
ADAMTS17,-0.016248457,0.014545692,0.21239766,-0.0028426233,-0.009322116,0.00014654046,-0.043158602,0.010326657,0.055189393,-0.032879718,-0.14277211,0.21331835,0.030080114
ITPR3,-0.00012042507,0.073402345,0.17676406,-0.00013194035,-0.101353444,0.10054161,-0.30472034,-0.2726646,-0.08204376,-0.03259518,0.13570039,-0.22571746,-0.025217218
STOX2,0.040009234,0.09349565,0.21266857,-0.0010470577,0.0013440121,-0.19249395,-0.20590942,-0.014827704,0.02300577,-0.044857945,0.1311261,0.079781264,0.10100995
SLC35F2,-0.06020605,0.11498871,-0.085440814,0.1630904,-0.033463195,-0.01410015,-0.02092972,-0.090306275,0.05001757,-0.1511297,-0.02929945,-0.1379414,-0.0028084663
PTP4A3,0.040042784,0.13139136,0.068017855,-0.009222206,-0.00662953,-0.27821094,0.13862662,0.12791806,0.13036042,0.12184187,0.12007572,-0.055596523,0.16139984
CALD1,0.049929302,0.3006658,0.0028540469,-0.001515543,0.2715812,0.07687813,-0.2607056,0.105351396,0.118750826,0.053507358,-0.13075949,0.0010430681,0.13186091
CNTN4,-0.0021384854,0.054295436,0.15085419,0.0206928,0.13653472,-0.01534817,0.057809126,0.17813733,-0.007878569,-0.10557558,0.02140422,-0.032445237,0.007169105
FGD2,0.2892971,0.0011313192,-0.029240498,-0.0012148644,0.031730227,-0.17165425,0.041825693,0.085288756,-0.15822539,-0.050743826,-0.15707287,0.0079753,0.014286821
RASGRP3,0.15249836,-0.03671382,0.15085214,0.023359371,0.015438596,-0.23622456,-0.09173133,-0.019613532,0.30386037,0.26485604,0.016716337,-0.015678845,-0.07363037
EVI2A,0.18776488,0.13549896,-0.1331275,-0.0005094949,0.34179863,0.079391666,0.0111521585,-0.012601323,0.14983077,-0.13750286,-0.12915039,-0.016359672,0.102144614
MYOZ1,0.04479259,0.0069025843,0.10688741,0.0020562601,-0.01628194,-0.12589853,0.019183015,0.23645782,-0.044023667,-0.020995388,0.13691352,-0.0013340228,0.18443449
PHKG1,0.018595822,0.122224,0.081986904,-0.051101435,-0.101387024,0.011691647,-0.04431359,0.23753314,0.02275054,-0.10948996,0.006979896,-0.022700936,0.2662851
PPIL1,-0.003581852,-0.09503356,0.016838621,0.124724664,0.3097692,0.008886193,-0.021987764,-0.025091423,-0.10532912,0.1316248,0.02700252,0.035771243,-0.041687146
ITGB7,0.18252388,0.037471574,-0.0372367,0.0055896617,-0.0632081,-0.13971914,0.16584873,0.022300294,-0.27193904,-0.042696264,0.053993896,-0.18443988,-0.03963578
IER3,0.07705819,0.07576781,-0.0891469,-0.0032697306,-0.13109802,0.058486138,0.0952118,0.1947578,0.020728655,0.11851098,0.033302464,-0.5039379,0.064346835
PTEN,0.085177384,0.024596768,0.11975,0.00050968153,-0.08276175,-0.05385182,-0.269892,-0.052601907,0.10507182,-0.07411188,0.16906156,0.053742025,0.008377515
TPM1,0.039816253,0.037501153,0.098556854,0.0047211223,-0.05507174,0.13023216,-0.100531824,0.124046914,0.0051016966,0.057435468,-0.06650015,0.05494644,0.19703661
CNTN1,-0.0060442695,0.21143223,-0.0045645977,0.051024985,-0.01238205,0.1399235,0.04830254,0.20792195,-0.107140325,0.09841433,-0.034510273,0.14553174,-0.081808314
USP49,-0.02557808,-0.10290398,0.19654162,0.0012157896,0.2721358,-0.039347623,-0.1190873,0.20135204,-0.16275112,0.120730475,0.13035053,0.013672839,-0.10330302
DEPDC1B,0.0020015342,-0.12718949,-0.06510602,0.3545807,-0.039420225,-0.053780682,-0.014934658,0.08269958,0.0038806724,-0.036636673,0.060355812,-0.0712539,0.017522955
SDC3,-0.03422866,0.16999115,0.14017566,-0.0056769634,-0.01758597,-0.055346034,0.014763613,-0.06547671,-0.16089125,-0.15186915,-0.08587493,0.06531833,-0.13034628
MYBL2,-0.046621606,-0.06260311,-0.08004059,0.33349112,0.04896818,0.008309789,0.16430512,-0.04481297,-0.007855376,0.011199351,-0.08748502,-0.042611543,0.008575445
DST,0.007630176,0.043554276,0.17627233,0.023158537,-0.008362128,0.06188833,-0.37903103,-0.097758606,0.067705266,-0.26116103,-0.0033028335,-0.032054357,0.055252768
BLNK,0.2921182,0.027385583,0.005987985,-0.0027322336,0.123162724,-0.0027500705,0.008211173,0.10365796,-0.12716395,-0.07245287,-0.114902385,0.11663135,0.008518965
SHC3,0.08419239,0.05353156,0.14266907,0.0029545033,0.021320296,0.36449683,0.20112377,0.07503782,0.16644728,0.06251406,0.09186161,-0.041508954,0.007996616
KLF9,-0.0052163056,0.16558358,0.02610765,-0.063933924,-0.11615429,-0.039063018,-0.22277929,0.0846401,0.045319866,-0.09150417,0.07696202,-0.047913335,0.15702435
CCDC69,0.17268422,-0.0090266,-0.005452069,-0.0018347293,-0.01394552,-0.189711,0.018104624,0.23868,-0.04440415,-0.06112752,0.07426757,-0.01138959,-0.1335943
TPD52,0.09379854,-0.12076024,0.038201448,0.08498733,0.12972109,-0.11744179,0.077242635,0.121309966,-0.082318634,-0.2517485,0.1553712,-0.055116154,0.023987267
TMEM106A,0.24979486,-0.048502043,0.06694824,0.04859519,0.15092938,-0.06464622,0.028831886,-0.040947445,-0.102388114,-0.074682675,-0.12627837,0.12815659,0.037977863
MICAL2,0.039224587,0.17476358,-0.006682467,0.0130536845,0.021018177,0.18034147,-0.24053508,-0.015053224,0.09294876,0.038599998,-0.113636166,-0.14004476,-0.003491982
SAMD4A,-0.046328004,0.16517085,0.071196824,-0.0045367763,-0.037117682,-0.1386979,-0.22878239,0.100549966,0.078326344,-0.21438403,-0.08598345,-0.15910152,-0.0040760473
SERINC5,-0.00015114945,0.15417522,0.10336927,0.024302015,0.16199939,0.084084265,-0.20027137,0.059804894,0.09330202,-0.043976527,-0.07598338,0.002039371,-0.13227065
CDH6,0.07957592,0.20020881,0.029510852,-0.003661376,0.026504051,-0.11217475,-0.022365753,0.07100656,-0.012645824,-0.09568254,0.16790245,-0.034320973,-0.057250686
NCF4,0.29458344,-0.055233512,0.021791834,-0.005739631,0.026571034,0.13727975,0.1458353,0.010762095,-0.050803285,0.018112632,0.0003895962,0.14763796,0.010377601
SLC22A15,0.04306278,-0.119880825,0.045603316,0.11250849,0.061313704,0.014750632,-0.1577261,-0.036416337,-0.1425355,-0.06539903,-0.088648215,-0.2188067,-0.17684783
ADAMTS6,0.06584279,-0.014974782,0.1764362,-0.041812796,-0.0154912,0.024829803,-0.14759511,0.012751672,0.08532551,-0.19453909,0.022100303,-0.15429765,0.02837799
GMFG,0.24090527,-0.07510283,-0.012599435,-0.07316906,0.31443027,-0.0720224,0.16023691,0.09142229,0.014383753,0.076114886,-0.008716841,-0.0019828707,0.16420467
TMEM119,-0.080086246,-0.0051126275,0.21550985,0.013434949,0.062009815,0.0046352088,0.20482366,-0.19189318,0.010625954,-0.11583411,-0.2859715,0.016143879,0.10490792
TNFRSF1B,0.26841024,0.08143737,-0.0651376,0.0030748066,-0.038666278,-0.09136318,0.10710688,-0.016086003,-0.17166613,0.0016796929,-0.003216586,-0.050937723,-0.013106229
C1QTNF2,-0.065226324,0.3240025,-0.046636928,-0.00061133277,0.011379681,0.022888808,0.020119803,0.14982581,-0.027586937,-0.023853824,-0.14151092,-0.11807458,0.23712742
SSPN,0.006265695,0.28144956,0.050494693,-0.009021649,0.25585285,0.09210251,-0.08809925,-0.11602307,0.043107387,0.011350581,-0.031518497,0.04320955,-0.0025685611
CA13,0.12170229,0.14727217,0.0011772626,0.0014092746,-0.015826575,-0.130511,0.031382717,0.14717555,0.08031283,-0.23066759,0.022371324,-0.13538069,0.08233571
SPATA6,0.015420055,0.025018265,0.1911175,-0.0005553627,-3.3457065e-05,0.023638632,-0.19943772,0.11119544,-0.005772119,0.118231624,0.0016881985,-0.0027044313,0.07989121
RNASEL,0.15193047,-0.009930147,0.18492703,0.0001059566,-0.09803474,0.050967887,-0.20856288,-0.16046937,-0.1367585,0.021728069,0.03538369,-0.111673795,0.20223778
MYH11,0.05942636,0.23900981,0.1317172,-0.0024200457,-0.06679322,-0.22124301,-0.04803725,-0.009968943,0.03190317,-0.097819224,0.09096401,0.055998363,0.22215308
LHX2,-0.11524023,0.06825752,0.065801635,0.13863999,-0.02731921,0.015902627,0.07893019,-0.08514143,-0.15019552,0.11616047,-0.095554546,0.002176045,-0.050376926
ENTPD1,0.18234895,0.095718406,0.08462226,-0.0035382505,-0.1567047,-0.23775166,-0.07562853,0.004987644,0.26685485,0.10967406,-0.042129423,0.021392947,0.020202788
RRM2,-0.01775635,-0.002130403,-0.0682947,0.35542884,-0.13261127,0.049270827,0.012154516,-0.036124133,0.096756175,-0.07808006,-0.00056271045,-0.084713474,0.020110333
SLA,0.28157884,-0.057550736,-0.02448024,0.013111486,0.085886,-0.08579871,-0.00027437674,0.04574315,-0.09189258,-0.13422148,-0.13745844,-0.03225617,-0.10030686
EHD3,0.10497293,-0.106266245,0.21854147,-0.0051013976,0.12514603,0.057032023,-0.11023728,0.02393126,0.09655075,-0.060163178,0.06680022,-0.029398944,0.16942787
ARHGEF9,-0.03502055,0.011346245,0.1962092,0.00044658274,-0.33612254,0.091423504,-0.16074322,0.21612924,-0.09391308,0.030317865,0.0072245286,-0.0074121873,0.037557293
MAP1A,-0.011041604,0.04008556,0.20613304,0.024486728,0.040396728,0.118154235,-0.14559706,-0.14739007,0.060415044,-0.15087359,-0.17690851,-0.02788602,0.06004433
MMP28,0.08228504,0.24551165,0.040274825,-0.00059559045,0.20260891,-0.14312914,0.062642395,-0.054735083,0.11849369,0.31186587,0.05123935,0.03799942,0.123581916
PEX6,-0.0043815523,-0.06616132,0.11921016,0.08013583,0.19278331,0.04631288,0.11733755,-0.15607452,-0.16619363,0.2317844,0.15614972,0.015065977,-0.0010754224
NR1H3,0.22356689,-0.083198436,0.0036679,0.00028373534,-0.0065664975,0.10766179,0.24835855,-0.11395088,-0.030216187,0.033463344,0.18881746,0.02731902,0.016209686
TNFRSF25,0.04894014,0.085407585,0.10152728,-0.027366428,0.0064617894,-0.09122545,0.12338994,-0.08826533,-0.24976043,0.09744152,0.05941883,0.010533078,0.0136938635
WNT10B,-0.08790898,-0.002524078,0.08701798,0.045450576,0.0056503755,-0.0026129028,0.3279273,0.11863283,-0.0741336,-0.16762167,0.020909868,-0.017331399,-0.033590395
CREB5,0.039226867,0.18453635,0.026432022,0.0034734618,0.18318975,0.009269282,-0.22150265,0.092473395,0.013603797,0.002550091,0.07494482,-0.13530463,-0.058470227
ANTXR1,-0.0019757347,0.21819572,0.15339924,-0.004427993,0.29166448,0.10945273,-0.30177912,-0.078134716,-0.022087008,0.013203184,-0.102740124,0.089776285,-0.006753579
CSPG5,-0.058165405,0.07419595,-0.077400856,0.10135402,-0.06822115,-0.1746734,0.10861001,-0.038918685,0.014042276,-0.18403813,0.01520358,-0.0793718,-0.13639255
CD3G,0.1982569,-0.015119257,-0.009840217,0.0003981795,-0.0013523453,-0.1552899,0.047163446,-0.049654603,-0.2453878,-0.017286606,0.054576598,0.0039308104,-0.11117176
APLP1,-0.06631926,0.011970905,0.17331515,0.014187321,0.00010400964,0.11711629,0.09834293,-0.09146836,-0.19690903,0.049885403,-0.032253794,-0.13686088,0.004876007
FANCD2,-0.045547504,0.011043164,-0.012083842,0.32078886,0.2449038,0.0045022345,0.0047049727,-0.0035558862,-0.0105272,-0.0017100942,0.003053814,-0.026678525,-0.14334947
ACACB,0.05309509,0.058578067,0.15607868,0.10223759,-0.058816344,-0.028053602,0.011980989,0.072291724,-0.025714874,-0.13127325,0.03230047,0.10918855,0.01071446
GALT,0.024244335,0.18887946,-0.04781536,0.0028573836,-0.14083304,-0.08586116,0.074070565,0.03339199,-0.14133064,-0.10850805,0.022676356,-0.00067963905,-0.07964729
ADAMTSL1,0.035849113,0.2614535,0.01653695,-0.006708384,-0.13892356,-0.030470029,-0.0827904,0.0036549561,-0.038920693,-0.119736925,-0.059546288,0.038264412,-0.19772103
EPB41L3,0.07529706,-0.06089601,0.13671124,-0.001580957,0.015265415,-0.101833016,-0.011015153,-0.016133726,-0.18698363,-0.02513852,0.00896492,0.07196516,-0.2537242
MAP3K8,0.17643121,0.06382225,-0.051758885,-0.007459394,-0.005283216,-0.06173369,-0.15499653,0.14050747,-0.0560455,-0.06538792,0.12468985,-0.16308962,0.05146825
SIM2,-0.07603944,0.1794668,-0.02566017,0.05730598,0.07205973,-0.013943171,0.028880227,-0.026554326,-0.2921357,0.09453439,0.017016996,0.036447372,-0.29698357
TAL1,0.009343533,0.07803162,0.13031118,-0.0036233717,-0.2821137,-0.12201665,0.094089925,0.13333088,0.08029801,0.09553976,-0.0014189085,-0.09670566,-0.2077796
KL,0.0322887,-0.043574125,0.22223842,-0.00010241778,-0.008470629,0.011129048,-0.10495841,-0.10598335,-0.01985499,-0.00010959056,0.03239659,-0.15128538,-0.11208871
LRRC2,0.037527148,0.074080974,0.15157177,0.007034937,0.04751491,0.16479687,0.18421069,0.17559172,0.048070114,-0.045431722,0.25144553,0.12473446,0.2516673
B4GALNT4,-0.08270654,0.14391817,0.029293437,0.06277343,0.030385321,-0.070486724,0.1100862,-0.011464703,-0.2380603,-0.024563856,0.04386554,0.03635832,-0.20585673
ARSJ,0.027674744,0.24253231,-0.07655449,0.0011954429,0.046247162,0.15207213,-0.21012355,0.04484671,-0.06915354,0.0054417006,-0.019143974,-0.16793098,0.024661636
HOXA9,-0.052062448,0.021923168,0.032663394,0.12524648,-0.012578134,-0.0019367287,0.0026431829,0.07391303,-0.16852513,0.13926409,0.049210608,0.0817577,0.021902831
SH3RF2,0.029079324,0.018490313,0.16775995,-0.001139635,-0.05538393,0.013850734,-0.088117406,0.08793127,-0.04779676,-0.05614933,0.06922995,0.031136144,0.18897857
TBXAS1,0.2852738,0.014663778,-0.0820493,-0.031987328,-0.044618208,0.059778504,0.031216746,0.17498368,0.020647462,-0.08449134,-0.22356969,-0.07128803,-0.10966598
TMOD4,0.09376168,0.12289506,0.07598641,-0.0006363909,-0.018091291,-0.17298219,0.027156733,0.2748395,-0.007350907,-0.11633817,0.10693669,0.05079582,0.28776136
EFHC2,0.009286072,0.0110162245,0.071004726,0.07644714,0.18991569,0.009279631,0.0022480483,0.09311437,-0.059623882,0.061860498,-0.100114375,0.03297724,0.072848804
PARP12,0.22307307,-0.08731067,0.05240367,-0.0010803435,-0.1266671,0.029414902,-0.13197875,-0.2145127,-0.13677163,-0.020472625,-0.02828628,-0.05402848,0.20208384
PNMA2,-0.03271419,0.072122276,0.027642407,0.09187287,0.0242977,-0.0027278196,0.072734885,-0.05860702,-0.041225813,-0.10207326,0.025226578,-0.14775345,-0.2393564
CHST2,0.07133323,0.011280645,0.036720213,0.07849868,0.1667058,-0.12973596,0.10245966,0.05916025,0.11799098,0.20780319,0.08370859,-0.096029125,-0.28602356
BAG3,-0.035958577,0.014890677,0.09071963,0.0056562107,-0.24967855,-0.04388075,-0.16239962,0.053405754,-0.04233834,-0.0049898224,0.091531746,-0.26012465,0.0046252618
GLT8D2,-0.012698209,0.1311068,0.10969523,-0.0087358365,-0.030075485,0.18824738,-0.1627137,0.01888561,-0.08772774,0.03646311,-0.08242707,0.039841857,0.04285899
CDH24,-0.07650331,-0.041057955,0.2061508,0.08995654,-0.0051750652,0.04659188,-0.09437332,0.21193083,-0.23403893,0.12359788,0.019865306,-0.009339761,0.03319221
GPSM3,0.28408435,-0.08932871,0.022694388,-0.0029508288,-0.06431943,0.002066224,0.07931699,-0.03756792,-0.046284545,0.015394004,0.010954957,-0.01898988,-0.013633711
PRKCZ,-0.005246598,0.20359126,-0.0137621155,0.0012035025,-0.15513411,-0.03929452,0.23306526,-0.11793618,0.08388727,-0.10833714,0.11208522,-0.03085701,-0.21199544
IFT57,-0.014049957,-0.10939127,0.13472165,0.011105398,-0.054611273,0.09693887,-0.07395311,-0.0142176645,-0.19254264,0.09557198,-0.00863415,-0.011644218,-0.011487104
MARCO,0.155778,0.03748316,-0.17622237,0.08279863,0.00215312,-0.0010045985,0.0069297045,0.31946054,-0.028159402,-0.014365219,-0.013906816,-0.12469976,0.010460627
USP13,-0.07142,0.017595813,0.1853965,0.16777207,0.03544021,-0.054999817,-0.22134127,0.03696019,-0.0014918087,-0.14330006,0.09274164,0.042504996,0.05412804
SLC44A3,-0.00646853,-0.13420694,0.21961562,0.007340061,-0.09090526,0.12935619,-0.050177645,0.11604797,-0.0837712,0.0024339368,-0.09205474,-0.07541625,0.0101897465
HECW2,0.0021067895,0.031458523,0.23234352,-0.010816156,0.1840686,-0.027625415,-0.17149206,-0.041390795,0.16747482,-0.09041935,-0.07789627,0.012785013,0.0943443
COTL1,0.20540026,-0.0015035453,-0.10608726,0.06906572,0.06947724,-0.19402045,0.11059136,0.028686423,-0.01541032,0.12309627,0.008599604,-0.15895326,-0.0040861797
ARVCF,-0.009335622,-0.039977185,0.21868967,-0.055125516,-0.11000019,0.00093880994,0.13728277,0.18033618,-0.1492024,0.00065786886,0.110766776,-0.09918262,0.10462574
TMEM86A,0.2685621,-0.052601434,0.030491896,-0.0018908249,-0.10622958,0.11027389,0.058638193,-0.022547789,0.0050950106,-0.03582287,-0.071273476,0.10346713,0.0038074567
OAF,0.042674076,0.3077194,-0.03379309,0.054468997,-0.056721993,0.049760535,0.22543119,-0.109794416,0.10714519,-0.00668272,0.104850255,0.020362435,0.15237874
LRFN3,0.00068390026,0.16021372,0.13137312,-0.0013754509,-0.033820495,0.1021432,-0.06256913,-0.15886109,-0.14355709,0.13485514,0.024249956,0.024218649,0.06619516
RET,0.0047472096,0.1021219,0.18629579,-0.018285977,0.018336637,-0.15299946,-0.044134066,0.06802956,0.14255258,-0.097545594,0.032095812,0.09311062,0.13169575
LDB2,0.113072485,0.1236745,0.1268957,-0.0018540184,-0.009634979,-0.25193888,-0.11611085,-0.026304403,0.27721396,0.16147159,-0.04566503,-0.00496249,-0.07529931
GPR68,0.13894828,0.08044454,0.08602931,-0.00062822236,-0.07800433,0.35639125,0.18062033,-0.10387528,0.17344962,0.018769361,0.17858092,-0.016677072,0.014416045
TMEM88,0.0736528,-0.0068238988,0.052131828,-0.0027989398,0.18668275,-0.13663746,0.12265325,-0.101641186,-0.03335687,0.024503898,0.1102662,-0.007188877,0.13006712
FSTL1,-0.000811872,0.20893091,0.16607502,-0.020228308,-0.07177315,0.06285139,-0.15272866,-0.06870638,-0.0060748863,-0.013654564,-0.040050227,-0.0014943678,0.08219581
CPNE7,-0.04643102,0.016442126,0.03728192,0.017354248,0.26101574,0.023851562,0.24993595,0.053910933,-0.06362288,0.021756995,0.008098678,-0.078999594,-0.14364398
NPAS3,0.0058314516,0.04443016,0.142451,-0.057758402,0.042618107,0.0019594887,0.020621521,0.24055855,-0.22689334,0.13560376,0.11609869,0.017009128,-0.21750681
DNM1,0.01364708,0.30152828,0.08975286,0.0036638584,-0.05396757,0.24930236,-0.042577542,-0.10676359,0.015468498,0.111099355,0.10511067,-0.009320754,-0.013521822
TSPAN7,0.029131936,0.2091533,0.06110162,-0.020512385,-0.021614935,-0.07967319,-0.061153032,0.13838191,-0.1375439,0.029457407,-0.088896714,0.15894085,0.034918692
KLF5,-0.004375811,0.19132508,0.010201745,0.068961315,0.2409087,0.008411256,-0.088043995,-0.06444117,-0.020118294,-0.15710388,0.26548874,-0.15796067,-0.13796818
ARHGAP9,0.28992665,-0.012335593,-0.04126655,-0.002835361,0.003496053,0.026476027,0.21029367,0.04897066,-0.0811206,0.020723494,0.003152273,0.018446313,-0.0852617
FAM107A,0.056509543,0.017641345,0.20891632,-0.117667764,-0.089948244,-0.07889308,-0.13535295,-0.05761291,-0.12420987,0.10225234,0.12569052,0.0066730003,0.028528456
IGSF3,-0.019570615,-0.10565849,0.25090677,0.101826414,-0.0032221652,0.07400416,0.102117196,-0.012311081,-0.029886285,-0.00032834965,-0.109704085,0.093791075,-0.117004015
PLXNB3,-0.06389039,0.1895193,0.065584786,0.00086086005,0.00818541,0.046724975,0.0658022,0.020088147,-0.12364934,0.00558517,-0.04313495,-0.027383156,-0.01116436
CIRBP,0.07275561,0.1504023,0.042538512,-0.010634287,-0.04826828,-0.09553189,-0.046357337,0.011581141,-0.083594866,-0.013276234,0.056607597,0.1894177,0.14822756
NPTX2,-0.00045761015,0.009180645,0.033724956,0.074538946,0.058628097,-0.010738404,0.15138479,0.036855854,-0.006171274,-0.08537724,0.14509115,-0.08109372,-0.23538378
PARP14,0.19853552,-0.04308205,0.08478528,0.056778938,0.009650577,-0.030768711,-0.11737634,-0.18543486,-0.18083186,-0.042955387,-0.114895724,-0.025858697,0.20448917
DDAH1,0.0053240363,0.06430853,0.005248595,0.06475917,0.24361871,-0.058277555,-0.21546313,-0.033379897,0.0049415594,-0.11677519,0.091551565,0.11119025,-0.097931534
GNAZ,-0.08757461,0.048949324,0.028276663,0.08284945,0.033362012,-0.0045777825,-0.11066204,0.10668884,-0.26296562,-0.0385205,0.07215809,-0.10117699,0.049512226
LMOD1,0.0058787116,0.2272866,-0.0037045828,-0.032643393,0.0039553675,-0.16362616,0.069050826,0.1074169,0.0579334,-0.008725638,0.012379298,-0.0674442,0.1459775
HIC1,0.071735874,0.2410098,-0.05171967,0.009327209,0.070419386,-0.091068685,0.05215334,0.1392051,0.06898487,0.24365473,0.012708988,-0.13081391,0.13504462
CDKN2C,-0.026984045,0.024888914,0.10756112,0.20441587,-0.12262983,0.06747298,-0.055990096,0.022779949,-0.113104016,0.08675888,-0.06048336,0.052025795,0.18147437
TRIM22,0.25958794,-0.034975823,0.0139535805,0.0028598676,-0.013588903,-0.094381526,-0.012914882,-0.16786036,-0.19131027,-0.041309476,-0.1885982,-0.0063510654,0.14368843
MBNL3,0.043750543,0.007540122,0.07873844,0.13473283,-0.0435316,-0.0713909,-0.043305364,0.103018954,-0.15977699,0.006984225,0.084480345,0.06719109,-0.20598014
PDE3A,0.051694218,0.32524797,-0.075323924,-0.00065166474,0.04083097,-0.07195411,-0.11594123,0.0048905103,0.106307976,0.05582405,0.09930013,-0.08001832,-0.07881436
TFCP2L1,0.041072343,-0.024573168,0.15887262,0.0053706584,-0.15956382,0.19905297,-0.0043261037,0.10647156,0.061877824,-0.0023004352,0.06677033,-0.012078238,-0.28702447
NAV3,-0.022543369,0.25980338,0.0012534116,0.17906745,-0.056297794,0.008095448,-0.08953689,0.16709496,0.047726847,0.004571762,-0.14900598,0.17480767,0.029810602
BMP1,-0.0009901798,0.11506648,0.12580518,0.04039294,-0.0040678373,0.1449153,0.14204389,-0.13992585,0.17173173,-0.09232983,-0.1289734,-0.1334597,-0.08874683
SLC16A6,0.17879964,-0.07947672,0.0070665553,0.07308054,0.08537306,0.19069596,0.058258746,0.14156653,0.16503689,-0.028855303,0.15056707,-0.063456394,-0.06380048
NRCAM,0.08142642,0.23903006,0.052839432,0.0053536487,0.015404928,-0.10796347,0.034390736,0.005414073,0.18047892,-0.1547376,0.1329672,0.012695507,-0.0658815
NPDC1,0.051336367,0.19902655,0.038312253,-0.1320176,0.1128527,-0.23862374,0.20669939,-0.15166721,0.0047913957,-0.025007527,0.21957988,-0.0510167,0.11186214
ITGA9,0.11938783,0.10970557,0.15657502,0.043444846,0.13810141,-0.09276471,-0.12092297,-0.041958,0.08105045,0.18138298,-0.041999213,0.15234357,-0.21157548
SLC16A14,0.02989842,-0.029936532,0.17264709,0.0873416,-0.100691356,-0.08908578,-0.010521344,0.16921575,-0.12947461,0.14561988,-0.03269831,0.18824212,-0.1946349
CHRNE,-0.03126918,0.17295955,0.049314056,-0.05859674,0.14266661,-0.050380375,0.016602261,0.2422768,-0.006298803,0.13102892,-0.014620713,-0.08638171,0.15070437
MSI1,-0.081657514,-0.060168277,0.16994512,0.010044867,0.08901259,-0.06553071,0.03589649,0.088224605,-0.21675846,-0.027636368,0.043530297,-0.019409979,-0.21008486
APOLD1,0.06318919,0.00014524315,0.17486203,0.029114045,1.8528643e-05,-0.16047855,-0.03886956,0.01628516,0.3116434,0.11146816,0.055148207,-0.30478638,0.026020482
CCBE1,0.060682014,-0.14373146,0.13627106,-0.026903057,0.14554133,0.0763493,-0.100820415,0.14880122,0.13066666,0.011549515,0.01753489,-0.23503824,-0.06809968
SYNPO2,0.013088185,0.23012616,0.012782383,-0.010688386,-0.003019758,-0.16509435,-0.080325074,0.15993309,0.053399507,-0.10832199,0.1120433,0.02400573,0.03044856
GPR156,-0.0765428,0.0019523525,0.07322366,0.0924604,-0.35529563,-0.012562606,-0.10035383,0.19654398,-0.21303354,-0.026034262,-0.012473526,-0.007475689,-0.08494676
TGFB2,-0.052285317,0.1460721,0.040725663,0.0071819685,-0.011704149,0.08348498,-0.0062421677,0.16483141,-0.04212457,-0.0047670454,-0.13106385,0.045342155,-0.0074900663
MOSPD2,0.15731564,-0.06205081,0.14469431,0.0004717842,-0.0092065465,0.098660894,-0.26464817,-0.108687945,-0.12060946,-0.011512935,0.036901105,-0.068603426,0.14869934
SHE,0.088882305,0.059291407,0.21063818,0.00901363,-0.14357813,-0.27660882,-0.07186831,0.04555887,0.21529718,0.16914746,0.03978529,0.0023896643,0.0021173784
JUNB,0.068916544,0.12861173,-0.037070986,-0.0056333756,0.013001329,0.013977435,0.077649936,-0.06836315,-0.016086997,0.03127897,0.119918354,-0.35273632,0.3961069
MGST2,-0.003970793,-0.121853404,0.08106601,0.015324327,-0.20285143,-0.05361481,0.22825667,-0.049345654,0.01139111,-0.017608387,-0.15589336,0.109854884,-0.08287034
LGALS3,0.09641941,0.1913675,-0.08246732,-0.0016171121,0.25024307,0.24521178,0.022760466,0.12035006,0.06933269,0.011366169,0.009449494,-0.26060686,0.15580769
PARP15,0.21887363,-0.09600586,0.09423286,-0.0037761698,0.034199674,-0.023064565,-0.15971696,-0.11605511,-0.067845576,-0.08596042,0.03920371,-0.0321803,0.17778946
FHOD3,-0.033968456,-0.06422517,0.20826055,0.0965103,-0.025056152,0.05821667,-0.117166184,0.098045036,-0.033089295,-0.09272666,-0.068303816,0.02094968,-0.03713281
DPEP1,-0.022502871,0.072236694,0.10955106,-0.0059211333,0.07212508,0.009154142,0.27629933,0.026126118,-0.06387319,0.06873224,-0.0169504,-0.1376421,-0.20918442
SLC16A10,0.18824865,0.09053032,-0.08106825,0.11333479,0.0015978102,0.10639504,0.0076623997,0.14845961,0.041792765,-0.04447753,0.07615179,0.1171058,-0.18630514
SLC26A11,-0.0028798906,0.097804874,0.09342795,-0.004713632,-0.13701946,-0.033699587,0.07517341,-0.11278686,-0.15275778,-0.07296578,-0.055311188,0.0034822822,-0.18923822
DKKL1,-0.030014986,0.0021879093,0.16067907,-0.0032493009,-0.13142054,0.01563661,0.02638869,0.24970609,-0.30861074,0.122809544,0.02687667,-0.15499292,-0.07839176
ATOH8,-0.10535207,-0.08084122,0.17724119,0.032511726,-0.0027924364,-0.08868838,0.09754129,0.04269886,-0.15405665,0.1144512,-0.10594488,0.118265525,0.058989376
CARD9,0.25848976,0.034313034,0.01840014,-0.0080940025,-0.016585546,0.09489987,0.17335026,-0.12152994,-0.1066631,-0.016846882,0.047079798,0.08673694,0.047886606
OSBPL3,0.15866998,0.12123518,0.08555573,0.08345614,-0.09617998,-0.0051457696,-0.15855677,-0.09557036,-0.0025837554,0.009898166,0.17365597,-0.07480891,-0.02764109
B4GALT6,-0.0052215983,-0.09241769,0.1379317,0.031443484,0.23112853,0.0011623856,0.021731647,0.13911058,-0.03818191,-0.16542134,0.132997,0.009391626,-0.15717621
CHAC1,-0.026969185,-0.014110054,-0.01709476,0.0021920092,0.058975115,0.030961994,-0.027204849,0.17517275,-0.08374353,0.031734273,-0.08627854,-0.21436366,-0.018086655
IL17RB,-0.012858544,-0.016317328,0.13167416,0.0069733993,0.06354636,-0.030334247,-0.15134104,-0.032735113,-0.15312687,-0.19718455,0.07628448,0.032868363,0.19000368
SLCO2A1,0.092025995,0.14399487,0.16945529,-0.0023287653,-0.12865587,-0.21675037,-0.10008456,-0.122943304,0.14652626,0.05868522,0.037220426,0.13290583,0.009105792
SALL1,-0.058975566,-0.16860767,0.19331351,0.0013852016,0.1919862,0.091962695,-0.022025112,-0.03864885,-0.14549837,-0.10541161,0.045349326,-0.1727905,-0.11754533
ARHGAP20,0.06846594,0.0067209275,0.15711449,0.0011139903,0.18313468,-0.08381257,0.0025896928,0.15623239,-0.023708245,-0.01090135,-0.05287528,0.09306292,-0.20977765
SGCE,-0.042315472,0.10369782,0.001376719,0.07941646,-0.090299286,0.011085964,-0.055992313,0.09579621,-0.036836855,0.08591491,-0.04445483,0.0691546,0.047333863
PYGO1,-0.090380765,0.119930044,0.09925739,0.10829609,0.19005719,0.037688967,-0.21122949,0.08254393,-0.017581282,-0.1394611,0.009566026,0.0014754483,0.06979429
PIK3C2B,0.11069756,0.10602747,0.17464091,0.0569953,-0.15140732,-0.25637087,-0.17870079,-0.2655474,0.05235348,0.0976221,0.13717529,0.1240758,-0.0023451736
LAMC2,0.12287379,0.07910467,0.011416933,-0.00029535094,-0.08820788,0.119566984,-0.049373068,-0.06740271,0.2569073,0.018051963,0.14295596,-0.10552677,-0.09407193
FIBCD1,-0.052255686,0.14408521,0.054875042,-0.006568916,-0.14431217,0.03937455,-0.040270146,-0.040107373,-0.12771705,-0.017114675,0.041927155,-0.17223747,-0.1534164
PDK4,0.09541963,0.018259073,0.04127139,-0.00028189423,0.12836803,-0.15403758,-0.09759734,0.25588346,0.11585197,-0.090222016,0.03720447,-0.030927664,0.080912605
ALDH1A2,0.09873175,0.056973774,0.056325562,-0.0028800932,-0.098396115,-0.009602868,0.11957121,0.1820203,0.13392268,0.0094539765,0.124247216,-0.016961126,-0.26876533
SLC39A8,0.15971574,-0.007479611,-0.028886955,0.07991085,0.24945556,0.15923338,-0.11659214,0.024265565,0.11027608,0.043406054,-0.0025678154,-0.058213897,-0.024145614
NHS,0.0012792978,0.18783973,0.11805934,-0.004785068,0.18541224,0.049643837,-0.19546944,0.051307123,-0.080022454,0.06458217,-0.0038230354,-0.008548265,-0.13969775
PEG10,-0.06282974,0.16652414,-0.03217266,0.13041656,0.22168773,-0.07602275,3.5975947e-05,0.07223873,-0.08368445,0.09245174,-0.02668987,0.093242265,-0.07117269
PTPRB,0.12361657,0.0873369,0.1670943,-0.0020291265,-0.036181062,-0.28020495,-0.15492165,-0.009928542,0.25736716,0.09344491,0.03700373,-0.002963415,0.013555493
SLC6A15,-0.05853834,-0.11830182,0.025019787,0.034261324,0.078981325,-0.040008556,0.05055084,0.1284841,-0.13238496,-0.07276852,0.11742275,-0.024581484,-0.14627704
TMEM63B,-0.014017961,-0.15108511,0.1377485,0.053686365,0.11863622,0.067380674,-0.078792445,-0.0115629975,-0.10084164,0.23407646,0.096913174,-0.16637427,-0.14443822
MYL5,-0.05309323,0.011800316,0.057472352,0.029455144,-0.14892612,-0.053587552,0.12482457,0.0047569275,-0.20262574,0.10189549,0.06973599,-0.022502484,-0.09428629
CDC6,-0.038892485,-0.10385826,-0.043706823,0.35424227,-0.12552774,0.0062141595,-0.017862715,0.045578558,-0.04628287,0.0009469757,0.015516805,-0.06031659,0.010639755
LOXL1,0.026553852,0.2815591,-0.03409753,-0.005919427,8.326321e-05,0.10989457,-0.15137829,-0.15164492,-0.15954746,0.12830757,0.02128362,0.011908807,0.10629032
PIK3CD,0.23136556,0.106208056,-0.09972085,0.04061206,-0.09401206,0.0016149619,-0.04405083,0.008683206,-0.14933129,-0.057750355,-0.061810613,-0.03924935,-0.09943446
SLC4A11,-0.006052161,-0.020765085,0.0856394,0.011001068,0.00059092947,0.011291152,-0.1017988,0.013466739,-0.21101074,0.032140322,0.111364275,-0.18756881,-0.20489486
ADARB1,0.01197388,0.20971471,0.17474675,-0.05723578,0.027287643,-0.021372603,-0.00427766,-0.18850757,-0.0020123564,0.0052591003,-0.0028681618,0.10644762,-0.057965446
GSN,0.00095038686,0.2392831,0.124819174,-0.026931709,-0.16872442,-0.04016616,0.09481584,-0.1260905,0.02004385,-0.12395327,-0.01064756,-0.08466286,0.26428416
RCN3,-0.059314657,0.13631338,0.030367343,0.009792801,0.034373414,0.083753206,0.30929446,-0.21024336,0.123421796,0.015993414,-0.31696522,-0.14944059,0.12120051
SYT13,-0.04537927,0.084417075,0.047379542,0.073324256,0.022603422,-0.032496005,0.15924273,0.16401857,-0.031795718,-0.017144391,-0.0057868124,-0.008410978,-0.27507284
LMNB1,0.042807914,-0.056370012,-0.004524921,0.34274635,0.2971687,-0.015109113,-0.04940129,-0.12370125,-0.019394426,-0.01907259,0.05973199,0.03979649,-0.034271374
TNFSF8,0.26567748,0.02110078,-0.011841119,-0.024078295,0.04463746,-0.08163136,-0.08906639,0.14838715,-0.1953147,-0.010316319,-0.13844557,-0.0011694105,-0.0025482927
DDR1,-0.0026537543,-0.00487537,0.15567158,0.021991698,-0.10693111,0.014198827,-0.015939139,0.12125641,-0.24274865,0.03639066,0.19296715,-0.19007531,-0.13029808
CTNNAL1,0.015971554,0.11981784,0.060486197,0.09433636,0.04526676,-0.0744929,-0.14092015,0.12909734,0.056257397,-0.1512691,0.052868344,0.017927654,0.23252876
GREB1,-0.01604482,0.1340987,0.082614966,0.0028241728,0.024122782,0.1124772,0.12738921,0.09059093,-0.15780945,0.036095686,0.04091648,0.11605807,-0.30100062
WASF3,0.012004131,0.23718297,0.044661533,-0.0008008119,-0.044296686,-0.13465466,0.014806243,0.11114746,0.015524949,-0.039565053,0.102000855,0.0066052806,-0.15656511
TNFAIP2,0.13670306,0.013867211,0.045606393,0.10825418,-0.07602688,0.055510074,0.20297807,-0.14052825,-0.09323302,0.12679923,0.031488407,-0.060184594,0.002064321
EXPH5,0.1474868,0.06350687,0.10667344,0.014178241,0.16098028,-0.021712126,0.007866663,-0.065690935,0.12205943,-0.28099102,0.027182337,0.11091129,0.041482314
TYMS,-0.0849718,-0.081560045,0.06805935,0.29456007,0.005095695,-0.015849296,0.008582731,0.044758163,-0.045812175,0.008418851,0.042352002,-0.06318039,0.016724667
SOSTDC1,0.011996628,0.10218305,0.0849026,-0.014437327,0.014338944,-0.01029366,0.04117634,0.25702286,-0.108615786,-0.018684322,0.01051582,-0.02192654,0.012949786
RHOJ,0.077340595,0.15340322,0.04460874,0.0014283108,0.009217765,-0.14705637,-0.18665336,0.043066416,0.19566274,0.16152333,0.11375934,-0.13743402,0.03486631
MYO1G,0.29438975,0.029031003,-0.010211059,-0.00413999,0.053823072,-0.003985285,0.08976715,-0.11676052,-0.1958255,-0.03175717,0.06406042,0.004035375,0.0040226416
DAPK2,0.0053607933,-0.24577813,0.27861753,0.007313279,-0.0044414136,0.0053437515,0.114057586,0.0065683494,-0.05454189,0.0044398927,-0.07802792,0.05407478,0.034339774
KLRG1,0.27700338,0.003912303,-0.060660847,-0.0001786912,-0.0056576887,-0.026498297,-0.00361952,0.15958938,-0.11739628,-0.019391505,-0.17632154,-0.0022870228,-0.02214828
EHD2,0.0032771693,0.34110153,-0.04110411,-0.0050843875,0.272911,0.036522057,-0.12464989,-0.086142115,0.06369528,0.08837345,-0.14636052,-0.22133005,0.0962877
MAP1LC3C,0.064048186,0.14865042,0.04269417,-0.10435575,0.09720567,0.056923445,-0.089665316,0.23174721,0.07468753,-0.12361273,0.12422291,-0.05452248,0.02418905
EXT1,0.072363205,0.08085013,0.16462052,-0.00031534053,-0.043526407,0.30453804,0.100350566,-0.016201222,0.15832214,0.096432924,0.13922882,0.11693957,-0.012009801
GPC3,-0.018915022,0.18929191,0.110174574,0.0077956542,-0.079344295,-0.05798223,-0.064432144,0.20367666,-0.27091572,0.001487226,0.030474199,0.033275153,-0.18369563
FGD4,0.15774181,0.10695553,-0.018077679,0.0037438127,-0.014731209,-0.11197239,-0.14932628,0.13848513,0.04208521,-0.0728896,0.013903763,-0.12508844,-0.03365799
JUN,-0.031561803,0.28514925,-0.06851674,0.033018697,-0.118461065,0.0572647,-0.02039125,0.089991465,-0.06014536,0.10951569,0.02481636,-0.14052533,0.06797048
SCUBE1,-0.031797335,-0.001956924,0.24260943,-0.061729472,-0.0017445775,0.017730916,0.023486443,0.02934661,-0.21327832,0.012906711,0.023531487,0.06250698,-0.008364094
GEM,-0.0029364547,0.34043872,-0.122424856,0.02019433,-0.13401462,0.008270141,-0.12752263,0.06368045,0.0031194235,0.05692931,-0.032856476,-0.23664193,0.014823501
POLR1C,-0.023639722,-0.09993053,-0.01802587,0.19388144,0.1096721,-0.03773525,0.093400314,-0.097145215,-0.11040825,0.25274515,0.053756207,-0.019823173,-0.018042445
ARL9,-0.044256862,-0.018120326,0.096987136,0.106373735,0.014927109,0.02168463,-0.015460196,0.010484981,-0.14813301,0.03457706,0.05294579,-0.0143570565,0.07225889
HSPB1,0.004835412,0.018050553,0.056720637,0.008282095,0.20981334,-0.06318417,0.099590994,-0.15219139,-0.19662574,0.016978929,0.19442944,-0.2750455,-0.081654906
IGF2BP1,-0.0013306248,0.032217957,-0.028680725,0.07499452,-0.21813037,0.011272457,0.20618913,0.12197905,-0.0906775,0.04801442,-0.017221611,-0.1358767,-0.30384463
EDARADD,-0.0034182712,0.051853854,-0.06826211,0.037507694,-0.13515344,-0.08970012,0.17337056,0.02541566,-0.05745641,0.048673384,0.048373353,0.13740003,-0.26171687
RAVER2,-0.093438715,0.0019467941,0.03921906,0.10090033,0.012433749,-0.015940556,-0.008872852,0.013332331,-0.152904,-0.040681794,0.14836062,0.086541675,-0.13002433
NR1D1,-0.015903434,0.12430066,0.018938798,-0.012283798,0.23271474,0.08018765,-0.17674375,-0.119308844,-0.085890345,-0.040505785,0.011063526,-0.07739381,0.0043564285
PLCB4,-0.101683795,-0.005230199,0.20595574,0.03707697,0.03558057,-0.1440961,0.05394137,0.22859998,0.06292519,-0.20882407,0.0038557313,0.007868219,-0.029183174
CD44,0.13220586,0.14958407,-0.13729179,-0.00038390767,-0.0022579632,0.12431554,-0.21160261,-0.24981807,0.089988634,-0.1358948,-0.015014526,-0.20594744,-0.20669018
CHMP4C,-0.0017934287,-0.25379285,0.20712422,-0.019008163,0.1900951,0.009075629,0.004311899,0.17047404,0.020472312,-0.17159641,0.04357829,-0.13531023,0.12203229
SARM1,-0.04717544,0.24272637,0.030661536,0.017427983,-0.030434182,-0.034201115,-0.06305474,-0.19388033,-0.10786477,-0.078738295,-0.010422463,0.041471314,-0.03878359
COL21A1,0.059025604,0.07642598,0.16478409,0.0042282287,0.07734827,-0.120376915,-0.10223175,0.09034144,0.16875905,0.23071592,-0.103230886,0.054088473,-0.0420192
PER3,0.00046174598,0.19962487,0.026344517,0.021061562,-0.232963,-0.07173516,0.02028264,0.2202415,-0.017286284,-0.094890006,-0.13029791,0.019300625,-0.03580453
SOD3,0.09814592,0.22918315,-0.042976532,-0.011585151,-0.12617844,-0.15137243,0.016713867,-0.044585228,0.111979015,0.13066639,-0.0064951098,-0.0054505137,0.07031658
EFNA3,-0.104804136,0.0018439809,0.11646907,0.034901462,-0.17519048,-0.018231604,-0.04923582,-0.060507253,-0.257774,0.026942248,-0.0400671,-0.08369875,-0.0150269745
CACNA2D2,-0.07118624,0.086255,0.14753646,0.0013362375,0.036975686,-0.004874432,-0.011125242,0.031611,-0.08863383,-0.025764236,-0.08199205,0.019815223,-0.18268293
B4GALNT3,-0.06803634,-0.15432195,0.24352032,0.08692815,-0.09807335,0.056957193,0.21812998,0.043231156,0.061369833,-0.08875882,-0.1312744,0.05247715,-0.0048978245
TNFSF10,0.22870654,0.04804707,-0.017602662,-0.05219832,0.018584555,-0.005571723,-0.22172816,-0.16573209,-0.08225293,-0.028443648,-0.029440427,-0.038017433,0.018099247
COPZ2,-0.04959734,0.16020767,0.05641266,-0.057898954,0.05970414,0.058689088,0.18834867,-0.16543622,0.09586947,-0.110197395,-0.26147768,0.009880448,0.3910908
PROX1,0.039834835,0.08358805,0.05777373,-0.0048862468,0.18708773,-0.16677597,-0.13448578,0.07230273,0.08921042,-0.09031795,0.13726065,0.011756815,-0.088402815
MSX1,-0.006968557,0.023422666,0.112696245,-0.0055828034,0.11396965,-0.017787458,0.19516964,0.057459887,-0.057577733,0.18340893,-0.014797897,-0.038905498,0.028869815
ADRA2A,0.01528467,0.147469,0.10358692,-0.061598357,0.12584679,-0.14179106,-0.18841946,0.041518662,-0.026329868,0.014989621,0.0010783626,-0.21636312,0.08994486
NFIB,-0.020999858,-0.048188113,0.20386744,0.08835329,-0.0064211367,-0.14366698,-0.12635396,0.0174337,-0.14267704,0.042752948,-0.05297782,0.13437884,0.14803204
DECR1,0.1136305,0.008964747,0.06656445,0.057998694,0.25050798,0.01482257,0.036181867,0.1631813,-0.1647655,0.092656985,0.099407546,0.1228566,0.09166108
SUSD2,-0.006897538,0.13487194,0.12778464,-0.039433885,-0.0115750255,-0.019420216,0.06718768,-0.08348885,-0.0542098,0.026322726,-0.092255756,-0.07748641,0.074443564
MLLT11,0.016682148,0.052396297,-0.08193174,0.10852607,0.062880926,0.03054171,-0.032395598,0.061899357,-0.038092155,-0.056231722,0.119297765,-0.13818419,0.06581943
SLC30A3,-0.045985643,-0.019192293,0.12312382,0.014155235,0.0124325445,0.022213312,0.03991942,0.10099776,-0.12712346,-0.029251873,0.033107508,-0.26152688,-0.21486583
LMCD1,0.05595756,0.16786967,-0.0030403289,-0.028319176,0.08182982,0.0036866262,-0.15752971,0.012057094,0.060565405,0.010045581,-0.0225739,-0.08392342,0.070956506
DOK5,-0.062483735,-0.078373544,0.08217954,0.099949054,-0.050330777,-0.030903932,0.12187918,0.020325407,-0.08137719,-0.10463855,-0.082239255,0.0037269664,-0.052595444
LHX6,0.07749203,0.1707845,0.09858654,-0.04754591,-0.028985623,-0.18563117,-0.040292345,-0.0689383,0.048410263,0.047206588,0.015178525,0.005279919,0.025908303
NKD1,-0.084961876,0.15395725,0.09229948,0.027921109,0.046180926,-0.07356348,0.12398631,0.067237094,-0.20097908,-0.016975457,-0.0014775557,-0.13502726,-0.09491858
GDPD5,0.105836,-0.10701869,0.23354408,-0.004811506,-0.009594365,0.09935636,0.13916598,-0.27726364,0.11217661,0.011328136,0.02139997,0.004041814,-0.0042154985
PIPOX,0.10626256,-0.1438377,0.13893268,0.008577001,0.2630671,0.0017784123,0.038984165,0.06896484,-0.040184304,0.31258842,-0.017276626,0.002175022,0.022552392
RELN,0.052392296,0.1699321,0.06444275,-0.0151886195,0.11856813,-0.090667,-0.015407783,-0.042335123,0.17840147,-0.18286215,0.12976758,-0.17708142,-0.10683312
SLC17A7,-0.023216004,0.081837565,0.090196,-0.0006836589,0.1152455,0.0030805876,0.17822684,0.13563074,-0.1344959,-0.022465833,-0.02762015,-0.24226463,-0.21896057
BAG2,-0.029561121,-0.002909791,-0.025922695,0.08705288,0.088168755,0.066805325,-0.090799324,0.10553214,0.06611686,0.021386595,-0.06230486,-0.084350646,0.16310322
KCNC4,0.005855173,0.14576384,0.1304853,-0.08983311,-0.18598391,-0.06632648,-0.019055959,0.0480933,-0.017479623,-0.13139376,0.17455794,0.007798892,-0.022168884
GSPT2,0.008674514,0.073047414,0.04106605,0.011048657,-0.021705585,-0.049397733,-0.07136285,0.1708148,-0.103150554,0.016085073,-0.0035216836,-0.016412137,-0.0035089843
ESPL1,-0.059666567,-0.08917964,0.050597392,0.3403189,-0.122651294,0.04545635,-0.019426394,-0.14789674,-0.06949911,0.018887293,0.08090876,-0.07541871,-0.008937267
SYT7,0.04865182,0.17771545,0.10250331,-0.003233643,-0.23452814,-0.16017385,-0.08399022,0.029542362,0.16223505,0.090333,0.08229304,0.06874978,0.01850416
SPTBN2,-0.055528995,0.08960523,-0.0005932865,0.06950694,-0.0032192492,-0.0972869,0.09945057,0.15718956,-0.11981932,-0.11531564,0.0985084,0.008791087,-0.33364603
CD4,0.25672147,-0.007764153,-0.053293664,0.010725296,0.011374639,0.10496776,0.13498881,-0.028735876,0.11521493,-0.025432607,-0.07858164,-0.009329052,-0.16403358
SGCD,-0.1003272,0.17851306,0.18704623,0.0062654726,0.2494585,0.06972614,-0.10355924,-0.036708534,-0.050119903,-0.14530648,-0.16215016,0.028343178,-0.012991692
HOXB7,-0.01339707,-0.12575153,0.13282906,0.0031319996,-0.008180329,0.022781393,-0.0442212,-0.053322632,-0.18868287,0.07007899,0.07122939,-0.042161353,0.06925145
WIF1,0.002832226,-0.16748601,0.29983497,-0.057056807,0.10600686,0.016907444,0.07478085,0.08691164,-0.045210347,-0.05500554,0.005914641,-0.03160015,0.016916556
USHBP1,0.10778907,0.025887884,0.17594606,-0.021632845,0.09476455,-0.2729066,0.10051056,0.007973608,0.26836857,0.2503299,0.0069620386,-0.0054583037,0.11761498
LAMA3,0.038815785,0.049579553,0.19897766,-0.022306189,-0.03768357,0.024878066,-0.23505902,-0.024260895,-0.09121324,-0.2050524,0.10563287,-0.01608998,0.09100216
SOCS2,0.008502562,-0.007246078,0.23235743,-0.0024293875,0.020323068,0.009963316,0.013696067,0.117292196,0.061819036,-0.0713495,0.16100535,-0.067302704,0.095024504
HGF,0.096275374,0.1748992,-0.10691577,0.02636262,0.31097326,-0.05266015,-0.18234538,0.10986834,0.07454542,0.044982914,-0.08022315,0.1183345,-0.055260275
SRM,-0.08438745,0.067230724,-0.12210046,0.18237396,-0.09825048,-0.09080819,0.2702986,-0.20047964,0.05425744,-0.03837881,-0.12362706,-0.023695525,0.07143343
HOXC10,-0.06906144,-0.031746343,0.12874153,0.008019919,-0.06030986,0.042860653,-0.0013690237,-0.088363856,-0.232119,0.07461248,0.0006503596,-0.23053403,-0.00042283334
ZNF512,-0.054111745,-0.01911219,0.043071892,0.033696283,-0.0018549608,-0.0916614,-0.03327896,0.0016723583,-0.05509669,-0.08903217,0.075252056,0.07598075,-0.15143962
TREM1,0.1992575,0.042103715,-0.1779913,0.045262948,0.08675098,-0.0043116705,-0.038202792,0.24419855,-0.08588687,0.016319605,-0.037008174,-0.31243405,-0.010084703
MCM3,-0.041051395,-0.06879789,0.019580176,0.33486688,0.006593408,0.010814262,0.0073349476,-0.09867062,-0.09674613,0.062150113,0.074169464,-0.00061312766,-0.017731773
FGL1,0.039820515,0.033161838,0.15579346,-0.0027111345,0.046580665,-0.15227263,0.066425025,0.21427166,0.15250738,-0.0984364,-0.033278022,0.0025375932,0.19726953
TMC6,0.18711706,-0.037027102,0.00029681405,0.02147944,-0.04530458,-0.15729772,0.18637572,-0.107568115,-0.1686642,0.016631022,0.12217837,-0.1123832,-0.03715001
FRRS1,0.11708443,-0.02634769,0.20456162,0.07323298,0.005651131,0.26199803,0.11383515,0.14016657,0.19812268,-0.014198224,0.13459145,0.08468092,0.12114165
DUSP9,-0.09942496,0.088689916,0.031988543,0.06721442,-0.36558312,-0.08529887,0.16906692,0.04859195,-0.15672623,-0.017513433,0.05588703,-0.004798491,-0.2421076
KLHDC3,-0.041869976,-0.14251836,0.13189395,0.10661532,0.007997736,-0.089426376,0.15473282,-0.022040132,-0.13904826,0.21207783,0.0468071,0.1837278,-0.011212284
PDE1B,0.08617977,0.1829591,0.007689371,-0.0901663,-0.11639958,-0.12478951,0.10021995,0.06912009,-0.0008463166,-0.0072288606,0.0013137152,-0.09544929,-0.17720775
EPB41L4B,-0.00041444652,-0.1211867,0.20698315,-0.005795679,0.16297948,-0.0030927337,-0.015282052,0.17420836,-0.12499528,0.09432807,0.0992646,-0.05128533,0.08221628
CBX7,0.1626225,0.023516588,0.105683014,-0.106229514,-0.015369273,-0.039549004,-0.24467885,0.08724671,-0.15363649,-0.0702489,0.15973611,-0.0149182025,0.08974165
C1QL4,-0.08226208,0.103407554,0.079634644,0.06011889,0.005036468,-0.032654192,0.10353447,-0.032526124,-0.24788406,0.03245517,0.09161932,-0.042744417,-0.019456603
MIF,-0.045170046,0.08285453,-0.17182504,0.003960393,0.030771425,-0.00844753,0.216377,-0.027462656,-0.108606756,0.11889751,0.13952273,-0.12608762,0.2641578
FARP1,-0.048824962,0.27059522,0.057219498,0.1103498,-0.034734763,0.0018253092,0.07177602,-0.17183767,0.0047005587,-0.11737375,0.0137221785,-0.07246773,-0.21454236
FRY,0.06898601,0.031859394,0.14773287,0.0008471328,0.28232902,-0.13932787,-0.10257075,0.105910875,0.22752309,-0.11401006,0.027493566,-0.13831808,-0.03988036
EPS8,0.043766435,0.25732484,-0.016769366,0.10721899,-0.049796775,-0.10812014,-0.18313032,-0.0026727812,0.022100551,-0.05354373,0.036816303,0.0025686722,0.092138596
ENPP6,-0.024839548,0.03452823,0.22179428,-0.08797898,0.024359714,0.0017976481,0.08751662,0.05169506,-0.03443541,-0.10102636,-0.063976474,0.0240773,0.079953805
PTBP2,-0.031195356,-0.09677693,0.16072649,0.14416659,0.20235297,-0.0110087115,-0.1251966,0.20915778,-0.035788253,-0.007928666,0.069963194,0.1154791,0.016587982
ZC3HAV1,0.11629646,-0.014699699,0.123958595,0.08860187,0.13582359,-0.041847408,-0.27023473,-0.25677156,0.010463693,-0.20999545,0.005950083,0.00079823245,0.21372545
FKBP11,-0.07610745,0.088974185,-0.037054893,0.11638444,0.02452619,-0.044609647,0.41633105,-0.17585726,0.08541417,-0.12525189,-0.17710899,-0.030962426,0.05065487
KALRN,-0.005048163,-0.06399325,0.24827138,0.01820164,-0.3209863,0.014201373,-0.13940531,0.17131744,0.033375323,0.047761973,-0.031276926,-0.005355722,-0.10398695
PDE4D,0.01867827,0.12114518,0.059106305,0.019792147,-0.040631864,-0.067338146,-0.13692306,0.05976215,-0.005565583,-0.24130929,0.1246604,-0.035842605,0.026147475
RGS16,0.05874125,0.19884202,-0.09814994,-0.07129136,-0.026603173,-0.049285106,-0.086240366,0.15869829,0.054841366,0.0145486705,0.15745384,-0.27285862,-0.0490615
PRRG1,-0.014875745,0.23271012,-0.0372929,0.13262023,-0.01278714,-0.11570937,-0.11867299,-0.0079813525,0.0337977,0.0008636101,-0.021528108,0.06268776,-0.08823129
DUOX1,-0.09606764,0.06801433,0.12544924,0.01515305,-0.2052981,0.019508274,-0.0064193634,-0.07226704,-0.19903982,-0.0048739268,-0.06947803,-0.009994065,-0.024985643
WNT4,0.0046185614,0.01072294,0.1912824,-0.03211731,-0.030025478,-0.031183977,0.19670309,-0.08207872,0.053995598,-0.1050942,0.049697198,0.007403906,-0.04031501
KIF4A,-0.05347612,-0.062371615,-0.020582272,0.36628202,-0.044374656,0.04927886,-0.04376987,-0.0028533037,-0.035088357,0.0944652,-0.053800844,-0.025909754,0.008594786
DISC1,0.13444051,-0.0421153,0.16654055,0.0059918626,0.051523924,-0.09755569,-0.0909917,-0.042900614,-0.062937774,0.15253584,0.034625,0.14647883,-0.19873019
HOXA4,-0.10769129,-0.076838925,0.09115913,0.11338547,-0.06820463,0.017040845,-0.0115407165,0.09566984,-0.16880588,0.045185752,0.074729085,-0.1591813,0.06910237
PSMB9,0.20255151,-0.14317909,-0.009045064,0.012904096,-0.026767442,-0.04797902,0.008189772,-0.17047141,-0.1649882,0.049968842,-0.013128454,-0.06307322,0.2143891
PAX3,-0.052787606,0.085492656,0.12178055,0.0037455622,-0.21781093,0.042975064,-0.03080166,0.14820099,-0.14578544,0.067264915,0.049310412,-0.0062645865,-0.1863605
GLT1D1,0.04877169,0.018334618,0.022772374,-0.010817971,-0.1656341,-0.037671424,0.07837544,0.10980372,-0.0672899,-0.029478313,0.11972231,-0.09775436,0.084238194
CKM,0.046574347,0.058434516,0.02638646,0.001198662,0.036268696,-0.12450684,0.14356393,0.1727787,0.041319944,-0.08239061,0.09382498,-0.031203333,0.22170341
GPR160,0.11538464,-0.114177056,0.13583907,0.00854493,0.2714429,-0.054990064,-0.09648313,0.018411307,-0.0096412515,0.103744924,0.13829829,-0.06336442,-0.09160488
FAM20A,0.10560011,-0.0054697283,0.07833616,0.033373248,0.12926689,0.1958381,0.14196983,0.06840582,-0.063567676,0.1327654,-0.089051634,-0.06559681,-0.110397115
MAGEL2,-0.004419947,0.18794224,0.060033873,-0.03649234,-0.030352728,-0.037794296,0.1300782,0.34717804,-0.036788303,-0.08609144,-0.028687391,-0.028422665,-0.1303985
TPP1,0.19540001,-0.07164702,0.044593282,0.0008919105,-0.09845969,0.20770206,-0.23297124,-0.13906455,0.1005718,-0.094131745,-0.031743906,-0.059135556,-0.19665967
CLCN4,-0.06626835,-0.019662231,0.10542363,0.1091469,-0.1558666,0.12369556,-0.16224782,0.08000676,-0.18741421,0.11144879,-0.17669362,-0.014415085,0.020399014
KCNMB4,0.07034088,0.09263479,0.097878486,-0.08017794,0.16116884,-0.039037347,0.025251359,-0.073136345,-0.13150762,0.034571074,0.050867897,-0.009751685,-0.002495882
HMGA1,0.057712767,-0.23033239,-0.010648104,0.08212907,-0.24051505,0.02812522,-0.026894676,-0.006599792,-0.12312739,-0.04303243,0.21263483,-0.23446827,-0.034237914
RERG,-0.09500057,0.0011657134,0.22251739,0.025520626,0.016014824,-0.05247237,0.11862411,-0.027366538,-0.00044529035,-0.1674641,-0.048747074,-0.011879511,-0.0099602025
IDI1,-0.0091031315,-0.12838332,0.042422555,0.16986902,0.27234203,0.039605215,-0.049929366,0.0068597947,-0.10923964,-0.035756458,-0.0049083615,-0.121053554,-0.0171793
CDC42EP1,-0.06589629,-0.08256007,0.19548221,0.057125103,0.20687568,0.03941996,0.12816548,-0.047476098,-0.06423193,0.16426596,-0.22419576,0.013655399,0.09430069
ROBO4,0.14636566,-0.0045960825,0.15768696,0.0012690497,-0.098125935,-0.2405681,-0.003492219,-0.20083119,0.24712303,0.34162328,0.0037628706,-0.097634554,-0.031953923
MGAT5B,-0.004161944,0.00092020864,0.15969259,-0.002697055,-0.002847297,-0.0155395055,-0.04837154,0.22084135,0.02940127,0.19237284,0.06549843,-0.029347628,-0.03571964
RASL11B,-0.029612638,0.21743771,0.09992927,0.02018924,-0.05579024,-0.010976895,-0.018840322,-0.06134359,-0.13815168,-0.07841314,0.028216839,0.0139483595,-0.050173808
TM4SF18,0.12281226,-0.09269958,0.163108,0.018266635,0.0043038744,-0.22937222,-0.08398972,0.11103928,0.28495303,0.35335964,-0.033708263,-0.0046859584,0.011413991
C1RL,0.14193833,0.27695203,0.0015769529,-0.06635435,9.7652126e-05,0.119289674,-0.08553743,-0.11453829,-0.10694645,0.022634594,0.016391167,-0.1313979,-0.09106851
ZMAT1,0.17212157,-0.068078026,0.14534438,-0.029464368,0.2506224,0.03522259,-0.09836545,0.12873878,-0.043044016,-0.013814235,0.14226559,0.09281367,-0.05437757
GLI2,-0.045208793,0.011997011,0.24456751,0.07856414,0.05265855,-0.04129191,0.12143825,-0.109725975,-0.03891428,-0.13595921,0.016998164,-0.057006314,-0.16661514
APOA1,0.041965142,0.1823554,0.11227661,-0.017907342,-0.011233429,-0.16527998,0.09876358,-0.06278225,0.03036359,-0.13205266,0.0771255,0.07443201,0.24440771
DNASE1L3,0.1653056,-0.007841493,0.155035,-0.028029481,-0.014756304,-0.13681139,0.05393703,-0.014682458,0.023787962,0.1452699,0.011352294,0.060151584,0.17576635
CHST3,-0.04163187,0.011296644,0.20414564,0.0028181039,-0.20277977,-0.0058078854,0.008028307,-0.19775058,0.054373473,-0.19658746,-0.038968824,-0.11659311,-0.17777206
TFAP2C,-0.011223122,0.06988048,0.039069004,0.015870173,0.007477822,-0.009195544,0.101683006,-0.095828384,-0.13503799,0.043112755,0.039084245,-0.25201043,-0.249248
CCDC18,-0.011864493,0.0032640574,0.017652217,0.19979449,0.2870617,-0.01132432,0.010738232,0.18172032,-0.054612026,0.021185413,-0.022535443,0.034289017,-0.10227314
NFAM1,0.3069687,-0.005206689,0.004027748,0.0011815601,0.12383278,0.082476154,0.08345223,-0.014439877,-0.079486124,-0.008897121,-0.009002627,0.118934005,-0.056308083
LSS,-0.059568588,0.10558717,0.01972335,0.15044974,-0.035447925,0.09402117,0.01126206,-0.18799014,-0.12483143,-0.0029971758,0.022063602,-0.04463697,0.17332134
RNF182,-0.031615943,-0.0036897976,0.06438655,0.11488593,0.03417865,-0.12403249,-0.16039687,0.07793955,-0.05085401,0.10391779,0.14306313,-0.09271354,-0.124669395
TBX15,-0.0013535346,0.2530948,0.014211926,0.0016085887,-0.18699495,0.012464799,-0.17204764,0.023902802,0.10869974,-0.03140547,-0.12076284,0.03042552,0.01331068
TRPC3,-0.00029513403,-0.069193125,0.14407054,0.005061721,0.0656989,0.1310419,0.070931084,0.1564948,0.03800219,0.010256408,0.13942946,-0.010527036,-0.05782321
NR2F1,-0.014171383,0.22061124,-0.003307779,0.09655275,0.09307781,-0.065021545,0.031291056,-0.010146917,0.03927202,0.20640999,0.045518022,-0.0012809983,-0.1629374
SIPA1L2,0.110217296,0.14515454,0.15205994,0.0064706886,0.23323704,0.008778499,-0.11185844,-0.123805955,0.13807191,0.16334938,0.10089614,-0.05744907,-0.30561036
MDFI,-0.04046228,-0.14036928,0.16507374,0.014792966,0.018591145,0.029987833,0.25052148,0.2737173,-0.1937375,0.24911311,0.013039716,-0.019330405,0.015403583
ANKRD22,0.26396248,-0.084715076,-0.022850424,-0.022536777,-0.014196133,0.08866109,0.07895548,-0.00029073047,-0.17565516,-0.032156307,0.03648088,-0.07661391,0.0137099
BAIAP2L1,0.040149406,0.14232089,0.0129091125,0.024501832,-0.09789477,0.23793864,0.016044766,-0.073419645,-0.13149549,0.12017226,0.14098619,0.024302257,-0.23562686
