,Factor1,Factor2,Factor3,Factor4,Factor5,Factor6,Factor7,Factor8,Factor9,Factor10
COMP,0.003382663,0.25496486,0.08362188,-0.069842294,-0.13620591,-0.0067445417,-0.06078799,-0.06436187,0.042965285,0.092458285
CA12,0.014976981,0.25180995,-0.1870549,0.019018332,-0.106512144,0.10907192,-0.032341007,0.005868371,0.11746922,0.0676146
SLC36A2,-0.06893337,-0.2014449,0.062444318,0.06265008,0.0035562469,-0.16315503,-0.37656978,-0.14977883,0.10583981,0.15370087
CHAD,-0.003423445,-0.05618314,0.12998475,-0.10453589,0.03057805,-0.033146657,-0.3095534,-0.1417327,0.1218255,0.09259143
FBN2,0.015008752,0.08693428,0.0580326,0.10211669,0.11734654,-0.013887669,0.01324732,-0.22504611,0.08693775,0.22504973
COL11A1,-0.019265996,0.21679185,0.021816548,-0.010370084,0.12913121,0.104790024,-0.21196151,-0.09952122,-0.05223727,0.17499317
COL22A1,-0.019863823,-0.21464951,0.039225396,0.0066053807,0.006832588,-0.06831447,-0.2751748,-0.21171309,0.16870518,0.17942648
MMP9,0.07186063,-0.25231138,0.09158294,0.0027719242,-0.031573437,0.31248915,-0.0019633232,0.054570083,0.21992284,0.10395689
MFAP4,0.03366157,0.32070965,0.03854817,-0.03356367,-0.053250607,0.068626925,0.022661317,-0.065452866,0.01292631,0.11868863
IGFBP5,-0.012944935,0.11800438,0.18497719,0.074445,0.03335006,0.06353018,-0.109126665,0.046686202,0.019913964,0.16317648
COL2A1,-0.09579953,0.09083691,0.10012582,0.007929518,0.0047934065,-0.0068740244,-0.017958438,-0.18635553,0.008106983,0.2761043
HAPLN1,-0.04523761,0.22746103,0.020474983,-0.00032417546,0.0074847983,0.07508915,-0.1411747,-0.014283697,-0.07833491,0.22163141
NGEF,-0.08753219,0.05364834,0.019744642,-0.050586335,0.00028957037,-0.028411958,-0.26560068,-0.17181644,0.05335533,-0.043506537
NKD2,-0.050163407,-0.041087415,0.3257197,-0.10336021,0.07981609,0.09026061,-0.073678456,0.07816073,-0.11324335,-0.024289722
ANGPTL2,-0.011250935,0.31141284,-0.0134589225,0.04882792,-0.059048615,0.08029161,-0.2087982,0.11972158,0.008660441,0.16735971
SFRP4,0.109618425,0.104566626,0.090116784,-0.1176538,-0.074457735,0.22347121,-0.078680806,0.049705405,0.031088894,-0.066404924
C1QB,0.2822541,-0.0031931465,-0.0025062626,-0.05022025,-0.00011341118,-0.1387054,-0.11472664,0.013902488,-0.23898228,0.031853486
FNDC1,0.0057356916,0.20701823,0.083563484,-0.08758641,0.040568184,0.111226045,-0.2891383,-0.08723752,0.021770531,0.066040866
CD84,0.14032087,-0.23894958,0.038304914,-0.0019993968,-0.1272586,0.33360443,0.0015878591,-0.01954038,0.18756664,0.087810546
POSTN,-0.00044081928,0.25703236,0.01725832,-0.0066680056,0.15357523,0.1323202,-0.14767633,0.13208131,0.030293524,0.19002132
C1S,0.123922266,0.17021161,0.12338348,-0.11643267,-0.1395249,0.08979693,-0.08788333,0.004403366,-0.03953808,-0.14951743
THBS2,0.03897668,0.2971217,-0.0634066,-0.0018950357,-0.0138809495,0.165044,-0.16110897,-0.009979943,0.08861038,0.10953819
FBLN2,0.07735961,0.22741316,0.0029473573,-0.002475042,-0.01640666,-0.017913185,-0.12688369,-0.06476669,0.17183334,0.025928758
CRYAB,-0.02328468,-0.08945285,0.039103057,-0.025528507,-0.041785017,0.10223041,0.023483817,-0.12960161,0.17325789,-0.04268241
SEMA3B,-0.06296085,0.06485787,-0.04727064,-0.0049198526,0.09844544,-0.029365897,-0.25260705,-0.25351295,0.14569125,0.25489312
CXCL14,0.09270416,0.18342863,0.105170086,-0.13293631,0.008533364,0.051509846,-0.16957618,0.018203707,0.06382739,-0.025435405
TGM2,0.22354025,-0.016927129,0.0073955115,0.040617287,-0.04064588,-0.062004287,0.030444926,0.020375773,0.10128003,-0.008797942
PI15,0.046641566,0.23087025,-0.014525469,0.0048336755,0.02353555,0.09213428,-0.037611004,-0.1141726,0.11839276,0.047394093
DLX3,-0.07298819,-0.27120742,0.18813121,0.053177413,0.0076606786,-0.115336865,-0.19697244,-0.16029736,0.065435216,-0.005553322
IGF2BP2,-0.021313056,-0.0040867715,0.054596044,0.08510228,0.033509795,0.005746093,0.10065924,-0.19480844,-0.028491575,0.046267174
APCDD1,-0.055198546,-0.117554665,0.09185821,0.10779665,-0.00021682962,-0.092553,-0.17787741,-0.1603934,0.112550594,0.29670435
NDN,-0.0027442146,0.009008985,0.042263664,-0.00091727584,0.004610688,-0.041638687,-0.0007540593,-0.19136916,-0.054740038,0.031609356
SLC13A5,-0.05624866,-0.020381741,-0.011667879,0.07814167,0.018174734,-0.11960479,-0.23791407,-0.18040216,0.072708726,0.3700549
CD74,0.3022209,0.03097002,-0.007526304,-0.033858985,0.0031208633,-0.13574207,-0.119380966,0.019981565,-0.20586391,-0.01541232
C1R,0.098052405,0.09972457,0.1720723,-0.11774487,-0.15429752,0.11767609,-0.15114938,0.09821143,-0.08730049,-0.21599439
EEF1A2,0.030003998,-0.09972062,0.03371661,-0.045257974,0.041112494,0.16584185,0.09580886,-0.1837168,0.11160257,0.13730066
SLC8A3,-0.120057225,-0.17378224,0.09584403,0.091593616,-0.03152948,-0.13112295,-0.3124321,-0.22994663,0.07626343,0.12379098
LAMC3,-0.04299645,0.030335056,0.32403636,-0.10745992,-0.0027928196,0.009639172,-0.038140856,-0.13461806,-0.08246365,-0.009968926
PRND,0.10724821,-0.0052625216,0.2849545,0.0044233575,0.1081259,-0.122095905,-0.013775247,0.149342,0.29299822,0.083807684
DCN,0.006226729,0.17412019,-0.026458064,-0.08253447,-0.055922158,0.15671115,-0.3281969,0.011841929,-0.0015557748,-0.1830322
ATP6V0D2,0.09028048,-0.24118797,0.030942114,-0.0039156904,-0.0022667344,0.36279386,-0.006250097,0.029195217,0.21210277,0.12179715
ENO2,-0.010111402,0.112502515,0.018019464,0.054666318,-0.09623523,0.103633,0.11197442,-0.12089033,-0.11604457,-0.013633235
SLC29A1,0.0006282534,-0.17625986,0.26356554,0.00027778302,-0.021905346,0.028710602,-0.007903637,0.07725559,0.046233434,-0.17529503
ENPP2,0.04079746,-0.11914865,0.23344716,0.0124172075,-0.012773092,0.07930585,-0.22492334,0.03689628,-0.02811481,-0.019780552
PALM,0.010509037,0.14071445,0.13145852,-0.12195026,-0.040182225,-0.13415828,0.036307383,-0.2074087,0.021784611,0.1659197
CTSK,0.13177174,-0.20867275,0.0070568537,0.0009077016,-0.078326166,0.3662972,-0.018391704,0.010843891,0.20936088,0.053602047
MAB21L2,0.003844257,-0.06694496,0.026469447,-0.07127385,-0.015486388,0.020261727,-0.06943257,-0.18454593,0.045989133,-0.14827275
MMP13,0.036386766,-0.16279583,0.14244455,0.0020423292,0.007409819,0.15517484,0.0012763832,0.017678216,0.109654225,0.2110347
STC2,-0.024206528,0.008036734,-0.010716503,0.018580109,0.06459411,0.0106405355,-0.021605842,-0.054911792,-0.007047669,-0.18052806
MXRA5,0.059984874,0.22625989,0.03340682,-0.0043813656,-0.0007782238,0.18655992,-0.25643784,0.09606074,-0.0030198072,-0.17237477
KAZALD1,-0.11758669,-0.06536466,0.07168845,0.012485712,-0.06294214,-0.18194385,-0.2434276,-0.15591112,0.025604187,0.11775361
ROR2,-0.009229169,0.2763082,-0.029671196,0.0928659,0.023288345,0.093615465,-0.051423997,-0.069051094,-0.11255483,0.23127788
BAIAP2L2,-0.09447467,-0.08622027,0.11493307,0.0004650854,-0.0106773395,-0.08777782,-0.11612354,-0.09181457,-0.017139915,0.16498987
TNFRSF19,-0.018380431,0.072906375,0.17825063,0.08883476,-0.026112076,0.12322332,-0.09403501,-0.0242192,-0.10945682,0.21089342
RCOR2,-0.13275434,-0.09650536,-0.035333004,0.14264978,-0.09253774,-0.15608752,-0.31078187,-0.1103155,0.049354117,0.25225115
LUM,0.0012856384,0.15436655,-0.028415179,-0.1041343,-0.0074902102,0.2010412,-0.37952402,0.026295247,-6.776575e-05,-0.19722559
SERPINA1,0.23347071,0.030327959,-0.14709128,0.01978903,0.0044296165,-0.043394864,-3.0723502e-05,0.045794886,-0.14774103,0.053488016
EFEMP1,0.050257403,0.20072515,-0.021688825,-0.00086660706,-0.06841072,0.026986435,-0.032223895,-0.17806041,0.09535947,0.048074342
OMD,-0.09394092,-0.060776126,0.13066526,-0.0076428703,-0.02889845,0.039502013,-0.41482824,-0.033330113,0.023534626,0.074932955
NCAM1,-0.099077284,-0.1373541,0.17708677,0.044816725,-0.018458476,0.0021080351,-0.12103038,-0.26799628,0.039403386,0.0095955385
SPON1,-0.061457854,0.18716489,0.12258469,-0.006110461,-0.046003513,0.033354767,-0.2080697,0.0017331424,-0.032975577,0.13356417
CXCL12,0.17058954,0.113770545,0.1456064,-0.061055955,-0.07559269,-0.0001652608,0.028807085,-0.0469036,0.048240233,0.03587801
GPRC5C,-0.09069989,-0.08931092,0.09940729,0.0145927435,-0.13271934,-0.06453282,-0.36425823,-0.037978485,0.09161742,0.2428921
MYOM1,0.019363862,-0.012820619,0.11860725,-0.007960394,-0.04768813,-0.10829623,0.067051575,-0.25273642,0.14301078,-0.0028090265
PRSS23,0.086002804,0.18651399,0.06310862,-0.05525752,0.12568685,0.119346485,-0.11271695,0.21543139,0.0808124,-0.104644075
SCARA5,0.057297133,0.07688789,0.08851785,-0.0040858095,-0.0085821645,0.07060869,-0.14081727,-0.04665182,0.17900594,0.032841317
ABI3BP,0.09724775,0.25461355,0.035479315,-0.0066141905,-0.027203169,-0.003665238,-0.068214096,-0.16178268,0.13549241,0.07352647
RHPN2,-0.10172129,-0.043423735,0.15206194,0.058211744,-0.032202397,-0.15471016,-0.005028627,-0.23364927,-0.10063758,0.21047582
BMP4,-0.05673626,-0.21192583,0.161125,0.054003924,-0.0036107497,-0.08901634,-0.1848787,-0.002033239,-0.12581378,-0.059661493
OAS2,0.18197063,-0.03579606,0.057674073,-0.00037750942,-0.039189745,-0.025291454,-0.13199669,0.1682055,-0.12223287,-0.2170407
GLDN,0.035018515,-0.11913742,0.28710112,-0.055917356,-0.03932938,0.047530733,-0.18076837,0.06744709,0.0051041967,-0.1820649
DKK1,-0.0055481405,-0.09227689,0.041789237,-0.004339249,0.06711017,-0.1182192,-0.032238275,-0.2962831,0.07870949,0.11954169
ASPN,-0.010645613,0.27901933,0.003414496,-0.0043544616,0.09402492,0.14328669,-0.25582477,0.04851187,-0.004130362,0.17466678
RARRES2,0.11724275,0.20825748,-0.04158085,-0.035474814,-0.038505487,-0.011161214,0.0020080705,-0.059453987,0.08989394,0.102270305
TFAP2A,-0.03633358,0.016248237,0.11328156,0.050726194,0.16619039,-0.020431302,0.032432366,-0.09481308,-0.111878335,0.14542794
COL3A1,-0.004437349,0.30780107,-0.0059793433,0.003547277,0.12507626,0.12723295,-0.22025733,0.112513974,0.13223791,0.13028425
SPP1,0.12722167,-0.23167636,-0.051527936,-0.0034256338,-0.007965842,0.18207946,-0.12480701,-0.11535514,0.1638423,0.18980871
ESM1,0.0024743688,-0.047272347,-0.012744827,0.07850692,0.3063114,-0.04704641,0.058398105,-0.047680195,0.11918943,-0.028369252
BIRC3,0.1856617,-0.16312043,-0.017315457,0.0118795,-0.0060348175,0.19597234,0.20001109,-0.006340277,0.11537732,-0.0054357573
TCIRG1,0.1372644,-0.24171586,0.011751715,-0.00034648975,-0.08991552,0.32846233,-0.0035071427,0.03984588,0.20679039,0.14053659
OAS1,0.16711274,-0.06730425,0.055296227,0.002250845,-0.088219516,-0.03245566,-0.16075554,0.1595076,-0.22482635,-0.16662285
CD248,0.044756226,0.18923013,0.020373804,0.009350661,-0.0074461293,0.098431535,-0.2120691,0.032374185,0.09118206,0.2500419
TNC,-0.02446011,0.05339146,0.15078303,0.08629043,-0.10383211,0.13492104,-0.2811275,0.066689394,-0.031211382,-0.06686097
COL5A3,0.05223031,0.07520411,0.22877187,6.336844e-05,0.011981344,-0.0030662152,-0.084199704,0.25977412,0.2112609,0.03134701
APOC1,0.24766758,-0.047211904,-0.12984239,0.013505288,-0.0028235584,-0.049203888,-0.06017978,0.0032427772,-0.15335761,0.0838889
COL6A3,0.0017378292,0.24586476,0.079380184,0.0080935275,0.032169145,0.20976418,-0.17483145,0.14868706,0.043369632,-0.020442162
ENPEP,-0.007523692,0.06483756,0.2442603,0.07750913,0.2024919,0.079342574,-0.049196523,0.035040684,-0.04946851,0.1253865
ECM2,0.0013130463,0.21999429,0.12357272,-0.012172886,-0.03378604,0.13598156,-0.22661893,0.14923479,-0.01789009,-0.0045436085
SRPX2,0.06755118,0.042699914,-0.03304517,-0.0126865385,-0.027793251,0.22482732,-0.12608448,0.08714183,0.08844279,-0.22771464
COL24A1,-0.10123288,-0.11069853,0.06476238,0.10756452,0.063452646,-0.05869898,-0.32963178,-0.1829345,0.059165295,0.089249976
AIF1,0.3039396,-0.0011142289,-0.09799368,-0.037270654,-0.014964866,-0.111427866,-0.093708836,0.0062170047,-0.17749788,0.047545005
PRSS35,-0.05022275,0.052729905,-0.038588114,0.00075201207,0.04091468,-0.03970221,-0.3885985,-0.14737174,0.16352893,-0.07187833
LRRC17,-0.0023860107,0.1711196,-0.036949914,0.041539785,-0.06867689,0.07934066,-0.2799901,-0.041800197,0.12050141,0.0878073
GAS1,0.06078667,0.18890673,0.059349593,-0.0439367,0.0774494,0.15723789,0.010119014,0.03847034,0.058219753,-0.05738794
COL9A2,-0.0636033,0.08634773,0.041783754,0.009227988,-0.01647173,-0.016747324,-0.09568096,-0.10567957,-0.002537164,0.35381156
ITGA11,-0.0017384884,0.107214235,0.111939095,-0.036270473,-0.022619603,0.3277039,-0.21687329,0.118031524,-0.09136502,-0.058888458
ALDH1A1,0.1195969,-0.03081844,0.03139594,0.097854994,-0.047723945,-0.016595546,0.011807918,0.031333085,-0.013902292,0.19365594
PRICKLE1,0.03745002,0.22727045,0.009758581,0.06537046,-0.0008578396,0.0034485657,0.0023385023,-0.13905784,0.08354543,0.18606196
AQP1,0.029939065,0.04581138,0.2704762,-0.09970738,-0.12646924,-0.0022192278,-0.14223534,-0.015715921,0.037303597,-0.17330627
HAS2,0.0061243004,0.22984469,-0.036870554,0.06536947,0.22423936,0.0874651,-0.053527087,0.03992295,-0.018291261,0.16610895
COL14A1,0.03352772,0.30910602,0.0918549,0.00062700704,-0.0023819723,0.008798526,0.006638313,0.004033403,0.08868217,0.123478726
PLXDC1,0.037384782,-0.051141255,0.34018403,-0.0909473,-0.11216705,0.093288325,-0.102048315,0.11733749,-0.1166218,-0.16160151
FOS,0.06317641,0.010362575,-0.040931087,0.074035846,-0.042642552,0.020996548,0.029827442,0.033609625,0.13132289,-0.16147433
CDO1,-0.038578026,0.0750155,0.04822729,-0.00030267748,-0.061262365,-0.039820936,-0.015710898,-0.22036913,0.08445376,0.17323329
MAMDC2,-0.008019797,-0.17153622,0.103443526,0.04679331,0.10640352,0.025884109,-0.31546846,-0.061283704,0.14620847,-0.097185686
DDIT4L,0.0070736497,0.20370935,0.14512433,-0.0606337,-0.027379544,0.009955479,-0.005409406,-0.08704186,-0.08554133,-0.0731533
COL18A1,0.091416314,0.12072282,0.20538303,-0.043634687,0.02642294,-0.070492916,0.008988713,0.22557053,0.22164316,0.1722239
TNFAIP6,0.06818269,0.22675996,-0.062047932,0.012571132,0.006063024,0.07507656,-0.15788694,-0.017847423,0.10778632,0.09284689
HSPA2,-0.029964639,-0.05485092,0.20591901,0.06138038,-0.050778165,0.01585282,-0.05642146,-0.0260347,-0.14121847,-0.10540793
NT5E,0.04659098,0.010102927,0.12396539,-0.062376976,0.21221459,0.24788065,0.00048060867,0.017588457,0.10153705,-0.21320462
ANPEP,0.08503505,-0.16316204,0.06732668,0.08067569,-0.06392469,0.24733691,-0.1601452,0.15636125,0.050107814,0.18426229
PHOSPHO1,-0.08288552,-0.18539932,0.005557365,0.0011409802,0.024380587,-0.12953621,-0.30508557,-0.22260499,0.14696217,0.19564477
RGS5,0.09538781,0.13449702,0.21447374,-0.056021836,0.073786765,-0.09543636,-0.0617047,-0.055870343,0.20970897,0.032110173
FLRT3,-0.010633903,0.10217339,0.19128239,0.09993365,0.089133464,0.12975031,-0.02612541,0.13127369,-0.056099944,0.27757484
SYTL2,-0.058624417,-0.026999708,0.0013025708,0.0494408,0.09851454,-0.03540775,-0.32594174,-0.014135733,0.106204525,-0.16952996
BAALC,0.0189507,0.06995661,0.08125143,-0.04176494,-0.0067020794,-0.013565879,0.004738899,0.053816225,0.09810713,-0.023249172
SOST,-0.050304856,-0.16731611,0.11362486,-0.0068072015,0.027697744,-0.122272655,-0.13234347,-0.2730514,0.07007701,0.28456005
SLCO2B1,0.3214043,0.03062811,0.041576635,0.03264935,0.0043217577,-0.08321519,-0.13796477,-0.026730262,-0.1545072,-0.010709652
SEMA3A,-0.0064514754,0.20779365,0.00044050455,0.07092494,0.011178624,0.08062611,-0.024007916,-0.009529221,-0.027468346,0.20236962
NID2,0.052454893,0.20414606,0.022634003,0.15353908,0.35444662,0.10499494,0.022603985,0.10533902,0.14513409,0.092729285
QPCT,-0.02272088,-0.15102297,0.030038543,0.01329588,-0.03931676,0.0042523835,-0.21711981,-0.07736432,0.072454214,0.05577424
SLIT2,0.0057845204,-0.008451644,0.3073161,0.0026284088,-0.0051660053,0.027211329,-0.12392539,-0.071250565,0.027851474,0.16835998
CA3,-0.0385551,-0.13725266,-0.012954218,0.06387973,-0.050243564,-0.15990134,-0.19380152,-0.19885077,0.16619302,0.13774382
OSMR,0.12227724,0.10109446,-0.07733441,0.00555538,-0.11865448,0.2163677,-0.12685204,-0.026508855,0.18219873,-0.11367543
EGR1,0.06941091,-0.0006873148,0.09931513,0.006568125,-0.01833317,0.029879007,0.014084108,-0.049791753,0.101949684,-0.11715521
LIFR,-0.010416062,-0.21739057,0.21014418,0.07857625,0.2969529,0.039136533,-0.12151809,-0.09068032,-0.009697745,-0.18942466
FZD1,0.0021386063,0.28054106,-0.029345166,0.023057207,0.32954443,0.16541307,-0.1267761,-0.029146776,0.029997379,0.01712476
TGFB3,0.009683823,0.2316499,0.04824851,0.09438572,0.027063834,0.1173813,-0.098607704,0.16643879,0.15435028,0.092315845
COL8A2,-0.060519345,0.1530838,0.22409754,-0.0839536,-0.001022047,0.2280497,-0.09675197,0.08849662,-0.2531773,0.1999358
PSAT1,-0.07401265,0.0457913,0.07919864,0.20879984,-0.036024503,-0.08527496,0.003842332,0.13965195,-0.2045707,0.015034907
SLC7A5,-0.07176145,-0.008467401,-0.023533152,0.20486441,-0.14459886,-0.022583056,-0.0316077,-0.0013499509,-0.06907184,-0.09557554
COL12A1,0.0002270686,0.19803976,-0.024680093,0.0005332912,0.0007176627,0.21078423,-0.27776015,-0.010152915,0.08056405,0.08291991
SMOC2,-0.005434561,0.24385455,0.10906918,-0.07181097,0.0066121463,0.16458648,-0.15490995,-0.024878103,0.0045683184,0.101001486
CPE,-0.12359927,-0.14183089,0.14928298,0.015406281,0.17942005,-0.095482275,-0.3244316,-0.19546708,0.06067048,0.059362244
CTSS,0.30711663,0.023704521,-0.12759241,0.027761847,0.040707756,-0.09536438,-0.14686643,0.009847798,-0.18657103,-0.008000841
TSPAN33,0.050887533,-0.112240285,0.1301096,0.09861416,-0.15615185,-0.17270935,-0.06948372,-0.03418731,-0.10212512,0.20295623
DPT,0.0006567201,0.044046793,0.0057000043,-0.066116296,-0.121383004,0.10173875,-0.37906608,0.09322158,0.061194126,-0.15354943
MAPK13,0.14078434,-0.08079145,-0.11904257,0.08410178,-0.16314885,0.19902988,-0.007907753,-0.024292579,0.1598092,0.2709195
FLNC,-0.0033726767,0.24344133,0.008264978,0.035417415,0.1647733,0.09933511,0.0692978,-0.06291675,-0.03583567,-0.016092839
LRP4,-0.059092306,-0.17911644,0.18595438,0.096513726,-0.077986374,-0.04028047,-0.1654121,-0.14460912,0.019722912,-0.026379716
ITGA2,0.09007183,-0.17923091,0.1011173,0.09306399,-0.005398181,0.19896163,0.025528394,0.007832975,0.36429965,-0.05187738
ENTPD3,0.00836726,-0.16088653,0.032080114,0.07321819,-0.02311827,-0.009014767,-0.23201668,-0.098816596,0.1853153,-0.1183974
C1QTNF1,-0.008045499,-0.20110577,0.14694224,-0.09947602,0.07388063,0.0009429534,-0.33490166,-0.032334276,0.12909685,-0.13735001
NRIP3,0.07315229,0.0044123195,-0.07059417,0.08961737,-0.10457163,0.20456365,-0.026650527,-0.0717896,0.26084647,0.17701341
FBLN1,0.0068647764,0.11881549,0.28626788,-0.07213608,-0.10628633,0.18466173,-0.013298995,0.03753726,-0.10631085,-0.05605468
VCAM1,0.15281413,0.09479745,0.11385625,-0.005254862,0.37656704,0.12133392,-0.014744067,0.030676873,-0.030420559,0.017839378
RNF150,0.012867289,0.14090605,0.20639363,0.04169165,-0.018081013,0.024014415,0.023539567,-0.112506375,-0.024309685,0.22120054
IL11RA,0.01211883,0.22650291,0.06455725,-0.008382746,-0.037160482,0.022771196,0.0013262319,-0.23722851,-0.052963775,0.25494438
PLEKHG4,-0.09492029,0.13950102,0.051169287,0.054605152,-0.10075796,0.07004881,-0.10373378,0.0016771316,0.009531401,0.121191554
SAMD9L,0.21570851,0.0075734737,0.08149049,0.0022072794,0.28470272,-0.0007723042,-0.101070635,0.06581778,-0.1569859,-0.29177028
HERC5,0.13408339,-0.12907557,0.11620443,0.037246384,-0.033620067,0.011997638,0.00029630636,0.020639298,-0.14362831,-0.15250579
RHBDL2,-0.09739945,-0.21223769,0.092589475,0.017372413,0.0030884068,-0.10030994,-0.35038084,-0.18085141,-0.0034409259,0.056479204
CAV1,0.12189378,0.23188655,0.0016314999,0.06903533,-0.053860705,-0.0010354365,0.12935247,0.19998348,0.18989179,-0.19073477
AHR,0.12460268,0.20416734,0.07279021,0.014577319,0.22136457,0.0030519553,0.0354899,-0.076558664,0.04382632,-0.10994912
MMP2,0.0033041923,0.2481296,0.034885205,-0.05836899,-0.09298014,0.127598,-0.26641494,-0.0107966345,-0.016479913,0.035343383
DTNA,-0.0104380315,0.044026,0.064898364,-0.0018509323,0.009844038,-0.14738373,0.05927778,-0.34060818,-0.00043616226,-0.07465425
BGLAP,-0.020967338,-0.13210182,0.2205144,-0.1182697,-0.124410994,0.013937232,-0.17943878,-0.08814462,-0.0564083,-0.0055565294
ECM1,0.079668105,0.09146381,0.012666749,-0.012247102,-0.20744139,0.11591883,-0.15101047,-0.027331311,0.10825403,-0.19354168
KCNG1,-0.06869574,-0.010390576,0.06627889,0.096692264,0.14569998,-0.0038090954,-0.00069651916,-0.1016468,-0.036427446,0.16630755
HEY1,-0.03853451,-0.19068512,0.2154046,0.06503134,0.2097721,-0.09771624,-0.03211556,0.030986227,0.06091076,0.04906189
COL6A2,0.021955555,0.22977282,0.113205455,-0.075498894,0.006035191,0.20724285,-0.040476236,0.22825837,0.0209581,-0.0075369636
GCNT1,0.06171854,0.06471529,-0.0065010153,0.07492338,0.0056419796,0.0033410657,0.015376017,-0.078441076,-0.05239411,-0.017024178
GPR137B,0.11908169,-0.18497097,0.048771426,-0.0067722662,0.031530786,0.3728736,0.008460814,-0.07001388,0.19655836,0.019325433
ITGB2,0.31182757,-0.023361431,-0.07019531,0.0010497994,0.003481994,0.0023073214,-0.044487797,0.014819077,-0.15634558,0.012081861
DKK3,0.0036907473,0.2622811,-0.025409171,-0.018874666,0.117524914,0.094833344,-0.1374788,-0.017898038,0.013089029,-0.01816747
EDIL3,-0.0060554524,0.21728829,-0.04019685,0.0060436735,0.15019713,0.19484289,-0.1644121,0.040786255,-0.048052818,0.17447396
CLIC3,0.04194544,0.040099822,-0.037779402,-0.03156299,0.012345216,0.24285112,-0.14490573,-0.068791054,0.13962072,0.045003787
CNTNAP1,-0.010482906,0.09901527,0.301938,0.08690444,-0.0040893173,0.07546447,-0.003456196,0.032301247,-0.1331295,0.09940264
OGN,-0.048974417,0.23203364,0.057659943,-0.0037357076,0.24939874,0.16666624,-0.18740407,0.0128981,-0.099966876,0.14359754
EGFR,0.015152429,0.26672527,0.08630156,0.062008984,0.017221373,0.15791772,0.021164214,0.023520561,0.00949592,0.030459989
IGFBP3,-0.0035883398,0.15605168,0.14665727,0.036911737,0.11606981,-0.024960458,0.02015504,0.33374095,0.09760975,0.06049701
TBX2,-0.058008492,-0.16330129,0.21023184,-0.005639454,0.021505954,-0.055824872,-0.24655794,-0.114650846,0.048159823,-0.0613264
PIR,0.0064189797,-0.0906409,-0.020326126,0.024635104,0.0396673,-0.07386396,0.0062729777,-0.045857023,0.06098744,-0.24722494
HK2,-0.03976849,0.09268056,-0.14798735,0.18696837,-0.019718358,0.09686111,0.066731624,-0.09414628,-0.041841,0.01698349
FGFR1,-0.05600306,-0.07692699,0.2490188,0.0024951329,-0.039898146,0.1763945,-0.18914124,-0.100361966,-0.111887805,-0.15499012
LDLR,-0.05088676,0.054886457,0.023505172,0.1754694,-0.028429098,0.052747615,-0.102822796,0.090230994,0.013080548,-0.11193513
SERTAD4,-0.018657766,0.23798102,0.18449703,-0.003776176,-0.042428676,0.10298831,0.007370122,-0.09997942,-0.080341734,0.03337285
CCL21,0.08000109,0.055511937,0.060372468,-0.06719584,-0.0054377187,-0.08117892,0.025033064,0.050215963,0.24658644,0.0073845163
IL18,0.28370753,-0.04039929,-0.043333966,0.003292381,0.3091675,-0.084887035,-0.102314904,-0.046112817,-0.0881625,-0.010359299
THY1,0.049322408,0.26398283,0.023639921,-0.0073844017,-0.0023996807,0.05290523,-0.15045464,0.1443067,0.08660055,0.0762888
RAC2,0.19130397,-0.22604702,-0.005781706,-0.0024821495,-0.073826596,0.2774232,0.03385167,0.030916769,0.10198224,0.14146242
FRZB,-0.03682825,0.10973616,0.07251431,-0.0126204975,0.0103184525,-0.15555903,-0.016051568,-0.24952719,0.0071884007,0.028060302
NFIX,-0.08208976,0.24636751,0.1273937,-0.0018796539,0.011964349,0.047569964,-0.23209876,-0.042502005,-0.100573964,-0.110542916
LTBP4,-0.0013425121,0.20220813,0.20220146,-0.11759729,-0.050116964,0.0107905995,0.05704926,-0.11776957,-0.0007997582,0.102146745
NPNT,-0.025246475,0.00398032,0.28547555,0.013521837,-0.014115528,-0.012753116,-0.0054887906,-0.07688054,-0.0050766915,0.07972007
PDZRN3,-0.024159238,0.23797312,-0.07466986,0.0022512213,0.29394776,0.02781147,-0.06189116,-0.13719009,0.08408256,0.11987932
SLC7A8,0.18935743,0.11287882,-0.027725445,0.049726304,-0.026776003,0.040354557,-0.10234476,-0.0062712594,-0.11848798,-0.025476627
C3AR1,0.30705032,0.044074122,-0.046200648,0.0025722303,0.07259584,-0.056034356,-0.17776701,-0.010569265,-0.20061761,-0.06405106
LRRC15,0.0013624361,0.016624196,0.045293573,-0.02259102,-0.046958372,0.22579211,-0.27146208,0.020397333,0.012199717,-0.07320582
ITGA10,-0.06544315,-0.12697452,0.18745969,0.07378246,0.06162467,0.028320529,-0.1597548,-0.09413447,0.023342937,-0.009504278
ADAMTSL2,-0.01256702,-0.06598006,0.22373888,-0.036839835,0.008309863,0.0049329405,-0.19607882,-0.11161117,0.1432134,0.005099255
GAS6,0.09877783,0.12383289,0.22062123,-0.15928923,-0.10203477,0.019777711,-0.08796176,0.039268747,-0.057460338,-0.09711304
HSPB6,-0.039615683,0.1945446,0.017236738,0.020374797,-0.0931901,-0.0021415171,-0.022553261,-0.006008708,0.051846314,0.02817536
PODN,0.059779868,0.30329674,0.0005029519,-0.048124697,-0.0756362,0.09696748,-0.093796425,0.007848824,0.06288583,0.13501914
COL13A1,-0.08927875,-0.17718123,0.22950143,0.0018015024,0.0015689397,-0.084072635,-0.28173998,-0.095269114,0.03225922,0.045094937
BASP1,0.021204093,0.16230342,-0.03946935,0.051273625,0.130991,0.11282198,-0.114416465,0.052345242,-0.10049241,0.24256407
SERPINI1,-0.00093408657,-0.06845374,0.16438459,0.073377945,-0.01766639,-0.018507823,0.10496979,-0.010372277,-0.07053408,0.0754247
SEMA4B,0.033457223,-0.24097326,0.11418841,0.09264331,-0.029948378,0.05769506,-0.09019448,-0.054915242,0.025133092,-0.02634505
RSAD2,0.1366525,-0.07326612,0.0454375,0.02636981,0.16920468,-0.058064353,-0.13247427,0.0670419,-0.22500238,-0.12909107
INHBB,0.04599523,0.12925036,0.0273247,-0.030606769,0.2038858,0.007046879,0.12755486,0.032323558,0.10415571,0.036471136
SLC20A2,0.010911419,-0.10236657,0.19228284,-0.015062394,-0.09820854,-0.012653301,-0.10737695,-0.03338156,0.09268237,-0.05295901
PAPPA,0.06462751,0.018875811,0.10404205,-0.026364336,0.15814649,0.11495824,-0.0319735,-0.04899666,0.106194735,-0.25575006
FEZ1,-0.024740595,0.07912215,0.10142099,0.0039482843,-0.1088372,-0.077763475,0.070333004,-0.21691068,0.06253726,0.21832883
PLEK,0.29861775,-0.10757522,-0.08380502,0.040340234,-0.04580416,0.08231465,0.0037845024,0.027299084,-0.036554676,0.0042454726
CLDN5,0.13045621,0.01485444,0.14769313,-0.112754315,-0.01286334,-0.17054905,0.014506309,0.24877764,0.2820097,0.18676369
THBS3,-0.0063521336,0.25901392,-0.017727215,-0.0060555255,0.15551005,0.048452124,-0.09503544,-0.120483615,0.0639436,0.16082302
LXN,0.009593147,-0.14356963,0.1606397,-0.037757903,0.09686079,-0.0016330008,-0.040865958,0.118476905,0.06280048,-0.114311725
NDRG2,0.0050061345,0.03742789,0.15657744,-0.10382358,-0.25273362,-0.124229036,0.10155824,-0.35005885,0.018315148,-0.004242283
SNCAIP,-0.035454247,-0.10926223,0.12859404,0.066231094,0.04247612,-0.07299788,-0.24042098,-0.07352825,-0.018606832,-0.040208884
DPP4,0.07453617,-0.20267248,0.05890286,-0.001664712,0.23414338,0.36735484,0.016357346,-0.057248984,0.18439358,0.10643493
GALNT3,-0.057151835,-0.16060446,0.16447173,-0.0008097417,0.17859687,-0.030717412,-0.18263286,-0.19855559,-0.008299981,-0.10513257
OAS3,0.15034316,-0.04254844,0.02428944,0.0691087,0.15315582,-0.033567935,-0.14267583,0.07925923,-0.13284078,-0.26276118
PTK7,-0.0041421684,0.11919315,0.15931661,0.123636864,0.022269703,0.13494967,-0.016663771,0.17640318,-0.1475793,0.2164982
IGFBP4,0.14954403,0.14086366,0.18145908,-0.054969087,-0.030820694,0.03375375,-0.094451666,0.076072104,0.04013312,0.11822793
FZD7,-0.00096605835,-0.06254288,0.250575,0.022183184,0.21871169,0.11035333,0.08421624,-0.06770181,-0.034312807,-0.1721148
ADAM22,-0.06529171,0.0057415296,0.07233293,0.13139829,0.0066031865,-0.12574348,-0.06728235,-0.2775271,0.041222516,0.085546784
KLK4,0.004156905,-0.1843852,0.053050987,-0.017453557,-0.012461599,0.0020733331,-0.24604827,0.04775835,0.14216775,-0.049625553
LOX,-0.0065242164,0.0784404,-0.23657063,0.08464672,0.02421055,0.010409138,-0.3083769,-0.2498568,0.20412737,-0.098012306
STC1,0.0043531614,0.048338782,0.07521261,0.11085501,0.0742403,-0.024633015,0.12354456,0.2306427,0.16719246,0.06687366
KIAA0040,0.12548476,-0.21658687,0.05888493,-0.047773037,-0.15246601,0.28866014,0.009855049,-0.106411174,0.237235,0.025312386
MMP11,0.055800196,0.027369063,0.14609002,-0.008479634,-0.0057653785,0.12758566,-0.020885425,0.15767696,-0.122372575,-0.016404737
PDGFRL,-0.011784761,0.13621612,0.07336803,-0.09078883,-0.15577063,0.11847703,-0.31322193,0.004283637,-0.010913753,-0.08664195
IBSP,-0.027137104,-0.20456505,0.029687349,0.001985642,0.063016646,-0.007664453,-0.23567756,-0.1557755,0.16923614,0.27673262
GPC2,-0.0012166889,-0.005083657,0.12532745,0.13996886,0.046444226,0.021478742,0.058169525,-0.08793836,-0.060315292,0.2529245
IRX2,-0.052792706,0.011326308,0.13168892,0.023058718,-0.012843957,-0.018681165,-0.008298127,-0.058469173,-0.1684279,0.18862276
IFI35,0.17249817,-0.09234171,0.07224032,-0.049140856,-0.08535542,-0.009064556,-0.11701887,0.18011665,-0.21151051,-0.16660808
IL1R2,0.13683504,-0.089507155,-0.029396314,0.004033031,0.019178024,0.14837043,0.060084462,0.1556387,0.024564449,-0.04536978
EBF3,0.023567911,-0.03448588,0.24386127,-0.013592119,-0.026729701,-0.13136387,-0.060221005,-0.05367963,0.1411574,-0.0030978979
PTGES,-0.029744959,0.09245748,-0.087049864,0.04089172,0.015370521,0.015467776,-0.101065755,-0.016555516,-0.06473313,0.15392041
CTSH,0.20115107,-0.03364798,0.05046484,-0.036441874,-0.07798197,-0.0017273419,-0.07555487,0.005573316,-0.2644746,-0.13185039
LRRN3,-0.044649545,0.07867104,0.11521285,0.03495304,0.09334246,0.070527904,-0.0706669,-0.15450865,-0.0129949,0.28483972
CADPS2,0.083452396,0.05867094,0.088327885,0.005423131,0.0134517895,-0.0149588995,-0.09617862,-0.14748204,0.20264609,-0.12069576
ADAMTS4,0.050311476,0.19541627,0.0056037814,0.11956279,0.018639991,0.08949323,-0.0955212,0.28913665,0.18753499,0.059809342
WNT5A,-0.026671574,0.04232481,0.10381259,0.102391325,0.055852268,0.15002437,0.061704252,-0.047078576,-0.055565502,-0.015042305
IRF8,0.30999798,0.028142393,0.0045667808,0.0014831339,-0.03744372,-0.16036844,-0.0070152506,-0.11072525,-0.13375014,0.0014818958
GIMAP4,0.28541505,-0.005806614,-0.01846795,0.0016532929,-0.09394166,-0.1895916,-0.06839896,0.0387869,-0.1801109,0.017302211
TM4SF1,0.16290675,0.15125693,0.055703197,-0.05170959,-0.0818979,-0.031593736,0.08645519,0.13876112,0.20089105,-0.019085934
HSPB8,-0.060680322,0.056263734,0.01782772,-0.005365728,-0.004097333,-0.0069254655,-0.015633194,-0.09354251,0.05676081,-0.20551804
DLX1,-0.09896592,-0.087596096,0.06944079,0.16006653,0.02358832,-0.10017257,-0.0035376644,-0.10870641,-0.06214303,0.025813628
ATP6V1B2,0.12658821,-0.23033367,0.0027589016,0.056531347,-0.08276658,0.35510123,0.015999043,-0.016217645,0.2011861,0.082445994
LAYN,0.036754746,0.11878924,0.13335548,0.027446128,-0.106204666,0.030183038,-0.07825945,0.1608417,0.008141179,-0.08408116
ACTA2,0.09721079,0.16453464,0.11855544,-0.013833522,0.027879966,0.05224807,-0.0033230449,0.16229826,0.030802744,-0.097104095
SPI1,0.24732244,-0.20361038,-0.004223655,-0.00848794,0.061813697,0.21702266,-0.0003907712,0.08444821,0.05851832,0.10909706
CDC20,-0.0641822,-0.019580765,-0.048870116,0.3124063,-0.039989837,0.003083815,-0.030015334,0.1210776,-0.10243306,0.08670945
RARB,-0.0038555637,-0.20011137,0.18530086,0.0696257,0.010590636,-0.062178995,-0.040083073,-0.19646059,-0.008685478,-0.020893646
SULF2,0.07287365,0.121855535,0.1520861,0.018628696,0.31793866,0.05147565,0.10754649,0.10262902,-0.048811678,-0.017734345
APOE,0.22359206,-0.023212476,0.0099341795,-0.06558589,-0.03287844,0.0040015117,-0.066197164,0.05187755,-0.1028508,0.13351972
PITX2,-0.06816214,0.06334367,0.18639642,0.00012229498,0.019112734,0.010096604,0.13056375,-0.10153004,-0.21983787,0.08065892
SLC29A4,-0.077205345,-0.112880714,0.25891745,-0.0050939713,-0.0059320596,0.059886675,-0.09232437,-0.043563142,-0.14991203,0.1592509
MYLK,0.022335768,0.06881992,0.21700671,-0.0048626186,0.080865756,-0.025729395,-0.1990131,-0.03301992,-0.027708758,-0.23272745
S100A16,0.13210148,0.16031615,0.018436361,-0.063764505,-0.119036905,-0.04500632,-0.026627904,0.13869764,0.26952633,0.06014968
SPOCK2,0.16758482,-0.054907937,0.24195957,-0.04814189,-0.08474671,-0.07784553,0.108639546,-0.11775649,-0.040030103,0.088365205
GPC1,-0.122704245,0.035330348,0.12740204,-0.011603304,0.007963297,0.037844203,-0.250763,0.06087945,-0.13335443,0.16321903
LRRC25,0.28123206,-0.11841416,-0.037207153,0.0019984727,-0.05393902,0.13507064,-0.024636263,0.11112915,-0.03879463,0.15864807
LGR4,-0.10871572,-0.0003037406,0.10304593,0.12089323,0.13653795,-0.11168503,-0.123801425,-0.16844305,0.09588086,0.028969187
CDC42EP5,-0.008892183,0.098725654,0.08066391,-0.16282853,0.0092986915,0.019413965,-0.16283837,0.11371488,0.0021675306,0.19678572
MATN3,0.018276928,0.09651392,0.18554057,0.010178395,-0.098488495,0.06045706,-0.079639815,0.052906945,-0.14052036,0.13438483
ISG20,0.19948487,0.013680336,-0.030816196,0.01617131,0.0026708546,-0.019488044,-0.0045946105,0.20442784,-0.23726925,-0.059113573
MS4A7,0.2878737,0.050521214,-0.08278341,-0.0013197857,0.16205156,-0.10458681,-0.18119171,-0.023556476,-0.1620582,0.0123307
FBN1,0.10064533,0.22998622,0.07454605,-0.0033941162,-0.011719047,0.1497325,-0.063385464,0.0012835308,0.09616025,-0.2078575
SPARCL1,0.103886575,0.14631458,0.22242975,-0.042311337,-0.053984214,-0.15357152,0.11567364,0.067337826,0.2519496,-0.016254516
GABBR1,-0.060624704,0.07375788,0.20483701,-0.05136227,0.0029415726,-0.0038678364,-0.00020921783,-0.20519419,-0.028812349,0.08585046
NRXN2,-0.0074417414,0.08736757,0.27935967,-0.06363778,-0.048118114,0.0134242885,0.039726686,-0.03633553,-0.071395434,0.053623773
NINJ2,-0.00686686,-0.0492001,0.13852689,-0.07034556,-0.16649827,0.088403,-0.21965736,0.0058680144,-0.029558199,-0.029285515
PROS1,0.07417093,0.03750427,0.16938095,-0.014581968,-0.031215342,0.044277184,-0.022563677,-0.11167533,0.12709388,0.09236182
TNFSF13B,0.27866077,0.05547588,-0.110110424,-0.00393807,0.0109047135,-0.13230985,-0.062016476,-0.049309053,-0.17002338,-0.03443763
PPFIA2,-0.04069129,-0.17491436,0.26527768,-0.029588465,0.013104439,-0.007107108,-0.13842538,-0.08784831,-0.0694466,-0.12008909
F5,0.13454744,-0.06884133,-0.04799454,-0.056394026,-0.13980363,0.16889475,-0.06716473,-0.10049394,0.23354428,-0.09003621
TNFAIP8L3,-0.08706297,0.1071583,0.15802139,0.03573819,-0.08870867,0.015511717,-0.14222486,-0.005698122,-0.11562571,0.056799926
TSC22D3,0.038059868,0.030156398,0.21649456,-0.121067904,-0.03158951,0.027898708,0.027525924,0.009441458,-0.15266868,-0.08198804
RGS1,0.2060647,0.0095701,-0.113172404,0.013599977,0.081838146,-0.024786642,0.00229908,0.006949716,-0.08778638,0.019402103
BMP7,-0.052483115,-0.035742175,0.06457866,0.08564224,0.08692094,-0.019930296,0.0067078625,-0.22053495,-0.022501174,0.2788096
GUCY1A2,0.07319889,0.1477283,0.016383318,0.06891839,0.025376163,-0.07093563,-0.03353385,-0.06846772,0.27350894,0.040697858
FN1,0.06993867,0.10410195,0.080163285,-0.010167933,-0.07131363,0.20751125,-0.15601398,0.0053930967,0.120515086,-0.2528169
CAV2,0.1188693,0.23276672,0.004526608,0.0031171148,0.025574053,0.0040088766,0.16212828,0.14845279,0.13863407,-0.09671937
STEAP3,-0.020945244,-0.17519872,0.091374144,0.0011064877,-0.20361553,-0.003520459,-0.1349031,-0.16753404,0.046872143,0.054406513
LCP2,0.28481773,-0.10723712,0.10039823,0.0037143324,-0.01922478,-0.0014637761,0.0022097942,0.08325994,-0.13193944,0.024858406
IL1RN,0.23496884,-0.04202329,-0.013034751,0.023279857,0.024159398,-0.0049965265,0.09569445,0.012618143,-0.12366604,-0.0862217
COL15A1,0.13148314,0.13409933,0.122862406,0.0665522,0.012236963,0.02376337,-0.020995924,0.22750494,0.24338257,-0.1324472
MGST1,0.14449394,0.023005504,-0.085512854,0.034895524,-0.012017316,-0.08209795,0.097861394,-0.115698315,-0.12651771,0.027013293
SDK2,-0.10653347,-0.119029425,0.16856395,0.05468976,-0.012664073,-0.06890654,-0.21974777,-0.27071956,0.030399922,0.028073149
LSP1,0.14200799,0.1919233,-0.05094002,-0.03384135,-0.02254964,-0.01401899,-0.14613725,0.07744043,0.13449757,0.024107093
CYP1B1,0.07699088,-0.008802819,0.18170229,-0.05118177,0.07384139,0.11497641,-0.1285524,-0.10751457,0.1476561,-0.2608957
PODXL2,-0.033608217,-0.0134350555,0.036593348,0.064547636,-0.025291124,-0.042630423,0.037367973,-0.18380506,-0.010456889,0.37759966
SLC38A5,-0.0051930742,0.14092489,-0.18734708,0.044756345,-0.06648716,0.03688836,0.0037841839,-0.06297155,0.05039164,-0.029234847
COL11A2,-0.10776854,-0.042241942,0.050149243,-0.0012774798,0.06775291,-0.10728159,-0.14238796,-0.2608047,0.07342254,0.25510734
BAMBI,-0.08392294,-0.26589647,0.115342475,0.039801337,0.030424442,-0.061576173,-0.21375825,-0.15892853,0.06605854,0.14745529
AEBP1,0.041396685,0.20199507,0.078859985,-0.08652642,-0.016490664,0.26277125,-0.19087946,0.029060889,-0.010698427,-0.059616007
SERPINE1,0.10695145,0.15660313,-0.072503164,0.00585695,-0.11553015,0.12414617,0.1416589,0.045029644,0.06678178,-0.14314437
MMP12,0.08938882,-0.08768231,-0.076074496,0.016017484,0.1211923,0.15618035,0.015715484,-0.014149855,0.12109986,0.004528666
TGFBI,0.050754547,0.18412548,-0.04855642,0.07882792,0.0026590133,0.20503293,-0.17537008,0.07784683,-0.015820578,0.20505759
SNTB1,0.019461807,0.1034747,0.21228577,0.026857035,0.0019912054,0.022754747,0.0031604294,0.0042197625,-0.030997904,-0.019402009
ANGPTL4,-0.07501719,-0.047917217,0.2100201,-0.023841865,-0.07724509,0.0117119225,-0.14712974,0.1392633,-0.08385428,0.019196408
SCD,-0.067350395,-0.06254984,0.02672408,0.14340387,-0.0073658433,0.0023660827,-0.069701076,-0.11755448,-0.11696439,-0.13957334
PTGDS,-0.002463875,0.07661421,0.24944237,-0.01634561,0.095591046,-0.01648788,0.012648804,-0.019811932,-0.16825697,0.26432675
LSAMP,-0.022930527,0.053691667,0.15848497,-0.0038514903,-0.011134255,0.05318163,0.025794504,-0.07764706,-0.08665856,0.08607088
GIMAP7,0.28055626,0.018329483,-0.015145566,0.00064492034,-0.031558573,-0.18179315,-0.020059442,-0.051150065,-0.17435604,0.014181552
RGS2,0.12369597,0.050491966,-0.0051992796,0.0073882756,0.22806722,0.084109396,0.13905516,0.011267193,0.048299327,-0.09948703
HOXD13,-0.09256085,-0.10050225,0.20334937,0.12842503,-0.051890157,-0.05291559,-0.05942019,-0.04394915,-0.16149227,-0.035417993
NAALAD2,0.009838967,-0.10358801,0.16062695,-0.018292,-0.024703888,-0.017829299,-0.023428813,-0.14083141,0.12310677,-0.051620327
CFI,0.1571268,0.009919254,0.057470556,-0.066944204,0.0187606,0.07760606,0.11996352,-0.11590506,0.114913024,0.049576204
CPNE8,0.0015336253,-0.017589055,0.015935438,0.0035081694,-0.15762141,-0.0032596975,-0.12877956,-0.21830007,0.025957001,-0.0015741951
CPXM2,0.028605893,0.104594745,0.22096299,-0.12343665,-0.10516134,-0.060930796,-0.0057991613,-0.13800855,-0.022093127,0.05115917
MTMR11,-0.020336019,0.14743355,0.19735914,-0.03923203,-0.026569245,0.07510404,0.0044267215,-0.09396446,-0.086937174,-0.07866002
EMILIN1,-0.05269954,-0.040558968,0.21089804,0.08587851,0.03284068,0.1594278,-0.20674585,0.15174402,-0.16176574,0.19466305
BCAT1,0.034885883,0.15095538,-0.22270902,0.19334392,0.030954579,0.0055421353,0.003634638,-0.14855894,0.10052105,0.012808993
LRRC32,0.10372827,0.18995269,0.09939695,0.016499724,0.026794357,0.0040914114,-0.039164636,0.21798046,0.1736589,-0.044175807
HSPA12B,0.05322528,0.22417285,0.09912519,-0.005247397,-0.07569288,-0.0068067038,-0.074841104,-0.008831102,0.14013089,0.17598322
TAPBPL,0.19347195,-0.083740756,0.10423299,-0.029250862,-0.074005835,-0.0003372131,-0.051119022,0.060773537,-0.08495232,-0.14351182
FMOD,-0.0040075392,0.13174352,0.11491203,-0.13223727,-0.028606543,0.113919206,-0.18318008,-0.08896494,0.05793881,-0.1477192
SGCA,-0.010812785,0.012693983,0.08725401,-0.072982185,-0.027581615,-0.06127982,-0.012480394,-0.25611907,0.0058892434,0.027644562
CHPF,-0.016724272,0.15721565,0.0877776,-0.11542105,-0.011120695,0.028568795,-0.1517632,0.13843091,-0.08839652,0.111154996
SUPT3H,0.015019626,-0.14892066,0.18075371,0.0038037086,-0.010202509,0.004510037,0.013622565,0.12713961,-0.047249865,-0.064735934
GPM6B,0.0012510801,-0.013375978,0.25517112,0.1068013,0.016847,-0.009832649,-0.029922083,0.0073980414,-0.08650996,0.16163395
IL2RB,0.23549414,-0.008660881,0.020891827,0.030044578,-0.031140745,-0.10682212,0.01757169,-0.035556227,-0.1549325,0.010797099
MAP2,-0.038783886,-0.15466134,0.29206356,0.041902643,0.11465055,-0.06823697,0.024637919,-0.103883035,-0.050346326,-0.1436272
PRICKLE2,0.04114297,0.28376,-0.0025674028,-0.0020572792,-0.060018897,0.13589138,-0.054235313,-0.08130646,0.11141365,0.014166217
NQO1,0.04745101,-0.05141946,-0.026976652,0.05543948,-0.044464666,-0.040464833,-0.017255574,0.081229255,-0.027489018,-0.24071947
XPR1,0.06489428,-0.22793941,0.0101856105,0.14458445,0.006065989,0.25419572,-0.0062580705,-0.2412406,0.2361978,-0.07576006
PTGFR,0.0074697053,0.26241767,0.05943994,-0.053370968,-0.024090111,0.16976811,-0.1258163,-0.0072478936,-0.03698775,-0.067297004
HS3ST3A1,-0.00302733,0.108473316,0.15462887,0.077260844,-0.023956463,0.08634683,0.062105432,-0.014115043,-0.12592061,0.20328474
SELENBP1,0.0050056563,0.088183686,0.037704635,0.012253835,-0.016204804,-0.16779903,-0.1997939,-0.15126881,0.002874515,0.1581313
ALCAM,0.12535946,-0.0015702046,-0.027040932,0.020518145,0.30931458,0.065644935,0.10082297,-0.16981813,-0.035293113,-0.07161519
SLCO4A1,0.09151578,-0.15773882,0.002233614,-0.0022487938,-0.09524993,0.24185532,0.20218204,-0.032839227,0.24482755,0.13395672
AOAH,0.26976764,-0.055032212,-0.010121097,-0.002147023,0.001778161,-0.09979231,-0.020998202,0.053144105,-0.17211686,-0.009837248
C2,0.2309307,0.0387276,-0.09789861,0.012119065,-0.063011885,0.07381014,-0.098621696,0.07647324,-0.0795596,0.010207106
MYH10,-0.00034709193,0.08538496,0.20783882,0.072660156,0.011639629,0.029998027,-0.04780791,0.021950237,-0.13976373,0.106617875
LRIG3,-0.0081873685,0.24103221,0.08941933,0.0563287,0.024869923,0.08947802,-0.017951332,-0.07824005,-0.029456154,0.030187285
NFKBIZ,0.104781464,0.15461603,-0.0044960435,0.022402968,0.023955802,0.0045879427,0.03285823,-0.007541782,0.033931833,-0.11406538
IL21R,0.18932879,-0.083540365,0.0027537646,0.003550964,0.0777392,0.05579641,0.012563857,-0.0318734,0.04461844,0.08368963
ANKRD35,0.0088301925,0.13308626,-0.010993121,-0.03179655,-0.19704266,0.08911468,-0.11997907,-0.08883878,0.12329014,0.20764624
TP53INP1,0.12628266,-0.051062405,0.18650663,-0.021530662,0.00873738,0.00775182,0.051961303,-0.24608444,0.024377257,0.024093954
RAC3,-0.071616925,0.089201845,0.013836074,-0.059893806,-0.05391107,0.015543776,0.00773605,-0.11553326,-0.07522354,0.25753486
PPARG,0.12944455,-0.07300973,0.10690548,0.053643085,0.0049959794,-0.084990606,-0.050904475,0.15645565,-0.08294391,0.02503551
ADAMTS1,0.003336833,0.25156972,0.117007665,0.11837562,0.069324605,-0.004192606,0.0014112551,0.13728757,0.12616517,0.023015622
BACE2,0.0095350165,0.1305626,0.1762409,-0.07404032,0.044397254,0.14688118,-0.0054812287,0.048701264,0.024750454,0.049715534
CDK5R1,-0.041341808,-0.030250067,0.1466503,0.06720381,-0.043257486,-0.009899214,-0.17648682,-0.105049916,0.0008677537,0.011234462
SEMA6A,0.0545376,0.12715751,0.17328703,0.06439729,0.03324218,-0.10078155,0.013093277,-0.10512672,0.2163905,0.15612856
NEXN,0.01322314,0.17304204,-0.11132786,0.0012407108,0.06332274,-0.107853055,-0.019672938,-0.16008428,0.14938234,0.020902067
HES4,-0.0051036775,-0.108288765,0.32573497,0.048791163,0.026495557,-0.12645178,0.0071101156,0.19365288,0.10397225,0.07163806
OSR2,-0.084386505,0.14376755,0.08072905,0.043480776,-0.076915,-0.06861608,0.09687432,-0.06331018,-0.017684953,0.07342691
LCP1,0.27856565,-0.14668424,-0.120791554,0.03218014,-0.073880054,0.15053526,-0.003252095,-0.065171756,0.043382045,0.033665277
BCL6B,0.10315245,-0.020650217,0.3365223,-0.009033202,0.12597945,-0.17492212,0.010637477,0.27663392,0.34019414,0.05421769
EPHX2,-0.02774615,-0.036156558,0.24251871,0.01152567,-0.056748684,-0.016397933,-0.00038195032,-0.17229944,-0.11080503,0.06189141
MAF,0.13187648,0.21354009,0.083870016,0.012486517,-0.08784048,-0.003044661,-0.019201977,-0.039649818,-0.041613936,0.075226076
ADAM12,0.041561887,0.06426456,-0.034475807,0.121317595,0.019319467,0.1325519,-0.12577815,0.0038586566,0.20847523,-0.06014408
HERC6,0.16533981,-0.08016674,0.039570447,0.0024843065,-0.0063193636,-0.014379557,-0.09322344,0.12593424,-0.11685994,-0.22921747
VANGL2,-0.01576922,-0.0037204698,0.28050664,0.057444368,0.13391805,0.0108630955,0.07244482,-0.15960675,-0.13002461,0.124961585
MGLL,0.026277496,-0.11294443,0.29859972,-0.08267736,-0.14678225,-0.122154936,-0.017681606,-0.062638745,0.04120925,-0.019752637
RASD1,0.0033044182,0.124682896,0.038750768,0.0068630283,-0.073839776,0.09618185,-0.023895409,0.030567842,0.032136492,0.09216652
PCDH12,0.10184624,-0.060129512,0.3841811,0.0043901517,-0.027545698,-0.14685313,-0.0038108274,0.31566012,0.29651085,0.03762882
PARVG,0.32455283,-0.040512655,0.0018267746,-0.0014786182,0.011777582,0.002760181,-0.064645216,-0.018704128,-0.1427658,0.06272305
KIF20A,-0.03871958,-0.0370548,0.020411432,0.35308334,-0.0016390767,-0.017355729,-0.04656829,0.07013422,-0.0609746,-0.06813562
RAB20,0.24603948,-0.048105482,0.024605937,-0.013614971,0.0007234188,0.0018201057,0.14959219,0.032411106,-0.1719487,0.12485297
TRIB3,-0.04320861,-0.023812048,0.06542927,0.106955245,-0.08694367,-0.0036769374,0.020233711,0.22875725,-0.16610055,0.041085307
CD86,0.28819507,0.055170663,-0.07864033,0.020851746,-0.0079185525,-0.05112263,-0.14644524,0.006187709,-0.19722559,-0.09419317
FOSB,0.0005372168,0.03906244,0.028267704,0.027729966,-0.103064924,-0.009361885,0.060906712,0.037210524,0.15506376,-0.13951068
ST8SIA1,0.004325925,0.00793069,0.16798753,0.05056152,0.003126956,0.0075761713,-0.13067056,-0.06987435,0.054141704,0.03518586
ARHGDIB,0.2560112,-0.06719943,0.04331561,-0.10134673,-0.055286136,0.0022722771,0.05770503,0.12319466,0.02591718,0.009218634
CYBRD1,0.0025377115,0.10549392,0.16762577,-0.049082693,-0.09753302,0.067185104,-0.19227406,-0.038021315,-0.023689393,-0.3906006
KIT,0.00044120962,0.02450196,0.295737,0.012552417,0.18031676,-0.05998518,-0.053543165,-0.0031555954,-0.019358832,-0.005502528
PDLIM1,0.048660595,0.1643744,-0.06182535,-0.031079078,-0.054332864,-0.0006319502,0.0750909,-0.017161852,0.20789106,-0.047083512
BNC2,0.08002185,0.26559594,-0.042088103,0.06811192,0.068767875,0.19149381,0.022723949,-0.005707737,0.10267024,-0.05397999
GJA1,-0.015932845,0.0012273696,-0.006349918,0.08625692,0.29877177,0.18252198,-0.2518074,-0.009518095,0.09736792,-0.048582748
CDH23,-0.034363564,0.11841883,0.18618917,-0.01315655,-0.06520074,0.08997241,-0.08331275,-0.13338917,-0.033680238,-0.01640741
TNFRSF12A,0.07058153,0.110692166,-0.15330039,0.0382237,0.06821199,0.20850205,0.035801172,0.19500375,-0.003992348,-0.0040615583
FHL1,0.022946982,0.25859928,0.04384484,-0.007765586,-0.024741132,0.03527944,-0.00439714,-0.093710996,0.020939417,0.00907058
ARL4D,-0.0851137,-0.11768488,0.004226779,0.14196199,-0.00031786264,-0.06143802,-0.1817308,-0.00017378906,-0.03647136,0.18631236
SIX4,-0.0033761107,0.27039135,-0.100814834,0.14532848,-0.01882488,0.1019046,0.0027931514,-0.10274022,0.07445954,0.06497566
DUSP1,0.08685901,0.09155373,-0.0672349,-0.0008459217,-0.09512977,0.011568734,0.07131003,0.06855287,0.07350686,-0.19498134
TFRC,-0.0038248464,-0.07278495,-0.051033605,0.19040056,-0.007953893,0.18261425,-0.021381421,-0.18433867,0.13816188,-0.1397053
PLCB1,0.010146435,0.21198718,0.06783052,0.06972521,0.31429088,-0.10432656,-0.009497528,-0.10111931,0.14387365,0.055251203
EPHB3,-0.05040908,0.26139185,0.094208844,0.052750234,-0.10069434,0.10324516,-0.21605411,0.09862787,-0.07011457,0.16855656
CCDC3,0.018444113,-0.06442776,0.113618374,-0.07346871,-0.008256584,-0.08387431,-0.0597717,-0.2667131,0.11778267,-0.13787025
ADAMTS2,0.025117718,0.07695401,0.024813637,-0.08745509,0.013366557,0.01356052,-0.3777472,-0.13466121,0.13340138,-0.074861
NETO2,-0.01875067,-0.01979131,0.011777787,0.1776271,0.14813271,-0.054413516,0.058042698,-0.07561803,-0.038223054,0.03408866
HEYL,0.0720094,-0.04241636,0.2687541,0.013972168,0.097462624,-0.10329486,-0.018290032,0.17829749,0.26583782,0.12769158
LAMB3,0.036575995,-0.118179396,0.1450754,0.0048523275,-0.07392766,0.061287206,0.0367436,0.0057784948,0.006862376,-0.046803713
SV2A,-0.05966019,-0.0046470184,0.23640761,0.08953078,0.028382441,0.06391415,0.019581996,-0.08631035,-0.06306292,0.04439109
SLC43A2,0.2835931,-0.03252733,-0.07457717,0.011456536,-0.13162613,0.09729124,0.02176323,-0.04234589,0.04326871,0.007958588
LTBP2,0.069721624,0.0070757396,0.29784653,-0.120902106,-0.007865004,0.09878856,0.01139136,-0.036017545,-0.113213256,-0.1321352
PTGER4,0.17325991,0.10605185,0.054533377,-0.020516168,0.17427453,-0.01401908,0.027023988,0.05477655,0.038364593,-0.2133878
SKP2,-0.08816439,-0.022164064,0.15612124,0.2557285,0.0133330235,-0.01855208,-0.022004506,-0.09827368,-0.10330027,-0.019097
EPHB6,-0.0011794626,-0.008647191,0.3381766,-0.05951518,-0.028399795,0.013868847,-0.014058021,-0.0072824075,-0.17187968,0.040917568
INPP5D,0.28680128,-0.09972536,0.0038072374,0.019407326,0.033569902,-0.0039866003,-0.062211752,-0.09578463,0.021512909,0.032968584
A4GALT,0.12525363,0.14956348,0.011947139,-0.11835245,-0.045143157,-0.06415543,-0.02411859,-0.07846892,0.071909934,-0.0023714732
FAH,-0.024968358,-0.13722944,0.013708218,0.09673461,-0.025287416,-0.1275902,-0.12784022,-0.044334807,-0.08880172,-0.07578284
JDP2,0.075565286,-0.14278604,0.1095726,-0.04487193,0.003607013,0.39400136,-0.085456915,0.053010345,0.15866964,0.06050624
SOX18,0.08539127,-0.007109649,0.12207363,-0.07967863,0.04137881,-0.15676464,-0.0011055513,0.20088536,0.26114616,0.19549324
PCSK5,-0.0015242989,0.09485163,0.06278489,-0.020081906,0.006702797,0.046842072,-0.1388429,-0.2154316,0.14792176,-0.12563543
GM2A,0.07990809,-0.18121791,0.04320666,0.021810582,-0.060978193,0.15647599,-0.063479215,-0.05013985,0.05202715,-0.009812523
HMOX1,0.2117629,0.00033005388,-0.12012739,0.08644134,-0.004455655,0.032348722,-0.023645604,0.104982056,-0.007234604,0.035825055
DUSP2,0.14091665,-0.20312154,0.016998382,-0.009113847,-0.072127014,0.24508482,0.17572086,0.011268195,0.10664358,0.14450268
ERRFI1,0.025667848,-0.002225622,-0.16431785,0.07538221,0.014271676,0.031978425,0.0033299332,-0.046048824,0.17600228,-0.08124643
AOC2,-0.06009975,-0.13424782,0.17279856,-0.015512216,0.029855477,-0.031658094,-0.2509339,-0.1420406,0.06423219,-0.054240134
MTSS1,0.06471973,-0.23447533,0.13895151,0.08784021,-0.012714833,-0.15139379,-0.035687264,-0.0557807,0.18734373,0.009745433
EYA2,-0.0014577995,0.13672188,0.065882064,-0.06805937,-0.021970116,0.14756227,-0.019631144,-0.0052731256,0.076253794,0.11163322
ROR1,0.021725569,0.2528314,0.10051567,0.007845494,-0.006562386,0.091987655,-0.05643742,-0.015231816,0.011405544,-0.004521135
PRPH,-0.073234744,-0.029272255,0.16668512,0.02709655,0.01655643,-0.1280673,0.08271974,-0.05048131,-0.1594557,0.0790418
PLAG1,0.021822862,0.05999055,0.13402037,0.032811437,0.16625424,-0.0031105129,0.16376042,-0.20772432,-0.04415918,0.2512156
ABCA3,0.19486545,-0.084852636,0.009089817,0.0326326,-0.030536989,-0.11289435,0.010038385,-0.31630075,-0.05065355,0.07181381
UNC5B,-0.050219808,-0.17657654,0.27007064,0.070028804,-0.012696335,0.017792966,-0.18701881,-0.0496599,0.006931977,-0.05261677
EPAS1,0.1411388,-0.0034177324,0.2508393,-0.08534439,-0.0093593225,-0.0071931127,-0.022211999,-0.004002141,0.15165855,-0.30707824
SMPD3,-0.05911023,-0.17498817,0.04254911,0.07444351,0.07906343,-0.124579825,-0.30343914,-0.20616862,0.15006383,0.19079703
PTPRG,0.09388549,0.10915119,0.21362825,0.090669826,0.27555582,-0.017915348,0.021974675,-0.12001293,0.2914207,-0.071340956
IGF2BP3,0.02562284,0.021853484,-0.017519848,0.18550226,0.15885587,-0.13469633,0.031106561,-0.11652622,0.24015334,0.1994037
GPRASP2,0.0018841159,0.04250824,0.16185689,0.046491317,-0.024244355,-0.030831518,-0.001327442,-0.2727485,-0.02923823,0.023057593
SYK,0.2501289,-0.1534533,-0.016783271,-0.007476936,0.019717803,0.17152205,0.0016132066,-0.04546451,0.05111377,0.1126735
PYCARD,0.28876337,-0.061447605,0.008655379,-0.06547361,-0.0840826,0.00022231195,-0.014346447,0.050179306,-0.18567315,0.059286922
CYGB,0.053215597,-0.13204677,0.23888618,-0.033197224,-0.010711275,0.12203605,-0.044783548,0.034315456,0.2215037,0.058512762
STEAP2,0.069822,0.1416724,-0.079450645,0.10092517,-0.08657526,0.0069224224,0.012992508,-0.08643827,0.06347616,0.047595706
ID1,-0.12291718,-0.06354626,0.07141801,0.010580897,-0.011516951,-0.02370953,-0.12847558,0.21359749,-0.051596425,0.20682773
PTGS1,0.15180413,0.06922759,0.014355579,-0.020471465,-0.07600537,0.13610213,-0.14374585,-0.09015777,0.0014987488,0.1987914
CGNL1,0.038871855,0.2046535,0.19809707,0.0024826024,-0.03512914,0.040111862,0.010776262,-0.022356108,0.12489922,-0.06182091
LRRN1,-0.00375253,0.033748407,0.16332702,0.008741021,-0.005888961,-0.011561815,-0.08670953,-0.18765375,0.027360018,0.09712456
CDH15,-0.006908889,-0.23803404,0.11668263,0.025304953,-0.00022049187,-0.07557529,-0.2970599,0.03244031,0.083291255,0.09641906
TNN,-0.0861914,0.17071125,0.002395644,0.0027250887,0.011170573,0.054908883,-0.3282311,0.04004465,0.015199517,0.14586367
DAAM2,-0.06553195,0.006459006,0.27460217,0.0077130063,0.14902957,1.7046823e-05,-0.14741017,-0.0022216453,-0.10348956,-0.03419127
PTAFR,0.29088622,-0.047522403,-0.03598828,-0.020992752,0.08537033,-0.015950607,0.013016629,-0.05975524,-0.10504204,-0.09017219
BNIP3,-0.103071034,0.067497134,-0.17638956,0.072679095,0.037814748,0.059669103,-0.002637368,-0.1080789,-0.007738016,-0.13440385
CLIC6,0.053596113,-0.059131928,0.050463133,0.020590868,-0.08626674,0.14032939,-0.013135503,-0.094568945,0.13191609,0.14320092
FSTL3,0.071456164,-0.024948569,-0.030733887,-0.05506703,-0.010475629,0.27956942,0.08658978,0.031360015,0.030026702,0.1250409
IL1R1,0.046984654,0.0098554585,0.14001904,-0.05046267,0.32493618,0.13591313,-0.14176026,-0.020185653,0.06682381,-0.30596787
CD72,0.24278262,0.001572915,-0.123005465,-0.002103313,-0.09279331,-0.081941985,-0.017387256,-0.024888875,-0.1024993,0.09529657
LEF1,-0.05870217,-0.0066603823,0.30289418,0.0677979,0.0086952755,0.024738584,-0.08981715,0.020044543,0.0011484621,0.020647887
PLAU,0.1588793,0.10649478,-0.06357136,0.099406734,-0.006994527,0.12865885,0.040782716,0.30563986,0.08112513,-0.11790254
BCL11A,-0.00856253,0.065159716,0.10508078,0.081749,0.072346695,0.0031542291,0.09332112,-0.056697488,-0.14545679,0.29000646
SLC1A3,0.046255786,-0.05573605,0.15290436,0.08046444,-0.0036640628,0.09505174,-0.13395847,0.18187715,-0.18157114,0.016398162
F3,0.035602942,0.003926243,-0.10174832,0.05423605,-0.055178653,0.0073811016,-0.03016453,-0.053155012,0.07747158,-0.12328459
FGFRL1,-0.036151167,0.22209518,0.03515251,-0.045392666,-0.00787287,0.009983276,0.007602795,-0.10803239,-0.012014907,0.2176498
PTPRE,0.24824645,-0.117162175,-0.0017245009,0.004643191,-0.062856354,0.16494423,0.053817015,-0.018787209,0.18672284,0.009570366
SETBP1,-0.050261203,0.08067872,0.34124914,-0.004221364,-0.056391146,0.07287136,-0.08330477,-0.20912491,-0.10807224,-0.21282707
BMP5,0.007102825,0.050486933,0.05973146,0.0034547958,0.104648784,-0.06524641,-0.02199408,-0.14232486,0.06428422,0.23466852
COL5A1,-0.03587966,0.19106658,0.015674436,-0.0021484448,0.027567687,0.2101522,-0.3873333,0.041175038,0.098133035,0.015870031
SQLE,-0.081601806,-0.09139638,-0.000723591,0.14333679,-0.008109776,-0.01635413,-0.021167073,-0.012003606,-0.06269069,-0.10862667
TBX3,-0.08677574,0.034494475,0.37009683,-0.03214692,-0.0003030181,0.037364703,-0.006853592,-0.0058539393,-0.17331365,0.015833769
CSPG4,-0.07932486,0.016045086,0.15272848,-0.0024768978,-0.014088776,0.0982248,-0.22901309,-0.09465433,0.07098744,-0.08984042
MET,0.089698836,-0.005926421,0.003976653,0.071821176,0.3047772,0.20935369,0.23677664,-0.16650414,0.2141229,-0.10641087
ITGA4,0.083651885,-0.026963843,-0.00910428,0.16120987,0.1070819,-0.12683418,-0.0016362274,-0.07700213,-0.08065715,0.14480156
ZNF521,0.004727684,0.3212759,0.1082152,0.0061478526,0.012677828,0.062296726,-0.019402446,-0.086302415,-0.01732988,0.040884234
EPHA3,-0.06355024,0.016135894,0.2465378,0.018021671,0.16709052,0.10971575,-0.027924443,0.07449065,-0.1619151,0.06513781
PRDM8,-0.0027675277,-0.023718985,0.23220529,-0.018106744,0.12312421,0.18316013,0.08551782,-0.062391926,-0.12189634,-0.12499844
INSIG1,0.041484267,-0.16066933,0.018750368,0.07655427,-0.0051090154,0.3401746,0.0057315025,-0.0067609777,0.12853344,0.0027353496
TMEM100,0.053736936,0.10212875,0.12001965,-0.036064446,0.013173054,0.040568892,-0.045211785,-0.15832588,0.08112328,0.00622329
FOSL1,0.033752095,0.097799055,-0.12244268,0.10592837,-0.13251315,0.15232323,0.034976896,0.1940454,-0.02973399,-0.2224989
PPFIA4,-0.069052584,0.068866536,0.08617641,-0.029838629,0.017360993,0.033622902,-0.0016728246,-0.25631073,0.022369664,-0.025823891
IL10RA,0.306708,-0.029663594,0.007963005,0.000101344885,-0.06379351,-0.07108569,-0.06737457,0.013255836,-0.100136556,0.013793257
SLC11A1,0.25480717,0.005906421,-0.119352825,0.06509828,0.0041852896,-0.03512961,-0.0051531363,0.09407877,-0.1719162,0.01753044
AMPH,-0.007576512,0.18380453,0.09854576,0.013695607,-0.06995822,0.14397782,0.090676025,-0.055011228,-0.0717196,0.0031081873
GTSE1,-0.04579277,-0.011542495,0.03041036,0.34540254,-0.05427088,0.003484425,0.006249038,0.093769625,-0.09219073,0.024780475
SAMSN1,0.29295373,0.005917381,-0.06027643,0.007985314,0.09896375,-0.09344372,-0.020684678,-0.0150678335,-0.24086322,-0.048056923
DACT1,0.03809425,0.28450704,0.09051258,0.042298917,0.0893637,0.023334542,0.00880677,-0.08776346,0.038778126,0.018633131
SULF1,0.08598167,0.06069023,0.13990918,-0.035501648,-0.010146476,0.17684183,-0.06494753,0.014785252,0.1369616,-0.18886587
CTHRC1,0.023723528,0.053942304,-0.12412348,0.030355966,0.20299758,0.14251372,-0.19041476,-0.01578358,0.16342418,0.060647685
ST3GAL6,0.12512788,-0.18843386,0.10381018,0.009400003,-0.007242091,0.022047421,0.11645085,-0.074136354,0.20836963,0.08278277
AGTR1,0.0151792215,0.12591311,0.14289522,-0.0014308734,0.001967908,0.041635998,-0.010640421,-0.023798328,0.009011865,-0.11263242
HEY2,0.014985355,-0.1582695,0.2604562,-0.011212722,0.09407451,0.043870363,-0.09592782,0.023669427,0.11717345,-0.13946745
PMP22,-0.0010347525,0.21210758,-0.020564454,0.012328228,-0.094559945,0.12236636,-0.1057402,0.021789346,-0.037520427,0.004150255
FBLN5,0.024520617,0.16718929,0.24910325,-0.08889985,-0.009052205,0.09714635,-0.060770877,-0.018164705,-0.014090241,-0.113341756
PTPRZ1,-0.029160647,-0.16057135,0.09596117,0.061910998,0.10794006,-0.090640195,-0.039751124,-0.2927248,0.17210905,0.105847515
C5AR1,0.26612988,0.037910406,-0.09295622,0.04786873,0.01479629,-0.076421306,-0.009692745,0.06791532,-0.14200267,-0.024879279
MFAP2,-0.04276206,0.1163757,0.16817471,-0.012439788,0.07663803,0.22067733,-0.013449811,-0.0062862923,-0.06034911,0.2427486
UBE2T,-0.08919521,-0.086814255,-0.0066994294,0.27619892,0.108285345,-0.048462924,0.10383987,0.0915392,-0.0842419,0.026217286
ALOX5,0.21747534,-0.0021620817,0.028572157,-0.1045674,-0.05409692,-0.017612936,-0.0037056024,-0.025538156,-0.13832536,-0.094582774
PLTP,0.0894887,0.041928284,0.090020604,0.004126673,-0.101412915,0.014778377,-0.10772126,0.04010891,-0.16307381,0.3440511
IER5L,0.017009063,0.14222167,0.038369454,-0.050014503,0.00055283844,0.01268967,0.10959879,0.20039117,0.014061401,0.124876015
SLC16A3,-0.04641647,0.015555399,-0.13627225,0.014976633,0.22033113,0.19692048,-0.013602151,-0.0057731536,-0.021094892,0.060731817
HRH1,0.03261369,0.2175071,0.15560563,0.06744581,-0.049222212,0.017673317,0.00019732448,0.111810476,0.04285956,0.05117561
AMOT,-0.09871128,0.019217307,0.19546112,0.12797444,0.008869782,0.017637208,-0.19571753,-0.09905247,-0.06308155,0.048637446
FLRT2,-0.055679757,0.18651557,0.1418384,0.09669292,-0.038515195,0.09172458,-0.1279805,0.009577731,-0.04275381,0.14620316
PIK3AP1,0.25909486,-0.11907334,-0.017553795,0.0071038064,0.3519266,0.08633919,-0.05289372,-0.089452416,-0.04310914,-0.09075914
NOTCH3,-0.0016969441,-0.012548496,0.40645713,-4.8481932e-05,0.027621046,0.08360082,-0.082513645,0.21658644,0.046660088,-0.03060021
GZMB,0.21589325,-0.011553752,-0.04662542,0.013428421,-0.10329785,-0.080657415,0.07309299,0.022160595,-0.114242285,0.020270025
B2M,0.23572372,-0.06826261,-0.045532133,-0.007995494,0.22595692,-0.033344284,-0.04500896,0.04616183,-0.08095676,-0.15979673
MSR1,0.28050235,0.055838797,-0.122791834,0.03691304,0.047134046,-0.06437155,-0.15665655,0.004396573,-0.21785972,-0.036058195
FJX1,0.006671274,-0.1099729,0.20785294,-0.007506945,-0.0090110265,0.036371328,0.04112665,0.051521517,0.13816294,0.12549601
PLEKHA4,0.045889556,0.097809024,0.12997113,-0.03800233,-0.0010293552,0.019560585,-0.0051306314,-0.069785155,-0.10444285,0.09174759
EPDR1,0.057229217,-0.09938915,0.0699541,-0.036377385,0.01985901,0.1784752,-0.22842102,0.0044353055,-0.009820618,-0.10380808
SOX7,0.12820575,0.01947151,0.29887217,-0.0007840959,-0.01825851,-0.2133402,-0.0051722466,0.17292245,0.3514467,0.06389454
DUSP10,0.13955295,0.057389818,0.03560333,0.05789175,-0.034601085,0.14172393,0.15240523,0.11805514,0.034333255,-0.09303439
ENC1,0.04276191,0.048268065,0.10525561,0.11222101,0.085237525,-0.16499278,-0.023980811,-0.12410782,0.037099242,0.07857151
STK32B,0.04854789,0.1732672,0.055892326,-0.008570401,0.060029108,0.08501921,-0.099706575,-0.007196622,0.08031119,0.10719607
CCDC68,-0.04511213,0.036477197,0.03113369,0.036266293,-0.010779721,-0.036699813,-0.17152187,-0.05096394,0.03649271,0.038004477
GABRE,0.008349351,0.12549567,0.09756694,-0.00674498,-0.00023964397,-0.06394807,-0.050200038,-0.04429537,0.07393669,0.27486232
EPHA2,-0.06658992,-0.110736944,0.07001622,0.14071548,-0.013893639,0.0028788163,-0.15457122,0.041975193,0.012766712,0.04137406
ALDOC,-0.064327054,0.0358836,-0.13900712,0.03248839,-0.031480674,0.036463838,-0.07462285,-0.0064640325,-0.15799658,-0.16996889
CENPF,-0.08050749,-0.008371575,0.050909463,0.3582207,-0.02091359,0.00355113,0.002472493,-0.017356515,-0.048101917,-0.1359995
JPH1,-0.038771085,0.1401532,0.048103444,0.005448724,-0.050644893,-0.11780818,0.123072274,-0.33008888,0.07660842,0.0061169267
FRAS1,0.018122166,0.11120539,0.036729716,0.047239736,0.013840518,-0.006284759,0.015037815,-0.15465832,-0.03733911,0.07749862
EYA1,0.016088394,0.031970885,0.17591852,0.0749002,0.22067231,0.13440943,0.0012146168,-0.07863248,-0.080840096,0.084768824
AADAT,-0.067302175,-0.082467265,0.032928854,0.102404915,0.0011325384,-0.063920595,-0.024074884,-0.0840486,0.009607248,-0.035074335
TNFRSF11B,-0.05568798,0.084051795,0.06620464,0.03410932,-0.04839747,-0.08973317,-0.1957852,-0.10068741,-0.05443142,0.12191751
RGS4,0.09036058,-0.12446214,0.14548843,0.0054097446,0.011013723,0.3604533,0.16811453,0.020424148,0.11852182,0.054117132
RTN4RL1,-0.051676027,0.024168242,0.17417534,-0.032270655,-0.12917997,0.008146652,0.006699874,-0.2013364,-0.1228604,0.19506477
ATP6V1A,0.11717256,-0.22557293,0.011751699,0.09484192,0.058551945,0.33855385,-0.0064501343,-0.0704793,0.22419128,0.0310889
EMCN,0.10913742,-0.000800366,0.27307025,-0.049011253,0.11347731,-0.23872416,0.09891117,0.24858946,0.3075246,0.012782834
TNS1,0.07155282,0.28880304,0.08408387,-0.0038575314,-0.11964725,0.04447265,0.0051956116,-0.04369982,0.14395168,-0.024207177
C1QA,0.2950965,-0.01709565,-0.0002677678,-0.054834694,-0.0074081956,-0.15327856,-0.105182596,0.029869154,-0.24552652,0.053134333
ALDH1A3,0.015886232,0.006442241,0.17636293,0.0063596545,0.01203054,-0.05454854,-0.008107878,-0.1367037,-0.042138334,0.16074717
ECHDC2,0.002051235,0.006964402,-0.06265397,0.0020833674,-0.111445576,0.013441391,-0.157376,-0.073663615,0.052511718,0.015395857
CSF1,0.17800553,-0.1799085,0.11539181,-0.052574307,0.0076595186,0.21950491,-0.049512535,0.06452247,-0.034373377,0.0017505961
FNDC4,-0.018722042,0.12671168,0.004164333,-0.0007777902,0.05312271,0.021543697,-0.048251215,-0.1173662,0.012156786,0.28535905
PTPN22,0.13423672,-0.23620763,0.014684837,0.01347154,-0.072498165,0.33196,0.006305622,-0.030405538,0.19035706,0.09773809
HCK,0.16894755,-0.18100405,0.12403313,0.054383367,-0.04596345,0.06197508,0.0030438765,0.2050809,-0.22089756,0.07051577
TIAM1,0.06835112,-0.059874836,0.13199481,0.12059018,-0.18759282,0.2679125,0.019075949,-0.122498475,0.13772173,0.15215032
ITGAM,0.29950476,0.002555115,-0.09189199,0.023185791,0.08493502,0.034235924,-0.05576487,0.0057853837,-0.14773998,0.07460093
FZD3,-0.04944482,0.029920798,0.026292112,0.1285642,-0.12246522,0.017084766,0.07643395,-0.19767803,0.016206797,0.16760883
F11R,0.16868411,0.052171584,0.14285962,-0.006876931,0.32128718,-0.082412094,0.046423446,-0.0165805,0.2738691,-0.00012658288
PLEK2,-0.029957177,-0.0014641384,0.019289438,0.13442925,-0.18734008,0.0022303555,0.02901351,-0.0037122862,-0.1155784,0.16174757
PTGS2,-0.006196797,0.06436501,-0.07297268,0.12321535,0.19062263,0.11819925,0.012297973,-0.0035295973,0.050224375,0.05532258
PAG1,0.1897472,0.089093514,0.023544867,0.06913241,0.04867843,0.007460358,0.09793154,-0.1685309,-0.09551404,-0.013414103
COL6A1,0.007535339,0.23298357,0.15538803,-0.05143394,-0.0011480611,0.21603598,-0.12802704,0.24666357,-0.008312488,-0.12726724
TUB,-0.10938338,0.09635253,0.07674573,0.029259274,0.13766767,-0.031227125,-0.17144445,-0.18790755,0.010743778,0.032131135
CBS,-0.07387394,-0.015974198,0.15918753,0.14115734,0.0148783075,-0.014342688,-0.13821128,0.01028643,-0.15452996,0.12169363
RGS18,0.2804523,-0.005947975,-0.019218884,-0.052157525,0.012677569,-0.10649127,-0.09450445,-0.077906445,-0.077052616,-0.035463072
GALNT14,-0.045346525,-0.12717962,0.107967526,0.0036924644,0.20696038,-0.0849219,-0.0030039912,-0.22050515,0.06762165,0.0577525
MCAM,0.049186684,0.0037160981,0.101733424,0.10698488,0.24561556,-0.26312345,-0.0163132,0.120002635,0.4249071,0.08497457
VDR,0.04795901,-0.08364084,0.15758987,0.10467556,-0.115486436,0.0814576,-0.10218045,-0.014030771,-0.0074710385,0.18759383
SLAMF8,0.30063513,-0.008830955,-0.048709612,0.05585813,0.0057319724,0.006299683,-0.012220315,-0.045269873,-0.14516895,-0.07260976
DHRS3,0.111953944,0.032788634,-0.06936965,-0.026978869,0.015017856,-0.07652662,0.026342785,-0.19690685,0.005854572,0.17810515
PKIA,0.07706587,0.0069699297,-0.043057024,0.020586848,0.20859198,0.16977136,0.17386092,-0.30427268,0.20232114,0.089682646
ARHGEF19,-0.08857871,0.08411364,0.07701356,-0.13354744,-0.0797595,0.13793588,-0.31200805,0.009975992,0.0055293036,0.031573348
ITGAL,0.29790872,-0.028720452,-0.032339405,0.05038429,0.010284148,-0.09298717,0.0027681994,-0.08042696,-0.13991773,-0.026750978
GHR,-0.019801918,0.044364233,0.19535188,-0.028977433,0.21554446,-0.00077663537,-0.22728375,-0.20671652,0.025979618,-0.20509574
SCRN1,-0.00476701,-0.024011428,0.13135199,0.06845666,-0.13551694,0.0040352745,-0.011808985,-0.1123541,-0.01044642,-0.08410935
ANGPT1,0.007552442,-0.11893305,0.07846868,0.0951646,0.18987086,-0.13937551,-0.1076588,-0.12271836,0.13645998,-0.049558695
DNAJA4,-0.0006435706,-0.06746662,0.06874715,0.102704085,-0.14874949,0.042380486,0.0069750696,-0.2210155,0.019361302,0.07544647
GNPTAB,0.13160796,-0.19221224,0.037552625,0.05437167,-0.18081181,0.32299364,-0.007417176,-0.14455125,0.22875907,-0.05773051
ITGBL1,0.0720422,0.15294993,0.014194756,-0.10522659,0.25065938,0.09038993,-0.12645085,-0.1537055,0.08258422,-0.14533965
PTPRC,0.30556688,-0.09114743,-0.054487586,0.040113356,0.0025265315,0.056893647,-0.0065272627,-0.08331464,-0.031247607,-0.0248263
BMP2,-0.052956983,-0.043837447,0.107373,0.016557768,-0.023234105,-0.01244785,-0.07144319,-0.15494433,0.08253332,0.15037093
CD83,0.068577245,-0.07342118,0.16001669,0.029001605,-0.0047143297,-0.036130182,-0.0690634,0.0640457,-0.1941637,-0.13975523
COBLL1,0.0007767595,0.114912726,0.07715274,0.045182336,-0.09130768,-0.14624453,0.0064714625,-0.08651729,0.1602284,-0.27334303
ECT2,-0.05403064,0.014806825,-0.049930476,0.37206972,-0.20553255,0.01470998,-0.009203694,0.035016987,0.007068349,-0.097651735
ARMCX2,0.040614188,0.14390649,0.019525057,-0.0024783143,0.10471493,0.029752754,-0.13270141,-0.10549797,-0.043063655,-0.034507487
BMP6,-0.06744052,-0.15062912,0.20707324,-0.028568458,0.0150294,-0.11439773,-0.08806784,-0.087425776,-0.0854225,-0.041756634
FABP5,0.098640956,0.063634254,-0.1704918,0.0883742,0.3779196,0.0028134715,0.042184647,0.0035082581,-0.0012252027,0.16977203
MXRA8,-0.06441108,-0.06861681,0.14909798,-0.022702951,0.068434656,0.0876654,-0.31225643,0.06629864,-0.09157571,0.061935432
PAQR8,0.044470407,-0.06085837,0.20748481,0.033734273,0.04582111,0.105493754,0.0660912,-0.16939445,-0.122982085,0.004110931
PDE7B,0.05940881,0.11942617,0.26493537,-0.07975809,-0.0844594,0.09213447,0.04752379,-0.020731343,0.02545477,-0.1084382
PFKFB3,0.07967558,0.020385733,-0.068849884,0.10107942,-0.0018908766,0.10940821,0.025904944,-0.068621404,0.02595646,-0.23754983
MRC2,-0.04388228,-0.16863109,0.17091781,0.010914176,-0.012461622,0.11228431,-0.334266,-0.012972748,-0.0063399784,0.050661407
LAPTM5,0.2792005,-0.14609446,-0.029375136,0.0015410099,-0.028063225,0.17541015,-0.0056056916,0.04396098,0.004042106,0.082287714
KNTC1,-0.033006884,-0.037222102,0.059131052,0.29993886,-0.09676346,0.0049581043,0.0067518484,-0.038548507,-0.067737386,-0.07191468
SNX10,0.14896478,-0.2174581,-0.0221354,0.0015130683,-0.09905815,0.31656602,0.08879569,-0.03466417,0.13712361,0.0713056
SERPING1,0.15180108,-0.01753264,0.14968191,-0.12334201,-0.07231914,0.046579055,-0.04185201,-0.10285953,0.011541829,-0.20382753
BTK,0.2865973,-0.1026598,-0.10528661,0.023700299,0.046393704,0.16763934,-0.012278673,-0.017431978,0.03477863,0.044404827
OSCAR,0.1271827,-0.23210803,0.0054707197,-0.021593701,-0.12856798,0.33221066,0.0018778569,0.032613456,0.19816315,0.24587092
SYT12,0.0065310295,-0.13347962,0.013630422,-0.0014770383,-0.03583258,-0.017844066,-0.17211355,-0.19290291,0.19255637,0.20966569
ACOT7,0.0022727337,-0.029984761,-0.112830505,0.20620103,0.021618035,0.023054142,0.04578026,0.04170915,-0.07942364,0.14907056
SLIT3,-0.032998275,0.014597609,0.24645618,0.0011367839,-0.07167935,0.077494435,-0.15967385,-0.067122996,0.03947577,0.100727744
ABLIM2,-0.015832666,-0.1697473,0.12517177,-0.043275,-0.1533659,-0.011372582,-0.0025065835,-0.23784792,0.0732467,0.013878039
CDA,0.21088535,-0.07347241,-0.11178696,0.0016545735,-0.083965465,0.09807685,0.06290322,0.08598947,0.014794205,-0.019412378
NR4A2,-0.007593225,0.13452378,-0.03686728,0.04291778,0.22826715,-0.04237938,0.048566215,-0.09921402,0.13254815,-0.051495947
ADCY7,0.20127712,0.19197111,-0.031755414,0.0015354876,0.044806533,0.09637791,0.00039952408,-0.12214576,-0.01788044,-0.10656135
TPM2,0.04267488,0.04759534,-0.1139957,0.021678913,0.07019174,0.039711468,-0.04501846,0.09423168,0.052592896,-0.099309005
PTGFRN,-0.047961675,0.08846068,0.27303475,0.06361582,-0.15693697,0.104753256,-0.14515054,0.024547186,-0.13744035,-0.23668613
ISLR,0.004819914,0.16982967,0.21808273,-0.032710698,0.00658444,0.10333603,0.022753779,-0.0049592447,-0.09563943,0.19746362
TNFRSF11A,0.13811125,-0.22325915,0.03501419,0.0005549945,-0.004022071,0.32654086,-0.05436687,-0.042113412,0.17652659,0.106261805
HYOU1,-0.0027585207,-0.0778467,0.010179766,0.23648776,0.07209639,-0.017605197,-0.045922376,-0.05640454,0.038821835,-0.12827533
DLX5,-0.09246608,-0.13718334,0.21597679,0.0058702407,0.028486656,-0.0072784405,-0.18291521,-0.012243484,-0.11655627,-0.0071692057
HOXB8,-0.044436004,-0.038076207,0.16584066,0.0032802087,0.104590185,-0.054053836,0.0017610023,-0.046112113,-0.05347916,0.065252155
HOXA5,-0.06031521,-0.06506362,0.18343976,0.055857748,-0.033223342,0.025893,-0.00820028,-0.12826708,-0.029893976,-0.006248869
HSPA4L,-0.034373626,-0.06206976,0.022621745,0.17354712,-0.011609096,-0.091989286,0.16382861,-0.29321527,0.0445414,-0.07321078
MTAP,0.042483557,-0.0042650527,0.02473438,0.079201184,0.045939084,0.010738811,-0.0009819769,-0.077546045,0.040226325,-0.29424036
SLC16A9,0.0756419,0.1729837,0.022447051,-0.0011256809,0.12001594,-0.005524827,0.010037158,-0.17246014,0.103960045,0.029370515
VWF,0.093697555,0.17900601,0.051197536,0.006800044,-0.10348941,-0.16239253,0.007755699,0.07057758,0.2874231,0.04628653
TNFSF11,0.01979394,-0.17367172,0.08777307,0.006810348,0.15953128,0.24175893,0.05186916,0.020960843,0.1702051,0.1170479
NCALD,0.018079298,-0.012148805,0.20849797,-0.020724347,-0.0051889224,-0.024946282,-0.015793625,-0.015658855,-0.0139184585,-0.12612623
PFKM,-0.021343365,0.021514561,0.057382442,0.08420135,-0.17410153,0.0100244945,0.018389592,-0.22533463,0.04889367,0.16382955
CD200,0.02885204,-0.20027979,0.28794152,-0.079999164,0.055493794,0.08284275,-0.112372145,-0.016871015,0.087776676,-0.102053285
MLLT3,0.009669534,-0.01562743,0.097374246,0.03363721,-0.2831276,0.04818349,0.0015384492,-0.21795249,-0.06346014,-0.026840547
VEGFC,0.1129571,0.060146432,-0.0066641797,0.052798,0.012675339,-0.008873202,0.072901845,0.21904111,0.25053,0.007929233
CYP26B1,-0.053020947,0.12498862,0.2790691,0.0065883687,-0.10815923,0.058982473,-0.083526134,0.049565084,-0.052802034,0.009349047
FGR,0.2843184,0.0060557686,-0.022650681,-0.0042423904,0.01172753,-0.11194397,-0.008246748,-0.06311593,-0.07633332,-0.032274347
CYP51A1,-0.072161935,-0.013712744,0.06753047,0.19494466,0.30123058,0.08359658,-0.029667743,0.08232298,-0.14280923,-0.14225166
ABLIM3,0.13449876,0.12713112,0.18135679,-0.026384018,-0.090811715,-0.14545563,0.044288516,0.14471692,0.2952518,-0.019015478
IRX5,-0.081493884,-0.14981535,0.14263487,-0.020524288,0.012097784,0.03273071,-0.18001504,-0.18427111,-0.045470078,-0.0197004
ARHGAP30,0.31532538,0.0006406279,-0.06996383,0.028323416,-0.10152217,-0.0083350325,-0.056715842,-0.057797734,-0.1187539,-0.011795883
CRTAC1,-0.04635395,0.09223688,0.1533688,-0.006535994,-0.015760312,0.0029999593,0.089496575,-0.019901102,-0.09729902,0.2732108
CARD11,0.25920537,-0.03222124,0.15431806,-0.05829253,0.0021943003,-0.039246768,0.032250963,-0.015061587,-0.19396454,-0.04487762
S100P,0.16991249,0.11012191,-0.16437791,0.058467764,0.11069587,-0.08776704,-0.0011092492,0.0044390983,-0.160122,0.041467886
OLR1,0.17513862,0.0028776468,-0.031050734,0.058424108,0.0040985304,0.004887588,0.016279012,0.12211497,-0.009868013,-0.1337911
SLAMF9,0.16837199,0.021948753,-0.023077857,0.008693366,0.03581359,-0.05993927,-0.020431524,0.16027461,-0.08070754,-0.033820488
COL1A1,-0.050615776,0.11932268,-0.026894573,-0.004722355,-0.07914058,0.12102729,-0.50151145,0.044104964,0.1601855,0.11613506
DOCK2,0.31791097,-0.008965652,-0.022622293,0.04232804,-0.0977178,-0.04287664,-0.083114736,-0.08501299,-0.14401495,-0.089827545
KCNMA1,-0.04994415,0.066439316,-0.013191561,0.034236908,-0.2243104,-0.09903301,-0.26929176,-0.2751327,0.15769845,-0.060494505
ALPL,-0.0849533,-0.22653358,0.12112827,0.0822775,0.00016639153,-0.059526928,-0.33816904,-0.014933463,0.04737369,0.07296004
SOCS3,0.13150097,0.04133717,-0.047760148,-0.0021510196,-0.005752113,0.08714417,0.11423299,0.08006178,0.16646788,0.016902138
MCM5,-0.043669663,-0.051756952,0.08417675,0.277425,-0.08090595,-0.0036011052,0.065309204,0.09007062,-0.1270306,0.052751847
CX3CL1,0.102993235,-0.010214488,0.29995498,-0.0028450005,-0.016822618,-0.050153084,-0.0024742743,0.021728607,-0.11713376,0.104931995
GPC6,0.030796198,0.1296743,-0.10099175,0.048747852,-0.006575792,0.062697716,0.07622627,-0.24746783,0.13347003,0.0077446853
PCDH17,0.0998586,-0.008143224,0.24152555,0.01640877,0.25861874,-0.123803735,0.043384276,0.07385503,0.30633423,0.049245592
LOXL3,0.041056097,0.16570808,0.050279018,0.0320721,-0.15044816,0.119688936,-0.0108956685,-0.07028988,-0.071931735,0.08983911
MCOLN3,0.051538195,-0.09540485,-7.2607436e-05,0.031055924,0.0035092845,0.30436888,0.15591113,-0.160064,0.041253418,0.027369475
SCARA3,-0.020601518,0.010529399,0.037117537,0.09374563,-0.09930655,0.01018094,-0.15189391,-0.034768146,0.109300606,0.06179448
GPR65,0.28454638,0.013731604,-0.059711955,-0.003476597,0.39099404,-0.052327562,-0.07572415,-0.038393162,-0.16269988,-0.039015997
PPFIBP2,-0.055040173,-0.20972325,0.2194621,0.026420012,0.0388167,-0.075892955,-0.25483167,-0.15074676,-0.043450538,0.00089705834
RECQL4,-0.06342391,-0.017287048,-0.017741024,0.20934364,-0.09761278,-0.05721282,0.0070606587,0.13589884,-0.097681426,0.23925814
CILP,0.0524632,0.13523772,0.1582164,-0.015454739,-0.00061762484,0.018174086,0.0606866,-0.039301574,-0.013947713,-0.15504813
IFIH1,0.16701426,-0.104367435,0.14381403,0.01192523,0.0073042554,0.0037076948,-0.10611654,0.0815338,-0.15371297,-0.25266662
SEMA6B,0.06288637,-0.12666021,0.2662393,-0.04588161,0.15510483,0.12849005,0.064413615,0.16647433,0.09510361,-0.04637499
KCNH3,-0.103286825,-0.014813323,0.1278175,0.100487195,0.07394143,-0.045790542,0.00398758,-0.19428949,-0.102534235,0.19049889
CES2,-0.03971885,0.007300887,0.21734606,-0.09745773,-0.17444597,0.018819226,0.16122407,-0.14843374,-0.14817134,-0.039949965
DHCR24,-0.07465336,-0.102334596,0.0035878296,0.23701274,-0.04822931,0.044719983,-0.10308378,-0.07997278,-0.020685714,-0.023842515
NCF2,0.28196338,0.038168356,-0.13861214,0.056689415,0.31497175,-0.05164927,-0.05248511,-0.009344724,-0.124974936,-0.00097455474
SIX2,-0.05794777,0.07146077,0.23117775,0.02041956,0.023800116,0.07428259,0.015456829,0.21305063,-0.17700054,0.16889487
BOC,-0.08892626,0.07062003,0.19378133,-0.0021786445,-0.06369344,-0.028045053,-0.22441739,-0.14940879,-0.06522843,-0.05787549
LTBP3,-0.0045398134,-0.06197692,0.28799435,-0.1352036,-0.014817531,0.08722458,-0.0106112445,-0.11849249,0.013721797,-0.09883696
FAM89A,-0.012296292,-0.015283841,0.16994147,-0.04320093,0.27361837,0.033971712,0.01841428,-0.08679617,0.09845501,0.102218784
RAPGEF4,0.022740755,-0.15326643,0.21218961,-3.7521644e-05,0.008554035,-0.09328273,-0.049504668,-0.09225326,0.18290158,-0.20884186
ASPM,-0.07235133,-0.0039388635,0.010611197,0.369237,0.14483956,0.0022432036,-0.074532785,-0.02127776,-0.0063156136,-0.14519675
CLMN,-0.029571675,-0.06834621,0.24684319,0.023861103,-0.072094254,-0.0027590084,0.0028274634,-0.14165962,-0.07313505,-0.013356441
SATB2,-0.07526973,-0.25788414,0.16886571,0.08606675,0.030629681,-0.057607125,-0.2523513,-0.15780166,0.068862244,-0.043110993
LOXL4,-0.075783044,-0.09191624,0.024813663,0.007033297,0.22818264,0.0013015794,-0.24751146,-0.19492388,0.08161722,0.0916498
NTRK2,0.010238146,0.18059877,0.07338761,-0.0044427505,-0.13899012,0.0046170685,-0.019773422,-0.21716177,0.0714309,0.06981538
PANX2,-0.05119558,-0.009018585,0.13528939,0.09486026,0.031407952,0.028206274,0.010017272,0.024331631,-0.13555588,0.0016955666
CPT1C,0.04974384,0.06717631,0.14033708,0.06702733,-0.07885507,-0.0679535,0.06709222,0.13134746,0.27875915,0.07088766
MEPE,0.01416493,-0.12644263,0.034297153,-0.022271799,-0.010044307,0.0090074735,-0.12718727,-0.17300154,0.18152979,0.23592818
LY96,0.24939243,0.027202329,-0.04216984,-0.065579735,0.14654617,0.09811611,-0.058597963,0.13152377,-0.037776537,-0.03191782
GREM1,0.06543408,0.11484139,-0.020900173,-0.00033653888,0.03082071,0.19865541,-0.022511018,-0.010202005,0.043430082,-0.0415818
OSM,0.16208379,0.023121785,-0.1052702,0.106730334,-0.012412002,0.0011303582,0.10730422,0.18363947,-0.061291784,0.09846167
ALDH1L2,-0.03129388,0.1437718,-0.15900083,0.10023782,0.13195716,-0.0028300805,-0.37729016,0.026691789,0.17930077,0.03965552
ZFHX4,-0.06371089,0.0040401183,0.2298675,0.05273044,0.041088946,0.047031667,-0.13681366,-0.23629348,-0.05257753,-0.057383396
MYO6,-0.021264365,-0.22955744,0.11466454,0.025260657,-0.09987324,-0.016943788,-0.06768507,-0.20368372,0.05759826,-0.21216156
IRX3,-0.029139228,-0.12234941,0.21271518,-0.0009392948,0.002595749,0.17337698,-0.040798236,0.11310352,-0.16159253,-0.111693375
IRF1,0.22062503,-0.08237314,0.063440554,0.019878346,-0.09092631,-0.069029614,0.0061197067,0.11253924,-0.1797498,-0.20063442
OLFML2B,0.06783575,0.027523167,0.15162584,-0.0056670746,-0.08255627,0.19518366,-0.27402243,0.21928021,0.05510495,-0.094371185
MEGF10,0.086825654,-0.09077164,0.21486938,-0.004231774,-0.018150968,0.24676666,-0.02172831,-0.062855884,-0.03284059,-0.095240295
FAM81A,-0.063578025,-0.009076934,0.028693479,0.1869706,0.06638469,-0.010076361,0.0012455562,-0.08891531,0.032675862,-0.09804076
BMP3,-0.008695612,-0.13649602,0.1976986,-0.059357457,-0.0065269615,0.023727974,-0.16501144,-0.1794639,-0.048309825,0.030714752
LIMS2,0.12350141,0.15111436,0.08810457,-0.12834959,-0.13266966,-0.1298013,-0.021851268,-0.08446951,0.093103945,0.0023086194
IGFBP2,0.05852586,-0.0063378853,0.12116583,-0.07511514,-0.012062438,0.008040639,0.02901279,-0.2167293,-0.09512736,0.07755655
SLC2A6,0.054245733,-0.06277698,0.0057051247,0.07571064,-0.08707943,-0.020258984,-0.03873859,0.08440172,-0.13624282,-0.04945339
GCA,0.14362514,-0.18629645,0.15227239,-0.0010556106,0.019297786,0.018046942,0.097131416,0.0039906665,-0.15123975,-0.054791644
C1QTNF6,-0.0038790097,-0.005687289,0.20779076,-0.002029316,0.007431472,0.13803434,-0.35554543,0.27332032,-0.006651026,0.20173098
TNS3,0.14879176,-0.11597201,0.17261925,-0.010249404,-0.016862102,0.16137691,-0.06935238,-0.10717479,0.025063924,-0.05013019
PAPLN,0.0569797,0.13914922,0.10271352,-0.023079414,0.20161292,-0.011008992,0.013958424,-0.13233979,0.15210892,-0.10650216
ABCC4,0.035639353,0.11058972,-0.0066231987,0.049682636,-0.06286051,0.09012254,0.021021005,-0.27280593,0.13154095,-0.15928236
FHL2,0.037471507,0.124469236,-0.12149131,0.039625365,-0.003907968,0.23097445,0.120165154,-0.0020036038,-0.03319211,-0.0027973503
OLFML3,-0.017246334,-0.03644101,0.22029532,0.1256404,-0.0064999713,0.13812275,-0.22433318,0.2149675,-0.063649334,0.052309904
KLF4,-0.064406,0.01222469,0.020751944,0.0010534608,0.13601412,-0.046884883,-0.23016927,-0.20949598,0.044289466,-0.16521412
SEMA3G,0.1245941,0.090384305,0.15944651,-0.037279163,-0.046434764,-0.16801682,-0.025278233,-0.09195907,0.28011164,0.07127652
LAMB2,-0.023606887,-0.03901309,0.2099972,-0.05520786,0.02981986,0.02477009,-0.12302752,-0.11333285,0.037739106,-0.23382321
VAV1,0.32338524,-0.046585258,-0.046951104,0.0016075847,-0.0026511212,0.029199442,-0.03777626,-0.000276451,-0.1039768,0.0420227
OCIAD2,0.07313373,-0.05951243,0.007924079,-0.0006717492,-0.085074395,0.12856837,0.13229185,-0.017792031,-0.05861895,-0.22469443
FBXO32,0.0070304484,-0.022857428,0.18850327,-0.037454613,-0.09602025,0.0040603722,0.12839468,-0.1419753,0.059949443,-0.105550826
GJB2,0.07442543,0.03355457,0.0049618552,0.03025508,0.053997252,0.26828057,0.037127115,0.0063715964,-0.04056238,0.04576915
HNMT,0.19208692,-0.015588486,0.02305463,-0.019369567,0.030226123,0.043250192,-0.05007242,0.055827774,-0.003152949,-0.14514947
PLXNA3,-0.055508476,-0.036449537,0.18470865,0.030116862,0.044989128,-0.014233606,-0.1716193,-0.18433678,-0.046925407,0.12813188
TLR1,0.2787778,0.015554336,-0.047529925,0.044109207,0.3729511,-0.06072395,-0.12563786,-0.07136537,-0.10625451,-0.057346478
PAWR,0.00515483,0.13741067,0.1015101,0.0088843405,0.033557028,0.11359122,0.117477514,0.009010173,-0.12032239,-0.16689683
TLR4,0.2863533,0.05016467,-0.08482527,0.00059966673,0.011765333,-0.083365776,-0.085322134,0.0028188373,-0.043644454,-0.055278856
FGFR3,-0.13534285,-0.010197876,0.16844685,0.0066557676,0.033332147,-0.1067744,-0.21835974,-0.11856979,-0.046288475,0.2512898
RGS10,0.15731798,-0.22008564,-0.043149058,-0.063488424,-0.14022464,0.22207616,-0.06534277,-0.028709622,0.100504376,0.2731361
PPFIA3,-0.0075276922,-0.06467319,0.15059635,-0.027811375,0.012261075,0.17396064,0.1310349,-0.035744235,-0.072560444,0.08659237
PDGFRA,-0.010426463,0.012506137,0.16311258,0.03890977,0.020432996,0.10948802,-0.18155892,-0.025282621,0.07490671,-0.113507025
OLFML2A,0.09898187,-0.01822527,0.38439563,0.023022646,0.010978918,-0.07548838,-0.062563784,0.09820585,0.17800382,-0.0941448
ARHGAP15,0.24440189,-0.0013282305,-0.017832216,-0.010370402,0.07362354,-0.13329867,-0.005522545,-0.020754514,-0.114105746,0.07275343
CRISPLD2,-0.009059058,0.27773857,0.015067174,0.0057446356,-0.07119079,0.061740693,-0.16650946,0.1590745,0.046599474,0.21149068
EGLN3,-0.015742214,0.043837372,-0.055420738,0.1215327,0.25713173,0.040053833,0.11513373,-0.015560871,-0.10040744,0.036745418
EMILIN2,0.12986243,0.13582514,-0.1577814,0.10137603,-0.030312749,0.047612477,-0.06432296,0.020351076,0.117138356,0.05721683
SHANK3,0.10850562,0.07541215,0.31603065,-0.0162843,0.025885561,-0.18375911,0.02096109,0.058026347,0.3432954,0.00994475
PDZRN4,-0.032782603,0.15965745,0.06163736,0.04704105,-0.0022993938,0.10497154,-0.058777824,-0.027337845,-0.03670582,0.30783835
RASSF2,0.22257853,-0.051685765,0.08786752,0.004869995,-0.03260999,0.0017117225,-0.017760016,-0.16227356,0.12525904,-0.13008113
FZD9,-0.06590435,0.12239624,0.058364037,0.013530397,-0.007366639,-0.010021942,-0.120713614,0.004041571,-0.07380802,0.265879
FRMD3,0.05900351,0.06677185,0.046459485,0.011188657,0.0061634965,-0.18256621,-0.009050681,-0.19182993,0.22921617,0.07722566
EPHX1,0.0076165744,-0.068878904,0.25443,0.009336583,-0.09191137,-0.005660328,0.07369867,-0.009846599,-0.20019412,-0.009534475
PCOLCE2,-0.035972636,-0.055480216,-0.041911878,0.11407249,0.016686587,-0.14702907,-0.111928456,-0.17105502,0.08536964,0.012999394
SLC4A2,0.08192268,-0.20749994,0.07681955,0.067597106,-0.07703564,0.34628093,-0.00033970058,-0.032216888,0.18955687,0.04542853
CLEC7A,0.25816107,-0.05784659,-0.06731749,0.011962569,0.17971334,0.09604656,-0.117273465,-0.008112043,-0.0513916,0.066502765
USP46,-0.057160206,0.042444184,0.1168389,0.18494037,-0.14974745,0.058770277,-0.072212465,-0.17590243,-0.035184104,0.11220041
KLHL8,0.0996299,-0.1965061,0.046939652,0.07327718,0.20060031,0.2536536,0.009045905,-0.1368163,0.24553876,-0.0027343768
EPHA4,-0.014341905,0.17179972,0.26153874,0.026258748,0.002588478,0.017111737,0.019011503,-0.011405291,-0.094524525,0.3010671
RRAD,0.001223384,0.068992905,-0.024220707,-0.011211902,-0.18369253,-0.03114041,0.08173289,-0.095006384,0.035778612,0.23880355
RTN1,0.06142307,-0.05283791,0.03209842,0.10479798,-0.11633659,-0.053041156,0.08061725,-0.22831784,-0.028941274,0.20925514
CDCA2,-0.06596284,0.013889605,-0.06422437,0.36162418,-0.15995726,0.0039130026,-0.013108636,-0.021362007,0.017474804,0.0054750713
SDSL,0.10760853,-0.084728986,0.10032401,-0.002098507,-0.15286738,0.06649316,8.501766e-05,0.035190947,-0.120370775,0.08256028
KCNB1,0.005078072,-0.08032878,0.3116472,-0.059300877,-0.009491275,-0.114695854,-0.011223153,-0.20770408,0.033894815,-0.0007751614
GULP1,-0.010106029,-0.007553677,0.1673374,-0.0041188817,-0.0032198257,0.0061884313,-0.09633354,-0.16547363,0.026861671,-0.17911246
HOXC13,-0.05059821,-0.030955834,0.2389877,-0.0018308318,0.06012165,-0.010251389,0.1249317,-0.122790284,-0.20042701,0.03868868
DPYD,0.2013327,0.064030275,-0.09188177,0.08868909,0.37003353,0.121904716,-0.025023332,-0.060746074,0.0014617929,-0.13396548
PLSCR1,0.1523668,-0.07458744,0.0037246225,0.08386181,0.3893174,0.015469111,0.022511082,-0.005560161,-0.086060874,-0.15823404
PLK1,-0.04108272,-0.033311624,-0.03660176,0.34786373,0.033635084,0.0018043924,-0.018559232,0.021646654,-0.0008153415,0.09091331
CCND1,0.048494894,-0.038969636,0.17660648,0.006015701,-0.09146612,0.09901072,-0.038134504,0.075636014,-0.008892091,0.0073588258
FZD4,0.08821702,0.089731805,0.23557103,-0.0042217458,0.0017305224,-0.16962847,-0.035528593,0.02445689,0.28447682,-0.14639442
SLAMF7,0.23249334,-0.15910603,-0.07463904,0.0060177688,0.07371879,0.07800848,0.082639135,-0.075261146,0.05540564,0.02809213
CSF3R,0.23276614,0.009186811,-0.030271478,0.02660967,0.066240154,-0.05247882,0.06561487,0.047639266,-0.1147659,0.08897217
RYR1,0.06041271,0.052472267,0.049909566,-0.04137605,0.085469514,-0.06908109,0.11503162,-0.25252497,0.033738118,0.08611181
TTK,-0.04579659,-0.024954671,-0.032895144,0.3519852,0.15068021,0.010530644,0.0005799707,0.042053133,-0.019993015,-0.066334486
PRDM1,0.21686937,-0.121217385,0.042240474,0.039394904,0.3105456,0.206888,0.09296101,-0.0072298436,0.17485932,0.026873972
PSMB10,0.20331965,-0.036747538,-0.06327387,-0.00069281313,-0.12864585,-0.15727492,-0.05280425,0.14870398,-0.13058083,0.04967958
PDGFC,0.041408394,-0.113930486,0.11872192,-0.002254564,0.23717654,0.10613567,-0.004587524,-0.15605067,0.08177973,-0.23470843
ZBTB16,-0.05935609,0.03831096,0.061875105,-0.122557,0.003686032,-0.13919254,-0.08234291,-0.29615507,-0.021365454,-0.0028257638
ME3,0.11774228,0.043387983,-0.10850197,0.0015565113,0.025134701,-0.0016300725,-0.03297798,0.06039628,0.09735321,-0.102472685
BLVRB,0.10141772,-0.034777585,-0.0665316,0.005438445,0.36320412,0.00015862017,0.03161347,0.17104188,-0.13692918,-0.009176486
CAPN6,-0.0163392,0.20009664,0.10277742,-0.0046246513,-0.2381296,-0.0044751577,-0.011748784,-0.14184956,0.027146166,0.23682277
SERPINF1,0.02497479,0.066741675,-0.01974048,-0.052499488,-0.024446253,0.117808826,-0.29219306,-0.102157794,0.1963157,0.28519133
SESN3,0.060427196,0.10051976,0.14787692,0.021366475,0.19862367,0.026130715,0.010075562,-0.21112844,-0.00545018,-0.18355548
KCNJ15,0.11166816,0.08055485,-0.017440613,0.011382865,0.09667246,0.06128721,0.032310184,0.01122669,0.115692765,0.033430774
AASS,-0.022008993,-0.031008555,0.22617704,-0.0006233746,0.06190691,0.022077154,0.037990183,-0.28290632,0.029100638,-0.1624007
CDCA3,-0.06414132,-0.03856479,-0.026735798,0.27952853,0.234249,-0.03187073,-0.024512606,0.10096129,-0.055803478,0.17518447
CSF1R,0.24579944,-0.17465737,0.0032573154,-0.0005458845,-0.05254828,0.23315741,-0.08429598,-0.007279926,0.07125606,0.07639218
LEPR,0.07298208,-0.09172074,0.18068393,-0.014589899,0.02596169,0.14494312,-0.07337499,-0.089895725,-0.005805199,-0.11410174
PRRX2,-0.11361743,0.014929091,0.15816087,-0.036026265,0.07453894,0.00045745051,-0.22207819,-0.01857323,-0.109976195,0.15652755
PRR11,-0.017615173,-0.011050615,-0.06980085,0.31991407,-0.07247701,-0.0015332903,-0.029953655,0.09126368,-0.0008589622,0.014864689
PGM5,0.09403245,0.16405432,0.21973349,-0.009566583,-0.058905445,-0.08114092,0.13448513,-0.13813852,-0.026022615,0.008949111
SEMA7A,0.12123856,-0.15169117,0.07361476,0.015139776,-0.035021566,0.22119546,0.1366504,0.16030546,0.07599666,-0.0144108925
RUNX1,0.1109104,0.15179259,0.018802809,0.0013316348,-0.011223848,0.14998575,-0.005111787,0.038215507,0.09129893,-0.22865237
SLC16A2,0.03302082,0.17494011,0.16286045,0.0003848544,-0.08185767,0.110727005,0.006471649,-0.11846973,0.015629318,-0.1123136
ARL4C,0.11516167,0.14158252,-0.07659506,0.049797308,0.08975349,0.15425688,0.012383376,0.13494119,-0.09238768,-0.0040324833
PKNOX2,-0.0018126614,0.009746154,0.2081505,0.011721983,0.0145129375,0.056738578,0.11812137,-0.08924921,0.11358353,0.14275584
NEK2,-0.05488309,-0.09799323,0.01711579,0.34283596,-0.06742532,-0.023390815,0.077112645,0.06464648,-0.03490452,-0.05700925
GADD45GIP1,-0.059125185,0.013807463,-0.07862574,0.010608142,0.33031192,-0.021875484,-0.0036316821,0.16954374,-0.09334884,0.21954924
NPL,0.2689879,0.003445288,-0.017610172,-0.016886963,0.010033105,-0.011293823,-0.092346236,0.018722137,-0.059407834,-0.08354536
SP6,-0.018844409,-0.2604571,0.14411175,0.02241848,0.12978758,0.083485715,-0.045596596,-0.006197477,0.05170618,0.0064058076
NKG7,0.2265799,-0.015014101,0.009957393,-0.000104731815,-0.036433544,-0.14417408,0.08345652,0.0070897937,-0.22876965,0.04451615
CAPG,0.128689,-0.09499178,-0.04054094,-0.0033058687,0.14859526,0.31488246,0.016400052,0.1665942,-0.026642889,-0.07287256
ITGB4,0.1300351,0.11094209,0.16150218,-0.024385525,-0.21785855,-0.09699666,-0.023435585,0.018853394,0.29093772,0.0065765493
ENPP5,0.16697131,-0.12087294,0.12398427,-0.07584443,0.28539297,0.07814473,0.12300789,-0.04696741,-0.035656158,-0.15721248
ACOT11,0.051081724,-0.109896906,-0.005018786,0.056758948,-0.07752192,0.16549383,-0.062117364,-0.19402085,0.2925674,-0.017499933
FBLIM1,0.11128909,0.0050403024,0.28532755,-0.0049727927,-0.083487175,0.08315761,0.11145167,0.10913762,0.09673026,-0.011784409
AXL,0.09348991,0.14951901,0.12825508,-0.014780891,-0.1156685,0.07653268,0.007924755,-0.124905266,-0.046859194,-0.12237806
HSD17B6,-0.018003447,-0.007969696,0.20124178,0.08325705,0.051085416,0.13583472,0.0033751167,0.061073292,-0.21563397,-0.15740977
CAMK1D,0.10187282,0.20770167,0.016222335,-0.0023282384,-0.02176492,0.010248911,-0.011362415,-0.111865856,0.03485956,-0.028580474
MEF2C,-0.025676183,-0.20550561,0.14697601,0.06566695,-0.00014757906,-0.13195057,-0.14888206,-0.30874473,0.07552874,-0.08385805
SMAD7,-0.016609253,-0.18136573,0.262189,0.0032749074,-0.04978633,0.008332149,-0.012958202,-0.06717811,-0.01949576,-0.11352994
SORL1,0.25532436,0.082100235,0.005306296,0.028095158,0.037932888,-0.07527975,0.15078667,-0.15582967,-0.12755108,0.01284701
TCFL5,-0.02419462,0.099055246,-0.011043182,0.096948996,-0.03501275,-0.011646859,-0.004548003,-0.011230341,0.011518168,0.29180834
LMO7,-0.04376651,0.03821833,-0.0010899001,0.0075117033,-0.036099624,0.02278319,-0.17780264,-0.2778576,0.08036104,-0.13834453
DUSP26,-0.03512266,-0.03951203,0.16021161,-0.06343832,0.04625478,-0.108181976,0.07999067,-0.2600877,-0.07580911,-0.052398182
IL18R1,0.079013616,0.09043787,0.10642842,0.0019640978,0.07082773,0.038466606,0.12533836,-0.019565731,-0.020479126,0.05784655
GSC,-0.084674604,0.08954057,0.009332819,0.03620486,-0.026548557,-0.024472818,-0.22027029,0.026402663,0.011270814,0.3362898
DDIT3,-0.022163618,-0.027791452,0.040057488,0.018988157,-0.11801301,-0.01623955,0.0138547225,0.18298613,-0.09595084,0.021173917
SCML2,-0.09379517,0.020574456,0.17810626,0.13659024,-0.11407004,-0.060416315,0.1149206,-0.08517153,-0.1440483,0.19986254
GFRA2,-0.03238294,0.06209572,0.255214,0.013765971,-0.018858911,-0.06939812,0.002149314,-0.1603728,-0.060627744,0.247789
RAI2,0.0011980393,-0.07957297,0.21187137,-0.11849224,0.03362303,-0.119516335,-0.15955058,-0.15959059,0.09941767,-0.08702589
KREMEN1,-0.029096192,0.13390656,0.030655619,0.04436803,-0.19786133,0.14056566,-0.10179364,-0.030702302,0.036937453,0.048600975
BARX1,-0.09375491,0.09913407,0.068686366,0.006469703,0.04222276,-0.019810827,0.0106300805,-0.06889605,-0.13813314,0.22923638
HNF4G,-0.030582922,-0.08411763,0.22190109,0.004897755,0.063312374,0.0045444453,0.052696224,-0.12518263,-0.1539964,-0.0777041
DAB2,0.20233808,0.1833449,-0.02328421,0.014611674,-0.1337276,0.00027959063,-0.14939892,0.006965645,0.041243456,-0.0040047998
SLCO3A1,0.12851265,0.0032753712,0.17613073,-0.029562593,-0.08757528,0.07961796,0.07359097,-0.003903188,0.16092187,-0.21364585
BICD1,0.0019261142,-0.08448838,0.15846416,0.07544799,0.002256342,0.042092185,0.0399654,-0.25570408,0.07860299,-0.16363873
RAB30,0.025450302,0.14080705,0.08754424,-0.00077308685,-0.096191004,0.0838176,-0.14467941,-0.113979064,0.016027011,-0.363458
LRCH2,0.0024690768,0.14015211,-0.020982325,0.073346265,0.009534179,-0.053068105,0.008670378,-0.28253314,0.097339965,0.15408549
TPBG,-0.002983005,0.10226955,0.023917196,0.08663157,0.24115399,0.16203733,-0.036840558,-0.060924243,0.07104945,0.063686736
RHBDL3,0.004407663,0.08515109,-0.040292535,0.09960669,-0.041158285,0.024774678,0.02257974,-0.09016202,0.17520694,0.09233498
THBD,0.11706746,0.09381258,0.120383866,0.0035853402,-0.042542,-0.12274022,-0.13325854,-0.0113944225,0.23617373,-0.10428837
ITK,0.15998958,-0.14657462,-0.0111501645,0.0627402,-0.014431551,-0.18267041,-0.009620573,-0.24745862,0.013123563,-0.04138017
MID1,-0.07884847,0.053927153,0.18952057,0.041258488,0.0031927382,0.0955215,-0.1419465,0.043616947,-0.111681536,-0.10816796
INPP4B,0.11207849,0.14909449,0.020697448,0.021950351,-0.030398745,0.004291233,0.0997091,-0.10421374,0.14241262,-0.09348182
LGI4,0.018554445,0.062269773,0.01725975,-0.18140922,-0.02058275,-0.0054080226,-0.10754601,-0.13984494,0.09828788,0.05222421
RAB3IL1,0.14635372,0.2238478,-0.07593914,0.010569454,-0.08054747,0.01432123,-0.06489867,0.07247662,-0.0011864644,0.11480187
DLL4,0.047812868,-0.030876664,0.28660834,0.0062505035,-0.04338425,-0.18957518,0.0824401,0.30165175,0.3147926,0.0905156
CDH5,0.14794575,0.0061416156,0.2876239,0.030962626,-0.007616789,-0.18896015,-0.0063531827,0.24657345,0.3995477,-0.007510842
CA9,-0.05800558,0.23088701,-0.15936673,0.06865141,0.025620362,0.082543336,-0.02162493,-0.014323784,-0.07438342,0.03063129
COL1A2,-0.075274855,0.056325242,0.0143034905,-0.0016902615,-0.021081856,0.103020005,-0.5457712,-0.005049457,0.15624538,0.04879727
CSAD,0.061137207,-0.12756027,0.12498594,0.054072987,-0.022106187,0.11214873,0.063849516,-0.052380346,0.109946445,0.12464474
MATK,0.12534471,-0.21436976,0.03485511,-0.044946574,-0.073848486,0.3250908,-0.0028054665,0.076611765,0.14980422,0.19606157
PLA2G7,0.17495771,-0.009636847,-0.15890785,0.08801861,0.032812536,-0.027619245,0.021693546,0.0030215369,-0.046511944,0.03713088
ABLIM1,0.046429332,-0.05173824,0.08204322,0.081373915,-0.036905516,-0.20160341,0.0030913735,-0.21620233,0.22155678,-0.19430351
MPP2,-0.028980622,0.055774394,0.20611128,0.11573988,0.040253162,0.02910713,0.119976304,-0.11276109,-0.19339533,0.12556732
BANK1,0.06844339,0.1156407,0.00064029323,-0.05065929,0.017378295,0.054475415,0.014304015,0.017957766,0.02891168,-0.18112835
CYP4V2,0.23261242,-0.028941117,0.010626487,-0.06354662,0.0019941048,0.05443863,-0.06517314,-0.044076446,-0.098018,-0.18002604
ESAM,0.11953241,-0.0006511377,0.21478046,-0.029196246,0.30692926,-0.2297104,-0.006363675,0.27108458,0.40537614,0.0982351
CX3CR1,0.1902542,0.053391326,0.1366932,-0.044742063,0.09453942,-0.015626956,-0.21773191,-0.081522346,-0.10022285,-0.0613403
KCNJ8,0.06227625,0.1505091,0.1189988,0.00042050588,-0.036006123,-0.17215602,-0.02149502,0.023531966,0.24919836,0.10869139
CTSW,0.1959049,0.008985598,0.025441125,-0.00064421096,-0.016640017,-0.13287184,0.10699945,-0.05233264,-0.18410999,0.09333467
TGFBR3,0.10299387,0.18756852,0.14073654,-0.010350987,-0.031571645,-0.057855282,-0.0056919404,-0.111721955,0.06784738,-0.14361458
GNAI1,-0.050821133,-0.09974081,0.12625487,0.002775382,0.22015014,-0.017297624,-0.1108309,-0.35127032,0.09134794,-0.08774068
DOK3,0.2441916,-0.16754778,-0.00089103606,-0.037741806,-0.007639306,0.18854372,0.06825657,0.044444665,0.0009987345,0.16194259
PLCB2,0.22213665,-0.19606684,0.04488135,0.0041174795,-0.02027373,0.15662819,0.011800677,-0.037294995,-0.0056454875,0.19575629
CLSTN3,0.08517942,-0.012447611,0.27835792,0.0064884983,-0.09737029,0.16400966,0.08748354,-0.0025976286,-0.09513263,0.045481272
E2F7,-0.048764136,0.11570801,-0.0038885265,0.34873468,-0.086333916,0.058852028,-0.01157816,-0.0041840845,-0.00730157,0.011216669
TP53I11,-0.03651598,-0.18482162,0.23821184,-0.0061456445,-0.1912246,-0.16881114,-0.2786208,-0.07505873,0.009107266,0.16304916
CREB3L1,-0.07010177,-0.058611974,-0.025070291,0.0779334,0.17486826,0.0074657705,-0.40996405,-0.0052859266,0.12732147,0.09085936
COL16A1,-0.060538843,0.12547147,0.12978253,-0.0036297129,-0.00791537,0.23912016,-0.3068452,0.14080809,0.025123682,0.070282646
IRX1,-0.06561449,-0.016519252,0.188192,0.09112847,-0.19323462,-0.07600897,0.010363203,-0.004929107,-0.17107844,0.22343482
ITGA3,0.14140162,0.05965012,0.09613268,0.0011573979,-0.0047154375,0.03162293,0.20571522,0.07720591,0.1854933,-0.12447005
ABCA1,0.21476437,-0.038249392,-0.00602901,0.0811273,0.01734223,0.0016054899,-0.024476415,-0.24899623,0.09164227,-0.08575111
FCGRT,0.19450082,-0.06317778,0.09366417,0.004237021,-0.09739749,-0.058470644,-0.110747315,0.024246175,-0.104933836,0.36732596
PARP3,0.102361485,0.043514084,-0.019502241,-0.023219422,-0.16138081,0.14091986,-0.15727988,0.011698854,0.17758806,-0.1464831
ATF7IP2,0.12324569,-0.106820785,0.15903383,-0.0032225756,-0.005202624,-0.10566515,0.07983168,-0.060559113,0.09699813,-0.023430241
NOX4,0.10867765,0.09664765,0.0737553,0.0032871647,0.15226638,-0.019905098,0.13375492,0.07624371,0.3198795,-0.21996754
TLR3,0.16326714,-0.050241083,0.11579889,-0.0022991595,-0.0858612,-0.0012904301,-0.11117217,-0.085102774,-0.07942921,-0.32361007
ARRB1,0.20150672,-0.12786302,0.092807025,0.0017599275,-0.081152305,0.070763774,-0.00899916,-0.01508836,0.26714453,0.03966456
TTYH2,0.025600677,0.052455,-0.028609946,0.06889547,-0.18542263,0.17994118,-0.15743284,-0.07355196,0.06070751,0.19643919
PGAP1,-0.032822672,0.06641469,0.13598828,0.23988032,0.09418545,-0.013709477,0.04275915,-0.1569611,0.0451453,-0.078485504
PTPN7,0.2555048,-0.101699725,0.0116084805,-0.0028534196,-0.06921243,0.051848743,0.15583673,0.010101402,-0.006505475,0.14332403
SH3D19,0.00033825394,0.14549099,0.028352214,-0.0346345,0.20020418,0.09498064,-0.10082413,-0.15775841,0.17501524,-0.30306295
HELLS,-0.05845066,-0.024052635,0.013540063,0.32699424,-0.0878997,-0.0018566657,0.046469882,-0.018168973,0.027358664,0.004690389
PTPRU,0.042062946,0.16514027,0.059861798,-0.035880927,-0.0008716508,0.07259701,0.08655802,-0.16290602,-0.013512711,0.047200087
TOP2A,-0.057211366,0.015240121,0.054856084,0.38204226,-0.0062833936,0.023575027,0.02617786,-0.008383471,-0.048503537,-0.04313694
TMEM45A,-0.07320828,0.18755734,-0.05441699,0.050615426,-0.057688486,0.13811919,-0.21837187,0.016594304,0.027887141,0.013234156
PECAM1,0.16149746,0.049877927,0.17663214,0.0012798491,-0.06604769,-0.21160461,-0.009787624,0.19827074,0.40470406,-0.005515131
NR4A3,0.051602867,0.20196746,-0.10099465,0.10513334,-0.0071485452,-0.038816005,0.103585325,-0.039569415,0.07561535,0.005357833
GAL3ST4,0.17933221,0.09479861,0.11062404,0.017439133,0.16842797,0.113650255,-0.21905181,0.062215015,-0.15430582,0.15639195
C3,0.18183114,0.133961,0.06078304,-0.085506864,-0.04716005,0.0036729174,-0.11983797,-0.15086573,-0.11419039,-0.0471576
KIF21A,-0.10476522,-0.048204206,0.12879314,0.022144014,0.06687064,-0.008025663,0.04199314,-0.3033014,-0.06356794,-0.047789115
ADRA1D,-0.049981534,-0.16283776,0.25993875,0.018677872,0.10858267,-0.09628044,0.016452521,0.062039103,-0.012727533,0.070987545
HDAC9,-0.0007231034,-0.07908743,0.17944546,0.06777669,0.28056285,0.23440257,0.0835407,0.002712993,-0.101031214,-0.20837049
COL4A1,0.11866178,0.12935913,0.23419686,0.08478691,-0.051692013,-0.07539392,0.032977834,0.19799088,0.36527592,-0.07819856
CLDN11,0.0057197222,-0.17442515,0.22849149,0.0015505117,0.10678381,-0.029271735,-0.021169161,-0.09080207,-0.018686172,-0.023136185
TIE1,0.12208806,-0.04142246,0.30946758,-0.00095912925,-0.08205986,-0.103794426,0.000960673,0.29637846,0.41039735,0.05587739
PPP1R3C,-0.040840764,0.054444097,0.024829432,0.008979418,0.00042332095,-0.09804826,-0.074431635,-0.1966732,0.11965488,0.12508407
MMRN2,0.09624401,-0.030029949,0.22932088,-0.060832717,0.2915053,-0.17108734,-0.00036668076,0.23249818,0.38713053,0.101729244
ATP6V1C1,0.06748112,-0.2216902,-0.0067255623,0.054537904,0.084996745,0.3128119,0.1080979,-0.012915729,0.18559502,0.0031290743
ZFPM2,0.040376533,0.12421553,0.09451699,0.0077987565,0.046036433,-0.070133194,0.23944347,-0.21116601,0.1238697,-0.041775428
GAB2,0.18722752,-0.06080286,0.10063879,-0.037951007,-0.014143823,0.010766813,0.036199603,-0.09655591,0.17915073,-0.24638546
PTPN4,0.00044537545,-0.15883027,0.20839463,0.034411624,-0.09660253,-0.024586752,-0.1297707,-0.1466369,0.13168538,-0.27211976
MYL3,0.013879609,-0.07140449,0.0013581909,-0.002756972,0.1091893,-0.07688682,-0.11463854,-0.19723646,0.13341945,0.10312909
TSPAN5,0.058398396,0.11166532,0.070908934,0.08280973,-0.015811354,0.09095567,0.22573826,-0.09426921,-0.008352136,0.11205312
BUB1B,-0.061225653,-0.0002278246,-0.05320589,0.37738895,0.006883183,-0.011175409,-0.008324574,-0.02688879,-0.009477772,-0.011641064
NDRG1,0.05879352,-0.043871567,0.012353436,0.013458873,-0.005608229,0.24295788,0.092247814,-0.07078511,0.029572356,-0.2855694
ZIC2,-0.02446463,-0.041008614,0.025949934,0.12045895,0.075310834,-0.06002709,0.18918803,-0.15963872,-0.06213886,0.22061233
CACNB1,-0.013666585,-0.06321469,0.18497236,0.0008066762,0.014828873,-0.12276008,0.0124554485,-0.1684249,-0.031390246,-0.04074145
PRCP,0.12308629,-0.032432016,0.16069846,0.011335988,-0.035515565,-0.07490383,-0.18379529,0.10282235,0.27397886,-0.09011679
GNA15,0.25181136,-0.11949099,-0.08330837,0.0013617929,-0.12321481,0.17313498,-0.0018197634,0.002513151,-0.016969806,0.15709533
LAMA2,0.042184666,0.25303736,-2.7126357e-06,-0.001460249,-0.11141149,0.014695114,0.07547259,-0.2194355,0.024014378,-0.03619954
KCNK5,0.016645806,0.021238862,0.16332215,0.0007849173,0.011524635,-0.07850415,0.19079766,-0.057209056,0.011208142,0.056208048
SNTA1,-0.050919186,-0.097226575,0.073461294,0.09811275,-0.0021808923,-0.0054864907,-0.07679861,0.03532724,-0.1449488,0.11628057
MFAP5,0.0952029,0.23976877,-0.026517617,-0.015993383,-0.01087195,-0.058417473,-0.003765871,-0.08846113,0.14664589,0.057963483
MYO7A,0.24516703,0.065602966,0.018967625,0.007335696,-0.0768124,-0.03748914,-0.12903148,-0.07082333,-0.075667776,-0.0147236595
MMP19,0.19330312,0.10954803,-0.15469521,0.0049046227,-0.08583027,0.062847,-0.11461557,-0.02246158,0.059678666,0.07569584
HOXC4,-0.100311965,-0.027958937,0.18522295,-0.005109246,0.06468922,-0.025602764,0.006180632,-0.110911116,-0.05983067,-0.041852053
GIMAP6,0.3147796,-0.028970692,-0.020687895,-0.013713932,-0.014251678,-0.08195153,-0.06446097,-0.06818376,-0.0915588,0.06301891
ANKRD6,0.04538361,0.0032783817,0.10086268,0.051772475,-0.1632454,0.09150432,0.011748888,-0.13134669,-0.040354423,-0.0071327165
PYGM,0.06183019,-0.058089122,-0.016620593,-0.014897773,-0.015241909,-0.18049434,-0.031178756,-0.17372349,0.19125658,0.04251221
ARHGEF15,0.12816615,0.007837146,0.29010537,-0.0486289,-0.057027917,-0.22265345,-0.014644576,0.19903444,0.3720746,0.07501898
LYZ,0.28469136,0.01230348,-0.032173254,0.019224763,-0.0019193692,-0.10256793,0.0070155608,-0.023934525,0.06572294,0.022128433
NFE2L3,0.065231696,-0.09162184,0.13738507,0.014331708,-0.06008516,-0.025074497,0.20359114,-0.062540784,-0.23749241,-0.028871242
SH2D3C,0.1717669,0.005184556,0.30395713,-0.0047180243,-0.03794416,-0.21315932,0.088448904,0.1886306,0.26197726,0.05207335
EDNRA,0.00578092,0.16528283,0.15028027,0.018164938,0.030254666,0.08756869,-0.009560603,0.16630556,0.14184806,0.09054912
PLEKHG1,0.12586251,0.058480512,0.17020588,0.0012368829,0.011537023,-0.00014298863,0.020275256,-0.1257174,0.21441044,-0.057015352
PTK2B,0.25345793,-0.09800092,-0.06369369,0.0105027305,-0.21542586,0.13730241,0.05213262,-0.0971012,0.039857328,0.022794597
CHRNA5,-0.030346204,-0.0092159575,0.004327152,0.12561247,-0.07396594,-0.029711083,0.13037214,-0.12035388,-0.01727547,0.17712945
RXRG,-0.008852428,0.076000914,0.02355669,-0.017669925,0.23131852,0.020651199,-0.039521746,-0.049164437,0.040651735,0.11463265
MEOX2,0.009243356,0.0012762928,0.12072534,-0.033823166,0.25908622,-0.0027682034,-0.060636383,-0.06326612,0.12679857,-0.21308024
ANK3,-0.008146438,-0.06332753,0.2768528,-0.005724623,-0.01763335,0.03925212,0.09323098,-0.26831394,-0.05602237,-0.15975258
ITGA1,0.12996884,0.05767175,0.17620395,0.002107387,0.031885497,-0.04259596,0.026911015,0.042756155,0.18779807,-0.2795024
PIM2,0.14105204,-0.03445574,0.12234254,0.059882503,-0.03903202,-0.086573154,0.23245436,-0.13318825,-0.22513904,-0.03253526
POLE,-0.07686831,-0.005348187,0.045007367,0.3306702,-0.029100545,-0.019070925,0.0050766063,-0.0030761594,-0.05254639,0.039427716
RNF180,-0.012406908,-0.02290209,0.08893578,-0.013140327,0.22481975,-0.008182688,-0.02754155,-0.06838454,0.016327731,0.10179562
ADRA1B,-0.008390234,-0.01251488,0.20355475,0.04038033,0.027882038,0.0148204835,-0.03214913,0.16428104,-0.14383388,0.09712439
IL16,0.12936373,0.18749389,0.08457668,-0.01272555,0.11668304,-0.15128557,-0.024755128,-0.045740567,-0.105293795,0.08314358
DSP,-0.07122318,-0.041086983,0.19226089,0.009970553,0.024690725,0.09973534,0.03411838,-0.086145304,-0.1520847,-0.117438175
DNAJB1,-0.06793863,0.021762203,0.15531453,0.07261329,-0.18746123,0.066892974,0.13354127,0.083769664,-0.12977146,-0.05903007
EXTL1,-0.0408135,0.046556428,0.11959992,-0.0031164815,0.0021975783,-0.024334243,-0.03531749,-0.18071091,-0.022563817,0.20320104
NRP2,0.022412032,-0.14006273,0.20187269,-0.0020460172,-0.024494536,0.13219306,-0.039723087,-0.05736142,-0.0130358655,-0.19356783
CD14,0.24316154,-0.122763306,-0.00055669335,-0.0498817,-0.027885307,0.2046893,-0.0026180372,0.06735094,0.026685854,0.12824944
PIK3CG,0.23974314,-0.14908968,0.046988465,0.04298832,0.29382664,0.1949638,0.002085478,-0.013095404,0.12693283,-0.014316501
DYSF,0.017047917,-0.0206083,0.25772497,0.08855836,-0.060149692,-0.101433866,-0.025268573,0.24310952,0.1886636,-0.15858752
ZDHHC14,-0.008298498,-0.13618928,0.26354504,-0.0005889803,-0.13923702,-0.03135306,-0.027796585,-0.012141593,0.000824716,0.044146106
FANCA,-0.078438364,-0.05334703,-0.00073731743,0.26178518,0.08737862,-0.03577855,0.108678006,-0.07330589,0.0063594407,0.065692134
ELOVL4,-0.10721787,-0.0144106345,0.07289634,0.1348256,-0.0035126307,0.025606217,-0.10219001,-0.050085437,-0.049873613,0.15141462
ZFP36,0.13856998,0.011085171,-0.054971498,0.009332295,-0.04555643,-0.02089707,0.105712585,0.03273667,0.081535764,-0.10033463
DTX3L,0.14829789,-0.056242853,0.14323285,0.009208305,0.01635579,-0.0075017265,-0.11552764,0.044537995,-0.18808712,-0.28252238
CLK1,0.0066959998,-0.051485926,0.13963537,-0.0017432454,0.31172273,-0.0021613587,0.016835447,-0.052290842,0.048565913,-0.037766073
CLCN5,-0.04413032,0.12462698,0.07144639,0.17351715,-0.23253691,-9.933714e-05,-0.024480842,-0.06404163,-0.058565047,-0.04494215
CLTCL1,-0.01269034,0.10469734,0.09086596,0.12257818,0.006603823,0.016802296,0.12518124,-0.11796039,-0.1413627,0.2454497
CDON,-0.0016405279,0.11748651,0.14118968,0.011948146,-0.028089013,0.006953616,-0.06854442,-0.2379555,0.045656744,-0.2811605
RUNX1T1,-0.005942617,0.19667825,0.14075041,0.061628833,0.020915553,0.08565331,-0.020900037,-0.014089681,-0.0036015233,0.19251668
SPARC,-0.037489213,0.026371581,0.031568065,-0.09699964,-0.0061689736,0.04792481,-0.52810866,0.009449978,0.16785009,-0.06940924
SLC25A27,-0.022695623,-0.12871519,0.27604237,0.0020146351,0.14350402,-0.023470445,0.018589985,-0.011383611,-0.07665983,0.032945044
TPD52L1,0.0044032857,-0.14969738,0.24526593,-0.07085241,-0.017242426,0.022272194,0.010612516,0.0076556914,-0.11502371,-0.013993766
PTPN13,-0.050529327,-0.05142972,0.2874705,0.043498464,0.042019166,0.12783496,-0.13484496,-0.08798399,-0.02536644,-0.15871352
MMRN1,0.097496495,0.11295817,0.07923971,-0.004869253,-0.027806483,-0.15244037,0.003591113,0.11329466,0.28109443,-0.024118748
ITGA8,0.07351832,0.15640368,0.12958257,-0.0335032,0.22919951,-0.0465824,-0.0075221495,-0.17114697,0.1674999,-0.117973834
CDH11,-0.051053558,-0.008741942,0.29235756,0.07339728,0.2447571,0.13409662,-0.30373722,0.033477373,-0.08158149,-0.16697247
TK1,-0.04293163,-0.08580412,-0.060283434,0.2560128,-0.045838438,0.0068879435,-0.008737505,0.21903266,-0.07686054,0.10417719
HTATIP2,0.10773496,-0.11663464,0.020969125,0.0012334309,-0.031130357,0.008823527,0.00055854727,0.020904629,-0.064164616,-0.25545844
TIMP1,0.09065738,-0.10278999,0.11988561,0.005554739,-0.08282467,0.15580428,-0.020015648,0.12306409,-0.024411073,-0.020629989
PBX1,-0.00959114,0.010792187,0.17819764,0.12459006,0.03424682,-0.05355987,-0.052972306,-0.17065883,0.029563814,0.16134241
CIITA,0.2855028,0.0491697,-0.020057099,-0.025710013,-0.04090823,-0.12317046,-0.08244931,-0.027405763,-0.15593176,-0.011609934
MDGA1,0.00046655268,0.08598706,0.20628928,0.07602189,0.15409991,0.09802208,-0.00069910754,0.07028782,-0.05750034,0.04840006
ABCC9,0.050214536,0.12891409,0.15182306,0.011542515,0.23148705,-0.13649815,-0.05901578,-0.061132073,0.27598655,-0.037910324
SORBS1,0.048546214,0.18624723,0.11550758,-0.0077198264,-0.07494816,-0.077205285,0.13823837,-0.32892072,0.16810179,-0.01077879
SMAD6,-0.072285764,-0.20422469,0.17564382,-0.0027584385,0.03377923,-0.09182448,-0.17290443,-0.09322904,0.10435336,0.0377288
STAB1,0.26477787,0.06727542,0.06526052,-0.0034705866,-0.011369738,-0.072318465,-0.14043851,0.096119694,0.04002325,0.105022065
BACH2,-0.0004728502,0.11232351,0.09580749,0.00848176,0.27040988,0.18636473,0.17910461,-0.22028446,-0.0033286472,0.03639541
HR,-0.010687004,0.047802065,0.04795655,-0.029756749,0.10895245,0.09274762,0.0004049263,-0.09465962,0.15079409,0.013381718
BIN2,0.31024173,-0.08795953,-0.08476117,0.04106874,-0.04867209,0.03179038,0.0044190343,-0.013660167,-0.06896007,0.026639743
HSPB7,0.0072170235,0.0124357585,-0.123983085,-0.0017114434,0.059676114,-0.025080426,-0.032560363,-0.23209497,0.23454052,0.02770156
CELSR2,-0.036903802,-0.01896158,0.09338411,0.071852505,0.18994577,-0.004331312,0.12778659,-0.31096178,-0.044877373,0.024282502
SCAND1,0.030918218,-0.024822887,0.057547867,-0.056432974,-0.15737677,-0.05140062,0.048465557,0.17890778,-0.11125819,0.26649746
PLCL1,0.031035675,-0.027900487,0.050746195,0.05945861,0.18089238,-0.09234113,-0.07057511,-0.21726723,0.27684882,-0.014608414
ICAM1,0.2004755,0.004872089,-0.06656832,0.09100104,-0.13859765,0.18817043,0.038411696,-0.016324712,0.04546008,0.04394488
RALGPS2,0.0017605764,-0.004498371,-0.023483181,0.11828437,0.029767066,0.004522483,-0.011503092,-0.072406106,0.12195211,-0.11673014
C1QTNF7,0.0590849,0.0631612,0.15723622,-0.07478872,0.052495934,0.24560858,0.0032408151,-0.053845134,0.044544596,0.005102642
HCLS1,0.3130509,-0.041099127,0.01065551,-0.011719981,-0.04273876,-0.03742522,0.007444036,0.09898086,0.0079483185,0.00087538676
DENND1C,0.3178562,-0.069011234,-0.02791413,-0.01929451,-0.007073741,0.011496028,-0.03626463,-0.026809985,-0.10338132,0.079138525
FNDC5,0.0111443335,0.17091416,0.03660777,0.03784037,-0.10609703,-0.013212129,-0.02796642,-0.11718773,-0.07953529,0.09015046
KIFC1,-0.047863998,-0.05244582,0.0044947187,0.33165005,-0.26805907,-0.008661643,0.030404547,0.10531344,-0.07439529,0.015390984
RASL10B,0.017000452,-0.027209427,0.048612706,0.06562014,0.17333919,0.092479676,0.11310224,-0.114779145,-0.03556836,0.3105212
HMCN1,0.048323456,0.23569848,0.08599587,0.05405425,0.31610432,0.09801432,-0.028324857,-0.108271986,0.11235509,-0.015473799
CSTB,0.1361484,-0.18874666,-0.11420875,-0.008276172,-0.08932362,0.31139165,-0.01022268,0.06364996,0.12823924,0.1232541
TBC1D16,-0.014310495,0.062481035,0.27134642,0.055151958,-0.035895567,0.0207836,-0.010078278,-0.094984554,-0.1514709,0.21125917
SATB1,0.06807447,0.00030160465,0.034852933,0.10295566,0.16345602,0.029343316,0.12771206,-0.1736356,0.013186248,0.07504892
FGD5,0.116675146,0.055690598,0.2944015,4.7620575e-05,-0.18710083,-0.14259918,0.004647215,0.0537422,0.2494216,-0.13190213
SCUBE2,0.015068162,0.1905173,0.08549116,-0.09351604,-0.09348438,-0.0005139722,-0.20229667,-0.11771088,0.045325592,0.046205252
MANEAL,-0.025389938,0.06280097,0.018122822,0.037348375,-0.04646205,-0.077250555,0.01729429,-0.1816176,-0.06054948,0.13113298
ARHGAP18,0.15798101,-0.15881419,0.122126356,0.053714737,0.38283536,0.24200577,0.006124485,0.056122072,0.20370898,0.0773405
FADS1,-0.052218758,-0.06571644,-0.1800975,0.23684756,-0.010982342,-0.04568563,-0.10877088,-0.079566285,0.055393975,-0.06339044
MYO10,-0.056945585,-0.083461866,0.18864408,0.12259773,0.105280325,0.060427584,-0.214674,-0.08415572,0.09188482,-0.15075488
ABCC3,0.2594867,-0.012470828,0.017077567,-0.0018909365,-0.044585116,0.08114015,-0.08242866,-0.07491293,-0.12893757,-0.027627338
ANGPT2,0.005552421,0.016186746,0.069548495,0.022706026,0.01852229,-0.15925422,0.016603367,0.12663648,0.18051028,-0.02351977
SFRP1,0.03282224,0.14124861,0.18869464,-0.023722302,-0.016218675,-0.007616497,0.04113218,-0.16549341,-0.0071383477,0.18538572
DMPK,-0.015560251,0.016568774,0.18535921,-0.07345734,0.028512314,-0.028912663,-0.013806151,-0.21490936,0.00093442266,0.0693661
CRIP1,0.049398582,0.04357677,-0.07862255,-0.05284678,-0.12543942,-0.06972017,-0.1001016,0.0067260945,0.099464364,-0.052158233
CD2,0.27820486,0.0031026257,-0.008118312,0.002067495,-0.011467983,-0.1432434,-0.0014283366,-0.01641044,-0.21843688,0.008562627
SUSD1,0.11711633,-0.18590176,0.06339987,0.005208153,-0.015235052,-0.009655604,-0.018878488,-0.17412636,0.096449904,-0.16339858
DTL,-0.07621689,0.004452674,0.058838535,0.32897,-0.0036488,-0.019478053,0.10036658,-0.028043203,-0.041434236,-0.019472303
CLEC11A,-0.08620882,-0.12780152,0.1698202,-0.00724317,0.00466789,-0.0062664566,-0.2837115,0.1204761,-0.007687892,0.10618135
PER1,-0.041160565,0.079550974,0.09887332,-0.012380003,0.016582115,-0.026838798,0.003017174,-0.06279172,-0.067967184,0.04800727
RCN1,-0.010374404,0.17325488,-0.108218096,-0.006359163,0.19703034,-0.028375069,-0.281281,0.035683576,0.1326284,0.12536635
NOTUM,-0.07612743,-0.126498,0.11166262,0.012351352,0.0008033663,0.013161312,-0.108283155,-0.07596349,-0.09578783,0.11406254
CDCA8,-0.056995995,-0.012211206,-0.004909256,0.35718995,-0.117310815,-0.003112982,-0.027377157,0.08755276,-0.0908572,0.04955869
C1QC,0.29280278,-0.004147785,0.003994064,-0.026515702,-0.0045293546,-0.13883579,-0.1342992,0.04403989,-0.251168,0.04889876
DDN,-0.091423996,-0.01582361,0.020049337,0.11649306,-0.01834315,0.03207274,-0.0074667446,-0.11565505,-0.085905336,0.098056406
GPRC5B,0.071827576,0.15621376,0.10808506,0.016403764,-0.120017216,-0.11537218,0.10503248,-0.14165159,0.2701333,0.016023425
PLK4,-0.034349896,0.016420871,-0.028113151,0.38197193,-0.022721907,-0.02524021,0.01761973,0.013130055,0.0022017185,-0.091329224
MFAP3L,-0.02144994,-0.1597099,0.092209,0.0029907334,0.10768979,-0.0030435221,-0.0064522093,-0.23059185,0.11293485,-0.022817038
SLC6A9,-0.07925487,0.05712214,0.15762201,0.045033075,-0.10602942,0.0019766116,-0.27324113,0.012295132,-0.07741981,0.07496694
PHEX,0.034054648,-0.17915277,0.13449134,-0.013144497,-0.013161209,-0.02933606,-0.18671519,-0.1994472,0.115012646,0.14024688
FZD10,0.008653181,-0.0010893163,0.2914217,-0.007207227,0.11426182,-0.01892779,0.08325787,-0.07318075,0.03776446,0.0768214
CNTFR,-0.04802523,0.17004761,0.065010965,0.043324143,0.041255437,-0.097635604,-0.0677549,-0.22410916,-0.052410353,0.18279122
ETV4,0.023603503,-0.05678909,0.14142367,0.10071643,-0.08395879,0.09308694,0.24670692,0.17527232,0.015290073,-0.07988953
ID4,-0.058653623,0.06998131,0.16403414,-0.023132786,0.28526017,-0.0024320534,-0.00028035874,-0.0030777997,-0.024348138,0.063017555
SLC12A7,0.038992107,-0.15462856,0.22978443,-0.0044044442,0.17348611,0.22599882,0.092574865,-0.019416774,0.038187575,0.0014845697
KIF6,-0.06716719,-0.07928676,0.25571376,-0.01047748,-0.03689396,-0.09075606,-0.11347616,0.071073145,-0.08985099,0.058000434
CDK6,0.0006990115,0.15727742,0.14301826,0.039410997,0.02832297,0.14941299,0.11722186,0.04322061,-0.09407395,-0.2612991
COL23A1,-0.045335878,0.06221415,0.17500758,-0.021621121,0.012444721,0.038793296,0.06119773,-0.12129309,-0.098939754,0.24015059
RGMA,0.05411548,0.22336023,0.14749685,-0.060133748,0.14126529,-0.0031878727,0.17757113,-0.10221595,-0.05548695,0.12921837
GALM,0.09379313,-0.17832677,0.0886166,0.015871381,-0.093788214,0.25789446,0.08194248,0.0644246,0.045640364,0.05345084
HSD11B2,-0.01647351,-0.07356523,0.26393628,0.035765458,0.124684155,-0.050843373,-0.11145355,0.085541986,0.041300174,0.10303502
NXPH4,-0.08654087,0.046361532,0.11177477,0.08264103,0.091718666,0.012437744,0.0066639734,-0.08167351,-0.20960672,0.17001835
COL4A2,0.106912926,0.13673677,0.25103465,0.031243943,0.0040163216,-0.052013833,0.090617485,0.1780354,0.3092882,-0.05341307
KDR,0.12865293,0.020815441,0.24518652,0.07308738,0.07423676,-0.15761869,0.0020754312,0.13291487,0.39842317,-0.10622095
SYNGR1,-0.0579036,-0.010650561,0.18161088,0.008277532,-0.0021500506,0.017162897,0.10465947,-0.042059418,-0.25607502,0.2664494
HMGB2,-0.009225056,0.03772808,-0.018965028,0.26495692,0.029529292,-0.0659508,0.13144743,-0.012047424,-0.1065785,0.10982741
CD34,0.14068939,0.0036045355,0.30799663,0.004380188,-0.03497984,-0.22072493,0.001437673,0.2487587,0.35804003,0.010793725
CCND2,0.0948291,0.13668509,0.16301641,-0.016683254,-0.022694247,-0.034352005,0.117546655,-0.18071496,-0.0584731,0.21882284
CRLF1,-0.00015455871,0.08937581,0.037065465,-0.09812013,0.043115642,0.027697017,-0.0034907628,-0.14016268,0.038516644,-0.07395404
TIMP3,0.012987586,0.07087816,0.2627877,-0.0060145585,-0.019906336,0.12012432,0.032291867,-0.02563324,-0.14934339,-0.1965945
TSPAN6,0.035606477,-0.07407773,0.073362894,0.0024772433,0.057948112,0.10919457,0.031429417,0.017107554,-0.019616783,-0.18082063
EDNRB,0.15731731,0.025533022,0.10117195,0.0059416993,-0.11016079,-0.1528602,-0.00020143583,0.025012942,0.24229904,-0.15576714
CBX6,-0.008312823,0.061985847,0.3094741,0.03342343,0.037175775,0.025859267,0.01335189,-0.19096433,-0.18707635,-0.12042931
KIRREL2,-0.004731574,-0.08813688,-0.030393753,0.04619217,-0.17067023,0.1519904,-0.004543274,-0.0085079055,0.122801565,0.25943702
IGF2R,-0.019534657,-0.032789353,0.20207325,0.16194326,-0.1272983,0.10705437,0.0042920033,-0.08415319,-0.07033491,-0.0024042549
IGF2,-0.020205148,0.044469032,0.31774274,-0.11456259,0.08936903,0.036392223,0.016164,-0.23394863,-0.0817953,0.0590747
SLC4A8,0.005009583,-0.041061305,0.032280937,0.15916093,0.09283019,-0.071499474,0.0069905906,-0.26665795,0.107600406,0.11115181
DENND2D,0.27051952,-0.028202621,-0.039728887,0.00617427,-0.09562048,-0.08733303,0.0062354445,-0.10728359,-0.11721863,0.09687553
PHLDB2,0.07905855,0.2464746,0.08691992,0.0012019273,0.24387734,0.12575969,0.016021468,-0.008034086,0.0097907,-0.01239781
MME,0.068031386,0.029366598,0.09025229,0.0028016856,0.014404658,0.1645476,0.035774127,0.07487027,-0.043842483,-0.037291788
SGCG,-0.06282874,-0.0007897969,0.15003605,0.003691761,0.067509145,0.0016175898,-0.073304825,-0.06718792,-0.053294443,0.19345059
RPS6KA2,0.100915916,0.14920151,0.13857765,0.00707284,-0.07381846,-0.04763377,0.0057078158,0.04771931,0.26684502,-0.08229273
DGKI,0.048175078,-0.030221824,0.14093599,0.04391173,0.0072980183,0.3005732,-0.013284447,0.009158127,0.13824359,0.04543495
KIF14,-0.07419579,-0.030296639,0.036077093,0.36838368,0.05924122,0.0012837161,-0.011221703,-0.00088423607,-0.009919784,-0.10660613
CHRD,-0.0029744764,0.1440251,0.22392333,-0.07738638,-0.015227017,0.027667684,-0.11431327,-0.058915906,0.06867152,-0.027083658
RAD51AP1,-0.030973652,0.027118452,-0.021653103,0.32821918,0.033077344,-0.030346338,0.026746202,0.022376185,0.008568534,0.118760414
KCNMB1,0.15963532,0.1208721,0.03176186,-0.017659629,0.01380415,-0.036514144,0.015234239,0.06387688,0.10729562,-0.031493932
CMKLR1,0.1928016,0.045043737,0.10504545,-0.009775711,-0.054669783,0.01840449,-0.0008158733,0.00037367296,-0.02445699,-0.071467094
DUSP5,0.13509859,-0.09516068,-0.0072603323,0.076049305,-0.018436903,-0.0009896444,0.2453877,0.07929061,0.11589323,-0.039128114
GPR176,-0.074301824,0.0110019995,0.12572666,0.026663886,-0.16817605,0.11254741,-0.0828755,-0.019576441,-0.007318599,-0.10564634
MCOLN2,0.16190872,-0.14695078,0.005310761,0.0044524944,-0.077277124,0.13411614,0.19140702,-0.05024331,-0.047899056,0.050422616
IRF5,0.29053766,-0.09233334,0.030462625,-0.014306373,-0.019075306,-0.014230454,0.0074578,0.018146535,-0.12341099,0.00503881
SERPINB8,0.11691434,-0.17382953,-0.017001817,-0.0063324864,-0.09881386,0.2408691,0.037914425,-0.012183528,0.11867077,-0.018134292
HBEGF,0.052594244,-0.114967495,0.058383606,0.05864925,0.04454405,-0.00591592,0.099192,0.14660285,0.05397813,-0.14386551
KLHL3,0.10928482,0.06473684,0.115689136,0.09441716,-0.00051239604,-0.040370133,0.079817586,-0.020092316,0.085122064,-0.00055774866
PRELP,-0.01114105,0.1550869,0.05290481,-0.11986866,-0.04241839,0.020106032,-0.20703955,-0.10899888,0.075059876,-0.10379393
GPR153,-0.096927546,0.113262065,0.037292644,0.108265616,-0.048638348,-0.0119272815,-0.13207811,-0.100210026,-0.04158753,0.2345927
CCNA2,-0.042568408,0.009081923,-0.06318684,0.37455243,-0.0038954746,-0.016901689,0.006761024,0.04477043,0.0015167804,0.008837518
KIF22,-0.04427205,-0.019331325,0.015773088,0.3267606,-0.17678507,-0.011328805,-0.005835126,0.101375,-0.10628644,0.06407603
DLX4,-0.09991568,-0.19415642,0.21451169,0.027899647,0.09548248,-0.034167767,0.0007721446,-0.18831356,-0.091920964,-0.04344954
GPR162,0.010569453,0.0010555617,0.21509615,0.023383114,0.0028658423,-0.035004728,0.013195611,-0.034697715,-0.079178736,0.25031635
TOX,0.045769677,0.17335278,0.09081433,-0.00020381044,0.011130189,-0.043788992,0.12162972,-0.17897838,-0.102622464,0.09394709
CENPA,-0.063012265,-0.08546186,-0.043546617,0.32011923,-0.041710082,-0.028857158,-0.0088097565,0.10326633,-0.024065463,0.11058709
GJA5,0.09960321,-0.040523037,0.31339988,-0.05190678,-0.19108994,-0.07836577,-0.041126784,0.22529505,0.10262992,-0.09980232
IGSF10,-0.044724416,0.21736322,0.043089688,0.02958094,-0.005301434,0.11572709,-0.15687467,0.04732138,-0.13195981,0.16540171
GIMAP2,0.271795,-0.091682166,-0.04845989,0.0044694375,0.24874902,0.03761924,0.008545574,-0.03212675,-0.028083188,0.012859001
PRKAR1B,0.029384045,0.012244711,0.13093118,-0.05938512,-0.13801554,-0.002513604,0.017751863,-0.21552621,-0.054412615,0.1999694
RGS17,0.0029850227,0.23033868,-0.003410311,0.08189451,0.023699837,0.037210096,0.15923652,-0.1293055,0.049144812,0.10395655
EDA,0.0015873219,0.08216121,0.05438915,-0.024321059,-0.062405143,-0.09070152,-0.019525236,-0.32495472,0.09900024,0.028917417
PRTFDC1,-0.0153493835,0.025109567,0.06542635,0.021150805,0.19458106,-0.0047242097,0.005537847,-0.124888964,0.0068843276,-0.17491901
ACP5,0.083897136,-0.26336226,0.06916347,-0.0031147914,-0.08162524,0.29185623,-0.003866588,0.094442084,0.24312608,0.13658792
CCNF,-0.00160459,-0.15590861,0.02039067,0.27408105,0.006930024,0.18752056,-0.0063468227,-0.029733311,0.07056097,0.15303446
C1QTNF3,-0.009486246,0.31053406,-0.11348311,-0.00012437708,-0.047837418,0.07760244,-0.119397044,-0.016983656,0.025354322,0.12729129
IQGAP2,0.17740232,0.08002322,0.050881423,0.08309826,-0.056062847,-0.12714928,0.1456655,-0.20504238,-0.16474146,-0.01935678
TXNIP,0.16696365,-0.043410502,0.18524638,-0.055325393,-0.08002109,0.03762769,-0.01636925,-0.068409555,-0.052125514,-0.10672548
PLD1,-0.0033372254,-0.013271232,0.2246254,0.0074676992,-0.0015619189,0.1849718,-0.15906338,0.03430197,-0.026906937,-0.20000815
ACSL5,0.26503816,-0.014467017,0.07922576,-0.0056396374,-0.12148773,-0.053043045,-0.020046106,0.11391934,0.09615707,-0.061177723
MFGE8,-0.006272386,0.06280662,0.16863719,-0.053044282,-0.029750496,0.12524028,-0.06719949,0.13749029,-0.08461578,-0.19538379
WNT2B,0.07799092,-0.10354516,0.1532608,-0.007315811,0.013445499,0.1755072,-0.07390115,0.07829528,0.032999385,-0.17114107
BRSK1,-0.044756226,0.08415034,0.07570383,-0.03201983,-0.2967744,0.022126816,-0.043015916,-0.1925446,-0.029730704,-0.022305341
ENOSF1,-0.06737619,0.09490643,0.0051836106,0.14315493,0.23034161,-0.017190918,0.01703468,-0.090442434,-0.0038670145,0.11216631
TLR7,0.29582706,7.4625306e-05,0.063621745,-0.0039744773,0.04544271,-0.014942346,-0.1613824,-0.036028232,-0.18546738,-0.10821378
CALCR,0.09373771,-0.18276252,0.022962475,-0.040477138,-0.025866663,0.21562512,-0.09618757,-0.18823625,0.15959753,0.23476307
SLC6A6,0.15523443,-0.013664612,0.065609746,0.012417844,-0.032941706,0.17326552,0.046359926,-0.029536068,0.06301838,-0.2539863
CREG1,0.22951053,-0.0089451,-0.07567536,0.06667904,-0.11151331,-0.07462969,-0.060531273,0.03402042,-0.13097237,-0.012335248
TNNC1,-0.025128113,0.02178872,-0.0018438047,0.00086261705,-0.023876963,-0.1366949,-0.032223724,-0.10772431,0.040005617,0.12110165
PTPRK,0.06749365,0.073644154,0.22429086,0.0068442165,0.08075306,-0.034719285,0.14809749,-0.1202015,0.14235276,-0.25721407
LRRC1,-0.08530307,-0.098640464,0.09583831,0.10351604,0.03403102,-0.0013387285,-0.011068214,-0.21086209,0.0056489077,0.09722844
SCUBE3,0.013082326,-0.06464827,0.23929814,-0.06569953,0.11808548,0.0709219,0.01079105,-0.17231381,0.014767549,-0.10086182
MFNG,0.29093173,0.027138254,0.070632525,-0.03940595,-0.06958843,-0.13806698,-0.063887335,0.048472308,0.056342304,0.07962893
GPR4,0.10126243,0.02519089,0.17530635,0.04944098,0.07773469,-0.16849963,0.009092613,0.16509543,0.40909803,0.047214936
DACH1,0.073672436,0.099499315,0.1155647,0.053482432,0.2797727,-0.16429871,0.09583453,-0.10449199,0.29933503,0.09458063
SAMHD1,0.2515619,-0.046662897,0.013416911,0.110626526,-0.07054646,-0.047151938,0.011242684,0.12038999,-0.1396502,-0.005709952
DPYSL3,0.055735327,0.18677567,0.01770252,0.003887359,-0.0026098527,0.16179818,-0.15692554,-0.053288177,0.0657843,-0.2125076
RAB27B,-0.083236694,0.007787072,0.15324529,0.08488737,0.09730449,0.075121254,-0.24040762,0.07224732,-0.16392888,0.012729209
MX2,0.19415604,-0.027968308,0.059729576,0.014078928,0.13946447,-0.06554699,-0.12495786,0.1256974,-0.19083449,-0.13488749
PTGIS,-0.0027298399,-0.008871703,0.21096818,0.07631869,-0.12038629,0.021199457,-0.16069077,-0.07820112,-0.048005555,-0.041739527
HTRA1,-0.0010947187,0.16879627,0.06795412,-0.06769407,-0.109908454,0.21417858,-0.255507,0.18405578,-0.020880625,-0.026283426
P4HA3,0.022737507,0.22083916,0.031935535,-0.038844857,-0.13550672,0.17893219,-0.026670683,0.0766675,0.011511131,0.0051702512
SLCO5A1,-0.00089955574,-0.019344945,0.109822296,0.08050147,0.05320081,-0.022620924,0.17928037,-0.1295312,0.11763407,-0.028418131
RHOB,0.07071609,0.08482808,-0.026947891,0.00028291033,0.29180846,-0.012188569,0.038902298,-0.042420026,0.19732335,-0.06338977
FOXP1,0.104988225,0.23240651,-0.0024882017,-0.016269233,-0.012378892,0.12264869,0.15181194,-0.07005075,0.11452233,-0.09459253
DOCK5,0.09357718,-0.17312594,0.041691624,0.05155184,-0.08040023,0.32375047,0.10112388,-0.18248639,0.21624933,0.06150711
PTPRJ,0.24100414,-0.15406077,-0.0060042427,0.02883826,-0.21632801,0.12022443,0.038018864,-0.11958739,0.08181193,-0.085012004
ATP6AP1,0.10345059,-0.2299557,0.050545022,0.024234222,-0.13172752,0.29975381,-0.028584665,0.08988992,0.05477959,0.047667865
TINAGL1,0.14791614,0.059300452,0.04292077,-0.022086032,0.052533764,-0.20711064,0.005693407,0.08638293,0.24090113,0.091403894
ATP8B4,0.17176828,-0.0564178,0.13351896,-0.022412477,-0.0049544694,0.018701185,-0.111273944,0.010058623,-0.061229523,-0.3191973
ATP1B1,0.07668702,-0.08499801,0.007226925,0.087117925,-0.0007026869,0.10154901,0.023671025,-0.029249841,-0.007977809,-0.09716532
CYP2J2,0.03728186,0.17692594,0.14700824,-0.027116356,0.07954029,-0.0057301247,0.12125407,-0.1755432,-0.1552103,0.056878082
CPM,0.20889948,0.07723142,-0.11598221,0.08713314,-0.112628095,-0.038297314,-0.00074223476,0.039226398,-0.005600685,-0.02164981
SPSB1,0.09552853,0.19670865,0.01841411,-0.01568366,-0.1824951,0.13724558,0.09037451,-0.025190143,0.021604512,-0.103477985
TXLNB,0.14491028,-0.08197208,0.03121805,-0.005651143,-0.08092381,0.021828627,0.12984338,-0.13226688,0.06342512,-0.02903092
MMP1,0.04771981,-0.16064821,0.07257764,0.02025029,0.2533246,0.3215712,0.13283792,0.06463112,0.16486463,0.036363233
CAP2,0.040597465,0.18804969,0.06464306,0.00467676,0.002769482,-0.079391256,0.13535386,-0.20000245,-0.025992692,0.023714243
PER2,0.0011211712,0.14842556,0.20242476,-0.032177236,0.061620448,0.034436464,-0.0151301045,-0.18328461,0.06358767,-0.0584246
MAOB,-0.0040496844,-0.06770077,0.14003491,-0.046832174,0.21775894,-0.06844527,0.0020219379,-0.21391362,0.05999708,-0.038262047
NBL1,0.00075431354,0.04670552,0.07980234,-0.07120315,-0.26259422,0.08534351,-0.15349513,0.07652887,-0.007698868,-0.16337304
FAP,0.0033255604,0.18184797,0.08086007,0.0041897884,-0.14852087,0.22301807,-0.14243157,0.17371534,-0.005691828,-0.1077992
TMEM97,-0.09195116,-0.08526649,0.05824389,0.15849166,-0.011121123,-0.0055164443,-0.31662372,0.026241327,0.015458556,0.11790883
DPF1,-0.07127987,0.11520641,0.123010054,0.12878014,-0.19961195,-0.0072954767,0.047410063,-0.009836857,-0.2226682,0.07264733
SFMBT2,0.18055697,0.008393023,0.25604323,-0.01871755,-0.017020795,-0.10580077,0.102393314,-0.21255083,0.022200076,-0.027803985
RASL11A,0.09364596,0.12763368,-0.0019792859,-0.017185828,0.06758703,0.013410688,0.13444598,-0.06456613,0.08469277,-0.000506138
MYCT1,0.1515721,0.015210562,0.13714546,-0.0028826173,-0.13523762,-0.19170326,-0.0039615505,0.17691757,0.40592098,-0.015861552
KCNF1,0.0026998743,-0.0010828831,0.13900168,0.035032783,0.065769486,-0.0967643,0.082676984,-0.0016714623,0.11432817,0.20836547
TRAM1L1,-0.02367821,-0.042466573,0.120248005,-0.00043219305,0.28514096,0.082508974,0.0022663418,-0.059409924,-0.16593245,-0.09050333
PLK2,0.092928566,0.084607415,0.19644505,0.057673212,0.3232111,-0.11006952,0.0903569,0.15309897,0.14958692,0.08422068
NRN1,-0.050134238,0.07795297,0.028070426,0.05930131,0.03956651,0.09749982,-0.009346623,-0.16591738,-0.016893039,0.20797782
DNMT3B,-0.08232819,0.01052619,0.14144841,0.23698108,0.009618148,-0.020254344,0.041559473,-0.0047316155,-0.04720432,0.13291147
EFEMP2,0.008494099,0.1190204,0.022015786,-0.04831908,-0.08372059,0.075010724,-0.2576998,-0.07681804,0.052744787,0.08099257
RCSD1,0.24010697,-0.0040799975,0.21585913,0.009471377,-0.006151797,-0.17681682,0.078704014,0.112064555,-0.02053916,0.023913177
LRP8,-0.049484584,-0.06400641,0.0041282014,0.14022651,-0.030856315,0.04259763,0.0811366,-0.071656995,-0.073912196,-0.3078647
P4HA2,-0.0393014,-0.023776552,-0.093615405,0.13538465,0.008713423,0.0997204,-0.3274041,-0.017220983,0.07507832,-0.0022771107
ANK2,-0.06762119,0.055427287,0.113900274,0.027688531,0.19687995,0.00043359963,-0.005935614,-0.30216843,0.06674802,-0.083655044
WFDC1,-0.017945614,0.005787933,0.024748944,-0.019528858,-0.08177764,-0.12293969,-0.27425963,-0.015083031,0.088892765,0.2483967
SCRN2,0.0067055235,-0.025314152,0.051281024,-0.06131888,0.077916786,0.009375598,0.030861458,-0.15437463,-0.076173015,-0.14030856
HMGB3,-0.01988359,0.07305095,0.022649018,0.21634765,-0.05824778,-0.047721803,0.023363855,-0.045841847,-0.027500385,0.20454608
EMX2,-0.00672523,0.221326,-0.051542256,0.0051222937,-0.13810912,0.0025664275,0.025716787,-0.034485728,0.03959669,0.18070741
CD6,0.2389502,-0.0048678904,0.06962379,0.005888427,-0.03439901,-0.098838985,0.053607687,-0.044602178,-0.17123596,0.040106207
DENND2A,0.048583988,0.09600284,0.009356811,-0.017280506,0.105583936,-0.106492385,-0.110879086,-0.07014117,0.17124635,-0.1745613
RECK,0.017629623,0.20615023,0.23888691,0.0060921866,0.07675789,0.020872537,-0.107732475,-0.046448518,-0.03429166,-0.19332373
ABCC1,-0.0035858778,-0.020121897,0.11797521,0.1528472,-0.2274911,-0.03342487,-0.13336028,-0.06508472,-0.11737344,-0.14150628
BCL3,0.17577343,0.09811529,-0.06956534,0.0344855,0.07151827,0.089947574,0.0662979,0.12989052,0.058167685,0.010963373
CD109,0.022924596,0.0962314,-0.07756867,0.0189004,-0.10713786,0.32013243,-0.17449911,-0.09489464,0.16051383,-0.14112268
SDF2L1,0.07396612,-0.1436548,-0.012035729,0.0337038,-0.13753793,-0.018834727,-0.0036704734,0.11757361,-0.08195916,0.06610445
INSR,-0.018757641,0.0017703231,0.2839031,0.002610781,-0.2924548,-0.097750776,0.12597586,0.008349003,0.13116913,0.07332951
MYO5C,-0.0038961433,0.079277456,0.013590945,0.11225159,-0.05781759,-0.113605574,-0.013875634,-0.20956302,0.04177703,-0.03847505
SLC9A5,-0.09404795,-0.0019401624,0.14166003,0.02630477,-0.14103869,-0.013192837,-0.098467566,-0.015124834,-0.049829934,0.12263781
ATF5,-0.042229373,0.069047265,0.19273825,0.038006116,-0.24295688,-0.00888828,0.01220217,0.049055398,-0.18496217,0.073663495
NEO1,-0.07644008,-0.0070634685,0.25251147,0.07132722,0.12574556,0.026978768,-0.16289906,-0.16816138,-0.12892462,-0.0017709625
BDKRB2,0.11316209,0.16646272,0.0341456,0.024514234,-0.1320821,0.13106592,0.011543326,0.031799946,0.18370967,-0.10911159
HOXC8,-0.068777226,0.0598283,0.12420355,-0.06712815,-0.04664971,0.056994643,0.04000689,-0.06960128,-0.12326865,-0.04575287
ATP10A,0.009524718,0.10195676,0.026061168,-0.023579778,-0.30713254,0.072589934,-0.0011273555,-0.085781306,0.021372424,-0.24964811
TRIM9,-0.018328462,0.0449053,0.27073252,0.03650314,-0.0064927023,0.19257092,0.150253,0.100018285,-0.12260941,-0.1679452
GJC1,0.012297492,0.15969315,0.09399478,0.17778304,-0.03366174,0.02662044,-0.026595885,0.0051342226,0.15586002,0.17831
SSBP2,0.038917687,0.09160202,0.048994265,0.039548635,-0.017914806,-0.01808112,0.1406906,-0.15243648,-0.036284797,-0.002430338
DEPDC1,-0.08574172,0.0017421099,-0.03253206,0.35128206,0.16545019,0.0015121745,-0.011379024,0.0105856275,-0.031047845,-0.02975356
KCNN3,-0.0025639916,0.040594243,0.3298588,-0.03281771,-0.08823096,-0.04243638,0.0037896258,-0.12017835,0.10862366,-0.105916455
LAG3,0.15787233,0.013198266,0.00313256,-0.000899954,-0.044781175,-0.06453484,0.01047958,-0.02010662,-0.13611461,0.24342379
SPAG5,-0.077447504,-0.003645094,-0.052209966,0.34657335,-0.012962173,0.0017365213,-0.016225234,0.032049544,-0.06717621,0.005756237
KITLG,0.0944408,0.12592731,0.1733529,0.10288317,0.11251085,-0.022440564,0.009112817,0.06403201,0.21955574,-0.20168333
PHKA2,-0.024427984,0.008674767,0.30114812,0.015472479,-0.05334701,0.07340206,0.0018804065,-0.017241072,-0.19637968,-0.08637566
NPTXR,-0.018791527,0.0055679795,0.19858207,0.0041512824,-0.118524656,0.11239785,-0.002379006,-0.0977993,-0.08202044,0.073695414
TLR8,0.3021436,0.014434697,-0.1050492,0.024603307,-0.0057502748,-0.038930885,-0.08442122,-0.047742628,-0.1549718,0.011793483
E2F1,-0.09553335,-0.046165984,-0.04647314,0.26250187,-0.08147251,-0.04916818,0.041948147,0.08222634,-0.046603855,0.11025203
APBB1IP,0.2049051,-0.0379991,-0.06400872,0.011130827,-0.013524265,0.088767394,-0.02481386,0.07111614,0.024564613,-0.14692064
UHRF1,-0.05025678,0.023062136,0.049884435,0.33187658,-0.030315215,0.04833691,0.013432558,0.053448886,-0.046279278,-0.011108582
VIT,-0.082953624,-0.08687649,0.08177919,-0.06296637,-0.043098513,-0.08032916,-0.24908572,-0.20503584,0.08931275,0.03406852
CYP27B1,0.002571766,0.12683365,-0.090220585,0.030317945,-0.012745288,-0.010247226,-0.038869567,-0.12752299,0.1123409,0.16129489
MMP16,-0.058349267,-0.1219274,0.1721498,0.09101782,0.086312406,0.045854904,-0.2517983,-0.080295436,0.06920398,-0.007920864
CDC42EP3,-0.0040833936,-0.165987,0.068958096,-0.004802027,-0.0071670697,-0.009013246,-0.1217647,-0.21941681,0.00841613,-0.07908654
EVC,-0.0069937133,0.2103708,0.05871244,0.034895837,-0.12205111,0.14042667,-0.19276197,-0.07184921,0.013228437,-0.046321794
ABCA8,0.12862776,0.19056897,0.08951919,-0.081728935,-0.01554483,-0.068747565,-0.005027374,-0.19043416,0.032118592,-0.06194957
TRIP13,-0.06592629,-0.008189509,-0.0075660935,0.2942536,0.008749978,0.0057695517,-0.008126076,0.16673306,-0.019809986,0.019089298
MYL1,0.04993342,0.01661049,-0.012114449,-0.013949362,0.033043962,-0.061119534,0.06489731,-0.09568591,0.04584251,0.043520365
P2RY1,-0.005334607,-0.15454857,0.21445633,0.07450175,-0.008251818,-0.0020711285,-0.0803865,-0.029277032,0.038929842,0.043026965
LRRC8C,0.15140241,0.12430792,0.03377626,0.11355901,-0.12592414,-0.07336399,0.19553968,-0.044246186,0.07784743,-0.22581856
E2F8,-0.046087943,-0.03305674,0.00959314,0.35407287,-0.11936629,-0.061793722,-0.04267276,0.0041989298,0.01602935,-0.018723475
GRIA3,0.003444266,0.061608437,0.099734165,-0.008357839,0.12750079,-0.017563922,0.009431487,-0.17496836,0.04668879,0.19683903
PDLIM5,-0.0026055353,0.0036784399,-0.016732372,-0.001672493,-0.15682814,0.04325042,-0.08906271,-0.12835419,0.118595526,-0.32893747
NGFR,0.01749,0.006845479,0.29911622,-0.030570209,0.047947492,-0.12131812,0.028178634,-0.06753727,0.078972384,0.2231748
PTPN6,0.31350216,-0.06267205,-0.05476522,-0.0017068723,-0.098561615,-0.0012976946,-0.0017142344,-0.062616594,-0.09543589,0.0054119844
SP100,0.17541061,-0.015441795,0.11466212,-0.0126165515,0.13181065,-0.0369923,-0.062491924,0.06757766,-0.17764395,-0.31410927
BRCA1,-0.07248421,0.02588973,0.03889428,0.34359097,0.12541535,0.023432206,0.0055499794,0.004173124,-0.054751325,-0.171754
TAGAP,0.28280574,-0.02580726,-0.025310425,-0.004487334,-0.059551287,0.0004561408,0.00026412532,-0.05341251,-0.120798394,-0.064827345
ST6GAL1,0.20337228,0.1121662,0.06347772,-0.0036635164,0.1003565,-0.12737772,0.00882414,-0.056552026,-0.0028963997,0.003330812
YIF1B,0.0857447,-0.051168602,-0.066586226,-0.031011248,-0.18361026,0.04629818,-0.034179244,0.16163799,-0.039484803,0.0708338
GAP43,0.037692416,0.13950282,-0.06936775,0.019846596,0.010948874,0.0032190224,0.008604612,-0.08769446,-0.0017767048,-0.030710934
PROCR,0.11740885,0.083437376,0.023830255,0.0011004725,-0.17609648,-0.0025592262,0.049771383,0.13720597,0.3197017,0.006709408
PLCE1,-0.034652688,0.12986697,0.027069546,-0.0006288182,-0.07113905,-0.02494358,-0.0028841712,-0.3321444,0.15014999,-0.27994436
KIF15,-0.05682966,0.049912162,-0.011218345,0.37643138,0.105833136,0.0031587356,-0.0097539155,0.009744096,0.0019892538,-0.00856999
DTX1,0.05188956,-0.0011660035,0.17099671,0.09333587,0.0058159963,0.06768124,0.1967155,0.06269544,0.13170551,0.17428955
PDLIM3,0.0906563,0.17723368,0.0037602189,-0.040129926,-0.003566409,-8.378786e-05,0.0976832,-0.09916833,0.12771831,0.023346458
TMEM117,0.002928847,-0.0033073968,-0.042802315,0.028780362,0.16770448,-0.019636631,-0.023801222,-0.40540788,0.057797667,-0.0036220264
TMEM26,0.15205543,0.05080571,0.042906947,0.10296974,0.17279008,0.12918724,0.0037513403,0.047559347,0.18374252,0.03595808
HSPH1,-0.008216912,-0.006084437,0.0945948,0.20237656,0.003785382,0.048010543,0.18273541,-0.0271506,0.021113027,0.046869524
ST6GALNAC3,-0.002710039,-0.025578933,0.19822472,0.13386253,0.08684768,-0.029730033,0.028816486,-0.012803337,0.0022305406,0.23767179
GAMT,0.04085464,-0.08760326,0.0039007298,-0.084071465,-0.16382487,-0.015563666,-0.014657124,-0.1844312,-0.07157208,0.028186701
WNK4,-0.086049326,-0.016562162,0.2474414,0.011128445,0.044840895,-0.048459686,0.024328498,-0.23094355,-0.065205745,0.17468162
LRRC8E,-0.028983897,-0.025984395,-0.08619669,0.09661536,-0.029442597,0.108906664,-0.2836945,-0.2293171,0.097857326,-0.03899489
ANLN,-0.040997665,0.040048305,-0.0038078602,0.3256795,0.21973228,0.11013579,-5.9056834e-05,0.05172747,-0.05578714,-0.2647755
PTPRS,-0.112489544,-0.04662816,0.24817958,0.07804247,-0.044884603,-0.008866145,-0.23766597,-0.17319714,-0.077532776,0.027107088
CTNND2,-0.033487357,0.022981849,0.141001,0.06211075,0.048427418,0.0034745112,0.035207167,-0.19671828,-0.08695639,0.2081646
GRK5,0.16110618,0.17785934,0.10171861,0.001382108,-0.067399554,-0.11898658,0.14139408,0.04909568,0.19309564,-0.032797635
STAC2,-0.014933574,-0.06950163,0.2325477,-0.008461195,0.11534741,0.0056234444,0.0056664417,0.04030376,0.011902809,0.008197315
CCR1,0.18769196,-0.22019026,-0.012022815,0.026447108,0.015200683,0.29485622,-3.5977897e-05,-0.0014337705,0.15845886,0.043469165
PARP9,0.1830154,-0.035867,0.12847655,0.0006288212,-0.09444377,-0.015761403,-0.13579401,0.06797256,-0.17099865,-0.2791228
CMTM4,-0.08566205,0.08473212,0.20550106,0.051642824,-0.04830111,0.14326945,-0.09083808,-0.10444305,-0.053059723,-0.1589058
NEDD9,0.04169335,0.06804861,0.22780341,-0.05787569,-0.031004122,0.017407108,-0.07783984,-0.04409479,-0.092154965,-0.2599285
FCER1G,0.29506427,-0.03640609,-0.1203772,-0.00012965626,-0.0013464215,0.008693818,-0.11734946,0.048291642,-0.13361305,0.05814446
NR4A1,-0.014158575,0.13453747,0.0034915416,0.078725114,-0.1504652,-0.08388255,0.12212764,0.014199374,0.10594876,-0.028400393
FOXM1,-0.07854053,-0.0066835787,0.07438083,0.3347158,-0.07623906,0.035680734,-0.015676929,0.08683039,-0.05205442,0.015389442
WNT3,-0.05801935,-0.004358741,0.21937433,0.0021902705,0.009492179,0.086028606,-0.018721975,-0.09682877,-0.13884163,0.027558345
CD36,0.06320459,-0.1017117,-0.092034094,0.069772236,0.12476454,-0.1031123,-0.31192735,-0.2366471,0.20547974,0.029028026
FRMD6,0.0064725173,-0.04179872,0.22672698,0.089353345,0.010913,0.18541689,-0.14008497,0.011807984,0.05852052,-0.25447628
ADAMTS3,-0.05777872,-0.012636077,0.12922627,0.081498176,0.23603886,0.06261326,0.0015328855,-0.099559836,-0.12161883,-0.09535388
TWIST1,-0.10152666,0.07370134,0.15298295,0.090096764,-0.017232634,0.16528063,-0.09486384,0.23217838,-0.19583803,0.14883356
TNFSF13,0.2657909,0.04783086,-0.08195567,-0.0028402929,0.27696875,-0.06471769,-0.11558061,-0.058555286,-0.13813518,0.07299341
EPB41,0.15741102,0.03286684,0.004037509,0.15712442,0.1777286,-0.11200568,0.12783377,-0.27833745,-0.0052114488,-0.07247744
DCK,-0.027801856,-0.0037262314,-0.00866547,0.3002472,-0.13012397,-0.0001485197,0.003381361,0.10131883,-0.062315267,-0.1130862
NAGLU,0.09041487,-0.15325563,0.062282767,-0.028839624,0.002526919,0.28762582,-0.101506464,0.12313144,0.087781236,-0.030309748
JAZF1,0.041179363,0.12505801,0.13459322,-0.008222293,0.305951,0.085193016,-0.05160839,-0.026906595,-0.0416702,-0.30057663
RAMP1,0.015451109,0.021646036,-0.03722911,-0.06632717,-0.058637638,-0.18002698,-0.064329796,-0.19224425,0.18202198,0.13325311
ADCY3,-0.071075305,0.10831161,0.14397185,0.11671304,-0.064214595,0.12084959,-0.1867633,0.047567733,-0.024348006,0.033084393
CYP39A1,-0.014251594,-0.1576155,0.26571968,0.016508715,-0.005409012,0.011082732,-0.016970592,0.013561851,-0.0776728,0.02891102
RUNX2,-0.0565454,-0.15123266,0.2760683,0.10081142,0.12153063,0.044926126,-0.07090836,-0.035528768,-0.010933386,-0.0593905
ARHGEF6,0.028398734,-0.08092702,0.20080702,0.0056647095,-0.08998966,-0.019484418,-0.22158489,-0.06379292,-0.12608452,-0.24247828
POLQ,-0.07456554,0.025404727,-0.01268196,0.31808716,-0.029987898,-0.06412207,0.030914027,-0.08239982,0.007723312,-0.016703852
HTRA3,0.011523355,-0.028969096,0.14760663,0.019569019,0.0028088612,0.21051712,-0.14451967,0.181152,0.03876026,0.18396157
SLC9A2,-0.070264116,-0.123508416,0.21109028,0.08248216,0.009688645,-0.12745243,-0.12934959,-0.16937649,-0.051028863,0.10241216
SLC25A10,-0.081497304,-0.15177938,0.08608997,0.10882328,-0.019741576,-0.007043647,-0.010225743,-0.015658455,-0.11650396,0.22843225
FOXF1,-0.0024655017,0.08424541,0.1439828,0.05270056,0.100140676,-0.01708754,0.03953736,-0.03245824,-0.11589452,0.22507407
PRRX1,0.002698318,0.12803118,0.17720379,-0.0072066546,-0.09319441,0.17288205,-0.22320282,0.08582642,-0.020358603,-0.3290898
HOXB3,0.0011385245,-0.04415128,0.12909406,0.050125264,0.038818285,-0.08565057,0.013482516,-0.22861864,0.018937515,0.054412868
ARG2,0.061152592,0.119623154,0.00023086694,0.16568735,-0.06613943,0.062067054,0.17953034,0.146093,0.06521429,-0.0064759813
POLE2,-0.051668845,-0.0039451662,-0.052888233,0.30027625,-0.080921076,-0.017473405,0.013232146,0.09369393,0.011312846,0.10583032
EPHB1,0.08459915,0.023366004,0.2744077,0.03645726,0.06685154,-0.11861088,0.04610838,0.1499532,0.29048568,0.056907006
STK38L,0.08568239,0.18822777,-0.029982762,0.051129717,0.23620096,0.0551824,0.068621755,-0.13553837,0.12007248,-0.20715323
IL7R,0.2330599,-0.054493003,-0.09814745,0.052533854,0.09276401,-0.060071893,-0.14406803,0.034821052,-0.10841672,-0.11132252
TLE2,-0.036270007,-0.008389413,0.28678444,-0.08370812,-0.15362313,0.022018643,0.11263261,-0.18377045,-0.14752007,0.17592889
RAPH1,-0.032756772,-0.103467956,0.22685528,0.06397908,-0.063228615,0.10163194,-0.112151474,-0.0810448,0.11634034,-0.25074285
KERA,0.032338224,0.119145654,-0.017070439,-0.014197829,0.007260311,0.020780204,-0.1804351,-0.06912831,-0.023933982,-0.14671803
EDN1,0.14866863,0.1452317,-0.050131347,-0.011645138,0.029558437,-0.072491914,-0.0026524293,-0.036317267,0.11552485,6.3293235e-05
NAP1L5,-0.020076772,0.03330307,0.037430823,0.09771592,-0.0764859,0.012673824,0.01218911,-0.032955922,-0.043161266,0.048767105
FST,0.035687998,0.040272392,0.23197529,-0.11169995,-0.016569445,0.051874265,-0.0012452708,-0.029692797,-0.1742761,-0.18462586
TBC1D9,0.18508646,-0.16737841,0.0032194306,0.0434535,0.3592744,0.23578604,-0.013840479,-0.15678898,0.1257027,0.0037127188
PDGFRB,0.08704897,0.09188715,0.2898361,0.0007162151,0.042723734,0.11266752,-0.019201824,0.19123033,0.100112334,-0.14313374
EGR2,0.122980036,0.009974412,0.06535303,-0.003347544,0.16552076,-0.013906489,0.24536279,-0.12231805,-0.07195183,-0.10947622
GALNT6,0.13238871,-0.19930203,-0.06761238,0.046358798,-0.0014547263,0.22064516,0.108980864,-0.11635837,0.18906268,0.08730066
PDE2A,0.1094802,0.018357316,0.19038633,-0.042227235,-0.13195679,-0.118058495,-0.08247318,0.04327851,0.3045957,-0.045917597
YES1,-0.007695389,0.08863051,0.0040583904,0.22717597,0.28274375,-0.0066247145,-0.006634964,-0.030030392,0.17535798,0.05258644
SEMA4D,0.14202248,-0.25000867,0.012131467,0.027806738,-0.037493702,0.18654546,0.07722058,-0.10653424,0.104483,0.100941636
PON2,0.004666786,-0.068967104,0.059760746,0.19188388,0.09761259,0.025117747,-0.013489532,0.08389702,0.027673503,0.06792987
UNC13D,0.25206485,-0.11585108,0.0055807265,0.0068596527,-0.0030251849,0.1457764,0.09679733,-0.05808728,-0.040449012,0.08547481
KIF23,-0.061676584,0.005413513,-0.04779548,0.36225218,0.044056777,0.0012879773,-0.0024486566,0.07439566,-0.023219854,-0.03679804
EBI3,0.2706936,-0.104956694,-0.010773307,-0.0025184646,0.0031152123,-0.006902983,0.0019068853,0.0053586643,-0.158674,0.1753968
RAB42,0.18123072,0.06377708,-0.0982863,0.017296422,0.10284263,-0.017332086,-0.11602308,-0.03335291,-0.13544883,0.009867546
PCBD1,0.0864883,-0.20725216,0.017780185,-0.08260056,-0.23002459,0.005923164,0.18812233,-0.13279536,-0.0681016,-0.008444941
MAGI2,-0.027727352,-0.012025484,0.05920714,0.010255628,0.24680734,0.022426251,-0.03155939,-0.1916688,0.1120546,-0.057778254
CBX2,-0.047470827,0.0018226699,0.22123817,0.18576981,-0.003150225,-0.05896304,0.09111732,-0.14219806,-0.111178584,0.087374754
SRGAP3,0.09512538,-0.0734616,0.27704218,-0.047349334,0.04817606,0.23230326,-0.014762594,-0.070834965,-0.12456668,-0.029152634
NOSTRIN,0.12472866,0.0041455543,0.11338194,-0.042667035,-0.11567585,-0.22594006,-0.059052896,0.014827442,0.3193791,-0.0061534466
LIMK1,0.052364375,-0.08852981,0.16712542,0.07920161,0.004100458,0.21945557,0.0692134,0.06091585,-0.17003289,-0.103137136
IQGAP3,-0.04062773,0.00766823,0.0666796,0.3058837,-0.1726856,0.011223401,0.008945052,0.0140081635,-0.042082936,-0.12784158
TFPI,0.12963225,0.04568816,0.06556266,0.070907965,-0.0668003,-0.0560048,0.058463592,0.11877476,0.40427738,-0.06289676
GPRC5A,0.031789836,0.13522412,-0.1312877,0.008093328,0.053903665,0.02454186,-0.021936944,-0.17628145,0.12756103,-0.15085126
MEOX1,0.11384868,0.18025784,-0.054824226,-0.0010413117,0.0055497456,-0.12017644,0.12135182,-0.037680957,0.19518456,0.109146036
FAM43A,0.049580865,-0.0714671,0.18816078,-0.06479483,0.020378686,-0.19173105,-0.08926022,-0.029207867,0.2167399,0.0019426716
LRIG1,0.10459258,0.20572244,0.046416644,0.0167878,-0.0557427,0.12809771,0.30377007,-0.0701762,0.06961386,-0.037602652
MARCKS,0.07363711,0.007253597,0.10867925,0.09614858,0.21508005,0.0041245557,-0.1801746,0.17444097,-0.04743822,0.20325328
ADAMTS17,-0.01687047,-0.024628665,0.16804358,-0.011238441,-0.0024272546,-0.002729365,-0.21211554,-0.0904815,0.062292412,-0.042380374
ITPR3,-0.005869232,0.051856074,0.22128734,0.01507471,-0.13771506,0.14317335,0.049734652,-0.059291296,-0.014110905,-0.33013898
STOX2,0.058694217,0.07672819,0.23252101,-0.011967087,-0.0048030633,-0.10667113,0.023299307,-0.18093577,0.14062065,-0.20086755
SLC35F2,-0.050576862,0.10493561,-0.13816719,0.17269512,-0.062966496,0.0062506483,-0.06443409,-0.06307971,0.03923701,-0.04471198
PTP4A3,0.06308152,0.08732059,0.12224969,-0.06332217,-0.004066424,-0.18467599,0.071768716,0.01654671,0.23998076,0.1401331
CALD1,0.06238079,0.22434834,0.03580491,-0.004668591,0.2953294,0.1573138,-0.13106728,0.048882287,0.11525463,-0.17416997
CNTN4,-0.0010025341,-0.008489731,0.10675013,0.019553244,0.1270011,0.001713147,-0.027302109,-0.21528581,0.04967404,0.035130117
FGD2,0.30059975,0.01974433,-0.010919315,-0.003670485,0.050696854,-0.17129111,-0.09466204,-0.031361014,-0.17527159,0.03101552
RASGRP3,0.15756652,-0.004170269,0.21934615,0.045175888,0.0626236,-0.19308645,0.06512354,0.177514,0.35545686,-0.041437972
EVI2A,0.18946938,0.056033723,-0.23585285,-0.00080674543,0.33964637,0.09829124,-0.1722687,-0.013468642,0.08985026,-0.034086592
MYOZ1,0.0538846,-0.0023102344,0.11215693,-0.014440593,-0.013547709,-0.08752193,0.07969643,-0.14419773,0.02825715,-0.011403698
PHKG1,0.020231163,0.047422618,0.026171677,-0.09636571,-0.09755072,0.05107541,-0.053232744,-0.1278535,0.060217407,-0.112982795
PPIL1,-0.011232839,-0.050862785,0.08715786,0.12397477,0.321832,-0.008594786,0.07502776,0.079527095,-0.10762687,0.011657643
ITGB7,0.19120355,0.02811334,0.017929293,0.0042202543,-0.07557758,-0.115378544,0.10070805,-0.08334824,-0.21155344,0.14268038
IER3,0.084770374,0.037139613,-0.050665688,0.008338602,-0.11086163,0.083817795,0.06713456,0.16560316,0.04628709,0.025230706
PTEN,0.08648898,0.026758734,0.11003598,0.0029583445,-0.086336605,0.0025047576,0.105393894,-0.14650503,0.15462002,-0.25112647
TPM1,0.035489887,-0.008014079,0.10128522,-0.005550137,-0.022330917,0.13055257,-0.09765809,0.059218287,-0.0050897137,-0.11621826
CNTN1,0.00071539945,0.10374023,0.07387957,0.037948478,0.007567744,0.1818389,-0.009260496,-0.004095083,-0.1097217,0.20082186
USP49,-0.037220154,-0.061455138,0.29322374,0.00599313,0.28824002,-0.044660594,0.18587925,-0.08481002,-0.0882562,-0.037006356
DEPDC1B,0.001533972,-0.05914094,-0.08985187,0.34520763,-0.032068826,-0.07476541,0.09522684,0.012606667,-0.012345205,-0.050908282
SDC3,-0.01652157,0.101116166,0.14267866,-0.0035021447,-0.03389022,-0.010807925,-0.15878528,-0.24026921,-0.117140844,0.06731557
MYBL2,-0.0423932,-0.047329035,-0.10238289,0.31554794,0.022676207,-0.008496686,-0.07493567,0.12522118,-0.05411038,0.120380834
DST,0.0037138832,0.03669327,0.07518823,0.054763477,-0.022913026,0.090145275,-0.112782545,-0.237107,0.083145075,-0.43814313
BLNK,0.29450095,-0.016860215,-0.003946265,-0.005931503,0.14127526,-0.0016172774,-0.10058491,-0.08335748,-0.15264204,0.013150595
SHC3,0.06330848,-0.15552455,0.08642262,0.0029971485,0.0220953,0.36539647,-0.0256386,0.0288011,0.17563991,0.12728395
KLF9,0.00075585477,0.14518149,0.015774483,-0.079597756,-0.12243878,0.02221088,0.01970578,-0.11103182,0.09729867,-0.21642332
CCDC69,0.17710328,0.0049292664,0.0014761209,0.0029576337,-0.009184274,-0.16308491,0.16109899,-0.15169983,-0.006495807,0.0634696
TPD52,0.091008395,-0.10987015,-0.05090861,0.077413954,0.09421199,-0.13304825,0.0946152,-0.2884432,-0.034838058,-0.021936042
TMEM106A,0.24992481,-0.076280236,0.029354665,0.029968187,0.14092831,-0.086872645,-0.13756771,-0.06866682,-0.11266008,-0.009651555
MICAL2,0.04627923,0.12132141,0.0093582915,0.04683905,0.03515929,0.21589354,-0.08375633,0.11374447,0.066873044,-0.19555862
SAMD4A,-0.032897018,0.17924416,0.013579285,0.00097611704,-0.041074634,-0.074896485,-0.099161185,-0.222416,0.10979423,-0.20845498
SERINC5,0.0008024355,0.096792705,0.08663095,0.067121744,0.15918653,0.12425647,-0.08877425,-0.10561113,0.093551844,-0.118941255
CDH6,0.09595048,0.13045953,0.056300912,-0.00451453,0.01460074,-0.006171236,0.13500069,-0.21701962,0.07449275,0.033117197
NCF4,0.2838839,-0.15124807,0.0036225421,-0.028378706,0.051554974,0.10736958,-0.011413268,0.015326765,-0.08819711,0.106833406
SLC22A15,0.030263182,-0.03656237,0.04668988,0.15907341,0.05872596,-0.017317474,-0.007895219,-0.039120685,-0.16987884,-0.1687892
ADAMTS6,0.059926033,-0.048195105,0.07702634,-0.016323416,-0.020272583,0.030598365,-0.04507128,-0.20041531,0.11499397,-0.2471107
GMFG,0.23719624,-0.096747346,-0.019537456,-0.103907935,0.3330207,-0.086216874,-0.0020599896,0.09897322,0.019941168,0.07826755
TMEM119,-0.08108477,-0.08258346,0.10369205,0.0063354704,0.037131652,-0.032286756,-0.44937512,-0.048382375,0.01141527,0.05423648
TNFRSF1B,0.28029916,0.042841632,-0.00884652,0.0017863191,-0.033912104,-0.06260041,0.014158289,-0.004494485,-0.15535228,0.10950476
C1QTNF2,-0.04091302,0.22661886,-0.026657185,-0.02355108,0.011199383,0.10709883,-0.19701001,0.011869801,-0.0030102553,0.02062452
SSPN,0.012803846,0.16254547,0.082544565,-0.0128584625,0.2565122,0.17033735,-0.113693185,-0.01901226,0.065102234,-0.015244193
CA13,0.13615662,0.08641861,-0.0859551,-0.0019295876,-0.03655985,-0.055797953,-0.024704095,-0.2214097,0.1286093,-0.021885905
SPATA6,0.014007501,0.012439323,0.24685603,-0.0048911227,0.016357211,0.04630847,-0.0024883011,0.02270475,0.03415729,-0.17516732
RNASEL,0.14434226,-0.034477074,0.21712872,-0.003622298,-0.10690172,0.073535584,-0.0126229245,0.024975281,-0.07823402,-0.3101823
MYH11,0.08313243,0.16052671,0.13839428,-0.04990445,-0.08650811,-0.1009823,-0.038894605,-0.17958896,0.14250648,-0.06316567
LHX2,-0.1068808,0.044619523,0.14674129,0.13172409,-0.024276216,0.016609589,-0.10026561,0.08177147,-0.13471785,0.12791537
ENTPD1,0.20033568,0.0800481,0.10865299,-0.007647473,-0.12983051,-0.1622424,-0.03557385,0.07787678,0.3052358,-0.03321068
RRM2,-0.01588578,-0.01000134,-0.12939496,0.35008845,-0.14049433,0.048069146,-0.022054488,0.023353834,0.062077615,-0.027442956
SLA,0.28562698,-0.037627205,-0.068125695,0.04687769,0.090504706,-0.1088705,-0.07504988,-0.10119645,-0.13055068,-0.01843164
EHD3,0.08855005,-0.14154665,0.14299971,-0.020393752,0.1173274,0.04396484,-0.018432254,-0.07702979,0.13371223,-0.23994605
ARHGEF9,-0.03824315,-0.010503135,0.22656228,0.0023240915,-0.32491627,0.10308648,0.0026140916,-0.05028317,-0.05060747,-0.13834852
MAP1A,-0.019529684,-0.009930731,0.11388978,0.047577914,0.01803136,0.10933267,-0.2905075,-0.09389672,0.049604647,-0.2368006
MMP28,0.10620445,0.15048707,0.17870879,-0.04064899,0.21649484,-0.029092226,0.018260576,0.21833432,0.21284592,0.14731133
PEX6,-0.011331904,-0.09733118,0.23821704,0.05978002,0.19205531,0.033752628,0.12009541,0.12649453,-0.1007521,0.11297799
NR1H3,0.22007868,-0.18150033,-0.007714033,-0.007671824,-0.03188676,0.10045269,0.11661681,0.024225766,-0.0071413615,0.15549059
TNFRSF25,0.055811584,0.0379002,0.21546516,-0.06190389,0.0040195263,-0.04883768,0.014208555,-0.018403132,-0.165081,0.14264855
WNT10B,-0.08825734,-0.08598668,0.005443604,0.03176384,-0.008688537,-0.012264698,-0.0672934,-0.23530683,-0.028213419,0.25899217
CREB5,0.049210023,0.15168579,0.08157953,0.019387247,0.19073117,0.09216041,0.09263826,-0.07872384,0.055391286,-0.12797631
ANTXR1,-0.001117281,0.14870137,0.20225148,-0.005602415,0.30106762,0.16897301,-0.1323852,-0.036559578,-0.0066718427,-0.2044485
CSPG5,-0.041555505,0.08523292,-0.121546164,0.11529316,-0.11572646,-0.13800544,0.002180903,-0.17758593,0.04008171,0.1164991
CD3G,0.20486271,0.002785183,0.058524415,0.0019020283,-0.0039825607,-0.1426011,0.11027599,-0.08387052,-0.20853199,0.07822321
APLP1,-0.07229844,-0.04442627,0.2158754,0.018342974,-0.0063603558,0.09724204,-0.10529897,0.012790509,-0.15127438,0.03845082
FANCD2,-0.044380713,0.015135711,-0.00097107835,0.3352414,0.23489144,0.009846907,0.011589725,-0.018481653,-0.012690232,0.055528946
ACACB,0.05698372,-0.008357535,0.115053296,0.08571458,-0.07491937,-0.0012426425,-0.04243791,-0.21947755,0.016400483,0.0056517874
GALT,0.049193323,0.13757427,-0.014351406,0.0030383826,-0.15601552,-0.014757988,0.011449015,-0.1614863,-0.1036631,0.14563553
ADAMTSL1,0.055182055,0.18890123,0.037115026,0.001868712,-0.1384196,0.03515208,-0.061593797,-0.198177,-0.02560666,0.049323898
EPB41L3,0.07591832,-0.03962896,0.18182608,0.0073763393,0.017841736,-0.10689126,0.032665163,-0.16410841,-0.15658097,0.054416656
MAP3K8,0.17829017,0.07295694,-0.03177349,-0.0050304774,-0.0032790056,-0.007904932,0.15422192,-0.08917233,-0.020529889,-0.1494523
SIM2,-0.061082855,0.15702446,0.13229224,0.07994848,0.059026,0.0146239055,0.09733468,-0.054360893,-0.25272158,0.22902836
TAL1,0.03153468,0.027351974,0.17586033,0.0023162335,-0.26642716,-0.06865494,0.026283117,-0.023190776,0.14234334,0.17543112
KL,0.021503566,-0.061179105,0.23571382,0.017276065,-0.0106128985,0.011474479,0.0008011074,-0.06395478,0.029714724,-0.13307022
LRRC2,0.039903928,-0.11305441,0.08557211,-0.03905989,0.034206208,0.21160178,0.029463205,-0.13985597,0.13961457,0.08916992
B4GALNT4,-0.06755188,0.10373867,0.10743252,0.07098212,0.011068835,-0.01914665,0.027747935,-0.16925366,-0.17300351,0.21488424
ARSJ,0.036633026,0.18933208,-0.009794635,0.006940619,0.052793503,0.2051063,0.00780893,0.029750522,-0.07706493,-0.1435913
HOXA9,-0.048084896,0.025467953,0.13647953,0.1010631,-0.0047359755,0.0061186384,0.06978518,0.04849186,-0.13745026,0.07263385
SH3RF2,0.026308298,-0.016394602,0.15189242,-0.021904828,-0.055725962,0.0411679,-0.007642993,-0.117885366,0.0039221467,-0.14584038
TBXAS1,0.28632727,-0.026207052,-0.14107578,3.6980684e-05,-0.021898907,0.045658916,-0.13940951,-0.0017433086,-0.058072906,0.047754157
TMOD4,0.10584021,0.064493485,0.040129807,-0.065990895,-0.019788196,-0.094550446,0.017036147,-0.2003943,0.076529644,-0.008620312
EFHC2,0.00807006,-0.001951314,0.084254816,0.05811515,0.2011172,0.0031214764,-0.10585743,0.02326327,-0.06281222,0.0066793
PARP12,0.21438773,-0.07261658,0.04762417,-0.013914218,-0.13377006,0.00537281,-0.047178995,0.068301216,-0.14385076,-0.25980374
PNMA2,-0.025758406,0.033542387,0.018430006,0.12923743,0.0034627565,0.011477098,0.005795521,-0.15174638,-0.0068927095,0.09878614
CHST2,0.077314675,0.0051346663,0.12916015,0.11200975,0.17566623,-0.09083911,0.17075212,0.07562729,0.17091356,0.21462156
BAG3,-0.026264826,0.052103613,0.13040127,0.026602285,-0.24544255,-0.010278902,0.08316582,-0.032425225,0.015083014,-0.17300422
GLT8D2,-0.0146383075,0.061233062,0.15118282,-0.013677351,-0.012807447,0.20897408,-0.106857605,0.017911997,-0.094841756,-0.111891784
CDH24,-0.081795014,-0.0353079,0.303816,0.083455145,0.006149396,0.03184981,0.021443129,0.0005825281,-0.17478785,-0.071983516
GPSM3,0.27648053,-0.118265584,0.018909043,-0.0031072309,-0.051654834,-0.0070725577,0.022041231,0.027924728,-0.056579303,0.022956626
PRKCZ,0.0047506434,0.08184569,-0.031918183,0.01020294,-0.19137491,0.021242976,0.009570944,-0.16454254,0.1436932,0.26809123
IFT57,-0.028792497,-0.08541549,0.19857512,0.017363138,-0.038885467,0.043244462,0.0035727113,0.052938867,-0.18619746,-0.079047285
MARCO,0.1608322,0.053903602,-0.164571,0.08039986,0.015949225,0.0057344274,0.097815596,0.0052829054,-0.072477564,0.04196485
USP13,-0.075741224,0.029503996,0.15336397,0.1600662,0.016588232,-0.014387922,0.0020803371,-0.22627753,0.053448558,-0.22786449
SLC44A3,-0.027226012,-0.13601798,0.20090891,0.017162418,-0.059354495,0.062778346,-0.10123245,-0.020164534,-0.08868723,-0.11801296
HECW2,0.0014338996,0.0012778449,0.15563473,-0.011300501,0.1813883,-0.0066154758,-0.18883306,-0.12467423,0.20086725,-0.22636366
COTL1,0.2156079,0.03356721,-0.036881544,0.060992148,0.06688052,-0.16849722,0.10242367,0.1454452,-0.005563074,0.10688857
ARVCF,-0.013684336,-0.10190207,0.24012469,-0.08247762,-0.11753241,-0.010145715,0.037521288,-0.12887233,-0.052065354,0.051864088
TMEM86A,0.25970805,-0.121310115,-0.015687656,-0.003406852,-0.09200707,0.080463834,-0.08908222,0.0026847515,-0.045326017,0.00444755
OAF,0.06437798,0.11264836,-0.045889482,0.0045749713,-0.09618364,0.16454962,-0.049846802,-0.004619256,0.16677675,0.1991852
LRFN3,0.0012390722,0.07525583,0.23457952,-0.009861883,-0.03147887,0.14628933,-0.027470134,0.06663649,-0.09145248,-0.036164336
RET,0.012118813,0.03772964,0.13175993,-0.061132696,0.012544953,-0.07826217,-0.04820222,-0.18609674,0.22263534,-0.06406998
LDB2,0.13079953,0.11832233,0.18566321,0.0012792901,0.006490424,-0.16703358,-0.017031588,0.08774926,0.32961643,-0.025200663
GPR68,0.12428771,-0.1420779,0.019773722,-0.001524437,-0.10092858,0.37945852,0.010229241,0.01645648,0.19024579,0.09567487
TMEM88,0.07264395,-0.025199702,0.06571995,-0.022306172,0.16860242,-0.118750386,0.021645345,-0.012372373,0.02872276,0.046661936
FSTL1,0.0037774604,0.114244096,0.18623853,-0.034420133,-0.06491527,0.1290971,-0.14374097,-0.05058298,0.038099926,-0.1378206
CPNE7,-0.04902618,-0.036090247,0.050832417,0.03527224,0.25463182,0.01824097,0.00093957805,-0.04654416,-0.022974987,0.25681958
NPAS3,0.0099413665,0.008902696,0.281043,-0.04596141,0.066537715,0.026652923,0.1912517,-0.10596033,-0.14947402,0.17056882
DNM1,0.014667953,0.11550375,0.1687998,0.003923154,-0.05782056,0.33504274,0.0019587926,0.03575448,0.06632399,0.018173095
TSPAN7,0.05020808,0.15958196,0.14194728,-0.06146566,-0.006233329,-0.011432178,-0.06732616,-0.065112785,-0.11069377,0.048254117
KLF5,-0.0011063268,0.11949264,0.01636164,0.09020866,0.21609634,0.11266641,0.18046416,-0.24544714,0.06469218,-0.045259107
ARHGAP9,0.28919053,-0.09078233,-0.027556868,-0.002393356,0.010915681,0.015765315,0.01771066,0.005777352,-0.09975631,0.20334843
FAM107A,0.056952737,0.012945112,0.31192803,-0.12506613,-0.079983525,-0.027144805,0.09354742,-0.026355056,-0.028153777,-0.1145878
IGSF3,-0.03312834,-0.1557315,0.21610455,0.111340575,-0.0019031703,0.014672714,-0.17345016,-0.07227618,-0.022598768,0.07541626
PLXNB3,-0.05529389,0.09805888,0.112585224,-0.0013239355,-0.0009995177,0.090796955,-0.08182145,-0.05117967,-0.07733794,0.105217114
CIRBP,0.08300213,0.09812638,0.08317878,-0.06371025,-0.048736233,-0.01774587,0.005397372,-0.0845692,-0.024503987,-0.011700693
NPTX2,-0.00069819856,-0.031187123,0.017308805,0.104749724,0.03350674,0.0026934806,0.11455339,-0.18788719,0.040026292,0.17248966
PARP14,0.19378825,-0.029859826,0.08440176,0.030988898,0.001969227,-0.05125302,-0.13950998,0.018029317,-0.17554267,-0.22513103
DDAH1,0.007373997,0.09073077,0.003415188,0.076454304,0.23437487,-0.007456913,0.07848775,-0.18139228,0.011989301,-0.12752828
GNAZ,-0.084747076,0.07854509,0.09327515,0.07236221,0.02391974,0.0070156073,0.08617733,-0.114898615,-0.2129467,-0.09069863
LMOD1,0.031307243,0.16254805,0.010954946,-0.07273156,0.0038257574,-0.06836162,-0.019974193,-0.047267348,0.12731574,0.07996867
HIC1,0.094262086,0.17644379,0.066977784,0.00041591947,0.09633834,0.003870811,0.03790306,0.19947846,0.13256149,0.11722344
CDKN2C,-0.0255912,0.004768909,0.1545063,0.16590317,-0.09173873,0.06708687,-0.09303599,0.078863546,-0.11295069,-0.06161396
TRIM22,0.26265183,-0.013793361,0.015198091,-0.001202408,-0.012884606,-0.11896315,-0.17399289,0.04077949,-0.20618209,-0.110577956
MBNL3,0.049674816,0.014828262,0.15160415,0.14500004,-0.02876854,-0.040133297,0.13820606,-0.1393814,-0.11852108,0.06821313
PDE3A,0.07440986,0.25534782,0.0064453417,0.0023668376,0.037814528,0.056548227,0.11155505,-0.00755775,0.15922248,0.018838182
TFCP2L1,0.031665336,-0.11401079,0.14179821,0.05929607,-0.14778097,0.19010286,0.062846504,-0.10096047,0.072629735,0.039515637
NAV3,-0.002998304,0.18615216,0.016899548,0.15454903,-0.021266162,0.07700002,-0.15276922,-0.021153716,0.027064858,0.029237172
BMP1,-0.00073611323,-0.020757759,0.027968496,0.076120295,-0.018789034,0.15065692,-0.2579525,-0.043327477,0.17163275,0.069859214
SLC16A6,0.16145109,-0.16106486,-0.06580366,0.09708778,0.08451756,0.17549193,0.1226846,-0.04152921,0.15206327,0.0074928096
NRCAM,0.102476306,0.11827329,0.0036984913,0.009638849,-0.003838348,0.004307963,0.0098917885,-0.24527434,0.25775838,0.07559326
NPDC1,0.07220914,0.10558648,0.06394578,-0.16526084,0.050356485,-0.12429369,0.094429106,-0.12668279,0.15366636,0.15579313
ITGA9,0.122367956,0.07183454,0.25863478,0.06248346,0.15882593,-0.03563212,-0.008034534,0.04396754,0.11900398,0.023080869
SLC16A14,0.04041461,-0.022237517,0.27998683,0.08656055,-0.049131803,-0.09190152,0.031370413,-0.02285814,-0.09587399,0.123937204
CHRNE,-0.016326481,0.12435595,0.12337944,-0.083195515,0.16229604,0.0046328367,-0.0026451123,0.0339483,0.05823744,0.052605864
MSI1,-0.08339947,-0.040758125,0.21232878,0.041948445,0.06974057,-0.07914139,0.054168858,-0.20120363,-0.14880864,0.08148249
APOLD1,0.062587894,-0.0013514184,0.1637939,0.054239895,0.00021757191,-0.10968466,0.010482793,0.08184217,0.38207307,-0.117805324
CCBE1,0.043600477,-0.13121279,0.097832054,0.0003159678,0.162415,0.03606869,0.04365881,-0.0084486995,0.13940968,-0.15222871
SYNPO2,0.04448154,0.18384482,0.020160617,-0.031187423,-0.0030583905,-0.047799535,0.059054974,-0.21007785,0.12714703,-0.002559743
GPR156,-0.0682335,0.034562074,0.11844151,0.10094133,-0.3504285,-0.010611866,0.034313124,-0.10622066,-0.19256964,-0.02893701
TGFB2,-0.04283649,0.082369894,0.048374888,0.007525294,-0.0044031846,0.104278944,-0.12986363,-0.0453221,-0.049617775,0.05893104
MOSPD2,0.1442466,-0.05906696,0.15447049,-0.0012234164,-0.006469025,0.08881791,0.0023180607,-0.0029833002,-0.10708557,-0.3456621
SHE,0.10572886,0.0529905,0.27397153,0.0068746004,-0.12562573,-0.19784322,0.020331645,0.04377253,0.3150576,-0.025121916
JUNB,0.073861234,0.05771056,-0.02446936,-0.04613956,-0.0022883522,0.072720274,0.0006532064,0.12627114,0.049120996,-0.09185988
MGST2,-0.003980586,-0.12509075,0.024234159,0.019607715,-0.19999194,-0.11553576,-0.18345402,-0.004702557,-0.013496584,0.19161975
LGALS3,0.08943587,0.059929706,-0.10115585,-0.0035215062,0.24413012,0.28145945,-0.01174427,0.0752044,0.06362464,-0.023213493
PARP15,0.21034524,-0.0846045,0.05395497,-0.017071003,0.01938011,-0.028324619,0.0028352041,-0.058098897,-0.03926263,-0.27644438
FHOD3,-0.04016895,-0.071196884,0.16273619,0.107568756,-0.016050206,0.024420919,-0.10510397,-0.15479667,-0.028562596,-0.13188684
DPEP1,-0.02346832,-0.016708514,0.1558156,0.00059888646,0.06114142,0.012937983,-0.024163624,-0.027026718,-0.007056214,0.29929847
SLC16A10,0.19103694,0.007930972,-0.08750036,0.12886107,0.009854823,0.14127755,0.09794364,-0.10243586,0.009031781,0.11439547
SLC26A11,0.0033084769,0.049618237,0.120024145,0.0008926305,-0.15525451,-0.013474599,-0.08744162,-0.14139153,-0.12005678,0.11946471
DKKL1,-0.037031583,-0.009309429,0.27851316,-0.0051962594,-0.1137852,0.012946166,0.117929526,-0.036220994,-0.23243861,0.07453382
ATOH8,-0.10327115,-0.059418477,0.22861701,0.00588421,0.0035846664,-0.12379083,-0.122005925,0.029263385,-0.12127223,0.091250956
CARD9,0.26083487,-0.08895847,0.0067380704,-0.044652462,-0.022910457,0.108775236,-0.01255213,-0.022786891,-0.10032598,0.117780104
OSBPL3,0.16564855,0.06255046,0.14393783,0.08875311,-0.10537135,0.06508763,0.13628542,-0.04575581,0.06456252,-0.1338189
B4GALT6,-0.011366996,-0.10659143,0.07536519,0.06386881,0.21615332,-0.0041809883,0.084744915,-0.29805604,0.0047846073,0.018754518
CHAC1,-0.028138239,0.011688507,0.006884768,0.009231106,0.07373781,0.008836855,0.0017252724,0.04203516,-0.09790948,-0.015196806
IL17RB,-0.019028667,-0.0069704033,0.082570314,-0.0007737659,0.028676976,-0.025026923,-0.016740993,-0.22607586,-0.10273515,-0.24273959
SLCO2A1,0.110981435,0.101897344,0.21830691,-0.010985976,-0.12437275,-0.12218156,-0.016776124,-0.023254143,0.22792763,-0.042927418
SALL1,-0.08101498,-0.15021008,0.16145083,0.029277988,0.17262574,0.02289204,0.008406168,-0.16527894,-0.11363466,-0.10531705
ARHGAP20,0.07092324,-0.009944014,0.17413826,0.010457287,0.19336098,-0.065081455,-0.012739224,-0.1625878,0.002726861,0.09219662
SGCE,-0.029662557,0.08563584,0.049839325,0.059690386,-0.04954396,0.037056442,-0.020686982,0.054326274,-0.03889147,0.010369559
PYGO1,-0.08989945,0.09425939,0.068234965,0.10403001,0.17975631,0.08425142,-0.04637731,-0.19051757,0.008825208,-0.19750275
PIK3C2B,0.122017965,0.09499694,0.2626391,0.032960035,-0.17912875,-0.15467925,0.09694773,-0.028576333,0.15748139,-0.11575722
LAMC2,0.116726995,-0.0061411015,-0.006285859,0.013381105,-0.0906793,0.16644114,0.10652366,0.022502052,0.26536572,-0.042958945
FIBCD1,-0.04880191,0.105775416,0.1167649,0.003538899,-0.15263422,0.09372702,0.040948056,-0.08891266,-0.08646782,0.010098699
PDK4,0.10271631,0.035185684,-0.0010963673,-0.0012939507,0.13956816,-0.11695314,0.014938074,-0.14375168,0.15026763,-0.10558446
ALDH1A2,0.10583219,-0.015724985,0.0672257,0.008910077,-0.07281658,0.015293236,0.14259405,-0.12333469,0.17031264,0.20807466
SLC39A8,0.14476192,-0.0388411,-0.046593614,0.099293076,0.2659201,0.15184787,0.012466776,0.08653684,0.060420144,-0.117465645
NHS,0.0053506335,0.1340079,0.2101715,0.0012972362,0.19862916,0.11726536,0.010505394,-0.06132187,-0.035022877,-0.059674997
PEG10,-0.043370288,0.14763217,0.053830594,0.1201639,0.233952,-0.018632706,0.004431855,-0.00050393207,-0.056752034,0.14401373
PTPRB,0.14010417,0.087254725,0.19938536,-0.0026531557,-0.021700539,-0.19088,0.008682545,0.0020971496,0.34202015,-0.118565194
SLC6A15,-0.06288414,-0.07178542,0.018866956,0.057717964,0.06560362,-0.06935281,0.15207553,-0.17957756,-0.09898388,0.06478221
TMEM63B,-0.039717425,-0.1014366,0.25317177,0.08309969,0.12506625,0.024138307,0.18691301,0.13999104,-0.062117126,-0.055861365
MYL5,-0.04574159,0.00920461,0.16030046,0.030071942,-0.14780039,-0.037299354,0.08972275,0.0016192248,-0.14257924,0.17356397
CDC6,-0.039813567,-0.0473075,-0.041557007,0.34258017,-0.11375691,-0.007071552,0.051039577,0.06656401,-0.07493557,-0.037552234
LOXL1,0.02761161,0.20618019,0.09958745,-0.030647235,0.00195573,0.18743125,0.006602971,0.1134046,-0.14075558,-0.057395827
PIK3CD,0.24118085,0.084532134,-0.060681805,0.060494713,-0.09071648,0.021242116,0.0030284307,-0.025431301,-0.18033898,0.000372244
SLC4A11,-0.009480117,0.0028445777,0.1819715,0.0594501,-0.0049407347,0.012922369,0.18385911,-0.059966568,-0.15275055,-0.04967144
ADARB1,0.02715594,0.098186634,0.21704154,-0.06024029,0.01917915,0.037000574,-0.1133155,-0.09175561,0.06571899,0.044332832
GSN,0.009501147,0.102195464,0.08119696,-0.074885614,-0.19560613,0.024795037,-0.20425688,-0.09638826,0.109734386,-0.016527323
RCN3,-0.05129131,0.014232016,-0.034930106,0.0074793557,0.014312529,0.065468326,-0.4368618,0.17513521,0.09686696,0.18212797
SYT13,-0.03627088,0.029740067,0.062775545,0.10048082,0.020957094,-0.011228594,0.010519699,-0.15408495,-0.00019505671,0.25766858
LMNB1,0.03722266,-0.032945607,-0.0021776839,0.33547363,0.29013255,-0.018527009,0.040770978,-0.015955629,-0.022839343,-0.044384614
TNFSF8,0.27286768,0.044948697,0.03317139,-0.024338407,0.08247514,-0.0786005,-0.03203981,-0.027345624,-0.21660195,-0.049273565
DDR1,-0.006872671,-0.017994376,0.26185796,0.04601269,-0.115215175,0.024196552,0.21444379,-0.119876705,-0.14426988,0.0043072626
CTNNAL1,0.022166809,0.08694026,0.0076691667,0.059203625,0.02911065,-0.007617868,-0.017256815,-0.17363647,0.101731226,-0.17627488
GREB1,-0.013532742,0.02294617,0.15790062,0.018991226,0.02640625,0.13837248,0.042009633,-0.13459621,-0.12365385,0.27482554
WASF3,0.039084665,0.1627876,0.09200748,0.0020048711,-0.047787428,-0.019561639,0.07364847,-0.192012,0.09603071,0.1405806
TNFAIP2,0.13608149,-0.066167414,0.10039401,0.097183324,-0.08365369,0.06325337,-0.0020625573,0.12717316,-0.061362684,0.15617055
EXPH5,0.14892742,-0.030035345,-0.030554915,0.01247273,0.12010761,0.0036214225,-0.12743136,-0.29101777,0.14853181,-0.07021638
TYMS,-0.08754624,-0.05433597,0.07168103,0.28191903,0.0035866085,-0.030223517,0.022111742,-0.0022356692,-0.020006115,-0.015729085
SOSTDC1,0.020848779,0.04541627,0.11663054,-0.029903425,0.017907646,0.0130311055,0.00907775,-0.14349794,-0.058278333,0.07433114
RHOJ,0.09131251,0.14770703,0.12884596,0.0027853453,0.023245567,-0.040635906,0.13110468,0.10022489,0.2665286,-0.12074793
MYO1G,0.29407775,-0.035421908,0.014863107,-0.018639786,0.03778653,0.0047985585,0.045817107,-0.059111852,-0.1656203,0.054592572
DAPK2,-0.0033215284,-0.24179229,0.2313146,0.004117343,0.0032401134,-0.07280954,-0.15098573,-0.031702522,-0.039969627,-0.0019294398
KLRG1,0.26614803,0.004504467,-0.05451772,0.0022221175,0.001363749,-0.05601561,-0.05332628,-0.0076201544,-0.15913017,0.007996594
EHD2,0.015749212,0.26154098,0.015708877,-0.0049347803,0.2691297,0.12924212,-0.15219043,0.1418639,0.0820987,-0.08646969
MAP1LC3C,0.06551376,0.06586147,0.0065261805,-0.10140396,0.10128619,0.12815715,0.07559998,-0.20073073,0.12517169,-0.072820626
EXT1,0.06128012,-0.11812173,0.1483768,-0.001905789,-0.03229806,0.329199,0.005145754,0.009427568,0.1886525,0.096522875
GPC3,-0.0046602744,0.14956549,0.23261884,0.013108774,-0.06754528,0.0032615783,0.08443655,-0.19742769,-0.19802104,0.100006126
FGD4,0.17034964,0.11066425,-0.011277383,0.018271971,-0.0075601107,-0.04707357,0.058402978,-0.10338625,0.062935606,-0.107058905
JUN,-0.008476413,0.20590968,0.028042544,0.019971935,-0.09758101,0.14393795,0.0079312315,0.079735085,-0.025752876,0.057338595
SCUBE1,-0.037752833,-0.053237736,0.29107356,-0.07691041,-0.0013932128,0.016030809,-0.016759505,-0.13168013,-0.14163865,0.02440242
GEM,0.01217781,0.28686544,-0.032891154,0.03156175,-0.12511171,0.12247814,0.00027649413,0.08854258,0.021334404,-0.026497563
POLR1C,-0.025846696,-0.05022809,0.0951719,0.17723428,0.12597924,-0.067138195,0.12255279,0.22593483,-0.09958146,0.11799432
ARL9,-0.04788352,-0.026447723,0.13665783,0.087331265,0.017023152,0.016382128,0.014900393,-0.0071046944,-0.11046019,-0.03789139
HSPB1,0.0032988111,0.0074496223,0.13524671,0.01792285,0.18126786,-0.027129225,0.16541752,-0.06654199,-0.09414548,0.07104373
IGF2BP1,0.0005951272,0.0076203984,0.021505062,0.108538,-0.21839912,0.014115603,0.056936488,-0.0004494507,-0.09285002,0.2880954
EDARADD,0.005527382,0.039833274,5.5764103e-05,0.059418067,-0.13756399,-0.05248102,0.11030021,-0.040972967,-0.03917107,0.30347028
RAVER2,-0.09195828,0.009269802,0.077750646,0.09962088,0.006288555,-0.0031949556,0.13514453,-0.16773249,-0.10940821,0.056010254
NR1D1,-0.020014001,0.10263375,0.046945356,-0.00800566,0.21453492,0.11282231,-0.007002918,-0.045723397,-0.0645584,-0.1621742
PLCB4,-0.09348993,-0.027820904,0.11202567,0.045573324,0.020764263,-0.12654692,-0.06689022,-0.3267781,0.13749786,0.018208338
CD44,0.1332969,0.118071616,-0.16549772,0.055520654,-0.019398414,0.16659378,-0.0016531878,-0.0030892144,0.048093382,-0.17413251
CHMP4C,-0.019344905,-0.22838691,0.07309604,-0.0070789894,0.17935021,-0.04975003,-0.019574972,-0.21176605,0.058157627,-0.16572742
SARM1,-0.025431963,0.1819603,0.07224537,0.023359913,-0.059716623,0.021463882,-0.08645425,-0.11278648,-0.057754133,-0.0035728225
COL21A1,0.06753004,0.062253017,0.24825007,0.0075377636,0.13897246,-0.07862797,-0.04933952,0.12577227,0.20227385,0.003108639
PER3,0.018721074,0.14019847,0.016315553,0.021948,-0.22693776,-0.009857709,-0.114044234,-0.1374515,-0.0045281574,0.10144375
SOD3,0.12194993,0.17316338,0.026616637,-0.042970244,-0.11506718,-0.0505227,-0.0072673406,0.13054329,0.1518302,0.08166862
EFNA3,-0.10144777,0.032474738,0.1978813,0.03876679,-0.18348338,-0.02703269,-0.02023273,-0.010151628,-0.21781735,-0.043832615
CACNA2D2,-0.06864717,0.04320896,0.17387494,0.0128634535,0.026321754,0.0015536997,-0.06655057,-0.15168646,-0.053491265,0.06397549
B4GALNT3,-0.080047846,-0.20896225,0.12898938,0.08374122,-0.1050858,-0.0061285784,-0.24265927,-0.101794235,0.06254177,0.10300765
TNFSF10,0.22861996,0.062658496,0.0083397655,-0.039519586,0.020489788,0.007494602,0.0008799157,0.011719135,-0.09136276,-0.22406356
COPZ2,-0.04483202,0.033313256,-0.06260782,-0.10986234,0.024507714,0.057101093,-0.44355196,0.033179536,0.08544484,0.0076918607
PROX1,0.050645236,0.08748477,0.049806274,-0.0008968562,0.1807161,-0.09255367,0.120616265,-0.2126863,0.15290701,-0.06622373
MSX1,-0.0049261744,-0.024407715,0.18217848,-0.019576464,0.12940195,-0.013929123,-0.029675107,0.08834977,-0.005412118,0.19220452
ADRA2A,0.028844414,0.1543426,0.16622412,-0.06086063,0.120558836,-0.06753669,0.0014651511,-0.030235482,0.049749512,-0.17892134
NFIB,-0.0145135755,-0.0073945015,0.25147432,0.047181364,0.0051493687,-0.14303589,-0.07849473,-0.016020663,-0.09497633,-0.12428775
DECR1,0.11082885,-0.034432113,0.13435633,0.01215742,0.27044508,0.0260775,0.08671486,-0.023600057,-0.12589441,0.071899384
SUSD2,-0.0026167023,0.06251572,0.15653951,-0.05766377,-0.017645808,0.0019803215,-0.16838108,0.012975679,-0.00379318,0.028245442
MLLT11,0.018586436,0.0423573,-0.089782536,0.10441454,0.05472525,0.06286909,0.079721935,-0.044036504,-0.0256002,-0.054028537
SLC30A3,-0.04850632,-0.033365898,0.14124657,0.06692511,0.0046155737,0.010626908,0.0579534,-0.13515276,-0.070607536,0.04302988
LMCD1,0.06448024,0.13337682,0.01611095,-0.03179393,0.093918145,0.05975901,-0.017795816,0.017506426,0.074096896,-0.12902786
DOK5,-0.06210764,-0.07219092,0.028656429,0.10215156,-0.061629526,-0.077778555,-0.10976345,-0.1213987,-0.08055957,0.07986929
LHX6,0.0964193,0.12938625,0.15640125,-0.064058036,-0.02875386,-0.09830783,-0.014065898,-0.018348133,0.1252919,-0.0046696323
NKD1,-0.07231457,0.098093055,0.15581608,0.036332943,0.022489,-0.021968732,-0.013293464,-0.14330406,-0.114895366,0.16467224
GDPD5,0.09099778,-0.20055017,0.17299093,-0.002515353,-0.03774783,0.071406715,-0.12075831,0.0073519745,0.1367789,0.0038772416
PIPOX,0.09317727,-0.12912413,0.24025631,0.0054953527,0.30130842,-0.029504558,0.027793072,0.23396195,-0.019931592,0.042249884
RELN,0.05924444,0.08783306,-0.0011589444,-0.00089667423,0.07778787,-0.0041287392,0.027115691,-0.24196419,0.26027116,-0.022792254
SLC17A7,-0.019238144,0.013743931,0.119308665,0.014941957,0.101928756,0.009557504,-0.006128077,-0.14281994,-0.0778365,0.20913258
BAG2,-0.033084907,0.009685249,-0.045128334,0.07197934,0.10672134,0.04251998,-0.030790282,0.08221311,0.031439833,-0.13016218
KCNC4,0.015156369,0.06643989,0.12555684,-0.09383552,-0.20884465,0.0073019215,0.07574719,-0.2595679,0.07844501,-0.00073655637
GSPT2,0.014972067,0.07425696,0.09666238,0.00820057,-0.010210337,-0.020632759,0.038931806,-0.050126478,-0.07309879,-0.0067039756
ESPL1,-0.06556275,-0.06936023,0.06743873,0.33032715,-0.14503624,0.023167243,0.061718848,0.049299944,-0.05684719,-0.06630774
SYT7,0.06963383,0.12505654,0.15750554,-0.0135943135,-0.2299057,-0.051615357,0.03790389,-0.0048634615,0.24274984,-0.005265993
SPTBN2,-0.042286005,0.07044227,0.024713306,0.099399306,-0.014028635,-0.048899546,0.14171305,-0.27097338,-0.066258065,0.23214976
CD4,0.25855252,-0.09337837,-0.11425936,0.041354615,0.01709564,0.09073407,-0.05184596,0.031223055,0.06233329,0.116337605
SGCD,-0.096100986,0.0966366,0.15060152,0.012851295,0.23431358,0.09765244,-0.25961867,-0.1924017,-0.025371898,-0.08501218
HOXB7,-0.025737146,-0.0932128,0.1812644,0.0013801494,-0.0052049067,-0.0018547863,0.0477307,0.02350256,-0.14771496,-0.10548955
WIF1,-0.0076694195,-0.19655351,0.24152994,-0.056143098,0.10294459,-0.015970306,-0.073720686,-0.15948991,0.00554269,-0.037601486
USHBP1,0.12300493,0.0008744198,0.2299884,-0.060110964,0.11322329,-0.20847107,-0.009656448,0.16724858,0.35490924,0.08765105
LAMA3,0.03335267,0.010191621,0.15754741,-0.035700966,-0.0592158,0.073030934,-0.0022703435,-0.26978227,-0.023933152,-0.29407832
SOCS2,0.004667381,-0.08682872,0.18029296,-0.010858653,0.014532821,0.032387964,0.019142145,-0.17538327,0.15029263,-0.06854635
HGF,0.11115375,0.17467916,-0.062603004,0.03830568,0.33521643,0.0033922337,-5.1317893e-05,0.020939915,0.04108659,-0.024847724
SRM,-0.065984815,0.043693956,-0.17126709,0.15979104,-0.13156056,-0.08559401,-0.19681771,0.093125865,0.03509021,0.19617392
HOXC10,-0.075541876,-0.021723673,0.20298707,0.016046654,-0.06807289,0.016341705,-0.0017447927,0.05054308,-0.18580134,-0.049466927
ZNF512,-0.04885387,0.006001109,0.037750907,0.055768784,-0.009094634,-0.07835602,0.06955101,-0.16866422,-0.024728378,0.009453017
TREM1,0.20014346,0.07588449,-0.13661371,0.063899025,0.103579015,0.00046069457,0.09896514,0.0757536,-0.1198849,-0.023186088
MCM3,-0.03954486,-0.05069439,0.06237377,0.3212062,0.0030567818,0.004599643,0.064574264,0.060256653,-0.08563229,0.0076544955
FGL1,0.050813176,-0.008250018,0.06936527,-0.029449757,0.04812668,-0.11538606,-0.13307512,-0.1479634,0.20558986,-0.009281957
TMC6,0.1937976,-0.046341997,0.052945502,0.017914712,-0.061816193,-0.14319836,0.116116755,-0.013317121,-0.10596623,0.13970773
FRRS1,0.09867719,-0.20650703,0.10300602,0.049214374,0.020656262,0.26027736,-0.013541722,-0.076986015,0.2271685,0.008268097
DUSP9,-0.08129297,0.060603444,0.09464061,0.07889338,-0.37765172,-0.044572745,0.07298311,-0.14330229,-0.101515815,0.26137266
KLHDC3,-0.04063763,-0.1220871,0.22099467,0.07946107,0.017885754,-0.11756863,0.033792865,0.09640469,-0.091579944,0.1803522
PDE1B,0.111772984,0.117926344,0.048925765,-0.06902808,-0.11138534,-0.048881132,0.013092114,-0.09593114,0.04690479,0.18103805
EPB41L4B,-0.008856267,-0.11527653,0.256134,-0.019399932,0.17484051,-0.017971445,0.08510467,-0.02233943,-0.047071267,-0.059146117
CBX7,0.16241361,0.029972022,0.14695178,-0.11318619,-0.012599617,0.0021429574,0.15150388,-0.16187313,-0.086798534,-0.24314867
C1QL4,-0.07590484,0.059433725,0.17230174,0.0415422,-0.005886344,-0.004197075,0.046343885,-0.07255042,-0.16250002,0.13230568
MIF,-0.0180206,0.039015036,-0.1290863,-0.004723321,0.019123152,0.00790979,0.05421959,0.13078517,-0.038513023,0.13257779
FARP1,-0.028471598,0.1454094,0.058807466,0.13845526,-0.07407741,0.08506326,-0.08160485,-0.16804083,0.06773205,0.1295964
FRY,0.06997898,0.01497716,0.07408369,0.014864273,0.26959273,-0.08895447,-0.0038943242,-0.18874127,0.29000667,-0.12593244
EPS8,0.065392636,0.22018664,0.012813652,0.08937777,-0.051327474,-0.0007058782,0.00089707883,-0.07368629,0.063922964,-0.11810985
ENPP6,-0.026467338,-0.042203337,0.16606127,-0.10433557,0.012749822,0.004299252,-0.18623216,-0.17154384,0.018243173,0.017657349
PTBP2,-0.03747996,-0.070152946,0.14670779,0.14159799,0.2128569,-0.01820556,0.023245,-0.1300688,-0.013155145,-0.10142294
ZC3HAV1,0.11307243,-0.007617488,0.02592043,0.07885025,0.08051901,-0.02088785,-0.12835005,-0.14269176,0.03247124,-0.40046394
FKBP11,-0.062197328,-0.0026955386,-0.14376767,0.1019844,-0.0003315484,-0.0462035,-0.31901595,-0.006346896,0.08004516,0.29263186
KALRN,-0.003981723,-0.06469543,0.25783914,0.05160215,-0.29002154,0.010006573,-0.014700893,-0.04169758,0.05513751,-0.106647186
PDE4D,0.030223882,0.088142306,0.0017536323,0.023339538,-0.066481285,-0.0012874565,0.025992265,-0.29147297,0.050447065,-0.15213087
RGS16,0.07486718,0.17276564,-0.03115549,-0.0479082,-0.02172919,0.030135322,0.2045504,-0.023382533,0.11073561,-0.010634587
PRRG1,0.0014644983,0.21255799,0.011947362,0.13355368,-0.008176176,-0.018942077,-0.006166107,-0.043996725,0.058058254,0.015765607
DUOX1,-0.090110995,0.043801922,0.17561615,0.01710707,-0.21606044,0.023156349,-0.104256526,-0.04236408,-0.16763549,0.0054189325
WNT4,0.004664976,-0.08167455,0.12913458,-0.03533661,-0.058496162,-0.013156527,-0.083321296,-0.17950654,0.12214432,0.12693642
KIF4A,-0.055495355,-0.021619298,0.009098119,0.35553566,-0.024375772,0.015683664,-0.0060371347,0.1553853,-0.0719122,-0.03474025
DISC1,0.13477597,-0.029752446,0.26176342,0.01584661,0.085230105,-0.07718537,0.08419048,0.010811433,-0.028705219,0.0147141665
HOXA4,-0.11292681,-0.04417261,0.13916977,0.09881106,-0.061792992,0.003535541,0.06783227,0.0085565,-0.12720104,-0.049396597
PSMB9,0.19391146,-0.09609566,0.007389516,0.00057983224,-0.025535941,-0.090256475,-0.0002831911,0.14850754,-0.16218768,-0.124336325
PAX3,-0.04801389,0.045403443,0.2171979,0.012170777,-0.20087968,0.078081936,0.09145616,-0.074058294,-0.097174905,0.081171304
GLT1D1,0.051384125,-0.005124204,0.02730872,-0.026851747,-0.17152941,-0.010253119,0.09230896,-0.0809054,-0.008292164,0.035110205
CKM,0.05658429,0.0063678646,-0.022608561,-0.023152785,0.023506477,-0.07753546,-0.00030355816,-0.123652495,0.10844401,0.053816833
GPR160,0.10751671,-0.08309626,0.186634,0.034070242,0.28525415,-0.055588212,0.16599864,-0.015181596,0.04117673,-0.0851087
FAM20A,0.096328996,-0.09690651,0.11246021,0.057302073,0.147012,0.16083013,-0.05535694,0.09560136,-0.0805425,0.14700031
MAGEL2,0.00731783,0.094818,0.064407535,-0.02140036,-0.021761581,0.011286161,-0.05505111,-0.21239607,0.026988411,0.21141176
TPP1,0.17818607,-0.09645989,-0.009221716,0.05092078,-0.093891144,0.17046347,-0.012812629,-0.01848778,0.024377145,-0.21788642
CLCN4,-0.07172791,0.0022077987,0.17430352,0.10717945,-0.12415043,0.07663021,-0.11427843,0.1143161,-0.21967019,-0.12880889
KCNMB4,0.075791,0.038490623,0.16548347,-0.07843339,0.15618272,-0.004727688,0.011672665,-0.05110504,-0.058898725,0.038241576
HMGA1,0.03925258,-0.1514688,-0.0107503515,0.09894962,-0.2550361,-0.0065495563,0.24457762,-0.022205647,-0.11226355,-0.12454948
RERG,-0.09331899,-0.05152391,0.14114301,0.029152982,-0.003920518,-0.05363528,-0.185064,-0.21893051,0.056017168,0.036269333
IDI1,-0.02624438,-0.08147985,0.026616314,0.18148434,0.2658619,-0.0011288327,0.0070434823,-0.024201395,-0.11371571,-0.098894045
CDC42EP1,-0.07722201,-0.10471006,0.21342596,0.033385545,0.2186542,-0.01123313,-0.2587198,0.15895371,-0.06396343,0.059114255
ROBO4,0.15374187,0.002030125,0.26620838,0.0024426142,-0.08488648,-0.19402787,0.041916244,0.28874165,0.3163167,0.008648867
MGAT5B,-0.0042531523,-0.010087679,0.25380367,-0.0011360045,0.0105120195,0.0013710336,0.10658502,0.0501611,0.09922176,0.013279956
RASL11B,-0.011515296,0.13323358,0.14342438,0.019535817,-0.06885103,0.047888335,-0.030773828,-0.1737884,-0.074432895,0.03380957
TM4SF18,0.12637196,-0.03445822,0.2531366,0.02147017,0.08888076,-0.21053946,0.032884426,0.27600563,0.32285875,-0.03729469
C1RL,0.15238638,0.15498678,0.08689019,-0.0481791,-0.0020094325,0.2005142,0.0069670314,-0.0031090223,-0.06343713,-0.0060304734
ZMAT1,0.15928455,-0.09865278,0.1483637,-0.021254009,0.26461682,0.044102244,0.1339705,-0.15894392,-0.0060422556,-0.0792189
GLI2,-0.047430817,-0.056155354,0.20504251,0.09500496,0.015109027,-0.024749108,-0.08687641,-0.2397222,0.043004014,0.07711381
APOA1,0.066331066,0.07467141,0.061599355,-0.08225356,-0.028097523,-0.061145183,-0.085226834,-0.16189294,0.12586343,0.020584008
DNASE1L3,0.16734318,-0.048150215,0.19851126,-0.07712497,-0.0047258083,-0.11289315,-0.015862893,0.08575535,0.08789712,0.008466898
CHST3,-0.04091829,-0.028526112,0.12287718,0.041981183,-0.24217647,-0.00016519062,-0.1406684,-0.2025842,0.09645549,-0.05348269
TFAP2C,-0.008411143,0.04320973,0.11745315,0.069768816,-0.0054441467,0.0038325936,0.057917744,-0.011868324,-0.07671935,0.13022693
CCDC18,-0.008283001,0.0030765466,0.031693056,0.2078989,0.2940756,-0.009859111,0.0038669787,-0.043169245,-0.05154257,0.09215979
NFAM1,0.30121744,-0.091694005,-0.0008783297,0.0022495831,0.120076865,0.06973038,-0.0055809403,-0.0333612,-0.101574324,0.07894702
LSS,-0.061659325,0.04702696,0.039412055,0.12558758,-0.06630144,0.113793,-0.0722986,0.041345146,-0.0974935,-0.047364958
RNF182,-0.024979666,0.05843167,0.16599037,0.12989332,0.049501214,-0.083781265,0.21425158,-0.016071547,0.0101002995,-0.06647668
TBX15,0.010116227,0.19030799,0.010534031,0.0011711211,-0.17742443,0.094557814,-0.1468274,-0.021313723,0.10062136,-0.086464964
TRPC3,-0.011331095,-0.13719295,0.12303719,0.0114899585,0.07374619,0.11826649,0.101238795,-0.09285622,0.07758152,0.053212628
NR2F1,0.0002418637,0.16177255,0.1277389,0.10297254,0.105928384,0.0130906645,0.07492643,0.09438417,0.09482459,0.19420929
SIPA1L2,0.11304414,0.0658714,0.24207506,0.065182544,0.22973321,0.096812084,0.099343844,0.01259235,0.205715,0.008859358
MDFI,-0.049617257,-0.1623968,0.25728536,0.0059817783,0.04415605,-0.010584058,0.031677436,0.1199827,-0.13373645,0.22359209
ANKRD22,0.25132298,-0.11328952,-0.022183757,-0.023011262,-0.010469512,0.048835393,0.0583863,-0.0068336776,-0.19182046,-0.0017611296
BAIAP2L1,0.04073503,0.026870232,0.119389236,0.056364525,-0.0903886,0.2730778,0.13830721,0.017997507,-0.11286065,0.14168839
