,Factor1,Factor2,Factor3,Factor4,Factor5,Factor6,Factor7
COMP,-0.00024554032,0.2566394,0.061719377,-0.06455212,0.013349243,0.14474064,0.002405709
CA12,0.031521764,0.25150946,-0.14764924,0.00017900507,-0.10245924,0.088831656,0.0952757
SLC36A2,-0.082415886,-0.18508954,0.14656968,0.03584445,0.16490008,0.26591083,-0.012090837
CHAD,-0.022402009,-0.036382716,0.21350686,-0.110793486,0.0621026,0.22021994,0.016668972
FBN2,0.012701219,0.08841155,0.033005517,0.11396698,0.08087518,0.25495037,0.019932954
COL11A1,-0.037594486,0.21823579,0.06350419,-0.0006286928,-0.11521131,0.24289477,-0.039642353
COL22A1,-0.031895515,-0.20555803,0.13793676,-0.00041144213,0.10667053,0.30043846,0.038450718
MMP9,0.10314425,-0.24583647,0.085971825,0.007716466,-0.19711691,0.1491969,0.31725875
MFAP4,0.029235687,0.31942707,0.0019515657,-0.00934415,-0.03903401,0.13098791,0.0101184305
IGFBP5,-0.0076799397,0.121996924,0.10675299,0.1066576,-0.012193791,0.16996883,0.072179615
COL2A1,-0.102812134,0.0906733,0.058804076,0.042332176,0.033589687,0.30575478,-0.0060376963
HAPLN1,-0.0541722,0.2237065,0.00386176,0.010777303,-0.08516853,0.2484377,-0.03965371
NGEF,-0.10558984,0.059068512,0.13935712,-0.066500194,0.0032549847,0.07638009,-0.02202022
NKD2,-0.059538167,-0.03633277,0.2599323,-0.035534475,-0.076020546,-0.015001709,0.0010081917
ANGPTL2,-0.006553533,0.30941406,-0.0407336,0.048000727,-0.081363894,0.1815509,0.027821783
SFRP4,0.11601382,0.1127903,0.11609807,-0.10873304,-0.19778807,-0.0041637076,0.087373376
C1QB,0.25613374,-0.00012443248,0.012310899,-0.05828821,0.08595896,0.039469704,-0.2963375
FNDC1,-0.0022217191,0.22215699,0.152548,-0.07786955,-0.10948394,0.18427698,-0.0024555514
CD84,0.17427929,-0.2279638,0.07377635,-0.0035239712,-0.23376915,0.16162546,0.25608394
POSTN,-0.0032830557,0.25310004,-0.017328518,0.0012714955,-0.093738884,0.17393471,0.09053818
C1S,0.120558955,0.17792952,0.14703658,-0.114565454,-0.09601709,-0.07461134,-0.025923051
THBS2,0.04330044,0.3044716,-0.023641806,-0.0070902705,-0.14418545,0.17102638,0.08100073
FBLN2,0.076558165,0.25354868,0.03510537,-0.021433925,0.048849255,0.08676611,0.07551494
CRYAB,-0.010691686,-0.07938859,0.087379724,-0.032661576,-0.05318485,0.013794789,0.15954202
SEMA3B,-0.078482404,0.08280631,0.040519472,-0.017555397,0.043599665,0.35992128,0.011057113
CXCL14,0.07486079,0.19472386,0.13615778,-0.12663457,-0.024523484,0.031046662,0.028444951
TGM2,0.22445804,-0.014198326,-0.007769434,0.013682595,0.11707485,-0.016292617,0.032293957
PI15,0.047626045,0.2365145,0.013350688,0.0036109465,-0.05542134,0.10906732,0.07599555
DLX3,-0.0790265,-0.25760657,0.22686826,0.05661925,0.13185135,0.089267395,-0.002607018
IGF2BP2,-0.016256968,-0.0075683882,0.037802644,0.106926434,0.004378545,0.059365135,-0.022908365
APCDD1,-0.05662968,-0.10398525,0.08576171,0.10771507,0.13836195,0.36303732,0.025189206
NDN,-0.009559811,0.008509688,0.067472965,0.003562909,0.027352866,0.0797808,-0.104450226
SLC13A5,-0.06716518,-0.007526898,0.005110436,0.067885034,0.13785754,0.43061346,-0.022601927
CD74,0.27508506,0.033064093,0.010898095,-0.042827826,0.09606491,-0.009888539,-0.27773756
C1R,0.096798494,0.10962039,0.1919179,-0.11062329,-0.14270712,-0.14485805,-0.026336888
EEF1A2,0.051860616,-0.10199014,0.05163471,-0.029084427,-0.107139975,0.19064839,0.13570987
SLC8A3,-0.12310098,-0.15566538,0.17548025,0.07060342,0.12858135,0.2526443,-0.030792065
LAMC3,-0.061668407,0.030230112,0.28896838,-0.05106844,-0.0016135022,0.051022418,-0.044320762
PRND,0.100714564,0.0046963077,0.15569577,0.011120664,0.2650984,0.044689283,0.2599782
DCN,0.003033526,0.18894164,0.11028524,-0.102941096,-0.204343,-0.04740945,-0.0078221215
ATP6V0D2,0.125101,-0.23244229,0.056180947,-0.002004128,-0.25514898,0.17867593,0.3074482
ENO2,-0.0020569623,0.1024892,0.0018129521,0.0780087,-0.1225394,0.0010876992,-0.058446337
SLC29A1,0.002763255,-0.17309143,0.22216113,0.011742156,0.0038827474,-0.15159379,0.10268989
ENPP2,0.04849862,-0.10358681,0.23239784,0.04130841,-0.058106367,0.041493732,0.0066487445
PALM,-0.006638507,0.14414099,0.09693077,-0.09903184,0.15926269,0.19591466,-0.051649597
CTSK,0.16991264,-0.19357021,0.058328554,-0.00035835116,-0.2704717,0.1252158,0.28536874
MAB21L2,0.00062601693,-0.054533493,0.13448891,-0.084184304,-0.03524846,-0.03937947,-0.008816423
MMP13,0.0502187,-0.15749504,0.08375365,0.018906774,-0.06324491,0.2136145,0.18254611
STC2,-0.022679703,0.009175831,0.044110116,0.015421758,-0.03351477,-0.14879726,-0.011083314
MXRA5,0.06377898,0.23554505,0.10963129,-0.0075831385,-0.2062638,-0.08562414,0.02125505
KAZALD1,-0.13541187,-0.05413665,0.11437575,0.0044735796,0.15895939,0.20557399,-0.08329897
ROR2,-0.006234441,0.26439774,-0.06137095,0.11510901,-0.105336584,0.24866644,-0.07880215
BAIAP2L2,-0.10762703,-0.08238425,0.09665627,0.005381165,0.088515565,0.1982783,-0.028496092
TNFRSF19,-0.00910166,0.07215115,0.10700874,0.13316402,-0.106121235,0.23512815,-0.0143769495
RCOR2,-0.13219349,-0.09160072,0.0019607795,0.11508043,0.13531432,0.32934314,-0.04802039
LUM,-0.0006989514,0.17453016,0.12643242,-0.1244954,-0.2515995,-0.054649767,-0.0010432197
SERPINA1,0.2250031,0.023624301,-0.13505158,0.0071917563,0.015114787,0.016257044,-0.17673258
EFEMP1,0.051900964,0.21012649,0.016561491,-0.005981588,-0.014991643,0.1254296,0.01315713
OMD,-0.09972396,-0.036309894,0.2035118,-0.008730474,-0.055750974,0.20215163,0.00014309242
NCAM1,-0.09800157,-0.12544665,0.22547828,0.060584795,0.005217571,0.13696472,-0.003672119
SPON1,-0.06608792,0.19543466,0.107736126,0.0006778674,-0.040584866,0.18983401,-0.011339668
CXCL12,0.16552283,0.12221784,0.101919666,-0.04949715,0.051049605,0.059099782,0.011342114
GPRC5C,-0.09621444,-0.06889876,0.12614158,0.0057586622,0.07439504,0.33220688,0.018804412
MYOM1,0.010390028,-0.0066553582,0.12642281,-0.009406253,0.15976354,0.048219867,0.022205545
PRSS23,0.08418362,0.19230571,0.051899604,-0.048274487,-0.08847946,-0.11749601,0.13845618
SCARA5,0.062128723,0.08993216,0.11812172,-0.006835664,-0.008730073,0.11303258,0.14314598
ABI3BP,0.08844457,0.26546192,0.064362265,-0.013743455,0.04750666,0.14777602,0.02839093
RHPN2,-0.11434737,-0.043915175,0.10326443,0.08874954,0.1458067,0.24099416,-0.14440155
BMP4,-0.061274238,-0.2023654,0.1677579,0.06343705,0.0495783,-0.018524712,-0.1224651
OAS2,0.17983359,-0.030260142,0.07444828,-0.004533276,-0.0003926502,-0.21031226,-0.11597966
GLDN,0.02807628,-0.10317974,0.29233068,-0.026622117,-0.02145891,-0.11391737,0.029797953
DKK1,-0.029119097,-0.09048071,0.10036377,-0.0018390389,0.1495611,0.18763433,-0.023106113
ASPN,-0.016313724,0.28104445,0.021439,-0.00031127266,-0.1397835,0.22101004,0.01753111
RARRES2,0.10823741,0.2094437,-0.042066313,-0.053323697,0.046134673,0.11878894,0.014005158
TFAP2A,-0.044852186,0.013672599,0.04633621,0.094734505,0.026583033,0.111336954,-0.086319655
COL3A1,-0.00626062,0.31162414,-0.006689918,0.0035252105,-0.08589905,0.15561567,0.14697933
SPP1,0.14101848,-0.21872318,0.029328903,-0.0214402,-0.11198925,0.28067374,0.14004548
ESM1,-0.006651956,-0.05840152,-0.003200656,0.078960724,0.094141334,-0.066069864,0.05149967
BIRC3,0.21244854,-0.16411394,-0.023127377,0.012779592,-0.11666314,-0.013793954,0.1632545
TCIRG1,0.17142612,-0.2323741,0.03337646,-0.0011017396,-0.22088523,0.1910324,0.28466767
OAS1,0.1653011,-0.06252764,0.069463976,0.00027392717,-0.017624471,-0.15564375,-0.20040226
CD248,0.04396364,0.19519654,0.011184135,0.013352954,-0.045414895,0.2912019,0.09147918
TNC,-0.0042785928,0.061790835,0.17578183,0.09051964,-0.1466064,0.02484661,0.009380578
COL5A3,0.053204738,0.08408133,0.118168406,0.0061976844,0.110252514,-0.0013898745,0.2460108
APOC1,0.23859954,-0.047287107,-0.09614706,0.0022239424,0.013636924,0.080349036,-0.19981486
COL6A3,0.010207993,0.2522981,0.07442094,0.016280651,-0.19173239,0.0019964208,0.12823331
ENPEP,-0.007907894,0.06665678,0.15280129,0.13392413,-0.025456222,0.10872155,0.022799112
ECM2,0.004836611,0.23069549,0.114993654,-0.0069083916,-0.14135003,0.036248308,0.033936303
SRPX2,0.081899025,0.05353282,0.050719026,-0.03837739,-0.22626302,-0.16216692,0.12964652
COL24A1,-0.10306615,-0.093051024,0.14865945,0.09712619,0.055586517,0.20313749,-0.017563501
AIF1,0.2817424,-0.0010015598,-0.058988597,-0.057541445,0.07524283,0.052603126,-0.25094366
PRSS35,-0.05362872,0.07056225,0.12972003,-0.019451108,0.022174807,0.07152171,0.014739879
LRRC17,-0.00091421854,0.18497653,0.02829645,0.011751794,-0.06682395,0.18243895,0.06256641
GAS1,0.06356427,0.19021864,0.051164072,-0.020040805,-0.11364221,-0.054240312,0.1072003
COL9A2,-0.073495895,0.085036546,0.0035664602,0.027794953,0.040328514,0.37777892,-0.0112478295
ITGA11,0.013091622,0.121172026,0.14057851,-0.01967374,-0.34893534,0.00618286,0.03365703
ALDH1A1,0.12993579,-0.030042691,-0.03611678,0.10152982,0.05810008,0.16352613,-0.0041168276
PRICKLE1,0.038448736,0.22803551,-0.012058187,0.07117992,0.029903071,0.21320106,0.024288777
AQP1,0.019396564,0.06313963,0.2783456,-0.0879932,0.0083007105,-0.08398815,0.0126704285
HAS2,0.0044804197,0.21976395,-0.06924212,0.08463354,-0.05894302,0.1366575,0.008647023
COL14A1,0.023487315,0.3074342,0.019023338,0.009939973,0.033524517,0.11764982,0.082334325
PLXDC1,0.025076974,-0.052671507,0.2874271,-0.041521963,-0.07526843,-0.12623535,-0.008607849
FOS,0.07806283,0.011639536,-0.022766564,0.046164695,-0.0025594654,-0.1578615,0.11490017
CDO1,-0.048874307,0.08257112,0.058123264,-0.0006744904,0.06856415,0.24005327,0.0038309258
MAMDC2,-0.0074990503,-0.15737978,0.2118017,0.03363995,-0.009267469,0.026753481,0.09561742
DDIT4L,0.0011536451,0.20875715,0.13194053,-0.023719268,-0.030647665,-0.024998486,-0.080072165
COL18A1,0.08452455,0.12064515,0.05627284,-0.0121150585,0.19031654,0.09154213,0.24585788
TNFAIP6,0.06706491,0.23455842,-0.022620054,0.0032210532,-0.05293324,0.14461586,0.063167945
HSPA2,-0.021586712,-0.05238239,0.18236536,0.09266503,-0.04052077,-0.060203847,-0.088634685
NT5E,0.052805543,0.018927831,0.16131027,-0.035519082,-0.20009634,-0.1716143,0.18199605
ANPEP,0.12395143,-0.14744185,0.039649256,0.07806448,-0.2012767,0.21070375,0.16295709
PHOSPHO1,-0.10059837,-0.18399811,0.11470503,-0.004159455,0.14576928,0.3105658,0.0046619754
RGS5,0.07743942,0.14750609,0.17806394,-0.04101832,0.18814199,0.06969063,0.12536049
FLRT3,-0.0010455019,0.09896294,0.050331216,0.1559978,-0.07819844,0.2197158,0.082582645
SYTL2,-0.06575775,-0.01859274,0.1251394,0.010860039,0.011838655,-0.05265858,0.01568905
BAALC,0.01490649,0.07215981,0.048370186,-0.037770655,0.056311138,-0.029852625,0.087522805
SOST,-0.07005107,-0.15779202,0.13437077,-0.0016867411,0.16168198,0.36145082,-0.01969079
SLCO2B1,0.30460498,0.036928475,0.06590973,0.024550332,0.07205098,0.02257979,-0.22576602
SEMA3A,-0.0024009866,0.20253824,-0.041933782,0.09004975,-0.06370594,0.1968287,0.0028832585
NID2,0.07175411,0.22051036,-0.054061893,0.17462963,-0.0067967493,0.010048418,0.18951291
QPCT,-0.017416133,-0.13850091,0.097454086,0.004718394,-7.519043e-05,0.14790489,0.014229925
SLIT2,0.0027856529,0.00094863697,0.24375728,0.040504634,0.017183961,0.22884965,0.040719476
CA3,-0.05314044,-0.14171375,0.059882637,0.028720967,0.18737592,0.22911723,0.0093205385
OSMR,0.14363372,0.10572878,0.026700065,-0.006461912,-0.17698349,-0.009922156,0.16100082
EGR1,0.074786894,0.004204677,0.10636943,0.0074940943,0.000320331,-0.077338085,0.08487939
LIFR,-0.011914554,-0.20620202,0.2582228,0.09888476,-0.0047335825,-0.11583982,-0.0034741948
FZD1,0.0030300717,0.30565608,0.023196494,0.02210051,-0.14602575,0.07284799,0.018906644
TGFB3,0.026472516,0.23169121,-0.006875495,0.09821288,-0.04669522,0.077344924,0.20152256
COL8A2,-0.049839806,0.17983738,0.11665029,-0.021476505,-0.24977414,0.18294853,-0.09265854
PSAT1,-0.06585694,0.021567365,-0.029372277,0.2375948,0.046667885,-0.053270195,-0.12207646
SLC7A5,-0.04998681,-0.0100249145,-0.02628659,0.19142093,-0.009818415,-0.08275704,-0.05719522
COL12A1,0.0033176981,0.20541714,0.045173354,-0.0032634807,-0.19528095,0.1854961,0.08658678
SMOC2,-0.0074909898,0.2502534,0.11371137,-0.043302394,-0.14987029,0.16538109,0.032175206
CPE,-0.1446783,-0.12104288,0.22414327,0.014192429,0.096838005,0.1804781,-0.01865954
CTSS,0.28782144,0.026940323,-0.06746274,0.00038856725,0.049220342,0.0006745376,-0.26486862
TSPAN33,0.040239494,-0.11075256,0.055224054,0.1103978,0.17671673,0.20045833,-0.13309182
DPT,0.0043154736,0.06079784,0.13351285,-0.09606192,-0.13767952,-0.018525314,0.03238269
MAPK13,0.15896162,-0.0671839,-0.096924044,0.043664888,-0.092622854,0.3109784,0.13820648
FLNC,-0.005484691,0.23267178,-0.006090755,0.07447337,-0.08434451,-0.037340775,-0.0017171579
LRP4,-0.050902095,-0.16093838,0.21016179,0.099544175,0.045464844,0.06564066,-0.012072487
ITGA2,0.1253176,-0.1657873,0.103646524,0.081518434,-0.05774848,-0.0060848515,0.38024017
ENTPD3,0.011998494,-0.15248643,0.1489957,0.03257117,0.037116777,0.009242693,0.0853246
C1QTNF1,-0.022450788,-0.17854726,0.2630581,-0.11141068,0.0042911763,-0.007781541,0.06656837
NRIP3,0.09516083,0.004992614,-0.032892335,0.07059457,-0.09070426,0.23676567,0.24273653
FBLN1,0.01671368,0.13039698,0.22086307,-0.016919501,-0.17358808,-0.01575868,0.004380746
VCAM1,0.14889587,0.12236862,0.11303033,-0.00019814266,-0.06162959,0.012877521,-0.0035061107
RNF150,0.010074247,0.13931152,0.10870997,0.090395294,0.014792965,0.23122196,0.0024833095
IL11RA,0.00023037214,0.22329038,0.044759262,0.0035028418,-0.010906816,0.31098562,-0.083621606
PLEKHG4,-0.083604924,0.13829237,0.0262434,0.0673056,-0.0651632,0.15418306,0.033151776
SAMD9L,0.20532352,0.010933185,0.11701593,0.0041184947,-0.017742932,-0.27782214,-0.16092429
HERC5,0.13914897,-0.12779765,0.110170916,0.05452179,-0.02568491,-0.14140317,-0.10679345
RHBDL2,-0.11491505,-0.20463437,0.18811797,0.0067954403,0.07314957,0.18703619,-0.09517898
CAV1,0.13492383,0.22753066,-0.06311795,0.053348437,0.066730596,-0.256716,0.19159126
AHR,0.12352815,0.21019197,0.06797751,0.031452183,0.02003567,-0.09904537,0.002427936
MMP2,5.5974924e-05,0.25391197,0.09230789,-0.0595984,-0.14426377,0.14248656,-0.010088394
DTNA,-0.02605671,0.040253825,0.1161995,0.0019580096,0.1351747,0.0046557747,-0.120268084
BGLAP,-0.036739327,-0.11833841,0.24881534,-0.09815002,-0.02004327,0.08571496,-0.05093172
ECM1,0.08995388,0.099400125,0.107835166,-0.05087033,-0.11647453,-0.07170625,0.06154678
KCNG1,-0.070562236,-0.012436489,0.025262395,0.12564115,0.015694525,0.15586683,-0.012104072
HEY1,-0.04564299,-0.1786921,0.1506193,0.091830984,0.15458155,0.019432288,0.07018754
COL6A2,0.037491582,0.23525427,0.046968114,-0.053907737,-0.18074012,-0.018744461,0.13928421
GCNT1,0.06271496,0.060334045,-0.0019627672,0.07950553,-0.004945864,-0.0065523963,-0.057368383
GPR137B,0.15436007,-0.1703467,0.104570605,-0.004022143,-0.27608532,0.109880276,0.26778632
ITGB2,0.30431885,-0.02314654,-0.040183984,-0.001071133,-0.014063405,0.013819848,-0.17905499
DKK3,0.00022224938,0.27295363,0.012594414,-0.021087976,-0.11601064,0.01863255,0.0050909272
EDIL3,-0.0044876975,0.21564126,-0.027152307,0.023722947,-0.19493203,0.19542508,0.008369776
CLIC3,0.052912258,0.05559516,0.042486075,-0.050446533,-0.20632339,0.14244772,0.14326133
CNTNAP1,-0.0031032017,0.10749589,0.16458826,0.14106677,-0.046564423,0.085453816,-0.0154778445
OGN,-0.06289642,0.2359139,0.060674097,0.010209447,-0.17682168,0.16670737,-0.021210462
EGFR,0.03009242,0.26478076,0.026651537,0.089272514,-0.12132986,0.027749296,0.0786596
IGFBP3,-0.0015069206,0.15487812,-0.009617552,0.06863369,0.09501341,-0.05839928,0.18718775
TBX2,-0.07039141,-0.14445907,0.26023778,-0.00224863,0.06372248,0.041008342,-0.002047846
PIR,0.006624298,-0.08730248,0.03833973,0.00630429,0.06567597,-0.22140795,0.0010829831
HK2,-0.011466024,0.082728654,-0.13343735,0.18349256,-0.10968402,0.016568037,-0.012404402
FGFR1,-0.050134547,-0.06543853,0.29563102,0.034566466,-0.19558948,-0.030243164,-0.032997984
LDLR,-0.022103308,0.05491806,0.021085009,0.17130564,-0.058032025,-0.09443712,0.041075815
SERTAD4,-0.025308583,0.23795652,0.13404174,0.023084985,-0.100408025,0.08020516,-0.022593023
CCL21,0.07251851,0.06297784,0.024617717,-0.080086924,0.16914777,-0.006683766,0.18167867
IL18,0.2799553,-0.027364137,0.005585038,-0.0029000929,0.07662179,0.009234308,-0.18180735
THY1,0.0453811,0.26685968,0.0016250821,-0.007833245,-0.021158062,0.08412071,0.098002106
RAC2,0.2190001,-0.21850376,-0.000537027,-0.0029045423,-0.19733778,0.17011446,0.17628816
FRZB,-0.060976274,0.11235555,0.09530405,-0.008549185,0.14993599,0.08792262,-0.10334046
NFIX,-0.0940208,0.2517095,0.1715163,0.0041486714,-0.10151718,-0.015782312,-0.09171577
LTBP4,-0.010335919,0.20015931,0.13992563,-0.07600993,0.011429562,0.12690823,0.0028063627
NPNT,-0.027247796,0.009717245,0.20554931,0.0633213,0.06208606,0.1084039,0.008608519
PDZRN3,-0.020319542,0.26048788,-0.019502006,0.0016579168,-0.046119995,0.17105447,0.012592908
SLC7A8,0.18634453,0.11606919,0.0012664667,0.042671498,-0.06835581,0.0071869013,-0.13538504
C3AR1,0.2901107,0.047724295,0.02016927,-0.0015312757,0.005726184,-0.020443995,-0.26661012
LRRC15,0.0072840457,0.028176246,0.14118843,-0.033107582,-0.23439687,0.041665122,0.04426364
ITGA10,-0.06298878,-0.115032285,0.20292807,0.0905501,-0.01150912,0.06566906,0.016151816
ADAMTSL2,-0.018752454,-0.04642565,0.25411004,-0.0249967,0.0316192,0.10898631,0.0962573
GAS6,0.08628911,0.14019707,0.19878113,-0.1447641,-0.025036851,-0.04291822,-0.030298049
HSPB6,-0.036069725,0.19372518,0.001760689,0.020550724,0.0064759273,0.049895246,0.026579432
PODN,0.054511413,0.30330855,-0.0056382483,-0.044767085,-0.067200884,0.16900921,0.056581818
COL13A1,-0.10206133,-0.1615451,0.25282148,0.005052673,0.096928306,0.14409964,-0.0039697285
BASP1,0.020104658,0.15634628,-0.069959246,0.07136404,-0.11203044,0.22365746,-0.028729627
SERPINI1,0.0013326873,-0.0745937,0.06648116,0.106040746,0.047586814,0.034802202,-0.012678526
SEMA4B,0.05182243,-0.2270308,0.13280335,0.09435825,-0.028510066,0.025574926,0.018509643
RSAD2,0.12172591,-0.070663445,0.0695524,0.039069097,0.009064027,-0.13809384,-0.21758337
INHBB,0.041040216,0.124521144,-0.023608765,-0.009919925,0.043050308,-0.01861665,0.11324831
SLC20A2,0.009724772,-0.08498815,0.19885089,-0.012562931,0.054355707,0.0054469574,0.050079737
PAPPA,0.066326104,0.03323717,0.16800204,-0.02221322,-0.083012775,-0.19035251,0.09775215
FEZ1,-0.029883297,0.074989006,0.0528535,0.013767905,0.12480372,0.24391308,0.0064610555
PLEK,0.3067407,-0.10824184,-0.053783376,0.015369706,-0.059740514,0.011466761,-0.039922457
CLDN5,0.11311677,0.019854436,0.011310686,-0.1138108,0.29556173,0.09602902,0.24642463
THBS3,-0.010692159,0.26245925,-0.0009241089,-0.0025867918,-0.026861582,0.21544234,0.008776831
LXN,0.008971372,-0.13505213,0.13978049,-0.02450622,0.031360466,-0.122261845,0.09063422
NDRG2,-0.0036897038,0.044718333,0.16674319,-0.09537569,0.13149038,0.08249048,-0.09066546
SNCAIP,-0.048149332,-0.09832603,0.17449668,0.064772554,0.058810875,0.039443884,-0.06206423
DPP4,0.1098287,-0.19577885,0.084909394,0.0013947285,-0.2687337,0.17746761,0.27760488
GALNT3,-0.07614995,-0.15106742,0.23929797,0.0060381237,0.026049497,-0.0036956556,-0.06182374
OAS3,0.14532499,-0.034186915,0.080370426,0.060702056,-0.001756113,-0.24445722,-0.14773276
PTK7,0.0058563645,0.11395392,0.01465635,0.16961297,-0.11920676,0.15760374,0.003530336
IGFBP4,0.14731117,0.15522373,0.1216067,-0.030899622,0.0059265983,0.13910939,0.045267265
FZD7,0.0030288594,-0.05980529,0.22130717,0.08179285,-0.051587332,-0.15977953,0.020029096
ADAM22,-0.072249025,0.006082694,0.097338215,0.13648804,0.14010733,0.16513558,-0.05154931
KLK4,0.005738568,-0.17574343,0.13324153,-0.05076529,0.018144524,0.024286453,0.10569901
LOX,-0.0050762426,0.10531276,-0.011697995,0.0099351145,-0.04659225,0.058369357,0.01781544
STC1,0.015117553,0.03731238,-0.06628174,0.11865776,0.12211774,-0.043164637,0.22422734
KIAA0040,0.15206674,-0.20365745,0.119584925,-0.053148054,-0.18577932,0.13236313,0.26094303
MMP11,0.06279991,0.03391182,0.08405768,0.0029206048,-0.13339928,-0.032241542,-0.005303827
PDGFRL,-0.01344251,0.14547874,0.16384843,-0.0980989,-0.15826912,0.03639137,-0.0068400824
IBSP,-0.034715276,-0.18872505,0.08934143,-0.0009766024,0.069597624,0.36089584,0.08861952
GPC2,0.003290636,-0.010314259,0.02755553,0.17946754,0.011626452,0.2333374,-0.008178972
IRX2,-0.055832446,0.007968252,0.060364902,0.07166027,0.0074915746,0.18067475,-0.124974646
IFI35,0.16484474,-0.09006155,0.07848,-0.045279853,-0.029380275,-0.16763145,-0.17024966
IL1R2,0.15166034,-0.09521573,-0.045668315,0.0038809392,-0.112378955,-0.0833708,0.10231364
EBF3,0.0116082765,-0.018843062,0.20716938,-0.009321507,0.19248244,0.038675092,0.06900262
PTGES,-0.029643744,0.08882036,-0.07259863,0.04257156,-0.038866397,0.16274998,-0.052661873
CTSH,0.19215249,-0.03321434,0.08524645,-0.025288248,-0.056924067,-0.09995859,-0.25536123
LRRN3,-0.047008783,0.08056082,0.08317254,0.078582734,-0.02655529,0.3232364,0.0002534202
CADPS2,0.08590921,0.07763847,0.15267755,-0.00237396,0.073766865,-0.01896875,0.10047856
ADAMTS4,0.07100914,0.19528882,-0.07295281,0.10711711,-0.010026092,0.0056307344,0.23779552
WNT5A,-0.0066795903,0.040505037,0.065423325,0.13768023,-0.13316417,-0.011618573,0.014759347
IRF8,0.290866,0.028835764,0.02034427,-0.00079509366,0.15552816,0.0190658,-0.2421098
GIMAP4,0.27109388,-0.0060568145,-0.034140155,-0.0024391857,0.14794582,0.0060394583,-0.26760045
TM4SF1,0.16545908,0.15647818,-0.012974665,-0.06927503,0.11777861,-0.06116054,0.17507054
HSPB8,-0.06189183,0.058857575,0.08059424,-0.010858328,-0.002322506,-0.15381826,0.008866064
DLX1,-0.09327527,-0.08919262,0.04596821,0.17201625,0.08813339,0.036486007,-0.07732851
ATP6V1B2,0.16840391,-0.21992837,0.03711885,0.049946297,-0.25161117,0.14677605,0.27880317
LAYN,0.051327497,0.12765083,0.08374037,0.029077696,-0.02347396,-0.07881774,0.047938816
ACTA2,0.09906901,0.17063512,0.06332515,-0.0069011264,-0.023932088,-0.12230809,0.078346506
SPI1,0.26317692,-0.20044619,8.240792e-05,-0.004157893,-0.14026926,0.11341595,0.11868981
CDC20,-0.033769157,-0.032136522,-0.11829136,0.31235987,-0.017196957,0.039536573,-0.02705515
RARB,-0.003390404,-0.19293049,0.19886178,0.08584834,0.08366995,0.04357882,-0.044197187
SULF2,0.067068234,0.11367856,0.046905212,0.08502136,-0.024135796,-0.10128091,-0.0072055184
APOE,0.2144264,-0.017868394,0.003439859,-0.06507927,-0.003189289,0.13649525,-0.10301879
PITX2,-0.07527777,0.054870028,0.096482456,0.053708807,-0.025380125,0.059748538,-0.13779321
SLC29A4,-0.08256011,-0.11328301,0.20080717,0.039509915,-0.053130917,0.18744603,-0.057255913
MYLK,0.005985349,0.08190159,0.25711146,-0.0001772624,0.017215364,-0.1532905,-0.05498393
S100A16,0.12598924,0.16659963,-0.017012628,-0.08659602,0.13908176,0.042700127,0.20638306
SPOCK2,0.15819974,-0.04754078,0.16010813,-0.010869734,0.12837575,0.08914858,-0.060308635
GPC1,-0.13231188,0.037596498,0.106765226,0.003845766,-0.0692527,0.19380721,-0.06437537
LRRC25,0.2889622,-0.121622905,-0.051481303,0.0014457238,-0.09250668,0.15026537,0.0023887972
LGR4,-0.11684193,0.008374675,0.121254444,0.12206835,0.13742276,0.08732854,0.012246816
CDC42EP5,-0.02192666,0.10296365,0.058239132,-0.13971943,-0.012414933,0.20562951,0.026203569
MATN3,0.024880651,0.103536025,0.10191757,0.050305694,-0.06114643,0.14383984,-0.05560662
ISG20,0.19152246,0.009216739,-0.06384649,0.026453659,-0.013669578,-0.13274142,-0.18097483
MS4A7,0.26341966,0.056444973,-0.016290497,-0.015459554,0.06962432,0.035227094,-0.25120792
FBN1,0.10717428,0.23777041,0.11577883,-0.0043041524,-0.123289876,-0.13747157,0.09674476
SPARCL1,0.09657844,0.15104562,0.10691514,-0.031409133,0.2634316,-0.05649571,0.19227988
GABBR1,-0.072163805,0.07875316,0.17321812,-0.0070710382,0.022854345,0.1339914,-0.036407657
NRXN2,-0.009303262,0.0940055,0.1846124,-0.0077983905,0.00014124515,0.06230438,-0.0064654257
NINJ2,-0.008250021,-0.033312634,0.18158814,-0.06903633,-0.113637306,0.061944976,-0.00329861
PROS1,0.07255301,0.044054892,0.15183514,-0.0065321894,0.015761018,0.15381062,0.10176818
TNFSF13B,0.25342438,0.0515009,-0.05244968,-0.025784232,0.09077606,-0.026492257,-0.26684457
PPFIA2,-0.049703475,-0.16266063,0.28360552,-0.0036206627,0.0040688,-0.04090366,-0.056652635
F5,0.14724694,-0.05780148,0.06744567,-0.09060264,-0.1029037,0.01585807,0.16586117
TNFAIP8L3,-0.08441171,0.10965867,0.12061914,0.07134529,-0.042294495,0.10038786,-0.067931935
TSC22D3,0.024276912,0.035456873,0.16769841,-0.0844256,-0.04783635,-0.07554135,-0.08045346
RGS1,0.19845551,0.0063363053,-0.09139259,0.0050468924,0.0177625,-0.0007896939,-0.12305457
BMP7,-0.059964977,-0.045239452,0.03312207,0.10881194,0.05815624,0.30076498,-0.036614742
GUCY1A2,0.07637098,0.16225763,0.017719785,0.041018225,0.14693393,0.07687959,0.16216847
FN1,0.084698975,0.118211016,0.16505966,-0.021210138,-0.18561976,-0.14191432,0.13154222
CAV2,0.123709664,0.22538996,-0.06510966,0.0031011414,0.054132573,-0.17009234,0.15013231
STEAP3,-0.009288747,-0.15101747,0.13487293,-0.0012755629,-0.00059987576,0.14699191,-0.0031352967
LCP2,0.29560155,-0.0733877,0.04258133,0.00016721264,0.009136113,0.010537897,-0.11278733
IL1RN,0.2356643,-0.046358727,-0.019944029,0.029073203,0.004729909,-0.11667026,-0.12483509
COL15A1,0.14577088,0.14075635,0.057868507,0.05796999,0.058809903,-0.15675499,0.25193244
MGST1,0.13706048,0.016737754,-0.078331195,0.027356576,0.053163223,0.018301984,-0.17772515
SDK2,-0.115555994,-0.106854364,0.23382103,0.061519563,0.06906589,0.170093,-0.04417111
LSP1,0.13206293,0.20291662,-0.02613855,-0.06943013,0.05462387,0.047737166,0.05880246
CYP1B1,0.077700466,0.011493313,0.2643239,-0.05593467,-0.07274764,-0.14049576,0.11309172
PODXL2,-0.035018153,-0.019503077,-0.022732936,0.08660333,0.090009265,0.37519196,-0.022197338
SLC38A5,-0.0009499916,0.13830915,-0.12666717,0.009720705,-0.0573022,-0.0044109276,0.0026487662
COL11A2,-0.1290222,-0.03808397,0.08699084,0.0011895659,0.12839152,0.3270492,-0.01807434
BAMBI,-0.0900306,-0.2541378,0.15848376,0.043894175,0.08491537,0.23251477,0.005316902
AEBP1,0.04514458,0.20927827,0.1322257,-0.074827984,-0.268207,0.024533533,0.049015686
SERPINE1,0.12625785,0.15062878,-0.07692819,0.00041778968,-0.10085189,-0.15689258,0.091876715
MMP12,0.100278884,-0.08420452,-0.032690104,0.011861005,-0.10532841,0.0069180867,0.13989918
TGFBI,0.069747545,0.18141548,-0.047784008,0.08437889,-0.19123612,0.23437767,0.03262353
SNTB1,0.023354514,0.11027687,0.1412484,0.06783939,-0.007987588,-0.016348125,0.007323849
ANGPTL4,-0.07979457,-0.04558202,0.14879882,-0.00070645835,-0.017061973,0.023504803,-0.002161463
SCD,-0.054369934,-0.055761833,0.07768749,0.14606588,-0.047812294,-0.08432705,-0.12302023
PTGDS,-0.01893329,0.0759362,0.11823466,0.021734038,0.03794916,0.22296512,-0.105606064
LSAMP,-0.026172126,0.054657977,0.10314676,0.015554749,-0.04275288,0.10014788,-0.02617464
GIMAP7,0.2611799,0.019312,-0.009484265,-0.0021679858,0.1527209,0.01490586,-0.2686453
RGS2,0.128862,0.044240445,-0.011056762,0.012970053,-0.033183724,-0.13156016,0.06678688
HOXD13,-0.08686742,-0.099960305,0.16020374,0.15853027,0.020113245,-0.013755773,-0.12358375
NAALAD2,0.0070451046,-0.09268641,0.18339449,-0.015744094,0.07192494,0.015606931,0.055259995
CFI,0.1582027,0.012003299,0.047623534,-0.052739628,-0.0071648005,0.071523316,0.09382026
CPNE8,-0.00013030221,-0.0086059375,0.10264458,-0.0016343973,-0.005420986,0.1126339,-0.03856341
CPXM2,0.0055379155,0.11164575,0.18443073,-0.102308765,0.0777033,0.10741006,-0.054330915
MTMR11,-0.024619233,0.1507874,0.17230764,-0.0040562325,-0.08077255,-0.033976763,-0.03402557
EMILIN1,-0.040233906,-0.03894274,0.1297636,0.13749076,-0.15202338,0.19345637,-0.004523232
BCAT1,0.05353922,0.15930195,-0.15699266,0.1505709,-0.006702833,0.04298439,0.006650631
LRRC32,0.107099004,0.19641334,0.027597753,0.01283177,0.055478938,-0.081844985,0.18870975
HSPA12B,0.04718978,0.22791387,0.04935606,-0.003649752,0.07597696,0.20351513,0.101945154
TAPBPL,0.18925996,-0.07819372,0.11364187,-0.029220335,-0.0012182985,-0.118684724,-0.083722
FMOD,-0.010322322,0.14668557,0.2019587,-0.12758102,-0.115729675,-0.023275968,0.020570198
SGCA,-0.027541352,0.017432442,0.12557316,-0.061425522,0.062279675,0.10759747,-0.07211326
CHPF,-0.03148974,0.15616266,0.0484078,-0.089779936,-0.047004912,0.10197291,-0.01896061
SUPT3H,0.0185744,-0.14926837,0.11360041,0.023002943,0.005901409,-0.09279852,0.011896399
GPM6B,0.002777902,-0.013064171,0.14191984,0.152276,0.04975147,0.1490955,-0.018189086
IL2RB,0.22545427,-0.011543207,0.006492564,0.033355784,0.09777632,0.003479794,-0.19899772
MAP2,-0.04256408,-0.14914,0.25434,0.08531121,0.08236048,-0.12281612,-0.022053279
PRICKLE2,0.04715207,0.28805482,0.025471117,-0.003674661,-0.10625488,0.08558677,0.09051171
NQO1,0.053161334,-0.05261376,0.0023065077,0.024019258,0.007352352,-0.23376288,-0.028280197
XPR1,0.10985225,-0.19893923,0.11936832,0.12168371,-0.18182197,0.057382744,0.21349047
PTGFR,0.00656941,0.2666227,0.09722366,-0.03779487,-0.18559729,0.00050914934,-2.134035e-05
HS3ST3A1,0.001306496,0.10544791,0.035947133,0.120290644,-0.06440064,0.17708889,-0.020251324
SELENBP1,-0.005791018,0.09749673,0.06836273,0.009676164,0.16056852,0.22966208,-0.11796293
ALCAM,0.13115008,-0.0057550333,0.006622937,0.034055352,-0.054207124,-0.05029893,-0.03958994
SLCO4A1,0.12860629,-0.15662023,-0.017998043,-0.0015013665,-0.11572616,0.13451347,0.29552603
AOAH,0.25925484,-0.050405093,-0.012374547,-0.006818744,0.076700464,-0.028180724,-0.20930538
C2,0.23918222,0.03829981,-0.060396254,0.0015232202,-0.08823922,0.034116402,-0.082763456
MYH10,0.0007033675,0.090349525,0.12488531,0.1146285,-0.025892643,0.105275966,-0.057765994
LRIG3,-0.0052602333,0.23997626,0.067248166,0.08517312,-0.07473288,0.065534405,-0.0050204718
NFKBIZ,0.10488065,0.15290129,-0.0010917024,0.018386247,0.0064763096,-0.114442654,0.0082454365
IL21R,0.19298512,-0.080809325,0.007850676,0.0025110624,-0.0049749957,0.09618951,0.022516755
ANKRD35,0.007861818,0.13898544,0.0077207955,-0.056267362,-0.051152337,0.29074126,0.08568728
TP53INP1,0.12126417,-0.04472183,0.18786459,-0.0039973008,0.038982496,0.099607326,-0.012194339
RAC3,-0.07969151,0.08453228,-0.0147896735,-0.024291549,-0.018973459,0.26316544,-0.05698503
PPARG,0.12954827,-0.06782329,0.03793649,0.062581584,0.092321515,-0.0091822,-0.052317135
ADAMTS1,0.008174881,0.2489457,0.012269303,0.13333274,0.07647011,-0.018851422,0.1525674
BACE2,0.010475457,0.14015001,0.11511739,-0.03303243,-0.1006561,0.050822027,0.098789416
CDK5R1,-0.039744943,-0.015531897,0.16361836,0.0786843,0.010784994,0.08778707,-0.017756019
SEMA6A,0.05134235,0.13492511,0.09728433,0.076242246,0.20504694,0.16541894,0.1404649
NEXN,0.005480598,0.18460673,-0.052210998,-0.019622967,0.116569586,0.05897656,0.009288537
HES4,-0.0057913437,-0.10947586,0.16207974,0.09055981,0.21922411,0.0046393345,0.15379968
OSR2,-0.082117155,0.13747647,0.0070710354,0.0734142,0.079134725,0.0442555,-0.009131637
LCP1,0.29460534,-0.13633396,-0.042880163,0.001209499,-0.113450676,0.087734014,0.005496388
BCL6B,0.087631375,-0.01651907,0.15471202,-7.6591845e-05,0.34607902,-0.03404359,0.32727295
EPHX2,-0.030620597,-0.033344794,0.19727093,0.05957628,0.02012799,0.112536736,-0.0938082
MAF,0.12697357,0.21484959,0.045232926,0.024636267,0.015256847,0.10084849,-0.055202965
ADAM12,0.06439207,0.07202566,0.016057547,0.09666602,-0.07419599,0.0007035026,0.18375245
HERC6,0.16207138,-0.07522442,0.071179286,1.09717075e-05,-0.0024525796,-0.22723934,-0.11452216
VANGL2,-0.017116228,-0.0053008376,0.19195676,0.12759317,0.012734097,0.122531526,-0.07765534
MGLL,0.0074183783,-0.104584314,0.24969131,-0.061688527,0.17142706,0.013211525,0.001738614
RASD1,0.00847503,0.12333847,0.009294021,0.013360715,-0.05933344,0.107219785,0.0623792
PCDH12,0.09552489,-0.05916149,0.18644203,0.03741777,0.29793817,-0.039154183,0.31207323
PARVG,0.31445497,-0.039371323,0.020746104,-0.001427339,0.0003411452,0.08722922,-0.17342317
KIF20A,-0.0019180323,-0.03898333,-0.022029819,0.35190055,0.010081654,-0.08398519,-0.024512302
RAB20,0.23579335,-0.0626141,-0.044848654,0.00082638365,0.009125763,0.058856513,-0.13207604
TRIB3,-0.02713152,-0.04169079,-0.047557764,0.13542728,-0.00776521,-0.04353196,-0.034315333
CD86,0.2727433,0.062416825,-0.014403747,0.00083550904,-0.0014576283,-0.06190149,-0.25915807
FOSB,0.007514721,0.04032483,0.011706135,0.01290084,0.04424492,-0.14400473,0.14044935
ST8SIA1,0.0052784733,0.01720304,0.16181654,0.065701306,0.018191444,0.09758313,0.027146384
ARHGDIB,0.25262544,-0.05966351,0.0065912716,-0.10760081,0.03363847,-0.014960491,0.018870628
CYBRD1,0.0019425827,0.118993275,0.2550303,-0.048581947,-0.1123592,-0.26581895,-0.027801517
KIT,-0.006328992,0.032138105,0.22054632,0.076416,0.10670709,-0.007291088,-0.00047843836
PDLIM1,0.05238775,0.17334045,-0.052296814,-0.06258116,0.03229823,-0.04453646,0.14659803
BNC2,0.09376405,0.26166818,-0.026725702,0.07014037,-0.14194365,-0.033462144,0.12866876
GJA1,-0.011136121,-0.0022135149,0.102950335,0.09165083,-0.14436302,0.039458923,0.13601118
CDH23,-0.036825284,0.12538545,0.19227387,0.00048299864,-0.085057676,0.06832822,-0.015219944
TNFRSF12A,0.089284755,0.10243718,-0.16342151,0.031194812,-0.20181856,-0.06322433,0.09925018
FHL1,0.015944451,0.2592308,0.046609055,-0.0027685117,-0.019766355,0.050292507,-0.000920109
ARL4D,-0.07925593,-0.11590878,-0.0042173467,0.14048624,0.04648152,0.20153956,-0.02961708
SIX4,0.0071854643,0.27297902,-0.08769288,0.13120547,-0.090230174,0.09461726,0.054752067
DUSP1,0.09784388,0.089974806,-0.05196652,-0.014233403,-0.009553246,-0.20816688,0.052993637
TFRC,0.015546345,-0.07794001,0.047389925,0.17503384,-0.14318594,-0.039666273,0.12298215
PLCB1,0.0038423694,0.23364474,0.04905428,0.07532397,0.16126306,0.062343545,0.06750776
EPHB3,-0.041691087,0.2614749,0.045817737,0.07293683,-0.10738329,0.20487267,-0.004862627
CCDC3,0.007648082,-0.039317697,0.20738268,-0.08734817,0.10113133,-0.023954676,-0.006503477
ADAMTS2,0.008478508,0.11150358,0.18034564,-0.119756736,-0.022531636,0.08438067,0.0063552014
NETO2,-0.011243507,-0.02742073,-0.019205192,0.19137727,0.06579952,0.0058540194,-0.027865818
HEYL,0.069226205,-0.03301848,0.13162175,0.03552361,0.2385859,0.07517122,0.26103652
LAMB3,0.04996818,-0.11302144,0.111931786,0.01427861,-0.025723564,-0.037924025,0.03862944
SV2A,-0.05058228,-0.0052922536,0.1639314,0.13528158,-0.0343009,0.06214912,0.0026529126
SLC43A2,0.2962049,-0.017099204,-0.032309107,-0.0008354241,-0.062272664,0.03912439,0.0017476002
LTBP2,0.059352428,0.013915001,0.25967696,-0.074171595,-0.09285618,-0.09196332,-0.03439214
PTGER4,0.15623242,0.10683827,0.0587991,-0.018762637,0.045954667,-0.23375243,0.015715856
SKP2,-0.06822376,-0.022564327,0.11114318,0.28214064,0.0139398165,0.0027250221,-0.07921737
EPHB6,-0.0052958145,-0.0051658577,0.2429659,-5.899728e-05,-0.010388788,0.054182537,-0.09009213
INPP5D,0.28393844,-0.08855011,0.05102636,0.0039503076,0.04663717,0.090609975,-0.056680404
A4GALT,0.1061091,0.15748653,0.042804785,-0.13065763,0.08299098,0.03572151,-0.008722439
FAH,-0.022344183,-0.13192083,0.05354455,0.08660821,0.07506565,-0.036760353,-0.14009738
JDP2,0.102626614,-0.13405342,0.13458689,-0.02181797,-0.29785293,0.1355207,0.27726457
SOX18,0.06825004,-0.004502758,0.0071403305,-0.07954099,0.27453443,0.12165144,0.22622733
PCSK5,-0.0026532335,0.11128533,0.16761014,-0.034086317,-0.024331242,0.004346075,0.050312974
GM2A,0.09782189,-0.17703156,0.09378288,0.018483803,-0.12187058,0.056240227,0.0656861
HMOX1,0.22300902,-0.0017205036,-0.11236017,0.065686986,-0.019244384,0.02165486,-0.0052405577
DUSP2,0.16904595,-0.22180618,-0.00756062,-0.00030440127,-0.14330319,0.14741154,0.1989023
ERRFI1,0.034534566,0.00077427644,-0.08923426,0.02766077,-0.011925356,-0.055565167,0.12102779
AOC2,-0.07121941,-0.114517584,0.24803975,-0.014417205,0.039160527,0.059282824,-0.0010233951
MTSS1,0.067851596,-0.21883254,0.11858233,0.072157554,0.21947613,0.0325039,0.10034066
EYA2,-5.473168e-05,0.13761105,0.04994659,-0.049378563,-0.10295705,0.14484419,0.11521978
ROR1,0.022648742,0.25565064,0.08552532,0.025370376,-0.06945018,0.03083312,0.018175181
PRPH,-0.08093605,-0.032096535,0.07315294,0.07522186,0.11045745,0.037408706,-0.13280825
PLAG1,0.010501937,0.052345123,0.043123174,0.0870946,0.060626168,0.22200096,-0.023480814
ABCA3,0.19340207,-0.06914233,0.066903114,0.018418392,0.106824294,0.15560696,-0.19100355
UNC5B,-0.044433348,-0.15950419,0.26801905,0.09175944,-0.0012875837,0.022777684,0.014249473
EPAS1,0.13555333,0.010323687,0.2670726,-0.084117286,0.07100245,-0.24515595,0.10843136
SMPD3,-0.07691039,-0.17021525,0.1348746,0.06138354,0.16336565,0.30120403,0.009625171
PTPRG,0.10596272,0.13361831,0.18600349,0.09438933,0.14450279,-0.024720943,0.21473727
IGF2BP3,0.03333199,0.028926129,-0.06115956,0.16872565,0.23022604,0.17672627,0.1410575
GPRASP2,-0.0012417642,0.046724103,0.16453399,0.07504472,0.05087865,0.105145484,-0.08384392
SYK,0.26435307,-0.14762048,0.010412652,-0.018532978,-0.111869074,0.15841986,0.057883333
PYCARD,0.28066686,-0.06691211,0.0052472963,-0.058901586,-0.008222535,0.05876064,-0.18562803
CYGB,0.06400297,-0.12005779,0.19808893,-0.010112649,-0.007371047,0.10120111,0.26028183
STEAP2,0.07957144,0.13847338,-0.0695124,0.08525486,0.0067988327,0.07083247,0.011128605
ID1,-0.119230345,-0.06605528,-0.009277712,0.038209517,0.024559826,0.15266739,0.008907632
PTGS1,0.15248452,0.07296978,0.050105587,-0.019174088,-0.10614002,0.2774134,-0.0048849424
CGNL1,0.038278963,0.20857136,0.14816196,0.014088555,0.011945314,-0.02990878,0.1280489
LRRN1,-0.008416194,0.040994257,0.16420983,0.029043024,0.039637756,0.17655769,-0.0104565155
CDH15,-0.0064057545,-0.22081725,0.13998532,0.011751439,0.09093368,0.16171418,0.03297258
TNN,-0.09245446,0.17862745,0.038531747,0.002260511,-0.06667935,0.20894322,0.0066251555
DAAM2,-0.07422447,0.0154774785,0.23650566,0.0601697,0.00015008016,-0.0074584014,-0.051692978
PTAFR,0.27923796,-0.044922683,0.010752408,-0.034642097,0.013072807,-0.07450717,-0.1597543
BNIP3,-0.09590918,0.06337799,-0.083569475,0.04638205,-0.11705819,-0.10363386,-0.010925357
CLIC6,0.06832322,-0.057386782,0.056664146,0.024582352,-0.06978367,0.20403555,0.14395931
FSTL3,0.09118368,-0.03839235,-0.04342766,-0.032220077,-0.23144507,0.12418103,0.14161423
IL1R1,0.04514918,0.029118486,0.23814017,-0.047999345,-0.10697404,-0.21741788,0.07132836
CD72,0.23457088,0.0016946845,-0.09606053,-0.02225093,0.06692347,0.10012615,-0.18071677
LEF1,-0.051280797,0.00022634448,0.22218026,0.10844877,0.0035205171,0.044777,0.05102577
PLAU,0.19107182,0.10687532,-0.1134391,0.080240436,-0.09532127,-0.18827035,0.16294442
BCL11A,-0.008842405,0.050972674,-0.007791335,0.13220212,0.014038945,0.23891538,-0.079871245
SLC1A3,0.058521297,-0.05416047,0.093942106,0.10881846,-0.11029001,0.009043222,-0.05277141
F3,0.042146645,0.010452324,-0.024848739,0.014087589,-0.01424868,-0.076801136,0.014041882
FGFRL1,-0.04731894,0.21772222,-0.0001499101,-0.012996235,-0.0014241544,0.22487296,-0.009115514
PTPRE,0.26959947,-0.1095106,0.020312976,-0.00047298794,-0.070411935,0.051568896,0.17987238
SETBP1,-0.054858744,0.09030687,0.3564149,0.024191074,-0.08567196,-0.08409473,-0.091502085
BMP5,-0.0017206607,0.052393775,0.03704996,0.012754902,0.1181822,0.25191203,0.0019897982
COL5A1,-0.029573355,0.20078151,0.11460692,-0.004545063,-0.20104125,0.13570502,0.11534462
SQLE,-0.06656413,-0.09343821,0.011703213,0.14089867,-0.0054496694,-0.097481094,-0.04526781
TBX3,-0.09845657,0.026501516,0.2624039,0.02279475,-0.026151912,0.025913125,-0.05864854
CSPG4,-0.07677165,0.03152937,0.21928595,-0.000109750494,-0.089047916,0.027449803,0.05248607
MET,0.119969726,-0.0011098686,0.023131026,0.07841809,-0.11635641,-0.08663514,0.23110907
ITGA4,0.08026582,-0.032148257,-0.039680723,0.16799414,0.13547748,0.124148175,-0.1295657
ZNF521,0.0011911159,0.3205414,0.07946549,0.040548783,-0.04402394,0.082302704,-0.006925703
EPHA3,-0.0688685,0.006347556,0.14538588,0.09359454,-0.089985535,0.040915173,-0.013246642
PRDM8,-0.002500893,-0.02860269,0.19920202,0.011689785,-0.16543722,-0.102794155,-0.004726244
INSIG1,0.08298232,-0.15313205,0.05209893,0.08138746,-0.27011904,0.058033295,0.22603859
TMEM100,0.048664533,0.11335045,0.14691801,-0.021368148,-0.0076179695,0.08510402,0.02727639
FOSL1,0.06863536,0.09088246,-0.114896275,0.08600005,-0.18448927,-0.24898052,0.04392214
PPFIA4,-0.077426426,0.07049454,0.13608818,-0.01350481,-0.02332604,0.04855785,-0.006896798
IL10RA,0.3031195,-0.022792462,0.014007822,-0.0061760414,0.07132578,0.034339566,-0.15463014
SLC11A1,0.25216362,0.0013928277,-0.120899454,0.052557565,0.006563267,-0.01834521,-0.18012464
AMPH,0.0002724776,0.18913932,0.04301467,0.052992966,-0.14069308,0.0130513115,0.0003915126
GTSE1,-0.0055465335,-0.023251439,-0.056531694,0.35811037,-0.0035512655,-0.012723371,-0.011119978
SAMSN1,0.27251604,0.0041184416,-0.027404878,0.0069635212,0.051062807,-0.06318984,-0.2891958
DACT1,0.035120662,0.28316072,0.06044302,0.06504383,0.0038006296,0.040025134,0.015372285
SULF1,0.09664476,0.0725712,0.17429815,-0.030724164,-0.12228912,-0.11833805,0.16191123
CTHRC1,0.025162268,0.0700149,-0.024134478,0.009683665,-0.10948099,0.11651908,0.14629325
ST3GAL6,0.1314117,-0.18119104,0.06832159,0.013526019,0.083496794,0.09150213,0.18638328
AGTR1,0.01300912,0.12967779,0.13335015,0.005773262,-0.024022803,-0.073875055,0.0114946375
HEY2,0.015213716,-0.14241166,0.2565328,-0.0021381322,0.003663486,-0.08830106,0.14078449
PMP22,0.0015967881,0.21267861,-0.004788008,0.011193533,-0.14538401,0.039712887,-0.0017642437
FBLN5,0.014743322,0.1758581,0.23190762,-0.05785811,-0.07775612,-0.048772298,0.0120409345
PTPRZ1,-0.047504973,-0.16491358,0.13953699,0.077979624,0.16435489,0.16965662,0.051650334
C5AR1,0.25821164,0.034021415,-0.08637366,0.028630482,0.05180931,-0.058516897,-0.17975579
MFAP2,-0.041569456,0.11471608,0.09266764,0.01735025,-0.18018977,0.24902457,0.04853141
UBE2T,-0.06492407,-0.101734586,-0.10026726,0.29063776,0.043962006,-0.05480415,-0.009023654
ALOX5,0.20559284,0.004792938,0.058042474,-0.110880725,-0.0013107084,-0.06504267,-0.16976567
PLTP,0.08614163,0.045951854,0.008710247,0.024214718,-0.016655589,0.3364081,-0.113915555
IER5L,0.020208294,0.13970725,-0.07113445,-0.018882748,0.0112353815,0.02672572,0.08175887
SLC16A3,-0.03599869,0.010341123,-0.09197882,0.026382584,-0.2104044,0.06530664,0.022044018
HRH1,0.04308658,0.21949978,0.04739245,0.08508197,0.011757213,0.024326531,0.084980756
AMOT,-0.09248144,0.02744217,0.18501683,0.15618193,-0.021690706,0.12862146,-0.038878612
FLRT2,-0.043338764,0.19022615,0.0824835,0.12349348,-0.08061589,0.17710228,0.0064815087
PIK3AP1,0.27917117,-0.11451032,0.060037274,0.0009178207,-0.07209364,-0.020589668,-0.09328007
NOTCH3,0.0022737873,-0.004744257,0.27182913,0.04758113,-0.0030667556,-0.046634555,0.16089186
GZMB,0.21262762,-0.017947678,-0.07352051,0.005555486,0.069557704,-0.0072260485,-0.13853651
B2M,0.23013161,-0.0635288,0.0017223598,-0.03553629,0.018173572,-0.15575914,-0.13469237
MSR1,0.26452243,0.05526397,-0.05131472,0.007272471,0.004813101,-0.011757237,-0.28122535
FJX1,0.0075256326,-0.102507904,0.11401352,0.0019668718,0.04591837,0.10440755,0.18127266
PLEKHA4,0.034179244,0.09886943,0.093584396,-0.008674885,-0.0151112685,0.112837486,-0.08237843
EPDR1,0.06439932,-0.08862399,0.16465151,-0.033940133,-0.18353687,-0.0037848807,0.011757491
SOX7,0.115362674,0.029429048,0.15276314,6.1722065e-05,0.37142786,0.013659478,0.27690583
DUSP10,0.16230716,0.05265465,-0.017934442,0.06865439,-0.09186887,-0.13609008,0.115449235
ENC1,0.031042172,0.052800883,0.071554065,0.118977256,0.19996153,0.09581478,-0.03397951
STK32B,0.042782404,0.17747203,0.052176386,-0.004426323,-0.039591655,0.14256181,0.081398144
CCDC68,-0.047175966,0.042452917,0.06627319,0.029856674,0.0342922,0.09930661,-0.004783224
GABRE,0.0006932753,0.12890294,0.032760017,0.00053133426,0.12019623,0.28404108,0.0201298
EPHA2,-0.049032185,-0.10530262,0.06230781,0.13901581,0.0045927106,0.07210895,0.019388989
ALDOC,-0.059985574,0.03172354,-0.055623427,0.013757773,-0.13895048,-0.13600677,-0.14379087
CENPF,-0.04260269,-0.01074719,0.015570799,0.36012504,-0.009934504,-0.12918076,-0.008359662
JPH1,-0.057119112,0.13238376,0.058760382,0.0074819596,0.1402371,0.06062986,-0.026502997
FRAS1,0.013224371,0.10388416,0.032300927,0.06121536,0.0076848045,0.112979576,-0.04946579
EYA1,0.016164966,0.032758612,0.13122569,0.12390431,-0.0937923,0.09647429,-0.004757779
AADAT,-0.0626872,-0.08420014,0.049392626,0.10097746,0.056974098,-0.0099635525,-0.011991695
TNFRSF11B,-0.067566335,0.08967154,0.07961089,0.038208295,0.061599426,0.18073307,-0.10699145
RGS4,0.12768771,-0.1407988,0.09871914,0.055610232,-0.24061158,0.07033708,0.2727428
RTN4RL1,-0.058627754,0.017965898,0.12969594,-0.00030885817,-0.009788857,0.24728584,-0.114085555
ATP6V1A,0.1662207,-0.20065217,0.070683315,0.083317704,-0.24564274,0.118542746,0.27177227
EMCN,0.091966115,-0.00029516348,0.10514666,-0.03605948,0.3895647,-0.09193577,0.26337725
TNS1,0.07585,0.29144564,0.06704675,-0.0029234672,0.001501661,0.016340474,0.108317845
C1QA,0.27037475,-0.007005456,0.005630965,-0.06437873,0.0995843,0.054728452,-0.30107227
ALDH1A3,0.0052104034,0.011024335,0.12427089,0.03426432,0.08540891,0.1848029,-0.052559633
ECHDC2,0.0024271589,0.012091857,0.008111541,-0.012931867,-0.03196571,0.09926479,0.0035526194
CSF1,0.1876343,-0.17036495,0.12458789,-0.026936302,-0.179677,0.02627224,0.050505113
FNDC4,-0.030160328,0.1250685,-0.011594277,0.005640613,-0.00083871273,0.31068113,-0.002731528
PTPN22,0.1689272,-0.22523354,0.05411474,0.008016362,-0.23206083,0.16654271,0.25616097
HCK,0.20873025,-0.14913288,0.018652944,0.05225826,-0.07407406,0.02061757,-0.11342418
TIAM1,0.10295096,-0.05184114,0.10678713,0.13624892,-0.17355758,0.22830862,0.19467038
ITGAM,0.28611836,0.0013058956,-0.056780092,0.019201277,-0.03789774,0.067308016,-0.14465734
FZD3,-0.031416796,0.02456676,-0.0011217808,0.1391159,0.00072386087,0.19587506,0.005082544
F11R,0.16788323,0.07556536,0.115358,-0.0105325235,0.21956867,0.0035484338,0.18145597
PLEK2,-0.015740227,-0.013829038,-0.044251535,0.15259445,-0.0054792785,0.14169843,-0.054904036
PTGS2,0.00091900636,0.05725778,-0.076139234,0.12987924,-0.09063096,0.031994723,0.087294295
PAG1,0.18828042,0.087127544,0.026727548,0.083726674,0.0012167942,-0.0022058594,-0.12914082
COL6A1,0.026736414,0.24146064,0.11486301,-0.027582128,-0.21400887,-0.10889317,0.12112974
TUB,-0.12462437,0.09972602,0.12934233,0.048941303,0.030423399,0.10757063,-0.037359763
CBS,-0.07116265,-0.017949097,0.09663077,0.1733025,0.004683132,0.12897427,-0.10097655
RGS18,0.2592863,0.001190802,0.037729923,-0.07184681,0.095374346,0.0052886074,-0.18301705
GALNT14,-0.06900065,-0.1245076,0.13668357,0.011232358,0.1322355,0.09411762,-0.0008383068
MCAM,0.044343043,0.013707472,0.013320438,0.07808837,0.40222022,0.02805474,0.29733598
VDR,0.06426442,-0.07964411,0.107290365,0.12333467,-0.024732007,0.23129839,0.016619703
SLAMF8,0.29753762,-0.007118792,-0.003495106,0.044149414,-0.018441483,-0.04587345,-0.18325132
DHRS3,0.09561938,0.031435046,-0.043276623,-0.03472582,0.09322758,0.2020207,-0.0856293
PKIA,0.075206116,0.015112716,0.011567297,0.017137006,-0.06722162,0.13946787,0.14981179
ARHGEF19,-0.09676029,0.09948649,0.15086089,-0.12713522,-0.16016091,0.13875607,0.0152955195
ITGAL,0.2879548,-0.027123595,-0.007859239,0.03859248,0.08248319,-0.016846575,-0.2148874
GHR,-0.03870468,0.06721654,0.29777664,-0.017045232,-0.002579876,-0.06479748,-0.034826864
SCRN1,-0.0017598427,-0.0181789,0.13294776,0.0771692,-0.0036665837,-0.028573804,-0.010268473
ANGPT1,-0.0015998376,-0.11583819,0.12798683,0.096816115,0.18541239,-0.016341811,0.028446991
DNAJA4,0.0068269125,-0.068684615,0.078807764,0.10516462,-0.020646907,0.15158856,0.0007372095
GNPTAB,0.17175308,-0.16489606,0.12591259,0.037275676,-0.2410117,0.06605422,0.24532785
ITGBL1,0.07183415,0.18637702,0.13510548,-0.12091351,-0.09866724,-0.03170972,0.0017103141
PTPRC,0.3139058,-0.077675305,0.0035016476,0.012943454,-0.039615955,0.018772062,-0.08631797
BMP2,-0.0550222,-0.03522645,0.10591758,0.025281496,0.052984424,0.20366593,0.030613497
CD83,0.06565576,-0.06889564,0.14036368,0.05936058,0.005193757,-0.13566759,-0.15950415
COBLL1,-9.906427e-05,0.1257355,0.100143276,0.0125609245,0.15749305,-0.23076297,0.043755244
ECT2,-0.0079411995,0.0177756,-0.07168447,0.35893866,-0.027626252,-0.10009226,0.019670485
ARMCX2,0.023445776,0.14788593,0.08175565,-0.0007575662,-0.047974043,0.02253137,-0.06819585
BMP6,-0.081506826,-0.14062646,0.20532562,-0.0055071176,0.09538556,-0.0027741625,-0.107363574
FABP5,0.11573388,0.05091603,-0.18664573,0.082357004,0.0035924173,0.11251051,-0.020863535
MXRA8,-0.07044882,-0.058223113,0.17332363,-0.004403518,-0.10924028,0.13304389,-0.02165855
PAQR8,0.049626205,-0.0572458,0.17823689,0.08793333,-0.083379894,0.04612299,-0.06753559
PDE7B,0.062328935,0.12685199,0.21124554,-0.042330097,-0.037548963,-0.072416075,0.065153554
PFKFB3,0.09792603,0.020389166,-0.00034194038,0.08366595,-0.113196604,-0.19564645,0.0122969765
MRC2,-0.036347773,-0.15006748,0.21779788,0.021020949,-0.104569286,0.16578583,0.012633163
LAPTM5,0.29238558,-0.14350563,-0.009614003,0.0002154946,-0.12515815,0.102920376,0.035675522
KNTC1,-4.1123334e-05,-0.042846836,0.021081626,0.30479127,-0.011052267,-0.055104062,-0.03345897
SNX10,0.18266511,-0.21255162,0.0042756856,0.00034671405,-0.23292518,0.113940835,0.21049982
SERPING1,0.14267252,-0.0055871196,0.2097987,-0.12169537,-0.03164885,-0.11213617,-0.01456513
BTK,0.29366708,-0.0993576,-0.044491295,0.004327093,-0.122233376,0.075426295,0.019117128
OSCAR,0.1634258,-0.21557963,0.0025594474,-0.031657442,-0.221882,0.28885034,0.27929768
SYT12,0.0030241848,-0.12786902,0.08538443,-0.007903844,0.09225442,0.30657697,0.08076988
ACOT7,0.018012704,-0.04389533,-0.16289243,0.20613028,-0.025996663,0.09209137,-0.017994655
SLIT3,-0.029974418,0.026951771,0.22044067,0.019484255,-0.032485764,0.18396643,0.053292103
ABLIM2,-0.010734542,-0.1536128,0.16083837,-0.03683923,0.026481885,0.099452235,0.010541678
CDA,0.22605826,-0.073334485,-0.0942657,-0.0053562582,-0.07919525,-0.040554807,0.0231437
NR4A2,-0.012749523,0.12408884,-0.029554248,0.042615686,0.07176783,-0.066013366,0.059206456
ADCY7,0.2033434,0.19998403,0.026352625,-0.00045556866,-0.09470577,-0.044741306,-0.062054604
TPM2,0.049487695,0.048098586,-0.066191815,0.005024062,-0.04636218,-0.103490174,0.04170288
PTGFRN,-0.03683871,0.092900135,0.2562311,0.097065285,-0.13294202,-0.16306876,-0.0493822
ISLR,0.0022662904,0.17653985,0.102514915,0.0036745735,-0.06943352,0.17984591,-0.0061266925
TNFRSF11A,0.16707638,-0.21098445,0.086670704,0.00067852304,-0.23135804,0.19292721,0.2320319
HYOU1,0.0047179908,-0.081378005,0.037960928,0.2241972,0.028465783,-0.09824425,0.0034384907
DLX5,-0.09771072,-0.13115703,0.20837106,0.037116278,-0.00654438,0.039380554,-0.075889915
HOXB8,-0.057408653,-0.039791487,0.109898195,0.027820399,0.07139283,0.05197397,-0.024750663
HOXA5,-0.052473977,-0.059812263,0.16500662,0.084197804,-0.017332213,0.04392739,-0.005713882
HSPA4L,-0.02202717,-0.06941856,0.036961693,0.1840324,0.10918719,-0.047616888,-0.015779093
MTAP,0.05348914,0.00031929938,0.09442828,0.06736819,-0.010917043,-0.2426423,0.0019276373
SLC16A9,0.07131722,0.18221658,0.048698828,-0.0016086407,0.04110198,0.07470785,0.01902462
VWF,0.09076112,0.18653357,-0.011550096,-0.0022246942,0.25059527,0.019226748,0.18714039
TNFSF11,0.04170397,-0.16830638,0.058252808,0.033382684,-0.13013081,0.1105645,0.26137602
NCALD,0.01037152,-0.0069630514,0.18656701,-0.00737396,0.0370829,-0.09332021,-0.005884086
PFKM,-0.008602101,0.022141088,0.04429354,0.09252315,0.010105528,0.21980219,0.0056466376
CD200,0.024874197,-0.18581475,0.29511696,-0.056773737,-0.017195567,-0.026163215,0.11526079
MLLT3,0.01921461,-0.013025746,0.12618335,0.037136566,-0.04694675,0.05172545,-0.09506117
VEGFC,0.124289386,0.058317285,-0.086036846,0.029793153,0.111957036,-0.06599073,0.2512351
CYP26B1,-0.042377103,0.13508372,0.19042677,0.05073903,-0.04368462,0.030037034,0.0121339215
FGR,0.2703816,0.01277517,0.0035264546,-0.025506904,0.10500314,-0.0144639015,-0.17081092
CYP51A1,-0.06473476,-0.020770088,0.041032854,0.23687978,-0.11649259,-0.17664802,-0.024648394
ABLIM3,0.12149604,0.12730537,0.08034631,-0.030711241,0.27850196,-0.06681763,0.23402281
IRX5,-0.08691283,-0.13682742,0.21381144,-0.008840445,-0.060062513,0.09153006,-0.05748039
ARHGAP30,0.31290933,0.0031693405,-0.020684045,0.0009796693,0.00047141005,0.027739784,-0.1877766
CRTAC1,-0.054918204,0.086357325,0.022974243,0.01969919,0.016607393,0.2259876,-0.023831515
CARD11,0.24707685,-0.015310998,0.115078345,-0.03506809,0.034895953,-0.049754106,-0.1964028
S100P,0.16154672,0.1051241,-0.1498113,0.040712852,0.03667682,0.008443748,-0.20637454
OLR1,0.18492372,0.0026262016,-0.041191414,0.044490453,0.0020544534,-0.16974856,-0.006106619
SLAMF9,0.15197416,0.02092891,-0.052449625,0.007833942,0.044766508,-0.08554867,-0.07106777
COL1A1,-0.044894654,0.13547604,0.089858904,-0.027288536,-0.11387481,0.2542012,0.1153676
DOCK2,0.31235573,-0.0029787116,0.03545378,0.01495279,0.014683084,-0.024270345,-0.22654097
KCNMA1,-0.051700633,0.08542149,0.12041927,3.5452278e-05,0.07298925,0.10231691,-0.009662567
ALPL,-0.083461694,-0.2064641,0.16324374,0.074978635,0.054028057,0.15996005,0.0044092396
SOCS3,0.14530846,0.040027913,-0.077186994,-0.005988354,-0.008783854,-0.016140182,0.18050751
MCM5,-0.011571516,-0.06952381,-0.026877264,0.3074731,0.009892613,-0.0026820737,-0.03249283
CX3CL1,0.09235772,-0.0014767367,0.18172203,0.021917785,0.08236074,0.088403426,-0.07363844
GPC6,0.033558648,0.13168176,-0.036253452,0.0202555,-0.029952178,0.070051596,0.041992396
PCDH17,0.09594784,-0.0015292873,0.13111216,0.04163455,0.2687056,0.0047118673,0.2613917
LOXL3,0.052270897,0.164364,0.027531171,0.057807524,-0.11978646,0.13235666,-0.027741576
MCOLN3,0.08406006,-0.09932403,0.021788567,0.049690094,-0.25411037,0.077856176,0.122307874
SCARA3,-0.007065814,0.01729142,0.056477707,0.082988225,0.0045741657,0.12756972,0.07298038
GPR65,0.27889928,0.0187331,-0.0062540676,-0.019321762,0.018632596,-0.027798466,-0.23616506
PPFIBP2,-0.064740576,-0.19135262,0.2625274,0.04538606,0.0640917,0.10424526,-0.08927797
RECQL4,-0.045674905,-0.0358632,-0.13647705,0.22161183,0.056093592,0.1574284,-0.025328096
CILP,0.047331974,0.13665465,0.13186502,-0.0019556913,-0.007412433,-0.13369037,-0.0022972012
IFIH1,0.16485591,-0.09831527,0.16392364,0.020157775,-0.023032635,-0.22506134,-0.13035393
SEMA6B,0.06930166,-0.123791054,0.16708635,-0.0029919294,-0.029402932,-0.09033651,0.20044972
KCNH3,-0.10778797,-0.017042186,0.077947296,0.1377344,0.046915114,0.20528595,-0.10202839
CES2,-0.029931867,-0.0004892274,0.16753234,-0.0380167,-0.03274066,-0.02015328,-0.09248701
DHCR24,-0.047995117,-0.09926181,0.02936931,0.22989696,-0.060826533,0.026357561,-0.008580055
NCF2,0.2805862,0.040032033,-0.08808847,0.03340463,0.03228086,0.001550647,-0.20231777
SIX2,-0.049177807,0.06608847,0.05890308,0.09246544,-0.05863095,0.07607258,-0.006435192
BOC,-0.10276017,0.082899205,0.23381045,0.003007169,0.004361259,0.04763062,-0.10690815
LTBP3,-0.0076931342,-0.05114836,0.29096234,-0.09594751,-0.05032385,-0.018187786,0.02728675
FAM89A,-0.035328504,-0.010849613,0.14523777,-0.0048125274,0.02619268,0.1217489,0.113855384
RAPGEF4,0.019713683,-0.134355,0.24435072,-0.002113688,0.14552923,-0.13537322,0.10134477
ASPM,-0.041168313,-0.004585041,0.012264398,0.36391708,-0.0052924077,-0.12570937,-0.00084651384
CLMN,-0.02269372,-0.06113346,0.21167655,0.07549139,0.00971112,0.029932793,-0.049309805
SATB2,-0.07640466,-0.24423641,0.23763877,0.08375112,0.07196663,0.06905382,0.0030128495
LOXL4,-0.098633125,-0.090303704,0.13338397,0.00937629,0.0065646833,0.19819376,0.0033087526
NTRK2,0.007056296,0.1878611,0.09071581,-0.0040747197,0.0069067534,0.16040933,0.00025105424
PANX2,-0.042015374,-0.013067715,0.06941844,0.13061115,-0.04012864,-0.018553926,-0.039920103
CPT1C,0.05778029,0.066396475,0.018147008,0.063576,0.18851922,0.02158357,0.26452053
MEPE,0.007783937,-0.11698892,0.0816064,-0.031107528,0.05139227,0.31710976,0.10676607
LY96,0.2375251,0.028850898,-0.011807567,-0.06928843,-0.08372234,-0.039692502,-0.008364862
GREM1,0.073742524,0.11378744,0.016817497,0.000736283,-0.17526522,-0.0014754346,0.07261805
OSM,0.17914253,0.017224481,-0.18558392,0.10002327,0.0062707295,-0.0010572412,-0.008254526
ALDH1L2,-0.02901988,0.15591553,-0.047075324,0.04879547,0.0032724354,0.116484016,0.075191535
ZFHX4,-0.06445828,0.013776231,0.26725852,0.08500124,-0.048705485,0.057250183,-0.06058384
MYO6,-0.019433657,-0.21189354,0.20413134,0.011631951,0.016505249,-0.09528198,-0.008856176
IRX3,-0.014646344,-0.12527429,0.17802303,0.038071964,-0.18536466,-0.09566165,-0.006658514
IRF1,0.21928447,-0.08245915,0.04734611,0.01387894,0.029765388,-0.2180949,-0.1710158
OLFML2B,0.08936925,0.046833023,0.16635405,-0.009340161,-0.17765798,-0.022827957,0.13680689
MEGF10,0.10062176,-0.08275891,0.22908013,0.009860504,-0.2136025,-0.009125628,0.03627573
FAM81A,-0.04432888,-0.00828878,0.04006423,0.1883251,0.018444382,-0.0725447,0.008358939
BMP3,-0.014874797,-0.121495485,0.24264693,-0.027237795,-0.024516206,0.14334705,-0.060551066
LIMS2,0.10387813,0.15962651,0.08881123,-0.13807999,0.15254506,0.04700617,-0.0086541055
IGFBP2,0.045991927,-0.0028522597,0.12776591,-0.043641932,-0.0064831194,0.13055798,-0.10991524
SLC2A6,0.061915625,-0.06523661,-0.0056292512,0.06967478,-0.0075122626,-0.059569333,-0.110641725
GCA,0.14350922,-0.18658611,0.10793279,0.01351373,-0.011305779,-0.07451179,-0.09457412
C1QTNF6,-0.00012086453,0.0073892684,0.14441556,0.0065304423,-0.107948564,0.21143489,0.09811561
TNS3,0.15698503,-0.102328524,0.2105256,-0.0029440476,-0.11589775,0.041337702,0.0284408
PAPLN,0.047950655,0.1531045,0.13049169,-0.028523853,0.08098028,-0.059413794,0.07317293
ABCC4,0.04670588,0.115149826,0.07898308,0.020389812,-0.06705464,-0.039169017,0.03158668
FHL2,0.061131876,0.11628694,-0.111003466,0.051781412,-0.22867136,-0.011677943,0.02953004
OLFML3,-0.0022125475,-0.027373567,0.14772646,0.15696217,-0.111406475,0.055878855,0.04861053
KLF4,-0.08069511,0.021008998,0.1611601,-0.0032146054,0.017309662,-0.032024536,-0.05574863
SEMA3G,0.110491306,0.10728812,0.12928301,-0.05301794,0.26749504,0.115252204,0.13746275
LAMB2,-0.0313435,-0.0212767,0.2694303,-0.041970123,-0.023522148,-0.1339179,0.009480336
VAV1,0.3203288,-0.04337722,-0.018499188,-0.00027393375,-0.015278692,0.05778024,-0.1335181
OCIAD2,0.08777245,-0.06153838,0.033557225,-0.0007137666,-0.13638736,-0.20988789,-0.0067372946
FBXO32,0.008861878,-0.018307423,0.16498631,-0.01608477,0.024633074,-0.07189749,0.03705065
GJB2,0.094665945,0.03191091,-0.002681255,0.06385637,-0.24162401,0.048011027,0.052909702
HNMT,0.19111457,-0.009250312,0.0627487,-0.033823814,-0.031382747,-0.118829116,-0.0057872664
PLXNA3,-0.064318985,-0.025271637,0.19250229,0.06633385,0.017838899,0.2075431,-0.06865869
TLR1,0.2771832,0.031072713,0.021712184,0.0136128925,0.03951166,-0.005112378,-0.2089657
PAWR,0.0065368973,0.13452607,0.058471505,0.0414629,-0.12641977,-0.18703192,-0.024162399
TLR4,0.2744462,0.06105478,-0.032942005,-0.02472536,0.07342544,-0.035625923,-0.13696572
FGFR3,-0.15257512,-0.0033535857,0.1458898,0.036105014,0.102742486,0.3070342,-0.07640996
RGS10,0.17347829,-0.21155134,-0.0054524043,-0.07340661,-0.15530257,0.33402342,0.12479719
PPFIA3,-0.0027853847,-0.07140632,0.0874756,0.004079428,-0.13532989,0.07500744,0.022566883
PDGFRA,-0.0040961746,0.026252344,0.20427746,0.05445582,-0.08225196,-0.015953608,0.08250477
OLFML2A,0.09635238,-0.006523451,0.28255334,0.05654304,0.1865577,-0.086120285,0.17117289
ARHGAP15,0.22391959,-0.0015696234,-0.021707814,-0.012173574,0.13010935,0.05297373,-0.1830617
CRISPLD2,-0.008660646,0.27550474,-0.041443516,0.0096199615,-0.035216164,0.20150007,0.08362721
EGLN3,-0.01624542,0.026805118,-0.097932935,0.14842886,-0.05088921,-0.020880522,-0.033472344
EMILIN2,0.14006391,0.1472723,-0.12537389,0.06563277,-0.02312184,0.069157064,0.06523304
SHANK3,0.09646501,0.086100616,0.197101,-0.0042264224,0.33480608,-0.005682626,0.26038495
PDZRN4,-0.023898594,0.1576209,0.0006287189,0.0851742,-0.076804556,0.31541646,0.0067300936
RASSF2,0.22433786,-0.03818919,0.1482258,-0.00012528515,0.05300624,-0.036397107,0.017567774
FZD9,-0.07151079,0.12465926,0.009548787,0.047633793,0.008554481,0.27005148,-0.042002376
FRMD3,0.044622228,0.07547762,0.05615215,0.0027929288,0.25687656,0.11901779,0.066508755
EPHX1,0.007792039,-0.072891384,0.16405371,0.06922064,0.0027781434,-0.024069078,-0.12548998
PCOLCE2,-0.045984857,-0.069768295,0.02068507,0.100240886,0.14976142,0.07332022,-0.018902551
SLC4A2,0.12381493,-0.1950939,0.101550296,0.07219932,-0.2477221,0.12233036,0.27321878
CLEC7A,0.25406414,-0.05199532,-0.0044698073,0.011603081,-0.07070354,0.08816707,-0.061797492
USP46,-0.038450696,0.046354767,0.10193917,0.2044077,-0.045784693,0.18743251,-0.014715328
KLHL8,0.14415449,-0.16532527,0.10491717,0.06088368,-0.17043099,0.085039586,0.25356182
EPHA4,-0.016160851,0.17194745,0.103203446,0.09539551,0.014119668,0.262976,-0.009759795
RRAD,0.0012771807,0.06302921,-0.0740494,-0.014117687,0.058772974,0.22150455,0.004664381
RTN1,0.06525517,-0.05761547,0.0030866938,0.117657326,0.09102741,0.23068957,-0.07455814
CDCA2,-0.017158398,0.017098198,-0.08667775,0.34571272,-0.0074015018,0.010984673,0.008884909
SDSL,0.116096854,-0.07371447,0.05475943,0.0013352325,-0.0702317,0.093517564,-0.05417817
KCNB1,-0.0027830966,-0.0652511,0.28314984,-0.015953748,0.159609,0.06866913,-0.015830087
GULP1,-0.012241297,0.0018490744,0.22600514,-1.3914227e-05,-0.0051863566,-0.07469068,-0.0077305133
HOXC13,-0.061658494,-0.038954876,0.15377478,0.0493942,0.007012613,0.024374807,-0.13381496
DPYD,0.22129756,0.07620121,-0.026037166,0.081896536,-0.110696085,-0.108324975,-0.027836105
PLSCR1,0.17470403,-0.07806593,0.0205851,0.094822034,-0.013801211,-0.17819004,-0.09740968
PLK1,-0.002999077,-0.03528067,-0.08885254,0.34528106,0.0063541546,0.07095347,0.009463841
CCND1,0.061716437,-0.026809286,0.12153948,0.019237103,-0.07170743,0.018892402,0.048414707
FZD4,0.079167336,0.106689945,0.19269392,-0.009140918,0.26748776,-0.1236043,0.17813836
SLAMF7,0.24613926,-0.15155768,-0.03122821,-0.00013747247,-0.020213667,0.044295505,0.010298209
CSF3R,0.22540523,0.0074901413,-0.08297714,0.035225485,0.060681835,0.02424577,-0.11764247
RYR1,0.038284566,0.050263256,0.04891152,-0.02080402,0.115065865,0.10192801,-0.03114402
TTK,-0.004798659,-0.028454786,-0.065389186,0.35380512,-0.011392699,-0.09683484,0.0060199443
PRDM1,0.23769724,-0.11298889,0.045726668,0.0394423,-0.07718604,0.047022663,0.18640114
PSMB10,0.19806245,-0.035739712,-0.09018743,-0.015395197,0.12153662,0.009230154,-0.16813071
PDGFC,0.04351988,-0.09989135,0.19859615,-0.00040240437,-0.075361244,-0.15001956,0.07042706
ZBTB16,-0.09008078,0.048872724,0.14130966,-0.12265099,0.1055464,0.09137243,-0.14467439
ME3,0.1219798,0.04908736,-0.05547962,-0.01419372,0.008008749,-0.09308375,0.04110068
BLVRB,0.11484621,-0.046256088,-0.10377225,0.016906826,-0.015735982,-0.10673429,-0.10058252
CAPN6,-0.023086675,0.2018586,0.057457298,0.0014274738,0.035862025,0.28083828,-0.00095722126
SERPINF1,0.017057687,0.08295746,0.047143545,-0.074203305,-0.060303293,0.3960145,0.13437441
SESN3,0.054131106,0.10427297,0.18770893,0.053014617,-0.006769567,-0.11561813,-0.028915338
KCNJ15,0.11399613,0.08161067,-0.026566967,0.011056425,-0.0024492752,0.020501416,0.11204515
AASS,-0.027755847,-0.022523511,0.25781706,0.016362878,-0.0033683558,-0.06517117,0.0011231373
CDCA3,-0.05202557,-0.04227086,-0.10780039,0.29471812,0.033549014,0.111258015,-0.0030740574
CSF1R,0.2643609,-0.16448405,0.05664905,-0.0038215194,-0.17141572,0.14961265,0.095884115
LEPR,0.07701959,-0.07931739,0.22179423,-0.003107372,-0.1211123,-0.02109721,0.010434458
PRRX2,-0.13249297,0.015626743,0.14290349,-0.0049018455,-0.011501912,0.19891673,-0.07216986
PRR11,0.007503076,-0.012995676,-0.110902175,0.2980286,0.0011221013,-0.0070444224,0.010899693
PGM5,0.08041393,0.16824895,0.13103668,0.003039611,0.12223132,0.012095394,-0.04942765
SEMA7A,0.1506849,-0.15326679,0.0090742195,0.035256866,-0.14575775,-0.0598235,0.19977595
RUNX1,0.122898206,0.15451615,0.060864072,-0.0010235093,-0.122562185,-0.18755239,0.108927734
SLC16A2,0.034929216,0.17997853,0.16127197,0.009601902,-0.08890081,-0.03859712,0.015095463
ARL4C,0.12663963,0.13700119,-0.097554326,0.060310896,-0.15339711,-0.04950454,-0.0053264936
PKNOX2,0.0015555256,0.014528808,0.117284246,0.05675468,0.029515268,0.13505964,0.13755247
NEK2,-0.008870598,-0.10342518,-0.05038368,0.3454195,0.030069932,-0.10018059,0.0027884298
GADD45GIP1,-0.0654335,0.014050927,-0.13890032,0.053157937,0.010215752,0.08949461,-0.013963125
NPL,0.25842014,0.005796842,0.028315617,-0.04200633,0.009631325,-0.049465515,-0.11014096
SP6,-0.0058212494,-0.25055715,0.14208126,0.049364433,-0.028992737,0.028169187,0.09492914
NKG7,0.21131058,-0.020472238,-0.035643905,0.0020965114,0.115111694,-0.00062361825,-0.2528993
CAPG,0.14873362,-0.10021022,-0.026457688,0.0002905382,-0.29300034,-0.08754673,0.11116308
ITGB4,0.12664312,0.122838,0.11389039,-0.048637144,0.20314743,0.041237727,0.19246513
ENPP5,0.16778037,-0.12473101,0.13293041,-0.05273763,-0.042531032,-0.14114739,-0.0023191648
ACOT11,0.07832757,-0.091322035,0.084946595,0.01282186,-0.09404665,0.10601502,0.23552963
FBLIM1,0.12180474,0.0073142727,0.16300681,0.011025828,0.011970971,-0.033356916,0.16872986
AXL,0.09409199,0.15133993,0.1348541,-0.0073450515,-0.07696652,-0.049809627,-0.043344155
HSD17B6,-0.004238943,-0.00936555,0.14928867,0.1307248,-0.16166715,-0.15981022,-0.07771509
CAMK1D,0.09776713,0.21063152,0.041749123,-0.0038727352,-0.00014833064,0.015850544,-0.007890965
MEF2C,-0.03197512,-0.18594089,0.23299685,0.05700259,0.1395026,0.04000803,-0.04976419
SMAD7,-0.009755623,-0.17281948,0.24401158,0.032307867,0.006049766,-0.0609461,0.0024072276
SORL1,0.24439606,0.07755923,-0.009711065,0.045214914,0.0859828,-0.004408372,-0.19013712
TCFL5,-0.015105217,0.09355209,-0.08226499,0.1089485,0.04170779,0.2677077,0.007317471
LMO7,-0.046059806,0.048879687,0.13622825,-0.0011011247,-0.04686557,0.010618977,-0.017874548
DUSP26,-0.056667842,-0.035355702,0.16673177,-0.027465886,0.09731452,-0.015009514,-0.13035724
IL18R1,0.07432352,0.09030561,0.033224486,0.02287629,-0.00022695672,0.018845642,0.008310889
GSC,-0.09226665,0.08970358,-0.023621349,0.042383514,0.040849127,0.34689462,0.0005186937
DDIT3,-0.010807145,-0.03420084,-0.031272616,0.036568552,0.004509263,-0.036222994,-0.010661857
SCML2,-0.08943345,0.0022167023,0.048440285,0.18735524,0.0750699,0.16398355,-0.08684558
GFRA2,-0.04343864,0.062042437,0.15277603,0.07591967,0.11185066,0.25994152,-0.05391379
RAI2,-0.01620425,-0.06194957,0.26638225,-0.11279182,0.14407508,0.011064335,-0.0017886027
KREMEN1,-0.007545478,0.14233506,0.04725073,0.048504584,-0.12769131,0.118576705,0.05719975
BARX1,-0.10210434,0.09064989,0.000465212,0.051924035,0.014104596,0.2004499,-0.10460585
HNF4G,-0.031929195,-0.08821182,0.193629,0.06067469,-0.0065901596,-0.04826728,-0.105911575
DAB2,0.20412108,0.1902674,0.003572494,0.0013304751,0.0047936337,0.047866877,-0.013312294
SLCO3A1,0.13873538,0.011563696,0.16919136,-0.026874049,-0.0067217345,-0.17413716,0.15971912
BICD1,0.005067281,-0.08058383,0.1982369,0.08422083,-0.0014155286,-0.069873564,0.030298214
RAB30,0.033677276,0.1566141,0.20119372,-0.010145631,-0.117591634,-0.22851197,-0.010676571
LRCH2,0.00058236514,0.1446283,-0.00026010594,0.06638529,0.088265486,0.20820196,-0.004086817
TPBG,0.0025189647,0.09878065,0.018233798,0.12072317,-0.12202091,0.08430362,0.103484735
RHBDL3,0.014496624,0.08560249,-0.045485206,0.08649356,0.016555158,0.11732544,0.13313489
THBD,0.1127549,0.118829116,0.13448639,-0.0063369256,0.18530303,-0.050335687,0.11432192
ITK,0.14497493,-0.14540254,0.057101432,0.031665955,0.19009268,0.0230072,-0.140933
MID1,-0.06997451,0.060030974,0.17354402,0.07821411,-0.119165584,-0.06399537,-0.0215266
INPP4B,0.116626985,0.14914672,0.02678877,0.011832457,0.038152054,-0.061832577,0.08741654
LGI4,0.0012537931,0.07406532,0.09137072,-0.18794331,0.01900524,0.13575742,0.007187109
RAB3IL1,0.14308648,0.22154044,-0.091408364,0.0039579733,-0.00698045,0.10746172,-0.007006619
DLL4,0.048754927,-0.028615847,0.08002197,0.014581097,0.33800933,-0.014829889,0.3148799
CDH5,0.14310662,0.020578505,0.14384598,0.03197268,0.3473191,-0.07218683,0.33165208
CA9,-0.052244335,0.22233105,-0.13028304,0.063753046,-0.12775356,0.033338062,-0.050970726
COL1A2,-0.07352596,0.077704184,0.1604974,-0.02317569,-0.101410545,0.21933419,0.09316021
CSAD,0.07787353,-0.12619054,0.078399025,0.07394798,-0.019186191,0.138955,0.14733577
MATK,0.14689913,-0.21907607,0.029484453,-0.032522555,-0.21505006,0.22858956,0.25506017
PLA2G7,0.1755627,-0.016928699,-0.13958593,0.06911447,0.026136298,0.00854452,-0.080410436
ABLIM1,0.04055993,-0.04283404,0.13686725,0.05027196,0.24871029,-0.121415704,0.041261196
MPP2,-0.021231964,0.04262317,0.097370595,0.17603035,-0.014058435,0.10510307,-0.114060834
BANK1,0.06715966,0.11659908,0.031675022,-0.056435615,-0.052298196,-0.16505896,0.018408228
CYP4V2,0.22773263,-0.013864469,0.092958994,-0.07290822,-0.08070245,-0.117879935,-0.12902795
ESAM,0.10610459,0.0018940383,0.06855828,-0.034896918,0.40114343,0.0051773763,0.33158496
CX3CR1,0.1677455,0.067182295,0.19262649,-0.030168226,0.009425345,0.017177837,-0.15942895
KCNJ8,0.051719867,0.15893707,0.048035868,-0.002258027,0.26032898,0.097903684,0.15441036
CTSW,0.17683442,0.0007740207,-0.023745248,0.005625829,0.117541075,0.04882705,-0.21546799
TGFBR3,0.09335191,0.19493116,0.14880577,-0.008663128,0.08868516,-0.08315789,-0.0026590505
GNAI1,-0.073121965,-0.11328151,0.24402323,0.0118767,0.02876595,0.042426724,0.0010923378
DOK3,0.2556182,-0.170716,-0.016127558,-0.023730889,-0.12209198,0.15410067,0.06540091
PLCB2,0.23453777,-0.1849509,0.028502528,0.012937638,-0.09405241,0.21578091,0.019882724
CLSTN3,0.10018021,-0.010165989,0.17407756,0.062787786,-0.11234383,0.0526654,0.00936525
E2F7,-0.005187025,0.11114926,-0.047702592,0.3496656,-0.046947412,0.019415727,0.012829323
TP53I11,-0.054959785,-0.16579586,0.22538401,-0.0033131822,0.18381442,0.24484721,-0.06380281
CREB3L1,-0.07625838,-0.048630625,0.07817205,0.054275393,-0.001095122,0.18581864,0.059884846
COL16A1,-0.04400747,0.13925554,0.14545256,0.0007393434,-0.23236161,0.15334204,0.12970059
IRX1,-0.06703087,-0.0266292,0.0657292,0.13427721,0.08240929,0.19596784,-0.119632326
ITGA3,0.15110935,0.060128234,0.02406272,0.0029257964,0.049713705,-0.17113979,0.1982332
ABCA1,0.21979025,-0.021055087,0.08585247,0.056330737,0.02605744,0.015437568,-0.015038279
FCGRT,0.19331953,-0.04074614,0.010845104,0.003959602,0.07840046,0.36543262,-0.11528549
PARP3,0.118134916,0.06180932,0.07253064,-0.06030518,-0.10242348,-0.040548053,0.124133065
ATF7IP2,0.11899802,-0.10062178,0.11955203,-0.0014464031,0.16933057,-0.018155534,0.029757561
NOX4,0.116135284,0.105564296,0.046753656,-0.001298299,0.1277744,-0.25072977,0.2726164
TLR3,0.16400605,-0.029209707,0.20226824,-0.007822884,-0.025855575,-0.2292676,-0.12996736
ARRB1,0.21685459,-0.108379744,0.09719425,-0.0034710267,0.03665154,0.09087007,0.21946141
TTYH2,0.05126562,0.056492552,0.0029894337,0.061601758,-0.15338734,0.2840285,0.0545612
PGAP1,-0.011957081,0.06584027,0.105839625,0.26190236,0.060530614,-0.050417032,0.01501094
PTPN7,0.26245445,-0.10417683,-0.04077785,-0.00034018216,0.0049110977,0.11040469,0.0030975998
SH3D19,-0.00029005136,0.1688141,0.1626368,-0.059347026,-0.087169565,-0.18076846,0.104045846
HELLS,-0.016142117,-0.028107615,-0.039199885,0.326072,0.016986364,-0.0020895742,0.037417673
PTPRU,0.037456837,0.16346431,0.051052593,-0.011157515,-0.04706053,0.077965565,-0.009939773
TOP2A,-0.013024315,0.010849522,-0.006947087,0.39469567,-0.01488637,-0.053856645,-0.00041909862
TMEM45A,-0.06479866,0.18777621,0.0008371493,0.03249603,-0.1508493,0.08475993,0.032379784
PECAM1,0.15247408,0.063510865,0.074264936,-0.0072088707,0.35910952,-0.060099132,0.2989679
NR4A3,0.060660146,0.19692333,-0.11949832,0.088466406,0.060524125,-0.015950626,0.015058626
GAL3ST4,0.17009965,0.10496106,0.09107336,0.04871767,-0.1050434,0.17385235,-0.10127195
C3,0.16205615,0.14118578,0.12670273,-0.08225556,-0.022093803,0.037973285,-0.1777221
KIF21A,-0.11020934,-0.046106666,0.1543524,0.057627082,0.0001233471,0.0076217367,-0.08717838
ADRA1D,-0.054089814,-0.16180901,0.14635004,0.068941705,0.14109306,0.02072326,0.022492636
HDAC9,0.007708762,-0.08198404,0.16264147,0.11318826,-0.21838291,-0.20783384,0.031850357
COL4A1,0.12943865,0.1357897,0.106339805,0.080474064,0.22217683,-0.1200423,0.33894834
CLDN11,0.00049003365,-0.1685199,0.20819373,0.020760234,0.066325575,0.0060323565,-0.012658083
TIE1,0.11851491,-0.040642377,0.14314651,0.00085765356,0.28900823,-0.0066650067,0.39726448
PPP1R3C,-0.052324418,0.060634594,0.056606345,0.0048630945,0.12563436,0.18834312,0.008892412
MMRN2,0.08563076,-0.01920333,0.102831975,-0.05663588,0.34123468,0.017390175,0.3342224
ATP6V1C1,0.11147821,-0.2145357,0.013273427,0.052483317,-0.23165871,0.03529394,0.27249014
ZFPM2,0.0316341,0.11956174,0.05359125,0.018121703,0.13709536,-0.046145406,0.041723303
GAB2,0.19359577,-0.03732266,0.15319502,-0.061095107,0.029648354,-0.17706104,0.10333788
PTPN4,0.0027229567,-0.13439432,0.27989933,0.01719473,0.051449973,-0.15157159,0.05503127
MYL3,0.0015133775,-0.06830168,0.0712513,-0.0052289423,0.11686063,0.16598299,0.010976274
TSPAN5,0.06825275,0.113559335,-0.01652102,0.11001184,-0.031298723,0.06309339,0.023159953
BUB1B,-0.022705195,-0.005973692,-0.07512428,0.3695546,0.009802149,-0.009507944,-0.0069892844
NDRG1,0.08405656,-0.035692304,0.08527393,0.012708585,-0.23630282,-0.22323185,0.08414304
ZIC2,-0.020105988,-0.05319142,-0.054267768,0.14971331,0.09281431,0.16487171,-0.052628204
CACNB1,-0.029602796,-0.057245836,0.16855322,0.012434918,0.12805176,-0.0094181225,-0.07701732
PRCP,0.12424463,-0.0102281775,0.15898332,-0.00046947732,0.163261,-0.04220417,0.19739492
GNA15,0.27248138,-0.11389702,-0.06279701,-0.0029481743,-0.13981059,0.18769813,0.0011021082
LAMA2,0.039376836,0.25105822,0.024652047,-0.0016252792,-0.011316409,0.015388773,-0.020782659
KCNK5,0.007133666,0.017600004,0.058797214,0.023047004,0.13322799,0.016582139,0.004148553
SNTA1,-0.04462508,-0.099172,0.02690894,0.115846254,-0.009948091,0.10784264,-0.08485553
MFAP5,0.084113054,0.24354103,-0.01963112,-0.039459098,0.10396436,0.08285345,0.035777085
MYO7A,0.23702644,0.073646426,0.065248154,0.0018556438,0.03088679,0.046333414,-0.15284972
MMP19,0.19859919,0.11645994,-0.086140215,-0.011142975,-0.04507243,0.12503906,-0.0019931349
HOXC4,-0.11312722,-0.025926912,0.16279358,0.008762779,0.0210973,-0.017190611,-0.03650377
GIMAP6,0.29813367,-0.022142379,0.005543746,-0.03550683,0.0840042,0.09476768,-0.18126653
ANKRD6,0.05821902,0.004013661,0.10005698,0.06706024,-0.08616823,0.054184966,-0.012134623
PYGM,0.04499669,-0.051698767,0.03210914,-0.047628168,0.2195883,0.09642224,0.025284793
ARHGEF15,0.11137644,0.020678787,0.14588563,-0.05133824,0.37432927,0.025207795,0.28939438
LYZ,0.27731237,0.021002473,-0.027641939,0.00073276163,0.14957765,0.021709323,-0.026767638
NFE2L3,0.06103965,-0.096484646,0.05564504,0.06490091,0.010599497,-0.0805652,-0.1779923
SH2D3C,0.15861192,0.003177126,0.13095236,0.0004298615,0.35702568,-0.023629636,0.21566495
EDNRA,0.013310526,0.16847084,0.049612857,0.04720719,-0.003947431,0.051553838,0.21066172
PLEKHG1,0.12462835,0.07191313,0.16405568,0.0032336852,0.08960434,-0.0035841616,0.14767912
PTK2B,0.276857,-0.09447495,-0.014302948,-0.00055364944,-0.1007927,0.08626114,0.0069511193
CHRNA5,-0.013409432,-0.015079994,-0.055538323,0.14154285,0.05688703,0.15934382,-0.016262125
RXRG,-0.018254276,0.075483486,0.023910766,-0.0021647739,-0.00024028544,0.124494955,0.016920535
MEOX2,0.0015368905,0.011592392,0.17639743,-0.0363885,0.030596862,-0.16130851,0.06022796
ANK3,-0.007063605,-0.06081093,0.27812842,0.016160307,-0.023080168,-0.06999011,-0.044417504
ITGA1,0.13157776,0.06904692,0.15991661,0.00028952444,0.11478919,-0.26825482,0.14544597
PIM2,0.13583213,-0.043973,0.044988133,0.09210457,0.076723,-0.07033635,-0.21572122
POLE,-0.04734707,-0.009748738,-0.023861004,0.34207255,0.024481652,0.018101603,-0.0103155915
RNF180,-0.028785221,-0.017518505,0.084701754,-0.0007738698,0.037826467,0.11798226,-0.0007848293
ADRA1B,-0.005223555,-0.012250914,0.08514437,0.09203395,-0.010727509,0.044593237,-0.020874258
IL16,0.10102211,0.18754883,0.045735847,-0.001963339,0.145471,0.07536102,-0.16708364
DSP,-0.06348132,-0.041528508,0.17415068,0.06540457,-0.120957255,-0.092360154,-0.064667776
DNAJB1,-0.0490973,0.01172455,0.04648486,0.10788622,-0.075486615,-0.1004838,-0.0069719143
EXTL1,-0.057116907,0.05155185,0.09794196,0.008082727,0.043729577,0.24947895,-0.047769405
NRP2,0.032593198,-0.12976149,0.23378205,0.004369184,-0.11706338,-0.11189176,0.013086734
CD14,0.25138626,-0.12732293,-0.0003336466,-0.042901114,-0.14662942,0.14297551,0.09507995
PIK3CG,0.26767424,-0.14050096,0.06924484,0.041833475,-0.11090468,0.025115298,0.13915694
DYSF,0.024369517,-0.015849257,0.14656748,0.09239306,0.18394133,-0.19613698,0.20185165
ZDHHC14,-0.0078070397,-0.12396851,0.19657919,0.012540637,0.0681728,0.075180426,0.015083627
FANCA,-0.056811295,-0.05854334,-0.058154333,0.2731735,0.06617769,0.026848953,0.006625047
ELOVL4,-0.096346565,-0.013887786,0.043194707,0.1546135,-0.026502773,0.17547977,-0.00765765
ZFP36,0.14639753,0.011106119,-0.058116913,8.7553075e-05,0.049495734,-0.12564668,0.040396985
DTX3L,0.1415155,-0.051587604,0.17595053,0.02136795,-0.019972835,-0.24676341,-0.17494914
CLK1,-0.00489934,-0.046147637,0.13444823,0.014167081,0.06663405,-0.03785529,0.02813203
CLCN5,-0.026535243,0.12820213,0.055425588,0.18391211,-0.00801785,-0.0036128415,-0.050797503
CLTCL1,-0.0018681943,0.09819678,-0.006758448,0.17299144,-0.012946406,0.21157874,-0.09326654
CDON,-0.0013330462,0.12984705,0.22648366,0.014560026,-0.010252038,-0.14737508,-0.021136314
RUNX1T1,-0.0019032628,0.19780406,0.0631648,0.098364525,-0.03506973,0.19913276,0.029006727
SPARC,-0.04738699,0.057318494,0.19969063,-0.12870286,-0.05642279,0.0882798,0.07742578
SLC25A27,-0.030435275,-0.1269795,0.19002971,0.05508615,0.06339475,0.014705451,-0.011515972
TPD52L1,-0.0002509355,-0.15790623,0.19206409,-0.012540527,-0.008025034,-0.010915932,-0.030229349
PTPN13,-0.039558243,-0.037540685,0.30347458,0.08225916,-0.10941232,-0.0623585,0.012354105
MMRN1,0.092165716,0.12054157,0.021102106,-0.023333114,0.24161027,-0.05095015,0.19483398
ITGA8,0.06430287,0.1784018,0.17179635,-0.03777981,0.10461751,-0.039988436,0.05045823
CDH11,-0.04946205,0.0025100652,0.31413573,0.11174412,-0.13645871,-0.07412175,-0.0038937854
TK1,-0.009235892,-0.09870382,-0.14537078,0.26044524,-0.00934731,0.020015582,0.004229843
HTATIP2,0.11359376,-0.11199372,0.07127529,-0.003002186,-0.033387795,-0.23207852,-0.05423363
TIMP1,0.108798735,-0.09472471,0.084284365,0.013518558,-0.13574871,-0.014035537,0.06179129
PBX1,-0.0086330185,0.015008115,0.13505447,0.14955194,0.10260272,0.20868638,-0.002931079
CIITA,0.26341695,0.050523087,0.004199003,-0.043995783,0.09453826,0.006090183,-0.24117418
MDGA1,0.0032118433,0.086901456,0.111325346,0.12440021,-0.05314244,0.021324411,0.032914355
ABCC9,0.03549271,0.14615704,0.14076012,0.0064266357,0.22902264,-0.011812271,0.1646219
SORBS1,0.037882484,0.1890914,0.12239463,-0.0055790427,0.15042332,0.061224848,0.020989474
SMAD6,-0.080343604,-0.19265027,0.19910668,-0.00049140275,0.12392232,0.110294476,0.0389876
STAB1,0.2532767,0.07566424,0.039444845,-0.007944979,0.120477304,0.11307643,-0.006389352
BACH2,-2.061661e-05,0.11740225,0.07661663,0.0664215,-0.125765,0.03740411,0.022437865
HR,-0.007528566,0.054151613,0.07147909,-0.015739074,-0.031592652,0.051016156,0.13677344
BIN2,0.31467828,-0.08509734,-0.05408578,0.018433953,-0.012199827,0.04119197,-0.10677874
HSPB7,0.0022743067,0.022992037,-0.015760792,-0.0372739,0.08147734,0.097698264,0.08871046
CELSR2,-0.052063674,-0.024692534,0.087893695,0.11190584,0.026776595,0.044770796,-0.07471136
SCAND1,0.035441753,-0.025061749,-0.069258355,-0.028494768,0.05208796,0.18004791,-0.033033133
PLCL1,0.0021226464,-0.007667001,0.11942305,0.028042868,0.20840928,0.048725873,0.10632565
ICAM1,0.22804275,0.0033880312,-0.05502318,0.077133715,-0.13972636,0.07789732,0.061582312
RALGPS2,0.009591097,-0.002866002,0.018419532,0.09967496,0.013677843,-0.07481811,0.067275055
C1QTNF7,0.06779783,0.06890571,0.15428849,-0.032125197,-0.18547393,0.05664762,0.11737227
HCLS1,0.30370328,-0.044725783,-0.007379025,-0.026586026,0.09015483,-0.018257111,-0.01853223
DENND1C,0.31067917,-0.06717078,-0.0029790413,-0.028226487,-0.0013811055,0.103364505,-0.1408485
FNDC5,0.0074850316,0.16888866,0.026491363,0.05064089,0.004994836,0.12868197,-0.1055949
KIFC1,-0.004828182,-0.06499724,-0.07893886,0.33550903,0.006956397,-0.016935203,-0.0065394877
RASL10B,0.025324889,-0.041355934,-0.014473019,0.10353318,-0.03494936,0.28854647,0.009189275
HMCN1,0.04904249,0.25305393,0.10749327,0.066750735,-0.024716113,0.029100861,0.087284856
CSTB,0.16566534,-0.18586844,-0.06673832,-0.032289613,-0.24897341,0.16308686,0.19734856
TBC1D16,-0.016214939,0.056838796,0.16442893,0.116694905,-0.0068963156,0.22770655,-0.082845524
SATB1,0.07224033,-0.0014182633,0.014429983,0.12556267,0.009088948,0.06736989,0.0017390795
FGD5,0.114403,0.06769937,0.21361542,0.0005726239,0.24615398,-0.11331588,0.17315142
SCUBE2,0.0011421307,0.20145053,0.13426973,-0.095551066,0.0021630288,0.1528534,-0.0125368135
MANEAL,-0.032104358,0.057962824,0.0066296197,0.050931126,0.06249942,0.1510938,-0.10451699
ARHGAP18,0.19120944,-0.1614709,0.08836394,0.06860176,-0.12153385,0.10511477,0.28799817
FADS1,-0.027744303,-0.07654138,-0.09490899,0.2000983,0.015356716,-0.014694315,-0.0070796423
MYO10,-0.045586944,-0.06814113,0.23999551,0.1301516,-0.027687727,-0.042566422,0.07989865
ABCC3,0.25820097,-0.0053753764,0.07342616,-0.0021045813,-0.09046223,0.03309769,-0.1493086
ANGPT2,0.002822001,0.016777191,0.003509655,0.013027615,0.21846613,-0.07861639,0.14214435
SFRP1,0.013889656,0.14129192,0.11896952,-0.0007828811,0.0578163,0.20581447,-0.011001351
DMPK,-0.033705685,0.025310853,0.18227349,-0.035857093,0.05090901,0.13130645,-0.024213526
CRIP1,0.040839348,0.051489126,-0.021422189,-0.09782645,0.056894496,-0.014330074,0.009923266
CD2,0.25945443,0.00036075737,-0.0145604685,0.0013317304,0.1133663,-0.002508577,-0.27697396
SUSD1,0.1223912,-0.16863269,0.14639288,-0.0016380684,0.029797953,-0.07395002,0.0072040097
DTL,-0.04194487,-0.0012275204,-0.016546959,0.34411082,0.031801544,-0.051534165,-0.0035201923
CLEC11A,-0.08593581,-0.11819935,0.15692607,-0.001657869,0.01115978,0.14178458,0.01278867
PER1,-0.05463906,0.07987389,0.067033924,-0.00012270398,0.020795498,0.051740788,-0.057825416
RCN1,-0.023838686,0.18795942,-0.044371404,-0.031662777,0.030074539,0.15733057,0.042371176
NOTUM,-0.076125845,-0.12141445,0.107101314,0.04113176,-0.025177304,0.15518185,-0.06309754
CDCA8,-0.020486863,-0.020681208,-0.078467555,0.3557973,-0.00057193264,0.017890122,-0.036849596
C1QC,0.26897377,-0.00037796673,0.013810714,-0.038026303,0.084043,0.05250892,-0.29950792
DDN,-0.07994338,-0.019271757,0.010950434,0.1339238,-0.049876165,0.12347586,-0.053838357
GPRC5B,0.074476205,0.16695483,0.06950966,0.007333699,0.20597656,0.043517474,0.15655701
PLK4,0.0015858043,0.013320513,-0.06935027,0.36898947,0.0287869,-0.11201382,0.0032862683
MFAP3L,-0.02948977,-0.1540306,0.15043329,0.010139265,0.04611072,0.04094861,0.034558576
SLC6A9,-0.08154395,0.06538412,0.14942308,0.061804496,-0.019896166,0.14201896,-0.049681474
PHEX,0.021883406,-0.16207957,0.18432564,-0.019242052,0.08845298,0.24746387,0.013906399
FZD10,0.0018990386,0.0033406091,0.19242865,0.02142137,0.10444395,0.0638247,0.041975785
CNTFR,-0.06522132,0.16992058,0.06035417,0.068635695,0.09450224,0.22703913,-0.12230451
ETV4,0.057196897,-0.060567185,0.0018718747,0.12858605,-0.024877554,-0.17261256,0.14356911
ID4,-0.083241284,0.07848455,0.10701318,0.0043541184,0.02331745,0.032698117,0.007391125
SLC12A7,0.056722835,-0.16600731,0.18221395,0.0293305,-0.13885856,0.025070379,0.15595858
KIF6,-0.08212644,-0.0782408,0.17605792,0.0042431876,0.09552019,0.06177987,-0.04729407
CDK6,0.012324637,0.15719101,0.0972013,0.079905264,-0.15609272,-0.2838088,0.0036342565
COL23A1,-0.05886448,0.05638059,0.085799746,0.011740029,-0.012623195,0.2299875,-0.038026176
RGMA,0.034470588,0.21935245,0.049201544,-0.0053016054,0.038667478,0.07497466,-0.02263069
GALM,0.12224633,-0.1864484,0.054871324,0.04916382,-0.18373145,0.06004677,0.16940981
HSD11B2,-0.017946213,-0.06378927,0.17351109,0.08139334,0.112217546,0.08745524,0.06790301
NXPH4,-0.08838877,0.036317706,0.043068573,0.1314816,-0.034826323,0.1538636,-0.14225177
COL4A2,0.11380309,0.14157486,0.11341146,0.0476944,0.19524708,-0.109134756,0.30470648
KDR,0.1310696,0.036940146,0.15093327,0.06306841,0.30611277,-0.13211463,0.3150069
SYNGR1,-0.059899263,-0.023845466,0.046594765,0.08361496,-0.023993822,0.20943047,-0.14843993
HMGB2,0.0013440135,0.02159766,-0.11279442,0.27907228,0.06257892,0.036380753,-0.0745898
CD34,0.13265362,0.01851004,0.14112608,0.0049475087,0.36238188,-0.0585391,0.2973391
CCND2,0.077243686,0.13197924,0.07370167,0.003657232,0.08509427,0.2070404,-0.071932666
CRLF1,-0.0059468322,0.094358034,0.088534415,-0.08794532,-0.026796749,-0.021818478,0.0013497208
TIMP3,0.011090692,0.069235876,0.22276896,0.017188689,-0.12644327,-0.15851885,-0.048070274
TSPAN6,0.045738425,-0.07203334,0.089774035,0.008805285,-0.10225427,-0.16968022,0.020672748
EDNRB,0.15766981,0.046857655,0.0911238,-0.003835756,0.22272179,-0.14781876,0.13657284
CBX6,-0.008345661,0.064688735,0.2774466,0.1004409,-0.044185575,-0.053911615,-0.13606738
KIRREL2,0.0077043464,-0.079099014,-0.061497964,0.040399905,-0.0886372,0.2732173,0.14797162
IGF2R,-0.0012720535,-0.03324933,0.14953229,0.19502923,-0.091742314,0.03353686,0.0019461154
IGF2,-0.045965213,0.05155757,0.2831168,-0.04703907,-0.009194408,0.12003692,-0.04436239
SLC4A8,0.0019184718,-0.03470115,0.05310497,0.16249895,0.12739085,0.16158874,0.0050455285
DENND2D,0.26313934,-0.024852699,-0.026226489,0.0014653676,0.08116265,0.11242253,-0.19622694
PHLDB2,0.066481516,0.24637702,0.0559188,0.028779324,-0.07144389,-0.037074916,0.055953767
MME,0.08020493,0.033219628,0.05271051,0.019568136,-0.14098914,-0.05025667,0.033026047
SGCG,-0.070623666,0.0010566309,0.105964996,0.037037015,0.012951086,0.20960324,-0.022021022
RPS6KA2,0.10301084,0.15909427,0.09258632,0.0020594639,0.1446558,-0.07377311,0.20950575
DGKI,0.07692931,-0.021178685,0.12245486,0.070157275,-0.21169457,0.09408852,0.23481305
KIF14,-0.03593212,-0.02872351,0.0033725346,0.3676283,0.0012601983,-0.10681745,0.004602066
CHRD,-0.009442341,0.15364479,0.21535446,-0.05256581,0.0006860591,0.036171712,0.05139686
RAD51AP1,-0.0011388424,0.0171522,-0.10489596,0.3292746,0.06518661,0.07196275,0.01594789
KCNMB1,0.1537102,0.12398857,0.008878821,-0.025159707,0.09586165,-0.054637603,0.06333733
CMKLR1,0.19331864,0.051662177,0.09360647,-0.007391817,-0.0040685534,-0.042382672,-0.025612142
DUSP5,0.15226482,-0.1021261,-0.079600066,0.06858586,0.072814904,-0.1245008,0.13914143
GPR176,-0.06122465,0.016509747,0.14285715,0.03928105,-0.1187992,-0.028337799,0.023304593
MCOLN2,0.1800573,-0.16111152,-0.014561839,0.015145554,-0.097285375,0.042098273,0.0044537517
IRF5,0.28362355,-0.09119814,0.022701362,-0.012482287,0.024926674,0.0005607689,-0.1359007
SERPINB8,0.14341885,-0.16682968,0.022696408,-0.01652288,-0.18513387,0.025362717,0.16570866
HBEGF,0.06609783,-0.114230074,0.0063422523,0.062577225,0.034296136,-0.2077207,0.09394071
KLHL3,0.11587359,0.06529495,0.04967831,0.10202715,0.10801888,-0.01365201,0.05337624
PRELP,-0.028698247,0.17084736,0.14830941,-0.13089825,-0.03675478,0.011935562,0.001967057
GPR153,-0.09363302,0.11204912,0.013595466,0.121846646,0.008590774,0.27643842,-0.050439626
CCNA2,-0.0012742912,0.004741141,-0.11341886,0.36238694,0.021550661,-0.018294485,0.007574463
KIF22,-0.010502517,-0.034018524,-0.069521606,0.3403519,0.009033432,0.017403765,-0.04217319
DLX4,-0.10220586,-0.18609345,0.21120185,0.07084512,0.024334198,-0.002925791,-0.08463521
GPR162,0.0072358395,0.0011289922,0.093465105,0.07963077,0.08084491,0.22664207,-0.029162142
TOX,0.025663733,0.16593173,0.039082512,0.01498238,0.058739197,0.09165973,-0.12813486
CENPA,-0.029273622,-0.09253951,-0.11574919,0.31181434,0.03822809,0.06149175,0.005309478
GJA5,0.09697666,-0.02888742,0.20800512,-0.02541409,0.15003493,-0.119082645,0.13095911
IGSF10,-0.039754834,0.2169876,0.011796657,0.061253283,-0.1390184,0.18304244,-0.054589838
GIMAP2,0.2809029,-0.08582697,-0.013839367,0.0003449468,-0.011596774,0.026566487,-0.06284687
PRKAR1B,0.01765866,0.014261065,0.1044958,-0.028082749,0.015539945,0.2484639,-0.072132625
RGS17,0.0075041438,0.2215882,-0.04915349,0.09678954,-0.002811156,0.09015355,0.039790552
EDA,-0.0058990177,0.085600495,0.11515673,-0.027970152,0.11591727,0.13796708,-0.02647663
PRTFDC1,-0.023481632,0.025843337,0.11138055,0.04053571,0.009782405,-0.14149736,-0.010395654
ACP5,0.117312446,-0.25239566,0.057181895,-0.0032172224,-0.17620961,0.1686284,0.331562
CCNF,0.040674385,-0.15197037,-0.0051372196,0.28276035,-0.12469486,0.17628504,0.13642511
C1QTNF3,-0.008900861,0.31181383,-0.08577483,-0.0035238962,-0.08977881,0.16062205,0.002794348
IQGAP2,0.17329745,0.06900478,0.023560511,0.09149597,0.11670821,-0.009735778,-0.22419019
TXNIP,0.16492338,-0.0318034,0.19253814,-0.03937597,-0.022591244,-0.038151097,-0.048038058
PLD1,0.003929818,-0.0032151267,0.24772514,0.032516956,-0.17646632,-0.11898566,0.044143356
ACSL5,0.26785317,-0.0075428896,0.053135667,-0.03158887,0.104603946,-0.05065094,0.04004499
MFGE8,-0.00073602574,0.07008576,0.15305378,-0.01828247,-0.13863471,-0.16913451,0.0019303395
WNT2B,0.090746574,-0.095122755,0.17083862,-0.0017532906,-0.14144471,-0.122298904,0.10314071
BRSK1,-0.04354327,0.09213488,0.12957358,-0.038458895,-0.054215156,0.08530351,-0.06760265
ENOSF1,-0.07454913,0.08903395,-0.027025428,0.16165353,0.041743964,0.088830635,-0.0061029713
TLR7,0.2784046,0.004555667,0.12233801,-0.0034934862,-0.0028175325,-0.046340242,-0.22975604
CALCR,0.102353595,-0.17559455,0.094757326,-0.032838885,-0.13064392,0.34371474,0.1439698
SLC6A6,0.17246333,-0.007210516,0.109890856,0.008872201,-0.13896011,-0.20025422,0.08424139
CREG1,0.22851987,-0.011268707,-0.059942186,0.037986353,0.036289215,-0.0049581616,-0.17834511
TNNC1,-0.04002166,0.022585344,-0.0021988142,-0.0014189674,0.13889731,0.13848767,-0.022536209
PTPRK,0.064300396,0.078551255,0.19388211,0.022876691,0.10883986,-0.2392262,0.10059062
LRRC1,-0.080186896,-0.09329384,0.10093271,0.12100991,0.010439538,0.15114121,-0.0074404194
SCUBE3,0.008809515,-0.054380972,0.25135565,-0.022892235,-0.027266335,-0.030620864,0.014521559
MFNG,0.27367654,0.034441143,0.03816914,-0.05234728,0.19088523,0.07987139,-0.027481865
GPR4,0.0999639,0.0362108,0.061101817,0.03526357,0.32514018,-0.006648006,0.3313817
DACH1,0.075243704,0.1098674,0.050827768,0.054887034,0.2916338,0.06800154,0.17275892
SAMHD1,0.2576244,-0.050595067,-0.034686856,0.106585994,0.051221125,-0.048975125,-0.12807457
DPYSL3,0.06350088,0.19523303,0.11662413,-4.986565e-05,-0.16512476,-0.10693325,0.045074206
RAB27B,-0.08570819,0.011430969,0.14044046,0.11639383,-0.09743002,0.043810777,-0.08090443
MX2,0.17732966,-0.023869246,0.06393114,0.020451449,0.022852255,-0.15285213,-0.18538192
PTGIS,0.00044569268,-0.0013710947,0.21027394,0.09296655,-0.02283589,0.036706813,-0.02872141
HTRA1,0.0063549387,0.17862874,0.09291206,-0.07155735,-0.23766738,0.033088308,0.06293611
P4HA3,0.038424976,0.22358432,0.018662874,-0.029166952,-0.1694814,0.030062549,0.06892767
SLCO5A1,5.0572853e-05,-0.019777773,0.060780883,0.09185934,0.0950109,-0.03492481,0.08459314
RHOB,0.07603056,0.081353046,-0.0125209205,-0.0016146471,0.059449222,-0.06400396,0.12123933
FOXP1,0.11158297,0.22992149,0.0004146332,-0.011475018,-0.07251274,-0.075338915,0.10780938
DOCK5,0.13683538,-0.15574035,0.08591365,0.05068696,-0.22536471,0.15183955,0.25323206
PTPRJ,0.2585162,-0.13579954,0.057811454,0.0039973105,-0.08711468,-0.007209969,0.03983344
ATP6AP1,0.13255623,-0.22958787,0.057409916,0.038405493,-0.23452985,0.085550964,0.16737966
TINAGL1,0.13011315,0.06450923,-0.015248948,-0.050166804,0.2958896,0.042831242,0.13566507
ATP8B4,0.16821456,-0.04499045,0.1966634,-0.02655527,-0.036250826,-0.24847075,-0.07240897
ATP1B1,0.09468389,-0.08311267,0.02920183,0.08690359,-0.08963508,-0.07416408,0.008958304
CYP2J2,0.01179573,0.16818826,0.094202355,0.0026475652,0.010860326,0.05846719,-0.1474328
CPM,0.21722007,0.078332745,-0.10335812,0.05826853,0.043349534,-0.03284819,-0.05563374
SPSB1,0.11039368,0.19641809,0.018919097,-0.017241223,-0.121548295,-0.069774695,0.040762346
TXLNB,0.1534577,-0.07939446,0.042414036,-0.009361289,0.01228236,-0.0026885895,0.016679794
MMP1,0.08716536,-0.17206895,0.039724406,0.052968524,-0.21971603,0.033219792,0.3057513
CAP2,0.021676961,0.1843787,0.029433217,0.019271186,0.0909267,0.017612852,-0.07740037
PER2,-0.0029714238,0.15705495,0.21276933,-0.005073164,-0.0039212536,0.0156172,0.023524173
MAOB,-0.017462168,-0.062785394,0.17226934,-0.019936047,0.1042453,0.0022974047,-0.008769222
NBL1,0.011236135,0.05854202,0.12763628,-0.09243605,-0.11620225,-0.07576398,-7.751651e-06
FAP,0.039638706,0.19378486,0.072335936,0.0011243304,-0.23950556,-0.063254446,0.097520776
TMEM97,-0.08636495,-0.056429207,0.061204564,0.16455533,0.0042644474,0.1426445,0.00062049285
DPF1,-0.061766557,0.10051021,0.02333691,0.16883086,-0.013720317,0.05266705,-0.15399668
SFMBT2,0.16377907,0.01608099,0.21290618,-0.0011911457,0.16828074,0.014406086,-0.04612948
RASL11A,0.09080262,0.12445071,-0.014346952,-0.013352973,0.017410744,-0.008986799,0.05259282
MYCT1,0.14426549,0.030437082,0.060770854,-0.039651792,0.3286691,-0.054213144,0.29842794
KCNF1,0.0003771206,-0.00048921263,0.023212621,0.064608164,0.17454803,0.15053888,0.108786754
TRAM1L1,-0.038241718,-0.040698536,0.13504303,0.024247913,-0.10617821,-0.07985906,-0.09994739
PLK2,0.085576795,0.080878824,0.051999673,0.08984645,0.22894433,-0.013045231,0.16254152
NRN1,-0.045884416,0.07619346,0.019541143,0.0852556,-0.077976905,0.24125886,-0.00085840275
DNMT3B,-0.061176352,0.005418321,0.025458302,0.26612055,0.06279961,0.09901266,0.0005002417
EFEMP2,0.0033917897,0.1311294,0.097443454,-0.061173692,-0.07731436,0.19317253,0.0056853127
RCSD1,0.22686322,0.0013462007,0.08479893,0.02811893,0.23607765,-0.03866564,-0.027651528
LRP8,-0.019859636,-0.07039573,0.03883966,0.13856961,-0.08890316,-0.2797504,-0.035301838
P4HA2,-0.016749794,-0.0170496,0.023175515,0.10938389,-0.11080298,0.094124794,0.033697564
ANK2,-0.08654609,0.06472408,0.1706539,0.05893313,0.013068628,-0.012937125,-0.0054585044
WFDC1,-0.034066778,0.015475676,0.042039763,-0.0392912,0.13427392,0.30007768,0.0020688693
SCRN2,0.0009296478,-0.02240313,0.10531449,-0.04482076,-0.02983011,-0.091927476,-0.097610004
HMGB3,-0.004325521,0.06533783,-0.05749003,0.22886083,0.07714271,0.18226591,-0.0181191
EMX2,-0.0050463704,0.21541181,-0.090439565,0.005880393,0.009950915,0.1706106,0.013954063
CD6,0.22780494,-0.003889937,0.02615838,0.012419933,0.09598212,0.021737201,-0.20117451
DENND2A,0.034417443,0.12703496,0.086324915,-0.06599204,0.11017965,-0.1192811,0.042417504
RECK,0.007206295,0.21399324,0.23608601,0.037178487,-0.01885956,-0.13023844,-0.018693592
ABCC1,0.002405652,-0.01310556,0.13345125,0.15225977,-0.00085235346,-0.070170134,-0.13449019
BCL3,0.18493564,0.09197671,-0.101820305,0.02486566,-0.03686328,-0.03518628,0.089885846
CD109,0.046966698,0.10789326,0.06497749,0.0008687066,-0.2986614,0.0033309094,0.16160128
SDF2L1,0.085919335,-0.14108424,-0.050649676,0.017475877,0.008696245,0.039281093,-0.037372317
INSR,-0.020610742,0.003201829,0.14998147,0.029729206,0.20205688,0.05119343,0.12954463
MYO5C,-0.005589603,0.072493,0.042109843,0.10018792,0.11665304,0.021848174,-0.063702896
SLC9A5,-0.08832834,-0.00013102722,0.09425881,0.05275196,0.015438301,0.14810209,-0.02042089
ATF5,-0.037113134,0.056493036,0.086209245,0.083659425,0.004516321,0.056441218,-0.103050895
NEO1,-0.08082177,0.00041444934,0.25769952,0.116091885,-0.040618535,0.0852244,-0.110969424
BDKRB2,0.13103582,0.1688552,0.037168056,0.010418838,-0.06741943,-0.06953308,0.18597722
HOXC8,-0.06896734,0.058869228,0.10274231,-0.027760187,-0.09017193,-0.028693,-0.063107654
ATP10A,0.03455426,0.11464566,0.09106011,-0.041268863,-0.11066085,-0.16916814,-0.007352995
TRIM9,-0.00032113178,0.04325431,0.15735713,0.09569545,-0.17116709,-0.2027593,0.03559532
GJC1,0.033911332,0.16045839,0.01262223,0.18792088,0.044828407,0.18641077,0.15412775
SSBP2,0.038562916,0.08634144,0.023469478,0.063475996,0.02522717,0.0026248586,-0.04405794
DEPDC1,-0.057575766,0.0018406142,-0.062498603,0.35398793,-0.0045188456,-0.05696939,0.0017557939
KCNN3,-0.0043153237,0.05406359,0.28426462,-0.004967598,0.10780357,-0.03902666,0.07151406
LAG3,0.14831543,0.012627884,-0.052365404,0.001720263,0.06566138,0.21426333,-0.15245445
SPAG5,-0.0435878,-0.009711724,-0.094598964,0.34120312,-0.013436836,-0.009605062,-0.022631133
KITLG,0.1040798,0.1339047,0.12993902,0.10329975,0.11778008,-0.20137092,0.19217145
PHKA2,-0.012503182,0.012025131,0.2211711,0.08168311,-0.08937786,-0.06353545,-0.097284935
NPTXR,-0.008598524,0.0069539966,0.15272667,0.04458401,-0.10477875,0.12597282,-0.011554745
TLR8,0.28952536,0.014060801,-0.04966864,0.002483622,0.008188041,0.04282184,-0.22531979
E2F1,-0.0684275,-0.05785168,-0.12961076,0.26141077,0.045272138,0.04865566,-0.0032518425
APBB1IP,0.21703367,-0.034290195,-0.009143525,0.0004039256,-0.077470705,-0.1234413,0.011264186
UHRF1,-0.0069393064,0.015557987,-0.021664709,0.34678045,-0.03669389,-0.03502285,0.012729981
VIT,-0.102198645,-0.07671346,0.1731512,-0.07784801,0.080743045,0.17133015,-0.010691868
CYP27B1,0.0018157426,0.13182122,-0.06170522,0.009834921,0.030710226,0.19850925,0.022838335
MMP16,-0.053117923,-0.1094888,0.21845551,0.10166713,-0.015378672,0.08945887,0.054370552
CDC42EP3,-0.006715801,-0.1519681,0.16264965,-0.007729609,-0.00018360076,0.022730628,-0.048119474
EVC,-0.0011161036,0.21245629,0.11167552,0.034223452,-0.14704491,0.057296306,0.005304105
ABCA8,0.110728905,0.20108093,0.12234781,-0.08142892,0.082570836,0.005554833,-0.06504348
TRIP13,-0.03268087,-0.016703315,-0.08778042,0.29594103,-0.00029908263,-0.032360956,0.04091806
MYL1,0.03847816,0.015143132,-0.014549598,-0.0148729235,0.093116134,0.035974372,-0.0034817425
P2RY1,-0.0006751526,-0.14379479,0.1781814,0.09373637,0.04004037,0.08254977,0.045480642
LRRC8C,0.16684106,0.12248151,0.00489389,0.098157,0.10714346,-0.23569626,0.010679801
E2F8,-0.005880172,-0.028306894,-0.0251575,0.34117824,0.0674566,-0.016120162,-0.00039260057
GRIA3,-0.0034998818,0.06463721,0.077013366,0.0038378292,0.080739215,0.2216614,0.0006508596
PDLIM5,0.004532189,0.01589429,0.115382336,-0.029809918,-0.070632376,-0.20755509,0.034837652
NGFR,0.0020730926,0.014097913,0.17632073,0.0014119165,0.2110316,0.2071885,0.045623105
PTPN6,0.31092042,-0.06009499,-0.01392698,-0.024763403,0.0014781414,0.04382372,-0.15454435
SP100,0.1619384,-0.012801162,0.14441225,-0.0064092935,0.0013957099,-0.30140287,-0.17522222
BRCA1,-0.03952154,0.023034437,0.008761784,0.35109416,-0.03735691,-0.17929472,-0.00392454
TAGAP,0.27966988,-0.021742763,0.011830274,-0.0148815485,-0.009002091,-0.031678364,-0.16321972
ST6GAL1,0.1819257,0.11573655,0.043232452,-0.00069213856,0.16064474,-0.0043519023,-0.077713504
YIF1B,0.09721668,-0.055545732,-0.08130047,-0.0538366,-0.07207706,0.053469963,0.002894948
GAP43,0.03249348,0.1364463,-0.037968643,0.012928211,-0.009088886,-0.015508448,-0.024979614
PROCR,0.13042882,0.090614095,-0.022841083,-0.009843988,0.11061828,-0.015988026,0.2927686
PLCE1,-0.026663622,0.16125803,0.1508365,-0.02584067,0.009858738,-0.14981537,0.0032836427
KIF15,-0.019896261,0.040005,-0.052905384,0.38043767,0.005346388,-0.02531354,0.0135820275
DTX1,0.07088693,-0.010255402,0.014127644,0.13364737,0.04748873,0.09604146,0.2108441
PDLIM3,0.083979376,0.17584838,-0.0051113744,-0.041573334,0.049799833,0.027765814,0.06948465
TMEM117,-0.0047877044,0.0008538033,0.08009899,0.023568396,0.036253374,0.104398265,-0.06678422
TMEM26,0.16934067,0.053970132,0.01625514,0.10394563,-0.020709245,0.03587093,0.20196235
HSPH1,0.0074145556,-0.014009676,-0.00610208,0.22384363,0.0014781302,0.0034607626,0.08478771
ST6GALNAC3,0.0006357571,-0.032776717,0.07287574,0.17501463,0.10799401,0.19804566,0.028049916
GAMT,0.030059265,-0.08252859,0.06097342,-0.09114898,-0.005246598,0.09999008,-0.12369995
WNK4,-0.094611086,-0.016580978,0.18289478,0.07263801,0.07728997,0.20228398,-0.059894774
LRRC8E,-0.016198482,-0.021013286,0.08141038,0.06528725,-0.118944086,0.122611396,0.0049420227
ANLN,-0.0015622339,0.034215778,-0.0010317669,0.33252808,-0.12563549,-0.27594405,0.0062591913
PTPRS,-0.114631146,-0.03278983,0.26116014,0.103623606,0.0015233201,0.14406578,-0.09371075
CTNND2,-0.04010191,0.019155545,0.08249703,0.100612454,0.006591274,0.23056218,-0.06839683
GRK5,0.1582605,0.17696491,0.01413349,0.00079756655,0.20840746,-0.07780007,0.13050793
STAC2,-0.01797647,-0.068362795,0.15950976,0.009988178,0.029998567,-0.0028684468,0.05422149
CCR1,0.21761653,-0.20936912,0.030879937,0.010399347,-0.20868663,0.10061356,0.20787422
PARP9,0.18052481,-0.026338398,0.1621365,-1.0915236e-05,-0.013508953,-0.22780499,-0.17454879
CMTM4,-0.07530098,0.09105992,0.22401232,0.08331513,-0.15290298,-0.06585888,-0.0009681667
NEDD9,0.03013464,0.07686749,0.2496216,-0.030389553,-0.04214839,-0.18706001,-0.07880908
FCER1G,0.28769016,-0.0362187,-0.071166165,-0.011934781,-0.032792676,0.07241038,-0.16137303
NR4A1,-0.004984623,0.12807319,-0.05730092,0.06958842,0.11172092,-0.06629868,0.0750179
FOXM1,-0.041217405,-0.01308309,-0.008137581,0.34727752,-0.022121886,-0.0022895625,0.010851002
WNT3,-0.056334086,-0.0036417395,0.18453223,0.050795924,-0.087307565,0.07411437,-0.0649603
CD36,0.061456066,-0.10755397,0.067538604,0.034862474,0.11035647,0.16926922,0.023381593
FRMD6,0.031503245,-0.026133807,0.2553878,0.105224915,-0.15020253,-0.16430053,0.119358405
ADAMTS3,-0.05903084,-0.01158467,0.13277769,0.12077186,-0.08286636,-0.0752776,-0.06853086
TWIST1,-0.079762384,0.07023024,0.03361213,0.13422534,-0.18360694,0.102332905,-0.005251359
TNFSF13,0.24381855,0.05561254,-0.03428837,-0.011044431,0.040959332,0.08771857,-0.2135064
EPB41,0.1535697,0.0516369,0.028783558,0.15085138,0.1053245,-0.034265485,-0.10986815
DCK,-0.00022972595,-0.0074312785,-0.05609265,0.29862747,-0.009925085,-0.14739887,-0.0040359986
NAGLU,0.10818808,-0.14463477,0.09291949,-0.018832024,-0.2307684,0.006779709,0.18454243
JAZF1,0.032970723,0.13074026,0.19141088,-0.0005407343,-0.08303159,-0.25447714,-0.010418426
RAMP1,0.001688168,0.031761825,0.0076032435,-0.09987351,0.20720322,0.19761962,0.012917567
ADCY3,-0.05435474,0.112869665,0.11728062,0.13231975,-0.11999977,0.08710992,0.03155534
CYP39A1,-0.010253898,-0.15826546,0.19188431,0.07387004,0.007827714,0.034409244,-0.0028255454
RUNX2,-0.045798782,-0.14353894,0.23957793,0.13787323,-0.008564362,-0.017674865,0.02922038
ARHGEF6,0.014590782,-0.06655658,0.2599075,0.006103215,-0.014654925,-0.13267246,-0.14910032
POLQ,-0.04538391,0.021005638,-0.04941519,0.31104293,0.06766582,-0.017974963,-0.0072110067
HTRA3,0.03658836,-0.013393268,0.08015149,0.049313385,-0.15044723,0.18535347,0.15470758
SLC9A2,-0.07743912,-0.1123636,0.18992428,0.1073761,0.13288063,0.15967108,-0.098588765
SLC25A10,-0.07338867,-0.15831798,0.013203571,0.13871334,0.010716332,0.21332975,-0.060529955
FOXF1,-0.0062249154,0.07428496,0.035563678,0.10300409,0.045334022,0.18237351,-0.059466742
PRRX1,0.009751622,0.14070536,0.2366156,-0.0050773364,-0.19537205,-0.2266647,0.0226988
HOXB3,-0.003934072,-0.044797484,0.12220445,0.07334123,0.1222461,0.101536915,-0.030538753
ARG2,0.0907651,0.109033436,-0.10555095,0.17092693,-0.006826276,-0.08568983,0.13376535
POLE2,-0.014578588,-0.010341913,-0.1291055,0.29546413,0.040197622,0.05227257,0.03219483
EPHB1,0.08493034,0.032129776,0.12353142,0.05672796,0.2666884,-0.0019339748,0.26918128
STK38L,0.079239555,0.19266275,0.016298935,0.038336337,-0.029181935,-0.17801328,0.070049174
IL7R,0.22311834,-0.044750858,-0.027413312,0.012164585,0.017779255,-0.09101836,-0.17067854
TLE2,-0.044770706,-0.015897406,0.19378372,-0.0084134955,-0.0073421756,0.19609082,-0.08512041
RAPH1,-0.009952969,-0.08358497,0.2694458,0.07219029,-0.06836312,-0.14355437,0.12132777
KERA,0.02258043,0.12868541,0.07780173,-0.031933818,-0.064150915,-0.052335016,-0.07093259
EDN1,0.13807446,0.149931,-0.028321967,-0.03369914,0.11144777,0.0073834136,0.011251858
NAP1L5,-0.0068325005,0.029425336,0.0048402357,0.10874284,-0.0138866035,0.05454504,-0.0137564065
FST,0.019171063,0.043414928,0.22072342,-0.07341261,-0.085023426,-0.15107018,-0.11804511
TBC1D9,0.2302926,-0.14334163,0.08143256,0.025948342,-0.19249097,0.11027473,0.11590165
PDGFRB,0.09683521,0.10411937,0.20587161,0.021672785,-0.029382464,-0.15063845,0.17965384
EGR2,0.108748786,0.0015623225,0.029997038,0.010389195,0.037830204,-0.14827593,-0.07550011
GALNT6,0.16175953,-0.18953912,-0.02398737,0.027373377,-0.13516077,0.12751353,0.19708306
PDE2A,0.1059571,0.038971055,0.16095875,-0.06261684,0.2147635,-0.005418553,0.20876071
YES1,-0.006071063,0.08790746,-0.016635085,0.23394825,0.10404413,0.034783255,0.15071446
SEMA4D,0.16726805,-0.24221182,0.04009683,0.025695676,-0.11449859,0.14870591,0.12739111
PON2,0.022615066,-0.069782026,0.0012771316,0.20228444,0.007757882,0.034906533,0.074139506
UNC13D,0.26447064,-0.12032949,0.0042373915,0.018273138,-0.09829261,0.10189139,-0.0049315304
KIF23,-0.022214388,0.0021564406,-0.094347574,0.3568849,-0.0036826776,-0.0743831,0.0039264928
EBI3,0.25912228,-0.11184872,-0.03105603,-0.00054288347,0.024263706,0.15662687,-0.16342539
RAB42,0.17205465,0.06893929,-0.039296754,0.005757415,-0.0072731986,0.034950558,-0.18618949
PCBD1,0.09396238,-0.20864472,0.027602537,-0.0836952,-0.006433691,0.0058667627,-0.07508909
MAGI2,-0.054999296,-0.011242906,0.12511379,0.022412572,0.005854825,0.0071482537,0.04562311
CBX2,-0.033310283,-0.0015242446,0.121094,0.23346277,0.0761174,0.08356521,-0.07543956
SRGAP3,0.098402224,-0.07161188,0.2594697,0.0024870802,-0.19673367,0.03203613,-0.011200433
NOSTRIN,0.11082744,0.025717609,0.09035334,-0.08010144,0.31964633,0.008695964,0.16540903
LIMK1,0.07339655,-0.09161549,0.11381578,0.1228291,-0.21237762,-0.11194885,-0.008670322
IQGAP3,-0.0031764933,0.0067729475,0.019157538,0.30701718,-0.013967733,-0.11958499,-0.0037103684
TFPI,0.14457056,0.05911658,0.008207564,0.03625094,0.18840407,-0.08971578,0.33256269
GPRC5A,0.050086543,0.16491972,-0.018460708,-0.01465884,-0.060106643,-0.08401764,0.024634067
MEOX1,0.11028638,0.18356898,-0.09255901,-0.00981758,0.18770328,0.07246769,0.096477576
FAM43A,0.025104752,-0.057574254,0.17284212,-0.072539814,0.26691797,0.031252682,0.10798006
LRIG1,0.11627864,0.19958694,-0.028253794,0.04582567,-0.05821407,-0.07906135,0.10509627
MARCKS,0.07269384,0.014714435,0.040840916,0.12710233,0.023021424,0.1497251,0.0041070804
ADAMTS17,-0.02177391,-0.008100114,0.2131996,-0.008633786,0.014169452,0.045500178,0.0096751675
ITPR3,0.0035950982,0.058428273,0.2229802,0.039705824,-0.1411151,-0.2632859,0.031801686
STOX2,0.049754754,0.09274556,0.23747362,-0.009247688,0.15075698,-0.12276216,0.033355415
SLC35F2,-0.028600568,0.09964012,-0.08325586,0.14814697,-0.025645953,-0.0051889527,-0.0012245239
PTP4A3,0.046215653,0.09021478,0.027597522,-0.06267692,0.28250518,0.09565708,0.15885082
CALD1,0.06589631,0.22980076,0.091918275,-0.0037606559,-0.12234706,-0.12938389,0.12293761
CNTN4,-0.0066334414,-0.0031883062,0.13538581,0.04538583,0.027837565,0.09540752,0.001054285
FGD2,0.27493098,0.022019036,0.0016508105,-0.017318342,0.14913867,0.040106,-0.2730082
RASGRP3,0.15564547,0.0006063206,0.09440386,0.037505884,0.34371215,-0.1101392,0.2849028
EVI2A,0.20482573,0.099045776,-0.10680914,-0.058892254,-0.13033782,0.007734346,-0.0010614282
MYOZ1,0.038742833,-0.0021096529,0.08801153,-0.008750309,0.12258059,0.0015100947,-0.01462234
PHKG1,0.013519185,0.0563611,0.109756775,-0.10512959,-0.051813122,-0.018937215,0.00660072
PPIL1,-0.011060012,-0.06244561,-0.0010580381,0.17224622,0.027272906,-0.07014657,-0.018289138
ITGB7,0.1787059,0.02096459,-0.027588246,0.018444873,0.09756717,0.112914406,-0.23760603
IER3,0.105977006,0.037010003,-0.10239627,0.0029532446,-0.050606355,-0.020200796,0.10743997
PTEN,0.0944384,0.035823517,0.13905318,-0.0006354203,0.03516082,-0.18896613,0.09061966
TPM1,0.04745317,-0.00086450274,0.12274797,-0.001974627,-0.12832096,-0.068766125,0.0319666
CNTN1,0.007648613,0.10163377,0.014013422,0.08042483,-0.16736583,0.19866063,-0.0059924196
USP49,-0.052849244,-0.0576675,0.18511848,0.09105163,0.09114559,-0.10064531,-0.022449577
DEPDC1B,0.038188532,-0.06371298,-0.13142668,0.32795486,0.071075946,-0.098140866,-0.011620662
SDC3,-0.037146907,0.10975626,0.1808627,0.004938398,-0.008650152,0.17493501,-0.16603145
MYBL2,-0.013001589,-0.058278695,-0.15370527,0.30242464,0.011590022,0.07562422,-0.010803224
DST,0.010289673,0.05524115,0.22851115,0.023182847,-0.1097974,-0.26876956,0.004192604
BLNK,0.2766946,-0.01106279,0.046399526,-0.0054077352,-0.0046815793,0.054880258,-0.19667597
SHC3,0.09408346,-0.1508677,0.08912496,0.020148972,-0.2580368,0.18123405,0.28930506
KLF9,0.0005951914,0.15009516,0.080260284,-0.09485053,-0.023139577,-0.14797053,0.03447627
CCDC69,0.16430296,0.0037466092,-0.025429204,0.001997696,0.18823546,0.039625533,-0.10495216
TPD52,0.09067386,-0.11323771,-0.0012460969,0.05934057,0.13474531,0.0061497716,-0.15526095
TMEM106A,0.23653243,-0.0615215,0.07259812,0.013506795,0.08025048,0.02647718,-0.19645143
MICAL2,0.06692247,0.12121962,0.05010224,0.044654857,-0.1989055,-0.16513035,0.13041857
SAMD4A,-0.03847585,0.20539384,0.11346311,-0.013547075,0.045627147,-0.10320154,-0.010162241
SERINC5,0.0039506205,0.103317305,0.13991168,0.07715048,-0.086955704,-0.04073257,0.0834151
CDH6,0.0888937,0.12682664,0.04870238,-0.00018782873,0.067128345,0.060083352,0.005828493
NCF4,0.28422478,-0.15164772,0.014313928,-0.014509664,-0.07995233,0.119746186,-0.057401
SLC22A15,0.03992683,-0.038661234,0.05742706,0.16827904,-0.012682886,-0.15792467,-0.15665488
ADAMTS6,0.06361109,-0.031950515,0.18207413,-0.031757526,-0.014914685,-0.13023561,0.023556234
GMFG,0.22029608,-0.10144307,-0.035233784,-0.1142285,0.12445432,0.037862644,-0.014875121
TMEM119,-0.0939496,-0.06428081,0.19486308,0.0039303475,0.00871034,0.1790335,-0.030024776
TNFRSF1B,0.26927045,0.041294336,-0.039809167,0.0024271554,0.06096468,0.086407535,-0.18397723
C1QTNF2,-0.046686698,0.2261929,0.015284471,-0.026710277,-0.12229276,0.08344684,0.00093675154
SSPN,0.0062503116,0.16926442,0.112211674,-0.0027159837,-0.13667038,0.025948718,0.099982984
CA13,0.13428712,0.108106054,0.002907085,-0.039706483,0.07107829,0.05235081,-0.014290173
SPATA6,0.01358578,0.018151503,0.21086235,0.0050056735,-0.007889426,-0.14850946,0.068959035
RNASEL,0.14742532,-0.028423028,0.22445835,0.002017565,-0.070499055,-0.2575325,-0.030557515
MYH11,0.067843735,0.16937003,0.16026926,-0.058706503,0.14377086,0.01987384,0.012204635
LHX2,-0.098699436,0.039275885,0.058244087,0.16856237,-0.025394678,0.10930669,-0.033544805
ENTPD1,0.1884098,0.09699095,0.07065077,-0.04659699,0.266858,-0.026268033,0.18109098
RRM2,0.020124706,-0.0095362775,-0.1250278,0.31481835,-0.044923864,-0.020311736,0.06268492
SLA,0.26259744,-0.03646526,-0.004744704,0.02517692,0.09271087,0.0034211806,-0.22824615
EHD3,0.09661175,-0.11816224,0.20206915,-0.031468607,-0.0056381198,-0.16806808,0.09576759
ARHGEF9,-0.006592084,-0.0014787996,0.21779883,0.017440049,-0.10293429,-0.04671793,-0.0072337138
MAP1A,-0.0091513,0.008275341,0.22306155,0.04018654,-0.12543195,-0.095662855,0.009810886
MMP28,0.09711072,0.14263828,0.03895257,-0.0073003024,0.16284601,0.063122384,0.2350644
PEX6,-0.005821901,-0.10436819,0.088205874,0.12560172,-0.0002448447,0.018054735,0.025047047
NR1H3,0.22797972,-0.19179256,-0.03749161,-0.0025968263,-0.034591265,0.13388605,0.020018928
TNFRSF25,0.03888356,0.043559145,0.11775115,-0.01004762,0.05277303,0.1140949,-0.1311266
WNT10B,-0.09213592,-0.085513145,0.026208239,0.048137546,0.014212734,0.31710893,-0.06749791
CREB5,0.048525505,0.15324244,0.07910908,0.045171272,-0.040749267,-0.11930256,0.06599039
ANTXR1,-0.0057692556,0.165528,0.23677297,0.013198464,-0.15793583,-0.13550267,0.0314796
CSPG5,-0.03679984,0.08606975,-0.10603675,0.089968786,0.12065425,0.13646014,-0.05748384
CD3G,0.1856174,0.00025429807,0.0033865175,0.010123604,0.13274477,0.03748068,-0.24429119
APLP1,-0.0665689,-0.042144004,0.17118888,0.071285546,-0.10675548,0.07409759,-0.04190481
FANCD2,-0.007419152,0.0145189725,-0.0548397,0.35525227,-0.0002639303,0.028554015,0.0067986315
ACACB,0.060858328,-0.005396909,0.1407853,0.09366311,0.018585173,0.10169798,-0.032035224
GALT,0.04365717,0.13299073,-0.019383231,0.005223128,0.00034479974,0.1811982,-0.14158747
ADAMTSL1,0.05379461,0.19322984,0.07634347,0.0027041028,-0.038452808,0.1400338,-0.06888514
EPB41L3,0.057402726,-0.034675658,0.13393646,0.04914518,0.1014135,0.06111405,-0.17156109
MAP3K8,0.1726271,0.066441596,-0.01507916,-0.0075411624,0.017784582,-0.15352295,-0.05792901
SIM2,-0.0679304,0.13319455,0.008089923,0.14170702,-0.024009401,0.17434432,-0.15546128
TAL1,0.033776518,0.03134628,0.08187882,0.005252746,0.1580254,0.19975448,0.10787213
KL,0.025610106,-0.053190567,0.21363951,0.040645503,0.012981049,-0.08581719,0.02798842
LRRC2,0.05852248,-0.10384638,0.108065225,-0.020326765,-0.13765875,0.15280825,0.17112331
B4GALNT4,-0.07282759,0.09761641,0.039627384,0.11505676,0.008512641,0.21173012,-0.149332
ARSJ,0.049304243,0.18755743,0.007991981,0.024738431,-0.22122784,-0.13255636,-0.0002462968
HOXA9,-0.03377244,0.018759465,0.025090506,0.13792062,-0.007337044,0.024056384,-0.03738398
SH3RF2,0.027892351,-0.010128233,0.17868182,-0.013037131,-0.025643138,-0.07229586,-0.0040240157
TBXAS1,0.28316215,-0.036380727,-0.05975661,-0.019707674,-0.054704823,0.1074896,-0.100130275
TMOD4,0.08944577,0.066199616,0.073749095,-0.07677668,0.12921965,0.04094481,-0.017207934
EFHC2,0.0040808157,-5.9601196e-05,0.07829717,0.08137236,0.0006863139,0.004647874,-0.024856033
PARP12,0.21354707,-0.06795183,0.08884935,-0.026547592,-0.040080052,-0.228941,-0.14597662
PNMA2,-0.01418896,0.027314587,0.0114634875,0.13938487,-0.0020096665,0.13224486,-0.009271786
CHST2,0.0824032,0.0027996895,-0.024525395,0.13474987,0.21355088,0.11291456,0.17612383
BAG3,-0.013780169,0.051515687,0.09586701,0.03422828,0.010986618,-0.1503876,0.0098603135
GLT8D2,-0.006724061,0.0665047,0.16673507,0.0007511955,-0.2244057,-0.045255862,-0.0026452446
CDH24,-0.07427931,-0.03978742,0.20902412,0.14334501,-0.03194289,-0.07364881,-0.066222966
GPSM3,0.27743158,-0.11200997,0.008349754,-0.006049723,0.03432086,0.014820727,-0.07347083
PRKCZ,0.008087871,0.08473275,-0.042554125,0.00480039,0.013685236,0.30869192,0.0880503
IFT57,-0.023020111,-0.094267145,0.13704553,0.0742534,-0.07081293,-0.09000778,-0.0728362
MARCO,0.167402,0.045337144,-0.16540468,0.07118416,-0.0077121616,0.0022880794,-0.07902334
USP13,-0.06736848,0.020316934,0.18858784,0.1759208,0.0406462,-0.14541373,0.004135912
SLC44A3,-0.013858457,-0.13006233,0.2052756,0.05165551,-0.07267775,-0.053601485,-0.027053986
HECW2,-0.0029341043,0.016287098,0.250714,-0.014680869,0.04524577,-0.1086475,0.112889454
COTL1,0.2033361,0.01408925,-0.12994619,0.057431526,0.2132074,0.0054397145,-0.02985187
ARVCF,-0.014312675,-0.09693852,0.18735912,-0.033247113,0.02752809,0.09229706,-0.027996061
TMEM86A,0.26509765,-0.11377975,0.029040733,-0.016940894,-0.0716711,0.055535473,-0.059977055
OAF,0.07865312,0.11680639,-0.042020477,0.0010670866,-0.09884339,0.23875786,0.17136155
LRFN3,0.004446872,0.08232314,0.17254686,0.0057266857,-0.14352953,-0.016549649,0.008169868
RET,0.0036211046,0.059798904,0.17768751,-0.07201697,0.1390889,0.019632827,0.098129235
LDB2,0.12282546,0.13151674,0.11193308,-0.0021024535,0.28504324,-0.038353,0.23079945
GPR68,0.15855305,-0.13627262,0.042899366,-0.0008651106,-0.27589506,0.15236779,0.2872344
TMEM88,0.05547287,-0.020328484,0.033775885,-0.0144486455,0.14527163,0.01504773,-0.005237499
FSTL1,0.0051725465,0.12567897,0.22192383,-0.019624226,-0.11200652,-0.03344186,0.045332894
CPNE7,-0.053912584,-0.04044224,-0.0014808801,0.07720241,0.014633335,0.21867271,-0.00021717903
NPAS3,0.00048072616,0.004058614,0.14620276,0.013067405,0.009629976,0.12580709,-0.05624344
DNM1,0.049676172,0.12842964,0.12491314,0.036502033,-0.2681464,0.060582932,0.1958386
TSPAN7,0.03119022,0.16222528,0.12411575,-0.02700535,0.0045315833,0.09063814,-0.11875243
KLF5,0.00035404894,0.1126766,0.028165413,0.11974891,-0.06062461,-0.030434975,0.057173815
ARHGAP9,0.28497365,-0.08804638,-0.055041496,-0.0014985508,0.0025619837,0.18200651,-0.10180859
FAM107A,0.042575408,0.019723153,0.23555626,-0.08825139,0.055036582,-0.101199985,-0.0075104902
IGSF3,-0.021033052,-0.14513384,0.20017982,0.13547693,0.0027112756,0.14515969,-0.0040717036
PLXNB3,-0.05893829,0.100219056,0.09324651,0.014663458,-0.092482775,0.14412038,-0.026760863
CIRBP,0.07258646,0.1000182,0.08254232,-0.05528513,0.027552187,0.018484557,-0.054929446
NPTX2,0.00024237682,-0.03863725,-0.0062263967,0.10686774,0.03605774,0.17555022,0.014035204
PARP14,0.18531507,-0.023941249,0.12973449,0.026866354,0.0077584074,-0.18137272,-0.20318012
DDAH1,-0.0015625944,0.08400544,0.03368681,0.09086102,0.019555777,-0.10867868,-0.017502978
GNAZ,-0.083830394,0.07129538,0.06410756,0.107806884,-0.055800162,-0.0898225,-0.1632888
LMOD1,0.010783462,0.16717288,0.009246619,-0.08443728,0.10865007,0.09512195,0.044698294
HIC1,0.09159561,0.17262457,-0.039586514,0.006724588,0.0794575,0.032957956,0.16634265
CDKN2C,-0.004449081,0.006001607,0.10550689,0.18502496,-0.08235996,-0.037205797,-0.019534634
TRIM22,0.24492179,-0.006431254,0.06313787,-0.0069354144,0.06748194,-0.08221806,-0.26220018
MBNL3,0.059072163,0.0097208135,0.081977524,0.18077603,0.05166895,0.05708539,-0.10257837
PDE3A,0.07972373,0.25342304,-0.02863495,0.004132059,0.004126657,0.0060097054,0.14914563
TFCP2L1,0.062744744,-0.10784452,0.11461626,0.078723595,-0.124744475,0.09666696,0.12693842
NAV3,0.0049807364,0.188707,0.030699896,0.15165633,-0.06492415,0.086052336,0.017858975
BMP1,0.007424397,-0.007825715,0.102744006,0.057786144,-0.10525077,0.17984532,0.15858507
SLC16A6,0.19172503,-0.15753362,-0.041867595,0.08997481,-0.08812037,0.011188699,0.15780462
NRCAM,0.104335755,0.1331055,0.046726685,0.00077717815,0.07242486,0.15027553,0.13708782
NPDC1,0.04576597,0.10771914,0.0324773,-0.16048631,0.18799296,0.15070632,0.048352674
ITGA9,0.11996093,0.07950854,0.16453749,0.09016778,0.13791423,0.013648767,0.114111274
SLC16A14,0.03374018,-0.02539204,0.14773874,0.1363736,0.12803783,0.105215356,-0.06576328
CHRNE,-0.029943502,0.1291693,0.07667724,-0.046779413,0.029059784,0.02695648,0.07221614
MSI1,-0.09408527,-0.040889375,0.15280592,0.09532687,0.071265936,0.08755017,-0.14188355
APOLD1,0.068952106,0.0099048605,0.10777313,0.025676245,0.23657496,-0.124131694,0.308073
CCBE1,0.045704205,-0.120527886,0.11159045,0.0027264412,0.012565899,-0.15014699,0.13811821
SYNPO2,0.030147811,0.1856989,0.044810195,-0.03433877,0.09516205,0.03388928,0.018352719
GPR156,-0.07467894,0.03207963,0.0821811,0.1336424,-0.007120673,-0.0089213345,-0.15917298
TGFB2,-0.039118696,0.085580625,0.07055892,0.020819617,-0.110039964,0.11333588,-0.014704555
MOSPD2,0.14736,-0.055700302,0.19006129,0.002607701,-0.10170717,-0.29605064,-0.06811798
SHE,0.099075004,0.06403308,0.16966103,0.006491773,0.3276715,-0.036080804,0.22001852
JUNB,0.07654032,0.057047848,-0.019138372,-0.058921814,-0.05959157,-0.10551916,0.07447563
MGST2,-0.004766843,-0.118297584,0.020279165,0.011203194,0.10545508,0.21861312,-0.052268013
LGALS3,0.10907918,0.06083966,-0.055232935,-0.0023127536,-0.2629354,-0.013777774,0.13770394
PARP15,0.20611149,-0.07119108,0.11751958,-0.038804416,0.021155328,-0.23204197,-0.10158125
FHOD3,-0.028828343,-0.064296216,0.19902383,0.12197533,-0.02757743,-0.036928415,-0.027221072
DPEP1,-0.031419616,-0.014453037,0.072771564,0.028780771,0.021194382,0.29053673,0.017126787
SLC16A10,0.21210395,0.004817061,-0.08244699,0.12779339,-0.09579237,0.12520401,0.0093038175
SLC26A11,-0.0012499948,0.05406391,0.1117143,0.009511493,0.0009954202,0.18564908,-0.13998333
DKKL1,-0.03996964,-0.016136272,0.15214877,0.046708252,-0.018362977,0.048883084,-0.1302949
ATOH8,-0.11616983,-0.05587184,0.15488075,0.04210468,0.106893264,0.09054767,-0.09495831
CARD9,0.259271,-0.09157028,0.021645416,-0.03336687,-0.086363,0.14650555,-0.0833965
OSBPL3,0.18217571,0.063181095,0.10286354,0.096645296,-0.007039493,-0.10827325,0.06265976
B4GALT6,-0.019107124,-0.108313724,0.10315014,0.08953498,0.040139228,0.05462191,-0.032555126
CHAC1,-0.02912994,0.009128524,-0.008186917,0.025420276,-0.027263146,-0.045449868,-0.045024067
IL17RB,-0.030388854,-0.0077860085,0.16373579,0.0020326034,-0.0063425917,-0.15655686,-0.15749362
SLCO2A1,0.107509874,0.11601278,0.1693836,-0.017950252,0.20391488,-0.0034495948,0.13308321
SALL1,-0.08058958,-0.14660053,0.17581563,0.07421688,-0.04735325,-0.06722145,-0.08130832
ARHGAP20,0.05579925,-0.006741239,0.14698333,0.051250912,0.12325509,0.11585157,-0.032514587
SGCE,-0.015552185,0.0830808,0.015528976,0.07348439,-0.040075712,0.010941651,0.00460294
PYGO1,-0.09016329,0.09046973,0.14628188,0.121472806,-0.087906234,-0.11603559,-0.0012936819
PIK3C2B,0.12470194,0.10145113,0.17978978,0.047355168,0.23944122,-0.10457243,0.08366323
LAMC2,0.1433746,-0.003110054,-0.00979369,0.0029901366,-0.06738758,-0.030705694,0.2746483
FIBCD1,-0.035210367,0.096060015,0.0824092,0.023706809,-0.09578306,0.046550605,-0.022965092
PDK4,0.08737738,0.037321255,0.04827742,-0.007337756,0.15794985,-0.07694357,0.019522922
ALDH1A2,0.113772266,-0.01873758,0.004986482,0.01620422,0.06906892,0.2086416,0.1384297
SLC39A8,0.16632946,-0.0364114,-0.02663402,0.09198647,-0.09680151,-0.14483482,0.096293285
NHS,0.00024093421,0.14043003,0.17645626,0.047935486,-0.06743651,-0.042660292,0.012351819
PEG10,-0.046733066,0.13992697,-0.014891727,0.15185755,0.038288295,0.10023833,-0.015464393
PTPRB,0.13228086,0.10672603,0.15287176,-0.02053861,0.30555275,-0.105677426,0.20726119
SLC6A15,-0.06750378,-0.078577906,-0.0069886595,0.08262519,0.059297815,0.038001727,-0.110293046
TMEM63B,-0.021821529,-0.113903485,0.107280515,0.14365575,0.01227604,-0.14774638,0.06526177
MYL5,-0.04122165,-0.003747981,0.03384949,0.085030176,0.04487252,0.1299459,-0.07454305
CDC6,-0.0019387912,-0.056465503,-0.10121112,0.34109175,0.0008395593,-0.085461736,-0.018405976
LOXL1,0.042225033,0.22038041,0.044082712,-0.0076488853,-0.20455748,-0.069957346,-0.013389968
PIK3CD,0.24671094,0.07970945,-0.051671125,0.05566652,-0.051589973,0.012162253,-0.19211984
SLC4A11,-0.0044301352,-0.0033918712,0.09014767,0.10833645,-0.0119214,-0.084692836,-0.07730394
ADARB1,0.014143851,0.11097857,0.20935775,-0.029725134,0.0016122097,0.11374697,0.04311351
GSN,0.0058319643,0.11397869,0.14133514,-0.09858012,-0.011302818,0.10112646,0.023845935
RCN3,-0.047434103,0.02309913,0.013198209,0.00028504097,-0.071216464,0.23134503,0.10107656
SYT13,-0.031509593,0.02311081,0.011923796,0.12341293,0.051337678,0.26948255,-0.006772173
LMNB1,0.061421737,-0.04592518,-0.051297348,0.3508902,0.047513153,-0.08396937,-0.010597881
TNFSF8,0.25292218,0.04635989,0.04837967,-0.013520667,0.04728388,-0.041163165,-0.25978103
DDR1,-0.00020808144,-0.026673848,0.13622648,0.10762463,-0.01177795,-0.008789248,-0.055153217
CTNNAL1,0.020289652,0.08657944,0.08447189,0.038306125,0.026648866,-0.09564214,0.007211157
GREB1,-0.0075054974,0.014422743,0.08393823,0.08875577,-0.104007564,0.28596133,-0.02624208
WASF3,0.028932407,0.16133517,0.054554448,0.006358644,0.08173057,0.17061736,0.029650517
TNFAIP2,0.14915496,-0.07135074,0.007087103,0.11744113,-0.014367901,0.1195127,0.005709514
EXPH5,0.15829141,-0.0013780582,0.105360836,-0.0047758464,0.0055297674,0.059809074,0.0015037108
TYMS,-0.06027693,-0.05848612,0.0077424813,0.29174262,0.04401206,-0.0353823,0.0034998187
SOSTDC1,0.010413559,0.049680524,0.10321289,-0.004788151,-0.0044923183,0.10880328,-0.05773159
RHOJ,0.09579471,0.14946562,0.053793643,0.0024550285,0.14778116,-0.16227421,0.24201362
MYO1G,0.28561673,-0.04091808,0.01654498,-0.0039239093,-0.0025621566,0.058831736,-0.17484494
DAPK2,-0.011357403,-0.23048936,0.21933928,0.028524566,0.08571829,0.03800659,-0.0422966
KLRG1,0.25334457,0.0050800038,-0.026865656,-0.0005264079,0.03156616,0.012154014,-0.20471719
EHD2,0.022820443,0.267862,0.03542133,-0.002843649,-0.10743444,-0.06613182,0.10670801
MAP1LC3C,0.0653463,0.07743424,0.08046792,-0.10306482,-0.08752596,-0.0027879223,0.08239947
EXT1,0.087571405,-0.11375779,0.12922005,0.006557223,-0.21315414,0.15355688,0.29072815
GPC3,-0.0083999075,0.14301077,0.14743082,0.082054794,-0.0074328594,0.12332712,-0.16149107
FGD4,0.1653343,0.11796571,0.0062021646,0.004574911,0.06767619,-0.08689582,-0.007041545
JUN,0.0007078574,0.20179823,-0.018937068,0.039286602,-0.136354,0.045642205,0.0503555
SCUBE1,-0.04839094,-0.055160854,0.25512084,-0.011274613,-0.01465634,0.07907171,-0.09590301
GEM,0.028099556,0.28019762,-0.05701017,0.03243758,-0.11466346,-0.02977676,0.06445721
POLR1C,-0.010205168,-0.06868768,-0.066638306,0.21782798,0.09170673,-0.017700424,0.0076591233
ARL9,-0.03940159,-0.02951037,0.08909484,0.11615008,-0.025941093,-0.03938207,-0.038517598
HSPB1,-0.0004500635,0.0050334814,0.047629587,0.0796043,0.04847944,0.009678512,-0.04162421
IGF2BP1,0.007925079,-0.0067202244,-0.072154656,0.13336726,0.0027755543,0.25791955,-0.021626338
EDARADD,0.0047925473,0.02467403,-0.09900018,0.07630479,0.086027965,0.25474358,-0.02536159
RAVER2,-0.08609022,0.003023496,0.025909543,0.13184364,-0.002404977,0.047150157,-0.07585028
NR1D1,-0.024888596,0.10658125,0.08949415,0.00030015598,-0.13721113,-0.12989591,-0.024108013
PLCB4,-0.107030876,-0.024892913,0.16349977,0.04700284,0.16390365,0.12507196,0.0054874797
CD44,0.14635406,0.11071995,-0.07468796,0.01816915,-0.1689699,-0.13483985,0.036114853
CHMP4C,-0.042670194,-0.22263092,0.17373438,-0.005930558,0.066704996,-0.097602606,-0.015756693
SARM1,-0.026776182,0.1825097,0.08678834,0.04160163,-0.045258943,0.056865007,-0.06228156
COL21A1,0.060317416,0.06884535,0.15473801,0.023886347,0.18310718,-0.01612115,0.18687727
PER3,0.014872198,0.14471593,0.03570814,0.01297073,0.010157243,0.18213002,-0.06105734
SOD3,0.116492175,0.17446774,-0.025519239,-0.057245217,0.11450749,0.054757323,0.115770034
EFNA3,-0.10026555,0.026492028,0.14020336,0.083775185,-0.008049868,-0.032040864,-0.16869213
CACNA2D2,-0.07313451,0.053137533,0.16275261,0.05655335,0.001815586,0.1173694,-0.049417365
B4GALNT3,-0.07039013,-0.1883217,0.15280469,0.07890778,0.018158782,0.1896936,0.011470858
TNFSF10,0.21825075,0.06358997,0.05388525,-0.046913374,-0.021149168,-0.20805754,-0.11223942
COPZ2,-0.05752264,0.048688713,0.080754586,-0.13836008,-0.088336,0.121144295,0.017581109
PROX1,0.03352624,0.090576895,0.06372768,0.00054000446,0.14896722,-0.052839693,0.04391924
MSX1,-0.016358322,-0.026861554,0.08547824,0.0020424828,0.062863484,0.15569673,0.030289695
ADRA2A,0.0092543075,0.16188225,0.15646386,-0.04351789,0.09572303,-0.16475606,0.0050319154
NFIB,-0.023139149,-0.0014092366,0.2097009,0.077076316,0.13171016,-0.10201668,-0.109938234
DECR1,0.10357148,-0.031513914,0.073589355,0.06971263,-0.0074951556,0.026509354,-0.07077309
SUSD2,-0.0070338375,0.0730211,0.1512489,-0.03568202,0.00042229617,0.08008844,-0.0010370025
MLLT11,0.031044848,0.03276034,-0.07154824,0.10205521,-0.07198395,-0.06261935,-0.0050300607
SLC30A3,-0.044654727,-0.03587904,0.09564213,0.10031105,-0.0015090391,0.05410068,-0.030585412
LMCD1,0.059598707,0.13685638,0.049420424,-0.034756906,-0.037570663,-0.105351985,0.05918055
DOK5,-0.059724998,-0.07039477,0.045593146,0.10410105,0.042193398,0.12872842,-0.1185619
LHX6,0.08257577,0.13884586,0.121786825,-0.05900248,0.15279149,0.012680881,0.05015622
NKD1,-0.08037375,0.09697568,0.099434376,0.08393705,0.023781715,0.18396764,-0.10814583
GDPD5,0.096252345,-0.1827431,0.17965487,-0.0019657535,-0.00049849466,0.061802197,0.13525921
PIPOX,0.08422625,-0.13959962,0.103149675,0.061141614,0.11712787,-0.05588664,0.08006321
RELN,0.059311584,0.10293387,0.059564833,-0.0075980783,0.0696655,0.037321147,0.13788033
SLC17A7,-0.026308,0.013905806,0.07592689,0.065006234,0.0052441307,0.21929474,-0.055843167
BAG2,-0.018732734,0.008323135,-0.02025663,0.06817136,-0.046989795,-0.13810796,0.043938976
KCNC4,0.010911031,0.07634638,0.14315528,-0.08265093,0.014374231,0.07989308,0.0061888853
GSPT2,0.008985421,0.071324416,0.057071332,0.027224692,0.019558249,-0.010355309,-0.058230262
ESPL1,-0.020350972,-0.07568724,-0.0054513905,0.34225583,-0.017223163,-0.08941495,0.005021634
SYT7,0.0772643,0.13353935,0.10732071,-0.019585047,0.15607592,0.017929012,0.18308164
SPTBN2,-0.037387203,0.06118372,-0.014428297,0.12780711,0.06739682,0.24137747,-0.10071193
CD4,0.26108643,-0.08626292,-0.07637535,0.022369793,-0.019477693,0.10395568,0.0119309565
SGCD,-0.104238465,0.11238091,0.23677175,0.055614486,-0.12847582,0.042288415,-0.034287896
HOXB7,-0.025307806,-0.10108675,0.123207286,0.027805533,-0.007938874,-0.12432369,-0.07495098
WIF1,-0.014748961,-0.18209574,0.25999254,-0.018988406,0.04459851,0.027904453,-0.008729638
USHBP1,0.10350434,0.0055973055,0.1116201,-0.06126431,0.36354315,0.03278783,0.2700915
LAMA3,0.03770891,0.025456334,0.24996683,-0.027709322,-0.093451336,-0.16261163,-0.058832612
SOCS2,0.0047343774,-0.07406589,0.19736476,-0.0043572914,0.018099437,-0.0024331259,0.11523066
HGF,0.107255235,0.18304057,-0.046053953,0.028552696,0.024564644,-0.062060352,0.0021882078
SRM,-0.057433248,0.045155417,-0.17151129,0.12178641,0.056013297,0.19096754,-0.0047698403
HOXC10,-0.07048286,-0.030638535,0.13361366,0.06908409,-0.048038483,-0.054153223,-0.08633804
ZNF512,-0.05230064,0.0024417513,0.027443722,0.06810906,0.07810419,0.02032944,-0.057325
TREM1,0.20189948,0.065003976,-0.14855224,0.059550144,-0.008353667,-0.09167525,-0.110053845
MCM3,-0.0028707208,-0.06246486,-0.028722059,0.34247792,0.0007492686,-0.03445881,-0.0050505833
FGL1,0.031217009,0.0072074938,0.13067241,-0.061391346,0.17097628,0.062767915,0.05916421
TMC6,0.18747655,-0.043467972,-0.028509367,0.025141606,0.15990165,0.08138508,-0.13694818
FRRS1,0.13305765,-0.18788141,0.13884728,0.045979198,-0.15870306,0.09938008,0.25977665
DUSP9,-0.087627225,0.054391507,0.020850731,0.11139838,0.07321522,0.2690568,-0.110070005
KLHDC3,-0.04366539,-0.13339397,0.074586615,0.12552765,0.14804204,0.1077974,-0.0146361375
PDE1B,0.10169399,0.12004399,0.01643424,-0.065352276,0.096344456,0.1957315,-0.0053438907
EPB41L4B,-0.014642562,-0.11731429,0.18605672,0.010159576,0.05640411,-0.08148941,-0.0025274733
CBX7,0.15190499,0.031005267,0.1733939,-0.091335334,-0.0008936368,-0.19769354,-0.11298546
C1QL4,-0.07683584,0.05813785,0.078497246,0.09243456,8.222168e-05,0.11507951,-0.10534976
MIF,-0.014614678,0.022798542,-0.16887024,-0.003504122,-0.016918264,0.0552099,0.0060000694
FARP1,-0.0103732785,0.14617547,0.06339951,0.14811271,-0.052578654,0.21107627,0.0381864
FRY,0.058542714,0.026074342,0.13176131,0.0043687886,0.18352973,-0.07034889,0.14713474
EPS8,0.07090638,0.21869157,0.029369261,0.08267757,0.010251695,-0.073929146,0.008880326
ENPP6,-0.045569986,-0.020790728,0.22440451,-0.08693441,-0.0014930348,0.12389158,-0.019248642
PTBP2,-0.039097458,-0.06632827,0.13907279,0.16928518,0.054814138,-0.09218173,-0.0052266656
ZC3HAV1,0.122992076,0.012536466,0.15666528,0.034288764,0.0014846359,-0.29117686,-0.06337214
FKBP11,-0.06442748,0.0026732208,-0.09130386,0.06673857,0.03717422,0.33661693,0.004393525
KALRN,-0.0014947557,-0.06087691,0.23155385,0.07317912,0.043601077,-0.043068845,0.07277971
PDE4D,0.023978155,0.08876624,0.085448526,0.015918862,0.0013574061,-0.05186656,-0.03026366
RGS16,0.0740565,0.16619961,-0.06910522,-0.049330857,0.008514147,-0.047239237,0.09844576
PRRG1,0.005768038,0.21169019,-0.006716744,0.13026705,0.043247428,0.024033656,0.0149974795
DUOX1,-0.08374448,0.04563909,0.14798182,0.05779777,-0.07534963,0.06362817,-0.11713793
WNT4,0.0010143035,-0.06966679,0.15060306,-0.030317694,0.06486106,0.2131315,0.04180771
KIF4A,-0.013118769,-0.031530146,-0.06833699,0.35988244,-0.016920997,-0.0885095,0.0025218811
DISC1,0.12964731,-0.015996626,0.14501685,0.058190584,0.14186913,-0.022668643,-0.00875738
HOXA4,-0.100073345,-0.051116105,0.07039974,0.13095026,-0.018563168,-0.07417559,-0.034889072
PSMB9,0.19013609,-0.09482082,-0.007350732,-0.0020702255,0.053603936,-0.16774587,-0.15871948
PAX3,-0.032445047,0.041993167,0.124642536,0.06988652,-0.05564922,0.09574752,-0.012211084
GLT1D1,0.05409651,-0.0055893655,0.0070910337,-0.028229916,0.021921068,0.04461396,-0.021613026
CKM,0.04298295,0.009376608,0.003128006,-0.04227258,0.11133282,0.07997907,0.010887236
GPR160,0.09508916,-0.077624045,0.11310858,0.071098156,0.13635962,-0.14934506,0.045922823
FAM20A,0.10423345,-0.09450101,0.056489848,0.09373319,-0.11674797,0.12389929,0.015110821
MAGEL2,0.0013576848,0.099978566,0.075987585,-0.006469247,0.008780167,0.28232965,-0.017728126
TPP1,0.20096669,-0.09521173,0.06437654,0.01982484,-0.1609501,-0.1351179,0.02457524
CLCN4,-0.05733431,-1.0032064e-05,0.13277856,0.13757494,-0.1241676,-0.11303524,-0.10280178
KCNMB4,0.05441065,0.044741575,0.12688126,-0.037936922,0.02611433,0.035082303,-0.03583132
HMGA1,0.06443998,-0.16989194,-0.05757577,0.10386224,-0.010875131,-0.16575712,-0.07040531
RERG,-0.101004355,-0.036326006,0.18792586,0.036599185,0.06605463,0.14494273,-0.010602293
IDI1,-0.018982038,-0.09582615,0.017755939,0.21346742,-0.010037186,-0.10937006,-0.073196985
CDC42EP1,-0.08572256,-0.09420748,0.17061439,0.07465514,0.017460996,0.05422475,-0.0008054597
ROBO4,0.14919125,0.0048622503,0.09340357,0.001492698,0.334943,-0.07341771,0.27648214
MGAT5B,-0.0019740623,-0.008837364,0.14009835,0.02285752,0.08415788,-0.01792881,0.14831588
RASL11B,-0.010104868,0.13409412,0.13740927,0.05553506,-0.054511625,0.112332165,-0.066218875
TM4SF18,0.12010976,-0.026931236,0.10039096,0.016718615,0.35619205,-0.13639092,0.2810669
C1RL,0.1579094,0.16366045,0.06986933,-0.018086554,-0.17459832,0.014379851,-0.0009878203
ZMAT1,0.15612411,-0.09523431,0.15007402,-0.0013691938,0.00356432,-0.04708461,-0.012841278
GLI2,-0.048890766,-0.05120872,0.20405418,0.11800043,0.07310541,0.170806,-0.003196012
APOA1,0.051520925,0.090986244,0.11155324,-0.09689967,0.093294226,0.10396134,0.009010179
DNASE1L3,0.15152551,-0.036282282,0.13681518,-0.069253646,0.18285684,-0.003216964,0.038899835
CHST3,-0.028390052,-0.017824754,0.1780172,0.025786757,0.008047083,0.075330704,0.0109172985
TFAP2C,-0.0048113097,0.036832776,0.024457514,0.10282626,0.010690657,0.0927197,-0.015656723
CCDC18,-0.013653318,0.004543817,0.002650006,0.22367072,0.05858651,0.06783334,-0.041324183
NFAM1,0.30381766,-0.09351558,0.011488635,0.0036654377,-0.045552168,0.10307376,-0.10870093
LSS,-0.03789232,0.04621232,0.033197682,0.13728544,-0.14154312,-0.023957297,-0.015753198
RNF182,-0.012048991,0.050254546,0.047955792,0.16067821,0.1276824,-0.13073765,0.018891064
TBX15,0.020603916,0.1965974,0.07044869,-0.00642934,-0.08902044,0.003100223,0.070242755
TRPC3,-0.0012302484,-0.13429242,0.09442967,0.045287665,-0.046207983,0.06251922,0.12372646
NR2F1,0.0031152137,0.1546306,-0.008804505,0.13390417,0.06618948,0.11981165,0.15124217
SIPA1L2,0.120657526,0.07301376,0.14830619,0.09931588,0.034126837,-0.00094812433,0.23648864
MDFI,-0.05255998,-0.17565046,0.10399558,0.080315925,0.057195123,0.13857119,-0.0041983626
ANKRD22,0.25013813,-0.11482596,-0.011960572,-0.013383724,-0.06601425,-0.010213968,-0.17081638
BAIAP2L1,0.07028624,0.020826085,0.020579953,0.1016977,-0.2371917,0.1186344,0.032214534
