,PC1,PC2,PC3,PC4,PC5,PC6,PC7,PC8,PC9,PC10,PC11,PC12,PC13,PC14,PC15,PC16
COMP,0.011514558147468004,0.05480083938009861,0.024612859037008186,-0.00395656452016453,-0.005946772106391704,-0.014709273494277758,0.02715937266547341,-0.0019760016360866623,-0.0031254458324151326,0.040544491964530846,-0.015216825034656621,-0.019249583434557863,0.0040429303273043895,-0.019943446883771608,0.010239057457113503,0.029596322447637116
CA12,0.015846627961201714,0.058202410766149966,-0.011182253833905718,0.014221667874582084,0.028059793854234974,0.031267401932660546,0.021383488820708535,-0.01263032440335157,-0.0026669394244109267,0.0366086522956479,-0.02399117739591908,-0.014868140133578681,-0.0001284084355296694,0.004127578637043771,0.033934729815891025,-0.00668617323108104
SLC36A2,-0.03137892065065072,-0.04127529110087287,0.030732213995571054,-0.0022380105287721787,-0.036166108938503055,0.029421558819424664,0.03940709412357833,-0.03777802563898857,-0.05964737492788051,0.006541522260350778,-0.008042346336032588,-0.008688623157875868,0.008609194512203894,-0.008200701558283972,0.047741688238018325,0.009521160754264036
CHAD,-0.001109039966090181,-0.009906313256187169,0.04403324919177701,-0.03755985406523164,-0.023038088617698432,0.008589872409423879,0.037719686616346476,-0.03390766918900286,-0.025795496083937882,-0.0018759194829517942,0.01777038768423065,0.010858306721836672,0.024348849063224647,0.008929001824918334,-0.010613559185711245,-0.002488886301124581
FBN2,-0.007389128325789387,0.015086586926933609,0.023275547957563546,0.042657209007549525,-0.027599956864877623,0.022459112367842263,0.020572811684669286,-0.028652972816173666,0.02517449828555599,-0.02282557551389078,-0.014846344444383514,-0.046229872798239036,-0.022450849641816616,-0.029871629504980155,-0.021667519874677563,-0.017660406170634795
COL11A1,-0.005939306764069053,0.04818513314701568,0.024094446065680425,0.004615137667656906,0.020100167788167693,-0.0073411674141685606,0.03612668658646774,-0.04829861717595186,-0.006879610346769543,-0.023615713236981327,0.012702012391557235,-0.041201137730535554,0.012518529247636098,-0.01684519871421226,-0.004831838020296077,0.055373750690223995
COL22A1,-0.017835642190200285,-0.04508787632161019,0.030666014967079522,-0.00887220134797003,-0.02950862702884466,0.037911199712212254,0.05227679490226173,-0.04160933494733006,-0.01748067019420146,0.004436014979051981,-0.019729200463790012,-0.000643155261419455,-0.02502856287343097,-0.013869061016171485,0.04618793423156844,0.03553993547015918
MMP9,0.014440137976429127,-0.05794297192840902,0.02176414433553862,-0.010016771059825267,0.046847312959057204,0.052264283116492345,0.04387975366793591,0.012503474822782783,0.025409590381854915,0.004865175033132368,-0.015731854544603224,-0.01918847823535207,0.006925164486322455,0.012624117200776972,-0.02662361482980307,-0.0011627327050301
MFAP4,0.018620873852810176,0.06659288327747716,0.019804969641791736,0.01321436054104436,0.002140299353761913,-0.011695874937876893,0.016474665593084668,0.004144275842672586,0.011532171403213023,-0.0046726655689971,-0.023811897974416525,-0.022930764308730797,0.021021117333673206,0.008981357404683312,0.036721822672662524,0.009612749299872372
IGFBP5,-0.00878315925331488,0.022609058593682178,0.03780175199554051,0.027309017623114204,0.013427293075484063,0.006545682219405969,0.026759973595679134,0.017300711674055898,-0.019076825136369217,0.0046111250641584275,0.029581028015180956,-0.019157326674040367,0.004531363026841133,0.012246547904380718,0.010085821332400883,-0.07961762761100716
COL2A1,-0.02823698108201218,0.02313405883167886,0.025452674875777685,0.015187349095348367,-0.017666324141345474,-0.0023101800702151135,0.039918937807283304,-0.018616464597975887,0.027736436936024685,0.017767402438204953,0.0030387519545839285,-0.014668381797028743,0.030190335941755533,-0.03718330419902149,0.011587899579907017,0.0210390121156616
HAPLN1,-0.010813892857018744,0.051743625065744335,0.014261808872753315,0.014163883960847248,0.01401378123487727,-0.018543342425799393,0.04340825810562358,-0.025277656134408813,-0.008589503079385987,-0.0024581061414977907,0.01904752976292299,-0.01118400135226992,0.017649482917120395,-0.017757888002553235,-0.05521011228375476,0.019610766967404984
NGEF,-0.015576028030342404,0.016264417603854584,0.027598581211128306,-0.03110555418467022,-0.006538474287869434,0.0025515136791138173,0.008424888161494995,-0.056989951350005064,-0.02298589393410892,0.07782659930522672,0.012407560341471514,-0.04278700145875356,-0.00035364356338747627,-0.05068369718753323,-0.03176338056439289,0.008927339964480061
NKD2,-0.010533075820212887,-0.011647816043813167,0.04658235859853077,-0.027930653072075196,0.024023021273990742,-0.03782985655553651,0.00474235513586716,0.02191676082969775,0.0008158872652327814,0.01583333959659606,0.05758390276855321,-0.03328675302259258,0.031198247511032805,0.004394140993700524,-0.0006900838818252025,-0.007024720041504598
ANGPTL2,0.0018558017685034332,0.06840751539118417,0.0113714793014893,0.02025153113479009,0.03009243865046141,0.006089109761415692,0.0381654896493462,0.0007464526580431776,-0.039966097979663065,0.0014150029393713093,-0.0010050443650566707,-0.0016012872154711547,0.00795941241819097,-0.00495001882834047,0.01179788573156602,0.014814702634468893
SFRP4,0.03847007147409943,0.018108083068946266,0.02559827576545096,-0.02745659919924667,0.04340720363291821,-0.010956170100040156,0.015951538644942028,0.004632381449058832,0.010028912405535412,0.00823887815322742,0.0053673482069592285,0.025107795863757512,-0.0004050683623987464,0.0497169362232185,-0.005034591046852761,0.002177141780346524
C1QB,0.05238170804474171,-0.0123847891607619,-0.00852980299792528,0.016998929728483207,-0.023668158368320105,-0.05329253064116355,0.018579390725811523,-0.022799458786038437,-0.0388046033209698,-0.012369588255793686,0.008038464987880292,-0.0038781497981741934,-0.01621443582798357,0.00696414701004065,0.013405724474067161,0.004173554280726905
FNDC1,0.007838505934509406,0.042515911618989044,0.03916468115548353,-0.02182205935409118,0.01453933247368566,-0.0052237217100571725,0.03214991915149957,-0.04620873529797063,-0.022164253911112947,-0.01753347280261982,0.011909526478119823,0.007130927164771559,-0.004357775924439863,0.00953837894438224,-0.03770402274575358,0.02315198792165702
CD84,0.031684947097089806,-0.05782819408093279,0.015645308203042968,-0.007535322506290813,0.04648379719251397,0.03552356610293968,0.04900663981133981,0.0034563972742305974,0.03410170932866261,-0.01483578293288863,-0.029353956110073638,0.020184471361076053,0.00214144500433417,0.01138595575993339,-0.02300036971509892,-0.006823200920223125
POSTN,0.006146466254139827,0.056310311180235356,0.013091666223004315,0.00838033395842912,0.028391944033179482,0.016144115013184725,0.03069591292923967,0.0076185176616661715,-0.006951203193910151,-0.04193673354971775,0.028019162406112283,0.0024363821164207797,-0.021024369539506288,0.01837628120455815,-0.00027547292994072655,-0.012442244645089943
C1S,0.0414679896888751,0.029749952767453947,0.026911065962899588,-0.022221967992130633,0.020933914165817625,-0.037832975213141384,-9.6116711185015e-05,0.005346625476170748,-0.015831832575798982,0.025643681999556887,-0.021952631345848742,-0.002225860118582246,-0.011614611796643422,0.004881525544498828,0.014224692652668245,0.009407528125975591
THBS2,0.018153168624469532,0.06464636235413829,0.01423770255879546,0.004848146287787851,0.031796051504439704,0.017587866239553163,0.02792917980298744,-0.024384072967211682,-0.010606767436273251,-0.017157920299422133,-0.029133760931120294,-0.004864282794276819,-0.002976108189453123,-0.01341494660946806,-0.011018308255620427,0.041115164066345154
FBLN2,0.0195845897839648,0.040738481981208885,0.02365630678078957,9.269389004252886e-05,-0.024393302988186295,0.023900096553378065,0.014646633737484661,-0.031882022422450945,-0.03161775450720176,0.03541257434780052,-0.0021242678037305803,-0.014472911803853879,-0.001041500939182551,-0.00048197784138655437,-0.03050752304610757,-0.0013903490969904182
CRYAB,-0.0018124311023876454,-0.01606974146788909,0.02342487488204754,-0.02196541087147853,0.0019435122431024241,0.02380861163262336,-0.0013405098012675316,-0.017555806810409493,0.030882867331173472,0.07953934774213517,-0.007558774301139115,-0.041543357348425486,0.054602803802346056,0.0188274638426707,0.03303571919313099,0.050732215454948125
SEMA3B,-0.01928079403830871,0.01964277281937684,0.02271787895512937,-0.0039621864042468265,-0.027780474510019304,0.03510916680237817,0.050621053557886736,-0.06670467278121851,-0.005641367217590436,0.01993936323655177,0.0013958791696571417,-0.034665880589142356,-0.0040665114184535705,-0.018714826898040927,0.0087375540937555,0.029832417189869863
CXCL14,0.030571490399460277,0.036729882108896196,0.03239148439472758,-0.02773853185467913,0.006612870551742588,-0.011353135887831725,0.016941566979991274,-0.01480012173709023,-0.01826140451549251,0.026521285168094565,0.03835361670665614,-0.0037220259270580505,0.035029429689294504,-0.012216212430393376,-0.006199911428679152,-0.028385863771792127
TGM2,0.04718401891222672,-0.015523239168962477,0.003478115775231255,0.026212800220955068,-0.01676411050905186,0.01966628962813955,0.004013005183452333,0.013063946582531134,-0.011849240103455574,0.02646845590119787,-0.011642965891908351,-0.007637061063606168,-0.021056768890527065,0.006811116131027807,0.04099505105097785,0.00357349383132845
PI15,0.014996675913003575,0.0498820145885644,0.02072775112764501,0.01287197276687672,0.009892480637530959,0.018146349166114496,0.009399272502479522,-0.029930348375649885,0.009146043354631643,0.012946491320981884,0.011630094998555371,-0.014116812072039001,0.05324936255222161,0.004628909187036138,0.004671488468947679,-0.016191425726562465
DLX3,-0.029899874467740582,-0.060147877178532164,0.0411134514058379,-0.008988759269741567,-0.026831964500161336,0.012088343005452768,0.008005159164835154,-0.022375720290839736,-0.024534956551391547,0.02215578619502049,0.013476550016406416,0.007675128608412362,-0.004026039622922602,-0.00763910035992397,0.006602736518308523,0.00021682512726090356
IGF2BP2,-0.015372901909063307,-0.004565037587347041,0.013277951335423241,0.03039982212543482,-0.00463590291795892,-0.0009053621338811742,-0.008574560747581842,-0.01616449794413638,0.035148668108793475,-0.014679222176949214,-0.03391487601795662,-0.03436945631989317,-0.022159876347015186,-0.02631810869530721,0.002421722628037919,0.02549319571651952
APCDD1,-0.030144876010190273,-0.025269974115211688,0.02862057375949827,0.026868683559061433,-0.03273249728013296,0.031128741469892186,0.051194142800243196,-0.01878187727780919,-0.014046181556324542,-0.0018227886562422278,-0.008430336250601498,0.0008353129269046446,-0.03648376836451691,-0.002109999454451288,-0.009535227826504278,-0.025765933694167183
NDN,-0.006298225907977199,0.0006349598345524539,0.012970005616330205,0.005203419983737091,-0.020810571590373066,-0.02038278922157407,0.0006213431299127584,-0.032355552945298585,0.012715536173980519,0.00418582551521398,-0.018028031866774156,-0.0363406864439104,-0.020698334609564436,0.018633109050401282,-0.0223877462188942,-0.0067500066692191
SLC13A5,-0.027794139274716197,0.000468080554083691,0.016442874569145612,0.024642539571136567,-0.037553794181700025,0.02470384266402304,0.06572373832386434,-0.038126014000388876,-0.01858117763846645,-0.01933159773847451,0.0021553271322347993,0.020044270550856287,0.01047768591857234,0.008313421881082398,0.024869720437559906,0.02057036628840578
CD74,0.058852337561194755,-0.007468764597111545,-0.008957029615276753,0.02177917468628755,-0.021092881009819653,-0.04453781380362867,0.008818630959884872,-0.02518639478290818,-0.040223862817077474,-0.0026077684710597115,0.01774588736348389,0.010616822945461587,-0.019530540879674665,-0.01178978470907901,0.009730605645917476,0.010200000014460328
C1R,0.03526213444794257,0.013759836264763741,0.03017263601110528,-0.03308003808057757,0.036784400452911294,-0.042130993743408646,-0.004993622589302958,0.012918712291061209,-0.03298639694431364,0.03236865470470588,-0.0054299488202997764,0.0014894703492417047,-0.017673318632725355,0.014745632898069011,0.014319716474696795,0.01560568991956408
EEF1A2,0.0030119204413910187,-0.014185745046607053,0.018130310448769837,-0.0030827229454247216,-0.0031182649522295074,0.00349896753326988,0.015137224146696042,-0.02324896460659718,0.07171034774085733,0.030098593307660366,0.01770888738137449,-0.03402132526066112,0.10987910175402921,0.019970839537681383,0.042084273714599975,-0.0013371557294079893
SLC8A3,-0.04253880469945235,-0.034650532100844345,0.036284358443896526,0.0016104527630097687,-0.0300840836538624,0.01771370760885623,0.030681919423047533,-0.03624093349710915,-0.0372118118986909,0.0005452072787135768,-0.02644755856009337,0.013481057475621328,-0.008030702077494333,-0.019343286415325112,0.0350527255022768,0.010157002748033479
LAMC3,-0.01108157695527012,-0.001060001738899103,0.05237551389167107,-0.018224340868478968,-0.004711138738683149,-0.04100853247695018,0.004545395925808559,-0.0014685990669350815,0.015852129516068594,0.020113875863082952,0.01115471099277906,-0.028353370512716972,-0.014220557843104352,-0.012172694034689789,-0.040160253543721644,-0.01741535498607103
PRND,0.023087468764381516,-0.007033283887424945,0.04867617751869634,0.005209812644067167,-0.03610646845335087,0.04230348314257461,0.005900666704375003,0.0441130067925805,-0.025084648062839623,-0.019728726889272498,0.017484875870989736,-0.01695728810581571,-0.0059954435002569535,0.018125838071278766,-0.022343566387977222,0.02085627766469863
DCN,0.016342700449817386,0.03712416104570959,0.020270022217495746,-0.036940476804078734,0.04449672785077847,-0.008288579657819364,0.0021262034740935232,-0.04075133194163185,-0.04610640779015373,0.010146560386353316,0.00519109119116512,0.03071551576407409,0.015586383420466653,0.038017136394615174,-0.02798796855234721,-0.013353092710762942
ATP6V0D2,0.01955570301831857,-0.055852302028285526,0.013568642386940364,-0.011825918644538235,0.0567095330478839,0.051905324850271016,0.0471566576629183,0.006037332606169624,0.03329187355126715,-0.007046058528272634,-0.009144149473913893,-0.009345549632225373,0.008925189595194187,0.030564805604196964,-0.021757779319824033,-0.020339522466227916
ENO2,-0.0036843812316755173,0.021225616490394207,0.005304024576339691,0.02642860052139807,0.022998243006311512,-0.026928658782453263,-0.00793448642062163,-0.013671914334666881,0.026362897009883562,0.054194775286890484,-0.019056810993391935,-0.03628182902692344,-0.04146320614996165,0.018957998749914044,-0.0165165950608497,0.007955217751687303
SLC29A1,-0.0016478591168852938,-0.04871490350889411,0.03716147580357004,-0.0185004833128456,0.013079240567279497,-0.00016804933819491584,-0.014261641404177464,0.02505834963380444,-0.01093027827270003,0.03502579189383801,0.01584496153690517,-0.0031043395638133955,-0.0075267313479678005,0.0032149261339626247,-0.01771889177830174,0.020714698021690806
ENPP2,0.0024855052984890675,-0.034121791084033716,0.043457448663422056,-0.0008203372993561475,0.027850857957758615,-0.007137520632084981,0.017077298992423665,0.005312729402762587,-0.03234319433971362,0.02890173230327151,0.015794511217478453,-0.003983979768316975,0.000834923990752902,-0.029004699040465563,0.04436059039905399,-0.011771275329514604
PALM,0.006726146648011293,0.030923266998133844,0.02889324686206766,-0.007438495341511276,-0.05338656939065982,-0.028513496277170355,0.02873084114264593,-0.013176330699720533,0.02640807236208144,0.05175345122217568,0.009998846488351192,-0.041534199762001206,0.010124462075133449,-0.010347762769388525,-0.024632393535641898,0.018079294747141685
CTSK,0.029393168632768543,-0.04853686316667446,0.016583150654785293,-0.01083539597816038,0.06287135505148798,0.04572632040020988,0.04134441582596814,-0.001628013623780789,0.019874893641853346,-0.0051176936190820595,-0.03557676062108017,-0.015989468418601178,0.02381040513146057,0.008478400958745379,-0.01857318433465522,-0.02437933234567173
MAB21L2,0.004923126314551567,-0.01691997860999935,0.018601705290715823,-0.030149442164095777,-0.0021074851459627177,-0.00036496962396253543,-0.015028944963067451,-0.04068773407944775,0.006609260143080322,0.007599570730897192,-0.01644537375985535,0.005811226792481963,-0.026605450670959766,0.030285866231602714,-0.03561747983734428,0.03394056920340589
MMP13,0.0032202754755113316,-0.03745933999168286,0.02358507558194711,0.005657980059909008,0.021349672369275225,0.030656358162106365,0.04589493463760337,0.024710215977138225,0.025804939666081918,-0.02668917770878082,0.0024739900092565557,0.009997903868551851,-0.014556420667417882,0.04154005015217728,0.010957828753798023,0.03606292207599106
STC2,-0.005080932910124897,-0.0002109668978487072,0.00636798038385587,-0.001341555965745896,0.010533932748495038,0.008550883595755074,-0.03544290349182577,-0.023905613178312253,-0.002413784307749572,0.03949287629209418,0.006663044956908587,-0.03735848116071561,-0.054153993499067,-0.018064303569030285,0.006041507801965389,-0.034410936372236564
MXRA5,0.024779860640844364,0.043457357558306674,0.024786386343109503,-0.012361654920274351,0.054904251216708784,-0.00027327188142765337,-0.005909310880217504,-0.015000252967045598,-0.04373588625439401,0.004217812344393652,0.005995289932947668,-0.022948793163749787,-0.0013050624742852405,-0.0186885562190532,0.012824007174654959,-0.019497610363107244
KAZALD1,-0.03566591010195504,-0.007573041939233596,0.02494866096593486,-0.0060169136438237986,-0.04101701848379602,9.749922635349652e-05,0.02752174265950044,-0.02700929458361302,-0.04367489279871649,0.023378037846484404,-0.01362804792154899,-0.010426560186723794,-0.026149375579540675,-0.0031512566367197913,-0.014221516226140008,0.010271026384914768
ROR2,-0.009407059140284602,0.05792854246462529,0.003519087051162783,0.043330529717652125,0.018141844948324985,-0.010888096302181714,0.030507778663459082,-0.03156835759593313,-0.00845386371991435,-0.015589149815621109,-0.004850067693716536,-0.022552685568740148,0.014728276074921042,-0.017114333899893662,-0.02203331993559543,0.00457407203738776
BAIAP2L2,-0.03017909995482419,-0.016327826490845795,0.022124363784426553,0.0006473434565701063,-0.02431158175192013,-0.0040307793251654735,0.031428559766667974,-0.009748272494438794,-0.011791298408110064,0.03518305577416181,0.008709052335763377,-0.03223316447614056,-0.028094905782863878,0.03320019262524895,0.016748791723268847,0.011697926312475656
TNFRSF19,-0.014364846113111228,0.012073386595713671,0.030960198092649483,0.03269998965438009,0.03312507671254139,-0.023154393601261043,0.03676765809851439,0.00613602376627431,-0.005959854807366405,-0.050185852798663985,-0.02726292435411961,0.004633842572301308,0.019613136253902222,0.013934685420959365,0.026933722660393317,0.04884572209405422
RCOR2,-0.04735917572565016,-0.014759288386869834,0.010117042795476554,0.022058807977001358,-0.028326218342172936,0.02609263812644047,0.0501044618929766,-0.0353427905741198,-0.05580686386608209,0.0283160081700035,-0.012212884689065517,-0.009862608244475051,-0.0010500353626320992,-0.00674345398465283,0.009200593193869948,0.017737096051662585
LUM,0.014759622483442007,0.032453131295282364,0.024157212589511496,-0.04411843589365378,0.054168212902142236,-0.0029652670165944157,0.005276416529317778,-0.05137126904867776,-0.05075344031164555,0.004772201839842589,0.008228145027022713,0.011227937077900058,0.00820559808512816,0.03201252433593238,-0.040531197526110584,-0.006134515644071721
SERPINA1,0.04326113257352728,-0.0021319291437000678,-0.03063381421067636,0.03605685333060086,-0.00884966087676663,-0.020557285135666258,0.013390400158763388,-0.019224370252173058,0.0017015666206462617,0.02230967481475954,0.038283430684539745,0.05946799253831625,-0.013603215488453502,0.0004685434084326298,0.018767807919840084,-0.023121401227353056
EFEMP1,0.015153361130728826,0.03975486661157406,0.016597803709059118,0.008931395309215754,-0.013159315502886461,0.004481596895140039,0.014328475180528072,-0.03659085067403805,0.007858241574354358,0.02401917756928079,-0.032216483252471145,-0.027431359537331446,0.00518972766009243,0.013412592429469692,-0.0315876150706049,-0.01894584056645248
OMD,-0.02563963769051406,-0.00921322965939937,0.0404661501500839,-0.02690856106506393,0.016999564523231647,0.0008413016786286062,0.042133210321887445,-0.027989668394632086,-0.046822015489523035,-0.004808977761251932,0.00925029416818643,0.033368276202901545,0.03595256553886632,-0.027432673273177808,-0.011675170666342596,0.03394595593493883
NCAM1,-0.032205516050619,-0.02992643694353398,0.04379061635873577,-0.004655812590779724,-0.009605498935403701,-0.0009283211614907663,0.0025000600874085233,-0.029695239452769976,0.0093221185483893,-0.019730852639776964,-0.02377361220583,0.030153491072117955,-0.009020638673505338,0.025912689981414716,-0.033871062857988216,0.0009924079664874567
SPON1,-0.012502369732624963,0.0413871230296328,0.03122364179505571,0.0015001237337028354,0.014408182407667175,-0.013926968133611644,0.035145451279539254,-0.0021548781833546143,-0.028860118814769145,-0.008505081180704416,-0.00211106929533726,-0.005389268723538445,-0.0006194168635699025,-0.019444096562964527,-0.0043009421389508945,-0.005420220257627707
CXCL12,0.04207402737506749,0.016026080591017778,0.02866067858702873,0.006307783090921732,-0.012311605350142633,-0.014871167506479741,0.014076748821605941,0.020673588140988103,0.00753683064609408,-0.03229521491203465,-0.03273152349458506,-0.00010194738081722651,0.010942428140448948,0.01651115876669427,0.02286469370352577,-0.005183077287690201
GPRC5C,-0.02868898071959419,-0.014086352718595044,0.034330459636364725,-0.006144168507915477,-0.012941440918051347,0.016615878460753374,0.06687180154017669,-0.006761168174592234,-0.05549251632472925,0.01908249895003885,-0.0006388668105896059,0.01284617122375692,0.019481069764469228,-0.011548602370020398,0.03632493273129555,-0.036266624585734354
MYOM1,0.005325496233185228,-0.006165512597428979,0.03198821729655586,-0.0014616493624213754,-0.04568825679665016,0.004791211109402207,-0.011517922827483318,-0.002501187399101985,0.023293031522011412,-0.02306474442972485,-0.06400110532603778,-0.013486123182003274,0.03615221397722699,0.06123073136222746,0.10715030924483884,0.02660888136501558
PRSS23,0.03139325963209388,0.036515621412679534,0.016616841774206578,-0.01604199016813114,0.036517462266714804,0.012977870665698601,-0.011136840037526836,0.01428527023544259,-0.02750652255804813,-0.0002166673265731776,0.04317077639495165,-0.013275565141090828,-0.0014501263601550832,0.025267173741825574,0.013002921177511216,0.016609669017868083
SCARA5,0.01639761255695671,0.014275188272732933,0.037127354175568394,-0.006070077064759559,0.006717778049862763,0.027809543428952477,0.02196306412731079,-0.010107196399647292,-0.014148424900153712,0.0335055152355634,0.007534935259082715,-0.02874481425689919,0.04634896324045927,-0.002009653682438241,0.00975461378386567,-0.06425457542150351
ABI3BP,0.02667745914407501,0.05349693053696038,0.030656932075724466,0.008579882531889828,-0.01539628041141123,0.006371841783085213,0.013858304774002347,-0.021299657489872285,0.00040952080522728765,0.004147663609348618,-0.016417202244286205,0.0010864303976995116,0.015562717570659695,-0.01110084121907121,0.01539665170442734,0.024204800289346746
RHPN2,-0.03900248254682913,-0.009545953398763834,0.024002427240492494,0.025127666714313282,-0.044004635370529704,-0.02662140178748816,0.02171603623956924,-0.011070539107526273,0.006383789083613339,0.011990536321946983,-0.02078511119592429,-0.024295506882420215,-0.019094544575352236,-0.00608618033004644,0.0337925082022694,-0.009443645277373637
BMP4,-0.025547801211750966,-0.050388369499184446,0.023610784761128746,-5.042380464705072e-05,-0.00895342732872597,-0.020239726516458167,-0.004150897178028822,-0.009581169534607806,-0.04414298111648909,0.026305706245503605,0.01249364074689644,-0.011364870749383454,-0.03760869264078035,0.02789966979883493,0.01641340123248953,0.03043526223297296
OAS2,0.039512223692598734,-0.02013296398866759,0.0008699519036081968,0.002556143939971384,0.010480504062997081,-0.030943142053530794,-0.019056950641486468,-5.899301027637721e-05,-0.05234361221770769,0.03323501203211696,0.018636037744792125,0.004975606435295597,-0.003749600517743279,-0.021815837290002447,-0.03254843352252779,0.02557686720903688
GLDN,0.004977355261411522,-0.03092000510919585,0.050036901342006994,-0.030025808557529045,0.021917652211649197,-0.020307163876588957,-0.007641932659986255,0.013233054176983242,-0.036811065782861946,0.023854529025924637,0.013135070561211735,-0.012151772982836973,0.03220303897633093,-0.004263418224952046,-0.02088913289295408,-0.0180246775942634
DKK1,-0.011530273245577816,-0.017920806551942104,0.026364876398535,-0.0012087528277370814,-0.04501503265823615,0.013183714779110458,0.014912629888309761,-0.04568979033685587,0.01567484175830301,0.00021359671704573435,-0.010200966981576234,-0.024907794661060433,-0.029651333386561347,0.03027492253987622,-0.018200312547531752,0.04540119333497672
ASPN,0.0016962330828250416,0.062029122498544934,0.020072880358014175,0.0036871678405233,0.03486778084499576,0.004982341165474381,0.03945588775116633,-0.026363039965016623,-0.025542316080823996,-0.03213930577802915,0.015559000263466662,-0.0011599834492314908,0.0012635204516130648,0.00632501500356188,-0.015375031078471515,0.04731621732177377
RARRES2,0.03127341327395138,0.04538551908168233,0.007084660502836713,0.010113244552292823,-0.013508139846003651,0.00326998524402582,0.02095394351295395,-0.011922585004367776,0.007319391099155913,0.02614596359165594,-0.003855346661031246,-0.01186655785859329,0.029268872359893297,0.012443372525145923,0.019360511281239542,0.007853663908426258
TFAP2A,-0.019980327935227964,0.0017469011503125314,0.013555927354925244,0.029667334164942594,-0.013376004849460815,-0.017647302461358975,0.005961840410350903,-0.014950831014063628,0.022284742664364754,0.010929438600738528,0.0379371924389576,-0.05077246114328687,-0.034622128920442655,-0.032839197029084416,-0.027531992597319064,-0.032107329655742096
COL3A1,0.007194592095807768,0.06921466335845418,0.022682759039262364,0.0033798124824760355,0.028911469889319617,0.03218580483553078,0.029632055297065835,-0.005694163203772368,-0.016906817500150495,-0.023116166330725003,0.034599936417463936,0.01707844283122931,0.009570183832389433,-0.016399513030177185,0.006371726087941043,-0.01579521208906567
SPP1,0.021501951046741317,-0.05267151844633908,0.009848188356433318,-0.0019790751109954796,0.01843132478126725,0.040980520136173544,0.061209366803825396,-0.03341449794554853,0.0203020933087023,-0.002348734618282105,-0.0030453972728714763,0.02255516673125654,0.011718876307974711,0.03681468452350316,-0.007555967981441586,0.006511458628005705
ESM1,-0.00650805233214642,-0.011562943900944193,0.002556907688110778,0.01744084519084041,-0.014856900457214854,0.03703315624918589,-0.02973633857163803,-0.021535344994788125,0.019852512397741422,0.010680008558718836,0.0511034044839232,-0.03518506793910277,-0.059032287161269265,0.017272076550590917,0.003771893804865218,0.02087560609824073
BIRC3,0.04023170476327925,-0.04140200803581166,-0.007002797221713089,0.010155555244160867,0.027705167500181625,0.02421704479938408,0.0029516617039634123,0.007509929955175622,0.060842290770360186,0.011770725170894995,-0.006010100876386695,0.03875542849520746,0.010910713138891253,-0.029159627697974755,-0.015967512455416662,0.02331032027346541
TCIRG1,0.02859963167254624,-0.05642083293094724,0.008186839343578858,-0.005370239852462297,0.048696670453503524,0.0456001378085834,0.04923403793618635,0.009059716726405726,0.029082985857752704,0.008436848325128733,-0.026394279050956714,-0.023762519430156066,0.0073723102724338185,0.004827270129085452,-0.025947931868873186,-0.019338595001425575
OAS1,0.031052638509837915,-0.025840448116638486,-0.005006276710628018,0.007139785637237868,0.012294499890716667,-0.050843216281865174,-0.010981254969658925,-0.006839458289302856,-0.06170125499495556,0.039151758251696214,0.020401525524291125,-0.003822571121750728,0.01236522112868087,-0.014159034872493923,-0.04388665443075081,0.005718300477822187
CD248,0.012423069601276813,0.04006280252498057,0.023527481960818705,0.017757681550214188,0.01656329786655449,0.023817570532874983,0.06086496453856558,-0.00350271382887224,-0.019680001698401763,-0.0027102124417949973,0.009912659087789523,-0.009067048379344887,-0.02379447665503894,-0.0030882023795238385,0.018499845076103485,-0.007895722753635462
TNC,-0.00801100495653808,0.006060089071166082,0.03776702908583367,0.006091006130654527,0.045460718039797586,-0.00645006825945893,0.009219935538607919,0.0026825196744443957,-0.055039325234209284,-0.004787966119769409,-0.0019391105634845914,0.03194478074774336,0.012160112049589005,0.027254310834665955,0.001759050294693927,-0.04381587229815427
COL5A3,0.018339865870932986,0.013036623268063924,0.038897971706344396,-0.0032786983375349987,0.0021785940490082144,0.034906164503521346,0.012843876669919888,0.06565414214693603,-0.028889545134181918,0.004830871111615823,0.03897690183732929,0.01888302136634518,-0.01604179041501671,-0.00010441669564728931,0.020129460814615342,-0.025031018824838505
APOC1,0.04385155740443074,-0.019270995958098378,-0.02700682895797068,0.03336923804196974,-0.007582345236995764,-0.018802378310347975,0.027029968936293846,-0.0335537162663221,-0.019697956400166312,0.0025132588659192764,0.009033096344026579,0.0028447207193486417,-0.0032347081535141686,0.006570386371607085,0.009655503870477481,0.013553967032839223
COL6A3,0.009929721368725932,0.05181859707222401,0.02951065731540517,0.005530000117761959,0.05635240549179427,0.015233867640468041,0.004066079206013587,0.00959461288044192,-0.024599388705209377,0.002726491891211275,0.022620315929654546,0.0018694904242574758,-0.03515756441152582,-0.015266574992453113,0.020257048796280493,-0.027163978244314834
ENPEP,-0.01176232527079114,0.008178151237729242,0.04014087060648463,0.027596409182225074,0.0174752540032879,-0.004283753125651296,0.007736243089882916,0.01345771133354957,-0.003613999625124096,-0.05228647773070222,0.038689614902178135,-0.014795532600098762,0.004527929117709925,0.0108905205438659,0.018732292530541546,0.0005993733087983215
ECM2,0.009179412295149326,0.04452664900701217,0.02985715513424679,-0.010352058663269267,0.04560985451252885,-0.01185739674775757,0.018644927719921666,0.006426743650498468,-0.04238596319450426,-0.014856761391011206,0.0127736497108986,0.015565454611899027,0.031184975430988873,0.01366927082340865,-0.028641427693036913,0.03820166049725186
SRPX2,0.02768959846988721,0.0038922705483112464,0.011250425912966483,-0.021698631844716668,0.05961684251228198,0.024908111987842686,-0.011846431091433754,-0.012800118315166704,-0.010406422318975104,0.029437588633096,-0.0048488231539779054,0.0035903546418493033,-0.053169259758224084,0.040142707571727436,-0.014501499422349488,0.03524308806104952
COL24A1,-0.036661178268374485,-0.022509249762987564,0.03333876578443081,0.006887060779941681,-0.011466701701014726,0.024720953437975323,0.02110466588166986,-0.044878605600719663,-0.026532244585327946,-0.00805330881624157,0.005185920426344297,0.03676188418815139,-0.010459526371250357,-0.025820766285165345,0.048155739655886806,0.01478503980660609
AIF1,0.05940442545941971,-0.011945837210926152,-0.02156574362581512,0.02212582731383377,-0.023188922759831903,-0.03701807492874052,0.0211427804346335,-0.02526058007166982,-0.026264795502372158,-0.009204060288517536,0.015376206528278166,0.026508228809553232,-0.010646735344522689,0.01642897185310569,0.00025448064750308724,-0.008521566351555088
PRSS35,-0.007726157792352836,0.015557699174186767,0.03081804772400852,-0.023996600780203534,-0.008417571731299115,0.034988835937393194,0.002068778088771008,-0.06890318540061922,-0.052769212790028386,0.009222649336243,0.012347791655574,0.005413916147769279,0.010826855403156702,0.004083366680431164,-0.051116570903184735,-0.013773855414889739
LRRC17,0.003319889601164981,0.036682302094514146,0.020313659107998004,0.00786690799826206,0.021607391209417025,0.027426013964674152,0.029240206843502856,-0.026591863886530023,-0.04070393886130583,-0.024419694980269004,-0.04771387611179842,0.002360354476265328,-0.0129677826670825,0.05050985950488668,0.017304319184379368,0.00027312143591330055
GAS1,0.025931187925827305,0.03766839677322507,0.019739092854961435,-0.008674067937110534,0.027400662332691398,0.005676116090958059,-0.009918302928893518,0.008827129124770865,0.01670357437042373,0.0007959008022271341,0.019948772815869605,-0.01208278076968975,0.005183109267042429,0.053660750409836276,0.0034170001195085145,-0.01770720703954344
COL9A2,-0.02261621889289872,0.023152420643963906,0.01689311313634335,0.020525262211673844,-0.017106774619451943,0.0011825341059181027,0.06285903564085536,-0.0168194569764501,0.0002261573556948237,-0.006353571918228366,-0.010565548935125244,-0.034017020879488866,0.014597460520837654,0.0022311798194030734,-0.02093250524743772,0.027354108383757847
ITGA11,0.005158248415613423,0.01869419104962543,0.027229993537079042,-0.01871393246940534,0.08748632160900612,-0.016100264611020453,0.0207770110960177,-0.0009708179062544366,-0.01111831823256644,-0.011477878334684426,-0.00927420141591527,-0.001735967350066597,-0.009285640752020544,-0.018880757824165408,0.015480624318721152,0.031181195907712074
ALDH1A1,0.01297135314914417,-0.01284082137848619,0.0012826775275604162,0.045979996686808966,-0.009847233138154275,0.0008215085283628833,0.031658827189054356,0.023228808156688745,-0.01172233539829169,-0.025031956905273094,-0.013123971209249817,0.009742701094748998,-0.003806775739031893,0.04028258311690354,0.03727029043999286,-0.027224575636214422
PRICKLE1,0.007512279023142352,0.04729654851441684,0.018318200820055232,0.03501990766942963,-0.013187789706646802,0.01085723634696132,0.02275252892851487,-0.018474214513540824,0.019669572572008538,-0.0002642401853887339,-0.025183317194162103,-0.012357301847238397,-0.019464286568292546,-0.030682257669232167,0.007359656245255837,0.01773173343372842
AQP1,0.016230428933782383,0.0036834779174239663,0.05320506674791072,-0.034659577423906573,0.002162326850024454,-0.02396622931917769,-0.0066818582303612515,0.010563304822115526,-0.0260182578329221,0.045884430626836614,9.466163121637367e-05,-0.004665727084497424,-0.0051697253228566034,0.0007355086672748748,0.00804224086073754,0.002154245268682308
HAS2,0.0001655279511701517,0.048483613892641414,0.001150717156691176,0.031149234594322908,0.018072211240159983,0.01557941543520904,0.016317397514495385,-0.012781357500368047,0.009416939812021335,-0.0369013425211636,0.052069431840352384,0.01992765149520926,0.026060796295125435,-0.02359415966446797,0.006517513759284197,-0.021234396771256797
COL14A1,0.01481788741634412,0.06511436780830156,0.024687609003302906,0.01737655502888331,-0.005264620389800666,0.001670790965739453,0.013917335530609226,0.01496123229086015,0.020339636093510312,-0.003215397533434478,0.020188014663629964,0.05035419024142896,0.026310891312050142,0.014764022168232617,0.01173313805259156,0.02407377233103221
PLXDC1,0.014012760370731639,-0.016958098643595685,0.04277886053199752,-0.027661864597800064,0.03202848022411264,-0.04757054222077535,-0.013292835794529305,0.04549572956026496,-0.0014514142504410566,0.002588634813798599,0.01366893593528459,0.058177278237053015,0.0003190050611063806,-0.002431749134952879,0.03602942703899071,-0.012384256426910274
FOS,0.018294950190767784,-0.0017882999862791227,0.0015130064719119983,0.012730380941975704,0.009359226637224457,0.03285308898908759,-0.029475631321790645,0.00641292618988723,-0.004053167117899086,0.08547942623959812,0.010386421683396213,-0.022727069898592387,0.006807668301261181,0.027344081865506933,0.01576013812655895,-0.054991823982879245
CDO1,-0.010545835793155472,0.017800983176084407,0.023249066084047858,0.0076618312179485525,-0.029865068419839248,0.005942949351167484,0.02706249543703122,-0.02154346978049209,0.018814220280996677,-0.0014453603960224628,-0.03968183959154326,0.001766779925772636,-0.039734950661818924,0.039831975352840054,-0.009037394610547343,0.04211437913352708
MAMDC2,-0.009389942360154727,-0.03997248600531654,0.0407813175453128,-0.014250158426122506,0.016166053421969605,0.04062596217147178,0.004010090763076262,-0.03520806133905644,-0.033108523531303634,0.012197534951556184,0.012077974367973707,0.009957493047887947,-0.03242911588237799,-0.006878445112278427,0.010750183321537465,0.045112350923911304
DDIT4L,0.009360826246591007,0.04040693817452512,0.029872687210469824,-0.0067939526748184,0.0017256085592743343,-0.042441299880150815,-0.01644273953342787,-0.008235817384818227,0.0033629456801876293,0.000687331869512397,-0.010983354331590797,-0.015578215017359436,0.02012986410347066,0.046255844930026054,0.03278750953364358,0.012529372183533729
COL18A1,0.026980844071253555,0.02269493354526955,0.033980539717561736,0.0057521349992816495,-0.02261101127917943,0.03488408018979271,0.028258982656113152,0.058773499633549865,-0.012210479129212505,0.045703671926863254,0.0384807949648146,-0.055411166813083085,-0.027631464668871272,-0.008858571551255572,0.007058171094104908,0.0005102400968142221
TNFAIP6,0.022020627135908317,0.04730956847820365,0.013277317159669401,0.01532086399122002,0.016728637035537553,0.028956295333793833,0.0249231013907119,-0.023040240825971215,-0.01654303846661491,0.016210908493027594,0.004949620697221881,0.0026341100895287024,-0.024996868523465686,0.03226857538264164,0.033150695427373214,0.006466980971434767
HSPA2,-0.014922503910676298,-0.019734451166122522,0.030043244591915853,0.00874418361449778,0.018692889613711544,-0.03080013428104587,-0.01419071914023861,0.0008378475353087809,-0.018947678124447143,0.03201202815627774,0.014040501754835646,0.01114977710174662,-0.01436853593273657,0.020248828454859036,0.003000348249297957,-0.01816505775986312
NT5E,0.02163822031618252,-0.003208576856820636,0.03137362242049062,-0.027923349279000895,0.05076312269243661,0.01902183507948623,-0.03113763543970411,-0.00411947629259656,0.03450907631617318,9.0420267896546e-05,0.021895358664704136,-0.013747646693366412,-0.0012893696074416977,-0.0016522232123973857,0.02067129053478446,0.04171667749870212
ANPEP,0.0067718301334826255,-0.039657331034481796,0.01586944177902396,0.019293541070036283,0.049722345850257074,0.022143209507558954,0.058515546314092476,0.019984267816484637,-0.02103810274453666,-0.01227430727006028,-0.0069058310943001435,0.021276895076566105,-0.01447386765847112,0.018000913499940513,0.05730315563483703,-0.03104184725119958
PHOSPHO1,-0.030558986431506764,-0.0353018211604552,0.02487490628476384,-0.016811042517651663,-0.04210924956165957,0.034149481043900365,0.04949805028953592,-0.04923887101376659,-0.024020158379898463,0.015379320200904031,0.002250186881840765,0.0035436411993359663,0.01401041511937693,-0.0011214430086867646,0.02775141620337905,0.029577115544158174
RGS5,0.026346306777781485,0.023913644416886287,0.05047783258981185,-0.0042276737158190875,-0.03686885859942491,0.013740002698968457,0.0009936180996003925,0.004400164686546122,-0.006196951402697616,-0.0024415585387572544,0.017923015132334144,-0.00226509427044317,0.02759810350873848,0.0027349795132998924,-0.013836371836488502,-0.0027959787140469663
FLRT3,-0.012063240822524756,0.017941692510158973,0.02754582118713137,0.04155661456283816,0.02999114536190302,0.0033060436479314293,0.03765967362840756,0.0307800562873484,-0.008686588817587179,-0.03444820996093173,0.028594485096390097,-0.038912434344344354,0.033947524588015025,0.035078697154090246,-0.0009434629414959534,-0.04816508264954577
SYTL2,-0.01548747817735525,-0.005788582787667238,0.02132519176301427,-0.0180364537971386,0.007326838188460621,0.03105480087922141,-0.021124311121789564,-0.03638485201208512,-0.061394663959923865,-0.021791131490601082,0.015946159648387945,0.03933302537073059,-0.010859422706928218,0.037476214874586126,-0.008761443024273485,0.046034128781498915
BAALC,0.013340245274526872,0.013144304979320233,0.015742446188656223,-0.008735914607894373,-0.007790759540770458,0.009757649383606336,-0.0006069348785135778,0.017239836592692587,0.005203651414177863,0.009442779394181422,0.023858440971030553,0.05378750540891285,-0.07403430678842798,0.04446152848898967,-0.028964088987065782,0.014477107398625564
SOST,-0.02580441020267482,-0.03423840510309695,0.03187026961193055,-0.0011429528247718338,-0.049502489819942826,0.011434656164512638,0.05141301385767663,-0.03348421082506982,0.015632675685368014,0.00593256610655154,0.0068765382176310995,0.004755990526429469,-0.009465953070226532,0.023635673019126478,0.017252341525435273,0.043284259400848284
SLCO2B1,0.05937941055142602,-0.010849782658686222,0.006337012378663515,0.03737169809042415,-0.010388691753434666,-0.03422984725076605,0.008836180825285261,-0.026597468152019556,-0.042483436752448964,-0.02603883724561322,-0.0077587670391397415,-0.003672907372181034,-0.009957636983814222,-0.01654084092443831,0.008223069166043583,-0.0005491728317341751
SEMA3A,-0.004811894321578296,0.04482079376524877,0.008658383482968691,0.03611902431449334,0.017509944221475088,0.002606976216612861,0.027533679939730188,-0.00717547781107973,-0.005795231897187262,-0.02314369500767606,-0.005892117177140132,-0.029005127368277595,0.01071989523381759,0.018902252033511285,-0.008853806617741426,0.0042747147241505475
NID2,0.008829263050834545,0.04141460413899551,0.015407026075287204,0.05265242383812249,0.023865466217254206,0.05326659263000455,-0.014259992322335595,0.009505771522296824,0.008335816746314282,-0.03877832606196898,0.03415764958907353,-0.0289032116872144,-0.0308641408530632,-0.024853103692849245,0.02333234113863577,-0.01608867762670904
QPCT,-0.01282580353797132,-0.03164078911562461,0.01989303105660567,-0.008918425277091111,0.0006771813299089773,0.017049506640186556,0.02819973946227057,-0.027080728689190512,-0.01077320007310361,0.017817547037613665,0.003884895472945027,0.059969117829569964,0.02845596149191354,0.0038005629256881264,0.017535058057223725,0.0509195689480512
SLIT2,-0.0053768708814,-0.008210881540308527,0.05762045846161704,0.007797135184504539,-0.002588561723830158,-0.006030070085862666,0.03573549465556864,0.015141237976821277,-0.015055844033287906,-0.04087868163659386,-0.019349580714346754,-0.04202684911088805,-0.004967770860750163,-0.0002957326334399276,-0.013735091886524609,-0.017593970654894178
CA3,-0.022167181668744294,-0.025918793447327004,0.01623485492579581,0.002952606872902403,-0.04907698842439343,0.03115049878241612,0.02800497933674178,-0.03261535402500143,-0.020797562319088594,0.014388863368400189,-0.013283792693670518,0.032787311193979804,0.017354714200003403,0.06671648506821432,0.02834090303187453,9.34567472108943e-05
OSMR,0.03810463439795022,0.01680050446790995,0.013248469241584694,-0.002150951550933632,0.044550462537389215,0.035330207353170405,0.006770126156535563,-0.018160170400646193,-0.0038115980030421475,0.03149919296900427,-0.026490650638982517,0.020938026866538714,-0.010185090565230339,-0.006353470718023401,0.01676148291549949,-0.05489024795061711
EGR1,0.019123923650015577,-0.006572882725019469,0.02599466646086818,0.0033720595323012636,0.005051476562580799,0.017010365190136347,-0.018044616964256466,0.0033289880490725747,0.013772329016864614,0.06651936173420858,0.01635390867917714,-0.006764670007465458,-0.012998572513746483,0.026251382333307833,0.0194948480067967,-0.017790352322036133
LIFR,-0.01735482972056583,-0.05645793566244556,0.03961303712290718,-0.002834175123412515,0.00989947479063039,0.01147921688879706,-0.042627366253720156,-0.018568205885032486,-0.0038993280654858378,-0.03565452659830921,0.032571410274025665,0.019329340947390652,-0.015118416643327946,-0.0015994629715581146,0.026457704496399306,-0.03415970216472816
FZD1,0.005934753935282153,0.061668898990332344,0.019161548856180505,0.011489579456476533,0.03275130804350493,0.019740677990961842,-0.009313344578328553,-0.04076704531442835,0.003876629494807373,-0.0402409679774391,0.03337827541781094,-0.01866079704909728,-0.017349550635462736,0.009516838633004104,-0.015641409617932204,0.001971081530161384
TGFB3,0.008254311056931612,0.04765058302172849,0.0217062093786153,0.027561073203438504,0.03471844531837164,0.038996369859771625,0.01597053199381637,0.024701622827107868,-0.019833663921003393,-0.010271128322637487,-0.0015438868650760138,-0.013675089907878083,-0.006335223172035633,-0.006571757030798188,0.031010526456706943,0.010377239910309678
COL8A2,-0.011078656079134844,0.031212078398288448,0.027156420791568277,-0.007386596078720165,0.052601476417141003,-0.05917198012574639,0.04917526844666455,0.016115785789716452,0.019275367860527234,-0.029857951368406282,0.03497085079593684,0.028231387996134037,0.011917790119081737,-0.0024676606518584236,-0.008475456127384146,0.06226673507139055
PSAT1,-0.030890704107551195,0.006024105948548693,-0.001807809330061401,0.05122325110425635,0.006241823343807977,-0.022138553755856955,-0.01702580233741632,0.028750944241533443,-0.049721391803669,0.009458500168582245,-0.0070263212090752175,-0.024683329325277878,-0.005430431928402507,0.0034125750844689654,0.010516804097787935,0.0017839663481358284
SLC7A5,-0.02559503860926891,-0.004584169282287235,-0.005440805092664214,0.03982715844765144,0.015882608879749724,0.0005255726895634907,-0.018574721450655154,0.002920754607005691,-0.029889023427819527,0.06724750772535829,-0.025487085014167847,-0.014870940618132808,-0.01853683234149508,-0.03336091259566213,0.04120951534944406,0.010069192960631171
COL12A1,0.005983993289160586,0.043945153699960146,0.02304797567325211,-0.005420865872629096,0.0427446940878154,0.01939530353498582,0.03879474178378069,-0.032113419007235376,-0.003710581294555938,-0.017726257961305402,0.015049223643648989,0.06289952350423092,0.017011102553935127,-0.00414161625308136,-0.023393233308327373,0.01803274589103148
SMOC2,0.006685816984407283,0.05380248510038365,0.034087765507202855,-0.0104865842818419,0.02928987865240382,-0.010956094595324711,0.028772307104274624,-0.011948022098726047,0.0031887842606539915,-0.010264220814705481,0.011058221840928046,-0.0010186016841621842,-0.002156067285506574,-0.02498946976582319,-0.03029727123351128,-0.005053386696407817
CPE,-0.03944121870249988,-0.02795625055266947,0.0449084108189737,-0.014256268650687092,-0.021643228183118,0.020295890455098917,0.011812095765991374,-0.04590500191453049,-0.03426256460736641,-0.012787907017049559,0.012291549739749462,-0.016583749611992205,-0.022366887382839273,-0.015368572176035423,0.05639897681377383,0.015712347707446152
CTSS,0.058408674093118056,-0.008209488083049209,-0.01925251061925255,0.034435399182611494,-0.008907368101445365,-0.026070431723571832,0.01005351418777216,-0.041839418856280175,-0.045032357498153736,-0.003915600361473574,0.019116283395775115,0.017141072714436795,-0.015698367834506878,0.005215366969588148,0.01841170075480108,-0.001388586071623175
TSPAN33,-0.006343542031684118,-0.030500022355859375,0.01254799083928859,0.04081390661317072,-0.03426889080240999,-0.02505142162155259,0.03837364873624868,0.015586428946249052,-0.031922844765490226,0.0030012280257509846,-0.019109558225588186,0.018038109819738447,-0.019054230441453837,0.024513843959989266,0.06210557910426476,0.004460973691000755
DPT,0.011719710865868246,0.009808621456123264,0.02231660624474764,-0.041655558401060104,0.03795406011486837,0.00769083532917446,0.01335898578516273,-0.02023550060141649,-0.06381770277441841,0.028177041357578352,0.007585358285170112,0.03791342412380716,0.011863128638362856,0.02932971425326805,-0.0006005309773407762,-0.006597979370508239
MAPK13,0.01516928225428611,0.0013287393813123532,-0.00362306379905871,0.029218211835052316,-0.006541849232791421,0.013736930758282653,0.05553858212808265,-0.002209560603447352,-0.013978854366756232,-0.004053759115196965,-0.04698724196807574,0.001320250825057762,-0.06614802340926401,0.05416594140587323,-0.007863729893522776,-0.05430320802867023
FLNC,0.0011741000633178555,0.04799780263393917,0.010340711713934612,0.024095471682919853,0.018750353672324763,-0.002474292213341828,-0.02859930304963855,-0.010271763401146253,0.022341718183745862,-0.022740640638791162,0.010498809718292392,-0.0048443438409940046,0.028490572326456624,0.05285644869531025,0.06255088797455113,-0.008947441545968379
LRP4,-0.027058503376127897,-0.041141990900338384,0.03721453732478909,0.004963906067860865,-0.004235717042462285,-0.0005829318610128626,0.001474684231097496,-0.010411327646141902,-0.022413243596169252,0.010528978616904645,-0.021033525260268335,-0.0007598290124601025,0.027232192728790166,-0.02959577908790206,0.007503586674951308,-0.010681062638584485
ITGA2,0.020350269526238543,-0.045421739350341904,0.03159360779804676,0.005183254697621581,0.028046871520003406,0.07228224107169699,0.002445522070957551,0.020549580056260924,0.022942894298380364,-0.0038215199618532583,-0.03659449377816267,0.002528352444638243,-0.0135009408782806,-0.019179934469199612,-0.028100625802439577,0.012964149319200265
ENTPD3,-0.0014541771902307791,-0.03908245412072505,0.029153956601095304,-0.006424689001499718,-0.0035380919377045236,0.039612847646755135,-0.0001843286507736538,-0.024019129561609853,-0.029086570296179445,0.024629763818352395,-0.00040474391077561025,0.0671144297461814,-0.01009767722254638,0.006430061273756102,0.051574004993191806,-0.015631118154168448
C1QTNF1,-0.0009749499502100699,-0.043499193164941,0.043535865959039265,-0.05420495725787438,0.0005749052084780422,0.02228215431792626,0.0075356150016270135,-0.02890689352821533,-0.040536016025180165,0.032528148831721976,0.024680905792578277,-0.01230187340500312,-0.04604179080815081,0.00025741690122425614,-0.004943623298800189,-0.006622069342201126
NRIP3,0.015525859327118719,0.007184753907203386,0.012596042772366041,0.0230896069980773,0.013946484199815257,0.05120760154102131,0.03973238932339431,-0.006716401069041983,0.000912128674253089,-0.0008274877881103565,-0.033928785446634996,-0.002974497677174964,-0.03246196926597517,0.035643607407769055,-0.0216677595388277,-0.0395309950021268
FBLN1,0.010684985948841713,0.01774938449795719,0.04662533983159962,-0.013125910264402277,0.04322273912508424,-0.044653277629895204,0.00458673035689976,0.03097925942928812,5.0692868299283896e-05,0.009357730419151746,-0.017760671539704634,-0.03946528858055978,0.00782738168459658,-0.01620712580519431,0.03396859044654109,-0.015297583256047437
VCAM1,0.03399593248753152,0.013591595191314344,0.02726950695489109,0.013493458562886376,0.017651929352512856,-0.0033571476654427283,-0.004540346001743865,-0.01391366721935918,0.0073414168031641636,-0.05822020240139585,0.05698888046821156,-0.03362541918422915,-0.01110075790817457,0.014791184806051634,0.01823954877863298,0.03462748308562831
RNF150,-0.0021444413846361584,0.025042270103532466,0.03774524942176795,0.03542840964205128,-0.0014979375703491169,-0.016127785571175942,0.030485068697222197,0.016151574892949924,0.01885243687367477,-0.04363359653226304,-0.03966787102882767,-0.02653663432826019,0.004160154146121038,-0.009747153557726512,0.05930737544268405,0.03983854331427583
IL11RA,0.000481334820720691,0.048438956342234066,0.024747573881286008,0.021213329213260017,-0.011706284033215584,-0.026459391202439182,0.04046112526853783,-0.031355469435187,0.02422022631882997,0.00043375470722967907,-0.01436362525190518,-0.027879183983079706,0.037903946569969676,-0.00015590475913411563,-0.011354462438327514,0.013871802506159627
PLEKHG4,-0.02062728511209477,0.032513846940347486,0.019411167118114223,0.014359903185219002,0.02089133435236552,0.0028256811459138435,0.02562762493460937,-0.0009040984887486846,-0.012339966806002219,0.042160383156814675,-0.0033546868454389263,-0.021208912091157363,0.015826316529577476,0.018452350220854064,-0.02956126043300133,0.010219392935965865
SAMD9L,0.04285126323988562,-0.011052327883214244,0.013057086671766157,0.010028290763818632,0.01497285368033204,-0.03048477152094175,-0.05527956703528594,-0.0346715430050473,-0.038955372222652586,-0.020018012989070622,0.04540249991626499,-0.02342728469506864,0.02150124969813553,-0.03399277686217635,-0.016334413762267082,0.023501581009764124
HERC5,0.020897864921744856,-0.03940484701941565,0.009726582197333395,0.016871328930805906,0.011406175608149157,-0.03772002890975797,-0.02297951224351144,-0.006565058483083193,-0.02289972186335222,0.01753267619189096,-0.008466908620568073,-0.0330400466551511,0.014900213896951627,-0.01151245707937275,-0.04281836770150395,0.029381101086851977
RHBDL2,-0.03724216869195975,-0.04240682526852828,0.02625319629846759,-0.01589504450460434,-0.023889451551734858,-0.004108729698855503,0.024590095107199658,-0.03991737100407712,-0.015931965259573404,0.022555978805678233,0.0192247396413292,0.05894514965851955,-0.0022741347463691823,-0.028252499065037677,0.0006584215673595857,-0.000788293187496597
CAV1,0.04140769507319535,0.04322208103490598,0.0030774538013901617,0.020471856633775192,0.01043671583028424,0.026715689207292437,-0.03862957367706846,0.04463169782179245,-0.008540349328777402,0.01509825849876007,-0.00017330064655115066,0.03857911452745295,-0.017254482579363288,0.013720048306428548,-0.010814849737436075,0.00927598994244577
AHR,0.02948831519629852,0.03561811803782358,0.024853679723602917,0.02056596377266827,-0.005620488431739375,0.004544991281442449,-0.03650785419362227,-0.0210552058413051,0.01760131154029667,0.00423145780504451,0.05212200177478561,0.009587467639519778,2.5539713983706996e-05,-0.025639129649609686,-0.015475372951229652,-0.023054921877010637
MMP2,0.010992437891713785,0.05332861102207914,0.02645087617780359,-0.013472883702983138,0.03156802803119194,-0.014401444775809211,0.03265214409606009,-0.020776285638867156,-0.021025750759191778,0.0055472857562889385,0.005488552981690548,0.040680878003935605,-0.004580562557044021,0.0020559135700646976,0.013617668559593427,0.003505290686354955
DTNA,-0.006581888047259597,0.0067060099957406746,0.024115460305243284,0.006008593290080907,-0.04771780769408926,-0.018040999091876876,-0.030700057547287232,-0.04285271406572702,0.022108354771659358,0.0013396586029382164,-0.023098661594118292,-0.012563688688609513,-0.017517505812192753,0.06907291014105008,0.013557520023201718,-0.0012427717314070367
BGLAP,-0.005922435776512449,-0.028497605654162646,0.040055129058737184,-0.03944867395023497,0.0015956548738371955,-0.0369224317797694,0.022204253134933447,-0.0038416002983261686,-0.004384575449021598,0.005247279317690265,-0.00035081692488958104,0.041664040681440695,0.03036874753568606,0.05327820475969229,-0.0006188222414587816,0.014186088075189101
ECM1,0.02984123852755557,0.014841443742559156,0.022983158872953265,-0.019492066106604793,0.029318144150674248,0.004361308947787891,-0.0043732772741780085,-0.016485446881282586,-0.024580543737932607,0.0698305974170092,-0.03537099895068732,-0.004260975869692025,-0.01319804163332103,0.009180814429744904,0.029765462158490262,0.023693437900154934
KCNG1,-0.028058185287322727,-0.003741471648005751,0.014513708120980696,0.03260714637020472,-0.006595415840389618,0.00960800950909456,0.01649860260452148,-0.015197839064926805,0.021474340383172027,0.028159425301126226,0.03362417677210668,-0.027785291857644293,-0.05979504231604143,-0.027599928858082882,-0.023511053497403334,-0.047472672293397376
HEY1,-0.022204811652764073,-0.0435746674599854,0.031983816929640876,0.008924483516178722,-0.02333889674107558,0.02573796254992774,-0.007794675300904401,0.018125276779079262,-0.011698503867767102,-0.03685903118409297,0.040689523664258424,-0.017763458016366394,-0.020652119654688626,0.04418646093701029,-0.012855421334999378,-0.0251879506809113
COL6A2,0.021791124782706523,0.04970439056276355,0.019525377718268996,-0.016062275457274247,0.04761399673225063,-0.004333244367968269,0.011299116628773021,0.03699358037525066,0.011034237299957077,0.03171936740181448,0.05755300977152712,0.027972822242149316,-0.015762679174387107,0.002576769986665609,-0.01441454101183855,-0.017157131755891314
GCNT1,0.009053038067836621,0.005883782106560583,0.0023102996306924918,0.02614442438143923,0.0021775236833135856,-0.007408214609311502,-0.008001467155259848,-0.01009169726295005,-0.0005807998328394199,-0.011923006136946203,-0.027370924768040466,-0.012976947284941209,0.05086929150797889,-0.05457599303107103,0.08218663950032161,0.042906994546901486
GPR137B,0.029306132671142692,-0.04598192939790679,0.02476291154703396,-0.009267212046381382,0.055895810856955296,0.03891778486741197,0.03278431661872146,-0.009111558534615344,0.045656875674740485,-0.00950151825133918,-0.007195407601175242,-0.022239225396792395,-0.001319775089486247,0.005111576850466372,-0.0028121488343718637,-0.04261381415885754
ITGB2,0.06106552338080386,-0.01906376636507001,-0.013206358815528962,0.03121551955289141,0.004937716788110355,-0.025471592108437843,0.019247678564866946,-0.027653956513020418,-0.028332514216724867,0.006488946690020266,0.010455219194584874,-0.02622771507381732,-0.011187865605599987,0.0004072581023245496,0.020783844673065266,-0.003304754357796173
DKK3,0.009012790515127296,0.0516682139064359,0.01779354705964744,-0.0035595726986097516,0.01362874993231818,0.004350568850698874,0.004480562973007824,-0.04469040213421441,-0.019802164595380773,0.007377555384576582,0.026135052316195794,-0.028531764954164034,-0.038509495118291465,0.009508017343974301,-0.04214743774170521,0.011760213205977118
EDIL3,-0.0008941448728095277,0.04895004744987155,0.006887726370480317,0.01352171398854959,0.043911598348185095,0.004280070698701495,0.032146572284592265,-0.029535837598960564,-0.009008832450416086,-0.05609469705333316,0.021775102054653737,-0.004917827836585912,0.014131796484414167,0.013083251839421247,-0.04007936624779155,0.019411132228664345
CLIC3,0.013035796565596652,0.01104519928046383,0.016827372955581243,-0.018155657867620197,0.029121825744088354,0.020400178130271875,0.03173870961816787,-0.04568037877610449,0.0178010611614243,0.05705658537101422,0.012212433310468146,-0.048183906164680046,0.05036271453196456,-0.026160372368353692,-0.010296322658966524,0.0322930076857832
CNTNAP1,-0.011452412914443438,0.011087794008192585,0.041452998747976345,0.035307166331496734,0.023865584440448652,-0.035202076839762036,0.009932230072406494,0.030761106589330983,-0.011705383333351388,-0.014714402214502742,0.001513931206842508,-0.03937692236440653,0.04368972676718691,-0.02774480172254367,0.027832096908966365,-0.0023631029845949127
OGN,-0.011202525699219718,0.05035477017715844,0.022161259774744264,0.00433331010343307,0.04124281586714039,-0.009212513033365996,0.022649717048293033,-0.033340009923383346,-0.005840959511984786,-0.04696372706767361,0.04587502316143226,-0.015090615338848187,0.019399436940826457,-0.008745825103663896,-0.01703501940832261,0.032306083240448376
EGFR,0.009973913822524508,0.05252425594063325,0.023741703419390147,0.0301837008434053,0.0374661949504133,0.004299520524386048,-0.000460936420839834,0.015932102735666788,0.004514659950546375,-0.032789862727607616,-0.017822543965152968,-0.02838279989265202,0.002153017904559882,-0.010491292986368465,-0.01558327568637027,-0.023960894246497416
IGFBP3,0.0034227933418601413,0.03338157254726885,0.015454551040411737,0.01824427518804186,0.006664226404469201,0.024889790095036904,-0.005302550588172236,0.06307951809288985,-0.022421514266085883,0.035072641869669574,0.06468780718227632,-0.030955928061872043,0.005649488437992839,0.0019798029278607285,0.021904896102564717,-0.012515653424866801
TBX2,-0.02022743782088296,-0.03840458497297832,0.04447825014068699,-0.02178385966625303,-0.013995559933689485,0.003209311496234938,7.631536226104449e-05,-0.016901521964866707,-0.027829063370917416,0.02366978756848045,0.012253772395941685,-0.021523735336744967,-0.008282789750438701,8.702015285320941e-05,0.009535096691572615,-0.03643101169611874
PIR,0.0034137913611626556,-0.022580534766353282,0.0017641906494736224,-0.005779369309962041,-0.01530005516874011,0.010521197882831212,-0.05470782433435762,-0.01876860492273573,-0.010422500705966477,0.03695710728184404,0.025654309514675296,0.024921292989194377,0.040519357632523935,0.048359466367557745,-0.011905670073485907,-0.05462608459604128
HK2,-0.01554126690193222,0.019732588903242976,-0.016296397362049728,0.05141296167731706,0.02472744960598822,0.014411035979363024,-0.008708972989774437,-0.019019277679549338,0.025033068960964928,0.05185251953361485,0.01241174457066659,0.032715081985648944,-0.0020773355600603085,-0.004694811940530067,0.0453531283033179,-0.04849975148280052
FGFR1,-0.01648853697869887,-0.023580503479344764,0.052010768215745094,-0.017701369981302555,0.044697054644958344,-0.026650192318571717,-0.00425914398978026,-0.017150104208348692,-0.008707261136136063,0.014435679479958073,-0.004003828847028131,0.0034247008259771956,-0.015899748354967356,-0.0092919114364762,0.0016782996023151711,-0.02430546494799426
LDLR,-0.01589813907538191,0.00905259989912594,0.010668574015783708,0.027860700152746092,0.030801647509587464,0.017173414429168775,-0.022736964281932878,0.0037041101123497745,-0.036445015367396354,0.04843535124010362,0.0021250310694242236,-0.004659771583330691,-0.0032035645904901757,-0.03753745018584051,0.005003202486843794,0.0005803965934540866
SERTAD4,-0.0032061012286584427,0.04786074042411429,0.03632197219163731,0.0073180698164175976,0.022609342581760023,-0.03612417225106791,0.0045226999278901205,-0.0022778743219016503,0.022035593589852184,-0.004643863815618744,-0.0202772734918889,-0.004125156851948222,-0.005297251085816252,-0.030844556189821747,-0.012905980400789963,0.027681506084962088
CCL21,0.026319182924846973,0.014762302627324123,0.013459699422071564,-0.0165279204051694,-0.029899804371363678,0.027705075093269,-0.0015027047018374,0.026797307489125954,0.012930815191703098,-0.0034230616759271335,-0.0022012572873786793,0.018133968627070896,0.03180998407396362,-0.0007468461803914073,-0.012007239451538119,0.03449048185819395
IL18,0.046514929330160625,-0.018760837212216074,-0.00043197869191386254,0.02080788129177545,-0.025860866996835503,-0.0013854556937402222,-0.0095992499809992,-0.046813042960699824,-0.007644368319514334,-0.04415530194919887,0.050104235883049575,0.006629591072006015,-0.008513449080334058,-0.022069896674511456,-0.0005508052043701819,-0.014594911695600347
THY1,0.02087916038518005,0.05567927467992502,0.016453071401728706,0.0035605590542666203,0.016032865108110743,0.01574970274770801,0.024603782519683693,0.014433178726145173,-0.034843672196054054,0.006548290419175066,0.0034745962967205734,-0.019835746401648233,-0.042218288596753556,0.001845954133051957,0.013711531211687512,-0.005341695538313806
RAC2,0.03937906332479796,-0.0538226467765729,0.0018757486004805216,0.006279617083836335,0.04032359179825998,0.021037950749394484,0.04832563418129517,0.0032311668916766723,0.017925212399301924,-0.0112580437816658,-0.017292705553401833,-0.01269624553254078,0.008882640689258245,0.010220263286287208,-0.006197832678000136,-0.009626175007990817
FRZB,-0.010831672197217227,0.023738156448949797,0.02487336911348421,0.0038842635517400827,-0.04830390085976975,-0.014547253726965938,-0.0034554162007426467,-0.03317349209985251,0.010786167745359539,0.020769389621855983,0.00898528216385953,0.013747512559391297,-0.031766085022336285,-0.0005254235975698331,-0.008536152032645943,-0.04242192194451492
NFIX,-0.013433676746400199,0.052871010604700994,0.03634222706080923,-0.010166838734905342,0.023364253003466853,-0.030609661826057278,-0.015454865143615822,-0.022964923864221436,-0.04050987340490617,-0.011733516930728705,0.003052955870393689,-0.010948281915347715,0.023629978128819045,-0.031970562129027456,-0.005128839939655333,-0.02535717604066925
LTBP4,0.006620788865823237,0.041287390010968573,0.03649993080822123,-0.01205545068957763,-0.014859452917067743,-0.028910695009894127,0.020629474216681043,0.008912924962695795,0.034328545363800686,0.03936509134305369,0.009936075027558243,-0.029422995789657836,-0.005991109671966021,0.00935317861930429,-0.02727010888952167,0.004002147158156329
NPNT,-0.01323953905220985,-0.003853097830866648,0.047284946487630965,0.012000329939643376,-0.00912444086228505,-0.017549569397602,0.007836782391864867,0.01033314190180289,0.00773213021104634,-0.005547236704631071,0.009098617596481128,0.025519261319966298,0.017178257064681252,-0.006579312534089916,-0.04939352933431278,0.04804791972071955
PDZRN3,-0.0027875674258171093,0.05733990112164346,0.012306751840879628,0.009312601518403435,0.0018519747549127592,0.023831610134309057,0.007998409065218844,-0.04998389748064351,0.01944667478757627,-0.014146675487679838,0.03897234371349688,-0.015107122703486324,0.017499320605560177,-0.01587651086277804,0.0012262766402803132,0.01944371469347662
SLC7A8,0.035109121141303976,0.01670221075815027,-0.0011921921877642207,0.028537625574026285,0.021302086872726264,-0.026870874362229125,0.0011534850624827875,-0.014948678968309433,-0.011481045827594245,-0.02071181074324569,0.004393666507625297,0.06051354209446359,0.05188766408545224,-0.010650091311855733,0.02791510839482903,-0.05592640736850768
C3AR1,0.058507064226740305,-0.0060338163297145265,-0.006185479112506078,0.026868141833396073,-0.0030875184914226647,-0.03747535375829079,0.003504068135180838,-0.04256376478913865,-0.0342630863479474,-0.023143583027354454,0.0217759315094889,0.0401947850483794,-0.009191986110809163,-0.015831477505470985,0.00772299823397486,-0.0012097627007366125
LRRC15,0.006108113729820121,0.0025354520908863554,0.026879957333747873,-0.024990815272511485,0.057988152075461694,0.0015743894671011098,0.022580802781945394,-0.022816595152946047,-0.009875294472911859,0.021943507200570044,0.01881601684828442,0.05191493518787133,-0.0262032217219849,0.02168455735760016,0.008309034066333114,0.015615998310961698
ITGA10,-0.024079036038172456,-0.032126171887957154,0.04199655889308018,0.0037732697749374112,0.012608062641489743,0.014805754935608819,0.0007833376757097887,-0.013046353693326268,-0.014708222870909253,0.0018155065491398878,-0.01494568385029332,-0.011962253697412073,-0.05986268554227913,0.0014418126840598125,0.04606756515934551,0.06588462312229176
ADAMTSL2,-0.0043624925187712976,-0.017133780079076708,0.0540086201739106,-0.025969696859803625,-0.006116750960123005,0.016886265778163972,0.018120906991266672,-0.013105528168846062,-0.0053930965869482105,0.035213019589317406,0.0007660427833832764,-0.022453185826584014,-0.0388787743913777,-0.023653577235682514,0.015885916283796337,0.043814023769400974
GAS6,0.031814869070347855,0.021442899806681757,0.03556015067328501,-0.035991523440374575,0.008762762917244177,-0.04506199960209864,0.0051120353605598546,0.015354862991292307,-0.021305371154721444,0.004350604915300816,-0.018688798857122952,-0.019377239158865998,-0.006460303587817075,-0.024514349748246907,-0.0005406391263271856,0.014500307557947352
HSPB6,-0.003648368657533327,0.043475179272922326,0.01252469961474045,0.008222578998038412,-0.0011515601604959926,0.0026749129222200406,0.006250986422937924,0.003801628889322735,-0.011257102139300671,0.024856614572873262,-0.01566738815136927,-0.0018643891978847305,0.020077228919784685,0.027638965352271866,0.023275372306344678,-0.004862801354905174
PODN,0.026359537881791816,0.06279314479194856,0.016603392066728968,0.004440131943121139,0.015458641659720763,0.0016079149542659445,0.036499548329253166,-0.0032931893405392454,-0.004004494264940402,0.008171947611930819,0.00011472047074622457,0.012269199185788848,-0.009985259177505484,0.03179978877190701,0.005121120261810057,0.008638806908793494
COL13A1,-0.03058598431821247,-0.03754774088613343,0.04865412968327229,-0.01761429558907983,-0.01461600810605071,0.003438106726228337,0.02295216760059733,-0.01125080725262849,-0.0386472754286606,0.011052905938807003,0.00757534241114865,-0.0007722661486873651,-0.01304746201303868,-0.011402547127247618,0.014688721112028779,-0.002949245314129548
BASP1,0.00033462475785774244,0.03385862583347098,-0.0021562977584768696,0.03342029378097638,0.02814156978182674,-0.0017951829910343264,0.0386368254752191,-0.018683944303407515,-0.013665901799737024,-0.03897232399270944,0.019276145545010018,-0.03350984561931558,0.034547280732259655,0.011177977086105042,-0.016765038235410513,-0.006266185069951569
SERPINI1,-0.009898457394076483,-0.017515002950963404,0.0160680758150784,0.02736855112215094,-0.004037490676781605,-0.02031120114882682,-2.824213783456358e-05,0.023906791026687153,0.01464515506872803,-0.0058610229013232595,-0.002280585681118499,0.004465316155110448,0.024207533248588778,0.015338116541770721,0.02896012805893465,0.03448913181162808
SEMA4B,-0.004144320202266972,-0.05849502416214717,0.01577098134621263,0.011961399958974312,0.013593752715679013,0.008284061202969635,0.0038656597368275473,0.002066136932432111,-0.0032182766451888,0.0032543655656753984,-0.008176856638779451,0.013072234616162347,0.004512898780252187,0.006811757273975335,0.032629935017207165,-0.044998017228200224
RSAD2,0.01952204290937129,-0.026579130403937508,-0.0018230999281317268,0.018187991561634042,0.0006417116266293679,-0.03843442057536987,-0.02183360739727133,-0.027886154433466988,-0.03738803097697925,0.02343502455562605,0.058552556395383606,0.006834611782854168,0.0018415088067601048,-0.02096290629541296,-0.004008481444176279,0.01513738073217315
INHBB,0.017328324767081064,0.02626607040644536,0.009319715572499557,0.007292666548501827,-0.009438036549336073,0.02541046826708887,-0.005449051677575078,0.011734722721978598,0.0427868471822652,0.0383910677576743,0.07529714017671327,0.010278379910555566,-0.038840287837208304,-0.02474473972560485,0.008783822997062107,-0.015615431123938532
SLC20A2,0.0013435207686629956,-0.02406834400026099,0.03833380819204828,-0.014858202563407964,-0.009956118342997314,-0.006280235722085555,0.0005256315796809893,0.008867336093420273,-0.01753556750032041,0.02135871112865289,-0.007287853861669878,-0.02223772878534498,0.0764772193121078,0.023158074457434938,-0.013533803313812908,-0.052171004151919186
PAPPA,0.02092240086197226,-0.0027784676620388436,0.03235879751760091,-0.021805380374807084,0.019446274401578405,0.019280973543085722,-0.03773721371711502,-0.017467408825203836,0.014323347090791512,0.008362201742818447,0.03541339221585245,0.008100201485844026,-0.022544345121462785,-0.014793291762541946,-0.00927650281060666,-0.028611245352813102
FEZ1,-0.009728898391575884,0.01724071018880207,0.026348752635976934,0.019734417998789455,-0.036732926838951456,-0.0021764849533257753,0.03084637646649866,-0.0012990459340790905,0.0313884562948689,0.008647919324793552,-0.028166069694194364,0.026319753971368536,-0.008093050913596049,0.011791585614795288,-0.020870321476633383,-0.0036454897522159553
PLEK,0.05749554519343849,-0.03590210310850294,-0.015730691101278862,0.03046754926833067,0.01826368943452207,0.00017671442903405396,0.016924434117546662,-0.011964326051912546,-0.01203163129677797,0.0008870997457418248,-0.013516017530019958,-0.015608232682327684,-0.0036665294934927336,0.0116452921622387,0.016509575600980878,-0.01141591022318619
CLDN5,0.03718292652351936,0.004298332456362847,0.01925995325871072,-0.013658234607227095,-0.04907812987687627,0.034355858149427564,0.03287168928832363,0.06275469500351576,-0.025346160748512033,0.0037095792322366407,0.008287639696537712,-0.031825071151109156,0.008604682722219039,0.028469490355369005,-0.02685997656198415,0.043261412793717244
THBS3,0.0014038577302032322,0.05821934948587949,0.019437590989706682,0.007397459170986097,0.002005581602139056,0.015679560630201612,0.028341677308724902,-0.0362108665460796,0.013793908732151416,0.013738398999685462,0.029201163332466137,-0.007560033240816619,-0.011482216359297406,-0.035059278059378425,0.02832376638075927,0.01702061422851219
LXN,0.005112587066274227,-0.03487314391111524,0.02198845206561216,-0.02241276367713911,0.002964226283962499,0.009411490475476044,-0.016232341929977953,0.016012372482725905,-0.013105853092483173,0.02236423732199689,0.03373005911139739,-0.010300056165895473,-0.029094105305865096,0.019098242238087402,0.0049967290715772494,0.029095708857586146
NDRG2,0.0052911283646557665,0.006524638542203049,0.03454565730854004,-0.014192916410465257,-0.05394890495643707,-0.04238552017947417,-0.0015504000320760193,-0.013136763346952103,0.04221444511165441,0.028228343755569214,-0.04441523556655634,0.023540780137119723,0.027923047881408897,0.062021435704986305,0.006579328372789569,-0.02260574233426939
SNCAIP,-0.020243439216681258,-0.026526431516138316,0.029915385523897834,0.0009004618513870383,-0.010129734180649866,-0.002318027689631987,-0.005518629599641623,-0.029244837040601927,-0.04391986593329528,-0.0032136522241091414,0.018302834285584962,-0.012530451888144566,0.03385832547744728,0.013280310312926428,-0.01892717348578111,-0.018177045441020712
DPP4,0.014787172881153773,-0.044568731112737014,0.01705703481009007,-0.007972285706285947,0.05258884145291915,0.04732842156846974,0.023831377882102316,-0.010374183543612758,0.06416950788327141,-0.039929566264013505,0.019594892478546455,0.006777254382895644,0.013931485523823945,0.006219217678129742,-0.0014277066194085253,0.017305609155294943
GALNT3,-0.02295853145176956,-0.038278456826915476,0.038285377162481184,-0.01858871822809644,-0.010400285917357697,-0.002475143371327675,-0.0183154810715407,-0.04117660309022481,-0.008594220611583952,0.008246933151104674,0.016354404783466565,0.0003779097266213144,-0.0027447063507076187,-0.03466665887793604,0.0328324186914001,0.032793513102651356
OAS3,0.025397473913415035,-0.02111680223484329,0.004790049548654496,0.017039198473035172,0.010063117557991424,-0.02049894104002545,-0.042746067133247516,-0.03282226984990383,-0.05901939155250996,0.022704630065299162,0.039103141132980974,-0.028770455620517513,0.020850625128886333,-0.04423088407736193,-0.02774752153319867,0.02189542755556977
PTK7,-0.010940927568978036,0.019919436448348486,0.01655628456633226,0.04919677431716586,0.044880169220370206,-0.013508192653791872,0.0340320666834862,0.029690544180147167,-0.006543902293312859,-0.011894052956206706,0.015570459114169512,-0.03486602986258095,-0.01450201344878086,-0.02430957945574434,0.001205880618459546,0.04565280256704979
IGFBP4,0.03675842897142243,0.02347850400728276,0.035748913614968916,0.0029293196384682267,0.0054475804978640525,-0.00806383170201391,0.03559474001750321,0.021868111383868544,-0.013091710652939114,-0.006606048803194599,0.0019539115421730933,-0.009985767358841501,0.013534594809714397,0.00326854420206508,0.026244626089153383,-0.026964239528083123
FZD7,-0.003611044050507246,-0.023212902661509546,0.041204090525201686,0.002906825806706788,0.018800747681569106,-0.007930195718833553,-0.04322473322834122,0.008795459133743787,0.039903083184499505,0.007002527900553477,0.04954175049428769,0.041053008671018874,-0.01958698251876419,0.0006483499136875574,0.05281373447971229,-0.002570278898219397
ADAM22,-0.028671683915873644,0.0024263577065580747,0.029287857380795198,0.03457810156615559,-0.035836208056228634,0.005338196790436909,-0.0006544902642805852,-0.03927678229485684,0.001219440940531326,0.008433955515704711,-0.0037767442174679138,0.03040642042800131,-0.022170367888517704,0.015873731764927332,-0.02839324421707319,0.009258077241934977
KLK4,0.0005216723869451833,-0.03944883473499222,0.021253361766563162,-0.031016787832714547,0.0021942972673070983,0.03004139738635465,0.015369257555192972,-0.004997149372643101,-0.0449399007131348,0.004726353913471427,0.0061732123169931895,0.013366699753628471,0.0003261492390086312,0.03732189307295837,-0.020986372902083827,-0.035777919007476386
LOX,-0.001524639912093671,0.01938736038775539,0.007279277232812006,0.0002189086157142917,0.004050920855239381,0.06018668610905107,-0.0019336647340195958,-0.09007210090331638,-0.030482186820409523,0.028120112207421173,-0.024636280576699317,0.0037319992047255626,-0.04228355472086926,-0.0048325095432588325,-0.002402837006490031,0.013040728088308546
STC1,0.0014849291207220377,0.008247128281981174,0.0033519625633864052,0.033915635623239494,-0.0010525221183073066,0.047805688519987774,-0.009007135125563743,0.055325195347958406,0.0006881856618511546,0.03210436366343405,0.0330784781712888,-0.03222780706489489,-0.02964470003764412,0.004954285410983377,0.023655029353642953,-0.025117328346536127
KIAA0040,0.031120414209152014,-0.05003038905151525,0.023037596006423113,-0.017897506109689036,0.03481038419304819,0.0316758006976249,0.03302099834162881,-0.0010666435482326478,0.04253081089751291,0.007189148240479185,-0.03767127934856741,0.014478072323207455,0.006012274401440656,0.009570903580731309,-0.03118045606436933,-0.02481626990456934
MMP11,0.013656683311866273,2.309515047904491e-05,0.015138776173409734,0.002855459546154281,0.04078940428502002,-0.025656248542108854,0.008821467302607194,0.024238172198378906,-0.00984169125922241,-0.012615975536441879,0.005681400956779891,-0.025399876816565227,-0.047110555959678814,0.02261715721433882,-0.012748328947787196,0.056580928918983475
PDGFRL,0.007715546688511288,0.029546432197210357,0.03158140329926568,-0.03913720754987164,0.03465166513521965,-0.0201813824639207,0.018977422880329685,-0.022147288063636812,-0.04623709790844866,0.021362832731955824,-0.023766039783279225,-0.01792399967435445,0.01970713866896224,-0.005001204106148249,-0.005882381023911655,0.03175678897452601
IBSP,-0.0177854034340861,-0.04087981737028975,0.025147921362526908,-0.005092127353917593,-0.019028444141456314,0.04495767672904177,0.06368406245585408,-0.030104744226110293,0.002629475597019196,-0.008097558379738568,0.011663620806207267,0.035673032623121215,-0.017445254422470344,0.0073028767576171555,0.047006949790016295,0.03825758473611568
GPC2,-0.017793992643898297,-0.0070031446062999965,0.01790787514564611,0.054535666846227286,-0.002920185856480655,-0.0014742233712733083,0.02755507377619998,0.0018428298218942964,0.03301641678592494,-0.022428904925531002,0.017127853053906995,0.015782939756229346,-0.0035301381441363647,0.009810517597813678,-0.04603537782058056,-0.005752593665572119
IRX2,-0.022926264196872048,0.0017157760751692233,0.016011364543641726,0.024144948398403206,-0.007691473355437249,-0.03560079237784429,0.030114130602790768,0.0027521158384091094,-0.001831564624316058,0.012726252515220894,0.007416508076445668,-0.037289528768481364,-0.0030910002387150295,-0.024517022678750628,-0.001951557489137456,-0.022751276830794254
IFI35,0.03576238158197984,-0.02946805681171571,-0.00384396951550148,-0.005793074968373392,0.017378432126367183,-0.05310609224046039,-0.007349287449814705,-0.0020173582665704145,-0.05838250495884696,0.03788967059459232,0.02347815873480437,-0.016934229782821584,0.028525998619609493,0.0029341783483785534,-0.024194608849866264,0.03298139272852051
IL1R2,0.030822764478739214,-0.02352580782646338,-0.006321665068841265,0.004482969876837938,0.030925827766134957,0.013846798434579947,-0.002075804357039447,0.01023853133470937,-0.00027441078685417047,0.01855701168657822,0.029704141092917573,0.011179046996527066,0.021233119085739785,0.03375693588130656,-0.02244784994102827,0.014724915034080214
EBF3,0.0051316655507917626,-0.011495141306844224,0.04591762792895097,-0.011105507092874748,-0.03899356088823755,0.0039541802007107205,-0.0009374814113345851,0.018495518071411043,-0.024739508522254837,-0.017297185717406034,-0.011525635353699253,-0.018435473141020065,0.05562379596681156,-0.0002125469264376372,-0.020280040342255015,-0.01169911860450988
PTGES,-0.01153901173430488,0.022568201431095954,-0.0060958100757895605,0.020291454401941442,0.006472434466782995,0.004280738272139245,0.028411956940286438,-0.027073112924156092,-0.013746823411988216,0.03440080956443371,0.032999402773701156,-0.01669188463411877,0.006379453834133992,0.024652877859140443,-0.008887198273676384,-0.04888666064559418
CTSH,0.038851269585158395,-0.018862709645589025,0.002558474931086146,0.0072550511882353685,0.015721253443505574,-0.06166780874491785,0.000758507541029194,-0.019308734515712498,-0.028270786484256953,0.02728783281935885,0.012268209173015833,0.0006837400355027404,0.004878763319963708,-0.020410242207409914,0.023857986437264594,0.0022958535913138334
LRRN3,-0.019448560758827685,0.017317369576669725,0.032096238459032714,0.026585590507631783,0.0019436886127954557,-0.0004087828924212505,0.04071396289962183,-0.02872938498321812,0.01489294836948308,-0.035866257342782155,0.015764327076605154,0.0016976179532475779,0.027448883761362924,0.034358818421373546,-0.02076801935745357,0.025452701035615213
CADPS2,0.02164082177618789,0.006697293364887602,0.037869103478292546,-0.002380160682883885,-0.01236439800290978,0.027446590329351893,-0.019999790086244272,-0.026926332631165655,-0.012988888256266774,-0.005857828510654165,-0.027865952832907652,-0.008076478258330935,-0.003936664073273859,0.0013308930623771508,-0.03012556849386884,0.029152657937543527
ADAMTS4,0.016768748144293504,0.03958820010375462,0.007013035645980686,0.028247080131119987,0.027276031360043484,0.04843660719380131,0.008757402870436384,0.0435056503529717,-0.01276283945745218,0.01378989130251029,0.04414848776361087,0.056223067927235325,0.03457185701825037,-0.0026810220688292946,0.030946622297307356,-0.02671456064198686
WNT5A,-0.012439361094130411,0.0042295052800516274,0.019408180542071517,0.02847013890056418,0.03697076317427518,-0.0017705031499068331,-0.013286312935597554,0.0004490715994889833,0.03908834076756995,0.0040168343734279,0.015930624996993582,0.013361700677083026,-0.015783491271929663,-0.026009663971146964,-0.006032937809829004,-0.014008209780432174
IRF8,0.057273786461517893,-0.008571863114428665,-0.0005303151826299857,0.035750189296886635,-0.038813859193778624,-0.03777181219545175,0.006662052486097047,-0.023395329230624005,-0.011135225708569363,0.0040594430024667805,0.008466345973721506,0.03508377007044726,-0.01144695514518022,-0.006771835709942242,0.002045197603430442,0.008608633375432329
GIMAP4,0.05381037948126868,-0.014854903610029014,-0.014977917726366745,0.032399998228032426,-0.03210860263172152,-0.0421934249794551,0.014926570759640476,-0.012114069423494637,-0.04614885869253144,-0.006651798015056724,0.0013794172602013995,0.015721204840065537,-0.024796994034761356,-0.00441425115458324,-0.00935429553436854,0.022347149133822786
TM4SF1,0.04653448698193762,0.02944165526639442,0.010647408853585363,0.0015996622244967354,-0.012478331533211859,0.013140775083189685,-0.0009388856701684984,0.03998235895880648,-0.006981781706088999,0.021189153626123808,-0.011498908382022608,-0.014502079585065443,-0.02652416217916909,0.03414537609453969,0.004668080547166579,0.03363489407133668
HSPB8,-0.006408820366330912,0.012821884910690041,0.016339949114207632,-0.020248057555402824,-0.00025557658801813894,0.0028829635002359426,-0.03977576804638925,-0.022168377380851215,0.005726861991075916,0.07267804396857132,0.012689224668482707,-0.007883310564624494,0.04928643420652957,0.04537737541163762,0.057739354674062576,0.004938271265649389
DLX1,-0.037856837985719136,-0.020575597306837824,0.009362153757084471,0.03433100334087362,-0.016968454950962403,-0.0013425042312706931,-0.013622098720224844,-0.015594733391891475,-0.003528661539562247,0.009824308960232054,0.007171662102072748,0.01573110878473297,-0.004565374428930567,-0.016880141215436666,-0.03152189889344703,0.03434706110818279
ATP6V1B2,0.025439356836897336,-0.05482495466951079,0.012395322979671629,0.009733429089190579,0.06100773423364518,0.04837664784181374,0.030850118986664475,-0.0007069754452099144,0.021710176166640418,-0.0033125873140978732,-0.04704322606017556,-0.03384385204862893,0.012855710788681451,0.028036606505315125,-0.017471307332316922,-0.021544907664034045
LAYN,0.013640867948376153,0.01866936605522993,0.021526285576518017,0.009785187097518609,0.023272101773000438,-0.004299745613898929,-0.00928419969712365,0.03912918282232521,-0.04111703766441698,-0.007223949029613909,-0.008692452717478125,0.011408735926546598,0.025457316977520725,0.0061972827828541115,0.017219037690741835,-0.00495933818345669
ACTA2,0.031224986121134765,0.027614880578537615,0.018957812256761276,-0.004180903360007164,0.016864937771144225,-0.003275769372778852,-0.019437781452416727,0.026769117757779303,-0.018532439302162786,-0.008024487253551154,0.009483797386326393,-0.02463784706487395,0.012604634966873458,0.043094975119571687,0.029842533728200393,0.051164494190612475
SPI1,0.049160573168038464,-0.0529540509838605,-0.0018087946441278646,0.008871413683479917,0.03365366290610794,0.02011128588983868,0.043616992483455574,-0.003476939203859856,0.01053324715210377,-0.013957760650917231,0.01397230791824146,-0.02153405389064847,-0.0011781549100583731,-0.0034441183886319148,-0.005050840164253687,-0.008374587297336764
CDC20,-0.034304025124784025,-0.007837722236564187,-0.014693150677678717,0.06923262063040783,0.02376751927125828,0.010963460505872944,0.0029931002486682998,0.0010565284699617474,-0.042170946517487186,0.03034696736214273,0.003170320834532655,-0.008953116127069914,0.015887101980211905,0.027670112579504788,-0.01653284694413607,0.03794965302584757
RARB,-0.0162706942580487,-0.04951561163004965,0.034990596563916176,0.01071307598481464,-0.02117829410332437,-0.005612294543539228,-0.008056427672812096,-0.013435976096090384,-0.0005397427738220578,-0.007278814875615585,-0.011129772752472813,0.01619714943313847,-0.035046822709495724,0.0332165102251098,0.009216246319439202,-0.02208871851073183
SULF2,0.012176471151449621,0.015574693064144007,0.01365427178077992,0.02935641892907952,0.018755886460153595,-0.012782212000573357,-0.026542601675608277,0.005964355448134951,0.016458620023918326,-0.027907133940278377,0.04784373329273585,-0.01984691315031739,-0.024126013183811135,-0.014305637230257821,0.032773171678069354,-0.03609445461601122
APOE,0.045753468116863004,-0.012958227767552783,-0.0015588783658750326,0.009848607936807495,-0.0019569266826580806,-0.02352318451266767,0.04320397517784483,-0.009842610259649196,-0.02169274495662362,0.006264416579155654,0.0056150673908017396,-0.047586227815917106,-0.012199868980615087,0.025511094667817875,-0.01737573055858484,8.992532031901245e-05
PITX2,-0.021615626619797976,0.010996238820995173,0.01953797891097249,0.018875794366397483,-0.0016779490859343245,-0.052880795469078444,-0.0008118647749051338,0.0007520095325484623,0.028706757847492378,0.0048254848394699,0.026201961115558482,-0.02002143489814855,-0.0026142922246133716,0.0453556633700217,-0.014136724231225055,0.009565429933565552
SLC29A4,-0.02911445496993197,-0.026976329705740498,0.035432522045389235,-0.0009726837377219328,0.006895424792416151,-0.03765374278746423,0.03847501478682873,0.008040864285549343,0.008810513967279138,-0.0016543843296230594,0.025211630174611095,-0.01844337599913789,0.010817937391722748,-0.006687544633074149,-0.0014359263374497545,-0.04029524385578535
MYLK,0.006923482592109577,0.006455989017234985,0.04572969149256386,-0.013863378835833624,0.0032244763110111903,-0.021832033915892977,-0.041094639123183924,-0.010824624541771528,-0.045643274323473385,-0.030564591504092103,-0.005483332785089288,-0.0026629638979503885,0.023411056155092605,-0.006425946438485547,0.03333781589115274,-0.00931251848337935
S100A16,0.041331039575066966,0.03891017303975842,0.012154307328641787,-0.006135669055263032,-0.008880307611574711,0.025494036149692128,0.009863317314806361,0.02965857393171959,-0.01862906123846407,0.021649455265450764,-0.017727097994303814,0.005415662739212217,0.04832362623665092,0.015429834534268582,-0.0046400047215516445,0.043762495118794736
SPOCK2,0.031147502673355712,-0.02116755507135705,0.027728720080057907,0.013201288787682166,-0.02744549441192657,-0.03839415246905858,0.01622876562581513,0.018712746339797727,0.015521321800016967,-0.012595455773069052,-0.026495582001347225,-0.013238334070786468,0.0019768600630842327,-0.034327553912862685,0.018526173420986135,0.035835176799803845
GPC1,-0.03117483911890347,0.01116453777484285,0.02537863575593506,-0.007379738461682667,0.0166540302975276,-0.024272756029145057,0.04427540367047439,-0.005639122069077088,-0.02946162137520727,0.031520112331912736,0.03909772392144539,-0.025667219035091584,-0.00769673237354908,-0.011899482327712036,0.012210640962886522,0.0007243631628945004
LRRC25,0.05472885628809831,-0.034764513080075735,-0.01112669336098661,0.027489297995198173,0.02076102792053066,-0.006842820776110335,0.04828946964902575,-0.00030387351941633223,-0.009325377465428825,-0.01009586157190091,0.002462824123935868,-0.007862728683601314,0.015992142050978608,0.008167729989395415,-0.004382541283435477,-0.001817241380054498
LGR4,-0.03424322609827134,0.0011794999006026112,0.03421928292824181,0.020024627952227394,-0.024355469783551686,0.02957781775644225,-0.019338263702154735,-0.018927527871968386,-0.022430458640645662,-0.03110081324990158,-0.019995281577354314,-0.019490389343076255,-0.022858493181371637,0.02136568003732323,0.04525810049178522,0.010396326635378383
CDC42EP5,0.0066062809360577035,0.025897824774550784,0.019058611334426875,-0.03153117845711125,-0.0019451417433932897,-0.009166348230839476,0.05627789044314539,0.004126640175894713,-0.010600415671212778,0.0451406587667579,0.056995713578438426,-0.03245836542499625,-0.011502073494360051,0.04261761501732525,-0.029830099775727495,0.012891714954441845
MATN3,0.00015782800487990772,0.01570753330744544,0.026300721546921733,0.022864712101240105,0.022794302254362558,-0.03678136477157511,0.032413384947756536,0.015198482762107477,-0.010999215172181253,0.016741673953935325,0.025458785591185404,0.0223307412241939,-0.007957036254471299,0.0024797032732541404,-0.026777043145122217,-0.01345255749474987
ISG20,0.038055506815853,-0.003303412827891418,-0.018111890137857772,0.030485085061225884,0.01710352807909206,-0.0369510610454062,-0.010158104105451326,-0.005776021746601655,-0.04212110023706718,0.04785820071255474,0.03239493460333885,-0.02366121519852008,0.009887407555240837,-0.005869513003463338,0.005510635595543817,0.08088924661314563
MS4A7,0.05343114911752801,-0.0011669512506016452,-0.009698785104788946,0.025637698049016954,-0.020646463186386032,-0.026272160761805167,0.008308030869598235,-0.04662397509048464,-0.027487265120708364,-0.032935603147716236,0.029400905164843446,0.025113598037400816,-0.0041368660336480855,-0.006585085369068287,0.010558836068010802,-0.011846874979695408
FBN1,0.03590104626189175,0.04188537831166395,0.031239431536164257,-0.004376181730403574,0.03595319273363202,0.00777641329951468,-0.022546432119172226,-0.006362086941135102,-0.006274265487097938,0.024546037557286814,0.00032171197069648903,0.00877256540953808,-0.02556310389517834,-0.01756305998612252,-0.011468787990364005,0.0027419384938413586
SPARCL1,0.03285807429565247,0.026841831597427437,0.03536622283851821,0.0004514352288279224,-0.04327706398397998,0.013835910410595235,-0.016543978798037814,0.05406836205121563,0.001531359437231187,-0.0022821027740461755,-0.013451647216306062,0.003685435104365909,0.021794043210529912,0.018263600254291912,0.009370833727164447,-0.0063234563841952605
GABBR1,-0.014116646273847412,0.014381329817443072,0.0402305634292579,-0.006793679083303972,-0.0159055674524343,-0.02477097652730508,0.014509891223213894,-0.008735260202600074,0.032394926555865435,0.019504802137797927,0.012026965903072652,0.01161355432998153,-0.003761452774654934,-0.044728590426157316,0.01067844639170494,-0.014588506204577748
NRXN2,-0.00020773199132369637,0.01489150803785653,0.04215457674334474,-0.0010917890714208143,-0.0038096780634276845,-0.03904156292675648,0.010475523994167173,0.02867508911032285,0.012443512531987059,0.008076452292807842,-0.00293255163411257,-0.04649982155198508,-0.012074889980998186,-0.0042141143271843245,0.004316843292693877,-0.034329257196625974
NINJ2,0.001134685818529792,-0.01332579720149914,0.030470702807645605,-0.030252100410386045,0.026910640641777322,-0.019020978274330247,0.027806511854326893,-0.004581590862683383,-0.0225511042722084,0.043075980073775,-0.014947916390520705,-0.002666768021816304,-0.027586128946888375,0.0317061349893442,0.014662821366420734,0.04937341283523262
PROS1,0.017348217185581095,0.002556565066568588,0.041597113130318226,0.0037958666180213643,-0.005413175693973302,0.008426166037039703,0.024952812799624635,0.0006586333749294898,0.0037196260047809154,-0.011894548942556581,-0.03515474502592278,-0.028653936139061077,-0.01206957985126401,0.024220958643783007,-0.016388925730605585,-0.004922809171597
TNFSF13B,0.0528818929415011,0.00137319058156434,-0.020684177944074695,0.025371489844892695,-0.026579404984985306,-0.03588887519465666,-0.0014215358855321457,-0.03461725657339168,-0.01985090508897729,0.006969893313237708,0.00890416531335767,0.014020492088739244,-0.008371295841873499,-0.017821283415378125,0.01692817040904677,-0.0037433442409050177
PPFIA2,-0.014031120288050515,-0.044769379390957265,0.04609995093558504,-0.019671320997100117,0.006200605630526683,-0.020011755733140298,-0.010610234831009056,-0.0007303918915587066,-0.022668723252751388,-0.021506828368198592,0.003209487255199917,-0.0042742262920834,-0.03137151531790464,0.03998370253559477,0.0018422681710254353,-0.02680096643731142
F5,0.04012126660492116,-0.015180680402682377,0.014048460489709261,-0.024799237880463034,0.017260960848711374,0.02890969046647837,0.012468931750481528,-0.023502766276217547,0.022269480520773984,0.036787006998163105,-0.008260812098736945,0.061897100298274416,-0.036768575766857006,0.015420510995709936,-0.030926951437098234,-0.022136140373364335
TNFAIP8L3,-0.023119697005801618,0.022513745763986844,0.02836807595837465,0.01053067238133874,0.016874243059032654,-0.03207186398253605,0.012468470530401567,0.0022673789748037694,-0.024006497455325557,0.0048522006078973445,-0.0025380984727113344,0.02509502206663223,0.006907292382525199,-0.004937123112734931,-0.007818584329597159,0.01809240106390574
TSC22D3,0.014466754189394231,0.001388392976536708,0.026680017378894555,-0.019078657058424937,0.009520840640723269,-0.052598734048889886,-0.010709239791862179,0.023062171075358313,0.0078164929521594,0.0016011798212459379,0.005909818733477613,-0.005688697078961033,-0.028879025560347556,0.05888356376962956,0.035788223434168216,0.03656974157536353
RGS1,0.04035748106599648,-0.005461197687886429,-0.020059038577292517,0.031570729710667274,-0.003626410377407901,-0.002750467618503196,0.002704064905935382,-0.02632526425733081,-0.0014079389819638887,0.029633900242801457,0.03800003026163601,0.008105893977754257,-0.037001742264938194,0.013222759315136959,0.023968073137702117,0.005943024283647989
BMP7,-0.027138505122017757,-0.00845555864128074,0.018340620338146398,0.037727581641940136,-0.025748944718388928,0.004842018718792564,0.0377069271668198,-0.027883837280820598,0.028144187970636746,0.016209283535525244,0.027824432585770057,-0.022791912395106893,-0.031835105353926516,-0.016667530098566488,-0.023101099966345788,-0.060224263255813815
GUCY1A2,0.01740102671925293,0.028891247881162863,0.022994385717358817,0.02421379815880003,-0.021864107997228634,0.047960674373890635,-0.000892495120107693,-0.005380054075728726,-0.01952188490144347,-0.0026706265363109355,-0.0028861222986208013,-0.0035518031768068457,0.02278291762052374,0.01907065802717868,-0.01793392045213475,-0.015102621604629624
FN1,0.02870870952763653,0.015268916733610216,0.03508969084476417,-0.02051480276276647,0.053451243863362634,0.016466013323554945,-0.014542294154169733,-0.00685859212852606,-0.008238372087371389,0.03438036184867812,-0.004867981962524758,0.024429124638821926,-0.03457749988362991,-0.017220727911933045,0.00533819628729052,-0.010958695900811676
CAV2,0.040232832435077526,0.045382128517137084,0.003242700093382518,0.015775584554675953,0.0023576606160742876,0.016301672003166484,-0.025505220612163558,0.030420258323562724,0.017479552728177663,0.00847079996349964,0.027691137589858136,0.040770805951702294,-0.01802938440485273,0.029617967981756498,-0.010090183638151944,0.025515354102072268
STEAP3,-0.008068958309616509,-0.03467897876085098,0.02139959942747698,-0.0108566366182102,0.003153597710543015,-0.0074867374058750205,0.030262775475140023,0.0002551653210818563,0.013758301980160028,0.013637917655014466,-0.03431295224274833,0.07051896052742745,-0.0027941101690346516,-0.03386852604869223,0.08159398257355994,0.009571056946623555
LCP2,0.04415301479840874,-0.0412655190611706,0.001459249322997407,0.03794411775428358,0.005568672826265523,-0.021793170010418993,0.020070398951994205,0.021858319804371366,-0.004840304986283775,-0.015646005491586,-0.009375320871019981,-0.006643581451659334,-0.013407122638440865,-0.007735753288737277,0.026160811021171716,-0.006053313725662889
IL1RN,0.04497110715990411,-0.0213443108227331,-0.013363993999155756,0.03293930806526919,-0.0021245363281052997,-0.02577337485860392,-0.017037871457827036,-0.011731889553014407,0.015110327063958137,0.03730123063435783,0.0464035552296033,0.03676181016352039,0.01808982323046146,-0.004174545930594272,0.024356610160840737,-0.009812889374786625
COL15A1,0.03786487478663195,0.02068125172321019,0.026479480861693144,0.01401704866345987,0.01738655892306059,0.04242053366573165,-0.01866846734749234,0.03999026257369905,-0.019389802499440858,0.037001825168155186,0.02159261307079543,0.014059874079728207,-0.01746228010849063,-0.054782651685582856,-0.0011087275353298728,0.01683741199000244
MGST1,0.02126467613776778,0.0006600216697691597,-0.018436894562992447,0.036364569338423476,-0.022738614633782638,-0.028519260495736023,-0.0065547208544675314,-0.024434494481442116,0.002280407415384012,0.012911168982820107,-0.0021745257163096002,-0.014247529196757439,0.05413532855196855,0.02137230246060462,-0.003325302812424045,-0.06407310938427088
SDK2,-0.0363102072555381,-0.026811484847614846,0.04686557249847043,-0.0009932894321636214,-0.019778726582956742,0.003327786230265188,0.011845047255159844,-0.036106299444188805,-0.013575450662238399,0.016721488743965732,-0.006831280555947226,0.015356853043747584,0.0017680127338174922,-0.030157403095845838,0.02547046045738235,-0.028960618165520927
LSP1,0.03658568260938079,0.04063737786778547,0.005732669174536844,-0.003953657186395782,0.005274852856428357,0.01906015260516083,0.021949090160944103,-0.014561629983203456,-0.04345427991565397,-0.006596211380265889,0.00698498748498747,0.008900032249427963,0.03482857522455008,0.00917653514207136,-0.024822541935784894,0.03542647448976942
CYP1B1,0.02351708996062927,-0.010465123396736897,0.05108998439130877,-0.027509577821926867,0.019462061357953114,0.01616300625744049,-0.030905069693532006,-0.02040604741141298,-0.014751701521135885,0.001035095313445299,-0.0029484704808744834,-0.026875626240012784,0.030284315535851307,0.007230988463679653,0.00825355551689807,-0.03932646720447901
PODXL2,-0.023239618318521477,-0.0019658317312526686,0.007820863977597936,0.0383738806890179,-0.030231758978964345,-0.0028863598375615755,0.056130588568441726,-0.007156686198984392,0.0313678665345007,0.0006892912945651399,-0.018315154231135344,-0.021679736402093665,0.020830457939632223,-0.021692200434168044,-0.0015116024575975618,-0.02483654099230269
SLC38A5,0.003632604828737341,0.03289114837979036,-0.018176787570720734,0.011953075992489258,0.012241538034611555,0.01674796640151466,-0.0035363991068054347,-0.026629792646148065,0.018364364734785865,0.04371198705854655,-0.008509879811751267,0.06508463198611324,-0.016691287417915895,0.004048246979676949,0.016236397096778838,0.02451518003911441
COL11A2,-0.03431876242725048,-0.0034438548594017977,0.025465279760024336,-0.0004451492332800529,-0.041278184752887644,0.011699856112417695,0.04247260711493116,-0.04337174694628779,0.009704368015386539,0.016117692885930544,0.009622785425671321,-0.01768985828797193,0.009715978210345054,-0.026601646741382646,0.005139366530957776,0.03716289010968841
BAMBI,-0.03465030736591113,-0.055167967201748776,0.03137493765389155,-0.003414309511122631,-0.02037225445336004,0.022092443001420495,0.03714204302325163,-0.02398813624683931,-0.017286781860680053,0.007031032763555148,0.007161000797372894,0.002549264115884268,-0.025420651087494077,-0.001065738262211116,0.020738139341502964,0.00366965330268382
AEBP1,0.023871223675629726,0.03878394440403845,0.0322459187119798,-0.024199807821189828,0.06293020865902195,-0.008703159451492058,0.018011657935469445,-0.01819843354888332,-0.008369319842315268,0.012716218158116542,0.0006264884669073684,-0.02424836992021894,0.001281342868581922,-0.0019122454326059145,0.016697515673457973,0.021229009477532427
SERPINE1,0.035253760890473905,0.02903440899614267,-0.008215741209523817,0.014279388002378431,0.03088744131174531,0.01012415069465964,-0.02023779387165008,0.01783365813403024,0.031004885883382436,0.052920331278482495,-0.005894062754435142,0.030952793636863082,-0.050379505541858244,-0.0027037768978094906,0.0331505996793796,0.005272824093174313
MMP12,0.019146105626846974,-0.02219855318758457,-0.002180608058527605,0.007850573495476812,0.0243460687582297,0.04215713129741875,0.004557045387744353,-0.022733045460875387,0.037306977083001264,0.036546403139760736,0.038089691615594105,0.005882313999792069,-0.022257899022932865,0.009151984236874312,-0.01127867165594356,-0.003809760075662685
TGFBI,0.010209967132333653,0.03639784286023443,0.005919852987137007,0.03443552871628711,0.04902915518664382,0.012071296765167158,0.050238322651213446,-0.012787710472168106,-0.015225698293118494,-0.01222812657866568,0.005920562368399966,-0.0004939728158665107,0.019535797948706243,-0.03512264605744508,0.03374847832474517,-0.025706754341197065
SNTB1,0.004929917834152768,0.014255056722448674,0.036113412586708235,0.016974387065740695,0.010424343159175621,-0.017558287305726956,-0.008766327143200291,0.022445066394249737,-0.0028864929250897817,-0.014861676644950913,-0.015453449307755602,-0.028596719226179367,0.012380256218333973,-0.017658863471409936,0.06766841330338332,0.024906074425869354
ANGPTL4,-0.017500676229512173,-0.010078443139864456,0.025365397981670913,-0.014084116492546327,0.01665174104650931,-0.022336512942371135,0.014206340168025305,0.03260442751425133,-0.026347788561932286,0.043500108011283636,0.03418623414634874,-0.0006573684474561296,0.0077579627476403335,0.022809812524952303,0.04605490255497968,-0.019535076446396276
SCD,-0.02543875555372437,-0.01549681240814342,0.008499288941613333,0.02306909334355822,0.014988357330210575,-0.018307028298377732,-0.03294226068541431,-0.02132707073607015,-0.012324369532891595,0.01625713950352202,-0.016830106590141183,-0.01121588363494035,0.026153909728700183,-0.037064864564952844,0.0555959268983415,-0.04415297992167529
PTGDS,-0.009653205211153922,0.01260785297289357,0.03168374031573176,0.021893147175725956,-0.0148375991378539,-0.043169193384476424,0.03602535449100088,0.015137914465288324,0.010077548084846096,-0.015132757634143143,0.03798875867606698,-0.03896135806427914,0.023108210036775864,0.03554668214697622,0.02394642659810605,0.017000360758113894
LSAMP,-0.009327940864225186,0.008805261086163137,0.024649149382610477,0.010026825066579995,0.007299933043262932,-0.028521808956926936,0.008611273190214387,0.0010900946583793994,0.027994223871055955,-0.007667239295703708,0.012023771655789103,0.002311070217089442,0.01152361345528487,0.03587539645481105,-0.028756899201618596,-0.01177497542501341
GIMAP7,0.05226135970187087,-0.008645048389360714,-0.007958986181102,0.030398214365193417,-0.03990694353248126,-0.0406120400585014,0.00922224611748792,-0.01979893774115464,-0.03513956155986746,-0.011948118936148918,0.004379545137989658,0.011414006589393575,-0.011706966402956489,-0.0061887561904638245,-0.020893550924962184,0.0023954832450543543
RGS2,0.030726461779697452,0.004829827579359608,0.0038902322167547404,0.017698346187301255,0.014539089709322607,0.01771673696393824,-0.03495709221531541,-0.010131380504740018,0.032729764446121426,0.030601266284100336,0.059091705234501475,-0.03003919296586343,0.02400906318032744,0.027507358704597522,0.03661169575636697,-0.019860231615505233
HOXD13,-0.03683121719364682,-0.027395862243975718,0.026792344194482464,0.02450172730633226,0.00229492553131879,-0.029841869207073844,-0.013137784421314299,0.0012463497074752892,-0.032631768540420665,0.012802514666840946,-0.0006331152600087368,-0.012908479787623352,0.0026036653910780335,0.02235721241292238,-0.02296436413291049,-0.034752790718394065
NAALAD2,0.003027192002591172,-0.02544176571388659,0.03681709391740715,-0.018330358397979394,-0.019525475016374194,0.004595793772783524,-0.004663283413682369,-0.01286887200595452,0.00904073770790681,0.005484054551562163,0.003139009460133674,0.035756667192697746,-0.0007229195695137155,0.041309178301316474,-0.046048867814251625,0.03173549502785099
CFI,0.03980750828441241,-0.003735940305282655,0.016617182878393106,0.0018509348892118231,-0.007006475560422705,0.009214322427895992,0.01182079060862676,-0.0014350133401016063,0.03974606656345179,-0.02264401839702409,-0.006115427441100479,-0.007311785731241249,-0.014211639525764687,0.06508282703937786,0.014172031136990719,-0.002725526760228962
CPNE8,-0.003562337904641931,-0.0050236357175895245,0.02066611993503298,-0.0024404265522835642,-0.005426701039975208,-0.006570210796480827,0.014835460947054084,-0.03732753319613556,-0.008232914963364375,0.027588179563880252,-0.05573570305720198,-0.005927640157546685,-0.0386699906013866,0.035695070228346615,-0.02137481768355848,0.013187871972377335
CPXM2,0.011863777337712482,0.019619468635860428,0.039954379067253395,-0.017525244831371013,-0.02884555970197755,-0.04331461395470799,0.01865016352033347,0.0056643451059553785,0.00737152409563348,0.012895561123088721,-0.00513087312428021,-0.005369070312452394,0.017947820851806365,-0.011276933692598301,-0.005106421653445605,0.0012476826073460094
MTMR11,-0.0013461873646393886,0.027620539064006217,0.036480330220352276,-0.008164398567440632,0.018162735627802403,-0.03789429019681137,-0.014537545985543382,0.002251271083944255,0.013831256386189093,0.009699336176555783,-0.024583275828015096,-0.019537671484641778,-0.03899271028162794,0.02439630554228929,0.018982461106591013,0.05813280845571009
EMILIN1,-0.02370574224919954,-0.013225921153630802,0.030725260520040168,0.022465074913533136,0.05103078235183522,-0.011617896491204198,0.04379924082647532,0.016547827300598957,-0.03303987134952331,-0.010228666082270731,0.026510429275242366,-0.029009372985957328,-0.03039730450335925,0.01917213811292947,0.027950640377243936,0.00457794747374452
BCAT1,0.004736926525168803,0.028690546794351686,-0.013116441467145454,0.054143712102985235,0.005998805220015145,0.045665212395380406,-0.009154056950213414,-0.04732620162630559,0.0002949599186292916,0.008035570343465673,-0.035048753797901754,-0.00581979739776653,-0.055454387951156085,0.002778986643870633,0.02263881705611323,0.04120108662330756
LRRC32,0.032713553250604335,0.03524802003048811,0.02218124894974763,0.011053990585897006,0.011421221865875469,0.03265203424891619,-0.007688910532781915,0.038067650420553815,-0.028278242436650648,0.02858260762702235,0.012111247386459844,-0.03276632561095193,-0.015149137637349958,-0.0203280967333922,0.05439207359240201,0.017276565199811248
HSPA12B,0.01697000244425965,0.04745126952295451,0.0309833921762421,0.011156270413499527,-0.011129254064419733,0.00843208025543329,0.034362579481066156,0.0091389019934941,-0.012966690664286339,0.0007231507282138362,-0.023487241512411328,-0.022887354599564848,0.03919457366261061,0.002221100565505972,0.002905574580903239,0.03956925609022816
TAPBPL,0.041473398721385855,-0.02909747613050407,0.011643363372750806,-0.0029636757612357843,0.007804498033087663,-0.02915532835055171,-0.004883459063718002,0.0019913772635016,-0.028358853224134582,0.013102602296256335,-0.005408629797487451,0.00042792810804014904,-0.012377265542252927,-0.010990568185698827,0.010676127994073904,0.03199610750525025
FMOD,0.012217351846213592,0.0279176979164605,0.04040913120583566,-0.04608311339066635,0.02035162414914367,-0.013557262386500922,0.0010166728194603795,-0.026254905575272453,0.005666890188949749,0.04223149553463114,0.010764977140923629,0.013532861931202907,0.0220772153236799,-0.04339637601382766,0.012161553008207029,0.014647036590761775
SGCA,-0.0034914164784636435,0.0030676749838369098,0.025812328149421526,-0.014065723007587658,-0.03280955717894343,-0.019063420046145953,0.006372300715164871,-0.0304047465917544,0.025946506337987944,0.018137530401065305,-0.008916434932870882,0.024595234485441993,0.031172942800661112,0.035353595562305495,0.06432074384125734,0.012115916993521094
CHPF,0.002523029372549445,0.03537379992447231,0.01314267298329324,-0.018843919827176748,0.011715080538142839,-0.024100868225497493,0.036482619065920735,0.010057864559049627,-0.02360643467928453,0.04137456147625349,0.027014778694350292,-0.04664897160263471,-0.033028879414713164,-0.02657928867248396,-0.028421734849996515,0.0030423798799047476
SUPT3H,-0.0006236145466336235,-0.03903535908338551,0.015498538673146878,2.1160852072722594e-05,0.01126660057622919,-0.014168918947835472,-0.00991829058807832,0.029573438555414392,-0.007999725748086264,0.023026934242280552,0.02874709939097151,0.015901394928422675,0.00896723031080055,0.017117259786121726,-0.03808030993072674,0.014987655433361578
GPM6B,-0.014270205030248399,-0.00997967093921957,0.036487888267787975,0.039593982212747125,-0.0035907356334082784,-0.019858868739681186,0.017353354679011165,0.02466271650651773,-0.02221495394377504,-0.0381913270340865,-0.002782619766844032,-0.021895542235362976,0.02243613880441386,-0.020206986683276255,0.007069564811612443,-0.012085202861454045
IL2RB,0.040604770714894864,-0.01521545133535417,-0.004131161453543601,0.03516300558824762,-0.01733766498692532,-0.03228179884651873,0.008890535821363954,-0.008051627813109193,-0.011307902372327953,0.0075851622156162275,0.01510890739488964,0.03538971324179119,-0.011131812737561773,-0.025355378672009453,-0.011792977378492404,0.008456513342060818
MAP2,-0.01814323134818019,-0.040568813090942894,0.040248457602592505,0.006380301701922622,-0.021419774098222925,-0.022806724685233013,-0.042097003669668655,0.0074472134779692434,0.021606528826133387,0.002068283359344656,0.029640327643627992,0.005250350094886464,-0.00780632906979037,0.01205204711456116,0.0027066422748529993,0.00013970130131856807
PRICKLE2,0.021606556771702253,0.05860381263670053,0.023389408952508278,0.006900094708774772,0.024063004122815965,0.012842228386090379,0.011408057037669226,-0.016204439150635814,0.012186934756560228,0.00032881913617033515,-0.02396076911291704,0.018042309063023253,-0.025875290772216092,0.02137012371685786,-0.00025705435944163173,0.021279905988116583
NQO1,0.011126110443767108,-0.017004604749584637,-0.007825918072871429,0.003836848944900983,0.007905295869265992,-0.0034672301367448294,-0.036876636211191555,0.0022372337179011096,-0.03359593218400328,0.06791613451131517,-0.0019689494015921565,-0.021668880652189915,-0.023630973662792532,0.012575048356087819,0.034840970405616345,-0.019427553485042333
XPR1,0.006309214098562482,-0.05540542033776352,0.026440143396960335,0.019081738699037114,0.0371879239586964,0.054197103371051596,-0.007312244881402771,-0.03802019002073113,0.025694213637377474,-0.010172269278151616,-0.04810345121578997,-0.012626286646270015,0.010194111929913433,-0.0011105397139893286,-0.004864456868462361,-0.021781919667209153
PTGFR,0.013841063376113379,0.054098866583014125,0.025580843803870434,-0.010544372269403345,0.04164415847196673,-0.018839711539508752,0.0025272152221476754,-0.01645099720933938,-0.0057841698689586095,-0.010620191301215038,0.007906340675171923,0.019336165570951875,0.011694502015115012,0.00018838631355648028,-0.04035619045961973,-0.0024015565562041105
HS3ST3A1,-0.009080810515731494,0.01873960581200715,0.019907214865850183,0.04340918141221882,0.018843644279360954,-0.025923404146550783,0.028701116577098874,0.016471365163847854,0.026452900720215715,-0.005992713703069145,0.015540671287631485,0.004375118011929439,0.010216806948997775,-0.02889732094862904,-0.020220836350060205,0.014126011444415132
SELENBP1,-0.005589604791060039,0.01863183393387713,0.023319689490697654,0.014448430530637654,-0.045432256906862714,-0.007937841776359074,0.031041757397541978,-0.03568993369846045,-0.03965060705545269,0.014405405996919196,0.018700336429847003,0.024471104284666194,0.027828213769752527,0.028039147462705943,0.0013752649826277528,-0.021116064169600584
ALCAM,0.022176738235301564,-0.009506022440335141,0.001769792815179252,0.022859231096786222,0.0034044479446881893,0.008486268158986149,-0.034529571468694335,-0.050693504639885555,0.03927259055383736,-0.019005185507392067,0.03218862069674491,-0.03132587688113088,-0.016707792690918228,-0.0025436260759865957,-0.0222801995693008,-0.007597995492409901
SLCO4A1,0.021986216629222857,-0.034794206748299555,0.0031192497926450253,0.0012183825479372724,0.021980832353006494,0.040862796177540274,0.03535239957148365,0.016102428664722154,0.07911481082770981,0.056345440328291405,0.0026891816085976156,0.00933263878586365,0.0447324365270136,-0.018097940198633748,-0.023348566500885192,-0.03140346060178939
AOAH,0.04868967882591327,-0.02315498682965758,-0.017369042439110825,0.024927707631781287,-0.01661694523582154,-0.03777844124728868,0.005099878582840372,-0.004194810217720888,-0.01412477561829887,-0.0016412260419767007,0.026891970745440745,0.04653019112090194,-0.013183567751918517,-0.005988387417974089,0.006619064749964335,0.008370564176709897
C2,0.048933747185567686,-0.00010419649199715979,-0.012229694056555409,0.02108908610793346,0.023890352961536583,-0.008156785506302467,0.02276226899557285,-0.012489393311571102,-0.027996805549607418,-0.0017762204096466213,-0.01561997813844122,0.006553704979061863,0.0031763851292558737,0.01682877061209556,0.04015289564714808,-0.004937445150055583
MYH10,-0.009099137262782948,0.012817667775689278,0.03037200843498568,0.03120146568472247,0.012583222912025616,-0.0305421127347123,0.010434586670030964,0.017690153752787735,-0.023485893846183555,-0.06667008276300793,-0.003367908279035519,-0.008718104111508543,-0.014239051961990004,0.04954465899276111,-0.01157994928338004,-0.020810131834830308
LRIG3,-0.0024161831421205546,0.048685472431916274,0.025483354790088848,0.023323482924469428,0.020898722950147143,-0.01047919492560111,-0.0039202224341705165,-0.012568014872889957,0.011911697014519801,-0.02225101354710326,-0.006644023518634437,0.0077114766146995015,0.014293259477241717,-0.003946541060171059,-0.00520004170805714,0.012210452796842347
NFKBIZ,0.028635654411524516,0.02758616703103585,0.008013970505516837,0.020233845379912182,0.0041554634245514165,0.0082227294216725,-0.028364102556577876,-0.0022155984726235987,0.0012060469838561863,0.021254135629037538,0.02283328211690125,0.009948478742345834,-0.004177624622643112,0.041087087916126,0.012652392923066982,-0.035468706426008245
IL21R,0.03422048142415297,-0.026889732119478593,0.0055468001088812904,0.019500018440246684,0.0007045307219075989,0.01629781937442781,0.018349852879365053,-0.02013829130897847,0.009198957682690608,0.013379182571033517,0.01368103450776957,-0.026664062512831554,0.0014106528144612034,-0.027496945762211174,-0.0018577373127521817,0.03765036200042708
ANKRD35,0.0094298553469215,0.03059387824278507,0.019545813639182265,-0.0013732511731301244,0.008014124763627794,0.015637257749683234,0.05904687865863469,-0.015367932864535824,5.594585255681763e-05,0.021787579059328065,-0.029471650045341993,0.02476558937124318,-0.0003151105855897312,0.04442875722352722,-0.02075296001491755,0.049086815030062715
TP53INP1,0.02217459717007475,-0.019110994346960647,0.03881812828369159,0.00948572383371974,-0.01594241288922007,-0.017522877529731445,-0.0016075052543338304,-0.01756743822909453,0.04497506335281386,-0.031251638277105934,-0.017003084395872198,0.03421672051511571,0.031847890152445234,-0.00040894906232680044,-0.0008024631999470544,0.03531694433342884
RAC3,-0.0174844684184424,0.02457515720876798,0.0034812084420388885,0.0012175343689232075,-0.008583568390383392,-0.02314753593813925,0.04648490177959092,-0.015684188284372638,0.03561850795215617,0.014532373918181778,0.019250347534458943,0.027148278310035193,0.0365699421979931,0.012989817363921238,-0.04057488522840806,0.02408744625364083
PPARG,0.01941083094902939,-0.02450279006505818,0.005739164412937645,0.026858498160358964,-0.009795024324809236,-0.014160680295984109,0.004472040931983419,0.02689784046341337,-0.049652927251564914,-0.03250913517922681,0.01767122883605566,0.0036964207156524676,-0.0063718979164998375,0.043834382296831044,-0.00428151281122276,-0.010973219025200988
ADAMTS1,0.004176157627790219,0.0510096912636943,0.025353714818243694,0.03637017333332552,0.003836775521687361,0.026304219656956594,-0.014147788673827079,0.03232052198287633,-0.010095504749920572,0.0273640578648227,0.046463239791025124,0.008931478148297799,0.0201510607014643,0.0012918120364656168,0.009662479197035567,-0.037094675940042676
BACE2,0.011598489920127793,0.02316190343107409,0.03241471815144105,-0.007307408113061338,0.026606295033330812,-0.007266304380907999,0.02505921276271837,0.017047204509873494,0.015965005478327597,0.016357538151400248,-0.0026367686889286323,-0.04854272088156458,-0.021436775769568463,-0.06693155089081243,0.04142671027800985,0.024796324002982654
CDK5R1,-0.01791665603147912,-0.008563132821035295,0.033381229558696955,0.008576279905513972,0.005560015788395246,-0.0046152664973570755,0.0049019777704956725,-0.012781991125780736,-0.02002863603521755,0.01092793679853276,-0.014414579976011496,0.02059056734344593,0.04140190804673652,-0.03340492373512882,0.04924691599637727,0.024354241235187424
SEMA6A,0.0064985558404837915,0.024898514068789263,0.03923541296980286,0.030807600166672448,-0.03858228406875645,0.025879152054391945,0.009133447041727784,0.01465151355074147,0.008499502928384571,-0.012623041262700908,-0.005060943782093652,-0.034119116855473475,0.02615808075200944,-0.04337674658629792,0.003219120306170142,-0.046275472712276035
NEXN,0.010180378192655295,0.03820198483769555,0.005827438879754676,0.010613576099532365,-0.03769302080491973,0.028779643457335184,-0.013023388739886375,-0.036380238671975394,-0.003894627097348964,-0.015704102857157873,-0.015045365775056538,0.014498983275676973,0.001737219114572414,0.06689503665663192,0.020572101184732062,0.03548981745829958
HES4,-0.01081849488018784,-0.028715437305159127,0.03802371571169139,0.00889067054675495,-0.028378063510133035,0.015274363929130048,0.009945298745678205,0.061738063492288865,-0.014879329716763038,0.040311636507972,0.0536341977666146,-0.019993902471048815,-0.01105921048859929,-0.0064941626947181965,-0.012311146898182688,0.02205608640230814
OSR2,-0.016930464775792353,0.03151057389773013,0.010533588419373104,0.02160991869438976,-0.015288408818388288,-0.009410463523766939,-0.0067821575912896575,0.02060175710744748,0.017412594198098416,0.010750101264231213,-0.011752967941024034,0.050686332447622495,-0.029964859183089894,0.03574719023312987,0.03743669633974638,0.02713115166636462
LCP1,0.0555453280573378,-0.04137307140876322,-0.00950192391431179,0.022261043621932295,0.02295485408820301,0.015116404672778768,0.02971003429864928,-0.027870671568133904,-0.0034545910958849284,-0.0021997162322111127,-0.03405122361319655,-0.0231955586562795,-0.011998070684645874,-0.009232958695120808,-0.003088618086282396,-0.013563788332188614
BCL6B,0.025470197366046814,-0.007791960258956518,0.04701683690942687,-0.0052083117358751475,-0.04389694661929385,0.046260908041741544,-0.002322064424239669,0.07788549838311834,-0.011424006566473327,-0.012919312549577922,0.04091243933492,0.034937518858291335,-0.0023311279726627443,-0.014692016897358207,-0.014411876065588265,0.0537654326171232
EPHX2,-0.016161468277925018,-0.014328757505080834,0.04027034559918915,0.012665422427692809,-0.012863039834351981,-0.03505618827915055,0.01028892356382563,-0.0016475152362125595,0.00433519835412125,0.009289348222453267,-0.013234206574488433,-0.022045788258256725,-0.008897481500009298,0.0357070304211233,-0.008074142413712153,-0.020218803126448585
MAF,0.029517941434804778,0.03782894434577673,0.01918613234813927,0.03060374684808269,-0.004062610397902526,-0.02179493849678563,0.015268676510681381,0.0027640265008802437,-0.01903583834823304,-0.022772937973639888,-0.030214420562074695,-0.012410446084982318,0.007213031209384654,0.017793587137275177,-0.01910762580179126,0.001260577671272641
ADAM12,0.011193045303188057,0.009510743875310942,0.015477459025745809,0.01689180140504153,0.03185684562533678,0.05680109985241881,-0.005673030475099037,-0.012137848877930709,-0.013254261525069514,-0.03601737197322695,-0.018933495025365548,0.03775855963583965,-0.008594475646713805,0.01600394036945269,-0.010804676788916123,-0.033672801706927054
HERC6,0.03357847083432237,-0.0281495991027453,-0.0010219585282704204,0.002515700186574439,0.007260649414079131,-0.03025150834910681,-0.03121887572128403,-0.006930937024218788,-0.0375438593047846,0.025402454234256737,0.025040024108096397,0.027545908033017385,0.028514789868236794,-0.013357488988767891,-0.04199323142229832,0.01866928718402376
VANGL2,-0.01891747188623677,-0.0077043796766143955,0.04104085445260457,0.03052144237019241,-0.00723961799548914,-0.032944874581884886,0.0030787302920185075,0.0016659997429372894,0.03590304424836349,-0.03881950633409831,0.015045383364611774,-0.014716497429817345,0.0025210024596324654,-0.03444349350105661,-0.0027430149219596,-0.022981489900453102
MGLL,0.006336222320874068,-0.02897624338422562,0.04537862257987367,-0.017442307615402844,-0.028538828218897062,-0.02690241023088214,0.003351410052593119,0.03200368751512941,-0.00503043299356397,0.01467657358603416,-0.02106416631159877,0.0018466185258629655,-0.004993208930737434,-0.011153222015902704,0.02068601305072212,0.0031084262279148485
RASD1,0.004627888934974605,0.02553482387036464,0.013783134331862878,0.01170336132882835,0.01620003921690251,0.006094206493727935,0.021426331631010393,0.009206274652931515,0.009843452143516814,0.049760842546693336,0.03143317004994878,0.043981350255022596,0.010776556445509134,0.04931388909769442,-0.019256369295060857,-0.04601143890760583
PCDH12,0.023974020242879833,-0.018922467425760897,0.048417415208249846,0.001171684147844631,-0.03201878708201714,0.02754378367040042,0.0026610154595865403,0.09438853748936227,-0.029021764818451014,-0.011003852946041809,-0.005067412391468344,-0.0029935423743115653,0.007806294459604131,-0.026060634591499602,-0.022724004774607134,0.0266612969348725
PARVG,0.05853423970879874,-0.01883002521289903,-0.005640124831008949,0.0326023740312104,0.005920011677108407,-0.03281449577340623,0.02020866344891481,-0.024627351253648736,-0.023692462131469708,-0.015869381506680838,-0.0007617753062966678,-0.033560729712576606,0.01565363826670455,0.008881401902623612,0.012246004427765161,0.016794497767505308
KIF20A,-0.03132940568380131,-0.014694951127527004,-0.0001196421141377767,0.06959230523628576,0.014900722943084022,0.012416683538514037,-0.03376226229615719,0.0023226139865790718,-0.03960126169552426,0.016755643985487973,0.0029838199812794054,0.019885607651834034,0.03284213909118965,0.0022790694650905562,-0.018870815333079133,0.001853134269795873
RAB20,0.04448777268533503,-0.02221217309001775,-0.016388194069596948,0.034621068418434355,-0.004708155183021812,-0.035318835475713524,0.019088561048815688,0.0054173398261161115,0.020133976393660283,0.011815355527875188,0.02636749921589869,-0.010621256772967824,0.0071525481781903565,0.014868450061765117,-0.015209219649882297,-0.010016530814883812
TRIB3,-0.01576138200626408,-0.008987648843766802,-0.00753320283580337,0.032291855640667305,0.018836074694444403,-0.021468305382827266,0.005367278736799065,0.048528949033273816,-0.019661367560188464,0.04331434191111267,0.027498332916314226,0.017834066257371294,-0.03655950191583639,0.0038933564254321085,0.018821695907005425,0.0004118664597604297
CD86,0.05294829437958662,-0.0018914006940317335,-0.012747553200542272,0.0277345307619465,0.002850198923811824,-0.03910944079126298,0.005278185705524463,-0.04256581126788546,-0.04342411382213409,0.007988034485174166,0.004372787403894498,0.005200510060054662,0.0029150989986825235,-0.021164482703303848,-0.002723632172590881,-0.0063411152281425956
FOSB,0.008091083395218154,0.007716893911765525,0.010521000291300143,0.0020570697389582313,-0.002265030877868833,0.025190498418192844,-0.027758855960356526,0.02618221744978487,0.005156385378310417,0.08298740784229282,0.013258012662139964,0.022203292250946777,-0.009643269537632981,0.008572893712300507,0.016017304055689338,-0.02576059164251407
ST8SIA1,-0.0037479417927314415,-0.002846167843013914,0.04019350928603563,0.013799588483744862,0.0006491351391489143,0.007069024484003381,0.008863046491894337,-0.004781900624456919,-0.02020911056487554,-0.012097966069117892,-0.011709513160380065,-0.016869052048053695,-0.009805664302145172,0.023432051743448264,-0.025966153587757744,-0.0018075296809190126
ARHGDIB,0.060630828507681644,-0.022886411548131078,-0.0027527966065845405,-0.00404545326612646,-0.003893598291382399,-0.009504694686386712,0.018819683940112547,0.019215406222780444,-0.009154212848644592,-0.0014290709322759899,-0.001818610234682912,-0.02401504083827885,-0.013419297315230052,0.012061063999295692,-0.01980166079754516,0.03319459545556444
CYBRD1,0.012751787860205123,0.01648337548480648,0.04273307855011926,-0.03487879065783016,0.028604147752745147,-0.030496530001639988,-0.04777093281081615,-0.014285019397856131,-0.032563390688743234,0.025242075854829397,-0.011505074677837172,0.02250855925246976,0.004914718725778047,-0.008477464969122014,-0.010396817296065154,0.00449272479843563
KIT,-0.007434087362044415,-0.0015323062433605914,0.047508055328687834,0.0112457303330255,-0.012277557067495375,-0.01023506025118744,-0.015216920176708518,0.015161351447826717,-0.012516369575135678,-0.038302645800067404,0.04063144385610949,0.011176108074475425,-0.0023502375876508544,-0.048261197724019565,0.009384023156037417,-0.033640349156988596
PDLIM1,0.021895222394706308,0.03126917590778414,0.003754741613783491,-0.005232660509861646,-0.02570800626744544,0.022298345111034373,-0.0028927602841464996,-0.008217772168426198,0.02666435278429149,0.06206340983690045,0.015668185117330476,0.03588685932379713,0.011351849312749688,0.0026985687628154342,-0.045127167512301454,-0.0016095073555819168
BNC2,0.026130199700146857,0.05252025969687255,0.010224376414717387,0.02420653074075589,0.038637241738019974,0.02448301426945601,-0.017005529306342068,-0.01182448370971338,0.019679847253358168,-0.022839478926230318,-0.0007616293657325985,0.017904771788394197,-0.004867635862166859,0.030446870046322457,-0.02212132123736816,0.008228321698766241
GJA1,-0.008980002023002418,-0.004367575808085165,0.02723466302723871,0.0016487127860211222,0.043550283888064964,0.05514909343144433,-0.003317345819177059,-0.04909857237707366,-0.024782956640841763,-0.03784385910471589,0.04097145626783033,-0.008880425066869412,0.029526382213613034,0.02962622243902245,-0.013139795794554855,-0.018086623510368938
CDH23,-0.005309563093708156,0.02174351620613092,0.04152591304542258,-0.002221305974121169,0.01605123758246947,-0.027513104336019605,0.004850979167966965,-0.004704843277728847,0.004117124049587141,0.025044846507271186,-0.005925691966828886,0.011765223071162737,0.011207184169808832,-0.06726118121649546,0.014720470122791577,-0.04392230292070361
TNFRSF12A,0.020768543084799994,0.023820415824693707,-0.024900987388120938,0.01784868823665263,0.05741705118147482,0.02345987204511444,0.004448637342860918,0.0015942931162403586,0.015243159821192318,0.04584217169954008,0.03555668750071426,-0.012135134731202134,-0.06458715119450972,0.03480965731458498,0.005476405971029222,0.04319031229647449
FHL1,0.012734644245206607,0.05290326808975158,0.01924932093090763,0.007280874031720838,-0.0005993744895229072,-0.010971688004773293,-0.004874402155380153,-0.0052598208280747885,0.01612380803623731,0.004953729901670466,-0.0014964305684583411,0.026504465082404664,0.046662818651856064,0.05324263571096784,0.027620338251457734,-0.024391396402146943
ARL4D,-0.03596600158344401,-0.02328305930498714,0.004381220206051668,0.030342089703692225,-0.00753049807804145,0.011867646108579252,0.02853398556001362,-0.014791812448745842,-0.04323433042761017,0.015780789556934023,0.021210137611964143,0.000993987767482777,0.024453680820513763,0.055564925135863835,0.022203830452855743,-0.006623570880057251
SIX4,-0.00023877068623705776,0.05740507272354346,0.003931210740680834,0.042430313794462444,0.018118164151019512,0.0234503403689921,-0.003959756985430477,-0.022529505651561827,0.006678886176662733,-0.0032661554565814417,-0.050774750497363214,-0.02153224579710582,0.003310976877913629,0.018669773568997156,-0.010368743250283636,0.015278834571699762
DUSP1,0.030899342796699474,0.015846086556736753,-0.007916933287774658,0.0015635894715650062,0.008803944768737578,0.01084149996414125,-0.03456595469650585,0.01294853041755558,-0.00339704168204242,0.07618827686626803,0.005139792095867948,-0.00871628753910164,-0.00016153749469019658,0.049846676485564644,0.027614788134034216,-0.046539661955572145
TFRC,-0.008485364823360025,-0.02103612104182457,0.013878188034234518,0.025823429458382563,0.03889704824599132,0.04289073548711994,-0.025854657369885188,-0.035674077919343496,0.007257676328310123,0.014316624152569691,-0.04647954319522762,-0.005000671598117348,0.017405460842616533,-0.05252217797280831,0.00839658236026216,-0.032064429698957106
PLCB1,0.0015892469593779051,0.04576407423505813,0.031150221501908847,0.029372368695720696,-0.03286914487593276,0.028593251631669647,-0.021397782361957895,-0.020505675432103885,0.0026351095150551652,-0.026358189057302542,0.04607322034906028,-0.00934003809597559,0.00393543353860514,-0.0012170145028868153,-0.019105563408176936,0.006338205789695516
EPHB3,-0.010094433311039642,0.05648156873584126,0.02390765762626155,0.018636599800605915,0.0300377333996645,-0.019164647787467518,0.042181893542675625,0.0071111329634397,-0.024619958207951157,0.001111587782985127,0.022215011963946672,0.051297998813437565,0.009364041023506351,-0.023896261480902653,-0.02570022721031095,-0.016346150309599905
CCDC3,0.006647312400796712,-0.01729936406349497,0.038393007555563095,-0.02663532753845467,-0.035665859938452275,-0.0006835007510168737,-0.016932661134233216,-0.04313045185235568,0.010214002281038758,0.04676448867779387,0.009699990378995653,0.016214936913209736,-0.007152661002932754,0.028774409983384694,-0.02819894705576023,0.008501109495675457
ADAMTS2,0.012239044078715063,0.015430501412612967,0.03686980347857822,-0.03709210254960138,0.004149735534985967,0.023311041736844045,0.01646467608291604,-0.04824554124408395,-0.03987640333557438,-0.0016453390020013565,0.005568208616859062,0.035486460227242576,-0.01733006592184426,-0.00346054116537769,0.009829415267687252,-0.0035171063637632347
NETO2,-0.021078242481050315,-0.009183098980528211,0.0011399736924845184,0.0490089337310619,-0.011769822211786865,0.010851319022465087,-0.025391536562604962,-0.01272169348333026,-0.0028069167433098213,-0.03860609514722913,-0.019014688500488895,-0.04413069941453224,-0.02885556360024756,0.02170931935695483,-0.03110374238250492,0.03391007147799873
HEYL,0.013778756557168658,-0.01472082508159122,0.0447933952842748,0.009414344449920306,-0.029811414810797472,0.05000705271961962,0.019567999778505714,0.054005948737303223,-0.022915886178347257,0.003343366725674401,0.04001869898148143,-0.022212165515087538,-0.01313197176338008,0.0002112894167429942,0.003916669531443856,0.01203676703668681
LAMB3,0.006600291322407528,-0.03231975581003526,0.018544444172911987,0.00091105496375687,0.013009797988415419,-0.006954796574512314,7.484420460770569e-05,0.025775481935600513,0.01837468684832236,0.038745963540146165,-0.0035656825151958275,0.017245038939499663,-0.017981937579550654,0.0010075306383394026,0.03363241818858319,-0.009212577041609646
SV2A,-0.022000344499479095,-0.006823051688014614,0.03713770859394712,0.025685053560202346,0.01748081510836593,-0.015045171824480773,-0.005402700873422286,0.0070655747939369785,0.014686907093687186,-0.014057651139731843,-0.015598183177192079,-0.018568339674602634,-0.031859609745829416,0.015504253965022361,0.027516339371804595,0.01923972176531841
SLC43A2,0.05961473012871972,-0.01428714850915494,-0.006818922074213298,0.02675463168553373,0.012929598032209553,-0.0027365372657407595,0.016645129888799168,-0.006419244049180999,-0.002723948936858421,0.010132506769877628,-0.030183607870811216,-0.04095535286450569,0.020363583034151873,-0.002421915078158303,0.02129263677277049,-0.02954531711133668
LTBP2,0.020318224423585003,-0.008160642463298388,0.043063561934670216,-0.023482386096052524,0.02224350187442748,-0.04879027182168054,-0.010308284780389108,0.018755993074810334,0.025644444646671746,0.003647291371929468,0.0007465517088044681,0.002776224522330095,-0.043584420699231526,-0.028201709642710057,0.050926286114887885,0.035583610261892086
PTGER4,0.04430828173603296,0.01304278029147958,0.013475657712704365,0.0005827770783982059,-0.003121414131524336,0.004872862337661403,-0.044451211223424165,0.0018896717781909968,-0.006839216382586042,0.018837756395110747,0.03776566944412565,-0.023294875544676862,-0.01904494845819206,0.021878489048910488,0.0365926799758388,-0.0018115393640065359
SKP2,-0.039998852854459734,-0.011746424605580166,0.02578097056733373,0.05540611721790127,0.005867275291492051,-0.010040735204906111,-0.029363433858667458,-0.008864390253282308,-0.022690912438174865,-0.008721935537867988,-0.01467337062557175,-0.010548557671131664,0.03624069651379262,0.017802374751568328,-0.01480948214219021,-0.013169737807601216
EPHB6,-0.004920372339864553,-0.008892540360041584,0.044551192502914456,-0.0041137832663262364,0.004882897531164047,-0.058395258320780304,0.01371837149028857,0.025946134638382773,0.004658478331779309,0.0012214828761645917,0.02210242906569763,-0.00825495681829896,-0.004018514257078603,-0.03959618471421669,-0.021311430997108045,-0.03405590216482123
INPP5D,0.05252010066042136,-0.03415158307339332,0.007272680293348596,0.024664895340633704,-0.012474908807153297,0.0010685864831877373,0.016641590455253985,-0.027775773123182756,-0.005593051316112865,-0.01749131185389878,-0.012023348151112737,0.004592546264163252,-0.018322533989137572,-0.04507778848321816,-0.0144033636505595,-0.0010833314055323628
A4GALT,0.03665340241190106,0.02978132398884975,0.01597475400793656,-0.012341789362992545,-0.025021007222967625,-0.004869272851932285,0.00882915947198131,-0.012651802168374731,-0.0007392268558718915,0.04719921637173644,0.01720587719201425,0.01456474708650484,0.006913276011969642,0.00519542750524851,0.005789938935440773,0.005549686286519142
FAH,-0.01874443171568057,-0.032428292040332575,0.0026112502957593383,0.012351250268768906,-0.016515540291783953,-0.011776144491194332,-0.015047768633209096,-0.01455758950854454,-0.04109099156278937,0.0238949137939478,-0.004570346293552144,0.007171679839008651,0.010028413665858953,0.02450367426416925,0.057378849032547634,-0.01877358155337382
JDP2,0.019386744927742436,-0.03334881196462682,0.03068112267909052,-0.023520519779041363,0.06573423945677828,0.030905941211712296,0.043979459546180204,0.0013207732381560625,0.03855446535159687,0.0015628741824829625,0.02698902574719144,0.04107796298091148,0.02693921799616576,0.004910191508843359,-0.0276216232505163,-0.005205264672287641
SOX18,0.022696045876400214,-0.0009682520114022701,0.01796735985587253,-0.007462793151393397,-0.04954594483462699,0.03961298187713841,0.03507685825326084,0.04056108104831511,-0.0235873929603951,0.04287600830851766,0.03659833712406463,-0.07497646968621628,0.00406077396655496,0.006037379807879046,-0.058200599918949936,0.0053910197704897436
PCSK5,0.006413395739162708,0.018613417364103532,0.03878091534439611,-0.021010094438892464,0.0028494157327278577,0.019644193768260015,-0.013973437349551381,-0.035975704207905156,0.010956662378124695,0.011859616745584367,-0.015947820143291512,0.025164695811925743,-0.012821447204906883,0.00216539202895419,0.02090798883027907,-0.008488710938685003
GM2A,0.004001394713075514,-0.03911037673443903,0.015440897612785552,-0.004344741036399354,0.017610183032920675,0.003397681471275872,0.012826627531922074,-0.002939175106726038,-0.007383315376875326,-0.024694160370166262,-0.03939457130081731,0.022807501199028538,-0.04341143544091933,0.039950208996487525,0.006699456626271479,-0.056275042985045834
HMOX1,0.04112673362904659,-0.008242907135798816,-0.018910118275488243,0.03774569863378813,0.012456046023572755,0.012968147965869085,0.011287814600999757,-0.0027496847544122155,-0.026287371026292253,0.010465152732432757,0.007499959226061948,-0.0004694090908205911,0.002552618840300399,0.05835809567438546,0.047678621817541546,-0.059188936537126285
DUSP2,0.02273546063340935,-0.029146462174495888,-0.0044730978900687475,0.01114859918400351,0.018762448947589074,-0.011756168102391613,0.015878804035423605,0.027225141817924042,0.08710390734251323,0.017589964340182996,0.007620541470223589,0.009174805490704922,0.08373924922644504,-0.019203653110488703,-0.004561479317684677,0.016545838048343243
ERRFI1,0.00938309373200041,0.00030168519325698365,-0.009486640500580476,0.012335335843706812,0.0069609393528812236,0.052472968104924037,-0.018059948192316967,-0.023099865967040667,0.00877016186767554,0.05603098153789839,0.0011485536640516922,0.0027222396037255726,-0.028928846918023943,0.06891690687675897,0.004781227674014077,-0.015978161324385287
AOC2,-0.018295767140174397,-0.02975935792662309,0.04552268432850823,-0.027496994725103592,-0.009574239397128217,0.004109148152337349,0.006429757341225427,-0.032266189103130505,-0.01934168491385966,0.03779629108562165,0.027595763842222027,0.0004032929139751,0.02292833553108142,-0.010924466227660115,-0.008951686498577874,-0.0029674851311953946
MTSS1,0.0036681752932049877,-0.05497447798732751,0.0260902634302225,0.013179242571029096,-0.0335421488642759,0.035702673038818494,0.0007234121371612985,0.015769054185608915,-0.022217599832960247,-0.00829502261916333,-0.03927872377993856,-0.010762332907423107,-0.024204289024456923,-0.004395675601989591,0.06256747622165329,0.04117341780055139
EYA2,0.008361708316308409,0.030790099058804296,0.020499070639231617,-0.012631664787140704,0.020978039607965633,0.005487513411633905,0.028005310322529026,0.0022631385232884556,0.01434713531682172,-0.033564084236220176,-0.018878867652669565,0.0002199070182401033,0.012964771849032672,0.03673817316068055,-0.0558695581129814,0.039319426518085655
ROR1,0.012351481814978261,0.049384890480441576,0.029077587264505874,0.01311507644361834,0.0209104469581318,-0.00397210073579096,0.0011998343253973155,0.003561384270371594,-0.005131794881294258,-0.03215368165634749,-0.010967989550807475,0.023308570185870313,-0.013436817794027492,0.01802244095119353,-0.014590109439819582,-0.013508585461377773
PRPH,-0.02721212786668463,-0.008320788685405487,0.01406321378155242,0.020292714989992137,-0.02776910534257356,-0.03826498828097247,-0.005234453808937516,0.007556118063405955,0.007315588443210874,0.02969127827677798,0.025913096870736608,-0.031179841167479568,0.003968178470241331,0.02624653151511726,0.016193223998179566,0.01441368468933624
PLAG1,-0.005351949734241719,0.0074954158496987194,0.023145490514408,0.042644988576325364,-0.022416101459351006,-0.004911751974896754,0.01849216351187818,-0.007200915734988919,0.0635818761006128,-0.02760431161425969,0.011695862364583576,-0.005337902653228688,-0.052742380094652576,0.004079966353656596,0.007577842859205464,0.034481344891317836
ABCA3,0.025565379535618354,-0.029239506829483786,0.010102094924869836,0.029504118381968626,-0.04596987316681044,-0.012976545566862514,0.014344674569296044,-0.04671983932384981,0.01527714192451029,0.027684580457094217,-0.027428478475494168,-0.012528426715548937,-0.02788709103201429,-0.04370021025358903,-0.012268158989236038,-0.0014919302182744374
UNC5B,-0.022231996571678295,-0.04384051441227831,0.051042657080698405,-0.003187436527602927,0.01314419640199913,0.0006667862780137057,0.005210893191196244,0.004763822583709715,-0.013266876000180354,0.02147082221970813,0.004415774069483484,0.011577306402653484,-0.03094609364527925,-0.03611293690563694,0.023380309691103617,-0.011721357552150534
EPAS1,0.04240553779311827,-0.0115526957864342,0.04719017746801928,-0.029319023370442763,-0.0026208783159448025,0.0001978238284498367,-0.04302334782144716,0.024592198111455847,-0.012444849717713199,0.0057103452082448505,-0.01844301701428202,-0.013084435946441127,-0.007684023382576167,-0.025364634096574253,0.007984017164224234,-0.019940129109487503
SMPD3,-0.031074242989172544,-0.034720063980321084,0.03342132028765535,0.004520437559701806,-0.03937361450970108,0.03724270365521424,0.04332462457230389,-0.04419106405105875,-0.023965459616932347,0.006013254410571176,0.007833874117448035,0.03569093335416674,-0.021936547539252813,-0.031646500493327005,0.028134578856687093,0.03175587504194756
PTPRG,0.020818152899554798,0.013527347623366638,0.053135115148245045,0.022151558439790765,-0.014558831181735506,0.053499338049862795,-0.036250064419955076,0.0020700224351479276,0.01762025298662114,-0.04620544254653748,0.004415653655146103,0.0022710657482956833,-0.03909581614273878,-0.029751044610538156,0.019212781595537725,0.020773050834507097
IGF2BP3,-0.007429126048373235,0.0036640859546156097,0.012888379570455492,0.05762145487418644,-0.04372607318709282,0.06257921669500058,0.0020410650352519783,-0.012725759007559545,0.006800917060011676,0.0027065048454188246,0.004644341142107797,-0.02312720579773795,0.0031611858702339764,0.0052087304548133415,-0.0006012794379329795,-0.005962577369057545
GPRASP2,-0.007490106480934072,0.00294968262370027,0.03863626741245174,0.02161174560132503,-0.019541285324260978,-0.02120999976920715,-0.004492900840617978,-0.02608725433783728,0.017178409779610264,-0.0197213754815418,-0.03630557601274998,0.017051258301609317,-0.012778881882732507,0.03318269622202092,-0.011646670002418863,0.03597274004873276
SYK,0.03830766691843881,-0.03298339487306761,0.010035754307236256,0.010907754037052632,0.017241680553903974,0.004882485221910127,0.024633608196863995,-0.03894896896792257,0.00817509998553155,0.006128424362882653,-0.005803399345835951,-0.0003107707969741656,0.06394190206035144,-0.027089595146739268,-0.027952864735966428,0.02602540187031815
PYCARD,0.05623691968654599,-0.024904879196678775,-0.014566206995012768,0.011376923903610392,-0.006344914305761058,-0.04956658928596995,0.032894204179283966,-0.0044176810454158244,0.004303031660055662,0.0068544417948949105,0.024983849800259986,0.04541673784982679,0.013013403079200715,-0.014847232065780896,-0.015087903981955407,0.010817266586744687
CYGB,0.012593984408917833,-0.033349251227562944,0.0488769440781438,-0.01702989447685425,-0.0005610425694854598,0.02525952762160759,0.03137535194081745,0.023366699232937847,-0.004961788697392815,0.021831785480859373,0.010265757331932877,-0.04531123952231579,0.02392546497330233,-0.008027588088920946,-0.02878119540409056,0.004373214336974486
STEAP2,0.01485677915931511,0.02675733820581088,0.0006855369009846621,0.03962625371483399,-0.0010275392517073716,0.01486515387685905,0.003413729472508479,-0.008603788770111108,0.0025818638711760824,-0.008349478054466553,-0.03940786401194516,0.02153043145443487,-0.03492262299760658,0.05534097211700326,0.019980284361376423,-0.03151642274804248
ID1,-0.0332476005794499,-0.007985822308291859,0.002334805647999542,0.003093188328080399,0.0016260735982241352,-0.0022643782468887126,0.040166452356042895,0.022976433810001556,-0.0343413092744715,0.04663370061281635,0.04451718267444149,-0.03894697599622162,0.03863190003044602,0.038200917668539745,-0.024676199340157103,-0.002501408878320235
PTGS1,0.026215165501079902,0.011331218395951836,0.019939151011014036,0.010920779400047771,0.013798281197404751,-0.008777052655954803,0.06044226959557448,-0.021667249033175642,-0.004550290712774864,-0.01700602129206684,-0.039648898782609396,-0.01300192251301665,-0.029389327126806364,0.008727664158854705,0.029155813768169524,-0.007648079785185763
CGNL1,0.01781311134464986,0.03715684534553691,0.042434671088684726,0.007429472592023346,0.007254429098563417,0.002912510152632961,-0.011923972590223094,0.020971984304756178,0.0026897657175885426,-0.0012092945388601367,-0.03640635251668472,-0.028346281116438575,-0.04565245369762423,-0.027081426446961793,-0.028366763328902027,-0.0006348576450441295
LRRN1,-0.0074846714179653984,0.004380678902694892,0.04132396038804379,0.00829521069240426,-0.014815953116745613,-0.0069227209335868305,0.017139991327838548,-0.024293078154233084,0.0016045889477183583,-0.017612003064827082,-0.005485642725913098,0.009426419917320359,0.04573966413516487,0.006210088500475439,-0.013959460012472679,0.00382544538349957
CDH15,-0.013245654749735412,-0.0520168575495402,0.026021071738346786,-0.008155151886577677,-0.014115854231535947,0.02499915751474192,0.03775159758821357,0.0020312007173142804,-0.04717367949685281,0.014307003917723894,0.024200360344122773,0.020673716308890935,-0.002836451093858775,0.012488550572003947,0.04812028391498349,-0.01729870929844269
TNN,-0.017706586809966385,0.03981022685308517,0.0210341178993889,-0.0035966506346692567,0.01620341915633329,0.012230188323788067,0.041170322959445026,-0.026692791464619364,-0.048922383918372746,-0.0043656536844055155,0.010633001148529041,0.0019130638544051699,-0.008784323822883607,-0.0021290460934891018,-0.026914532590018924,-0.005686948526334951
DAAM2,-0.02124934893642209,-0.0023291774932959752,0.04677679073783145,-0.0004284078649186018,0.00822315518273959,-0.024345297013784614,-0.012105356301657898,0.0022387743125864136,-0.010321875448541466,-0.016894325194116034,0.05995267806175868,0.04965177230182072,0.0157030752035647,-0.031667445595734325,0.014311577121231201,0.014854842218429799
PTAFR,0.05883497384607682,-0.023633989992544457,-0.00966585954335757,0.01686800636242642,-0.009630582397775431,-0.023604230610326078,-0.010709281726263335,-0.023987341780754512,0.002640375246796046,-0.019355533509819386,0.014407633004307804,0.01627818086393276,-0.0027459226427201987,0.0007121043415553555,0.019074530008345202,-0.02410330808804779
BNIP3,-0.02119355919754934,0.019496362717993272,-0.015250959224429966,0.005105873356554964,0.0204068285670121,0.018235133958545098,-0.03496162749960403,-0.04510510737366675,0.0034254052301591446,0.052451528275344335,0.00198143173847876,-0.05086654877851967,0.0035820968268750917,0.0260374510546808,0.01647696950292072,-0.045557306508773994
CLIC6,0.008912983694351378,-0.011114834610512972,0.02071620071479989,0.014886774698864484,0.012557823365631552,0.01911867014120684,0.032709292455657464,-0.011245237211832244,0.018179339128197056,0.026162364980142856,-0.02452601099927634,-0.026613028155100645,-0.048489482856688707,0.05398828033750814,-0.04056581295271659,-0.04205155810611118
FSTL3,0.01778972260965981,-0.001690645770524318,-0.001944909414696733,-0.001138731001090649,0.0352562132302525,-0.0011720547533068514,0.027779955142703063,-0.0015005014541725052,0.05631706233164979,0.05963594996611934,0.022250625976264992,-0.03567279685055445,0.05196088795363828,-0.022393618700368385,-0.028291641991525486,0.036276494043256016
IL1R1,0.017683878919976474,-0.004563362689450242,0.041676526792384955,-0.03148346147640628,0.031304576891362526,0.016630422120820713,-0.04744209242106669,-0.023261019015031928,0.0016010283362112281,-0.019754976530256832,0.04987149129257257,0.02016025019328596,-0.0098405877790383,-0.024594191503468442,0.0287051044608745,-0.025041888693056413
CD72,0.047027060120160113,-0.00887068520071515,-0.024689611853412168,0.024076420926072022,-0.023744319693745342,-0.022503918139360243,0.03178202342912189,-0.01882378558090443,-0.003939492630596682,0.0028019338772456897,0.005003716421048387,0.06336190419494667,-0.035123036591391384,0.004926136387414494,-0.006047261429564999,-0.02252876915288489
LEF1,-0.019944978700736065,-0.006966340937582534,0.0506116378198305,0.013475474270285809,0.01643797942608464,-0.005713840322673319,0.0006486497407886183,0.02610551657963019,-0.01349608886931983,-0.0002341534311339523,0.010991787396207,-0.015868964165682804,0.010815178827595256,-0.04584773318301979,0.018411199518289696,-0.028289477197083038
PLAU,0.03855833472945624,0.015348412056196071,-0.011847978570532337,0.03196059921559558,0.04848757447830495,0.034303766855890004,-0.01822311746659174,0.03911096650874726,-0.01826323439464473,0.036010041541689575,0.011940044644161216,-0.006791711285208042,-0.028390185644274188,0.021950320352575325,0.03209545721293223,0.005480411735604618
BCL11A,-0.017167717031155105,0.011229983855228194,0.00799768357221762,0.049802806466129515,-0.0060345197588372685,-0.022710909213997744,0.03095702503970381,0.012142300380086955,0.02142080709704648,-0.05183260607894441,0.009286215874432357,-0.021630820625556983,-0.009010829137410983,-0.0036005198896407703,-0.009498698717903778,-0.05996377153813279
SLC1A3,0.0005594031438730376,-0.020744119869815322,0.012774847212784907,0.022703411098445137,0.042262186787091094,-0.02623117257126094,0.010632933695675723,0.02668541998006882,-0.04395200759068463,-0.05113098055009244,0.001507714625557606,-0.010291050968861848,0.0024227834277581284,0.0332113967067961,0.030748178105271307,-0.010603990029851924
F3,0.010009655833536288,-0.00021322958635447377,-0.0039433668221691715,0.007921205337932837,0.0031808291626231004,0.022334754984032694,-0.01820683479341136,-0.022838700292054016,-0.015909479629427688,0.04545225886142716,-0.01477469726684558,-0.017655065652778978,-0.06544241389935561,0.04340989511469255,-0.03201788959541021,-0.05102471178824663
FGFRL1,-0.005159424447809551,0.05146577219981681,0.01526994764796831,0.009075061850658199,-0.008354167164513445,-0.014207754876932837,0.030736183821819866,-0.01025992839131971,0.022075934630983302,0.014170269027845657,-0.006355798808336442,-0.041750989817252185,0.023627316893372288,0.0020575358612905056,-0.013110926181218865,0.007124688345788094
PTPRE,0.05446308652017018,-0.034364769444213523,0.007693771089856266,0.013677861173652838,0.019297812405628653,0.03060900275471357,0.021167914891929873,0.00293097427101602,0.02585244180426058,0.004203973775756692,-0.016919248277930742,0.019616041284540343,-0.003099449861264602,-0.01711720262736136,-0.011399898860389193,-0.014581126882091532
SETBP1,-0.011057044751321844,0.00926546416808582,0.06570458810461356,-0.01258025667642694,0.018761717234483253,-0.04811234452223675,-0.029774177594011426,-0.0016928684699462418,0.0054334280599012,-0.016892677682051764,-0.01707187838152586,0.029781922276855867,-0.015474791474974057,-0.027021202401826594,0.00437761528342009,-0.03685460253615133
BMP5,-0.00527463903910308,0.011257206299632028,0.019241528637738856,0.019415107720071923,-0.034801171480031125,0.010353383959179356,0.027424561177251977,-0.020964521386032095,0.009096209313542875,-0.028723269576594927,0.01803062612552459,-0.013752600595564452,0.03840914341683582,0.01897186710306042,-0.019052744988169657,-0.04224218467658468
COL5A1,-8.739488645705454e-05,0.04284781888769956,0.033996976360041224,-0.017853111493676965,0.0533901531294709,0.028189337370925285,0.03343486726742486,-0.027275062576668684,-0.03415850069263211,-0.004613114061139803,0.02098605527817629,0.024348489389357214,-0.00870212314265246,-0.041003999736702865,0.016017097563636316,-0.011819949765715017
SQLE,-0.02860631543863532,-0.021343915040479906,-0.0025544587040892642,0.01977058193288652,0.010583022837804013,0.0010968891735304506,-0.027306151252072294,-0.011240365412850443,-0.015539156056981971,0.03612349121783922,-0.0073832492789444384,-0.0014046395288889874,-0.00150747655357783,-0.022867478541120034,-0.015668196689318434,0.030849862857759206
TBX3,-0.02244116025188802,0.0030313855198413897,0.05077097458276401,-0.0031731295808656397,0.01590539270670719,-0.051630401322132556,0.0002088995000682492,0.0322794839818252,0.010420551507875844,-0.0018524637667204857,0.03997723405083257,0.012747326293452292,-0.0025528905640797486,0.02133104388847316,-0.00029046166386340055,-0.03857707099481037
CSPG4,-0.014837794251303703,0.0027845575863693515,0.047458163447619835,-0.02226023373022549,0.025315196488022315,0.009834775911098749,0.003469936334183345,-0.02341914387901004,-0.004209012073393306,0.05115258388925468,0.012023905226315211,0.034294101837877344,-0.035191442120856856,-0.02895441140873441,0.014980701894674377,0.04683572860081285
MET,0.020481008165169356,-0.00618993643430189,0.011532369745118563,0.01951119484831688,0.021192651214727125,0.046015467992300024,-0.04824027679049289,-0.01977463772742674,0.07773174901661867,-0.04509600615689665,0.0035266061473364987,0.002834419973871176,0.03312399611430029,-0.005999114397572175,-0.023734868159963143,0.040477305711099976
ITGA4,-0.0011898269400562552,-0.0132539795063326,-0.003493861976874792,0.0620178379961165,-0.027739738533131674,-0.0016162646108277808,0.0055929176903028194,-0.025192384365206346,-0.012216011447341508,-0.02989726875563856,0.02427024872354457,0.020750182562699143,0.012489701275187809,0.005808289720481899,-0.04631054256074628,0.008376982872375878
ZNF521,0.00683198790336873,0.0662049417464406,0.031018807771193736,0.019780544253606598,0.01223209595924336,-0.018049048875626923,-0.0023811756655083074,-0.013094629949127136,0.002301786227380226,-0.025588709317715366,-0.0014716649825023687,-0.004297832336666482,0.003906742962609385,-0.004420643714582083,-0.0319308834909617,0.016531864546458122
EPHA3,-0.021372245072299005,-0.0005083185742534172,0.030357288005433348,0.01177600226762217,0.030181975309701847,-0.026435203443082093,0.0025346991178954656,0.026024763641482512,0.0127726771932332,-0.03745053473605599,0.043694066421384264,0.02404685323539288,0.003085238216780654,-0.016358514201216996,0.07065620807036009,-0.017697810278880285
PRDM8,1.0550766850752832e-05,-0.01403552049573746,0.03119379826876042,-0.008689940327232113,0.039845142713944605,-0.026364059121219655,-0.028829236941225925,0.00975953939272524,0.04233508120465265,-0.03140691060640364,0.0016294134745182196,-0.012668181385337826,-0.052423017571677506,0.02334857723679276,0.01541145459694696,0.011242527296908802
INSIG1,0.0011588178481127809,-0.02823525786339231,0.01648485435828802,0.009375890122281447,0.06360935585033616,0.02713970771381504,-0.004163208325763224,-0.00757319970206341,0.038702421622013025,0.022977808241451417,0.0033675256701295748,0.020090262913799638,0.08612101971288703,-0.005865772331846058,-0.007563014294397685,0.005116808028177428
TMEM100,0.014711660851848057,0.01653186291698057,0.038204770790547224,-0.003190216730013176,-0.008652119491325116,0.003321162310165722,0.007720937448802291,-0.029669440284201088,0.01855530853948465,0.04178984313246307,0.030610647771155318,-0.005539029885397839,-0.023120727449715224,0.034439406689028125,-0.034238928688386135,-0.03602016859870693
FOSL1,0.015361183040084912,0.017581413302732645,-0.02297669346734121,0.01806988322516414,0.05912271055269841,0.008154356604935832,-0.03301888358449385,0.018797121262616134,-0.009155833485741071,0.07470407686712222,0.0009508470405816443,0.00763547577321003,-0.02708343584369153,0.0010754679350544528,0.018358828099980157,-0.007152542757661813
PPFIA4,-0.01256768364913131,0.015784674552710327,0.03138790195271223,-0.013705181416535143,-0.00639772363465338,-0.008606546931905877,-0.009961609831060977,-0.03492178717700589,0.02723171953141549,0.02710662107622308,-0.008710745248605779,-0.04418397437057993,0.04546974442610771,0.01818477774799993,0.049387484957553296,-0.0028971521490298914
IL10RA,0.057904488722650506,-0.01958586715338299,-0.0038803445210236426,0.030765627985001445,-0.014408606178722727,-0.024392669709135766,0.012370159068829337,-0.003309825585736513,-0.02992701674480439,0.0055944134221063225,-0.0035590216633031215,0.0024855031641131627,-0.018595846569543176,-0.004364305107828079,0.02692736984460088,-0.019358061313970387
SLC11A1,0.04669708469633973,-0.008873087578702234,-0.02729878061611082,0.046156227970974094,0.007084057483915775,-0.02043489268783078,0.008158945960080077,-0.011675057921063894,-0.030722018320706958,0.022707206417759137,0.018341319230979737,-0.03627443891329057,-0.0002516822699116768,0.023708214008377783,0.03778674682892609,-0.042913066961289215
AMPH,0.0012286342100813136,0.034134652981793454,0.014569793757070855,0.02157745021835843,0.023816383694889472,-0.029797520187361336,-0.0028571545802313116,0.013452435350044542,0.03900174322742064,-0.0006184764149665227,-0.009216526197784427,0.04364414503143184,-0.02736073976366697,0.0010025139249461893,0.011482204328750516,0.012514109164686581
GTSE1,-0.030728164394670986,-0.010108117849532914,-0.0009424851554447093,0.08005698597516162,0.02618136202259279,0.010059012742976483,-0.018234444267107523,0.014863903987323897,-0.03573185164973658,0.020829687177685987,-0.01759569755728059,-0.014130405162320588,0.003373065608820348,0.02738644655775968,-0.003636005814107528,0.016795033657330774
SAMSN1,0.05366415489225499,-0.012458970113378045,-0.016691333067626837,0.03621986824373715,-0.015231798322172044,-0.04459840844337186,-0.008312384582800338,-0.03504831035895796,-0.009662865600144541,-0.004137084257534731,0.0435554935924795,0.04293120289877352,0.00020347460534042051,0.008115972609170668,-0.0027569010115468563,0.014092412828482571
DACT1,0.01187448095806002,0.055981100490946054,0.02919536933530988,0.02615494915964784,0.002160128683562593,0.0020903800722391662,-0.01094560744248834,-0.008892332377971204,0.011230722172352848,-0.029518707974951278,0.0008994454571801952,0.010986531895585624,-0.03055104651616526,0.014665304221631302,-0.024677034618545767,0.015624948938727502
SULF1,0.03101958953915593,0.004732971458890765,0.037891627279102044,-0.018777040187964847,0.03781449006427899,0.01668696726796569,-0.01381454990014356,0.008232085157145557,0.0015327678564399014,0.009809298133961723,-0.0029075982848027586,0.004033593216553468,-0.020528777950822606,0.02634907922120038,-0.008241329964190485,-0.030988979272588663
CTHRC1,0.008367125893403141,0.013373731870267252,0.007694052793632689,0.0024925816924986684,0.031439151558175026,0.060853466197304064,0.021639913211195533,-0.0435232973613316,0.0029174833698283626,-0.00758046045558311,0.017354770837555,0.005398864566923148,-0.05334519279614028,0.0024996813908274304,0.015739879226512363,0.07462709375010734
ST3GAL6,0.019892062004371776,-0.04440764111051439,0.019648151488913333,0.010681560126943546,-0.02206196319621893,0.03215133176652919,0.013658782578256083,0.02488158913020743,0.02415958411253394,-0.03216597912016593,-0.039228339781494106,-0.013565577068644688,-0.019974910163430594,0.027871514536908948,0.030332565822321505,-0.00013744339890029572
AGTR1,0.009878147498481857,0.022020578088400328,0.03082785991069643,0.0008599329295730851,0.009621894884710812,-0.012176892128025892,-0.022307994842750832,0.005342998065109127,-0.0021922482191206257,-0.01675010507749428,0.014969691783405452,0.04029505310730429,-0.022385181735957712,0.07052643684341836,-0.026469734304539035,-0.041248586679796174
HEY2,0.0012035073258935226,-0.041313764012323714,0.04992623532099203,-0.0216916212721119,0.005626961575938186,0.016551432103088484,-0.011457143786253336,0.009461626110841738,-0.018737205293174554,0.007132838454314017,0.03279861633688698,-0.035022475941603855,0.018902386695288424,0.006598861878984959,-0.040668574798453615,-0.027157798193963783
PMP22,0.005993091769717338,0.043476055732203964,0.00851427554014703,0.010842821958989135,0.03335068812249138,-0.006049244646843784,0.016502517455357205,-0.008942611003067622,-0.019267993498650784,0.03721584518972913,-0.004071294161199602,-0.03338341718302679,-0.027387090080317804,0.01046532097363296,-0.029603671860304,-0.026647901828513343
FBLN5,0.016422725285488046,0.03009162554740357,0.049631031510976045,-0.020423699832363834,0.0192105096014006,-0.02744174789134325,-0.00831603206957849,0.007901837613131252,0.0006435927208519332,0.00608158770042204,0.010166786670819742,-0.004895904534430317,-0.01159992928639873,0.006627928210539652,-0.009800882399278952,-0.030630499879697574
PTPRZ1,-0.02068184797436716,-0.03612549502904183,0.0331758323367067,0.010251291998505682,-0.041934453827354425,0.0324534758627538,0.00555864517220337,-0.030493924812726603,0.033114508794946255,0.014347414104438955,0.0067646958605506475,0.02209605325375914,-0.0009341751469202878,0.017954592637678415,0.016278072589376316,-0.012535352666574778
C5AR1,0.051170862893289704,-0.0037396068118978817,-0.021274045952418746,0.03981255853093344,-0.00668524172519006,-0.019333738244169674,-0.005024805907405817,-0.012569934707913366,-0.029652568133817166,0.020122606733905778,0.019985260106355054,-0.0024171816904045955,-0.01435850927628368,0.02893203712051169,0.03844266592927482,-0.023836992152829247
MFAP2,-0.010342913466894277,0.02413306230645427,0.03151289299941892,0.006771675509353009,0.04197241393185964,-0.00838049375228248,0.047208672320245545,0.0001352555236167948,0.03844489449145679,-0.005621681880189063,0.01613162683465949,-0.04423325639414828,-0.017500294660979812,-0.0005731542127872633,0.020350054854727552,0.04364565148691312
UBE2T,-0.03987650216467506,-0.02261713269486525,-0.015770376619166075,0.06121390608488969,0.00020964284856427582,0.013113732211660963,-0.02615950464104706,0.009729294008572226,-0.011614782309751525,0.03224248973934306,0.023939660861276243,-0.023507148932212008,0.0020561671355994997,0.02266179681099375,-0.01567010379975395,0.003637987078772589
ALOX5,0.043640972433978686,-0.007368164341554816,0.006349248759533383,-0.011147445654856867,-0.010730535972587114,-0.04707613707549489,-0.0028874210862292592,-0.005721670148277503,-0.009503937180613578,-0.010038369568302728,-0.005712805260360918,0.005096569925936004,-0.02860014420557795,0.02058483876265867,0.010283596110868359,-0.008725087973203921
PLTP,0.008442333388006748,0.004664513256899943,0.008853622676841798,0.03321103932935755,0.005936401228449101,-0.0331453958138845,0.07773343452071763,0.014308130429909272,-0.011807596009465932,-0.006250988111082392,-0.010769912905542765,0.004144532437095611,-0.03514921702977199,-0.01002004066493745,0.06688036023883628,0.032618254090025736
IER5L,0.013822400048738815,0.03246050738011688,-0.003362394902601911,0.004126802195285218,0.0016339306968946744,-0.0024680531984824184,0.017196106682441432,0.042070580858204705,0.016395194239204117,0.05388869617463983,0.052270978477949495,-0.022820435506863666,0.02794675990734431,0.027287676050763397,-0.019620360655043453,0.0006660417479000882
SLC16A3,-0.01123655374557387,0.006045045232679032,-0.01304714192327326,0.007318806842393332,0.04011101827162211,0.027284616253262242,0.014657112754353883,-0.043912336048259094,0.033554428011402876,0.0600865279181044,0.07373286930461301,-0.016085673557235444,-0.026748583920848203,-0.01251995919817801,0.02536204801451461,-0.03997489488411884
HRH1,0.01023659316680631,0.0418640734764814,0.026298249061913893,0.029536294464985322,0.008758467654425187,-0.002815992834425831,0.0053824818477074265,0.04374130692912488,-0.0056448471805565035,-0.0042436822514534435,0.0067271636694938184,0.05746209915710455,-0.004334866879275409,-0.008963468547441076,0.023807360081967703,-0.005403428757345596
AMOT,-0.03446268215588365,0.001559629236595661,0.04282048079507847,0.023139229369158985,0.012546059220925845,-0.012344112775079172,0.004761379028258262,-0.016757363470999168,-0.022273545933573044,-0.029924961656408264,0.002659894415731414,0.03815051238089091,0.03590427353961029,-0.00510241525772737,0.02020069268122713,0.015309350343259791
FLRT2,-0.01686269251867785,0.03742680977385514,0.030880739200810386,0.03009961595002526,0.027278523840639782,-0.006607345081490298,0.025804871418419792,0.010452647220615298,-0.021864072257942388,-0.02196639522275602,-0.017875031147945225,-0.005332402962379933,0.022723781350251375,-0.029992478748227684,0.016494623544169466,-0.007063706363841376
PIK3AP1,0.04673486431205694,-0.03754905336672639,0.006212887367018295,0.018017544305294793,0.010590883583772621,0.006720415720632738,-0.014188266214502226,-0.05484208797154365,0.0007853906566278827,-0.030115824880292512,0.04089135616656047,-0.02115407618377812,-0.015265399955554789,-0.02588637181550922,0.02036391798538199,-0.012721516463188816
NOTCH3,0.0007630189786136858,-0.010669017265214938,0.060668505401333374,-0.008201438060669981,0.025877677597459483,-0.0005247514760292229,0.002272363873143315,0.06687121677855908,-0.018001478860106397,-0.004759912945262181,0.04200102866357262,0.00976083491516282,0.0021099245131060915,-0.02474146717609193,0.044366647492915606,-0.002983510512216219
GZMB,0.042669298804764236,-0.011324342950026663,-0.018219706744455517,0.03165236908808967,-0.008888765990190407,-0.024706609782282823,0.011340605223452656,0.0006051360200727794,-0.018895425773282605,0.020209641540958386,-0.016433995941116428,-0.015187763269677516,-0.0033958135879067425,0.015719824520932207,0.022933420888867358,0.00964775588375613
B2M,0.04786001428713603,-0.025024716297920198,-0.01162934000100158,0.006337499802783214,-0.0017932767959237391,-0.006041027559564557,-0.02855385007908226,-0.033375481954984375,-0.02541339412700305,-0.0008099181862967694,0.03419901610761839,-0.015963345566753648,-0.014661094708280612,-0.01931122863207549,0.009714737010025284,0.05018592936055584
MSR1,0.05187016981562792,-0.001310337147137541,-0.019059485531762937,0.03634407196289097,-0.003428483404714167,-0.03509397829835239,0.0038312326268294572,-0.04435552053241954,-0.03262084066438854,-0.013440526392198561,0.028796558194078736,0.04640247220863401,-0.011466272740060561,0.012568214642503746,-0.0007431906940972011,-0.007343180365079895
FJX1,0.00018206690873126107,-0.025800498050207562,0.030141461011977955,-0.002656282886606969,-0.002033657699756346,0.018992901622444658,0.026225913307764716,0.04390375829113019,0.027574731755595706,0.013608006623148622,0.003773527473910746,-0.0041014779683836225,-0.04025945753614501,-0.02746784897921458,0.007185175777103136,0.0019246059335171293
PLEKHA4,0.010279605718482476,0.017132371458949407,0.02325640776705358,0.006934883380721114,-0.0032901923031132467,-0.03398282382045149,0.023684991019036608,-0.010511800462871168,0.011120020916384029,0.0372141969263748,0.028799823135627848,-0.009182572266312672,-0.026196325812893037,0.03319600893434358,-0.02048899010773227,0.014317758167473427
EPDR1,0.01351869816545729,-0.027403327736301948,0.024534973238121677,-0.02458159471575052,0.043128526249161164,0.0009546086214405531,0.010762879482322466,-0.028147570686273275,-0.023324147144651794,0.006618174645164457,0.00941562720487081,-0.015948382140085864,-0.017011668554359344,0.04248462485355479,-0.024816041705429212,-0.005583668609267421
SOX7,0.03020616144474976,-0.0014294670998859743,0.04724106674228678,0.00468743421563441,-0.05566965935841889,0.03803918953847185,0.002530206271988452,0.06586811737210511,-0.02970512170926408,-0.00030055905476777424,-0.004089101071683591,0.004059576757758654,0.011298264053819116,-0.006646115741032653,-0.0375309872426516,0.00957517447124116
DUSP10,0.035266217420502906,0.002821249278961879,0.002671085466221325,0.027089981444653143,0.036463250635803204,0.01014386016228048,-0.01663373673081366,0.02891393155865245,0.020124218014509365,0.04653124859101078,0.005771679400395191,-0.022499589407041724,0.0035987162684902865,0.011137392861115468,0.011024620048383008,-0.013460341129321365
ENC1,-0.002674906192247352,0.004946070138584965,0.024226608779854084,0.04113287701670516,-0.03991671371788661,0.008677639747041966,-0.007035562714757997,-0.006969268326134481,-0.013880599426153242,-0.02059916574840447,0.007266629631633253,0.016823770789131307,-0.03295698807777552,-0.018422302637443995,0.03461275978058427,-0.04582311388815147
STK32B,0.014953300116049282,0.03503791220540315,0.02475236150121045,0.004956036392394137,0.010042862244639425,0.013791131133557434,0.02461405827259991,-0.006034216125064972,-0.005912266406078115,-0.03696566647621129,0.00020613008662540358,-0.0307239546065303,-0.03586685827336443,0.010912197342564076,-0.03183296842625557,-0.01957492510200292
CCDC68,-0.013577806334615678,0.009840755081439974,0.01942662067247025,0.004206130748255625,-0.008548447156512116,0.006127941809158693,0.01138329093197358,-0.021912916949209806,-0.03202523339802404,0.006526063216941793,0.0042838566427016184,0.011760553467631739,0.0025447972335005575,0.019544076504176642,-0.04869419362412764,0.003276135458220676
GABRE,0.000324694012849618,0.028579336457551053,0.02535947875274509,0.01542017223021289,-0.029786807045946086,0.005057022768159329,0.04824564871026112,0.006435841174922012,0.0037237925884663903,0.001283806567706403,0.034165021254209456,0.031843715138487834,0.008630628987912977,0.0004306116650596471,0.005969444937793893,-0.023842780465660487
EPHA2,-0.026662770218456366,-0.026489701237039417,0.016544853435225913,0.022079954077233215,0.010390949884807913,0.01695888981034847,0.014965394232913012,-0.0027782282988035884,-0.027475822464522542,0.03251802105371902,0.01912662690620666,0.01112976020216751,-0.0265722164674418,-0.021895298260302943,-0.010077620158515967,0.0016187426774467125
ALDOC,-0.013915883308126856,0.009283394337554244,-0.022257000501506575,-0.00044254550249842387,0.026152246130782517,-0.019341922190137126,-0.025328540186996682,-0.03408912519228873,-0.024207836747284966,0.04398342243760647,-0.0031661880583826775,-0.025235399087431915,-0.015773254054665835,6.5125681029381405e-06,0.006740204791961387,-0.06195552930382763
CENPF,-0.03603244059875858,-0.009899721980123344,0.00990453731976795,0.06917423274562667,0.024182987015104216,0.012625291554015875,-0.047895277628240904,0.0009290766843196626,-0.03207981368651709,0.005873542954225874,-0.03129689725304578,-0.004922598220905591,0.007003082159261173,-0.0066640815801015125,-0.009252565857056132,-0.00037224225307318747
JPH1,-0.009026436892200042,0.03049139126602106,0.02138700454013494,0.010373472890016671,-0.04664589271946573,-0.00949257943055479,-0.021537222799105395,-0.02768068771488895,0.0375343338225223,0.011922827249061404,-0.0442114375372788,-0.011284405342725262,0.05277913076684312,0.031149340481967977,0.013757528178459585,0.010173221969661854
FRAS1,0.0002651216970501008,0.019337244005943516,0.01555341613518712,0.028593590836744127,-0.010001737375582288,-0.00912709826625395,0.006524036172000775,-0.02246947479652106,0.0009543264236945535,-0.017400166137238396,-0.006303218144283305,-0.025565265876355995,-0.016559757052795367,0.025369333611664064,-0.011727675011847861,-0.03143850282515332
EYA1,-0.005485826121477971,-0.0003142119577345874,0.03390233000213913,0.03190940972738904,0.022518972515656627,-0.007657712334606466,-0.003082453948398075,-0.01570602035462934,0.018822455375522823,-0.07202847989652753,0.02673193652757091,-0.011414236453883307,0.019213867763243242,0.07011710828526882,-0.019942817551397547,-0.006997782576058008
AADAT,-0.024039077544686677,-0.01757088670721746,0.00816233230065792,0.015677751429184626,-0.008411969651902685,0.007062307669969154,-0.020393626984072617,-0.02081065550730903,-0.011202284926737163,0.004895366938844366,-0.004297073221020109,-0.01017735685952774,-0.01594990626545483,0.06324080795998901,-0.06727220060267479,0.024078109690458597
TNFRSF11B,-0.019435281018303004,0.018344672920140925,0.02274142978383348,0.01567082060422384,-0.014819595457914678,-0.01339919244747214,0.024804429276566467,-0.02561128616089929,-0.030979385675573318,0.04623209190747998,0.011283158200466418,-0.0017710227693534149,-0.005782304586396178,-0.00389100740437462,0.01984351926759532,-0.00392307542957141
RGS4,0.01963994102216962,-0.019583314960724615,0.021062730880518136,0.010965734010678567,0.04945548270779811,0.001849899072561315,-0.0029151142322783844,0.02853455993396039,0.06709864573585148,-0.01309205408172502,-0.0034215176376119305,-0.012031114869045755,0.052688909490377696,0.0035145338987627255,0.007490659215302455,0.033984179402277985
RTN4RL1,-0.017526858817243293,0.0025577464929776974,0.027619538347790764,0.004368231108912709,-0.014044663418243985,-0.04444101359849498,0.042951873918918804,-0.010186948966970519,0.03249933738137452,0.0270203662881075,0.007539817767520954,0.03433619123849206,-0.008034203318225356,-0.010641974704414737,-0.018989932298375353,-0.025408975686091635
ATP6V1A,0.01775092037966159,-0.052807659916002066,0.020780070265905327,0.011843032727315156,0.05479864146380828,0.05745668936588196,0.006340960447114416,-0.020400527838004993,0.026867675304036817,-0.010629609924221906,-0.037938945956026204,-0.020584312297415835,0.03659672039446601,0.006206929484023059,-0.00684345619526287,-0.017631171304561124
EMCN,0.03029418959789209,-0.0033296346541219785,0.03523029573900421,-0.006884396662027348,-0.06248893468853437,0.030669807721559583,-0.012757359768373843,0.06990683301308481,-0.011831211619629222,-0.01395335169292426,0.03547735599214768,0.020137186268180812,0.007164285913823365,0.003204659947033877,-0.032819178815385666,0.03436626864422406
TNS1,0.028474704896363164,0.05806066055162441,0.030749653074008523,0.00765743473977427,0.0020746325998550006,0.002062052197308224,9.236772958937968e-05,0.01245498424791021,0.008376842706129317,0.018597987708903703,-0.008193577136960997,0.03129805792683718,0.004002797855517819,-0.004408395927833424,0.01809259923295585,-0.039483052338752336
C1QA,0.05487097175327783,-0.014251603643446248,-0.011020968598608676,0.020337789444615912,-0.027275805135475062,-0.05793433699034383,0.021933719752038887,-0.016470553040568447,-0.03247855126766485,-0.01069640665710242,0.020589542180977236,0.022020990395145254,-0.014877808035406311,0.0014193766810778165,0.006051250967612085,0.007308048566122893
ALDH1A3,-0.004234608442605512,-0.002993143977236841,0.031701850233695636,0.02129115771508004,-0.023436293534957898,-0.017905939042323227,0.02497101812095903,-0.0058425218850008094,0.009678463462084168,-0.0011834626788852945,0.006651033081194623,-0.02282028948110069,0.01882938658852154,-0.00298345829326699,0.005174196209048985,-0.007460289367637136
ECHDC2,0.001338704961641846,0.0038296252700590365,0.002777688588578006,-0.006805427788253845,0.0030102749472381536,0.00798363582848117,0.020048765886792243,-0.029069288738316924,-0.02424330245382509,0.01763700520340459,-0.03453838229412541,-0.012257901531068791,-0.012918201193767222,0.041833049719511975,-0.029727042494680403,0.036700251249625365
CSF1,0.0356283139142055,-0.04926210348655361,0.015441586005634276,-0.006872299950887713,0.03893004379980239,-0.007376405443876775,0.02474985994579617,0.0008279571027494208,0.0104115791337676,0.0022026812129714813,0.019337454891802518,-0.013786917556439817,0.0033819199043440295,8.51892475889765e-05,-0.007642053144178413,-0.030984247810235985
FNDC4,-0.007612360135531741,0.026329935352963747,0.013375271368946522,0.020799699318607964,-0.008504370412497268,0.012080400558136153,0.04800050796726194,-0.022916519959326725,0.027196330035239323,-0.016003288158453317,0.006464164195322773,0.024083852795903936,-0.0614442101730159,0.035997292536355155,-0.008396903876024217,-0.0160236520361133
PTPN22,0.027538535973622612,-0.05518976018088097,0.011539584759090605,0.0013914281104260395,0.049969888611714905,0.03870867889179059,0.04074093980655749,-0.0006831614503086379,0.038930682456649955,-0.013048872668239609,-0.027821343054238237,0.017511922918936055,0.025674723777492834,0.020044838367530952,-0.024853502636777415,-0.016172226214914216
HCK,0.019677261597996206,-0.04938734710410139,-0.004003835150172293,0.030697666179836533,0.02945624833387195,-0.03127905696199253,0.022488160128232876,0.0421963039468917,-0.02379734576789528,0.005642548974166838,0.010331811759469903,-0.014668445280316772,-0.03716575754265202,0.025073063478301197,0.04158436020356006,-0.005754022838178809
TIAM1,0.006372693698644535,-0.014274694637691397,0.036784166491571735,0.027325413231405155,0.04509781137429186,0.015776691597911556,0.03753590765781488,0.007979584914300623,0.025244395629133786,-0.005475956147183448,-0.05380464076748011,-0.012429932942694715,0.07676832905339666,-0.02675459043869,-0.0023133914621804707,-0.0166017540699209
ITGAM,0.05174539170026057,-0.009951401452720303,-0.012797537052138593,0.03596937156406279,0.011712814166656454,-0.0027587962288106557,0.010686700177464951,-0.02143962997703164,-0.015073467676199544,-0.028302792312656942,0.006555712214743595,-0.0008911953562030974,-0.0004259405792983858,0.034121514276703714,0.026702781158354484,-0.04756902878628935
FZD3,-0.019412592548160038,0.0036821207976345796,0.012859783844336455,0.041606389861456185,-0.005257589740867025,0.0060951284522732015,0.02144050504759662,-0.007431580783300472,0.026594918790054725,-0.0006776580972682189,-0.051031034052423985,0.006612862840886732,-0.040007196174990906,0.04704060745687478,-0.01511042602171909,-0.008454605766256834
F11R,0.03884787410520646,0.0006953841078823481,0.027650249669751194,0.006613833240277956,-0.0370624312137211,0.04436731489962841,-0.016770669260082638,0.006489618989664332,0.03883242899055127,-0.02740927182593156,0.04851568711309974,0.03225760799903707,-0.024162091839627076,-0.023362569938235933,-0.0022861700290873893,-0.026398457825163472
PLEK2,-0.01447753024469482,-0.00910653674162323,-0.007677351521908085,0.04164341022256813,0.007947442563245739,-0.010277054244192816,0.028755580502431908,0.013431666902495002,-0.00044411227228098376,0.018319408137416282,-0.03850180239344719,0.029652114710821097,-0.07466146542514984,0.027956484052181266,-0.023047909003153684,0.012213176305222128
PTGS2,-0.006459303060302103,0.012740830688030043,-0.0009275224070726888,0.03743945986808994,0.028591765683305372,0.04080924601969326,-0.0023562252685575494,-0.021972634996769092,0.02574408999567636,0.05637466224856711,0.054085977084482956,-0.029234018156569258,-0.01444586023026915,0.011772213408327327,0.0303962180467413,-0.04557901731790222
PAG1,0.03329775589665296,0.006379920939779604,0.007498143117195959,0.04500723890068802,-0.0027817935458880005,-0.018831218651049197,-0.015174156256643995,-0.023866008692789566,0.023976797902155195,-0.0275232209012362,-0.00949790929794568,0.012699942897047747,-0.007968736369202381,-0.04105625703461148,0.007706667286406777,0.0032371499146783105
COL6A1,0.018439095024754434,0.04768675178704376,0.03017409408601606,-0.01772042481142486,0.06355306910656403,-0.007574048418079471,-0.004811261287115306,0.030223797303297658,-0.023704586025392372,0.032451481867452475,0.03575566655047189,-0.023680945926673094,-0.025360246372027523,-0.004460725192820755,-0.014411967526161149,-0.018396228967066233
TUB,-0.028520385788187996,0.024377270477556896,0.03319851900061434,0.0013422843585717786,-0.015001319858410871,0.000767500109597417,-0.005560013379004458,-0.04205459272202616,-0.011770726867599937,-0.012948519622438112,0.018768971725457523,-0.003546834094403201,0.028111037050999522,-0.007381031670762601,-0.02677863608297694,-0.03166311795643011
CBS,-0.03446398531556738,-0.006427449785045334,0.023015427407208324,0.035843644766026056,0.007472601189610878,-0.01858307541592266,0.013638930108993067,0.00459039919519659,-0.02927663693669657,0.009358863732411158,0.015208433526847656,-0.03326668366164859,0.0273174704519581,-0.017565319161034286,0.025303152362524346,-0.01583373730562903
RGS18,0.05635131225491439,-0.014091572910088463,-8.241540516603079e-05,0.010966096294701293,-0.03127420152290512,-0.026423416724808576,0.006206186848334047,-0.0340906269183921,-0.01516682047446994,-0.008406790525984217,0.023040038386695334,0.045769839510754556,-0.0064345931681330975,0.016119007483452494,-0.028334341233035215,0.005546343017581967
GALNT14,-0.018914521107407746,-0.02802900579154101,0.028825363185809354,0.0009773803246978436,-0.04123657727328685,0.011005095415064663,-0.005706405444481133,-0.0286651449283937,0.021787381363954833,-0.017700262155265906,0.015288423737814184,-0.006147517564334738,0.015732117640314063,-0.02373558306281224,0.016313574291987137,-0.025478940427820052
MCAM,0.006822209340685408,0.000373483469404654,0.029483741725683937,0.02378875357934246,-0.06375167087906979,0.08993151162341173,-0.012018137478054896,0.028228438983680753,-0.03722167779862886,0.007563070968845931,0.032607581126059305,-0.044157389021333295,-0.004499327083003911,-0.00983464343165125,0.021267691699428895,-0.0014178827513697005
VDR,-0.0009716077158096571,-0.025175738763365534,0.029862439960130514,0.03264094479912696,0.020362649141429223,0.001966180963609815,0.048927900783330674,0.016322432844930162,-0.012362895434181224,-0.010315589440676436,-0.018477735325567464,0.03332999868197336,0.007095820094542868,-0.0005611386702275957,0.05133037035405858,0.034212640542526054
SLAMF8,0.05750277504593477,-0.01652342235951087,-0.010159925403602357,0.035154443723172,0.010090202767548191,-0.023128958040807716,-0.0013876000410747097,-0.026450500856986192,-0.020953368129231865,-0.011015905810237306,-0.013553588393292784,-0.01648578824860782,-0.022896944401853317,-0.017890872540042683,0.0226920764616947,0.006259848717331303
DHRS3,0.02066252637515749,0.004794664780018561,-0.004164752730174477,0.01604751832009161,-0.04148375535729851,-0.007179943540406028,0.02733294196756131,-0.03998296642032206,0.019859808534717374,0.00759535151010448,0.00037068409044515097,-0.013842244714765854,0.00593136426538368,0.03603303719162634,-0.014803223216598223,0.00021001847538080327
PKIA,0.015801322515443493,0.0007350090556887588,0.017015643378287558,0.016434455007129648,0.0006761562834315664,0.04295622522794745,-0.0025262736489721823,-0.04718003072946358,0.07714965267500652,-0.027142078789124217,-0.020179310772992943,-0.021044166372484744,0.015293553469006613,0.07116949398185837,0.02773269802976913,0.013250973265611499
ARHGEF19,-0.010315253901914082,0.02325583254855151,0.031807133586162564,-0.04483617039843545,0.03516318735897769,-0.008469728944259274,0.038311193404655206,-0.023602270032780797,-0.03131272400241618,0.032302487680388285,0.011288792186050122,-0.019957243529478835,0.02397628200852033,0.025591730208261776,-0.027521614425055917,0.023630433111543572
ITGAL,0.05413398659063526,-0.02141358818896075,-0.008619596351155112,0.04258222726189668,-0.01824415230065968,-0.027149880676685518,-0.0009845598820714093,-0.02816818798952032,-0.024975561841714792,-0.011349816285511367,-0.013678476080668404,-0.03051360167604264,-0.010418709308324229,-0.024918945618969374,0.01629033172685925,0.0024226672029801855
GHR,-0.00580143528122666,0.004130711267177058,0.05683433384069946,-0.024123002736244126,-0.005187703193804249,-0.005888624743518152,-0.03380318299995758,-0.04678366059485474,-0.025884854704955794,-0.0353240420440942,0.028716469259713648,-0.007200337219010322,0.013995465953037163,0.010120090167152769,-0.004448608270198868,-0.0779330460620356
SCRN1,-0.006434414648152267,-0.011906510914224696,0.025528775501904286,0.013053859188529802,0.004685695181011745,-0.01388036022954674,-0.01262328078306495,0.003890887360557541,-0.006933223811628884,-0.014366969712124077,-0.07271400992030073,-0.020774366743315502,-0.06876213623160754,0.015065351343961225,0.0010097820826550554,0.0003392036938092086
ANGPT1,-0.009211651834998131,-0.026545169561179555,0.029209797222455557,0.016091458841238172,-0.03515736840932518,0.033812164744460374,-0.031075263154095343,-0.021386477498620004,-0.015009298492932227,-0.04731669325467119,0.009483231800051182,0.012846610413210226,-0.02766031252783552,0.01021672857190556,-0.026542701489205747,-0.010629751470941246
DNAJA4,-0.010936353751172384,-0.01933639766250946,0.02238963884389098,0.029510730540849524,0.000950707162079208,0.0004904307730142672,0.014986288716160173,-0.017534618316455218,0.018296368758558473,0.048050348192645254,-0.05380460421267088,-0.027980277375499386,-0.016102128814591807,0.036335744694685576,0.04787022842421328,-0.0035181599512002486
GNPTAB,0.027644227061046488,-0.0493338302083531,0.02153300421931925,-0.002485633426507091,0.04420168246062631,0.03416305233831126,0.01464254671672506,-0.00932788103359662,0.04837745446614017,-0.008665498973843644,-0.0475667300717537,0.06171029491559552,0.02897378810243452,0.002535851844149168,-0.045984535960384265,-0.03116232552533172
ITGBL1,0.02660099460437164,0.02824884074339088,0.02401358839332711,-0.029131515789315516,0.010257008805565513,0.01349165764060516,-0.0209741255593673,-0.055113202360696806,0.023675179027611175,0.0035253466816776817,0.0409568728762467,0.018684276231867213,-0.028296028892534547,-0.025596957852556876,0.0009206405381321434,0.03744868392345343
PTPRC,0.05706658130896079,-0.030725336470755912,-0.004617632180585653,0.025952518165902536,0.0036902988075738583,-0.0036717223072351745,0.003403487929561252,-0.026291057669677983,0.005415767873194925,-0.012030931583057888,-0.013723975700727122,0.014885472207095699,0.005530737174076383,-0.022081255564486795,-0.003838853459401245,-0.017526921116029867
BMP2,-0.01847191090867028,-0.009459221939481413,0.030037676244426523,0.008168594083482146,-0.012835233467744074,0.016469384139510018,0.029096113361259245,-0.011239048788734869,0.011290644220053908,0.047138121689102704,-0.0029879644416180642,-0.018905852439851357,-0.04446575168164777,-0.016203299825738173,-0.013012764103474529,-0.002739438750447961
CD83,0.006106998539039377,-0.024918941352933342,0.01543170148788955,0.012740888034541258,0.007124843298767135,-0.04634692861244349,-0.028592367339116853,-0.00407815634899978,-0.04570863515253787,0.02553881534157468,0.022396320506865627,-0.016737583244400365,0.04761438073366526,0.01408379167544187,-0.0308879155662947,0.005267789023779652
COBLL1,0.007177147127588173,0.019720967914758858,0.026698093953223024,0.0009718432413000663,-0.027729280060824518,0.013402267004747021,-0.053248196375020755,0.00015522170626384914,-0.023400720736492367,0.05615027028955727,-0.03327190372774795,-0.01887530727221519,-0.02651769071440059,-0.020124290424679694,-0.0002213706170006817,-0.01152335475442104
ECT2,-0.025920096575773814,-0.002085987248192275,-0.0015389286750086533,0.07332918774250229,0.028316838715147966,0.020921896237398374,-0.025200554416438738,0.003350721866026884,-0.03765474317574704,0.031486028888673134,-0.0429478627025646,0.039927863472222436,0.006603185403747846,0.0095779661721433,-0.02560928110857469,0.00876965353515944
ARMCX2,0.010246554302834377,0.026835614189033553,0.019291552528101313,0.003312749813860636,0.005963202308269791,-0.008989625883132608,-0.005189509628120996,-0.037877788122852495,-0.010885218665769289,-0.026650223685892552,-0.008256325641213286,-0.028012701524399903,-0.0356540822060031,0.033957604112784937,-0.0004296337646390678,-0.007096482038847236
BMP6,-0.024848411325293526,-0.032886887240987074,0.02772404479705735,-0.017154173311786095,-0.023974423717027512,-0.03220071005282572,-0.013083953935443277,-0.007744182939310763,-0.015004730943083872,0.001362153139292215,0.012754558251088203,-0.012514144632961008,0.048210582066016305,-0.008162047724796138,-0.014521805491483956,-0.012501134178255642
FABP5,0.012585208139359736,0.01137008577344983,-0.02628824521746079,0.044581109362738465,-0.00493862140074533,0.029465629126435744,0.003338862666012292,-0.0423047471338599,0.015683990091887624,-0.022506237117628933,0.06735535548489094,-0.01623713853551078,0.02926412357338488,0.0027629447351714444,0.008249150301752259,-0.02714274416290519
MXRA8,-0.019718969904626762,-0.015965313367235223,0.03054210074128224,-0.020070602612491842,0.02818265106276643,-0.010230576295324235,0.03415798845417708,-0.01854735134823511,-0.04095739328706102,0.00045551170520856973,0.03498373982469277,-0.01696673755938783,-0.027486691677905423,0.014118350473675975,-0.018222535488012608,0.026478652391959605
PAQR8,-0.0009771587510544906,-0.023685219832156868,0.03361812348066919,0.02390658549074422,0.014522223607866775,-0.031448499584098746,-0.005043142471385731,-0.014825426886434543,0.029492363883602764,-0.027547364151275684,-0.0031446710025171878,-0.020126719704755863,0.0026649564248912225,-0.003791469169014093,-0.02568352956413783,0.02468091589844674
PDE7B,0.023151991644955523,0.018944929517742005,0.04465074171836978,-0.01377808265786096,0.014101489879162049,-0.02754223671519255,-0.019022996109469264,0.029088928647652647,0.011077589185788958,-0.020183213506006065,-0.026073146140796706,-0.01987880842328861,0.045421941492463036,0.032278444028308574,-0.02030507379301896,-0.005541772200551643
PFKFB3,0.01922130348885427,-0.0023398582593690503,-9.073400185004993e-06,0.021125620438070227,0.03323860564974565,0.015116604193572254,-0.043475783962166975,-0.023207335195442304,0.012121536829145328,0.07270110680246152,0.005454027005695125,-0.016388736065503732,0.02244397187108651,-0.015725058499918485,0.051630849939411395,-0.04696015074470281
MRC2,-0.016778767380666137,-0.03971633528862738,0.038244277084639566,-0.013437472244458494,0.028486176838183497,0.007099657960322245,0.037875140931294404,-0.011720191920413618,-0.03207153912550275,-0.015173070541857441,0.002168045318639621,0.011996976605279838,-0.03297978877079112,0.0028984618170340296,0.0147694445407385,-0.019509410165675926
LAPTM5,0.05496930140131417,-0.04125286552434103,-0.004325314609331907,0.01876807693195271,0.0348052189521213,0.008995068258837278,0.03697864320772989,-0.00850133527415221,-0.0010554729183120583,-0.0073877995818912206,-0.010509324836649,-0.011279816477278716,-0.004610731873364202,-0.010890455938135849,0.0002547823569774674,-0.007816208665883529
KNTC1,-0.026020887658531434,-0.015819103690705705,0.008323028695359906,0.06305818170518086,0.019087303248740473,-0.00026234013717414163,-0.032644837562925064,-7.374317610752204e-05,-0.022178382163081524,0.01416336366717875,-0.03214658643182774,0.009088419797939,0.03320034766359835,-0.009099656536502012,-0.027593973433018955,0.008908317210302387
SNX10,0.03245958267208093,-0.051632569699972215,0.00300834391805822,0.006688444914752391,0.04783001990154491,0.026745648185448546,0.033714817696854096,-0.002102952034750348,0.04049294698471886,0.004638326970690527,-0.032282988807572854,-0.01592927251985559,0.019944101669382208,0.033302102582812715,-0.024404714284037853,-0.019076739117543495
SERPING1,0.04248173540827143,-0.014094594080546575,0.033249505923916935,-0.02779490033924184,0.0023195977917337763,-0.028172323939210663,-0.008280931932125165,-0.01673644375470365,-0.00041938029567432813,0.031054983794264194,-0.0067068602562966265,-0.015933768620494514,-0.009075681430946031,-0.004842804729361323,0.003976952829623419,0.015464113936374148
BTK,0.057148325762201774,-0.031813644877974494,-0.009459374286635054,0.022657321960231135,0.024615772724453512,0.014127385478426967,0.02661827088017212,-0.030932869922177017,0.016431696204358002,-0.009059545209957304,0.014886345421052645,0.03153658865860971,-0.008540205948012657,0.004107900482310009,-0.021133384199107014,-0.0012110644278114369
OSCAR,0.023948699531937196,-0.048796249473474065,0.004776629386367693,-0.008787054750559449,0.0424046731114514,0.03477808796011869,0.07136694226187539,0.019224844552389445,0.04953938352576341,0.004842427625696453,-0.012243032507886945,0.020956652081353732,2.8050718803265557e-05,0.027890647683643965,-0.016591852039385437,0.011185941978194083
SYT12,-0.005123649619337114,-0.02590578914819701,0.024597139264258563,-0.003306121457372682,-0.024563788336591272,0.040874865055848975,0.056213975393637414,-0.027088657671973992,0.007270769496320415,0.011004112403717015,-0.011204764292434766,0.03632922824929692,-0.011175662347285967,-0.004725692238772809,-0.005889337203356853,0.006933459303502413
ACOT7,-0.01643019282225252,-0.0066960742101760005,-0.02099903315838484,0.05808965620646379,0.008759982500697348,0.011731498625172717,0.014575448938234783,-0.011572252009323696,0.005170518589843638,0.057658153719554725,0.036256552935328645,-0.0033468234620063105,0.01411897566842362,-0.022628072483335343,0.008472834854222736,0.04090048701894791
SLIT3,-0.010719241290284136,0.0006745064651164262,0.05225410309904125,-0.002058018502785004,0.011960518824001868,-0.002645618866002792,0.031933698018573105,0.013021056630513103,-0.01240494651524326,-0.011725967910318429,-0.016283348012593745,-0.001793720720350854,-0.026063326787844978,-0.02138028353235365,0.012671324671961672,-0.04695400876000885
ABLIM2,-0.004282398620448159,-0.03666598910128351,0.027911670199746948,-0.01894996485473308,-0.015100348716884746,-0.00277552327906484,0.015000490719964968,0.004030717816334111,0.0377169929264803,0.022551220135935638,-0.03950330948601697,0.013698052535839705,-0.008033432945999444,0.009594824281604747,0.10080460023807122,-0.03142666969279227
CDA,0.045749659105284245,-0.017227842868690318,-0.018263363679920937,0.01110608630024239,0.011916399335980592,-0.0010720050983333085,0.006068972468650603,0.01086890516492259,-0.005970609560192583,0.021098837221527805,-0.01628413480675526,-0.038945280658172626,0.030159536726840745,0.010989742291061403,-0.004219372191910131,-0.02284608841763105
NR4A2,-1.9159907729209436e-05,0.02828398036860059,0.005868344491756611,0.015230824101838158,-0.017206875689622907,0.033692402780297906,-0.035157740651736866,-0.029937467910666395,0.020203379101514648,0.05985042151012421,0.04302968253397123,-0.025679064341354026,-0.0029427657668522293,-0.022572721727543855,0.003814242677234186,0.00603611820195653
ADCY7,0.04577101891334675,0.03261942539749739,0.007413769078783993,0.017668565030467584,0.014663500175469916,-0.0180116648348852,-0.012518319091841822,-0.036247136009582605,0.025978824596882236,0.0014396754191451904,0.014219994449457481,0.035392099759721386,0.024701468777411143,-0.04105526976879131,-0.016971153633715298,-0.0019965892155589075
TPM2,0.014754274753144886,0.010595079824558241,-0.011258567271120776,0.00042262978506628487,0.016317721782355382,0.02419592034569475,-0.019951846904681905,-0.012628628272818283,-0.02311040973340464,0.00421364883411169,0.012127444201424021,-0.041269446155337834,0.040591676341464225,0.08212493932586644,0.03318382827783768,-0.01571450832566349
PTGFRN,-0.010704646521646231,0.01075149583392484,0.04428780897160772,2.108990618190725e-05,0.04330185296083925,-0.04445005273442921,-0.034383514919636815,0.022871044778767953,-0.04261118214365537,-0.01865323329826213,-0.03447620643023472,0.006409142915607954,0.014702267410130617,-0.004500408934649941,-0.0049221841286222045,-0.07230229130666901
ISLR,0.0015455225926870476,0.03142450374915997,0.03361788714845288,0.012346442090155757,0.01513140640672489,-0.03158095209521048,0.03645618967213099,0.0234821619837616,0.03135331366730274,-0.019284383344599754,0.0021074480725713275,-0.009271124481280583,-0.01757487702863233,-0.0046500400464704016,0.06118715231738606,0.05574927237679963
TNFRSF11A,0.026690818112492708,-0.05356549178113968,0.01838956788305222,-0.004364880982695531,0.04824603881928359,0.038243121369512904,0.04378019434587854,-0.00947915573512333,0.03111404738091992,-0.026002996981359692,-0.013119542916537125,0.014935593252948059,0.017197145582550772,0.005177531307381656,-0.01900175071794505,-0.03569632325103156
HYOU1,-0.01643797873262419,-0.022118605211892156,0.008740051318137003,0.04560831695373491,0.007693550816365861,0.024953916552723387,-0.03599039211267337,-0.01711498120979199,-0.014041365040187721,0.025186627257247365,0.0035147290175966163,0.029382296628584725,-0.04313243067793885,-0.023436810273047944,0.0046010106751506585,-0.009001169374536058
DLX5,-0.030822393089555766,-0.03250178247482887,0.03426335675364906,-0.010368597221176482,0.0029940847982338897,-0.022610965217563644,0.0009805631669743847,-0.013303037092821886,-0.037429595188881344,0.003436001553011635,0.015153992497573933,-0.03332415249738664,-0.012326117607811651,0.05772004210899773,-0.04694978883619216,-0.0018162869718459079
HOXB8,-0.017744417743132027,-0.011587095547321596,0.022513728571402703,0.009021876672326375,-0.0173701649195475,-0.011305911098179904,0.00013087877504167262,0.0034682171560652605,0.0063056924733721,-0.004585187577618181,0.01855173630015464,-0.036190148607549134,-0.06697246225954635,0.004894491750432579,-0.014478711581109676,-0.0021196256175138655
HOXA5,-0.02175693097918002,-0.0178267586119452,0.032957462057447706,0.008418492359906165,0.0032904170349838517,-0.013742297306355606,-0.0077985696615109675,-0.006241612828042588,0.0012670595345249426,-0.012795724324906605,-0.02439534920951706,-0.020724021442348566,0.005947730453986893,0.03295671701020714,-0.040756402283080286,-0.00563535237122241
HSPA4L,-0.02078951035237934,-0.01855319257668314,0.012956544002615217,0.04170552229044679,-0.023216615784328345,0.010980845654907348,-0.042490617064069154,-0.021651020223455702,0.0370118443088788,0.04682590873793353,-0.02784720138855039,-0.0026787822040800335,-0.01284386795080826,-0.006267844694976908,-0.00025239844107320707,-0.00248564859414875
MTAP,0.008616691320571197,-0.0074670488951799775,0.014031117413321926,0.0046731699357101825,0.009885974598172174,0.004621708550430835,-0.06469523417928988,-0.026375845503541665,-0.008219038970676884,-0.010285638144706727,-0.01107484039001786,0.002777230284661933,0.0573574604743159,0.011437275007667448,-0.03741812963987171,-0.016156112052249504
SLC16A9,0.0163325035206945,0.03324856526707087,0.022082214848083807,0.01643981379410707,-0.023475603435912262,0.008524753203798417,-0.003007892642673756,-0.03207219883702272,0.016800874798236214,-0.017660161672669615,0.0009474839920279692,-0.04547863812306114,0.031581114460867754,0.007561137093268198,-0.03721316002302296,-0.04985127149042462
VWF,0.031111823904919976,0.03595966260893887,0.020375915874758895,0.0166624382086574,-0.04163023943648542,0.03660057209216895,0.0028849099514036474,0.03350486089862649,-0.02026451366249439,0.030888817660964876,-0.010978688490195544,0.008136990244373352,-0.01573542000639063,-0.00022997928170843235,0.02341725338348541,-0.02045445026094909
TNFSF11,0.0023794378729972403,-0.03883089320934231,0.01904987227880881,0.0019816075565202906,0.03600952084741913,0.04646030862053449,0.025910191815278767,0.008263491273366912,0.05292585160915566,0.010681379136620258,0.033888039493524064,-0.010977896442699815,-0.027626181831628956,-0.013592565813605163,-0.017676645108262088,0.01077272810452852
NCALD,0.006093365963998049,-0.010846578712229268,0.032666896584661306,-0.009124553613819825,-0.0079399570853822,-0.02059304634225733,-0.023083757662704794,0.006958290114656265,-0.012426044676077911,-0.002205522571942271,-0.011347154012157658,-0.026851364327632358,-0.05969518569848632,0.05931167385284945,-0.024473121656589807,0.020463682326552733
PFKM,-0.012940469265650206,0.003918034449931716,0.021642472210768527,0.02958284221916186,-0.00923010452071743,0.00020243565175292848,0.028972778156524805,-0.01037471372226779,0.02366252787839462,0.04270831020344108,-0.05879889794665743,-0.0354135060790774,0.025672122748053416,-0.00859227205972264,0.05465973148169337,-0.016541790442768337
CD200,0.008672161464497227,-0.050661721634581075,0.05266888013377423,-0.033671943655681734,0.007446403571399305,0.008911787087149924,-0.0017206228997651682,0.011946934201969368,-0.00499255803713787,-0.006257796335808346,0.001859464060533559,-0.015124477660058927,-0.027698490965739744,0.024354023596896313,-0.00967947453063421,0.0110977409562535
MLLT3,-0.0007006785237615217,-0.010481164136512948,0.02333459653273759,0.015052099354322937,0.0038897490356113026,-0.0339799937668903,0.001424891702009299,-0.018117646340953444,0.019537748064155702,0.017629709307150472,-0.04046268467375298,0.052627010289483044,0.03383981248242865,0.02031052533164409,-0.0243789446618959,-0.011596467100873037
VEGFC,0.0319743479235032,0.009243092145964409,-0.0019874523995598633,0.01909367206003628,-0.0013073612755446803,0.052477618107262064,-0.005944417763751464,0.04262731218384217,-0.005267161860559138,0.003455667416409988,0.00034932777294589476,-0.002428346608403551,-0.02069319773681163,0.025602089862120463,-0.017286682823596126,0.03557206981947662
CYP26B1,-0.01215546207932823,0.021793987614562294,0.04323774389100294,0.005279109127897936,0.022495948930682328,-0.027988196436817943,0.006396721589224869,0.039479347394921524,-0.0063482710496654896,0.019315197504770842,0.008440080948052044,0.04117755027707194,0.0020188654453512332,-0.03815723822251947,0.03116924637591184,-0.015338899050350716
FGR,0.0559466717433723,-0.012632806449670509,-0.004948555700389582,0.024329661803605386,-0.017200024393829404,-0.015184665779657231,0.005373716251018356,-0.03158004363717174,-0.024132987582017002,0.012590496461035126,0.0004017335758939519,-0.021673389532600163,-0.01667921438887415,0.007738203841662404,0.01534517220163951,0.001862770296851131
CYP51A1,-0.031232624892874795,-0.008840115989238043,0.009258632723088283,0.036144327492854976,0.04287067652713366,0.0036687801446364113,-0.05010536997833176,-0.013626486039050357,-0.01762832339268809,-0.003913508931917428,0.046401367538852545,-0.008876940178137373,0.00553755833019662,-0.012491905969630186,0.020340275540154332,-0.006108151122858561
ABLIM3,0.04169526057529069,0.0260345563390055,0.02715927684134712,0.004021479218687245,-0.018255811858456705,0.010330445773421484,-0.004413417001847287,0.05524676692101933,-0.0016346820747129651,0.003961695603415579,0.010122267358933706,0.05458754796467529,0.01917686387454029,0.018145205440343995,0.015625742206741237,-0.008971949230696438
IRX5,-0.025085435249199962,-0.033373774657790616,0.03621934566818187,-0.02229918207787385,0.006327302491518394,-0.009577173852641311,0.007735562489904576,-0.04234273789144447,0.006024461277627282,0.03509184479280738,0.011581252692996934,0.0023863977937017616,-0.018419062297766194,0.01990269815464805,-0.010982615733794467,0.06400654664126665
ARHGAP30,0.06232445936525924,-0.013613810527415898,-0.009440065948781608,0.034243737067638155,0.00021850105703549293,-0.025779080430700888,0.015210234850467914,-0.028269720237332714,-0.027021989898691416,0.006729491499992682,-0.011808137271886489,0.0023804859344835564,-0.001975156035815389,-0.005320384037748361,0.006256013950940511,-0.002621172738040198
CRTAC1,-0.015475296385420795,0.020017054381150177,0.015803677861034187,0.02194600152362169,-0.00924487397663695,-0.030627335348667725,0.041268479413748185,0.023660089953752704,0.03799197383506439,0.0117470947737249,0.019537195284964257,0.01183397836248054,0.009837611606329347,-0.03068770251700589,0.005455023483399941,-0.010314008193536998
CARD11,0.05052238845445289,-0.022773383130274952,0.01321426481933553,0.012895456259836327,-0.01132488149599347,-0.053033523295803506,0.0022077666243728615,0.0037956469834720323,0.010065679678234882,-0.007993375270403077,0.022600442641399328,0.033166070908913464,-0.010616286663566815,-0.014918031009013295,0.010399979105324822,0.0119061800518944
S100P,0.020268956821254482,0.023809105136993157,-0.020858356209887335,0.040949294938014066,-0.01402371837220787,-0.016543693674004704,-0.006177794777444387,-0.043037791263601646,-0.02351941157085559,0.03001704777952896,0.02926522464172516,-0.030016250357002935,0.07086256797906504,0.005025522080698954,-0.005891026252941033,-0.011058571571714117
OLR1,0.03647796301466242,-0.009476493327836392,-0.00878333730112693,0.021984308620876004,0.013234566348415643,0.006909082696843313,-0.023955207325750724,0.013209871884508822,-0.006496182506030651,0.030302214457576516,0.018715929381381644,0.026172212523240777,0.00984684754540961,0.008618460457381863,0.0346433368879451,0.005015576428899107
SLAMF9,0.02880595296611463,0.004635372027743515,-0.012247955635245259,0.01726019868742591,0.004549459157276489,-0.00869505779672969,-0.008087395197452326,-0.00663827863614821,-0.01113825043601703,0.04210296138303059,0.053848507351534604,0.028932373213137387,0.04882493522577313,0.0005606110924003885,0.011689497183975115,0.020455762986096047
COL1A1,-0.005727208674149345,0.030904790335055287,0.029902426578549964,-0.02267751655366624,0.03432232383729266,0.03908441676753552,0.060710307569170736,-0.028564383178690783,-0.064449787329039,-5.5084499282979926e-05,-0.009075686166517518,0.023250410605037852,-0.00044413452509963315,-0.03517635334187707,0.03985622392332311,0.004839050252537054
DOCK2,0.06169066500712012,-0.01893180604967899,-0.0025686756193823127,0.03321588194153359,-0.006065421609244442,-0.0367817487754178,0.0019295982256192375,-0.028676763553917187,-0.01965434962081257,-0.00436856702546193,-0.013796445983464432,0.040687237083313496,-0.014392015909259034,-0.007697819799611931,0.006121271077185847,-0.012013063989891576
KCNMA1,-0.009572784062550552,0.016195222256430525,0.02949444497901803,-0.007098322800708833,-0.018816359338609027,0.01654146913106499,0.009105130403764837,-0.04606212067390841,-0.03174551907516103,0.052178170701673604,-0.053755742212495364,0.03366833875849079,0.003607476632647136,-0.051034946326359305,0.03908138685363037,-0.005924899803857364
ALPL,-0.03372761076773081,-0.047343618826270015,0.030399027704952716,-0.005276136295766681,-0.004912136814648902,0.0196343564730268,0.028335102007937124,-0.01649616792388726,-0.054891835226346546,0.008296038718926623,0.014588882149301036,0.01033124291863011,0.001766218638861248,-0.009548434308949062,0.032492119896244835,-0.004369735568256188
SOCS3,0.03744376074220154,0.006193858618790853,-0.005181348426878221,0.00907325552988072,0.008979365380497371,0.03599316371724513,0.005801383973606661,0.02279918439243308,0.028411073653318415,0.05071557859087715,0.02574260457348851,0.009130054337602993,0.004075354349126996,0.039876940225445814,0.032233622437339064,-0.03303832236811148
MCM5,-0.029467195867037874,-0.018444684601119397,-0.003055533321866467,0.06609683209401798,0.013901962042197211,-0.013699256951415521,-0.008867652288337758,0.023483884109528244,-0.00614865790037218,0.01810639514282878,0.007532086625320995,0.054190447317318285,0.020909277385475798,0.01215892893588607,-0.02494999896304603,0.020770155997543654
CX3CL1,0.013827890045040474,-0.012903165948483864,0.03679724909721859,0.02232895375645955,-0.013960400019155005,-0.0448077521677427,0.020550299142150737,0.027006636177183903,-0.010636806659365774,0.01432712683809384,0.015966042774464013,-0.03522188165645428,-0.016607397186869613,-0.05813585829607667,-0.014825309129349176,-0.003500021471040617
GPC6,0.011227374120717854,0.02649682388001785,0.004338294627579399,0.018805086119032036,-0.0032901016522899236,0.027124107301924327,-0.006450074621449792,-0.03652876715648876,0.04837174001927909,0.003909356220919718,-0.03432072978501634,0.03174808420856377,-0.04958354890848413,0.009764593010140661,0.005273305546000763,0.019170841519856537
PCDH17,0.02045352842846484,-0.007900973316670784,0.04349916871075098,0.011565455983512886,-0.041118277249814934,0.05231965795528135,-0.011617721367141856,0.035811196526183454,0.006692768369642778,-0.04085178196822945,0.0407216026399871,-0.00148942067814066,0.0038245952863841057,-0.03265901554674453,-0.019905288331163007,0.010865369335175725
LOXL3,0.009271740263060359,0.030957452750673166,0.015581658293210971,0.02715614749873052,0.0257781447817137,-0.022484725032987346,0.027340977697393937,-0.009706580958743289,0.017665209320515206,0.04809844757326025,-0.007950041060070622,0.021206049892659232,-0.026544140203087076,-0.00949959939550078,-0.024482626297871065,0.02147465865425944
MCOLN3,0.009203479608722517,-0.026264414013715334,0.012584770251786982,0.016217614057411397,0.04003785352566579,0.008785430733512458,0.00746184485729089,-0.026082559023369922,0.07238203093077075,0.00844071313333386,-0.02522997031934351,-0.002231573643039418,0.005263036601492643,0.014992143942079162,-0.04794135145853357,0.01779589431408141
SCARA3,-0.009692253013432673,0.0017050208509400981,0.022969446237612188,0.016116566421093097,0.006168184733882398,0.027247553326453185,0.023461230468910244,-0.0025150574613441064,-0.025592535892780197,0.029872012713710164,-0.02453345251251188,-0.00953994855860613,-0.01467196254728481,-0.019869029562521026,-0.013962790201010787,-0.015391962989783648
GPR65,0.052165388070481794,-0.010295154259072984,-0.007905112159980526,0.027315342666555244,-0.011224893215430586,-0.01526460073721797,-0.012190042657122209,-0.0556934336420952,-0.014958399082001573,-0.046914321967718484,0.053624711927082014,-0.023461923167026454,-0.02136815739029535,-0.010802945181820726,0.0097169180794278,0.0047744978868494384
PPFIBP2,-0.027419566115530727,-0.04718853438814227,0.045409813893769295,-0.006243217039569907,-0.012051509483611037,-0.012498902101556176,0.00802851210256381,-0.026935951533621556,-0.04286677556424045,-0.010679804047959707,0.0029461870668980603,-0.02001005675791876,0.024501507227023045,-0.012177172815037886,0.02490436274594764,-0.0322975829592807
RECQL4,-0.03290847950441648,-0.0046823892281544705,-0.016643489927286172,0.057407061081794344,-0.003407656283092594,0.004460161446265086,0.028822526182027595,0.02457627816129833,-0.0211215897492715,0.04443409935547036,0.012455669355070226,-0.012966478612384692,0.01208690222679453,0.005457855000708298,-0.021534128535598156,0.01018396789234998
CILP,0.018606443851972753,0.0223479841846371,0.029282782065482876,-0.0002781799525998676,0.0033573353277011357,-0.023672543209839046,-0.03408175704806759,0.007635687057244803,0.009933456718533188,0.00861244240616257,0.00765906588603959,-0.0007160818136816276,0.024588565480168044,0.03947598294734782,0.048145467936419495,-0.013348588568581218
IFIH1,0.03211611249204565,-0.036902332431962406,0.016939468860486615,0.007092408756540597,0.01703635676677038,-0.03856584791317282,-0.03322292595925032,-0.012870434484032777,-0.04717789471566262,0.030744774560783172,0.023737897607097318,-0.0053895880893550276,0.014969767404753347,-0.002580145859463305,-0.01924157642338993,0.024943176405244814
SEMA6B,0.016898689080808736,-0.03369684706220056,0.03626610203678793,-0.01612814965564344,0.022471148693449693,0.014802830557357845,-0.003618074955411661,0.04649888720432231,0.027186010917581716,0.016737947654658237,0.05754628669625227,-0.007466794036348546,-0.02145207596762923,-0.019821991162797724,0.01948940499556224,0.008373241946333576
KCNH3,-0.038785153831733005,-0.00420704165621936,0.02249641851540754,0.03397247809751751,-0.01595340595198133,-0.015112465820170607,0.01789286271908964,-0.02853878546031839,0.020902507124684316,0.03859728111648596,0.026997781552082104,-0.026198558286848403,-0.01636773441154396,-0.02708706498020454,-0.028580375842499874,0.017918291760552693
CES2,-0.0034254934034273774,-0.0051115087347480105,0.025773029960080414,-0.012889282518339987,0.00014745103104367712,-0.0576814469829349,-0.005290235060411286,0.023363186123075242,0.036564486786036306,-0.00817500065895753,-0.026905598389172142,0.035543103218595745,-0.037028706903719864,0.032655095626275436,-0.01952423262531687,-0.0077926122317885935
DHCR24,-0.03269360943125803,-0.02583424036102718,0.008423975332154627,0.04100601804621471,0.024599755093318146,0.01782883405316816,-0.009641488221764123,-0.020307649607122103,-0.021629504811402293,0.01737057034958433,-0.034132320844356766,0.017436294508263638,-0.02500093824352103,-0.02114171478931135,0.020426797912629455,0.01657175123025416
NCF2,0.050558921694587484,-0.0032521176003373407,-0.02087324953870668,0.04351802934675522,-0.009666920980061128,-0.005811068149949961,-0.012765269337677784,-0.047610820148519625,-0.00411936724523335,-0.015143838112139346,0.05519962026612678,0.012899089984599375,-0.0037382044886377945,-0.007616542041594221,0.04193786899763142,-0.013903282501496597
SIX2,-0.018156803636053497,0.013176644519444357,0.017766374901201525,0.01995825224482342,0.026527386562404238,-0.033995072073049845,0.0192667689858987,0.05039659825408271,-0.010651696522770569,-0.017909996122307065,0.03218718588989928,-0.02758424561436246,0.018380158906944048,0.03655888801777703,-0.011398221313807144,0.012769262036027622
BOC,-0.01982988288320656,0.010422687674336614,0.046626941056385304,-0.015812380132246964,-0.007287654561642519,-0.026454527502692227,0.0011590929686067855,-0.01579547540245315,-0.025821974599501682,0.0006783718112853727,-0.020545090281796356,0.018611413631405477,-0.047872922304075624,-0.0003725940166969333,0.008277336234542961,-0.05263388157256779
LTBP3,0.0038121603826490697,-0.018476595705773764,0.05216798963613414,-0.04010213809720989,0.003216124493912215,-0.024355069479781548,-0.002487163303547126,0.010397876578218406,0.038088728387896606,0.024896896201026475,0.012602581404033829,0.005818174369521277,-0.01271394058351008,-0.028914104685101492,-0.010538393439042608,-0.0021370410358303284
FAM89A,-0.007061044173894574,-0.0050968751870481225,0.03788970728671894,-0.007101445571080833,-0.007914056812055684,0.019223069317291282,0.008176341308800277,-0.005551127836677531,0.03891568701083854,-0.03376476158343049,0.024032413367811,-0.010670791484150427,-0.03151990876519708,-0.03265580663372304,0.019262559694822524,0.038085917728802356
RAPGEF4,0.004969520833514767,-0.03960930123569809,0.04494606979273495,-0.017762021459044618,-0.024651689763292232,0.01768203884759042,-0.03210435287831531,-0.00010709713468941978,-0.00795976492284421,0.01586483909385667,0.006627948464353122,0.033255679985395525,0.018096207519026256,0.004316344240490933,-0.02041500439097143,0.03309353942330621
ASPM,-0.03630206466009508,-0.008552653566665182,0.011740928338576265,0.06757592620872827,0.022294139858014032,0.030523669069753876,-0.05029216878887845,-0.021696339305235405,-0.040653318036524264,-0.006677360308394493,-0.003105861897579271,-0.009625037675146324,0.005509352822922217,-0.012613042010546475,0.0006154014310701759,0.0020632700890169564
CLMN,-0.015546050994038708,-0.020994299329443945,0.03905935207353158,0.008909520765438723,-0.0049449739021826845,-0.03377583824606217,-0.004787048408865126,0.005669425948076716,0.014909178534946284,0.007591608980757582,0.0016393676597792582,0.044983850788201794,0.029575744644199285,-0.01997386588043934,-0.012049211557745113,-0.03780579529855391
SATB2,-0.031734777548707085,-0.056881931475409535,0.041005520379969185,-0.004509651010558222,-0.010998535098922759,0.01736681001049181,-0.0033539231801990406,-0.025489871833782696,-0.038882900464636994,0.001560715363683106,-0.010899719301672937,-0.011555374652918707,-0.007794335750284731,0.01092094089266732,0.013599908342975352,-0.02344353289762357
LOXL4,-0.02812926065322806,-0.01889453613447486,0.028368126691737123,-0.010275366874453799,-0.007336592831463611,0.03134548955511478,0.02354433232367504,-0.061303239811820676,-0.004933911460047531,-0.0015139655666291324,0.020149760797000753,0.003678557193236393,-0.03067623355580184,-0.031250177356220064,0.053893757110717644,0.051472239671195366
NTRK2,0.006652499275623998,0.036289934017993165,0.030279510306563024,0.007471852512412372,-0.01509657316281603,-0.00722205840972847,0.01784353005484071,-0.02260818086718542,0.01872759443644316,0.03891818603574555,-0.023551224009927492,0.014090131442916355,0.000509322157142957,-0.021675502791768005,-0.016864699129103315,-0.005338516655891818
PANX2,-0.021217462197641333,-0.006511859990371518,0.013696455046680944,0.024852561501293845,0.015601637880425203,-0.021875692090490992,-0.011029702707614872,0.009028365120680797,0.0014430406798950687,0.037113179500261446,0.024856120273319356,-0.04976096073464924,0.0035022621908188515,-0.010095977802383516,0.009510527360098607,-0.04474030234301874
CPT1C,0.01349669518116728,0.011282669190367016,0.022385842400813177,0.01959808726206717,-0.018833385030408767,0.04720597571350475,0.002767357989709846,0.052303019903277015,-0.0056699648835846096,0.028576039930747636,-0.028831620224254978,-0.020364343680859563,-0.016377620089911223,-0.001994470908325498,-0.008823877959910183,0.017297512875125143
MEPE,-0.0021172090609089594,-0.025857933552250818,0.023640929711599933,-0.007415101856072605,-0.021424314521357683,0.03261328734089962,0.054858356968678496,-0.022642892916609914,0.016999031445774138,-0.005292671430674353,-0.011013313843982526,0.014719296923633468,0.004257451385982075,0.043131672848521166,-0.010151186933265725,0.009936201068309912
LY96,0.0573094163882479,-0.003674074721942477,-0.0054066773814184935,0.0012807022159481891,0.02378780805698323,-0.003797178225305135,0.012729487597229253,-0.015653556238973777,-0.010790859630741334,-0.016513539452368737,0.030825704683124365,-0.005348488821474774,-0.016600726104849126,0.025813632394951196,0.01365945483958629,0.042419419517662926
GREM1,0.021304302560240178,0.02154969991844486,0.011048181557263224,0.0006233796296082898,0.041131185804275064,0.011165525187093477,0.0030179269751272903,-0.019891132824795314,0.023706478043925713,0.005610349518624489,0.023910357127757593,0.038149263842084134,-0.02571630063492824,0.03500237245624349,-0.001852885269929639,0.04014126144219707
OSM,0.028456334453899244,-0.0008118546956072262,-0.029561577344502283,0.04966065640566651,0.009341882560072833,0.008700019479474522,0.01126017619013851,0.02673333222784881,0.002072075667259751,0.03485924723559456,0.03280780889561532,0.0063693545651813226,-0.017271632545504817,0.04594043025477229,0.044732051115869226,-0.015720524276683013
ALDH1L2,-0.0074932245261601586,0.03524461991752352,0.009365753996441727,0.00812589995431251,0.00884953534395714,0.05928817242246417,0.016764279750674262,-0.04408767271861277,-0.05680575173628112,-0.010199968621781692,0.0235600898146806,0.040955799305915065,0.00968595719726766,-0.007464296133074018,0.020605830171445395,-0.005579950815019864
ZFHX4,-0.02351437186592711,-0.004022805605993893,0.051044395523117424,0.0032029716077339575,0.008345550292491063,-0.01839300490017756,-0.018813260044785243,-0.03335691766853003,-0.009339137704995958,-0.055856293743414144,-0.025059350080114468,-0.001852531148700251,0.029828266058719757,0.025058311540384973,-0.0351276440207797,0.012279175711767948
MYO6,-0.011594109408317803,-0.054269055912860256,0.02744057946231019,-0.01603662786039712,-0.006411922138369662,0.0005246473433987466,-0.027070817936010332,-0.018011940292051172,0.009438650726243497,0.016859662171351937,-0.02910279108125307,0.06041126255222682,-0.03327102665954002,0.025727434742170048,0.011555222656305774,0.02393922210318599
IRX3,-0.008678996737442568,-0.03315693965172452,0.026756710599750315,-0.01049414501814557,0.05477431509399661,-0.025503486778356982,-0.00545064604196336,0.019768426854652018,0.0025702623207871974,0.029328198221369995,0.03403577760927407,-0.005303907674073411,-0.02597117184848668,0.02787665129517423,0.0026543409489688313,0.04261219543793742
IRF1,0.04423773604845931,-0.03158376870229562,-0.0061952129044537405,0.018946230047833683,0.003928486494811997,-0.04048761036690575,-0.024250022738913597,0.008937660278072667,-0.048196777914552374,0.029131765186812947,-5.805978100755036e-05,-0.012859669700499714,-0.015037667602234066,0.000743559525529846,0.009595096344090871,0.0430995631184292
OLFML2B,0.022453355034415645,9.948838029813717e-05,0.03582549530477584,-0.021458602684423553,0.055178951108033746,0.00818271149732428,0.018307416243031432,0.021858899512809515,-0.05758395056772339,-0.014336213538238845,-0.009446465824694763,-0.006159800196969571,0.004936685255080276,0.037023593872382035,0.011826560861594242,-0.001699598799084919
MEGF10,0.018332993557471543,-0.03226247729099437,0.03982476196002978,-0.005174161772450392,0.049944586272269,-0.012637159551984476,0.0032438170600645575,0.00260081776351457,0.020984083646678458,-0.012851456264660388,-0.021033371949706982,-0.008592554233241784,-0.03211885137716794,0.018302900154354356,-0.006463248994816399,-0.01494976110822465
FAM81A,-0.02389022478473677,-0.007220219313834195,0.01324634656790484,0.03492636130153968,-0.0010285000355283336,0.018025377263880413,-0.03601885633058697,-0.016066061909012268,-0.0038412438429886097,0.008121113497493617,-0.002935767800128719,0.00867913273465794,-0.03808905406905018,-0.005725444600074067,-0.044948483812313374,-0.008994000142586181
BMP3,-0.00990253090462789,-0.032944100059473014,0.04228531784440545,-0.019679643983966644,-0.0022740256775035644,-0.022494756430469907,0.025298313182008238,-0.02783237165974703,0.006175035004824322,0.01200221704901296,0.02930948302076447,0.04328935990978659,-0.007488278878598379,0.009521576238926436,-0.03354536567572575,0.018809227550710877
LIMS2,0.03757137841722194,0.02889841746737321,0.024779340584813563,-0.015754911514750128,-0.044279128040275825,-0.022431133564418785,0.015406152837628976,-0.005670401049165497,-0.003930474710986255,0.037342357205243135,-0.003288285286070181,0.011675720099650504,0.02234019706077444,0.00045074306519628845,-0.024003716546804204,0.028231636761877663
IGFBP2,0.00976518793715395,-0.0072546176138844004,0.022128084497595322,-0.00027680908313930126,-0.017170101317098774,-0.03756337698871829,0.019502876468010966,-0.023095282019487393,0.0335677064547325,0.022035002918714,0.004800991606511821,-0.03621321577998435,0.0035060455729469986,-0.0006963684897807266,-0.0028644096126040604,-0.04921946735666464
SLC2A6,0.004797787449796138,-0.020100544660935984,-0.008968455479181108,0.022571799569574322,0.01170292417007593,-0.020986754898334778,0.003142864325900918,0.004220860489498079,-0.03426786579238791,0.06241212665912688,0.004825567527847182,-0.02162968557634614,-0.0480458834877987,-0.03279067739558836,5.9143540980575006e-05,-0.013873249851175372
GCA,0.023332479489257058,-0.051579787147829015,0.0074969078160999885,0.01302891440333435,0.005186395990628206,-0.036696015275229504,-0.01169140737486965,0.013419636426548408,0.0008672914193032775,-0.0340101450208615,-0.005117858870645828,-0.015236053459822183,-0.0075863244381426075,0.04476974489971058,0.010909686958786467,0.006430701418582253
C1QTNF6,-0.004375845735228751,-0.003504917066758738,0.03592532080729879,-0.007273262639894318,0.04175830389886132,0.006458857216600394,0.0645791744553974,0.031140486452774653,-0.05681834908317232,-0.018592811640466313,0.03872871061001654,0.0073468780411276345,0.004214091243540234,-0.002787925044588486,0.017917842262794397,-0.018157787869605306
TNS3,0.02715069525576486,-0.03187739417762439,0.039811257674405465,-0.0018628586445326215,0.03185378024038291,-0.004751143193433791,0.0037651648351166864,-0.012039744559618632,0.000742545561484698,0.00776383343852466,-0.029074249839905697,-0.04602062204157248,0.02690468985811067,-0.03272805944228904,0.006684652812556017,0.016571959651998137
PAPLN,0.018110858494704667,0.026366150108592768,0.031769545151386094,-0.004550381385648483,-0.01287808865400592,0.01571237494850354,-0.03568204524427257,-0.014878246272218131,0.019434075263979247,-0.032356201327495594,0.005245079929473213,-0.003760382639035005,0.01017497192736334,-0.006346776627253529,0.028331239324702044,-0.01341440374944352
ABCC4,0.01278944304767205,0.018095248394792245,0.019814497433226497,0.007052928862816574,0.010180142260243644,0.013241027458125967,-0.025175539633987408,-0.03454261142081064,0.031103086925805778,0.010351713651767815,-0.04985529068352924,0.01778994348648348,0.007041535467332822,-0.03997349404623808,0.006142980091947146,-0.02033097198321167
FHL2,0.01460881990227366,0.023888531183626282,-0.01720983600992214,0.01923510690129855,0.0457514833067751,0.0026408656022071054,-0.002547206560817688,-0.011378110069847106,0.04921793759607666,-0.003726667997821842,-0.008808533892292098,0.045109381317602434,-0.03686797557606129,0.028574737815989234,-0.04535864855768351,0.03458412875810433
OLFML3,-0.01328658207736419,-0.012047834813808896,0.034656868561063196,0.020150344098157132,0.05168869512330135,-0.005991929706557899,0.021067975655898345,0.028552508867080842,-0.04755042692039079,-0.010428858584824644,0.0164555457232012,0.00953910033078214,0.027854515283062466,-0.007882214790660197,0.04308234816631039,0.00021677354215613245
KLF4,-0.014435786337157384,0.0031456508993042524,0.03084135531725163,-0.018863252874458974,-0.01122388303075634,0.00969470229037707,-0.023914875292131713,-0.06374609993147883,-0.01684431472154565,0.06362008203435306,0.045244446265385374,0.039997502021192975,-0.02071763486785247,-0.0014633216923468362,0.03825321124679314,0.007700791718854109
SEMA3G,0.030267729309708384,0.01424415195966788,0.039602369386429956,0.001626679236489315,-0.0585235198834891,0.020221473372827634,0.009233537933246955,0.008111759485402738,-0.019248789682007706,-0.004018523533993225,-0.024451530180874752,-0.009383150033118754,0.03635065141211831,0.0175545757582285,-0.03131871121800226,0.013037486067662927
LAMB2,-0.000809939164717757,-0.01359488287196928,0.047329997411492054,-0.03551029398058188,0.008887605174020607,-0.004710319771581928,-0.03290312748369913,-0.015947535180678825,-0.006316956725199312,0.031584595266646975,-0.006975460746513444,-0.020594948058505307,-0.03485266509936784,-0.01944809820537218,0.053013347365511436,0.03960137673276421
VAV1,0.061729277027316745,-0.023092353081630126,-0.008833608472337856,0.03177147098592063,-0.0010866384139361475,-0.025265377434058447,0.025423296406194056,-0.022547584909906635,-0.006642394469112518,-0.012034329139905927,0.01127626159701417,0.01369967526288921,0.009457758159022632,-0.0022637861508183876,-0.0041105415191749275,-0.0047231006604485076
OCIAD2,0.02046638886292208,-0.01999465277895599,-0.004035062913905378,-0.0027706416299514026,0.03229336379678354,-0.02037986908399581,-0.036802222500825044,-0.0009867833277670659,0.020211990172483124,0.030186597474248438,-0.03189192320677312,-0.01567439852728459,-0.012742280584960186,0.04096879341950251,-0.004204053799542737,0.008368737848719913
FBXO32,0.007920406160415025,-0.01163587522269885,0.032980220196306,-0.009718001991811,-0.008388544117839607,-0.011991811807863706,-0.02228160443630377,0.016436430116577486,0.03092187767703469,0.00943513920683095,-0.04156724812731866,-0.006776272873878025,0.004155570027158856,0.07227134745271013,0.04389754307237574,0.03477126883217568
GJB2,0.016939869767802943,0.00037496689837985143,0.004992659730337409,0.020205606792875638,0.05778346595839136,0.005868080036107582,0.01687983169983991,-0.011645229677120866,0.04285800819169126,0.012166882052341569,0.013981449480539976,-0.010860351025930713,0.02001855549954018,0.009282787514185514,0.028767264590436673,-0.0030412201950995492
HNMT,0.04386177575926254,-0.014554117625563343,0.00654885424101097,-0.0018274184467587306,0.015081580034611285,-0.0050559838662481375,-0.013263593534031675,-0.010667593568570685,-0.02918416812281148,-0.005368449504383401,0.0044749762245998945,-0.01929604319216552,0.00010215305690341667,0.023155574756634573,-0.042550470005368046,0.00680103907040536
PLXNA3,-0.024827113970936242,-0.010656751794906426,0.042143783221519314,0.011674099263912933,-0.010491852198689684,-0.00937687723917379,0.022541219869450083,-0.027385159852737498,-0.014709963383696576,0.016772317969251528,-0.00039931539736904643,-0.0574835758297257,-0.017238621803242468,-0.03768786158668317,0.031210953825738796,-0.024261159913542735
TLR1,0.04752435012513195,-0.009335116296355757,0.0014048685030401452,0.03226186760922883,-0.008411371569900199,4.2376978968236556e-05,-0.021953709479177786,-0.05921511361250924,-0.025248399985100135,-0.04218378028279708,0.04129870836632633,-0.01901849208667038,-0.009523842874171119,-0.01912386345102311,0.02701584937690668,0.011983935787783019
PAWR,0.004621442301226116,0.0224205210119641,0.011089563310797074,0.009414300577280616,0.03842753482825546,-0.029242929777363043,-0.04133521787030171,0.00785889722724607,0.01192927101340006,-0.011256724407865779,-0.010715318608347547,-0.036786936843112884,-0.005253801247068389,0.030402605298761386,0.008068800820105637,0.03310236904834559
TLR4,0.06014013578413262,-0.002170198153714307,-0.009283183886675362,0.02414451958778235,-0.009961986013801303,-0.005100473075112922,-0.0035370066863050593,-0.02502803039130984,-0.04834697857636444,-0.013928820449902846,-0.0061823258063936105,-0.013876944604420308,-0.008971428013337139,0.024271168137121477,0.009219637008487595,-0.02282790971174614
FGFR3,-0.04273318993128361,0.0013214891278481508,0.03504721125341745,0.004077954011154348,-0.02817618793404112,-0.011293774677854144,0.040301075054988,-0.02160639456123324,-0.02894709792426242,-0.008724271533672421,0.02294955203483217,-0.014150343610407743,0.02689238311402551,0.005688972270067955,-0.019134540078855608,0.007548380379005005
RGS10,0.030879384202434294,-0.04854522391270837,-0.0015937402739658094,-0.005103047315427987,0.023151614125765316,0.018541728462319947,0.0784609180908174,-0.008549102052130653,0.019326831945065504,-0.00472107621665943,-0.027072433628260638,-0.012659220755898138,0.010603106866254942,0.022224981219946344,-0.030099457849681197,-0.011430660811210431
PPFIA3,-0.005495279610786304,-0.017468311805978493,0.018868347246132285,0.002615463163423202,0.023753283426643988,-0.01885710255519397,0.020321514961776713,0.008816965912555623,0.06160893913092723,0.046063762704874486,0.04926575011901333,0.01293721124273663,-0.00047043949845299374,-0.0009714890826332803,-0.033983009442225376,0.004767832222142883
PDGFRA,-0.003763066967261995,-0.00111777229584076,0.04444155149952529,-0.005020477111527552,0.029026223648499893,0.016054136172232624,-0.01240869243787061,-0.0021135226111634025,-0.024964007273467263,-0.03411645510153827,-0.01522418476699355,0.024906251607232463,-0.04335949339702946,0.020196902545881922,0.020308720834874533,-0.019620683444835602
OLFML2A,0.02069298753868783,-0.016679767657474552,0.06126520873925531,0.002688342245257856,-0.014795692540808467,0.014567418954877537,-0.021878829816927275,0.05127048945902649,-0.030000698616299903,-0.01500228501294859,-0.00756355050717333,-0.002787762919605386,-0.014857967643279558,-0.01968032794159199,-0.010531640116490668,0.023696548566663166
ARHGAP15,0.043220801975840946,-0.009667410487326437,-0.0074589344158903555,0.02591401375286624,-0.03117301701684921,-0.023290348485952253,0.008461768478608094,-0.01868789762114446,-0.01184070579005766,-0.019285236762283855,0.026801672674602386,0.011193615330627462,0.011298367061237123,0.003391380717245703,-0.007351677250223598,-0.01964203386308153
CRISPLD2,0.0031973712617239924,0.06228494270925597,0.011212433295675093,0.013556765092168811,0.02045181565078513,0.008416382160595912,0.043469046258001055,0.021421900816660545,-0.02893941223505214,-0.006057664125344725,-0.003339530720567639,0.011577509029271498,0.010657009840641569,0.0017059863051728016,0.028607946423842665,-0.00022160123852006663
EGLN3,-0.015757595474699276,0.007586465568617116,-0.013623387471168057,0.04383171129997756,0.014685827497945505,0.011826829491652001,-0.020187166735093066,-0.020572405859817757,0.025835212649174565,0.026082177754652644,0.054456200737621724,-0.03988062274573064,-0.03516188360975407,-0.0012133899133247505,0.039668470629226175,-0.03075864243858368
EMILIN2,0.030431905471069744,0.01996419079291498,-0.00905608344834827,0.03395595294555023,0.008751442049457872,0.03931300764257309,0.023769746725049744,-0.019040820196443143,-0.01947757314036057,0.03279723614015823,-0.013879067072433363,-0.017960492981486297,-0.056476704802287246,-0.0035521294263714323,-0.004393420958671226,-0.05297553521008831
SHANK3,0.02784225858060446,0.010790093999851372,0.05931339296062653,0.0009697634923853653,-0.05241698518974303,0.032508768024249686,-0.007473350883385415,0.0512218486786901,-0.012581842072732321,-0.0014551703703813202,-0.0006065324676924316,-0.029984361031651398,0.012942891076531161,-0.0247750259134402,-0.01980502908754696,-0.01163457013507057
PDZRN4,-0.013010945377063342,0.03620096381714571,0.01653494879919853,0.028354714973856554,0.016151130588119483,-0.0038312724850611685,0.05240283457503389,-0.0021976143617990196,0.01375730650036926,-0.02661779646399881,0.008518652241859048,0.014148757759004997,0.03351724209477045,0.01787040113448051,0.015359089749481365,0.02253664413110735
RASSF2,0.0472343082149248,-0.023534466424124028,0.026863596139769855,0.008591414840993695,-0.013051254725098885,0.004298333751818715,-0.01170263314426144,-0.016790136983985543,0.011780590868069492,0.001257460480090229,-0.014369097380952253,0.05619106298031912,0.0037760483044105547,-0.04115355769034502,-0.009668972125616753,-0.034386062980835165
FZD9,-0.020764215381880977,0.03010507171468413,0.013508658325385814,0.01977969838815403,-0.003804254859118109,-0.012905560678654799,0.04630244849369243,-0.006884569192546164,-0.013805457767158755,0.016351345765201336,0.027787320776176808,-0.013326479964773754,0.0336824230123524,-0.0014804926578491674,-0.01759133099227793,0.015987568418460902
FRMD3,0.012098283979231277,0.012638353532404339,0.027746729777293495,0.01363995905105826,-0.061503105828903705,0.030741320483842927,0.0040524516526778695,-0.012499676167463187,0.0075133200970236595,0.0065886622390349606,0.0006511504623887285,0.05421370691466802,-0.017881748119362283,0.016534029320464095,0.013095868799842777,-0.007729586475674004
EPHX1,-0.0041214883898858445,-0.022683267624144195,0.02407310572143897,0.016133374078271454,0.00557246956930537,-0.06139164623517745,-0.006035392739301879,0.03029774203843311,0.005478763132533326,0.0015195773078896997,0.004080871720424291,0.03427482052819074,0.01750361554253019,-0.011180822866746966,0.03422129452988293,-0.00892569799537845
PCOLCE2,-0.017271198840441943,-0.01108534124272322,0.003670677672109348,0.02285252069927036,-0.02957283965574059,0.020404997684160195,-0.011493566628664076,-0.044808538602540034,-0.026796209948388293,0.015189931455645605,-0.017475014265494027,-0.03963734179457466,-0.013109153351829737,0.016544032609611223,-0.0461316674084266,-0.052379845043710696
SLC4A2,0.008149400677891182,-0.04773351720612968,0.025720752018991107,0.014412520853600938,0.05553095358406395,0.03574993615446755,0.015504900412202172,-0.008220360704805165,0.030074662832406354,0.019985454106044114,-0.02738767760649717,-0.028836822799109048,0.05603392843925828,0.010457891263283425,-0.01830402513676204,-0.017310866679066856
CLEC7A,0.04741872405711423,-0.023719092436487656,-0.003386482984222108,0.02645947377833073,0.018621135862994135,0.007373803283455385,0.021229215364953143,-0.041383474954322826,-0.004229933497967325,-0.01926272040742531,0.03701760122455513,0.0039071691493274925,-0.0014630084609870337,0.011802567372481948,-0.00028479469889120717,-0.010845470973901778
USP46,-0.025978528120915268,0.0028090420051448363,0.03216910642776788,0.047712089999338465,0.015677087711416942,-0.002730151003356415,0.016247939048943474,-0.016348328402794217,-0.007652236768050713,-0.005050335448852613,-0.05139887607713842,0.01910825949433536,-0.037553141064132003,0.04547428442374533,-0.01981992833476913,0.00921001906715564
KLHL8,0.0045636427959876436,-0.03791025779208202,0.029552545539132988,0.015297456807208148,0.0224756954284313,0.04771499601525334,-0.019870227413898968,-0.039392816209575986,0.025660498255009885,-0.019670289566531225,0.0009791001215329522,-0.02228295152183607,0.07697133097555044,0.015136612658335713,-0.03926233961082199,0.020138275182724524
EPHA4,-0.012024502500074617,0.03316252019753356,0.03731397944856081,0.03636341550272124,-0.0022292015567296273,-0.03013494036349089,0.03836654544579676,0.027341454047344185,0.01104730235599572,-0.03176972513823412,0.006720393922196808,-0.025066129073141173,0.03230375968694955,-0.02349792169636109,-0.016735680746184405,-0.006759967936744447
RRAD,0.0035628660946049277,0.017440348951313658,-0.004729736850296521,0.012849607094011417,-0.021235807168814763,-0.0010828280791602843,0.0436071992524881,0.01659211253829879,0.02622183617107682,0.034374375431717855,-0.032577492683185834,0.009066773685633042,-0.0019579330363873296,0.04618597827982838,0.1095308819008834,0.0025831227295577534
RTN1,-0.0033164141641841144,-0.015951821236278696,0.007238496845806642,0.04979310711408467,-0.02768158917727131,-0.010598035341017161,0.032685258223812616,-0.0102601340668135,0.03545957624634405,0.015970164301005726,-0.039273832279513914,0.033134433581188776,-0.09038135551395972,0.009992403708724562,0.01920772146723624,-0.0018738401023751013
CDCA2,-0.03309339864799965,-7.761034030767157e-05,-0.004496983007058615,0.07408584327125577,0.019010809553853848,0.026351662816095345,-0.016052762875291123,-0.001766431135256645,-0.026685853107025505,0.01957710012162079,-0.04590702754807702,0.022506408157281076,0.03043817990788595,0.0001502039916647501,-0.018079200768123457,-0.0013422791269901892
SDSL,0.015827878435258524,-0.023720467333761118,0.01126683312631652,0.011821432745654132,0.016461556748848548,-0.034318460633567985,0.03472494474733251,0.014475277902939995,-0.0029008060816639748,0.017652624838371083,-0.029234931733307934,-0.03412589062403321,-0.029858167233274013,0.02084607394739955,0.016637522887853053,-0.022293552641342106
KCNB1,-0.003414809451641733,-0.023894698348513384,0.0552781808785694,-0.010513487509698966,-0.04293239493158179,-0.020876794585605846,-0.0013092680663689283,0.00454819856768341,0.007984180591557661,-0.003632504391647457,-0.00644069922107289,-0.00746535121545343,-0.017339549956120196,0.0033363620891988426,-0.004990926333927583,-0.03784018637928342
GULP1,-0.002056740103404832,-0.006792626500528519,0.04188974217633052,-0.014791381001956736,0.0010262123041311182,-0.01022928820243665,-0.026749156332961238,-0.021476499326347594,-0.007886520156158929,0.009341117058394847,-0.014022212894415631,-0.0019172566299694854,0.007955562584672286,0.01860559008422743,-0.0017936499251406867,-0.01275719285633553
HOXC13,-0.020087480196990425,-0.012949395804412891,0.026211363384873686,0.014820539521099477,-0.010078859795034242,-0.04794287368986978,-0.0074193044804290766,0.0073701609061312436,0.04536502454617331,0.0212358987525596,0.033488136593401524,-0.014290239628464062,-0.05725320315900827,-0.0033270010574750182,0.010504205228222093,-0.0007151453546925986
DPYD,0.04029328826823625,0.002852035360772748,-0.0031547479050968216,0.03428053670708208,0.024655060031221268,0.020765316714534496,-0.036957536672920496,-0.051972208597918595,0.00825758103362319,-0.04053668986328072,0.02774254899226903,-0.006757813139031357,-0.02749390520026784,-0.0116244690778046,0.006806135901970314,0.009829536407177908
PLSCR1,0.025777043751653943,-0.028092454479787914,-0.00119872886109378,0.03259723300500218,0.0087337872358341,3.040402352398261e-05,-0.050275950729724614,-0.03914263027207492,-0.006678469718669047,-0.02034689503471352,0.04610159891099796,-0.0362686219218585,0.01199034523906513,-0.011924921884943554,-0.008927935592983428,0.033488894272433956
PLK1,-0.03213830637300049,-0.0115942949269154,-0.004036230925976025,0.07618580201150264,0.013285411625294298,0.03144901840075021,0.0004285649062115548,-0.008357988703618953,-0.014855649278789934,0.02623648873275808,0.02156523765770812,0.01550856024558656,0.008567602526583083,-0.01826938745081437,-0.0005828438869782777,0.01984213097009229
CCND1,0.006542096787162416,-0.014743130338746458,0.022998561653034662,0.008706701678895194,0.028103589747403897,-0.006740609748995201,0.016381409683801213,0.03026016186872513,-0.008755811244195569,0.018803816818976752,-0.014065141166277453,-0.016112189677079867,-0.06744836024766901,-0.050248936772093106,0.015966273882593175,-0.022877119167315867
FZD4,0.025698509370269733,0.013712101390861925,0.046760902103297065,-0.010459469912876477,-0.044357467100931844,0.025040317556633714,-0.036112821704967456,0.03574727033952426,-0.021314782138294942,-0.019788389293369697,-0.01634937760263098,0.027675284640690488,0.01610617394685538,-0.006136410864949129,-0.020639351352863905,0.004972922461465582
SLAMF7,0.04419235604364661,-0.04290814123484339,-0.009745961408981872,0.018410038853128783,-0.0007298904007008999,0.019712587403134998,0.012744789305600782,-0.02542083026734692,0.030820241229460463,0.005452395177429076,0.020383353789077817,0.020549456937133555,-0.014996819092493363,-0.0044585540005228795,-0.007849122198578652,0.0012223145689754565
CSF3R,0.04112436679543614,-0.008073967943130146,-0.01674815703114816,0.042962445805256086,-0.009886468825948388,-0.009336421136814889,0.00595279013545766,0.002167561458166517,0.0006368831429813294,-0.00380885419278676,0.02825331696548527,-0.001971847068064355,-0.00664912705094147,0.04811040014897209,0.03164342490682109,-0.021195095039944507
RYR1,0.012316581203383706,0.008604349957487888,0.018047735927956266,0.007243823422793189,-0.0435228906451232,-0.010228434863695342,0.0012620832165995645,-0.03036994502427335,0.05014957727959333,0.01727447030811393,0.01711459095746496,-0.004378418454867306,0.06126620641987021,0.03424859374453863,0.045712644212650894,0.01682942383542143
TTK,-0.02997535942466742,-0.011275635615657543,-0.0032677902666757006,0.07178370520831773,0.023554310393295,0.030560652345542262,-0.04030707304580951,-0.010872297314777865,-0.01628277200097753,-0.004754831999132993,0.015271227724836314,0.023674616924474815,0.014234552097004463,0.015299848003169724,-0.01365713787419741,0.017215999961481154
PRDM1,0.04153965963230208,-0.03681223891596862,0.012465164772675168,0.022226187365036777,0.023126343076103107,0.04485730572260746,-0.0001956996753780596,-0.006700983116411355,0.041922165542425956,-0.039302526636040724,0.016493353968411284,-0.022764698005312334,-0.01854167472460807,-0.032333201087349106,0.012530477403649522,-0.009966092922119526
PSMB10,0.03976688077760873,-0.01493714313070114,-0.024922182219793736,0.021226286408003663,-0.023127815986060552,-0.028282520975380355,0.02417854040777227,0.005051380877122824,-0.05771987066581574,0.03235704165531212,0.0024697946257445508,-0.01694530968200736,-0.02453891100228606,0.013683789373506726,-0.014020022515165573,0.03487473751217013
PDGFC,0.009135960872557669,-0.03212516357466344,0.03505121390568103,-0.0148986929647051,0.017612106489929464,0.021190175855067245,-0.04329494210864718,-0.03392995965150048,0.021510097870620148,-0.018780106915020543,0.008368044700076339,-0.019568582243409058,-0.04091734449099797,0.0044934814222662295,-0.0017788043400998287,0.0676248398105069
ZBTB16,-0.010697930565360204,0.010740267234549183,0.02599950236514403,-0.02925752984818052,-0.046789040056961086,-0.024466716701422732,-0.0032306221463641684,-0.03702235967130082,0.0018919441707576363,-0.01996830813807796,-0.02917683681337003,-0.010440628017066826,-0.01008514527725371,0.025242974205931454,0.028025756695646473,-0.020332765688838475
ME3,0.031066047846939962,0.006664511381507013,-0.0090868040847459,0.0008811807590132187,-0.0006618969187978069,0.0243730523967217,-0.017412249716227412,-0.010821747909883444,-0.026045960499499077,-0.008127637772811294,-0.0012690897415817963,-0.007420013220822188,0.0019464545160169443,0.05025250170060197,-0.0151418316294014,-0.011380461447541512
BLVRB,0.01936278533820028,-0.012256331710956634,-0.02417338434594561,0.019524139873486213,0.006715384953642722,-0.009369585939733409,-0.014510623725732278,-0.011180815579469164,0.003518173270220689,0.011277577855478473,0.10903018619410795,0.006974467562576301,0.006763301616655221,1.580277463685692e-05,0.016881624680406455,-0.014071162245782436
CAPN6,-0.0035626897658671123,0.04475523811895135,0.025903595013972002,0.01472493257503948,-0.014766835437910094,-0.020357526599686055,0.045137313324450916,0.005233885874667406,0.01792509055590545,0.012496877820421264,-0.026574658710976664,0.03543332209948678,0.031239245255644893,0.02505007839320377,-0.000699012648904946,0.00073296559413937
SERPINF1,0.009577524202807938,0.019984152451001946,0.028383087244287297,-0.013835638076600659,0.012384151637241408,0.0397477421147759,0.07823400367435733,-0.033531527026716725,-0.009912456318989592,-0.006379174206416039,-0.021363442506006223,0.007922838826334152,0.005689131717443039,-0.0002551589275431058,0.06191236148907338,0.064500887668146
SESN3,0.012861390191311932,0.011083808728580407,0.03845582478351623,0.011024367572011307,0.0013653723683085357,-0.00799393081363475,-0.051930928842030134,-0.031782390828830435,0.004462250448781835,-0.032712093922732735,-0.0024335405141151234,-0.042035968652881235,0.027418309285733394,0.00478688065480321,0.022813822466865,-0.04688349875211935
KCNJ15,0.028559317096461905,0.012781511812656915,0.006158280388498758,0.017739236650150144,0.008372768163129768,0.02868374118137204,0.005439181727919255,-0.0025389964249674358,0.025280830388272862,0.009297195238410555,0.03263136430330495,0.037879847212114556,-0.007185419311262756,-0.0011679949733196804,0.024870816921546815,0.03785910368621889
AASS,-0.008322646368189517,-0.014162797505261471,0.05002403164952443,-0.005981613120216218,-0.004660997156565717,-0.006964859495491525,-0.04185288692629772,-0.026487531183734828,0.02969961608707201,-0.012194602068653882,-0.018074310338942957,-0.018105084656427874,-0.007494831542021324,0.03948217557192912,-0.016794549343879202,0.002802618675406816
CDCA3,-0.037696324001988364,-0.010423226217949895,-0.0100474063821967,0.06784194602692772,0.005416514245504749,0.02814185834728548,0.004200399255157177,-0.0075397740808181325,-0.02543608970714481,0.012360176686415019,0.03184547017575111,-0.02767805962833114,-0.00375837752647527,-0.0016038393721374122,0.0025030360061638925,0.03927078828846326
CSF1R,0.0495780883315146,-0.04762773111623838,0.00927388362284536,0.008330855879265287,0.035867202979760204,0.014365154571029146,0.04266179167216368,-0.014014079774884492,0.004296273563695606,-0.021787629624728164,-0.019816932516987015,0.006260410736953585,-0.007356593635136343,-0.014650811459286919,-0.007100463071022462,-0.025155111687644113
LEPR,0.01549670684763442,-0.03039618077093379,0.036222396232831064,-0.011697191804015204,0.025307571343248667,-0.008483749386221586,-0.007698622965942192,-0.01612403812036875,0.010320118566755559,-0.024806083536269157,-0.003530688804032534,0.01778773065112995,-0.030221297534064405,0.04369514184996123,-0.03173724444501009,0.03395064980181529
PRRX2,-0.03203082841068571,0.005873770192042866,0.030394499915297992,-0.012108899188019462,-0.0012333889943543588,-0.02099049785945477,0.03586828017388313,-0.026404794306797458,-0.016680731998199805,0.0474452798088361,0.06127405874506407,-0.04057525573806635,-0.027825092569352197,-0.008997285319388346,-0.06170785477856518,0.0071551613315937405
PRR11,-0.022573943206199657,-0.00675156459772434,-0.015367715556101204,0.06539247026219171,0.02145177784706677,0.028632668660693927,-0.008828759605651678,0.00906160743832812,-0.038138731974387705,-0.005016598486833188,-0.013878986731530001,0.030597983649214816,0.011166718329943622,-0.013403108423326565,-0.022669304742202093,0.011721069114473615
PGM5,0.020054399169014008,0.024808645499987705,0.03490678322379448,0.02115831280885844,-0.030789579005118067,-0.03541018272056634,-0.013232360057450506,0.016230782352701065,0.016732676955425546,1.97723393107873e-06,-0.01649146991267979,-0.002412245210961687,0.006187047311020897,0.05634997266135324,0.029812688501500925,-0.005845061003609308
SEMA7A,0.028472278527390506,-0.040692913210646296,0.002958147875923392,0.009676622545687786,0.04828015690749853,0.02034034693498562,0.011638669345801902,0.038595052947745935,0.028498711943730243,0.028879449409594457,0.00016295427209962396,-0.023163405234097642,-0.014853090530180291,-0.005937256283314038,-0.005321781612118934,-0.004603715966203402
RUNX1,0.03746623283082047,0.025723623819520144,0.01751810680388493,-0.004237379403658713,0.03780382653418838,0.013186966327539459,-0.030606341875804924,-0.0021813091565513506,-0.0035037346836710812,0.020008611131724256,-0.011450019624715986,-0.011207611836996256,-0.021764052607854262,0.02724119554284787,0.012859272632819722,0.017704366675201436
SLC16A2,0.0168564189903538,0.02895761361318351,0.03963892874552187,0.006026873635980963,0.020161195367576525,-0.015009844998198357,-0.015197575119658949,-0.000106650193681836,0.014676776671847719,0.004842711313022609,-0.027900855530374725,0.008095701243945284,0.026128207132771024,-0.012987895341727387,0.020559664236845625,-0.007997745162033014
ARL4C,0.02787483741686287,0.022737536813690753,-0.01417434229698896,0.030338281775514425,0.042854800082564024,0.0008045729687075282,0.0019268563979479337,0.0019429775796414857,0.00955432345291231,0.0026611835504772204,0.04708700332150384,0.03235538812400571,0.0002874693031435783,-4.533106159431647e-05,0.027002552949062168,-0.019322134490711247
PKNOX2,-0.0029163467763504442,-0.00025263002188250124,0.0379448688019054,0.016832049379850646,-0.008242881450743783,0.011268030726099339,0.013414379574563956,0.029026472094947162,0.04094560843650798,-0.037732637846655585,-0.009040347296587271,0.02304658527429483,-0.00016391426218037748,0.04126597391150094,0.025600283988979677,-0.03132576728070024
NEK2,-0.032378396488525626,-0.027874273611761712,-0.0021806343551033086,0.07128454182124815,0.011831939758378766,0.015889078120243785,-0.028385314793199726,0.011685162532316957,-0.0226823109087396,0.03566985738058995,-0.0072372327944180284,0.0006946186547548139,0.008677696870609312,0.016547940672732304,-0.019950583229312292,0.017427328960018536
GADD45GIP1,-0.018878968341871562,0.01140554059795025,-0.021542174870278225,0.01956837054779236,-0.0007971275200117341,0.006214897366296787,0.015925314058311515,-0.004023592109627961,-0.009138062670632241,0.015367445847495567,0.08354520816377695,-0.06360932699381781,0.029955897801451158,0.03256893455523081,-0.017265592145998838,0.02968500109749909
NPL,0.05717659005807494,-0.010908514250088769,-0.0005653305803179471,0.011251185611128693,-0.0004573207053235589,-0.0159349842217284,-0.002236566553692059,-0.018531999062181847,-0.04228219553494987,-0.02310924710549481,-0.012116074141725407,-0.025991994555561067,-0.016227184214277636,0.030199811078350475,0.00028364560085094963,-0.014070902225398606
SP6,-0.0139366046101631,-0.05979781225039035,0.021182036259180748,-0.007116870239509584,0.012734635930181764,0.023137932887964594,0.005948275134470245,0.003938244572934441,0.020696429432767095,-0.0014156763298786203,0.032485155786144256,0.02288101366284899,-0.0341637134897162,0.0008064373382162401,0.00614677943333599,-0.03701665676308301
NKG7,0.04113161152682425,-0.014450541324923197,-0.01704639330758589,0.034237342913976544,-0.028169229161187335,-0.05470667090323288,0.008391309591230602,0.0022062309323382526,-0.01937399857002868,-0.0014772751011073969,-0.002813966472501047,-0.01645044207947875,-0.015491033948849101,0.0004671357151986061,0.007836920929991064,0.029138678960066125
CAPG,0.0314030715775447,-0.026942112703449962,-0.011548219834209828,-0.0040156429434517835,0.06760422698271017,0.01031109393988408,0.0025167558359942,-0.002057480958055368,0.03974436482108915,0.02202627541930773,0.05180885814799616,0.027603885943751363,-0.015544072961311972,0.005893523962442952,0.011528675866543082,0.041827875481451886
ITGB4,0.0353327557158672,0.021449266131792374,0.03262107870847264,-0.003608297785636705,-0.03095584150235701,0.010330099613353304,0.010930285369111635,0.03373087127735884,-0.011613076062401367,0.01973469131641173,-0.040525885312995995,0.012615983434648806,0.055691452166687555,-0.019185914329153484,-0.022597199325459668,-0.011846975545677606
ENPP5,0.02869304507911319,-0.03840913093821593,0.01963356233054485,-0.006570255912912096,0.00041314487343066335,-0.0014816374361293159,-0.03380753595668311,-0.021253935621299763,0.027124161275278558,-0.01995355752048303,0.02975653567102833,-0.03704912293600461,-0.010747109923673205,0.015338942765551354,-0.02467404276852003,0.002863303330059249
ACOT11,0.010373774492486014,-0.025524838530203625,0.029537528408698208,-0.0017208744966937034,0.01604532207861098,0.05553858808164226,0.012642702386244403,-0.03719712078873167,0.016221071354729173,0.02888268159586894,-0.041877587057307736,-0.011751814318333394,0.042684299394500455,0.017348882211449933,-0.023952274156029168,0.01602071256000359
FBLIM1,0.029245387450859254,-0.008743712774465093,0.040369143065391966,0.007067037552032109,0.012270559997922417,-0.0022635041550931913,0.004241492860546885,0.06193197128650161,0.022713087026609652,-0.007679415203281036,0.005622085036780687,0.03366360524943442,-0.0014701553774508856,0.01956713051043526,-0.005516846380228934,-0.008004336515120294
AXL,0.025444032204093157,0.023482935347058868,0.026702551274567582,0.0008875709851648632,0.01640245873696091,-0.0331793433183511,-0.011447070429382384,-0.008794273834510955,0.010251032238208155,0.020644108068206258,-0.042568264424283936,-0.02645897904536962,-0.015910229080906255,-0.021292164623860382,0.002026062823524627,0.0408655331932189
HSD17B6,-0.010793569851861012,-0.010536563642410861,0.021611993826101735,0.017109451740615726,0.04876210578094009,-0.039192914197836486,-0.03555472778723426,0.010931382605294724,-0.004789816760481038,-0.015741254819657224,0.011025268413027454,0.0011458068315278735,0.00350258647563858,0.04214192937337438,0.01788928603002224,0.01689031759061682
CAMK1D,0.025909402209343485,0.03910502681164116,0.01791093518936969,0.012364599882956856,0.0006502728919872487,-0.006186229185742622,-0.0054687001046967824,-0.024735759486443847,0.00074606454844575,0.01277611278590497,-0.026939683316307993,-0.013428339014043628,-0.013074741089497997,-0.03526637795879546,-0.006020391257232761,0.039118078009730536
MEF2C,-0.019437446998563403,-0.04749452527695285,0.041670641751399805,-0.0004041056175950169,-0.03256516073558252,0.005103401527266709,-0.016408964404450097,-0.04245596679507966,-0.01724058495239658,0.007249557797333483,-0.039172960892575416,-0.00957948590881412,0.01958137744697334,-0.0070614366787563375,0.04920415860439308,0.04807738043953058
SMAD7,-0.009488953264881644,-0.046605423341392165,0.04019284623967587,-0.008717070605032998,0.0022792892931392853,-0.01600345698614351,-0.015075677336207242,0.013512143092061751,0.012814171693875468,0.03906011776295398,0.01475999781718552,0.03464125410194136,-0.02126777241882569,0.009575887908619808,-0.003804620447392203,-0.002203493391322718
SORL1,0.04781983554445629,0.003809165922057672,-0.002027067987880692,0.04787347072494685,-0.026317941118931407,-0.03331100209183985,-0.009942656100203588,-0.01838995141673236,0.026976802501134413,-0.012937757260429485,0.00856376699598533,0.028215418454162686,-0.004648873748967504,0.010038563862324323,0.018255370109890354,-0.013977655974640287
TCFL5,-0.015376916201872542,0.023625796424931837,0.000949857308634615,0.03991094250872073,-0.008552690519407262,0.011808344969099783,0.042397410213388935,0.004987775203422704,0.0031392786582771087,0.014093305176425805,-0.00567010930497228,-0.019490668125676642,0.03931626870793285,-0.036511344034320194,-0.027170005783597906,0.015718333211397907
LMO7,-0.008193413449895316,0.00888409586729489,0.0271846507294916,-0.01465682628654327,0.003996377257241387,0.005665104789311306,-0.014243413388402057,-0.06196176255000898,-0.008309948050901808,0.0005261687945872862,-0.044319916839890006,0.018926822325117353,-0.02014333413760614,0.022890824416186506,-0.035685766351587475,0.06152412291478008
DUSP26,-0.012591388731337834,-0.01092597842777861,0.026308666511556163,-0.011085720460674572,-0.041900182988412325,-0.038775656463548046,-0.02673240772039733,-0.027271818218873582,0.034038677657783206,0.0070058073077785814,0.008310150167848475,-0.008997998761255059,0.02257775420806974,0.05329669631860637,0.004537168088112557,-0.014455849881832853
IL18R1,0.01641926865119129,0.012955275322768241,0.014990422638523791,0.024560354600160553,0.0021061679469443805,-0.00732906958597373,-0.00014881265324681679,0.013227117424171497,0.02908810113831519,-0.0034772673113563825,0.017032225602802764,-0.022623616509457427,0.0013979878288997018,0.004680302952450239,-0.013343446939917576,-0.008671040096681756
GSC,-0.02612502058675483,0.024320783839603545,0.011285873527823329,0.018346121172285748,-0.007446644342167057,0.009318604541565289,0.06421935076062234,-0.004507581882195839,-0.021515023671873263,0.010948705154460508,0.03583735263547227,0.05300785241054216,0.02110169834512272,0.013500890490207057,-0.006011014658984801,-0.01170283574785758
DDIT3,-0.007359464048366568,-0.007844350458311498,-0.007393864995231553,0.013016361522851483,0.009248277548461062,-0.014599279186298735,0.004196441304504258,0.03695710675910297,-0.021944124093612235,0.04489792250408692,0.01435774723929216,-0.00202891429297626,-0.024976282234733554,0.06587099973726764,0.004229934367904875,0.009861956027271345
SCML2,-0.034808398866468554,0.007880306892370396,0.019982199604509872,0.04892693980822279,-0.007688970372973423,-0.035757299793438085,0.005180561855083372,0.026734936528024836,0.016624136039625426,-0.00856754127995063,-0.02124976729564733,0.03398448444866624,0.03728315389041915,0.026026486689551116,0.025926000757182037,0.03650941139600146
GFRA2,-0.01743338453150951,0.010153771522969503,0.04380712215758155,0.025968857398817675,-0.02885136961525968,-0.02733615662436993,0.03287001764277293,0.009398782264760862,0.02000232906943328,-0.00393133567986873,0.009770341552029996,0.026645341034565395,-0.014097442895610107,0.010536786624723614,0.027919275791166136,-0.0011890626582958027
RAI2,0.0031372906132159924,-0.018954614845596424,0.04948220123735349,-0.03916540753067934,-0.038280453580007034,-0.006672771402772366,-0.00448073600186683,-0.01968752740228713,-0.013339956381330327,0.0035157358112001477,0.02099196903444334,0.023030155356715785,0.0005730072788716102,0.012500639236806685,-0.020541534993062553,-0.006416130493435307
KREMEN1,-0.003260985197320215,0.029045211122435032,0.019972086791824453,0.009591853231234094,0.03255851649118235,0.0024336402494115512,0.023946585312386727,-0.0022927489639731667,-0.00457616114131818,0.008336655880492944,-0.03126845421202987,0.030053366650677683,0.010504676761880204,0.014946199793760974,-0.03547173809771889,-0.002633240392488174
BARX1,-0.028208467669261435,0.023757926054700198,0.008111156447983773,0.023195160957417242,-0.011716484142845854,-0.025864663237149216,0.0301919861748392,-0.006089198246695101,0.027126419788795347,0.02914804268342035,0.053133210016555105,0.016848348312920605,-0.018587510884494642,-0.027957965291774557,-0.01385685893071046,-0.04007216894264003
HNF4G,-0.016373087312524855,-0.025757548323314842,0.03178064585629159,0.006582649460749622,-0.003544845729370876,-0.038357452923031325,-0.026466974321427646,-0.010167121109862993,0.021834107926832172,-0.005640393962406003,0.039884039584563664,0.04678133062592754,0.013902295524768075,0.051432894578831385,-0.05463077391827337,-0.017365102593745678
DAB2,0.04835708893058777,0.030891442347451475,0.010065760592374653,0.02336980839733479,0.005159866771693222,-0.0012868073310853953,0.014652136311674516,-0.009871940064954237,-0.037472079064774635,-0.025490585555201374,-0.021968723873487417,0.038532137883112855,-0.012541292881028824,0.01877904934423278,-0.016158771083000668,-0.009324974092650352
SLCO3A1,0.03755555106538387,-0.00797298686191543,0.03610894966852486,-0.015202644156496588,0.011720570811716765,0.005510830208012253,-0.02261963294940064,0.03108191827304391,0.018059330618994385,0.01750375551934313,-0.004403220354659266,0.033883830581013304,0.0002763594476467234,-0.015938839802436485,-0.0071441003393854265,-0.003087993802913344
BICD1,-0.005044985096278019,-0.026854361684388792,0.03956601598458797,0.008597924018422898,-0.0007953152107945032,0.005232028175336582,-0.037000551054260346,-0.01901470745641896,0.029426534835332283,-0.0063846316039065714,-0.044552522202592676,-0.004537292258199294,-0.011720136636642765,0.015169618434542101,0.015162978526532825,0.02408998522211842
RAB30,0.01667383809634568,0.021103856258039583,0.030484895923353367,-0.019340820991978477,0.03154950438719052,-0.016281988791230204,-0.04766444139316806,-0.025853432456283347,-0.02166472411725638,0.015060665815692872,-0.020985612276211117,0.054355235948702646,0.020257916559516823,0.014664974173157595,-0.0573635666805718,0.0009436005575411827
LRCH2,-0.0037405215673530553,0.0283374916272849,0.01735864927925127,0.03539252970598255,-0.03248837525480899,0.016073833421540246,0.011492910921494686,-0.044542363410742344,0.023405853528552838,0.00033982740867557603,-0.023971483944495747,-0.0028455012641552795,-0.018605882590938316,0.03815369310413823,-0.019755451965804645,-0.0034291741449341295
TPBG,-0.005236067583150574,0.018094982474198253,0.018658973470571587,0.028911033518216236,0.036654980396911244,0.035001688803565106,0.005724776928258787,-0.026626547098847476,0.025210359536077916,-0.008129953132607438,0.018268264950239487,-0.0027460598154782044,-0.035892288657324904,-0.034319160464873544,0.024512974628705105,0.04977766357796248
RHBDL3,0.0001859409769434505,0.01886696829023877,0.008896608371346124,0.028989394692195348,-0.0031487890084362855,0.03811886090446378,0.012633221945090103,-0.005059811892800484,0.025912252980643667,0.03153119832456393,-0.0031910163313778397,0.039130743657412814,0.015935421528130166,-0.03585114631064827,-0.016523565630997595,-0.05029218726686992
THBD,0.028413960362336555,0.012573370594176797,0.03568988320503278,0.0012074557748263806,-0.02784764004960384,0.02402334323570046,-0.01265258265579694,-0.0011512947966910857,-0.0387558987276485,0.04400172619488721,0.010311110484337842,0.013324375386499478,0.01662903196016697,-0.0034855798452996575,-0.01912056581318063,-0.04319060650613391
ITK,0.02192237244673172,-0.03952864260209163,0.0074140606713461,0.026649763722781692,-0.04871419951754287,-0.0022749895609843742,-0.006945546951503628,-0.0405077000215478,-0.01919202830785914,0.008649481364679001,-0.03007937297287596,0.00013064494659736914,-0.036552884286342256,0.0008900327757248826,0.012396804645158232,0.030517705304147606
MID1,-0.018904313412980135,0.007301308305313617,0.034148011726901635,0.0011197992279626697,0.03961272506423376,-0.021449538284434893,-0.016272268143627353,0.003969848651051878,-0.024455402924154098,-0.01494071114517785,0.016265324999222865,0.02884524177781045,0.00530045928961314,0.041846756284445105,0.011567753830942464,0.007665511766334543
INPP4B,0.03183935150813565,0.02642821869898168,0.017405872461289017,0.01709394142404928,-0.005942189119164956,0.012947008920137016,-0.023153468740536923,-0.004305068212494634,0.014916291355071077,0.005001649446229625,-0.032475518449323754,-0.010537309284200602,0.031153431853094854,-0.004238899615167357,0.011620941862802582,0.055737989199081336
LGI4,0.01579776896543586,0.016126525707835945,0.022466048542496037,-0.040865244135952654,-0.027263584045279336,-0.0034985256848092125,0.030984169355803066,-0.032329050996755856,0.017097809878524925,0.038296769689846716,0.02309238488314524,0.023759245327807533,0.010646740167716759,0.011049878838895622,-0.032176831777412374,0.02863351616536332
RAB3IL1,0.035357670725040556,0.04228949656045989,-0.0011651887808711405,0.0298338019013784,0.0077430789474047185,-0.004293847349113148,0.03357055432260606,-0.0052043113681723594,-0.03211599448226556,0.017502543419069032,0.005231445932803633,-0.014799244694086847,0.0007911787033612143,0.026587378960586574,-0.011821765252723049,-0.027933810938185557
DLL4,0.013912785250071578,-0.010232740893468794,0.033483678230726,0.005180476126643325,-0.044878723628764106,0.0424918585926968,0.009024329481177776,0.09319295526705633,-0.006781388726150701,0.039727500019180975,0.03675837875256453,0.041293416697995224,-0.026067969082650272,-0.005366383633254163,-0.020856523607541845,0.012040895300051698
CDH5,0.03591149958034532,-0.005346071385846108,0.04722622690758373,0.006253119836608253,-0.041730580724279785,0.05160411184306513,-0.007585525587373276,0.07104057089466265,-0.043816799427822434,-0.00939863446399459,-0.009075235645895338,-0.010777605967357834,0.003289375999489187,-0.02509041900246367,-0.018676034301975914,0.00011279015777349109
CA9,-0.010106915304815388,0.05266806605581268,-0.01682263419498401,0.024511281613910883,0.028851631271210734,0.004546350757357654,-0.0017935556471600604,-0.03032652940195621,0.0027532330020647216,0.028898663619779087,0.010683128345136461,-0.010861602106035612,-0.010879399221854692,0.009848207217659593,0.009551981739261155,-0.017063017473970193
COL1A2,-0.01369543159367139,0.01679114614631483,0.03965355363611276,-0.02988455354622774,0.031058438873376056,0.036843451037479345,0.0474353105171603,-0.037183291935500636,-0.06495684358437706,-0.02097416090797149,-0.0021558322953279755,0.04965577047695663,-0.0006091334814319989,-0.020631665942414355,0.02727606065235264,0.0033526333553185158
CSAD,0.0023623269811962003,-0.030192113378890016,0.027131675874165706,0.017504569075112622,0.000865545256973058,0.012973373027361037,0.021144067089177942,0.0071900821817619896,0.01869618590412428,0.02288438597186725,-0.013783350733633579,-0.050440523081955665,0.05332060254417168,-0.002484565183444007,-0.04546649751188278,-0.008153698092592651
MATK,0.020131557230973294,-0.04748408183926215,0.008829417074158562,-0.009180612817078321,0.04599904978662837,0.03028949807865742,0.062436383925463135,0.0015993917155604585,0.03232305140276144,0.009986919262609192,-0.008480067806389664,-0.02091895801100726,0.05381692002912097,0.014821649905012542,-0.046835195141755465,-0.0102348743346036
PLA2G7,0.03065740593153303,-0.00931972326546586,-0.024678605827779712,0.042703102451217126,-0.00665590771500914,0.006037363488952329,0.0009256886226936718,-0.02371715662204715,-0.00422956408378996,0.007933618251089677,0.010599854811759579,0.0044603127769601725,0.005257385975016452,0.043827229012192576,0.011850477029655488,0.03432243870697159
ABLIM1,0.006631758609406308,-0.01623924275206555,0.029594601147520116,0.009874744504976293,-0.051018845771036915,0.02824397223329335,-0.04909192075472479,-0.004453525567180215,-0.01946090821303288,0.0035066589105561983,-0.05471596716261454,0.00020572953976763508,-0.018720074688783755,-0.028444822386806602,0.022507141452200098,-0.05574503146533207
MPP2,-0.021251612899932926,0.004191850538115324,0.02492483946502759,0.05095637624309973,0.006789458808059444,-0.03796950105774717,-0.0025657400140776604,0.01196740603906893,0.025989360793652598,-0.019872480215352054,-0.004359208602060275,-0.016854517054959044,-0.0029784791405396797,0.019676927298114242,0.04293539553715285,-0.03674215560280903
BANK1,0.026878945155276963,0.020815230035400898,0.006330821073387781,-0.012595197653181697,0.01465006802130324,-0.0028567586714260546,-0.028909052159766628,-0.0034972260203902025,0.0024705901389383647,-0.027618945604275753,0.007122305540357367,0.03633079215611303,-0.009423937764473464,0.054324301018066255,-0.03637543118763649,0.02107323705563178
CYP4V2,0.04697684540577456,-0.015716515382968067,0.011586442362243345,-0.002516860717692993,0.015723925584713083,-0.02784464074183037,-0.015372087739344405,-0.02638441550552014,-0.022059565082386764,0.007889574836515569,0.0020690429932905905,-0.0017957411686209956,0.014974895687961278,-0.02692097887609209,-0.028359397537662825,-0.015649612785226318
ESAM,0.027634506703916942,-0.0037480600190258223,0.035414125335475465,-0.0017664983490577493,-0.056226326323484475,0.07616362051137299,-0.006594044950726222,0.04367177998382622,-0.03342589513170521,-0.014455582878017537,0.057327429647913555,-0.04232872187259922,-0.004707606985520944,-0.007274534528079366,0.0035445892371644035,0.030932345547946567
CX3CR1,0.03677719427942604,-0.00046014093892134394,0.03051916176371521,0.000700739863908902,-0.0037625850108904063,-0.0339603972588109,0.00025045203608268455,-0.030871017641914317,-0.02486324390224807,-0.04590092161127625,0.00468357720582838,0.015818062941604597,0.023031749079352147,-0.04441327150891894,0.0019804447987259634,-0.016529558543484816
KCNJ8,0.01702090249483746,0.030557643429312113,0.028802274067310757,0.013320597264159127,-0.052763509844565286,0.024769071788621345,0.010509096098012934,0.018791805248753745,-0.026472367215810762,0.018955898048171826,-0.0018622265019228486,-0.031228887636493254,0.029325829522144888,0.022448865597010544,-0.012429416913565541,-0.01736909599518155
CTSW,0.03365852905618443,-0.007535429697560354,-0.010648584172880844,0.03623213264353,-0.028298167679900146,-0.04164716266188502,0.008900409514797591,-0.007215917345609035,-0.0024065052926017924,0.01309834481596227,0.001812552751243611,-0.01803161666137234,-0.012752533602105376,-0.00771309937629013,0.012389000615998942,0.04187508777448704
TGFBR3,0.02890220246536778,0.032280700401917044,0.0358400966707698,0.0022260980694519166,-0.019579555059947875,-0.013231337372641424,-0.03270888311661416,0.0005591269937309678,-0.019188640268340915,-0.020781712649199185,-0.02650960976058362,-0.0024830718300488993,0.0023512387238865205,0.03019030995465259,-0.01510850975632606,-0.03352197705848983
GNAI1,-0.016026287318551696,-0.027973854297048125,0.04676983002549754,-0.016133630096723413,-0.013315720562590467,0.021770358395938723,-0.015361664990263844,-0.06593495525006984,0.016911664862079824,0.011964731200346829,0.024414178605834076,-0.0033841195884452982,0.0027933909321753575,-0.005292592772888343,0.00438450594099854,0.012482069631118342
DOK3,0.04868147364912225,-0.04355950064211972,-0.0058262171424975084,0.013074626199650724,0.021221305675312146,-0.003973829408734992,0.04237944470476686,0.0059759358517402685,0.03659195781149785,-0.016646677715759107,0.008648575351717475,0.01829410153653325,0.021927553536850986,0.014462320199891547,-0.013246219844976046,-0.005401085764903594
PLCB2,0.03675165107331627,-0.0497826421293773,0.00538644749741205,0.026054609689847196,0.01835944013850991,0.0025097583190099105,0.04493857289267648,-0.0033380802399061585,0.014736690244380773,-0.016089945260723524,-0.024102051177260192,-0.031964067917347655,0.0016141524501356941,-0.006872898278413232,0.0010408009952014604,-0.017653511262925192
CLSTN3,0.014787257407169086,-0.015029780802062161,0.03569446215952606,0.019629553238729933,0.031685694778009574,-0.03397081977414123,0.014999353744523053,0.03273235092465007,0.027908058472021227,0.002418137596651425,-0.014364641632868286,-0.0037584550564480337,-0.008432575055442097,-0.006261216685950808,-0.010944588260777662,0.008477227153759587
E2F7,-0.025473459991157764,0.018388147108483112,0.006041836996300143,0.08310248020932663,0.03398338012954366,0.022855014845823755,-0.020239222622049913,0.0037913841522524737,-0.025860987752489108,0.005597569108771029,-0.032672658710296766,0.02367783664840397,0.010037859970652352,0.008841474339329526,0.003435985439207167,-0.009081050650079131
TP53I11,-0.02040895679120372,-0.04027830254881306,0.04294195922644935,-0.012120391110406525,-0.03376544549327979,-0.013319229637598656,0.051001389788657904,0.007551186040199748,-0.04300497387256524,0.01412895773562365,-0.006329645279254957,0.04291803061573417,-0.019972087804040764,-0.013186876002184093,0.013363860480136151,0.006853308952397695
CREB3L1,-0.02372725120288942,-0.009367098322752255,0.02188769861559864,-0.004910699303668307,0.008399571086060802,0.05272564803531955,0.03439733410848464,-0.04354115348777726,-0.04418519351032019,0.0022019861052087527,0.03945537358304908,0.0402355206184476,-0.014886280499892815,-0.04328447610602906,0.040795909998334205,0.011118244606554879
COL16A1,-0.006187171456985962,0.025275730657451208,0.037080893722235206,-0.017457992644561625,0.0619873991017336,0.014017892946593715,0.03866800667145281,0.0030864927081673426,-0.035104015711793016,-0.00937177264379302,0.021827819827275864,0.011300666865517424,0.03863537677253669,-0.0061523567301468764,0.01114366154486552,-0.007017724516699131
IRX1,-0.030045504771329782,-0.0064728416812801694,0.017161727876979203,0.03632012980135277,-0.015016151657640042,-0.04302670843569181,0.03584396746688301,0.028445739814364907,0.0023625832073017987,0.02557884441145681,0.018986657391918585,0.06050208074660831,0.006085318454523314,0.008960001760012857,-0.04046352216878461,-0.012778487631450116
ITGA3,0.04111018142206594,0.004410579576262988,0.01215077259036523,0.008521629262648414,0.0020967725757149364,0.02286172808000036,-0.026125501395274222,0.04150819250700992,0.03665295943595172,0.0373720701853472,0.00043358599114966517,0.006752674196815888,-0.030539345660039758,-0.0253413966986166,0.031442834131612175,0.00828536577485699
ABCA1,0.0402120137671523,-0.022197369342555832,0.01914158897775051,0.03203221168414913,-0.008591865151858006,0.01685601278968018,-0.010429871054521395,-0.04591024408962889,-0.0009393854335184772,-0.010249106604595323,-0.03432934522344771,-0.0017704931136226492,-0.012511059828498036,-0.0064166897459001036,0.024886369567195386,-0.037684355351294
FCGRT,0.022491247028073917,-0.016125734470656773,0.00907879071269995,0.038968699057599074,-0.027347968976678752,-0.027217778418150047,0.07626896500036416,0.011576414326092351,-0.03358610444462956,-0.023340421549991934,-0.02488357929849421,-0.03175883536094296,-0.03377036744171754,0.027404715474329124,0.018307579792229536,-0.013707763809085186
PARP3,0.034530574274784585,0.00561867061518679,0.0201532759778263,-0.014224197512643127,0.0238907653171844,0.015049323097555165,0.004253636932317756,-0.01216475543755632,-0.017448752809893286,0.03873522584567163,-0.022361015030205662,-0.001573341513418534,0.02496057520087143,0.009828896886207375,-0.024211777800224432,0.004719080823067582
ATF7IP2,0.020297458973643986,-0.031193190962552797,0.021918423516817234,0.0033903446766069423,-0.03301975925061036,-0.0012488258783207523,-0.0029229184349384304,0.015944070912936384,0.013192382042933989,-4.247507952166421e-06,-0.0025682782080202037,0.014198892099924977,0.004971038179286667,-0.04061789336544535,-0.042968493110710784,-0.031644070784180856
NOX4,0.037160973364742785,0.01457340364046805,0.021642239261099788,-0.0013620938652449868,-0.010420186355298752,0.057336886490881485,-0.05278159970071214,0.022671717548676227,0.010795909670834424,0.01447126606268346,-0.004574726155629996,-0.04680174589566179,-0.04494084564852246,-0.01063838735358136,-0.018198324683727098,0.027065548756216494
TLR3,0.03388314335170099,-0.025415562968229197,0.023370486302878926,-0.0074300376229895024,0.006364473815552428,-0.03599863840164047,-0.038317382649995804,-0.02907466574131738,-0.04413461994384225,0.01801936935120122,-0.016962739661325395,-0.00035879378748993745,0.022027426688954396,-0.011368280669921906,-0.04815990836571552,-0.016233811649373743
ARRB1,0.04316478088554197,-0.03506005589143231,0.02457672095595502,0.003839202598899459,-0.0011170990342884751,0.03242060729787796,0.02340432908273303,0.017442543066993974,-0.0065316401727932944,-0.014750108850902723,-0.0400760668325154,-0.02437117460098211,0.02707903452464294,-0.01940544371929305,-0.023715734787430894,-0.03164256695584154
TTYH2,0.0025564075854740908,0.01112609541664935,0.010257936960729587,0.021550844399169333,0.03237758922031208,0.009203360916081047,0.05652692168457265,-0.021164879591786936,-0.004460417335366732,0.003375995399913751,-0.040800095760649586,0.016992690944878923,0.023697204597710513,-0.05438581821887424,-0.05579510658432252,-0.04396491850295392
PGAP1,-0.021079767749474048,0.005687333382464577,0.03128568896576303,0.057678517691203135,-0.0018454489249366914,0.017691420404090028,-0.0467930677800007,-0.003809159430753659,-0.000667008297345598,-0.02397305814985117,-0.02614911563032589,-0.00684098022335646,0.012451434705759448,-0.02797306342970734,0.0027817368633106213,-0.03179006153729441
PTPN7,0.04999996204010841,-0.031899028943067266,-0.009275081453990652,0.025180856286551815,-0.005345410616238186,-0.00849285687320883,0.03472638326371444,0.015261026618351152,0.0337455501068693,0.004510572424205145,0.006061633901198288,0.02313588239826672,-0.004975860077720401,-0.014558104400108796,-0.019938153155408672,-0.00328740831086904
SH3D19,0.012375733878456103,0.02802676536585418,0.03239688082750112,-0.02754877730201017,0.01774334093858718,0.029290649036741896,-0.05768438567009867,-0.044709509407585495,0.004228990453161548,-0.02302518834298348,-0.016206633871078503,-0.012611135265662219,-0.012966621115429965,-0.00020003958287854052,-0.004286852642902975,0.02678650284391094
HELLS,-0.030757860740234014,-0.011259948467906466,0.0042375509047083626,0.07126540129445971,0.010621773289826848,0.024643083922889317,-0.023837533657377924,0.004311583050318925,-0.0134603895876707,0.019669286596548118,-0.032922396995789596,0.019235977887440664,0.015619663790465062,0.019331468151840652,-0.031172266269374506,0.037631217970063156
PTPRU,0.013446327204576341,0.031112293883582224,0.01873097222351713,0.008577029562210604,-0.0006335977780230959,-0.019499979650294555,0.008157787513709151,-0.015309089536867786,0.050269770398326065,0.026405393191432824,0.014409110317523222,0.004983668786705357,-0.012159659116446533,-0.022105435506659082,-0.03603082589929214,-0.020884435074853734
TOP2A,-0.03504725907578253,-0.0031482224323886236,0.008783181444177756,0.08169371285990044,0.02630527007733937,0.014941047417631657,-0.039667069386691,0.003114637085588955,-0.03028441329507306,-0.006612182491976831,-0.029037683801666877,-0.006276308922825238,0.04060553644056846,-0.005314911731304713,-0.01408341272553055,-5.429520197256329e-06
TMEM45A,-0.011449072007320229,0.0434121557417818,0.010483968086404944,0.004471315574812481,0.04124454574148944,0.015533088153761709,0.016939488262853887,-0.012991305868588803,-0.020055957843180115,0.02217782911396648,-0.0011196537599043599,0.03323189608418858,0.00023959377872711206,0.020909300384125536,0.04367664299355211,-0.034682492668457326
PECAM1,0.045441563881502674,0.006772051508986253,0.03155958031673011,0.004072374495330771,-0.05013317577072995,0.045722331130050455,-0.0056297886295250555,0.05769998579808529,-0.041998140394792355,0.0012736834855639994,-0.017525620818155507,0.008315020713669087,0.01066526096605361,-0.008080162754661734,-0.0023425180767341325,0.012503850674629776
NR4A3,0.01233651199027755,0.04187737575200054,-0.003615547753894793,0.039495347180165306,-0.015496999372001045,0.02079599828782634,-0.017998790819298595,-0.007297371036331209,0.012639174747038667,0.06341178475390573,0.01742200564805283,0.014444592121513966,0.00511273222646457,-0.004246267345585648,0.003124468061216857,-0.014344775555523923
GAL3ST4,0.029590192749468124,0.010723085197965368,0.02236739753520927,0.029033387027797532,0.03108748522802909,-0.019926033300668604,0.03949758980336007,-0.023638217965440394,-0.011291534018213237,-0.02862292679066246,0.04386798712436674,0.014876981784955666,-0.017024632791720826,-0.02462882250824768,-0.013941014292383565,0.006046028172114578
C3,0.04196198689101826,0.018411575602827236,0.01995673914021494,-0.001514426801990241,-0.0016296675218951747,-0.042129467264242465,0.008407593258691516,-0.035371776126123376,-0.00827888920639474,0.007371394889245543,-0.018520954030985394,-0.007304448357143417,0.0074385926025668314,-0.008590586593630203,0.03228093845421072,-0.012272182969577475
KIF21A,-0.03090748391699008,-0.012178728910729407,0.02756093523237974,0.004643303939330761,-0.007518421016745967,-0.016402334802050927,-0.02341456496465661,-0.03720818413629039,0.03287470115745,0.014473157625724743,-0.01632044055783132,-0.029201427466986667,-0.0009201876941650603,-0.018041661871251037,0.0004939254268571114,0.021810354775505813
ADRA1D,-0.020729500046932563,-0.0382406586231203,0.02696256762296323,0.007463089337092383,-0.021571318689771683,-0.005464345288486169,-0.006130154081588488,0.03777530515641042,0.00026210478462153786,-0.015335511951383303,0.0353947340744353,-0.004712443572682019,-0.02996138221552591,0.019993904223813353,-0.002759867401984745,-0.006249548837655585
HDAC9,-0.004665367731949999,-0.02571961604378658,0.02667979755942705,0.010337538881322796,0.057551435953097765,-0.007653194771454296,-0.05135030801080652,-0.0060010426907771905,0.03760541637757316,-0.019056790029639906,0.047684657203674374,0.004250251647913749,0.013175444041832688,0.01679296655976445,0.014700846792056157,0.04195291390811975
COL4A1,0.033712613995073665,0.020190920185546447,0.045942074654392734,0.020814160160333228,-0.012870442939289083,0.053445819358654126,-0.019912854963581878,0.06660129838641414,-0.02647805497896865,0.030848184957746123,-0.011575532973414179,-0.023426369978312222,-0.020058371076851156,-0.026688993146089926,0.012418067390350913,-0.003438662371501161
CLDN11,-0.007415232327132202,-0.04566373844554107,0.03515489769596011,-0.0019877870719201707,-0.015028649918276597,-0.009613247307930286,-0.008127048983461277,-0.008011872962939998,-0.0007613532377496721,-0.0006254893460685192,0.017367745842762808,-0.021736841369476595,-0.017617511102077876,0.018321130720607412,-0.009208608229366574,-0.006131141092025262
TIE1,0.032864264545251154,-0.011852211626372303,0.04758488771632639,-0.004971294708322137,-0.029292315162326756,0.05158635626987234,0.01566921292336145,0.08806590304039456,-0.027266553488468258,0.006172726194438565,0.004243749512155736,0.001025573368547139,0.007802461250818157,-0.021417947251515756,-0.028197200397627617,0.03258869020362112
PPP1R3C,-0.012332903217101652,0.013914305685140509,0.0239773104639623,0.008439508325323614,-0.0380789154245207,0.019673500078908546,0.013530902005770007,-0.025555939180052344,-0.0059776693744562235,-0.0013121322280672605,-0.015628653805056368,-0.004781017288611645,0.020471822107872607,0.0601331497272601,0.020502657906246995,-0.022954887414891975
MMRN2,0.02575898025462112,-0.009121324052489492,0.03624367426617073,-0.011864691956478051,-0.05234431617912293,0.06343686356545265,0.0032607747580762764,0.04755940012313313,-0.0020002431438852462,-0.01473606954737259,0.06963154685502645,0.01376077269798221,-0.012280189947201679,-0.010369764930286636,-0.017895922860071377,0.0316158954827599
ATP6V1C1,0.011489111541914222,-0.0519181065143191,0.010034750612887725,0.008612091596713133,0.03681261319716619,0.044700487066611096,-0.0016200087816343953,-0.010236625266319244,0.037081743820398624,-0.00065500706765897,-0.025877257009802868,-0.03708206316126114,0.01849046622729568,0.017955603016743895,-0.01675361059258888,0.0003730043811977944
ZFPM2,0.012315454955719028,0.02197931687249261,0.022086883390787473,0.01886873272970391,-0.03366337165798057,0.007233962628584979,-0.0354645568293175,-0.0008874636485532023,0.058743600366161594,-0.016039828381763266,-0.018757769650169384,0.018685825402832475,-0.011267211336896647,-0.0011453642302501031,-0.00869900423566488,0.03756939692751807
GAB2,0.04633851526630158,-0.019417903732477964,0.03120430758877625,-0.006897383092561792,0.003832927446925215,0.014588840366287315,-0.03819166031154744,-0.006762619660364457,0.010915784412375496,0.0060357655133101065,-0.021762621844851195,0.02366525489679885,0.014766812176190884,0.005058731999898548,0.02062584798818395,0.007674545276913124
PTPN4,-0.00083843247278895,-0.04200716349458992,0.049164629461233594,-0.015339970925328086,-0.002135972511447507,0.008623068433639275,-0.035119732242993175,-0.010286670757757972,-0.023983075632047594,0.026572672664679147,-0.03572300075933813,0.013305409570076959,-0.014598103882944267,0.00926772493506314,0.024344099323155132,0.008100384185849834
MYL3,-0.00029261649919268013,-0.015648309489523324,0.01828253849747358,-0.002900045720456006,-0.038255844168682634,0.02780276612391913,0.015560600501386974,-0.04568173279354496,0.009096891412239773,0.021880780339945935,0.024464759208686605,-0.005020471541635889,0.04830823594008742,0.05509104402272681,0.057837218296605555,0.007319232549087899
TSPAN5,0.009025215127412702,0.017748793064776853,0.008250620205009435,0.04293120218127637,0.010066407833681455,-0.0059567037157416125,0.0020379125591323648,0.014430119089854363,0.046494253020464775,-0.031865909180050715,-0.04291976423096323,-0.025686515108555373,0.01889292290639475,-0.03306669232972386,-0.0008392338698130198,0.03318644373912713
BUB1B,-0.033870609644128295,-0.004852221955661286,-0.002145638522654872,0.0779820361890439,0.01085757088946923,0.025604748903965833,-0.025436094981083412,-0.017164064203575004,-0.015810498957767215,0.013806512958705023,0.007729444384378654,0.05158373451757041,0.03282262543755762,-0.010307134991007102,-0.015648292806862318,0.020562220223085764
NDRG1,0.016367345772415828,-0.012361688793922446,0.01183288353210324,-0.005349767038696586,0.05636013986660089,0.005039332475040865,-0.04278499888469891,-0.01853738004550511,0.0298701001073643,0.049107398836293864,-0.0002057447467853522,-0.015427979859663071,0.0396063253427591,-0.033306128497367804,0.027231637569877405,-0.005787357856894615
ZIC2,-0.022649792650972573,-0.01149136516112315,-0.0026361391189238586,0.05225415647065774,-0.027531235851112904,-0.0009976379257037168,0.010228145541433226,-0.005825766052023869,0.04677127586366109,0.02109319864862986,-0.001159904365184438,-0.035954798105619384,-0.054332318179012795,-0.01974787728633131,-0.001781411338200944,0.014862530897986923
CACNB1,-0.010590035604984132,-0.016232402172203463,0.031916582420076105,0.0009850055154016996,-0.034664365979205594,-0.023238002864429737,-0.02422827231953117,-0.0054213015270031615,0.006649846019680253,0.020901946743767597,0.01811751912199872,-0.0020900147920588402,0.05941295923048392,0.045082218436250814,0.07535337376900529,-0.03270193808220251
PRCP,0.029915586933424138,-0.015148541565421041,0.03978332040798323,-0.005450988778703278,-0.013813138036124087,0.036428850590247634,-0.003360010152621894,0.011632245497333635,-0.055198461630012075,-0.0007816085114984038,-0.015261278430894157,0.01320151048609816,0.004675578342917613,0.0036280639602046675,-0.04995397474445017,0.021963550144487105
GNA15,0.05162680224587317,-0.0300694441339462,-0.011874470449910279,0.023421727725832394,0.022637460125120877,-0.005761714788932873,0.04718843225741991,-0.015116321112692628,0.00011328625695719921,0.013547176627019875,-0.010888805033226277,-0.019718340572331638,-0.010284317692029758,0.025211490436470457,-0.01885946379000416,-0.021185869755778824
LAMA2,0.0169465521119533,0.05097853844832372,0.016580346156541345,0.013756774328302595,-0.005554227519681151,-0.01319281239593825,-0.010749514328507848,-0.02383315420358882,0.0291492963394798,0.02358606317089392,-0.03911455151075396,-0.011816533191492078,-0.01964563187597134,0.013710346326437011,-0.004421270053164844,0.001768019655961019
KCNK5,0.0010808087255974276,0.001379304378571132,0.018292621402892877,0.019814224461549353,-0.029958035281525915,-0.015227490530194336,-0.008248952156526082,0.01908124789748227,0.0372016472471494,0.01956505234092908,0.027903097926916497,0.017732022543617172,0.03508687868722485,-0.02705986433320969,-0.04115599870910033,0.012906959297019155
SNTA1,-0.02492907049946683,-0.02353426138738136,0.006803734398016012,0.026628848730176125,0.006169615873491204,-0.01658406847238287,0.017876836948984794,-0.002089832693915876,-0.02964169037543376,0.01837289358888146,0.020596710411965015,-0.021516338091577547,0.010349306570565368,0.07265315465196749,0.025713722550831045,0.034880970132638224
MFAP5,0.030199258433766578,0.05159270379788778,0.011593348902508028,0.0073717425594992505,-0.026001436956672272,0.01078679315355488,0.0074620612968760705,-0.00882846117972023,0.009545051147667332,0.007299861916177937,-0.009060882272714798,0.02336939137746806,0.006312355018664919,-0.005933185689804337,0.03267379613632082,0.024270132550651764
MYO7A,0.04837477524866906,0.0016984081262400356,0.011909978007015407,0.02677328056199297,-0.008929155359836752,-0.02738469478993775,0.010039625301921661,-0.024674806393399452,-0.029707905650053663,-0.009490364920288392,-0.015872767346133146,0.009545287004125136,-0.0125667225540354,0.007069301829922434,-0.010963942104047634,-0.011708704586989157
MMP19,0.044753709163053,0.017269920393257653,-0.011708066847893826,0.017473962504453572,0.012674768471184306,0.01698710660892259,0.03565117873715416,-0.02408306881446586,-0.002133079794714346,0.003761933152322844,-0.0034909207575309176,0.06225982456170938,-0.01588373737508483,-0.0018025166684293567,0.020728077211783623,-0.04761093916394644
HOXC4,-0.025118743236281996,-0.008622770372684928,0.030829611711591084,-0.005991918447573347,-0.010547177307053898,-0.020504434462682714,-0.016563689914452215,-0.009206458565024346,0.014060274036085701,0.027811138825837765,0.03085863894454742,-0.022438617443171348,-0.017114249932161273,0.0007969248779169866,-0.0076351106297662015,0.009297982742383413
GIMAP6,0.059582400705276824,-0.016239198487923327,-0.0027935954058825787,0.024130246074840288,-0.029178491973598047,-0.02584099449627614,0.014551109902839579,-0.018095759840917047,-0.020901303280140504,-0.020496300734178925,-0.008951080095567101,0.012973917048900887,0.011482142290615394,-0.01294179963254483,-0.008539273021132549,0.013941634097564395
ANKRD6,0.005731411718760477,-0.007980830540708486,0.021206541269687008,0.020887803033715974,0.020438623903843635,-0.017529956977683912,0.006193466410978849,-0.003701345751226711,0.015422194050846714,0.007132432993385244,-0.050040987894968456,-0.0002859346658823274,-0.0014818343741927198,0.026609532971381085,0.027086541519036705,0.032704889833293574
PYGM,0.013314422265481646,-0.012259461102760466,0.012658053345247427,-0.0055572407572292894,-0.058746679501634466,0.02753555235323933,0.00785884165827312,-0.025635036951098148,-0.004164350857167566,0.029588605698784836,-0.005551899721480501,-0.009365234909857875,0.04669067320613182,0.05829052457739448,0.04033454642194285,-0.013676034206186596
ARHGEF15,0.0320967636786917,-5.018606111047543e-05,0.04325082581724322,-0.010414890059193507,-0.05999247270870853,0.03454518263610402,0.009192732287109515,0.06963112723390263,-0.01651876900580974,0.0006394571295662678,0.003005940451286741,0.016151223797049596,0.018238852328921647,-0.020883423434105215,-0.0232272165982275,0.02808257408663962
LYZ,0.0593251692250971,-0.009135428734809317,-0.0029058124651854416,0.031158691003294176,-0.02378330943415777,0.007726135847149574,0.00862184088602963,-0.013152784168471099,-0.018767003924224375,-0.009925523101927087,-0.015023145619143365,0.007220205068406767,-0.012238890817814664,0.012942276139089434,0.0005850302958175907,0.004227161829062557
NFE2L3,0.003597077036696366,-0.028714574892319204,-0.0007810653127001631,0.026303426827514825,-0.009364598156446694,-0.06020072448519633,-0.01710804545405495,0.01632382432621766,0.01981090914851795,0.005725641819138491,-0.022747994360497792,-0.028990978666648338,-0.04456738852895421,0.002085412413204011,-0.011400657761131052,-0.027041695824158978
SH2D3C,0.03944639718237674,-0.005311626211434531,0.039192056877885094,0.012087209575470898,-0.05082367224768444,0.017218377881671448,0.0010018846945326317,0.07483739471705747,-0.020656688858622242,-0.0024297367539576607,-0.0030461672465420457,-0.01673580363712961,0.008343511231781304,-0.03100799163315258,-0.011125216675437352,0.023256690347184375
EDNRA,0.008218716773765051,0.03353949954360049,0.029273047841750707,0.014700772193518284,0.019270532081012443,0.03011073064574689,0.01250575904667825,0.044124643834561036,-0.003423856875760399,-0.038380593536098545,0.022549799359123282,0.01312610952345997,-0.02811540982208828,0.020595614924877974,-0.028635547746725026,-0.03391884334117772
PLEKHG1,0.031109847400200674,0.003630895933520985,0.04187428778492525,0.007260912916766952,-0.014757050364816882,0.022417450763602197,-0.012850343284842417,0.0029318279746571013,0.015965037880445163,-0.019556691100208155,-0.04086145527563953,-0.025556561965122626,-0.027070328024009566,-0.036442613620260945,-0.03833438163871794,0.015716152510980803
PTK2B,0.052963859488349585,-0.03219469726763372,-0.005122865583350981,0.01754747457266564,0.012922928171066413,-0.002418857002482488,0.032800030198332206,-0.010414212259046634,0.027066850032434572,0.022562432165746663,-0.02241544002040422,0.04893758817639773,0.0010160161340801617,-0.016552990370998246,-0.0171002224556483,-0.03447223513169127
CHRNA5,-0.019192513356168395,-0.0034767599633551824,-0.002068806830409017,0.042976273483859635,-0.0154769595241383,0.0003550042262747228,0.018160262344540552,0.000813873994411839,0.0372997994756985,0.022723249402225566,-0.01767303305348922,0.03233605100812408,0.0019676383356526106,-0.01839505408671886,-0.02199991282654281,0.032719712435753744
RXRG,-0.0033114464388914857,0.017393143445262,0.015461682628515022,0.002286868656648689,-0.006018057026725207,0.016284643372541183,0.014240916813977976,-0.02133716274745419,0.0163538117588517,-0.0088791235248038,0.04383729446468035,-0.01192378888795678,-0.0026746457428202582,0.008904731984336209,0.027428543369119304,-0.03187865577515702
MEOX2,0.009093287281319626,-0.0035897411910474518,0.03489810078613032,-0.026784524926622224,-0.008502979942180671,0.023302046828997038,-0.044450080069483464,-0.023323288377221967,-0.005612521312809429,-0.0019881812879362568,0.019205783918971608,-0.05155607133170324,-0.051811892094355994,0.025614723931997114,0.02147085068304185,-0.00024333016533950038
ANK3,-0.004075608407735752,-0.02462002347230752,0.046699800759532305,-0.003422724285798985,-0.0023544210329165148,-0.03478710122525927,-0.03380666380076401,-0.011762064216771024,0.04961674274356645,-0.01099217517190311,-0.014387310732939505,0.05590213097004696,-0.002701262100935584,0.051569540288027696,-0.005979364523583894,0.003121614326706537
ITGA1,0.036983506728417985,-0.0003356500882536952,0.03295345315558315,-0.0009262113171280917,-0.007186926682376258,0.02286431678169399,-0.05291596562301562,0.026034534831119276,-0.018742752100783806,0.0015037675383106665,-0.013126460249491413,-0.011653144212066268,-0.03723199839243186,0.0047302116753328485,-0.030595209887007868,0.0010205091490296681
PIM2,0.01858353999647808,-0.020941613235243125,-0.0003524796372969324,0.04537216509920992,-0.020836752145079577,-0.056267652863877055,-0.026033432084569274,0.003136270651544525,0.024077096050848505,0.020636677146643117,-0.012692103028237063,-0.0002615996427822948,-0.006496768475733316,-0.0008724818120206868,0.025520025680645108,0.040563785650029965
POLE,-0.03923471357908329,-0.005153723806723554,0.009536840870410974,0.07485868018277872,0.006557525542176989,0.00944843998736794,-0.01751860456770359,0.00280178029117775,-0.022444337889387333,0.021479755770646466,-0.013961416992476255,-0.016326157658860307,0.021294772040175627,-0.018883853573570863,-0.018044917699969354,0.02432063376541819
RNF180,-0.010281733336458161,-0.003875484706876131,0.020209466386459485,-0.0005953939932983824,-0.01645180403721474,0.004187782613236403,0.009517707628480775,-0.020779539605098367,0.014400335460096803,-0.025234847299735536,0.04906748728636666,0.0006142984238175231,-0.05996419747554732,0.030097106527996888,-0.031214261369181227,-0.029341637725732915
ADRA1B,-0.011349619099715193,-0.008027805040577726,0.01863466832726086,0.020477548497460217,0.014161982909232335,-0.028377109810800022,0.012516247435572567,0.034726539945299305,-0.02255373370692635,-0.01940030183281366,0.038119866470916294,0.011112351690757192,-0.0263933797204401,0.020688816512235135,-0.022342184994980058,0.0028383408127144495
IL16,0.021138460575473313,0.03519797749748207,0.015803670667957306,0.023097783542750723,-0.030224107800345207,-0.029965733178266053,0.0003305942488875227,-0.01984757547026436,-0.015743524349395507,-0.012268159267565894,0.03986296632943366,0.014007748541977375,0.02443538368738197,-0.04177778213523399,-0.0026900860126530205,0.036523008477843705
DSP,-0.019493784878399995,-0.015689260615143894,0.026933373165541785,0.0026429720531919677,0.02067834434848086,-0.03598137351372317,-0.024781658801178802,0.00026513234756078696,0.031019368239986172,0.023185638065164896,0.020333630390976222,-0.011167629917626935,-0.008855559053755992,-0.013627219048163226,-0.011369568835020343,-0.057276077720962874
DNAJB1,-0.01604938731097395,0.0018983790402999424,0.00938993167778842,0.018657596971408803,0.028299187632962762,-0.035486609174634566,-0.017167211172771785,0.041513195549218326,0.011307113116134358,0.08091224407131475,-0.0019974959455858164,-0.00856856745854627,0.016483281541574548,0.024620441020229554,0.02058343093525966,0.005570283780094048
EXTL1,-0.015824639963004195,0.010616513960440542,0.027908845839410595,0.009736937793769706,-0.023031887933348098,-0.015097282382315816,0.03342517845260448,-0.016113106515296245,0.015161691314904562,0.003120648570728985,0.0018991775671815415,-0.006613236386519516,0.04032593827880755,0.0029225584205863943,0.036241705593704474,-0.025845953072248923
NRP2,0.006058678676014119,-0.039756727216991194,0.03179303814376962,-0.01639129991001719,0.03332561448233589,-0.009269680255352405,-0.02458542331847969,0.0030344980124141375,0.007463182856126702,-0.005201014725313842,-0.024562198755775026,0.01714679998008134,-0.039226497870657816,0.004259269764469206,0.006212218986348582,0.011273760064862956
CD14,0.05327044865580081,-0.03201833885840979,-0.0009122476538704759,0.009754470872176643,0.022862126539636513,-0.007706636493139567,0.04523100997112442,0.0007581693139356481,0.0126118496769086,0.002008674446896096,0.017254851499629017,-0.008646879125247753,0.017815043522705132,0.005851221043034925,0.006986356774037211,0.011436760408934857
PIK3CG,0.04561552193844188,-0.042602762447427944,0.01725339892939709,0.018299037031494225,0.026458516495286806,0.037408084481947934,-0.001276108879662471,-0.021452981463864082,0.02195614137007296,-0.04233440321723652,0.021652625079007396,-0.021911976970971882,-0.004276144896167405,-0.032921205199935855,0.007511589751540891,-0.0031571557153721765
DYSF,0.007509515484035791,-0.012556692689631698,0.03558044400135933,0.005175855268560676,-0.006449156927967818,0.024310237056603925,-0.031017429986462227,0.06863165814634832,-0.04306101857941672,0.0026698436380968127,-0.009694022190081327,0.0382058663681531,0.0034432707675852467,-0.0006449234055670135,0.041915113800488304,0.024148080411996047
ZDHHC14,-0.009839327900442611,-0.03386342046307635,0.03772058893692553,-0.0026273442256475417,-0.011217595597380212,-0.017101314761614486,0.015874441160332552,0.031054425793430096,-0.017785884156603572,0.002506141394440116,-0.01899534243276374,-0.012838086821685808,-0.010140736525865661,0.003468370882766735,-0.04576033849097853,0.016263804154823237
FANCA,-0.03545722081642183,-0.014001039492369912,-0.0016973189817077212,0.06135068817959797,-0.009968424191243535,0.021980593851319733,-0.019215776077790125,-0.0015134667443738748,0.02665581609224474,0.0050804097979798984,0.017543317152984083,0.06358600839853476,-0.015527156841212787,0.01318176549403256,-0.01594212846875384,0.02545997935814618
ELOVL4,-0.03518487360278051,-0.0026223928795256393,0.021014041795867692,0.03219185269380462,0.012924585958182484,0.005175096012667892,0.02220971583961616,-0.00953833108304349,-0.004271930039109369,-0.0024457840358873516,-0.00245678593094172,0.0040334262793399085,-0.034115046663830674,0.02326167456222055,0.01301644688907946,0.0374146583781696
ZFP36,0.03571729812806005,-0.0019636409969586814,-0.007419694416479186,0.015209226069138743,-0.008763869518685165,0.015458804577264586,-0.01962141519704088,0.011421422750746984,0.0008724282869143883,0.06774389579644027,0.023772622690534997,0.006304774627986349,0.009618455786474156,0.04728275003439452,0.030821564070051554,-0.05013453747848021
DTX3L,0.02768617459031763,-0.02716103524943822,0.01742899729597831,0.00662514030163994,0.01483154710608044,-0.04574160268066536,-0.043516372340076694,-0.020827111786923307,-0.039022518717446164,0.013333419533594213,0.022677877740694873,0.029095424761794234,0.011083475929238893,-0.008176592119698525,-0.024251893968753727,0.019647430558495223
CLK1,-0.002689784308542006,-0.014571670652598321,0.029056035466721374,0.0005301181192504575,-0.014193150627923423,0.011078008879819665,-0.02509245824178591,-0.005821833165295422,0.029468930372109875,0.005824256012012575,0.07148777247331124,0.01402190018926683,-0.03134937861828994,0.04154488819070232,0.01653053575843055,0.023444316111241238
CLCN5,-0.016562018409721952,0.021732824465230175,0.015355456677406839,0.03940924348253094,0.011055409341165754,-0.019969502267529242,-0.013540184403360168,0.010042092919531757,-0.019875830575597435,-0.007566106634994787,-0.04663155613844844,0.06810283192833971,0.0077039235363427164,0.032424405047382386,-0.0019404521252552737,-0.01669682202390819
CLTCL1,-0.015130606782243152,0.019648256802034816,0.010122843059735097,0.05686141383142336,0.0030046414126000207,-0.026806394868348807,0.022433786779120904,0.0033445045016673343,0.03433143336470615,-0.0395726973036921,0.011695431868581244,0.058286742679971186,0.015378682975118858,0.03392682087636369,0.022783521402557814,0.023944789325660396
CDON,0.0030469588348670342,0.018326532137093253,0.04525600559763008,-0.007143408036977951,0.001441735394899126,-0.007575123722013362,-0.04958169025207102,-0.033271795784695295,0.0023840981149580026,0.032410241505365596,-0.005381620837202306,0.043105034446803026,0.024781868611202254,-0.016363548770168344,0.007691791330026258,-0.027124691292563296
RUNX1T1,-0.0045842293265886585,0.03975683198769908,0.030396164741681022,0.03160462164741518,0.01519407778075669,-0.0018119045819193916,0.02631613191185364,0.009241678840806265,0.00636611982303374,-0.047086128620638254,-0.0015262000641188553,0.005048517456895209,0.015498112817050968,0.0005609716153601816,-0.034761365323948905,0.002871160524989886
SPARC,0.0013384857244369847,0.0102797533479369,0.040445424928143625,-0.054328380565978,0.020970437918427412,0.029018975411159588,0.03155737152740971,-0.03528233295878505,-0.07398291437233513,-0.0016437856744731798,-0.004669227122154094,0.006357703118985085,-0.015228430868286591,-0.038120011045106934,0.04220045445610477,-0.006063720468547381
SLC25A27,-0.016428217456947142,-0.03309761925922266,0.03431142745984771,0.004509586327488997,-0.013382083104394508,-0.02160102606829822,-0.008801995531635017,0.01985213267164049,0.008331136072691417,-0.033388772256385355,0.029735793331267323,-0.017892797467022332,0.008338427456869748,0.026727342171473163,-0.02407605513079407,-0.023460989998986173
TPD52L1,0.0017659961521903729,-0.03377477639099168,0.026006347428575927,-0.010685851567252713,0.010642766273300599,-0.038654243906243134,-0.005562883480490488,0.029220385110365864,0.02337060188726728,-0.011582915462370419,-0.006771093741875997,-0.00013144470667658843,0.007142122699377431,0.03856851692644935,0.0397699409244922,0.03856900442919065
PTPN13,-0.01707759137639901,-0.01983763444903505,0.055281844520441624,-0.0052028810305618295,0.03019876646528938,-0.013064352091485446,-0.026709431940294844,-0.00021635305224679009,-0.01126892908320567,-0.04110011409432304,-0.012503950189942197,-0.0005342099990227735,0.01797135987278534,0.005710083675442155,-0.04529056655102031,-0.04566317629526173
MMRN1,0.030183775902052516,0.02259398926870407,0.018395173355490377,-0.0035625226431127916,-0.03988821665685986,0.03424722753800459,-0.009025679111908276,0.03920607277956043,-0.01812851343244972,-0.007918629704053732,-0.011658123760840779,0.024301553329381612,0.011730480663921336,-0.001672696586352487,-0.008178745269508975,0.007818948272903024
ITGA8,0.021894041420278648,0.026520244589795055,0.03894895279172068,-0.008180767881880675,-0.025219485773990205,0.025355248533532614,-0.03924816735009031,-0.022377500833290875,0.013587595352551527,-0.03896096823257344,-0.0024080118004475588,-0.012862960202275384,-0.03477797485992311,0.002993675273743802,0.00032306741204640374,0.016445800385632297
CDH11,-0.01839615886956351,-0.011255395183411067,0.05943725197445257,-0.0019522656249635838,0.04725797560817511,-0.004142223890945693,-0.024221413446456452,-0.015455150337120378,-0.04899019255711781,-0.038309305931616015,0.031956592895107265,-0.022054081937180347,-0.023829916052195498,-0.008299290806275878,0.006677664368775704,0.0030822963485260023
TK1,-0.028036415968798807,-0.020448987945272223,-0.025113209820767576,0.05365678217647254,0.01627669891886179,0.01157772610024458,0.009682648693172454,0.020847949431972095,-0.03427779773899364,0.045412163794406296,0.026077615144446915,0.005510927462063465,0.028924143967333726,0.008090087774925835,-0.026878699757857675,0.004045260117765851
HTATIP2,0.023415180189584495,-0.03435733363992366,0.001038898122363228,-0.0027096679117583613,0.013144440470448687,-0.01695014064649185,-0.03794991645814723,-0.007985273615281632,-0.02269467426633684,0.02761454353169453,-0.0021405868008116495,-0.007609387938067955,0.007193182515443109,0.04016811362945156,-0.011451653893593865,-0.003148464093945747
TIMP1,0.019089489560705285,-0.031162388081496156,0.014727968933825508,0.004036659735519459,0.041501536632810615,-0.0002336304101206452,0.015611668381875617,0.029636370980357138,-0.0033647514574499954,0.03478405397958531,-0.002914966362251149,-0.012366960429659948,-0.03628713938685842,0.046679307679981394,0.08217114893255695,0.026381291230493258
PBX1,-0.017941422550845472,-0.002944198206212538,0.03877155191248288,0.039076172451456746,-0.02239617283921834,0.007690951887735671,0.012166625543002985,-0.00843469638473874,-0.011063319079799955,-0.03692520828592651,-0.01718282584498874,-0.019342870514792557,0.002411486452061796,0.051520275492993345,0.013924584129235645,-0.03406724460228748
CIITA,0.05780576425965396,-0.0016695310678466063,-0.00465469282992129,0.020979242100759316,-0.023876131606398236,-0.038917607504987475,0.012032951782309387,-0.02339328645927579,-0.026405151698115803,0.0040611008001706275,0.010445797233633956,0.03529589381544965,-0.019543690736750937,-0.010487262297309306,0.015691877962360823,0.02020041196236646
MDGA1,-0.005905900322342423,0.011077399282888516,0.03218830114248886,0.03069071298906589,0.027215850363628447,-0.0012186678949855792,-0.002260056020934161,0.02699771722420988,0.0006255380669735753,-0.03412291271158188,0.01817765820889249,-0.019206931161339535,-0.017466054556650103,-0.01223832000649501,0.043186557512181575,0.02259013084864475
ABCC9,0.013831044110824645,0.023840116269408802,0.045239861121948034,0.00799109394923047,-0.04005122097019001,0.04688853896063909,-0.02762737964877256,-0.005036732706837681,-0.014609162045919544,-0.022202417539575005,0.024954870698094538,-0.012359750496947812,0.010121865955308097,0.014561940567976875,0.01906303816501044,-0.0268334541605397
SORBS1,0.015641782554768436,0.035509010731733216,0.03687738652944925,0.009986484549261782,-0.04339163344762991,-0.001694212310523486,-0.01714284734278616,-0.012901656144738868,0.05037068712041499,0.009454777841926741,-0.04765076893142577,0.01605694126436979,0.041432947116329596,0.006215916022014123,0.02976771421887562,-0.0027521147279924124
SMAD6,-0.021816591866863418,-0.04335530986816553,0.037756202167891564,-0.02236709286891646,-0.02504377044144344,0.017253079324719322,0.015358228761165906,-0.014595913266592452,-0.014192149238153977,0.040048384715904675,0.03803920517981481,-0.015062482120562474,0.007362232533009114,0.014957845949912008,-0.027957817436671414,0.021684532104019133
STAB1,0.0547990597110143,0.003955572525367937,0.013873337469934334,0.021320097535873012,-0.01684296525384569,-0.0015021698191388252,0.030288696797427555,0.009267250673329579,-0.041611328683230385,-0.02860183208483466,-0.002715569713323822,-0.00516986158324512,-0.0028373050597257734,0.005110806618293414,0.007094480160012354,-0.02026886407852031
BACH2,0.0009777317199599934,0.01977751475779293,0.024442063305656594,0.019911381379282927,0.019785423046379702,0.00181637989877779,-0.02019515363890845,-0.028477760725141278,0.08403128211188264,-0.028391940658458202,0.02690799383805733,-0.00729744855699197,0.0035861288031124763,0.014154094189228231,-0.012906208515223734,0.01904314420450856
HR,0.0011666351636789808,0.012000742070008397,0.02462871622414203,-0.013970478382653187,0.0023528917058947127,0.023238035939884886,0.00624677984342528,-0.02317797934571999,0.04211754555246129,0.050663643815169995,0.04802469629129541,-0.003907922157719155,0.041749707147188675,-0.04475663870221523,-0.028976953373090333,-0.0058007504761048755
BIN2,0.05880198699311493,-0.032542080625154894,-0.015983490651060382,0.03461799203809107,0.0022656604191021003,-0.012953396823150672,0.020048245137614343,-0.020505543594415122,-0.006584149882110537,-0.003326676149685468,-0.008716248764103368,0.0016037793553273332,0.007610832477758634,-0.008714665524951565,-0.004879988413988436,-0.008683182921529958
HSPB7,0.0060393528699104705,0.006984004878002947,0.008722287536449436,-0.0060451208350169325,-0.03210092220580481,0.047431610717584866,0.004152060684793853,-0.04931390146771997,0.021426272968917158,0.0473950145946642,0.0058198094731869866,0.00415919907062931,0.02927799489836941,0.06352806828855091,0.07626844479226139,-0.01953329563945808
CELSR2,-0.02242700643251677,-0.008642315210494867,0.02086477594914591,0.028952700223874223,-0.01923350676580538,-0.008363345292371907,-0.024007840276412777,-0.038316996466982854,0.05349998395319104,0.014234907244897625,-0.003088671745391784,-0.017849890052802582,-0.022240081544729624,-0.011014281866668342,0.03917476262219741,-0.006712439699412083
SCAND1,0.0059200369034133555,-0.004444383969846289,-0.011189804060291197,0.0066657974971432955,-0.016381533803530905,-0.03190449020993504,0.055744722401580675,0.03877743975749261,-0.005704869197449413,0.05538023745375687,0.03251187403376453,-0.04956470553650721,0.00036460566268895975,0.07384681475024692,-0.05911933023295493,0.02957233067926152
PLCL1,-0.0005357423954192561,-0.004493564939674111,0.03355979417835861,0.006573517229785211,-0.048758380049500845,0.045763592128832305,-0.020253055519434578,-0.023524713760888653,0.005404086595680977,-0.02438968968308986,0.0029895647551965616,0.04628141595617392,-0.031874063520329066,0.02866945281876872,0.0048741234784634106,-0.01023434816491624
ICAM1,0.042559362032569915,-0.008105631334769027,-0.004120552737561994,0.037155032741714715,0.034499184670750374,0.01198130663904938,0.026232647963857873,-0.00869258409816536,0.025720496861016268,0.05364190289949501,-0.005938797174985227,0.03831122954898814,-0.0001475751646951122,-0.025061346720449927,0.005261929255992514,0.017418707075273487
RALGPS2,-0.002141274621857411,-0.004439711138662433,0.009267719597816738,0.01739277398263742,0.0020038507053511327,0.03373516364364671,-0.030546300020564125,-0.017615598527079043,-0.010118519860824224,-0.022035612653081814,-0.03015088891870086,-0.009674711022213595,-0.00018419036199438486,0.03387730231593528,-0.01950529545080357,-0.01776263307305727
C1QTNF7,0.021167845749123684,0.00692254268053519,0.03677182172185548,-0.013681177060862502,0.040224804327682544,-9.399632173761707e-05,0.013113005807423122,0.0005717449428142346,0.04060617274796978,-0.04087812004000617,0.008294695328509618,0.022325057599821563,0.050904466074219876,0.016582682863963378,0.020111766555310412,0.0008667768051519899
HCLS1,0.06228370974841111,-0.016387331362611047,-0.005732436742553745,0.01988259916724741,-0.001909845229462445,-0.01680837553882647,0.006237716107802801,0.00655330373648161,-0.01853311441410204,-0.007963211377342598,-0.018006212094164076,-0.012799654934414453,0.030310874165859626,-0.011768825070288206,-0.005718623018500233,-0.00031684771664540826
DENND1C,0.05610652035427737,-0.025797288276810375,-0.007722935762536222,0.021017173287356826,-0.007093874620632143,-0.018915364708465682,0.02288603618591592,-0.01880738792447633,0.00611356847784886,-0.011521535543223266,0.003809859894421442,-0.02480723071476786,0.002102443676191782,-0.020318039689212863,-0.01022001820780592,-0.02405316584734567
FNDC5,0.0007568448271911602,0.03342609119027269,0.014573091644453848,0.027983126410332054,-0.0064573909643236655,-0.02460541940604039,0.016776452307800716,-0.01426419477499967,-0.006795278572083428,0.0010951074999666615,-0.034232398375439434,-0.007505859232933946,-0.0284497832478253,0.022768535324755444,-0.01974205254089817,-0.027599675638907674
KIFC1,-0.02986286884292728,-0.01561249913705397,-0.010840324336477488,0.07183304500310234,0.018875641378014577,-0.0006163063435121463,-0.011813953267679209,0.024395045910099108,-0.03662796416061381,0.04733793543768416,-0.04163429218041412,-0.0019345994315678738,0.037901093028089486,0.02439181330888132,-0.024034441069697193,0.03412778420920879
RASL10B,-0.010065470675322614,-0.004245551813468878,0.005526570499046466,0.039158563874149295,-0.0003242065276790433,0.0017667424238482915,0.030032730953270723,-0.007280098412963327,0.03803630698158263,-0.052918091696338605,0.00415470969300253,-0.06413828859074057,0.06062626794262904,0.0020587130340014,0.013050573094636114,0.012805751201764567
HMCN1,0.01307459138692248,0.045903445812519164,0.03916131261759568,0.02122994306415284,0.012232714310655523,0.026205088641271787,-0.02261092708979223,-0.03177121664042949,0.015185171268129401,-0.03368047564841913,0.03191280227694794,-0.028859507421801447,0.013940644810239383,0.0058988277040277395,0.009989149315165325,-0.012210610102467923
CSTB,0.03044039862634222,-0.04155216694072518,-0.011447547135607881,-0.002386063783334516,0.05099426834010963,0.03193361661284453,0.05073707047658241,-0.008010456770382528,0.030994423134971083,0.030344603842364974,0.0016784290553523945,0.0031064947877878224,0.025846468081066002,0.03276187971517124,-0.022151719860668388,-0.023917253209758058
TBC1D16,-0.015475311300936925,0.007144259558612252,0.03916856652425678,0.0342801236936623,0.012900185883346744,-0.035736895851772525,0.03396741468843706,0.016750483901234136,0.01512668730759419,-0.013234808700395615,0.0010085615633403777,0.012475685988703904,-0.01984990003572012,-0.008223842228236853,0.030035197998869303,0.0002232305998627563
SATB1,0.004716461357471707,-0.007294987352518949,0.012150996663763857,0.04395879792588175,-0.00404772495001369,0.013070492230124006,-0.005796589145875027,-0.023096086324937433,0.04824617329963396,-0.019754451999614057,0.008814994495872502,0.00922774709912786,-0.01593166952624796,-0.023574652503881917,0.017052619099516254,0.026974181392054347
FGD5,0.030790376660076536,0.0041613445637030235,0.04857579406801254,-0.004930060558987027,-0.03143464464558718,0.005942216052643181,-0.019010975071717232,0.05491868626205977,-0.022680013530346946,0.012567275072591224,-0.03911249417577424,0.009525824789948694,0.02324021053745854,-0.04372216851544335,-0.022127490244984695,-0.034177952249075716
SCUBE2,0.011977824222337001,0.04145446567166083,0.036177107778568994,-0.01740042490135697,-0.00846651011072605,-0.015718907388581987,0.02573749449230991,-0.02535868383931294,-0.026450933629570662,-0.005597808655631701,-0.02630222334273941,-0.0149746856909436,0.018478978139966136,0.01491963667998813,-0.005756102133994172,0.01266684032992348
MANEAL,-0.014084249215587917,0.012772220574096337,0.006322756735824966,0.02457865607107196,-0.02475752148992031,-0.016127665673635373,0.015045017406809358,-0.01628603457286359,0.002842471229122302,0.006524925443798514,-0.044084666804092974,-0.04865590024228782,-0.02044506107985409,-0.015269591254671406,-0.018988035448332878,0.0073476893883676455
ARHGAP18,0.02921853829574044,-0.03504005699077758,0.032172193631050214,0.022644335816615357,0.03847490729447893,0.04569551979556252,-0.004695787094001223,-0.0028504110941368933,0.02227891007680554,-0.05420149191581096,0.03572354847824176,-0.05441041513683625,0.03149811192045006,-0.010610935696341021,0.02286339833435834,0.014653933366571413
FADS1,-0.024030136550818544,-0.01371544849020846,-0.017057864964455088,0.03947581517963621,0.003763999197240731,0.04040320431227735,-0.019149030434924514,-0.04030850450599623,-0.030342738733334883,0.0330253878930541,-0.02142751944715825,0.0036135140255984174,0.003396052424550441,-0.02137079792233403,-0.018680995995330046,-0.012566775145600076
MYO10,-0.020870170073156516,-0.02402650647187439,0.04980793930608689,0.004836874100052255,0.024016653617109147,0.02812737599670555,-0.023254645003311303,-0.01700723267782176,-0.023455146646890152,-0.008992678572333764,0.0033624858287961724,0.021465500328760625,-0.014645787216812868,-0.05665631452990496,0.0384388262597599,0.0024724474160226478
ABCC3,0.04921443479582323,-0.017934367899480903,0.0041987509417161315,0.01713710123371264,0.01843584493773592,-0.025672230105658327,0.016919349051893788,-0.027041831045558407,-0.00617423697221791,-0.0003005206220868476,-0.01308188772332598,-0.0017317112888224039,-0.0038517232171013313,-0.028643662572030847,2.3263994845191833e-05,-0.020729540584409067
ANGPT2,0.00375139283645826,0.003725107215354145,0.011801811411364648,0.007739374274229489,-0.03408870180956759,0.035961083314465715,-0.0187546225939074,0.03583698898240717,-0.025587383397514624,0.016341432762345745,0.02544216476342576,0.00648515390497296,-0.026892214897287332,0.025215021675826135,-0.019224127749942053,-0.03304851098009338
SFRP1,0.005299887056380521,0.02584389753264983,0.035303836285100705,0.016476147115823306,-0.022013171014232575,-0.02166596337059734,0.02883870940987851,0.006444601337102871,0.03256335022777115,-0.012404077232820386,-0.008770580607880402,-0.009325740590229321,-0.03702134711950594,-0.02373619261203222,-0.009480230194547603,-0.0334272427412142
DMPK,-0.004643729568623964,0.0024649298543865435,0.041237322320822625,-0.011206643745672668,-0.026882166029780698,-0.01810160201615816,0.010687339418512729,-0.013624679222084006,0.020649192952294074,0.02138664900718698,-0.0022656681130431506,-0.0450710153067377,-0.0005380238401849601,0.054976766048911684,0.09267617586916391,0.010700367881714315
CRIP1,0.018073016999865677,0.010780413457737201,-0.0009738710028771884,-0.020027533611543413,-0.01748830264374681,0.01294988572148254,0.010314723667371914,-0.016975447765688663,-0.02817238100322466,0.09982543416018544,0.009923581945056173,-0.02845170284166048,-0.005627687939325885,-0.0023481263927982382,-0.018765909376949635,0.024953016685870657
CD2,0.05042516902513843,-0.01173351738455429,-0.016361222495141436,0.033620448191853544,-0.02683676091810873,-0.04800536749123019,0.0006323791261373096,-0.014891228445132281,-0.023200173644418374,-0.009362690111372017,-0.006195559481419528,0.0018955310929773296,-0.0007986973287161612,-0.023184029010713748,0.005164929104362604,0.011337245901398983
SUSD1,0.021780776002057124,-0.048409951704136416,0.02203411050619019,-0.0018356657357152025,-0.009121399393797877,0.010228711594333384,-0.02062817996546441,-0.028460400474577662,-0.012685429028189909,0.003047246279080147,-0.03754694868238055,-0.027416231046294724,-0.00018338012824573122,0.01310021141274335,0.013818157472682616,-0.002162618797313143
DTL,-0.035219278140771755,-0.006184037091279884,0.006263708291378707,0.07443111423166704,0.003159830930415574,0.0098626946470111,-0.03771860966102305,0.010201886351452574,-0.012628081573703646,0.01577256425579631,-0.02262433816170791,-0.018235820334017803,0.015445623027083043,-0.009004609629501158,-0.02496142139576997,-0.007365742648215758
CLEC11A,-0.024047445142254716,-0.027238206853054586,0.030245295918939583,-0.0186172707316778,0.003147072874430134,0.0027351957161329318,0.03724944499376415,0.010307618994197961,-0.044857079311540746,0.02195706635495756,0.038129508547924726,0.0069255260259220635,-0.024927206868551977,0.03291282506506601,-0.015405348442658576,-0.019486677622250904
PER1,-0.010429965269073187,0.017279019023969593,0.01649218633744915,0.0029694044970452584,-0.013389042468741468,-0.02322684234344268,-0.0006183739474317799,0.0007324283584700783,0.006773286471841439,0.004147603413131539,0.02075833790571553,-0.006330124696517102,-0.013271271882243276,0.052104470109375745,0.03143034697202298,-0.03290975873574168
RCN1,0.00043053754226956946,0.04323187322520531,0.0033033734013155473,-0.006523525537053583,-0.003398733227763878,0.038629083970167885,0.030521455505395798,-0.029407281273124367,-0.04109815848765741,-0.03702596821694901,0.027176877526328785,-0.021018310146178873,-0.01899119641040195,-0.032021656897810336,0.021488966420000408,-0.010851700765887023
NOTUM,-0.028274051022249468,-0.027941887449779358,0.01896308302356819,0.0028140891748403307,0.004737223197722114,-0.012820214391807336,0.028958021057455218,-0.02198806515997743,0.00593362623646757,0.046263928354477325,0.030630670081439677,0.003858649067680516,-0.0020136583942113946,-0.019248998775998904,-0.0059516181915343054,0.05964194150831186
CDCA8,-0.03399150925825732,-0.0077427346052617125,-0.007076983201059946,0.0775613808845231,0.01780241694832645,0.002837458871555598,-0.005052982824236752,0.00736098801966313,-0.026330258024474112,0.021281660541786283,0.010427979356083333,0.07002794118299407,0.02992285061224487,0.009686914172810732,-0.018891162867697243,0.0403338821998982
C1QC,0.053314723417552064,-0.012916987887004476,-0.006542079155959448,0.024551188934215283,-0.019889328542948614,-0.05314197463897197,0.01997378573800747,-0.0208572300899279,-0.05209301276324746,-0.009014083110631257,0.006611383439609448,-0.019758677752237264,-0.014048665404796611,0.003616682199898829,0.010888193790448215,-0.002869541074504239
DDN,-0.0320132178093681,-0.004339352850781703,0.006573169861040667,0.0284739088766022,0.010866968495035653,-0.007466347160343285,0.010494425503993621,-0.020266142769380317,0.019752199375510832,0.044174147795853214,0.006634863776547739,0.004829958718703283,0.03130332793416977,0.0013366634078886067,0.024094456670463768,0.016878345108401985
GPRC5B,0.019649826812553586,0.02808775042941506,0.0327304765290854,0.015243979505623922,-0.04577746649074042,0.02790215610360558,-0.007218087255249381,0.011535047416904566,0.02323689918565556,0.04536262049499849,-0.018342872749677698,0.03947841075461557,-0.0024908977619701247,0.011119847491278877,-0.023249192435862095,0.0013589820604397356
PLK4,-0.027219663263413553,-0.0036035093458347783,-0.004194325694112331,0.08052444636782116,0.012847376034658579,0.025420554067540603,-0.045908109031115446,3.715432746579858e-05,-0.02947990340900642,0.011422264602949109,-0.02634367480309001,0.012279317555638849,0.017970403676936652,0.005705441273186555,-0.035259952260180485,-0.003095123553922328
MFAP3L,-0.012343277380954134,-0.035992085739778676,0.02744367698488802,-0.008013139796374417,-0.013593507099004507,0.02208269772862709,-0.010688154592823896,-0.030285105106711733,0.03376737808643513,0.0018360901899585353,0.011973635419771514,0.023767204532452478,0.010224580651413295,0.0036720222832252345,-0.012506224699847988,-0.0114233400340457
SLC6A9,-0.022076779615479245,0.010457861464856073,0.034757397953317774,0.0059555186109019765,0.015203464760652994,-0.0169305309027959,0.0317240836528724,0.006786400670306229,-0.0524420532107122,0.016818591495340846,-0.013477622127848303,-0.020368642215269978,-0.0352672307794093,-0.014141664593020041,0.0469545362359679,-0.03787940617531948
PHEX,-0.0012190689661589179,-0.04174123379868203,0.03789838398641522,-0.009358472009568483,-0.024889309236263937,0.014076752272143792,0.03998930850234104,-0.020884725944957206,0.007616850319338948,-0.00893089072255848,-0.003989144954653502,0.058613599570019506,-0.002358073134292466,0.02035159953942591,0.03454467283928881,0.03935477186130874
FZD10,-0.0010977899723503964,-0.00678663657698874,0.0466636662829282,0.010525348339415753,-0.019594478773482492,-0.008711064638476856,0.0020539553296694737,0.019322892881480896,0.04602536336305428,0.024394905947992408,0.04741774359308688,0.02464774600412539,-0.019513891002140675,-0.03391457079041847,0.01696679563732678,-0.011851857468178417
CNTFR,-0.01857719459732779,0.03719180757574787,0.02503643134848125,0.028931321282561744,-0.03275065799487276,-0.015496626224480493,0.01842591973859381,-0.03457607205304543,0.0002040524806158667,-0.0005385039224164708,0.016984407753437552,-0.008242458813801404,0.030308397040610294,-0.003754648304521352,0.00021018722617049046,-0.05118997404262849
ETV4,0.005628944659395695,-0.019915197988812375,0.0042495201359606044,0.027192878677818215,0.027858069733781195,0.005292789825344335,-0.023167082950946532,0.06726121819647372,0.03857090491006927,0.05300110263890589,0.021465408445554664,0.03124097590938593,-0.034710577371619276,0.012806255119430145,-0.007304086423264378,-0.009350532512493138
ID4,-0.01536385347674503,0.0174553894614243,0.028739938122075284,-0.002628490493770528,-0.00554126454224712,-0.002301513322006523,-0.006535261122466277,-0.0011416343351203073,0.01463661790119514,0.008828590235857772,0.08189843318094872,-0.04017342372393547,0.013818737255383903,0.018519108509162226,-0.00271962910303024,-0.03833236227353784
SLC12A7,0.002306027914814119,-0.03649740943464119,0.03718602098654037,-0.0022357896637010028,0.033862276896124165,-0.002444731379342825,0.0017144341774676386,0.00491756954331413,0.053333339287607806,0.009615375201521607,0.04782946514421116,-0.021646204232801614,0.05036463299166711,-0.044692477108695526,-0.0041055212649884,0.005721607162383748
KIF6,-0.021749853348070586,-0.019435529251673987,0.03134168853048335,-0.009140263823297816,-0.016253554501714437,-0.032454482953384406,0.0168005709437525,0.02765022194170772,-0.024875206825935806,0.006881481722015645,0.04388394818173572,0.052507845701106226,0.003546163699304001,0.022906925678031115,-0.022691565960897313,-0.01015595882806982
CDK6,0.006957484054208562,0.025770417530991907,0.016303358510710755,0.013752008257476623,0.04772598891727365,-0.024999118940100665,-0.0641061032568429,0.01917405523205623,0.013634205355820841,-0.01738158929864298,-0.005116702855733705,-0.007210976270599275,0.008948192918503005,-0.03922916771609831,-0.03655876882095843,-0.029951256566891224
COL23A1,-0.015653418180963406,0.013020411656183863,0.02632427239234514,0.013937000244852813,-0.0032259675379187934,-0.030675448975467205,0.0395812068590652,0.00864809685081469,0.05417326689308312,0.016288366101062258,0.030207807367510518,0.0215509434103831,-0.012102783565023782,-0.05389743000850628,0.040117651468982246,-0.02569501055904137
RGMA,0.015483630246291402,0.0454316621408365,0.022676574639343913,0.015355035320266499,-0.021766346085767805,-0.02810384628633947,-0.002314382873956028,0.0009172899607749888,0.043993896364056116,-0.009032287889260207,0.031916124729446126,-0.04201253753463684,0.017659449505799434,0.036514209631164286,-0.016856118096752592,-0.010638205963702515
GALM,0.018081367745813978,-0.040437571910981754,0.004037583784166195,0.005560043281554319,0.04267371780032255,-0.0034460786191329897,0.013959446622417257,0.02414495324563204,0.019388733774292323,-0.03113094398889926,-0.03675954270906865,0.005010890485287949,0.03486199990680786,0.02560707677745238,-0.01962072422557198,0.021624741536547292
HSD11B2,-0.014617874264889492,-0.018887812637858478,0.040700932311197396,0.007640827598829006,-0.013661031465513816,0.006484447518065428,0.009593135156134759,0.025812271986473942,-0.022996117394331262,-0.012829962888175133,0.04503738287105906,-0.00696572348478924,0.045881626353753514,-0.006678305076440891,0.022300261363090452,-0.028754956224044108
NXPH4,-0.03326826852966475,0.0076244497498219755,0.012889340197923588,0.03565486319828811,0.0015673987961614677,-0.031447447243607415,0.014689667130884175,-0.014059915100652853,0.01925020781048735,0.03598958977301297,0.044731486356799854,-0.03011983335237263,-0.023662697585222443,-0.007450954139912576,-0.012393816114456549,-0.04559112039783857
COL4A2,0.03228657036984919,0.02193610355302634,0.04341314505161435,0.013126339661663705,-0.01613771181715728,0.04104425852802227,-0.01847138275272405,0.06562353295508119,0.0067976591751960445,0.03413969833055339,0.022953116325563412,0.012509319311189454,-0.024035212818881664,-0.03612536564049188,0.007110737691119258,-0.007069083114628305
KDR,0.030599093847773633,-0.0033655274046496147,0.04619536584203819,0.009471970375228247,-0.03826160324769323,0.057086621385969226,-0.030512027059694257,0.053641618494720794,-0.022843541040299228,-0.015389365066680004,-0.0037052752309507204,0.0147342562126065,0.010979546343154626,-0.03611235962455772,-0.03183632471515774,0.007049689218146687
SYNGR1,-0.02647353266928306,-0.004747623059514404,0.01069372929142795,0.0303227770778822,-0.002553090294955716,-0.05766808754943647,0.03375448022133559,0.010630727209203182,0.028649215401985485,-0.0051528439523792205,0.016290399027484467,-0.027552842525934408,0.004377984164081443,0.029087761437491054,-0.03858800049304772,-0.017138958670987903
HMGB2,-0.022835560070143195,0.004204586103062308,-0.010605153916248288,0.07650871556358464,-0.003788269988708337,0.0024365089499817777,-0.016426508475378947,-0.005672980214908152,-0.012663446260009944,-0.0039382550353752824,0.0027906016485508625,-0.007072287356998167,0.024337567546459507,0.03346152510210973,-0.033290712054092814,0.055298003188710844
CD34,0.032927406549343306,-0.004348407433586259,0.046500723367100025,0.007336924193138063,-0.04579941368330199,0.04098979050000453,-0.005585506869711553,0.07573517763114933,-0.043744274226627605,0.005524482234643937,-0.006588814943665617,-0.027476021075380358,-0.005328822967096734,-0.01685257406627446,-0.027494662295724403,0.015200325141346218
CCND2,0.015244824157281501,0.021871773748334843,0.024656774299203158,0.029496793917257007,-0.02550726173037781,-0.03099028447724148,0.027893464370041705,-0.000239401344973144,0.03319583483581362,-0.01054113420333171,-0.03148516989958429,-0.043929118812354236,-0.017548040405297404,-0.026230846265010453,-0.012246207862755256,0.0037870879231360196
CRLF1,0.008100688030842136,0.01853933807058005,0.020101644612660882,-0.022702226346542773,-0.0037766620772714445,-0.00487439137146313,-0.005749317494401813,-0.03571952217933825,0.04216258303034919,0.084901879371949,0.05158646352689522,0.01500826912939248,-0.006436601280456354,-0.04099829312506006,-0.026471771071620163,0.0008062487523257389
TIMP3,0.006887541774639635,0.004711441057679134,0.03886095094148007,-0.00045912087767884186,0.03312226079970932,-0.04698391100534111,-0.031620024529328855,0.018920746821864124,0.009789161851932916,0.015565941064134729,-0.0050270113224066635,-0.02051276206498074,-0.05013338052047336,-0.010166674730728222,0.012603368074627174,-0.016081475319869993
TSPAN6,0.009433811753092151,-0.02364067803469387,0.013174091082148167,-0.0030466556050507,0.026392963472690083,-0.0007587730760379675,-0.03214100100736548,-0.003406343617451473,0.013729392360179385,-0.0010922188735087244,0.010392519414171743,-0.0054014416912941295,-0.024760022055178982,0.06388943949697287,-0.03934499568745316,0.02522190994943846
EDNRB,0.039220041924931844,-0.0023469026899830886,0.02295356469208134,0.0016960386944924115,-0.03769305040009334,0.019958697483036435,-0.024808040193769417,0.018765163163314585,-0.026956201443694042,0.015161518220789821,-0.01738318764710631,0.028635406654099367,0.021818431633658847,0.002551804553864767,-0.012886486005949063,-0.02712630915962659
CBX6,-0.010546194410419438,0.0028153253231661857,0.05150431284747455,0.01602880981213299,0.010936218035842344,-0.048159404485064665,-0.03347036810137214,-0.004590711142361262,0.004850673458069995,-0.02369313281355241,-0.01407395505837835,-0.03694308175823646,-0.025860571912220777,-0.00031430461982967766,0.027258331703663444,-0.005375138645556696
KIRREL2,-0.0109253759206945,-0.008818347375134896,-0.006481714312583469,0.019757815748668115,0.019147343117640315,0.02158402432128643,0.05629430545438291,0.01429383941262689,0.017319857066087685,0.01858786489484135,-0.01652875171502741,0.03827467580776222,-0.052351009066534455,-0.007780042182893557,-0.023413942757607786,-0.07277565223438119
IGF2R,-0.016272971283663496,-0.017092678356955007,0.03303040120782218,0.039540802022314005,0.029646850771404377,-0.016511428871898926,-0.0037763050578981006,0.01511603316646604,-0.0008223924517843286,-0.0019719451829984724,-0.058327648370682696,-0.01558332725622345,-0.03566767323027499,-0.005414776198123734,0.03476964750652416,0.003422211502969596
IGF2,-0.006220752699860279,0.005777842899788938,0.056828913409428077,-0.015568626270795107,-0.009581878682135923,-0.04310954434995903,0.008404411312959124,-0.010359588330641883,0.04131073340402254,-0.01748748133938533,0.013344028156920883,-0.043768027122590286,0.01830334393976594,-0.014158605728205396,-0.004210773264435209,0.012539932805053094
SLC4A8,-0.015997293125238725,-0.011952358586824197,0.022915880181176927,0.046664722717359414,-0.03127847641821519,0.027980906249080235,-0.00026791621805878803,-0.030344603589114567,0.012992525845145778,-0.03165584725541464,-0.034153772784674845,0.007964535764872653,-0.07408101806791029,0.002879521575160141,-0.00457455324812056,-0.02065615799473411
DENND2D,0.04636958729926885,-0.015182250510066718,-0.009240215252189897,0.0358497822876569,-0.02404808858083226,-0.03399114769423073,0.019672054151383917,-0.02271476517140776,-0.007930365880566854,0.01990677699709774,-0.022102178528262996,-0.010798938299831754,0.03608644830536463,-0.02392554013238927,-0.0002589590037929846,-0.003444020913277142
PHLDB2,0.021143108070882773,0.044382918515552504,0.021223598062314726,0.016986355877964453,0.022516104309065404,0.007677978921714552,-0.018697336143036085,-0.005167062753519757,0.025368016469967752,-0.0427957359174205,0.009958020642117708,-0.02671762192895167,0.01267966867007567,-0.011408566302938595,0.006414091164543183,0.020539826992483086
MME,0.016679299799511996,0.00017201342323891824,0.012134081094665999,0.006318822534065153,0.03939771063296874,-0.00666745358665389,-0.005061053989918749,0.02085963826193462,0.017821443732490942,-0.033237113188477455,0.002922134075214606,0.016289190894593172,0.0018552366625742313,0.03035887344783242,0.01199398053951498,-0.0432599998459394
SGCG,-0.021437819993318084,-3.3486666813004225e-05,0.02872942109960985,0.010075878475597051,-0.007951527911176393,-0.014575723051028392,0.02708932949275034,-0.008610731608067756,0.0017631611787793586,-0.03861858808570689,0.019526491393011353,0.01932900917037749,0.0438582006406963,0.06071169719946726,0.015670293633152872,0.02936803998923048
RPS6KA2,0.033137246691976735,0.021258862103407102,0.033572763871507774,0.005165327607870574,-0.017801559880552396,0.03273314736569031,-0.007042208003704208,0.032934827099731584,-0.0141382084341233,0.006463298539293823,-0.038204133278964644,-0.020787618500467633,-0.05421056765435473,-0.01548126788177362,-0.04652968642088429,-0.02678103588096716
DGKI,0.011448620935515788,-0.014077648806230497,0.034778393468060026,0.008917513387914,0.05790492300907645,0.030518087126021404,0.021195952601595475,0.015404679621888134,0.015134330216055918,-0.03657491707650203,-0.03182638154154423,-0.02348093726310113,0.023999080973943515,0.009597767091944213,0.018989061488069073,0.021430112512428934
KIF14,-0.03677535462882845,-0.013271964035597644,0.006914504461137395,0.07046452607183695,0.017672975732026433,0.021289598085800304,-0.04565183697821672,-0.0007154675136813679,-0.01112266062423342,0.009526126908843604,0.008970984043053883,0.04098920702741943,0.01976058766275678,-0.01717185157168707,-0.007690495640918952,-0.021173907588458597
CHRD,0.006700752449088733,0.028180093617175966,0.05158915246811586,-0.02075113137978951,0.0003867626950110805,-0.009619313589216976,0.005907330229348668,-0.0004507329717778471,-0.007764584777963542,0.018438568225102436,-0.006348609128133909,-0.03330029522880752,-0.020440403422333546,-0.0050737132152392644,-0.02303072292846146,-0.00935660392881571
RAD51AP1,-0.027153649519925233,0.0013250569912867825,-0.002256224662385132,0.08164483119717018,0.0015813484926828188,0.029996008832080888,-0.009454590925307801,-0.0030512954324434013,-0.011342261693197679,0.018313711525082085,0.00864896602539118,0.026158760156134938,0.0032678374604716474,0.0006132003178851311,-0.02488835250663359,0.04731651774845073
KCNMB1,0.04236230584771937,0.01918698161898977,0.01153029638176823,0.009412327618831689,-0.014502150722629871,0.007237297878283489,-0.00597122635485281,0.013050457543869017,-0.010188207473892498,0.005331612634004713,0.00898489126616994,-0.014899761655600738,0.005152938087711006,0.015397054220810736,0.0015339615773545898,-0.007555007825564652
CMKLR1,0.04190082568383561,-0.0016780722987366518,0.01548654000379428,0.007712153305591054,0.008589149066687358,-0.017445560337143146,-0.0024402142970869605,0.006859997003499802,-0.0005397400976788276,-0.005548991974535813,-0.03041289983024406,-0.005572284621203991,0.01122258409418514,-0.054448466535557724,0.026155126914815557,0.03422578646542088
DUSP5,0.028820134410894618,-0.028146270077757985,-0.010563619868976842,0.030506122594045972,-0.004054807066756132,0.030690313750419952,-0.018901208870453542,0.0368891170964355,0.024655675786276626,0.05283219237675974,0.0024914443314176826,-0.010371851979268118,-0.043778077691546076,0.005701792313269101,0.010498081683540455,0.017869212130337965
GPR176,-0.01366438289605773,0.0009269434260710264,0.02595485921522206,-0.007405073188878407,0.03911471804253625,-0.010503012947443904,-0.0056099930587848665,0.008964077255843073,0.0022679517512400275,0.005516147226784611,-0.03585828577512973,0.06344816142979559,-0.012845887975035396,-0.008057612437312834,0.011389452758016274,0.08573367660480699
MCOLN2,0.025955234089572003,-0.033838352615264175,-0.0031641418401750073,0.02395515534320219,0.007672422454191907,-0.025601400820642228,0.008255351362451199,-0.007407139315170808,0.046416695487877524,0.029612606769230127,-0.02489629013594315,-0.03343781067419829,0.04528365049030501,-0.044481912248661,-0.038575409301161025,0.03480694163450344
IRF5,0.054105261892583356,-0.03319208982264931,-0.003889848497636167,0.021166662247199416,-0.006636771967973187,-0.030494484905865316,0.01381158809877189,-0.00482906440206127,-0.021579275648587755,0.007019298604612186,-0.002008529560468972,-0.03842491448570899,0.0009744283359568182,0.011222108538015415,-0.016998771553227928,-0.006232073367838762
SERPINB8,0.02693175551722088,-0.03977431845735573,-5.3153336831965325e-05,-0.00732903809261011,0.03670574190489458,0.019299836278736403,0.0016591520669482556,-0.0067972196169480085,0.02313352557027739,0.014857122422354534,-0.033539288948353375,0.014272977226165976,0.028289352132357608,0.03874612657995317,-0.02266170008059096,0.028237566609662042
HBEGF,0.01113599471072845,-0.029833812031813515,0.00029127462713624095,0.011341117119623878,0.008481946814995181,0.019576969264157796,-0.03421001887047606,0.035150687411800746,0.01272804317964999,0.057118174028093986,0.043000062236940875,0.01568143718814958,-0.023569279948960353,0.016464524829947084,0.04515392147796069,0.006989257294749305
KLHL3,0.020119340452749473,0.005465413995987956,0.020173624888752587,0.03944906503911078,-0.013569342489480407,0.00854018767684589,-0.01383045451825435,0.02016399377804954,-0.003156250151829032,-0.01281541231909102,-0.026866399944896223,-0.007449219328315381,-0.031379550087333626,0.019284752173404182,0.008367394402403016,0.024889499844026646
PRELP,0.007588643229833464,0.03595978280154774,0.03116871074276841,-0.0417928606664998,0.0007870734208203543,-0.008923635785514274,0.007324578546354622,-0.03506537304530809,-0.007443690521696461,0.04761130927821365,0.02068822843931646,0.02818559308913188,0.036037211793786696,-0.04834296125240415,0.00539086598459428,0.021219668757450336
GPR153,-0.031463467982190914,0.02681990158294443,0.018303236961117214,0.032684684177959986,-0.005006146972257077,-0.006229997628766247,0.04238684087711654,-0.01878504052346981,-0.007443539090347385,0.020485782293841556,0.011433579845913979,0.03490663963180152,0.029404310254457333,-0.027923394909524654,-0.02090968574451007,0.024766606699628883
CCNA2,-0.02992569046819653,-0.0023623416609745967,-0.008494090857286057,0.08099556442389101,0.013803036994008111,0.03212327036587274,-0.02380360716447298,-0.0036416285477703977,-0.02929434886277415,0.012122927268240337,-0.014423869091226615,0.009231714539167143,0.01742926287182583,-0.0007205710013226366,-0.023239492689724826,0.04862767670645821
KIF22,-0.03161741591395381,-0.010218552321853005,-0.0053722491424262955,0.07246424056247908,0.013469447685474333,-0.0024041791133297026,-0.0007006912799256033,0.023006026917174058,-0.0398533276148746,0.03831997780996362,-0.020784949099855232,-0.00860656921946568,0.01699632168314122,0.00905956486026618,-0.012777188056173418,0.014082279942151756
DLX4,-0.03597561560386483,-0.04556938729952676,0.03195400868562995,7.884056869993554e-05,-0.015670898865129797,-0.01941475313857353,-0.01740439686350411,-0.020414727909050922,0.019462634466767787,0.020157954093833252,0.02299575971976738,-0.013012765572470903,-0.016314412951674517,-0.008259584145741256,-0.024124706149004235,-0.018615569969688193
GPR162,-0.008004789945385617,-0.0051643537919678325,0.02880033320017791,0.0354795895161025,-0.016758808188340295,-0.020472366489601605,0.038160738780289964,0.013447619345358321,0.01643980505064989,0.027375199153222347,0.02032646751521771,-0.02092529509020807,-0.0618414756135883,0.014833535784326661,-0.0029677933069530184,0.012847846678110713
TOX,0.008155973384636328,0.02916522805092186,0.0137887845923369,0.026057699676132015,-0.02182971222647771,-0.03567677310139817,0.0006376073892170476,-0.014393845690272564,0.028012355468013915,-0.032555531279880055,-0.022657701310901668,-0.022644140085318017,0.03991533755530331,-0.04462050924192276,-0.004334543036616612,0.03722738744726502
CENPA,-0.03525839415137903,-0.020657606880473977,-0.013995166301240885,0.06980451627079676,0.011518591484752011,0.027389384357678737,-0.003500611732736517,0.011218558524602323,-0.033510819484284554,0.011149813219396183,-0.012238353164019609,0.009364811131477184,0.010453172718988112,0.02838529279471147,-0.010154866370639936,0.04215205488024828
GJA5,0.028021377496342318,-0.015585946474684578,0.04064803023781689,-0.01623361982735895,-0.010297502625631682,-0.013545686553880533,-0.004399046094949269,0.0745232525240307,-0.03335252915951005,0.0013374214957894513,-0.005608470346155751,0.028951449007482945,0.023387216529233618,0.025976497595595983,0.007332948041558221,-0.017461769151012736
IGSF10,-0.011933056343254731,0.047216921739163704,0.011532199066944047,0.019140127986509468,0.03216317472341969,-0.024573088743550842,0.03268435952699442,-0.006074641208832061,-0.01942064259898732,-0.030617664658559474,0.012178806031161032,0.02206575090281124,0.026029439761089852,-0.010186279256519461,-0.010536129514527065,6.753679016225094e-05
GIMAP2,0.04921294780173198,-0.029283075970656887,-0.0070042570639817095,0.0223279646081165,-0.0023728596299523114,0.0036070208475503657,-0.004169188398679113,-0.033500032752905126,-0.0005235106486252659,-0.03249686843971342,0.02851267007367151,-0.025951539059299485,0.013835208651176465,-0.024939953607868433,-0.003247718963852359,0.0051202386602506415
PRKAR1B,0.003054018047568454,-3.843254524751394e-05,0.02511812298672334,0.008164948695960447,-0.020377033976618355,-0.03273826685086078,0.044325391560528636,-0.009267919134770345,0.025924721818302188,0.012826629338245193,-0.038816985393512214,-0.04319565917124327,0.007717648524090048,0.018728098315112705,-0.012170052944874747,0.009353811904483448
RGS17,0.0017459595377488219,0.047222069112805666,0.010958203588158634,0.04142366682036713,-4.981427695136594e-05,0.010483763131868456,-0.0017119029272049,-0.006572750016858935,0.04033819804086001,0.003467342468328666,-0.013447174629482018,-0.02800627387197335,-0.025132943643719916,-0.004319104577262053,-0.015677391020364397,0.008880700830476857
EDA,0.0010043276153207273,0.01672256553989361,0.03198591397808455,-0.003059185469465313,-0.042762563761850156,-0.0015302368992822861,0.006240009616114644,-0.03679937761121474,0.02417594018346335,0.01397763900605056,-0.01848615072862235,0.04981251697971657,-0.029508969599590068,0.01877125637893689,-0.008808159866333544,-0.014024359275207985
PRTFDC1,-0.005210102515663567,0.004040842077161223,0.020441125918959153,0.002428666025967613,-0.0046146694730089775,-0.0026980488433139844,-0.054710349527344604,-0.03155988846294762,0.0028992371166956764,-0.029400884148333493,0.018600185229717715,0.004966312143633085,-0.003796243673588331,0.047772027366727844,-0.07467900676811116,-0.006993150650764837
ACP5,0.018343804791624688,-0.05863027027884723,0.01671613711875593,-0.011945050173595248,0.04309545743652473,0.050471283479651886,0.048203491868724364,0.021470062984970076,0.019252121438481255,-0.00014770365992573678,-0.01891078883630854,-0.019690647859641402,0.006823378283479232,0.032922124588707496,-0.02271724274930855,-0.01076226368571127
CCNF,-0.023984792443147007,-0.036440289758748176,0.009082424973422846,0.06142783431050017,0.03419458970908522,0.03444215854292429,0.013099799991033119,-0.009087111573734328,0.006763397180103317,-0.002920445646752277,-0.014715680478276726,-0.02151319065554732,0.049980329149167786,0.006711224597685797,-0.025344107493732206,0.016506858712014322
C1QTNF3,0.005564637239815687,0.07122606850794823,-0.0017948899041412452,0.008477861052216488,0.01860036824058128,0.006478888997239397,0.024926944321477743,-0.020628591096232055,-0.00672630905119611,-0.003302957917249141,-0.025576093029269872,0.0016142380370272429,0.006570504643882539,-0.0033386841898410736,0.016705284913224833,0.02834852310128132
IQGAP2,0.026082208662984028,0.003716771461875506,0.005172418982496152,0.05430429406211935,-0.03081343192969452,-0.043323060966198965,-0.02160137454538051,-0.015138234893870927,0.0011636324331317817,-0.02825974673593639,-0.04434973417030391,-0.015341772808112778,-0.04199477923706038,0.003514339631924401,-0.009129687580597779,-0.027681507212681904
TXNIP,0.03635802477394496,-0.021126340674209095,0.028742547846512312,-0.005147617380714541,0.007257132592798693,-0.03405868900386372,-0.009142191265904558,-0.001993143253026735,-0.01657997068234541,-0.03045569035797017,-0.04202601593061803,-0.019519143862526324,0.02329039016652894,0.024167865164644274,0.012947332457111377,0.011131616992486479
PLD1,0.0017003828882125689,-0.01227937477802808,0.04433983923244289,-0.00991854660478121,0.05340103713228252,-0.011951357717674999,-0.018806905514815474,0.005973617513377735,-0.02310785819261851,-0.029225506587957355,0.000690667105091157,0.028729681917074125,-0.019267922514505452,0.023018266249671734,-0.026921320867307596,-0.04967363109506879
ACSL5,0.06041415679101324,-0.01631340567164909,0.011506241237568654,0.009962697157348464,-0.009679856229665757,0.0010309513033146217,0.008059020029785782,0.01669759582159719,-0.040361903180972186,0.0065035504288406334,-0.02062757661034289,-0.010430875013897313,-0.0031475585196263506,-0.0014472527433806357,-0.01717529861313181,0.013565094790615009
MFGE8,0.006453721892502678,0.009321885278489735,0.025859432592472253,-0.022825412029380904,0.04207808282199253,-0.030609729875753326,-0.01943954836851746,0.01467125930055017,-0.0015535749499557586,0.05145414349543827,0.03456415394112819,0.019416963991968864,0.004132215188831603,-0.01186232039659141,0.0011377296788707058,0.039990150851818146
WNT2B,0.02006186476092281,-0.032566426054514624,0.028253064114693742,-0.015858333649172024,0.04365587047422566,0.007811817548944588,-0.007365077480273983,0.0031129694083091627,-0.0006168858995908967,0.030961669556772025,0.008475981295806258,-0.02562543209627234,-0.041030992207750236,0.006246971733072604,-0.02354940838463906,0.01014938259962444
BRSK1,-0.00612990821000204,0.018402726364247012,0.02595675447311223,-0.012512964151373243,0.0012071244628972504,-0.03561474113803166,0.014297716907913854,-0.02093931222887334,0.005518859447062553,0.042719839092642785,-0.04381308703248421,-0.0060108936808170215,-0.005539222296878256,0.023264866704179033,-0.0582270637978686,0.0033172961818497297
ENOSF1,-0.02557857827021172,0.017546380272841892,0.00969882500886396,0.045718081584764224,-0.009848825541643739,0.022826703917276835,-0.00971839925265109,-0.02349278290681616,0.004849056993593217,-0.012019867566697762,0.022783358852616294,-0.014045588028650188,-0.04503300167114521,0.025033243566730805,0.0051084103820975175,-0.003921287586222214
TLR7,0.05639415923583564,-0.017099884430682742,0.011457125438358544,0.0186349663656608,0.004962640696342464,-0.039303384500459025,-0.003057806769935682,-0.03251377905215463,-0.03634675971193478,-0.027079723912332022,0.0009205924364652732,-0.003566564062512836,-0.0013489552164462877,-0.030526257691361955,0.0017237293729710848,0.004038506478546575
CALCR,0.014005669966677658,-0.039654126325929136,0.02119727640299611,-0.007366726692374572,0.014768397950167714,0.02363834730364527,0.06494479585137777,-0.02700784837001971,0.04184517645679976,-0.042230405124749716,-0.02149646821283897,0.040038985097903275,-0.00467303390341752,0.02535595729231155,-0.03214415762099654,-0.015885895274995954
SLC6A6,0.03969110550250458,-0.01564657313880533,0.01644378022981018,0.0006323120689020519,0.041791133435545885,0.00904207337052112,-0.033664618642273256,0.0005612056983384853,0.01818431976173072,0.028202545365869032,-0.03080066137318939,-0.01192162240347231,-0.007669029969145426,-0.030893386247592792,0.028988988051089726,0.0008350541686630505
CREG1,0.04035106079116688,-0.01341587383846673,-0.017987282781622954,0.037725834071677726,-0.0054074809902131,-0.026064102283369233,-0.0005051088103671117,-0.010930188757942525,-0.04259500325606556,0.007266843003533179,-0.01819969128809395,0.008770499721814245,0.005799544507643006,0.04012728275039093,0.016236028303355594,-0.0393598913298587
TNNC1,-0.009877902974019758,0.007827179023023448,0.0071034667848987616,0.004207388903611317,-0.03910625621411885,0.0027545717125294937,0.016014681767086196,-0.017612817993381366,-0.004050699140160378,0.03298297215052766,-0.0025202763136142198,-0.020709730829125486,0.06887438103467794,0.06697975966497224,0.07897340680146134,0.03891206349134389
PTPRK,0.02015820736127227,0.006238406667237538,0.04167623961392362,0.0044819637937133896,-0.012136422772138299,0.007903580583763146,-0.06809666192344542,0.011955212991148396,0.019179960666088184,-0.015456761432419489,-0.034231928987998185,-0.0324576322908829,-0.02954561307486997,-0.026314435039137194,-0.001345524824169322,0.02272939512036259
LRRC1,-0.032904186172153085,-0.021532477701394367,0.024903023327857557,0.022635352190541084,-0.006684917176905945,0.005852690917303597,0.004887329964210932,-0.02628065867300824,0.010187148367249262,-0.004462005399582943,-0.020233421338348496,-0.02884479548965848,0.03502883596852124,-0.014496441682438929,0.025984503731273024,0.05047095800243194
SCUBE3,0.0014844287743711838,-0.019814943494878088,0.04528712544274812,-0.015657580640870285,0.0007908438590222291,-0.010952130312171161,-0.019797083164874763,-0.017745150259254903,0.037531832238751846,0.026313426252687507,0.010883282598128142,-0.04483340157330275,0.01434414590732808,-0.01922663716202757,0.011993385287254162,-0.006356274103333951
MFNG,0.06195228277953653,-0.004978147452953329,0.01135496325900093,0.017972406842141745,-0.0315265726872167,-0.010121048753509845,0.026106016066726648,0.0060374265290185115,-0.03632196049583071,-0.0057277206236835704,-0.0064604422254546335,-0.0074346192740291465,0.0032314709899102204,-0.0027542724690114363,-0.0037858517671049627,0.005418542027387547
GPR4,0.024356199017602845,-2.6320451473727142e-05,0.03412707001987397,0.015126907458267532,-0.04621082877931033,0.06983748123361982,-0.0008221776934391033,0.04382239085073771,-0.010031406682951835,0.025548460988566963,0.030779907709313804,6.620127005726073e-06,-0.01165732382560415,-0.014140338509978987,-0.011945237740528023,0.008187644959980343
DACH1,0.013794174940662249,0.01815137773378498,0.03298138093319313,0.026729551326175376,-0.058851885745304186,0.05192200622233281,-0.013159744500564735,-0.0021502645597179385,0.018039768222329198,-0.009451106854851746,0.02536934163432413,-0.04766280347680105,-0.0012031106430000719,-0.012658804600363456,0.000200812477466894,-0.01306381341891179
SAMHD1,0.04307542213655934,-0.025268796345174663,-0.011560148030223238,0.048720456341757236,-0.0011750856921522003,-0.023872043682926808,0.0031751515950843145,0.011856261536640041,-0.0319563739694738,0.004511483652492255,-0.0034011865526323605,0.011567201711947566,-0.0056969448229183105,-0.01942605961280759,-0.024276069542258735,0.017058611074005085
DPYSL3,0.022727740696528033,0.034929134346060695,0.027816680838037143,-0.007611427923032705,0.04244019472487017,0.008012853900400047,-0.024364737103934723,-0.030537216177787513,-0.022757777686497116,-0.012645864237598439,-0.02996761404499728,-0.006147100220620505,-0.020370116826591442,0.009905936561593042,-0.03135421926720976,0.027976440069565435
RAB27B,-0.027107231538725365,-0.0006929725471658163,0.027233355054088533,0.015057045168840193,0.038199368715143345,-0.01831153494991967,0.004625463620611902,-0.004593360992715606,-0.04399061895620695,-0.0313136450868458,0.042511540070193116,0.03268552220069377,-0.011266430032320284,0.03923920255064649,0.034205360203852384,-0.012392134827759837
MX2,0.03435441491123992,-0.01695271180360733,0.0010696985752261749,0.019177033310618877,0.004684468309271016,-0.033580536092025076,-0.02303661759665839,-0.014978853532630041,-0.05365345260149977,0.000901072852057665,0.03503118043647986,-0.039048022019851664,0.018144450133437497,-0.03264939553073341,-0.0018147302714965428,0.015667197179388817
PTGIS,-0.008778115872850514,-0.010178731063842681,0.042505272038154254,0.012178867010353053,0.017171807558953055,-0.019051120370219707,0.002621381019490784,0.001381542703303431,-0.027496227070614283,0.00518406468228829,-0.0449049565827691,-0.008311124773538296,0.0006290699718850042,-0.031473548836647644,0.04040299209749,0.02287258790382536
HTRA1,0.010635136697278044,0.03684445082246529,0.02008684804563604,-0.025554282272986457,0.06578615643858415,-0.010401487778734382,0.02665553473753978,0.005501544232457796,-0.038496408147787584,0.004320009089768589,-0.006710767530001011,-0.003241375094499236,-0.02913797027793634,0.03271846905278272,-0.01368068904837089,0.013169173375220507
P4HA3,0.017969538484389546,0.04711264796206967,0.012851435118340894,-0.005452034418108907,0.039522635960807094,-0.012390231938490122,0.01636078321108566,0.01141900898372161,0.01478653493946321,-0.007555129272635408,-0.0036837575032913285,0.04956258467196202,-0.026567193959315148,0.04281499774780134,-0.03652503354494269,0.01678272971384296
SLCO5A1,-0.005532104377962634,-0.008258431583203257,0.021477914075542115,0.022349250246385642,-0.02033270927586847,0.018428062922367608,-0.028825423568540127,0.0015485162853003357,0.03705998039561465,0.023765792755399126,0.019806359330727812,-0.009031423775652914,0.06544613683805858,0.005873999685610868,-0.002247625243555828,-0.01974309392512272
RHOB,0.0223828658104768,0.014160638565322452,0.009956196459506819,0.007747265285651788,-0.014367043498984718,0.045333151301070546,-0.027318466956016606,-0.02595163647810462,0.01648949256628522,0.05207274359421029,0.04176903265174558,-0.05474809392330634,0.0006480637257310594,0.005889508196618254,0.020200448831138498,-0.0016852676790442573
FOXP1,0.036103503052411785,0.04320646701474887,0.009700879977018515,0.004081044995363958,0.01806157769170014,0.011149508413905449,-0.01930499900215013,0.0013789682576359212,0.042605485596939434,-0.007014829187331482,-0.04013216254676826,-0.008641337344558103,-0.015217815518456771,-0.010864618571082762,-0.0011767122989586117,0.02655343415861603
DOCK5,0.016152314438063094,-0.03944763463604698,0.02073054363103914,0.007348030896081216,0.04083553786503188,0.03524179822466503,0.01190030103145418,-0.005573472383736197,0.05743685702884108,0.013660494673869143,-0.058243195489181734,-0.024656263316343095,0.0350643244229477,-0.030046904096361328,-0.03172182308775255,-0.015235996989445373
PTPRJ,0.046235596082602755,-0.037099039523957614,0.006490181833093949,0.012753218268492739,0.018881510796078162,-0.000795246739710936,0.00836506232046847,0.003496514874472053,0.0169576639439847,0.02105434742138432,-0.04924011468224079,0.014390449062052984,0.022270649694616944,-0.027113504706623034,-0.006962862171983607,-0.019248798932487363
ATP6AP1,0.019755606146871888,-0.054674799807732134,0.012061584012726006,0.0038236648098981143,0.05331293747968651,0.014497577078386985,0.035986723494510785,0.007870051367460086,0.009597869451224686,0.01830985934809309,-0.013823569523871749,-0.006695764438726718,-0.0004190200497399578,-0.005529396738543999,-0.016053809460519708,-0.0048613945132688135
TINAGL1,0.03566401305670598,0.010572521278372035,0.01519368796612909,0.007823007365951321,-0.05854234428903987,0.03235851185707386,0.006749936095302519,0.020642905889657052,-0.030328412919072845,0.01764270638253062,0.024553163307560542,-0.03367184733976422,0.02454874750726746,0.03687856529838306,0.013681317531334534,-0.008262696718204749
ATP8B4,0.03916437935307423,-0.026043733689653462,0.025203928098330736,-0.011263316365764865,0.016970044417028405,-0.023960977473554346,-0.04021399715912768,-0.01336927991192318,-0.0341533996594486,-0.0047488535726944395,-0.008259591407583904,-0.010468073852370162,-0.012354182698864902,0.024652143437891957,-0.008120962894903303,0.009458843063749573
ATP1B1,0.011305837965542527,-0.02543494793084325,0.003856495361501247,0.021194342073062793,0.022688022486851166,0.003509542613143556,-0.01960647566964252,-0.008380877621140266,-0.0002800058989299026,0.0029629352861815987,-0.01164909237024015,-0.03079490619090742,0.02287246227630499,0.028491379572528966,-0.012597174097810786,-0.06646214573677474
CYP2J2,0.006306302498840565,0.0315333008649313,0.022823362432699935,0.02039279908287172,-0.013841952243069945,-0.04522773304657085,-0.004548156940524376,-0.016590019803777042,0.04287709961305512,-0.0031080978692136912,0.02616235698949118,-0.0011862885307931353,-0.020043655083115317,0.013120099201098667,-0.0031304898220624808,-0.013596120640145516
CPM,0.04158011044040941,0.007606262298647901,-0.016395601558597414,0.03823670820311371,-0.005592336373377815,0.0007750107775161795,-0.0008809930855857738,0.0017435207531558972,-0.020771628534575197,0.007407001268373809,-0.026012639796177205,0.018602506074142666,-0.0028287428845852813,0.005415148681435904,-0.01561059790593592,-0.04974777743760916
SPSB1,0.034361743891026884,0.03568587710595023,0.011706699915591267,0.0019783779332171094,0.030687442865282664,-0.006405600299729362,-0.006262235009258906,0.009318522035633957,0.018700185142727865,0.05082001851212522,-0.04501734636384093,-0.0276036273586954,0.007325570330072568,-0.004598783808086943,0.02351393197335382,0.01429400228592044
TXLNB,0.031269651104905455,-0.023512919130288433,0.008844905774120938,0.008507327605978277,-0.007962943305322316,-0.005497168969965296,-0.008045408319740856,-0.005841870966911463,0.036393942867187556,0.009325650117199604,-0.023342872079592118,0.026081268251817783,0.067766648315778,0.05869433017854708,0.05032277793858479,0.03524306993112573
MMP1,0.010300956862108046,-0.029940566602546327,0.013845917510427951,0.002969269502115602,0.05014643724397017,0.047195716886738744,-0.013272656983220197,0.01443170292711242,0.056937584167818425,-0.002087574239786144,0.044536138689287436,-0.02685944121427768,0.027341815228731886,-0.00691594929620491,0.01795741457000225,0.034526979104231095
CAP2,0.008765622463928193,0.03572703423282684,0.016914059778124872,0.026501432782055457,-0.027913535518227867,-0.020818827853999345,-0.0172538336787397,-0.010542970670806144,0.022160346482609578,0.0006028732450040599,-0.037464582363683975,-0.04716682302171877,0.020636904897527147,0.030066403283747996,0.08186621176180621,0.006618972874822443
PER2,0.004785609165243206,0.026533299861865933,0.051259420323483094,-0.005914052125551804,-0.0020967022608946026,-0.005516965836502685,-0.015804412681261537,-0.018668274491715885,0.01039711065841362,0.007370564785349653,-0.0025664232857113903,-0.045274539441174,-0.00487166316702739,-0.0023175341312561717,-0.0006448508572921424,-0.015499178821334324
MAOB,-0.0030921064251486687,-0.0180193133898691,0.0337209860483867,-0.015300956270654949,-0.033476443409877085,0.0020541399777253286,-0.01868291673711369,-0.037036512017231675,0.02717901384900679,0.005420422117322965,0.04186046779928982,0.005916046736596256,0.020703286864053823,0.006468017895696803,-0.0037989487355704747,0.003951879959466368
NBL1,0.014396677392344041,0.008167390198522459,0.01951994662580865,-0.031864799582357,0.0337698342949038,-0.019205965811806017,0.007146964831466586,0.013679040925657178,-0.0363342303698889,0.04969667806666324,-0.02514756730482865,-0.004752706393733823,-0.03843056688166697,0.026019966631898785,-0.009475881322658157,-0.021813392061453926
FAP,0.007178235697156963,0.036715249630357154,0.02156070429452104,-0.010845236885891464,0.05803150612881281,-0.010348221125519521,0.007582188509738024,0.031940535917839394,-0.033265334617814044,-0.005970574954900974,-0.019434544229520685,0.02129749552198867,-0.020160671846424182,0.03568882736734586,0.004774169284914202,0.00587810356905635
TMEM97,-0.03694483992895882,-0.012245641521706265,0.016512263313144506,0.026114006156967046,0.011135982319407062,0.014308484068599482,0.014285642174002026,-0.00874470400603575,-0.047506524037232524,-0.004625658277062088,0.0004786285826810408,0.010297734900877938,0.05346038084052867,-0.012778051938915031,0.01721846431203793,0.00618948844505598
DPF1,-0.02544578502339056,0.02083931649453395,0.008168265013124213,0.041573697818632016,0.0051351789521124035,-0.05235075800331819,0.005687511999762465,0.019944517932580605,0.0017683561732987846,0.029818122041068065,0.004528440806458081,0.04284811564538043,0.005323530700814205,0.011552685412183962,-0.04561117221338276,-0.023792041728577205
SFMBT2,0.03498402856449403,-0.0104729977061153,0.044707648056217714,0.016077339715995304,-0.040496121405759006,-0.027104284576354328,-0.008575191322533496,0.0035040035881349985,0.014917171683837304,-0.013070991732277031,-0.024609765144376475,-0.02078726903203775,-0.005012969942408139,-0.03205535526019012,-0.001080562424620941,-0.004807358353413111
RASL11A,0.02587176941532151,0.023548977086314746,0.008279076185225515,0.007245383692501785,-0.010877305172192559,0.013242017326604651,-0.008886899421858486,-0.006083512640257378,0.03653855030755354,0.018150547709348513,0.01295075020113455,-0.02175309835833885,-0.001623570377982671,0.03131499875341443,0.012407478978589633,0.01541234859553761
MYCT1,0.04135797211561911,0.00015612282353059058,0.02557450587127609,-0.0039329902086074,-0.04673034648574426,0.05006430441704882,-0.0004596254822084051,0.056898269855396845,-0.03888088801350751,0.008586084810583487,-0.027245299119235327,0.00582035942779309,0.015465050055936408,0.02157385906530445,-0.03941027849690815,0.01849715042126273
KCNF1,-0.005584539336691317,-0.0015238411245082706,0.021647589843318136,0.02654285627693703,-0.03216835116740954,0.02374373017815065,0.020860553747495646,0.022586318823372534,0.020320330180515954,0.028619192147556316,0.014658896510683642,-0.054885267517762015,-0.03662847745599513,-0.008883424221071157,0.000572985389520228,0.01238089046259588
TRAM1L1,-0.012312167446490567,-0.014108822363000994,0.01797706040355028,-0.0012789915272158796,0.018033236803640065,-0.028434115742286294,-0.029354999967767317,-0.02797821122395925,0.019790919915187898,-0.023746155412839136,0.047408625909397345,-0.03854521878196371,-0.02587543475701897,0.028708200860168835,-0.018745286747174933,-0.025724411579755514
PLK2,0.01629101992142113,0.011649093881734202,0.026190999863507727,0.033564333942687305,-0.028579991787546676,0.02951911689455456,-0.016302549447145667,0.03138026564659788,-0.00027840490584476844,-0.034465073292915795,0.07217355104937373,-0.016093969585145827,-0.00021009325798320919,0.0008146631628224927,-0.009379659429681771,-0.008929113080973185
NRN1,-0.01819135893676375,0.017090489108232562,0.016866566355938813,0.026113633061810238,0.014581619101204889,0.007437318863499615,0.03351316394329945,-0.028994462513657813,0.0369849199122667,0.011270217902324818,0.01523413490234289,0.02508874653518866,-0.01829093607254186,-0.02331012426440975,0.015575915901905858,0.04194799779952111
DNMT3B,-0.03583938110067231,-0.0016786586919000225,0.01572164182717694,0.0603327472480066,-0.0008819535904681722,0.0012890117506178236,-0.004821505431904648,0.025061965676771474,0.00622207145716607,-0.018577011966738062,0.00461897795654208,0.03602707709965579,0.033447324436626125,-0.004490999670968481,0.0010867816653255492,-0.011744318277219223
EFEMP2,0.007136912586420225,0.02565794877745429,0.026831180847454058,-0.014586575117298318,0.01190034153982861,0.0031778645713877287,0.04187025730072078,-0.03331893036109137,-0.024740588459560113,0.006822700525533966,-0.016936754697170604,-0.01352443175912628,-0.024538221071764225,0.009478923531089624,-0.031493291328531736,0.02190499189303995
RCSD1,0.044564712554067326,-0.01529256110408161,0.018896822474133407,0.032663514086587866,-0.0374397288942194,-0.020252151405305726,-0.004429631096416282,0.045097335525612556,-0.02578140062348818,-0.03851681047031306,-0.007853745844415942,0.0014396196348664715,-0.009945613509181743,-0.0077656443314865365,0.01573550487260266,0.023369227198918277
LRP8,-0.0151077297147023,-0.02038657737430998,-0.00136629450567062,0.017794428647170887,0.026874757691935876,-0.009153849595434188,-0.06497383232476847,-0.011544784171802283,0.003989398968320051,0.05114205178992492,-0.009099726277022923,-0.0019774389516333604,0.03455625998657723,-0.034763982578483635,-0.01566975531369694,-0.028302668939643075
P4HA2,-0.015173689792971852,-0.005972321104626148,0.011087464568009603,0.013199915799179656,0.03527015350421833,0.04332886801166494,0.01845674046255819,-0.04292209267156471,-0.04862482301442914,0.029367633187589795,0.003601690268527212,0.002882381613527392,0.00018540373124442764,-0.006172315610403256,0.04414020111376285,-0.04081227011896542
ANK2,-0.020336999874376524,0.01170330219154314,0.039213569251407676,0.0023498638072086686,-0.012057145635875953,0.002460690473762373,-0.03628715396163208,-0.04654863332405037,0.037665579283498216,-0.0006367200714978948,0.015676851651079005,0.024738262638022597,-0.010466633869902533,0.008553066169532211,-0.009852499062192842,-0.02244115287369771
WFDC1,-0.008318326892659053,0.005721379747012172,0.020272983097113995,-0.005720378766320904,-0.03154850964003576,0.014558112564031007,0.06541779528720051,-0.006711729523325048,-0.0424006096785097,0.018134072302836618,0.010525994352341535,0.02530981779150846,-0.010881251491297908,0.0037846168529874595,0.034425781513794475,0.022746546316435166
SCRN2,0.0018881689946841167,-0.009521236934756743,0.010078580770994544,-0.01870533254570781,-0.007757208189023427,-0.027697126687148577,-0.027217950816327375,-0.039516232865770946,0.028644699792116958,0.022917392621889722,0.03555857126520376,0.01224115152827146,0.004667592834911486,-0.00832113883030028,-0.06870067069838606,0.012743444928218575
HMGB3,-0.021428565061659268,0.01237104031298532,0.0027243180354750754,0.06718546707801012,-0.007698172586461682,0.005668405124701674,0.015649998411635245,0.007361260864118631,0.008118761491262255,-0.0024453802144045883,-0.010844844498418806,0.05570683132028884,-0.0002971091338014554,-0.0038159417620812043,-0.008941412654742537,0.03633000718047035
EMX2,0.0024788903972165497,0.049025616179201426,-0.0007313119815969471,0.020568666021530325,-0.0051654045948441646,-0.0005814341215114541,0.034500504591395295,0.01148310236224402,0.023482367481690337,0.018512373003418507,-0.01040881501739566,0.031779103898911906,-0.014417407876377202,-0.009228788863392609,-0.004790474249363098,-0.05608267043537442
CD6,0.04312218012993754,-0.012825561058437119,0.00016221557506296627,0.03727018046712672,-0.01688599759458115,-0.04165809483014144,0.008950443935738744,0.0014453861481569172,-0.01083436677094388,-0.0039675788033284795,-0.015381031387564397,-0.01854528008893722,-0.026508159529828185,-0.020694223418106526,0.021456031066283923,0.027350961269366158
DENND2A,0.015223795482961348,0.015317895072371496,0.020701327830189454,-0.012242410300521315,-0.03064033019132955,0.030362824625653328,-0.032272548553131636,-0.03317304419280806,-0.02641467471154186,0.004495916794707757,0.004209032751585387,-0.01755671829984979,-0.04360691473974064,0.012638231034126242,-0.0446725652225461,-0.006415114349781656
RECK,0.007082702305150077,0.036048464248646904,0.05071549817633415,0.0051277185766609445,0.015016940317517297,-0.024271535546214973,-0.03923450529916882,-0.004151243745500853,-0.021900934025422033,-0.035468221968612525,-0.011642550551268739,-0.010080280614689434,-0.027223311803755132,-0.00831491326538612,0.004340397083666332,-0.005210856132494475
ABCC1,-0.011558066329874848,-0.012524098432032825,0.020822089363072227,0.029498638714464655,0.010586148170266138,-0.03214463271075867,-0.01800499523008208,0.006060519889196769,-0.043250246598608155,0.027665235482484736,-0.04786876551601447,0.01744201436161801,0.0020228078868947466,-0.05667637162098609,0.04902111631272066,-0.06833710652547846
BCL3,0.04242681923294176,0.015458980490519188,-0.009667415480884256,0.02778047855239287,0.020030612994822252,0.022250912691677647,-0.0008277355599789881,0.005300883933297043,-0.0026367790987555616,0.03958961694903454,0.027895800825682784,-0.05296125569671496,0.02733057230191674,0.014249667755335156,0.03280420999793974,-0.01183452903853923
CD109,0.015096428789098365,0.019156719276159355,0.017809462920801645,-0.01249532605496175,0.06866904160131267,0.03071530986689427,0.005569286788638487,-0.04322241548552048,0.013496230187187463,0.0389436305304597,-0.016991739652809285,0.0466744927984515,-0.008398909396314696,-0.014731237389337636,-0.038394410782089466,0.01810633197168216
SDF2L1,0.009812893616846702,-0.03389462250672331,-0.01433500732114129,0.016069862138677997,0.001960981288382924,-0.009802695613270677,0.028068986096810935,0.014853888554603054,-0.01820127089896892,0.05704894362895692,0.01885548800700961,0.0005098789808388603,-0.03500408111901029,0.05723771216813334,-0.012656667600438876,0.03544022741974561
INSR,-0.004928834492874724,-0.0017049192505337164,0.03984648881473421,0.0067571878525369295,-0.02964417459454607,-0.0060998999266559,0.01000562888915818,0.06520694932219838,0.015381485297108605,0.01809409612187868,-0.024632915255305164,0.059703939901556015,0.002315200148013587,-0.024724126604335733,-0.008182456055501152,0.03669506862195774
MYO5C,-0.009045725255365157,0.012982624962968224,0.01203321608189421,0.029622398931851663,-0.02522490801393184,-0.002876016656082161,-0.017280699768177362,-0.02970220024003447,-0.00865398224688424,0.01871658951067496,-0.048010945074866876,0.0063638590139315915,-0.006237748673114577,-0.05239522078591303,0.0021628305696657713,0.004813637225776473
SLC9A5,-0.026284390402230018,3.2943509292577254e-06,0.024024687636587858,0.008232321251245088,-0.002288934345947776,-0.01615646813466281,0.02877220777400095,0.010907535928894652,-0.014925244402202165,0.03571811110562745,0.0055531424841569164,0.00791940480429584,0.0018628183262404587,0.018873284278299894,-0.02386494974524254,-0.014465729340462455
ATF5,-0.012653209833626585,0.008347997601518824,0.017282521913584124,0.024205663780594962,0.003429174261791398,-0.051120326917940065,0.016669172166153868,0.036284091861160155,-0.013605261608607479,0.045730898219986243,-0.016155008001708226,0.012863048066116756,-0.03105692267660938,0.04399656627833956,0.025322010375669647,0.002981362363507708
NEO1,-0.03008947518482477,-0.007510715305899375,0.050192941536157824,0.011939146508226228,0.010036108592460895,-0.026651427146438523,-0.004984876319598593,-0.028356254106296205,-0.0023638167137812983,-0.02762279705704518,0.025813648776928506,0.02873337439419498,0.010692744943529592,-0.023526136537260323,-0.00017138018467278537,-0.0010405734847342227
BDKRB2,0.03721559162879828,0.02952838139076782,0.020745977388422276,0.009661413554372457,0.029861611732744462,0.025398844498855835,-0.010107653995894054,0.013907779619029198,0.0016966760362088695,0.020179492001637673,-0.03245016201323536,0.00026020515926279165,0.016616273380635628,0.007690055116811489,-0.008106296375573103,0.009892186441548097
HOXC8,-0.011022890439807637,0.01207441322188277,0.016673172438723773,-0.014473473132408501,0.013911871997926342,-0.04073869310670643,-0.008030901000918626,0.0001529481226911593,0.025785881046773707,0.016443853620864556,-0.002302945974300915,-0.02791791565881931,0.01906435809478975,-0.013081405608964855,-0.03568582258322632,-0.0182907620238029
ATP10A,0.01768754916686366,0.020245700987878718,0.013259764735839456,-0.02029875890718695,0.021461420630071025,-0.027351849984100323,-0.022233749022069052,0.00020518004888594316,0.014074521643904611,0.057744452059707504,-0.032185235325986425,0.07966642631750673,-0.023006868854512568,-0.0313826470580009,-0.006349265528463516,0.03166240557807114
TRIM9,-0.002362157184946004,-0.0010151065494414823,0.03148371546899549,0.010262801520467716,0.05591822225708258,-0.02846717201618061,-0.03751525537474894,0.048181243662681936,0.026369891595973728,0.007524426012687206,0.0016791316529320387,-0.01804801622621735,0.01914667403891337,-0.002700286239162923,0.031998188181658865,0.018407787609222893
GJC1,0.0003589258218947692,0.02933510461969053,0.028732453605348797,0.05131916584163962,0.005608574545928231,0.03204619562570281,0.024523898408394123,0.011717605110222329,-0.007537790353787939,-0.003736409896575106,-0.012314143643171009,0.026336903039012167,0.03101332685781045,-0.02585267985335564,-0.001234780622331134,0.05095295324232431
SSBP2,0.006054070760604928,0.014364532875093195,0.011532371033103301,0.02726756431197209,-0.012484721305595569,-0.016971315467424083,-0.0180619367152227,-0.010030306256589558,0.015584106131204586,-0.0008646777252628024,-0.04055887013710971,-0.05099407298717945,-0.0028808453948786002,0.04694177574092377,0.0186084437550085,0.0470561751835392
DEPDC1,-0.03934170113446532,-0.0020719259083025465,-0.0013134475891070632,0.07289122493584939,0.019820354301535434,0.03194036057722692,-0.04096734002593502,-0.013823208035773173,-0.02781161393302396,-0.005036609590318462,0.004310709037186035,-0.01350612420594479,0.009122203836886982,0.007683592412228723,-0.002816694761560686,0.01138286033791127
KCNN3,0.003418751912819811,0.0031822193561722263,0.059771002824694615,-0.013994549769192484,-0.01930359426577704,-0.012377036656495952,-0.02168896719363028,0.031359011720881,0.014867380083855967,-0.007109365786651176,-0.03144356046118038,0.035363505396279006,0.0007867163718180597,-0.0002976095327875683,0.04220743873705454,-0.0078879222726316
LAG3,0.02349830154832031,-0.0002491871056112126,-0.008518614974065114,0.033583161735636566,-0.020590317701917677,-0.033260476693293746,0.05124183365521073,-0.0043983538268681805,-0.0004646162421804191,0.005848719546372538,-0.00962580409961709,-0.015981611200267115,-0.05466043225478072,-0.022763550402369125,-0.016105405393845643,0.04336654451991724
SPAG5,-0.03847139243209112,-0.004090536770839639,-0.014195866613490846,0.07105182477615334,0.019387596069613475,0.015686485015200317,-0.02261742113129106,-0.0036832472575366757,-0.024997244742601045,0.013537250149909887,-0.006909275093090599,0.015374970985057402,0.03362708842380591,-0.016816742929216432,-0.006949935324428673,-0.01172121424118269
KITLG,0.024745070668203525,0.017674552367547162,0.04043205118992653,0.023161698985548602,0.001704128304314166,0.03528917234553593,-0.04915669609568813,0.0252840524014408,-0.025518680874482717,-0.029940933856637,-0.0019249496723057957,0.008103391920412342,0.02483256622007073,0.01647467439387359,0.006280309518496415,0.009237158006532426
PHKA2,-0.010387372239790376,-0.006567764784677841,0.039725303998496185,0.008757231279709368,0.024508146533441612,-0.05540660878550873,-0.018542302582982124,0.020127396190928338,-0.005524174918638783,-0.004891744271661144,-0.001760701292161701,-0.008662113675692834,0.018309173335924304,0.004682360384116342,0.0004628928841171787,0.0067758398835808704
NPTXR,-0.00994584634196935,-0.0031147584002550344,0.031331954719892995,0.008550051932470165,0.020617580982005244,-0.031071468875970405,0.021797634154015266,0.012636628261610309,0.020000788464555455,-0.015900080224480643,-0.03458552750706134,0.005959952635189927,-0.020957142214073073,-0.05861424128025768,-0.031414595739021924,-0.015539391345905844
TLR8,0.057177982309635514,-0.009199519891900487,-0.014876088738568308,0.03513013374630722,-0.008905593390016365,-0.025704843234693953,0.012480800356447604,-0.03584695089473976,-0.019617452643036683,-0.009371518340697483,0.004021124540460214,0.02509032149666593,-0.01144107242554738,-0.007522120341486464,0.011574693476182072,-0.010491837116890751
E2F1,-0.038201894332659955,-0.011130013710916936,-0.016937654158672277,0.057873730948590774,-0.00010454691796521432,0.01512062657144524,0.00151185841074912,0.013769796352797087,-0.008915270192440575,0.041971186825696984,0.011909294147367612,0.03870606599044336,-0.008030754520115629,0.012324827086545025,-0.029814429742327616,0.023643065071548387
APBB1IP,0.04702171752770672,-0.017412710951680496,-0.006119623941623496,0.010417847408270708,0.02362094149350406,0.007660487953584152,-0.009206293293077551,-0.006221882236425426,-0.021665630659954964,0.004059937274044769,0.005271100240911918,0.020460807946800642,-0.007189384366552872,0.007885926535514754,-0.010670961986004621,-0.057020996607800065
UHRF1,-0.02765732585931832,0.0008633367139211931,0.007964338067108194,0.07442942127075185,0.03396133424507888,0.012955888365726531,-0.021965861050120238,0.013809978108373614,-0.026848076393867958,0.013077200752943314,-0.015088025223424366,-0.010892265493961984,0.023572931218901562,-0.002270921720466886,0.010476915445935132,0.03133217241460309
VIT,-0.02047847011541695,-0.014883344478214242,0.033326278099333945,-0.032559323309208466,-0.02780041345040385,0.00443716562952493,0.025496870344685823,-0.03415157253461852,-0.017123713488020956,0.013915388893102135,-0.00674292847115771,0.03906628873666153,-0.014733773087216382,-0.020268061506583772,0.023968084782391246,-0.0052949284097916615
CYP27B1,0.0011134079769866702,0.027042363044334137,0.00313542459904611,0.018219082334007927,-0.014959038613630663,0.03267121123916092,0.03145444537231993,-0.025306910744504488,0.00019397324677822812,0.01811228759472621,-0.020764119554889153,-0.012675622468896194,-0.0518737531823716,-0.005583506781312371,-0.014838024866618392,-0.02899808696845613
MMP16,-0.0238002987636017,-0.02937370819491464,0.0456783656255136,0.002842212829506128,0.012727822525742035,0.02285854677326706,0.004858721435598617,-0.022835520458752947,-0.030680232946627098,-0.0252140649987649,0.01582544320277258,0.020802370035094553,-0.021412510284577413,0.01293393998002209,-0.022581098839274415,-0.02760998188533438
CDC42EP3,-0.008338934397113596,-0.03800421670364775,0.0237397198747163,-0.014890771150687473,-0.007036840142906625,-0.0027190340727215206,-0.00555171947133482,-0.03863271142028505,-0.0028696723136960815,0.004105842659336656,-0.03656996835390225,-0.019034537875141998,-0.015022079373005079,-0.00871880982909938,0.02470781302219135,0.06059946751801808
EVC,0.0016923018606186601,0.04265054351970671,0.02821107632875657,0.005274848906260506,0.03619398721281604,-0.005685992190181504,0.004791210019710782,-0.015491205601881435,-0.021133973500163432,-0.015015144770343786,-0.04586161388391408,0.022321079956220662,-0.01724303518665124,-0.014666489539976756,-0.011062229850101255,-0.007699568087029327
ABCA8,0.0301266390365152,0.038749726241052794,0.03158350489522335,-0.004563109081825323,-0.029174428839122125,-0.02467163839220945,-0.011298010725937934,-0.023129672927981904,0.007566816251908856,0.008806210048204916,-0.0036386048732948016,-0.010024628066669707,0.06117729994921574,0.0010767422893326246,0.001146150136599103,-0.029877721893743554
TRIP13,-0.03068324003937317,-0.006063013432636084,-0.009750108220735534,0.06000265075104971,0.02211901779443287,0.026466512902069222,-0.01572742561671241,0.018169428399508705,-0.04075424230947612,0.005598390124690331,-0.005100158225742165,-0.03156818498051433,0.021793351768175914,0.02483610949344848,-0.009833189069562221,-0.0065659891683977735
MYL1,0.01173617456379081,0.0035763441532121343,0.002399726849661729,0.004667175088180594,-0.03022085044217851,0.0016874189202621078,-0.002505163113751001,-0.014815070390431131,0.026460130748611567,0.016274557280200448,0.024419959278052284,0.013438245791388078,0.06678020261450518,0.0889496535475824,0.06339854365997356,0.0190569914390502
P2RY1,-0.01304693078139935,-0.03819966698825003,0.036805453945045315,0.01239314070021168,-0.0008056421124232813,0.004451083845177259,0.009765792084142817,0.0196405520704572,-0.02720617767107404,-0.04406908343698388,-0.013184903836764593,-0.01450538917763981,0.028646814030980124,0.030467307176638193,0.013772977975523598,-0.07077431615981866
LRRC8C,0.03504940147780846,0.014895756472747391,0.00671354248582874,0.03743917783903583,-0.015006329459698799,-0.0033207336041177317,-0.052592073112403256,0.010843696626178454,0.007245502919540016,0.04659796403345631,-0.03735147601428771,0.010520137627000214,-0.0034126172821814576,-0.03560544610430682,-0.026870278532235566,0.015398219616174665
E2F8,-0.03133017976111648,-0.012331079598103752,0.0041029081988551135,0.06924846783820135,0.003702820150437039,0.018403813850260377,-0.022351452360466997,0.004604001873654291,-0.028398427616593558,0.020091798798327665,-0.020156121768950687,0.05364872984926911,0.02734919325340321,-0.018838882978075778,-0.004856674947565778,0.013984695804018985
GRIA3,-0.0032901777554695333,0.012099439198568325,0.025971399229140345,0.015416882133971911,-0.024708642402209047,0.005602156400043438,0.02212599023286582,-0.014399786362015034,0.037519385125676194,-0.034980813020591285,0.03375108513709291,0.05507761998473096,0.002456551786276743,0.047275623843901216,0.008027557921475654,-0.04239671449677391
PDLIM5,0.008944073333689358,-0.0009208579831957699,0.017406111022553412,-0.025355536021047734,0.017120979463546876,0.009948090990460179,-0.04602231585394054,-0.02761341143373932,-0.014521445776415606,0.015335950359892464,-0.053340400546614056,0.01527816570569479,0.01261667560022686,0.0291466647609067,-0.014194603747147323,0.016956966497000382
NGFR,-0.00027135644574897326,-0.0016655574567707048,0.04817650954996147,0.009668541929417957,-0.04939958924673291,-0.00813696109153389,0.03077630987145766,0.02636710124922909,0.02014745152838497,-0.005891650933197706,0.04400604192994533,0.015752316643911614,0.010358906528637515,-0.011271949664335834,-0.011766023800895215,-0.012239188152863371
PTPN6,0.060868854552338314,-0.027435010877176244,-0.015605718609530705,0.022673124446203792,-0.010473234820482038,-0.028687425318447507,0.01747701592889475,-0.017182949090006075,0.00038567978131623035,-0.0038298590062901664,-0.00872175624580698,0.023369566988403385,0.006767650938568651,-0.005518800060638261,-0.005477272155005093,-0.02338954624217924
SP100,0.035513188731716085,-0.016545323620405016,0.013735872340835797,0.00015366434566201764,0.01027498622520317,-0.04121742942511299,-0.05331626491259588,-0.02234064499559462,-0.04886843115299948,0.015435672479109163,0.03421034316314063,-0.03864665321538463,0.014515424895355473,-0.027511343656476603,-0.010965660049595611,0.023313339132534493
BRCA1,-0.03321145481598566,-0.001181894809136148,0.005460545215414892,0.0646466143537373,0.03037551667038659,0.01593285937470408,-0.05956616572481496,-0.0035043433450269593,-0.03253253522837341,-0.011183623321974832,-0.004290766910565494,-0.018149859667466746,0.021589421185382672,-0.025785001924393668,-0.0014766495791565092,-0.007051258575362413
TAGAP,0.05562318398571387,-0.014530702284344083,-0.00565945366805097,0.023830224386810744,-0.0015265449954747117,-0.03571413794399736,-0.00017870160472569126,-0.01833456960297864,-0.006139668575780665,0.00947896335405109,-0.0015649642971179555,0.005913046349379734,0.025904057659197746,-0.001394873531307161,0.013882238133794838,0.004817524252634873
ST6GAL1,0.0414392483736755,0.014123646129426822,0.011208070424688577,0.02214465422276749,-0.03450861002363771,-0.0118663507219661,-0.006518117120806909,-0.0038556549429335407,0.0007618228832582171,-0.02368161878811091,0.016324903056324447,0.024783251136568502,0.0041236567815549465,-0.0560334461386093,6.196790548045582e-05,-0.050900709466204994
YIF1B,0.021823091543959453,-0.01193164991093359,-0.017921078511437948,-0.003104700081259003,0.016466541742184725,-0.011207359240956623,0.03716572877135422,0.0072526873106685,-0.023764663024112946,0.05944772782239961,0.008643660210229885,-0.036300076044712484,0.04185149188731377,0.04057223486039072,-0.04990463244782924,0.03749045165620701
GAP43,0.010901453567004681,0.02817272977502196,-0.0013763914182709234,0.016030106489022602,-0.002433134232510868,0.0008437240864550668,-0.013299158015587457,-0.026878819110184707,0.006897227792908628,0.028539070611355515,0.0018923116109676296,-0.020127083528721328,-0.0013264846427808391,0.026699974872587375,-0.0027788762164036238,-0.019971299270157315
PROCR,0.03898898964667785,0.014428802238468479,0.013473039383454895,0.007113169346808931,-0.005726071461891344,0.04543023465982554,0.010644586039812727,0.04080778473217271,-0.006268421607822931,0.05052681796052324,-0.024818208578012927,-0.006877001495894292,-0.010970988853163124,0.019795462663261543,-0.014763727883565763,0.010657059847395036
PLCE1,-0.00016412760782071175,0.025263985345484904,0.03305939711641998,-0.015598610688641256,-0.021016625333794094,0.00737111877976774,-0.05408115705647575,-0.045075937452106335,0.023001734996550213,0.032218931637565354,-0.03804366823040683,0.04291011810753023,-0.008888446642491742,0.019739094829607826,-0.041669559680876433,-0.01853969841550213
KIF15,-0.03202311123266599,0.003850822769470594,0.003529572175555386,0.07827663443342588,0.02010175812500289,0.035337817673013396,-0.03045809518279138,-0.010775486471659546,-0.026873019329993714,-0.000457079879943801,-0.005457122407927777,-7.613180641304236e-05,0.012736760539924352,-0.012346572382706738,-0.008452579791957422,0.027235861433903514
DTX1,0.007647869453810508,-0.006160413190479218,0.022682280657529596,0.0413894116800567,0.005345254731990002,0.025870753213602955,0.021027863152819664,0.054022130022039296,0.052603052474867754,0.02156197205880303,0.017767264636025105,0.01005577141697684,-0.00719170086865976,-0.027468681364870302,0.04611568711886107,0.0038290757773246243
PDLIM3,0.029279925903795433,0.03607594985945214,0.012988410273235848,0.005533178986799187,-0.01682081995754816,0.010668019023477747,-0.0016147721916991897,0.0006539014975635786,0.03294594617916188,0.013077713147789796,-0.006416699904267253,0.0036113500590349012,0.010369319729287292,0.059686036280102064,0.07320212631502179,0.004084672663826257
TMEM117,-0.004911350111011429,-0.0012563634065175066,0.020568468230840863,0.013532670162520246,-0.027252634100639914,0.014734825029243018,-0.010044413221909975,-0.08019527245353067,0.03354408231771259,0.0026321725397807708,-0.017730965690756065,-0.007370077012080062,-0.05930457740110419,0.013803839608109967,-0.002356191814326691,0.032042499229737544
TMEM26,0.029211191315133223,0.005585508333588891,0.020030563223628953,0.033983669756804405,0.020228224634586102,0.04478951044716914,0.00019017506983389081,-0.005586175669603377,0.006246078369331968,-0.026217547057782762,0.020763176909495987,-0.015113021121268007,0.04854288956189615,-0.005626130912669437,-0.009277883305389574,0.015038325554970672
HSPH1,-0.013580463636607944,-0.00821020148094559,0.01099575581355328,0.05872759132188281,0.01135210270877702,0.017768277822339258,-0.015382339717430473,0.025824981061254484,0.029177940687793048,0.032759944067214185,-0.011052632680202092,-0.025345735618782735,-0.032323531361606754,0.02671705197598554,0.027559999181876522,-0.04456847509894632
ST6GALNAC3,-0.01454120303508724,-0.012903040690847441,0.02662604134248083,0.04967337999201107,-0.012778956086393907,0.007971065633338898,0.0221626461373408,0.021241609919828073,0.010237071956211066,-0.043989020741016766,0.015133251418662045,0.010209704389550704,-0.023852116384482126,0.034942976060393385,0.01962274774394433,-0.023474127920282237
GAMT,0.007894032854686579,-0.01959864065139737,0.005158699947867867,-0.014234077366770468,-0.018684956470055466,-0.03204927357833287,0.02366318463816401,-0.029632714621884885,0.011110119505463839,0.0672615290326037,-0.019203035004432708,-0.049161568565392735,0.04588075251620364,0.0016894160419098723,0.022218955827482137,0.0068170965043359046
WNK4,-0.03044860309519833,-0.007055512345223617,0.039271991784368646,0.015258684687804003,-0.02543009656294591,-0.019498019261306385,0.013498937567312073,-0.0033405276166784785,0.030906461870943515,-0.014334904656392818,-0.01455391207719901,-0.033791319248253834,-0.01489190828110304,-0.0033774467490725697,0.021517221191007442,0.007588714496776328
LRRC8E,-0.011512139111447623,-0.005021610587459596,0.017951729567730654,0.0011177639549309146,0.02453901435896237,0.029738094797405978,0.01621481033250379,-0.07585159861592923,-0.011230442862257425,0.050356631070280204,-0.009648671457747723,0.03199038676753367,-0.025073892687754,-0.033330937552293195,-0.04834973401136218,-0.015527227916509682
ANLN,-0.02164548442023656,-0.000518029117108115,0.004039855204493654,0.05913841112294243,0.046420423954845066,0.02122709681633921,-0.07494861966585933,-0.018661079938170476,-0.01178144646531639,-0.008918102092618677,0.02904043082322498,0.02747680213361213,0.005884569760931699,0.014664303101301377,-0.021876364209847822,0.010103789519314873
PTPRS,-0.03778967624798241,-0.013414030602778557,0.05116321884332513,0.006191484970032897,-0.00022445816059042168,-0.022748913693824112,0.014041869085582893,-0.017871094574304816,-0.016175553818279856,0.005157667585869682,0.0036833721925552607,0.04439082095822764,6.28448641039705e-06,-0.04327443285726266,0.00871384498501385,0.002844486210978124
CTNND2,-0.02116773782882504,0.003110876300796207,0.026087033672124796,0.03278898910549176,-0.0129537382545624,-0.020361027427667894,0.023590880424580817,-0.01842026278334967,0.03276913818420067,-0.0009300092820676731,0.020256332876376144,-0.0016596561318953451,0.010542241057770376,-0.0011026811203736012,-0.01471688571532913,-0.013613955524059996
GRK5,0.04339499405205724,0.0311004352975285,0.021154365436643716,0.01944176720825804,-0.03558539389404951,0.013332393611903146,-0.01179553757235253,0.036733994344723866,0.010950446649363796,0.033611888959534916,0.01053870059734736,0.028365283640231647,-0.013535366105748809,-0.02068853122087609,-0.02216789205747447,0.0006460671581021349
STAC2,-0.008363117154932919,-0.016655339476930035,0.03471011582234041,-0.005824502596482067,-0.0015276231448462527,-0.006865296425513718,-0.00563660114808485,0.023800618091667898,0.007461890186596213,0.0017924467522161588,0.054870846371326595,-0.005195592582584098,0.08097775307082142,0.007070263219797493,0.023169416220951533,-0.020396048296119105
CCR1,0.03954114054477111,-0.05553953192772167,0.0059740587287602336,0.006562071049642484,0.0457728614281549,0.0365440470111976,0.032095870552053,-0.010331763322688469,0.01857963795355779,-0.01967710488319651,-0.013076077782861115,-0.01594747815535775,0.006345453568724914,0.001291753491321079,-0.003929369982726383,-0.02467055191181196
PARP9,0.038171530639982215,-0.021775419355141823,0.015179176106352124,0.003493034922665947,0.011586584596526107,-0.05359272987532829,-0.030552424905756964,-0.01064335699168744,-0.04264846427724518,0.025974488915772788,0.013380951545358937,0.04892829450716216,0.016315576290521026,-0.004319892992940052,-0.02673397653527035,0.020352677156672012
CMTM4,-0.018005780693119942,0.01250521583162673,0.042980439154769956,-0.00014299988364001618,0.04277634652483323,-0.021068591309600287,-0.02447794392462675,-0.009534086316762402,-0.004584544908729981,0.002762864422200411,-0.03079818038220504,-0.004611325247944701,-0.0030178901521465294,-0.0001281736319735994,-0.01532686197265938,0.014066362771551065
NEDD9,0.014996164366034771,0.004931102739594487,0.038539549213975746,-0.019026960243397336,0.01635129859309791,-0.040948833709093496,-0.040889838545138585,-0.004004973662556628,-0.019944905779984964,-0.004135126506536888,-0.01602587992359989,0.000548242627463778,-0.02676769360367779,0.023103483536159368,-0.017766340826556093,0.0017204855468364794
FCER1G,0.056892621319502595,-0.019719090764912163,-0.023467966269351725,0.022199120617185566,0.0052205806006235915,-0.01687217471347479,0.028024105763378063,-0.02660016775890446,-0.022124760509561844,-0.015268355181645807,0.0014388234120176566,0.011052147058263531,-0.013341526110086262,0.006741317000063344,0.007804482731431291,-0.017957968221046307
NR4A1,-9.907234985527167e-05,0.02923538662321289,0.0030551208530707544,0.023964199433214792,-0.019302535158337585,0.013126981697274782,-0.02094482977026548,0.020930079771796013,0.007631874716336947,0.10749328700542587,0.011611464833978343,0.009335705877268346,0.011417522785357213,0.03134671983583027,-0.008837532376662913,-0.0035592775616231642
FOXM1,-0.03677732949110206,-0.008060606897067689,0.0061108674865259045,0.07007742735466095,0.030495645239670216,0.01431859838107247,-0.016397038835924912,0.01983830308107729,-0.028528501745699777,0.020226869675462635,-0.01851174274764327,0.005479551477173699,-0.000762396142302107,-0.016118208070910897,0.0010696086468915409,0.020931117339338976
WNT3,-0.01937376921910787,-0.005553616504734592,0.03538200548440201,0.004982645835540662,0.015392058325521903,-0.03720608908216773,0.0065393195540914655,-0.006235381268852416,0.016242223947759895,0.006323332946088982,0.024996647167464726,0.0137878601737882,-0.002912504680455691,0.00922073687998769,-0.05301402000687976,-0.05332488782107083
CD36,0.009522040746290948,-0.02531082743462764,0.016528896013471184,0.010475057838489092,-0.023889078538146577,0.05576894278592065,0.015499205286935023,-0.07512681621787717,-0.03321463464150861,-0.016381634116175964,0.010612267965827055,0.0110545231908029,0.03302145778848829,0.0065628596619040636,-0.021040109506422933,-0.03236756220271634
FRMD6,0.0021951664588744867,-0.019645317115104775,0.05068708486921549,-0.001901244122766758,0.051644994358666575,0.011552098642062816,-0.03214828760754641,0.005634644104291745,-0.010511789253761436,0.00685442706340208,0.014984373803709995,0.04929604167224477,0.0016500391958414167,-0.0015809263245084946,0.00045281438742292984,-0.014776194030304208
ADAMTS3,-0.022692340477026597,-0.008266733662094197,0.022880795208298735,0.016112382293497044,0.01911763727117506,-0.015942686053827922,-0.035502967423709585,-0.027872500352093967,0.01731444282107175,-0.019704180329136237,0.02114100197142088,-0.023315926948293413,-0.01159414400641027,-0.01124089010890845,-0.013502013246179482,0.008431772536552166
TWIST1,-0.028170184417723343,0.01491851445347971,0.01344731600031244,0.02437040381098678,0.05513046199309158,-0.025635584455073506,0.02626608742159871,0.029654738206414424,-0.024820992219234676,0.015947436584439555,0.04203862761978142,-0.01999359961235039,0.008519703286139726,0.04723062257152181,-0.021379663097752688,0.0035523486746378407
TNFSF13,0.04627263599531256,0.0007624235675120962,-0.004687415008658874,0.032551618307630724,-0.015596402764556878,-0.013171153608306325,0.006532293764404279,-0.05404482054764459,-0.009714457000811963,-0.0214892585664647,0.043107667377942326,0.009958647050782456,-0.003649714143000883,0.00994942181881327,0.02125625501365535,0.00016396696049964963
EPB41,0.013560784907346522,0.0018554658253424664,0.011109084780928431,0.056952110464956525,-0.022448228814815816,0.0033190660316526135,-0.0440129560111885,-0.04028659705375318,0.010664575136952332,-0.03284922301377131,-0.013989344129455319,-0.016686014655296344,0.04864110010808806,-0.0314154429663357,0.002918664020553481,-0.013148057419223185
DCK,-0.017745559166664066,-0.008616259522894687,-0.005380154963524068,0.06121933271760699,0.024478584766939263,0.0055645460312102706,-0.03652096816993658,0.01490822840578561,-0.03591794291119449,0.028622593763520852,-0.02692870085520804,0.03533676372672381,-0.012401411552665137,0.025201619292411475,-0.027513232418211082,0.035593623327470215
NAGLU,0.018587278846834556,-0.031663427343507855,0.0197372186199867,-0.022052106272828664,0.05602828411682105,0.010743528485410929,0.017510152777223315,-0.0008940170095978438,-0.009842825808572342,0.0004168577115263622,0.008530857939725248,-0.0255530297686982,0.0449578504246793,-0.012627385743503935,-0.021629860577472647,-0.003698115456187422
JAZF1,0.015301557912162995,0.018698184231113375,0.034024610649384925,-0.012555337850467457,0.023464242233776574,-0.008595576373287665,-0.06740004441152671,-0.025136238998151088,-0.016482199580742173,-0.045160722606810894,0.020972186109309076,-0.040832567849228486,0.005795984795512167,0.015790727607609488,0.009795158187332596,-0.012494638499332644
RAMP1,0.006832889723432516,0.009414791873852163,0.012497662228389626,-0.012110657337711158,-0.060134060048883116,0.021131192410204204,0.028279751374206075,-0.02738279259930413,-0.014204633682273244,0.022348715846067527,-0.03227504878954286,-0.03780012580912004,0.02515989671926507,0.04326909192580786,0.025109576289331748,0.012074231493744068
ADCY3,-0.020016552209317633,0.02125891568356918,0.03326941733406558,0.023535265687142114,0.040636263123049646,-0.0027168283204839208,0.013304048588752334,0.0077320759402361595,-0.037304012264348145,0.015896278907835786,-0.004676772253175053,-0.019129475769262244,-0.01568664611580236,-0.003015596716345113,-0.02054145062069284,-0.04363777509701406
CYP39A1,-0.012000955571855553,-0.04079203857606287,0.03216532969451975,0.009317897343077941,0.004288302393790746,-0.024440296906975193,0.007137180522943122,0.02223095279113943,-6.543535863763795e-05,-0.016839011891092687,0.0027093653511224324,0.0009778874581412847,-0.009744761478131784,0.04231128165030418,-0.004075011511397911,0.006355458850758525
RUNX2,-0.025135685241722966,-0.03936496589574122,0.044783188403029785,0.01174929734544726,0.021177276734430022,0.0017528218993250891,-0.019235745005040827,0.006196415377306958,-0.006662755194053932,-0.029744238474222723,0.008886994804607484,0.01419253513493516,0.007346819989656424,-0.015364231401694156,-0.0008436834913600503,0.014511294201106379
ARHGEF6,0.001963733024437253,-0.026594551793488776,0.03739127893416431,-0.010047395523498289,0.01088959168733222,-0.039900295270056625,-0.027976964099765175,-0.013775717109090707,-0.057594496624382915,-0.022581163920570323,-0.03299813399425004,0.021246158417386536,-0.03917708548071204,0.019011978312885255,0.0069934591238246515,0.02903303673436925
POLQ,-0.034311440990045995,0.0017211101233261558,0.0019515375531497913,0.06962926260059847,-0.004672984123804756,0.018380229552303194,-0.030740048662466095,-0.005651598638626727,-0.010352795790053982,0.004307679244640166,-0.022844877928284494,0.03774520870302105,0.012382052886060188,-0.017441206079509605,-0.017684254982808588,-0.015494296633530967
HTRA3,0.0012100685291831926,-0.008353680551009338,0.026782148357243428,0.008166364819944278,0.0447358298032132,0.014623988726399518,0.049319717930474426,0.027967219867772643,-0.009737571994850472,-0.0004954857254792239,0.03375423280438224,0.03462818025976383,-0.0009090562880984705,-0.00018899965602237913,0.023633767153397406,-0.0027005005519520116
SLC9A2,-0.03372947741409333,-0.028816532935215907,0.038490763172936676,0.019245240633295076,-0.03140559582772298,-0.017257593856243224,0.010777910972598968,-0.01573709770031121,-0.013156170565802316,0.0004716999141550545,0.02228432649414162,0.016891430147671072,0.04918545785158056,-0.0021669342918278394,0.01450918826502803,-0.03724148214325111
SLC25A10,-0.03658138667494915,-0.031252033669735536,0.002647331879511929,0.029338055620203182,-0.005998208169909718,-0.017544616794424157,0.0345926601838386,-0.002757951558395613,0.014554938827219019,0.03374647387618348,0.03672822975799303,0.03892522404564338,0.04127955528004637,0.01074295170473394,0.005375757488109564,0.01912007585477344
FOXF1,-0.011331460694201477,0.012676513874123855,0.01817452737533375,0.04064700564653765,-0.014751468516071146,-0.017690961957854887,0.02575677835522237,0.008118674490694056,0.016519062427137972,0.018019921467891522,0.04660801176562493,-0.022095524134024144,-0.053418965290317894,-0.006991651474410096,-0.004177798349214912,-0.04040160552115581
PRRX1,0.012751402174033248,0.020563447169326333,0.0423247927938071,-0.026318344281038037,0.05984587986224531,-0.018454617324790937,-0.03370081776994628,0.0013633274428376681,-0.04361309984802292,0.025108916046841324,-0.00644635703146133,-0.007435205251238957,0.014825054822582678,0.0031975183980422553,-0.01596142164290505,-0.021918430765538975
HOXB3,-0.009790789389334312,-0.01411000916284686,0.02989234876279204,0.021875092958876068,-0.03417081543037456,-0.0037002545577931225,-0.0033319389533163117,-0.02374779326224526,0.017239248448720875,0.009986988454180131,-0.003095508147823419,-0.021335540583052752,-0.020734081274778125,0.016291837287868136,-0.03398617406540918,0.00026615989014849503
ARG2,0.013302901094579229,0.01963844798564025,-0.005012705201911615,0.052789579956899764,0.022996110632429394,0.01944044346337864,-0.0154396689754409,0.034913341792007134,0.018624874929946477,0.050346703888083745,0.014550715631544815,0.020862359392525343,0.032390540101429374,0.015236621410236073,-0.01116622750855312,0.00406674764529628
POLE2,-0.02795414581298497,-0.004677211493986882,-0.010577741755294329,0.06977951227457838,0.006813434906549319,0.027163029585552324,-0.0016881580006623848,0.0195839702052234,-0.020849114554019575,0.0028809259425268702,-0.012064246818275774,0.051016204859955214,0.01378706355163175,0.029695468699337507,-0.03601264167285643,0.01718140576894883
EPHB1,0.01861527206729702,-0.0002887806288232231,0.041202284202652005,0.01499021120014904,-0.03408494132642608,0.037353713228479274,-0.005646952190699651,0.06335371390670876,0.007986934812798573,-0.026515748563067106,0.01505556198646394,0.04193871167557804,-0.021544713558734073,-0.03158490755414227,-0.006908062762197123,0.019032520298084134
STK38L,0.02440237103789274,0.03447403725382317,0.014992669239069565,0.016490801420570134,0.010394596662287803,0.03062906622197045,-0.05216029193656586,-0.038376433190163074,0.030838910884984246,0.018595066030144356,0.020204918859292317,-0.000902903777434249,-0.04825398499815781,-0.019810818748180404,0.0031472348468941074,0.03970898052928084
IL7R,0.04071190214079083,-0.024283920822166037,-0.015311956423998945,0.022700916330325446,0.004462108537523362,-0.0006969109927260995,-0.009576023331162992,-0.039269121785757276,-0.03556847663264059,0.009128937718690493,0.032942091128330124,0.029929326671482185,-0.008664689538279343,-0.011796909424276324,-0.010341070861105918,-0.016804462818815
TLE2,-0.012766487135484138,-0.006124530490479007,0.035871777421343315,-0.00037679490570303455,-0.01158616208239481,-0.05610951686439967,0.02841218015209647,0.017090282626247618,0.042132330458751484,0.03018071730855551,-0.021207366523066096,-0.04179075649843371,-0.00794332613613208,0.013487432039635077,-0.02723166118860968,0.0048006153538536385
RAPH1,-0.007476190601800103,-0.026063389944115365,0.05331292207230971,-0.012630816614448103,0.02633755550685807,0.008190607590758929,-0.03474991055425498,-0.00029836590595581653,-0.01674966715841724,0.02924241894689091,-0.024374320074266112,-0.003188176918875484,0.040704546642668205,-0.018249299687198774,0.023922364030485716,0.006344909995286422
KERA,0.011749508442669577,0.021426321853626102,0.013600901437841852,-0.012131834855196661,0.004781585789955252,-0.013646998385831013,-0.01231753015892958,-0.04658032324713641,-0.027858015579777896,0.0019798487676679906,0.008224854385731695,0.0058910449036723815,0.005026278416059946,0.0444089357057606,-0.06073260509852823,-0.043438720609777104
EDN1,0.03878527852631701,0.027945905180108893,0.004617161142151562,0.010780408724883318,-0.026610935419308916,0.011586199889188964,-0.0010732821978551577,-0.012407396981843401,0.0022747614209164945,0.013113559951167711,0.02558069023244008,0.030131763679723148,0.018130839364488192,0.0011346199632642998,0.015292862970213664,-0.013581615488491499
NAP1L5,-0.011495768354693871,0.005418504273132166,0.007155678354047928,0.028252016735243822,0.006684637984894042,-0.010229899034097193,0.0026498377619744245,0.0008596790765071716,-0.0029333799670574912,0.0014943773262253018,-0.021001983653136047,-0.014854825649655203,0.04392290312944918,0.02978753475148685,-0.034304397562392626,0.0020745884189152853
FST,0.013283426921731685,0.001503022167321226,0.031329446447201266,-0.02356127715515419,0.016426436835799307,-0.05962305313373277,-0.027904245525324,0.0014782042933966962,0.001888300608372092,0.01208420551645448,0.0029459774521351685,-0.03227222788111102,0.004113601017081275,0.011652537908840896,-0.007850875728796836,0.026061351937811304
TBC1D9,0.027175341732737293,-0.040392611298551956,0.02461011379940039,0.015925186013416675,0.024513800658099584,0.04227246398847626,-0.010142145265039225,-0.05315125738133315,0.029400647712775792,-0.040104428773401576,0.025468731102264254,-0.040517876838152646,0.015872980849645866,-0.03499871344425514,-0.02181832375396512,0.017570729873600376
PDGFRB,0.027282294448617836,0.009611545083709126,0.04869262697615234,-0.0011855661376418032,0.03144957119965188,0.008969957031540396,-0.022631472180808573,0.052780975965875575,-0.019467971694681778,-0.025068787075645103,0.0042275562653405225,-0.02123140713583259,-0.009523047650610706,-0.010233685661948315,0.03764518335193992,-0.011129616394332086
EGR2,0.025373641688890933,-0.00802828922135696,0.004043655059799355,0.02014791471770779,-0.014823315318392432,-0.015639477345937767,-0.03781862720725537,-0.007801358753737722,0.05666882615498342,0.04014276635728979,0.043504815679870946,0.013104936386078186,-0.046388379225130325,-0.005374379954772417,0.03488433642557508,0.00582363196389761
GALNT6,0.024631286280649933,-0.04583689210019681,0.0015013829247340956,0.011485623610526338,0.021987231384338255,0.04464483152920866,0.028314574061308377,-0.013658096998087758,0.056483951292150135,0.013798711638557877,-0.004340707156105468,0.01662682158014237,-0.011853430879603308,-0.03225116445721433,-0.038877670508902694,-0.0001498406341601089
PDE2A,0.03153614439594215,-0.0007044636040627586,0.040380326408194035,-0.016659568413983836,-0.03280036513867152,0.027616999444174995,0.00038456020628300103,0.03401565721812698,-0.03098436748574467,0.01585966386401782,-0.02684803259463861,0.009915400406960342,0.03905757367870409,-0.011353538183433447,0.02388345476992683,-0.006997589997491323
YES1,-0.015884715822739395,0.015909679204402435,0.018537783526459097,0.05665398334571339,-0.003301490857342823,0.06503072897786977,-0.02295628196647605,-0.009668235703151397,-0.01771904156738584,-0.0283273741783246,0.007170939991505412,-0.01916426434344158,-0.01030594311380226,0.0004284341674364702,0.026001698156530806,-0.013019688958140973
SEMA4D,0.01964005425178994,-0.05744605449208534,0.011310216868370311,0.011868344751850439,0.021852181878745984,0.02271460685283789,0.02995742668533012,-0.025593817313257817,0.015791265814713767,0.010284497833530519,-0.03740659122607225,-0.04460321500192867,0.040412498101322414,-0.028703808125768428,-0.027793497168416278,0.012996159663983164
PON2,-0.010861654713601862,-0.021377535690340628,0.009227259083736393,0.04825826695642592,0.012302795735990451,0.02681969053957254,-0.005020355291847119,0.00969238616080685,-0.022918545744490273,-0.03501437802966671,-0.007834476051562768,-0.025123568834108295,-0.00994497594759201,0.05399343844348104,-0.0005558059950599679,-0.01745218996071206
UNC13D,0.04782318247265743,-0.03404747801771352,-0.003327131236610392,0.029970744021453846,0.016386903378278292,-0.010438928261477983,0.019957328844406878,-0.007580606486179742,0.03384269848953719,0.0044519107281014905,-0.004149390949979185,-0.02142223208243494,0.02286204514248096,-0.029051142131347157,0.022227530405763425,-0.005236798445712443
KIF23,-0.032265834562159985,-0.002084405377386557,-0.00732633072487474,0.07505969536659178,0.02194475747516854,0.026923326748302202,-0.03425855641156714,-0.002923470307622385,-0.026529557602036416,0.0050225027838287015,0.0006483837335560603,0.017646542453451833,0.01975249651327801,-0.015103414348089319,-4.149436976492093e-05,0.044127419516303376
EBI3,0.04428944293536764,-0.03349525949222143,-0.014574379868376355,0.027511145917757027,-0.016668251439009515,-0.028916667724160853,0.03408113493978981,-0.012830576073099455,-0.004763930334796459,-0.008328699634784918,0.010620705914130266,-0.007975177301798156,0.004331137004455704,-0.006816861026280797,-0.023297165085884967,0.011404076769949867
RAB42,0.02709092869480238,0.010525688486566126,-0.003425523564504475,0.024076148539431054,0.0042787125561140615,-0.015289638056418527,0.0019841347415144564,-0.0421093803323255,-0.02425980561415189,-0.018033619326367125,0.028398038611991097,0.024740355539561602,0.027656497902648486,-0.014634487793164234,-0.009571131216467018,-0.01815825433695068
PCBD1,0.017790810237954424,-0.04845909970483188,-0.009542534571855246,-0.008196064608287004,-0.014025084331375025,-0.03777574872810499,0.008853468602297854,0.007630502801287082,0.04732745355212689,0.04601282154727877,-0.023244328676624133,0.03657711110561823,0.025239484103180252,0.028619632191470745,0.007359055505717619,-0.028248450391363932
MAGI2,-0.013026927059280928,-0.004908384393653695,0.028864693152475657,-0.004955664573059538,-0.005020001071347576,0.029130803755282694,-0.021599174967072126,-0.039909290653048025,0.02158298019510613,-0.04238376709187597,0.0031108790453713217,0.02437842378782593,-0.034664879491803434,0.007055504989610533,-0.0008785001898062444,0.059849924587606705
CBX2,-0.02962281190293992,-0.007208857814889645,0.030382585169813972,0.05608687418061951,-0.013337198181086415,-0.023834903052131234,-0.013434801948094122,0.005434706905167513,0.0033809934402626186,-0.010756456040327225,-0.02088398658305224,-0.040669419919775546,0.02671551281720891,-0.016456758823394785,-0.030773594075069813,-0.011167743397515549
SRGAP3,0.016111380114698638,-0.02756032630018356,0.04381950237075327,-0.0041153993780652,0.04670006990172807,-0.03487012546756329,0.006114920280234853,-0.0012234094241306264,0.026401988545694487,-0.04457730428951493,0.01101852843516488,0.009135075167932554,0.0130846675374055,-0.009974202368624686,-0.005395460078401341,-0.02855919495163734
NOSTRIN,0.02899336446617105,-7.18493486562429e-06,0.03298560693243705,-0.005466048783515936,-0.05941404383614352,0.02439650554251365,-0.00490418819104604,0.011914482938353404,-0.03261841036735828,0.03155936899425843,-0.01932361480442682,0.013806209902195355,0.05086321715321905,0.013542149896295656,-0.04596838338108586,0.0025872389143961113
LIMK1,0.005048596697177394,-0.030617335155605947,0.01456918770901688,0.02274533454686637,0.05827353033049735,-0.027998800601429993,-0.016434997310848798,0.023007237736661114,0.019059520437893357,-0.012880815333689996,0.0026170831974127624,0.0027302641225088716,-0.019177990121668414,-0.007705580831849408,0.022755879212892377,-0.04064353887415572
IQGAP3,-0.022741500996489628,-0.004355373280972691,0.007017562356813762,0.05667806130852205,0.02346103804271632,-0.003195990266801666,-0.03600298717106286,0.019638233290701784,-0.004095375738206646,0.010950574166603317,-0.01797435899328472,0.08785928280660382,0.01629356316299051,-0.02047113758620174,-0.008782313296859669,0.01268400194498534
TFPI,0.038220113052054736,0.003762819453134838,0.01770643289086542,0.012293416461831514,-0.014593702331482519,0.0611435483648148,-0.012286271549548438,0.052243653512572076,-0.012305556062875107,-0.0049142266734799964,-0.040234756126202614,-0.0036798853113810186,-0.007561882621612672,0.0012517744925657753,-0.014918458228727489,-0.018910561037804988
GPRC5A,0.012866815098653617,0.026671801359456692,0.004776805109421689,0.0033052382230511048,-0.004398748145371862,0.02937987459404754,-0.03326309997360347,-0.061405359503512266,0.011265279376205039,0.07302248858099263,0.011848833044860181,-0.009733044193484006,0.02028259730153782,0.018921438524358496,-0.02282369743388341,-0.023779457254267486
MEOX1,0.02784464632215116,0.04285370399051816,-0.0011742246378992692,0.018591774814016936,-0.045224047619912645,0.016392546996313758,0.001917293996308511,0.007264356826186737,0.02155286795913159,0.0013066576534783315,0.003266307465947719,0.009257316363851189,0.06026325653026459,-0.004394834070915204,-0.0006325863461346625,0.00014471310204732045
FAM43A,0.011773074700255366,-0.017350882573003774,0.03864030524017335,-0.021125923368324893,-0.055636072885163146,0.022499059662357847,0.0031490693582632507,0.010639105730451317,-0.014976004296929003,0.03375624516432415,0.03568624886783252,0.009357413044899045,-0.008706491879961016,-0.017796384848385072,-0.020281755266571937,-0.04777533790011436
LRIG1,0.03278168210825015,0.03459010201115077,0.008744612705910614,0.026927909364989004,0.01621957151007085,0.0006478187546784158,-0.021432986008664855,0.02187545318281269,0.06007453117613161,0.00654980393926689,-0.04434135357672928,-0.02333852493953467,0.02588154555841355,-0.017737176053675804,0.01501844854826849,0.037992284962766076
MARCKS,0.003415466135339742,-0.003447390948537702,0.017756332018543326,0.03627102354488897,0.009347473853136938,0.0115239172751679,0.02823548143976538,-0.00027573478304894743,-0.04135952006228033,-0.03082429030181081,0.05413809196860929,-0.026552204829291593,-0.001214614817869459,0.03490846751495281,-0.0026159434109355173,0.0537589449106472
ADAMTS17,-0.00596944557559978,-0.00809401959251925,0.041494544590976026,-0.019853248405445896,-0.003916729019506074,-0.0018497845814389883,0.0010404002590044042,-0.010976597108877158,-0.02607520442204876,-0.03097639586431241,-0.017119634945695378,0.014146255612502306,0.019194038068632204,-0.008341457295696166,-0.022946077706684824,-0.01555955254582725
ITPR3,0.005616867358042933,0.003124214690936193,0.040048733283625244,-0.00776090265241542,0.04259137645303783,-0.02677136073787363,-0.050420956359418075,0.013458622603289762,0.011991122641244151,0.057283125897175526,-0.025368307547783707,-0.007174845792997684,0.0045236854279847825,-0.07050143342772844,0.01898035518544661,0.003025643815312257
STOX2,0.010480813112621976,0.009009364439074595,0.04965182659622893,-0.006665234850019228,-0.03670231986087302,-0.011160208494614765,-0.03402018123311074,-0.007847635422395464,0.0018654897152788428,0.0008104468246577228,-0.012784219703445135,-0.019749542349177855,0.04057147860923671,-0.01115077050643144,-0.05362473759561809,-0.029707554921341604
SLC35F2,-0.015495290975083151,0.02313425985400735,-0.007129194464693763,0.03435748650605557,0.015249251107530143,0.024477172431565834,-0.011646648228651996,-0.030381136114493792,-0.017492734827886144,0.04389163382049957,-0.030464857715208588,-0.005905733920531899,0.006089402731155618,-0.017007328162972506,-0.01952325064555828,0.007818417712681946
PTP4A3,0.018556698001789912,0.0188020976017678,0.023219092191917347,-0.0010469333164119584,-0.06261315202070368,0.025678105557800385,0.014525193414568411,0.034199151056316074,0.009165555788743148,0.027211063992478333,0.019858708492039398,-0.012915376926378055,0.03172191882002552,0.0347063637931103,-0.012926239782516162,-0.02992825314804588
CALD1,0.023930994773010777,0.04379677509414109,0.028026541411470412,-0.011306841835734764,0.03306251815630272,0.029991751243558684,-0.031233736869533006,-0.021746710843800785,-0.004287946019385234,-0.036260113172091414,0.047807510766651067,0.017600939072645386,-0.007226269763496346,0.014393152243492257,-0.010444017209815772,0.016457508777065134
CNTN4,-0.0067329943634126845,-0.0032544826956950592,0.033855329112064195,0.009537357472200848,-0.013566947666022528,0.007622187143079703,-0.004751390292337295,-0.04097011630109247,0.019673691149300634,0.00172919090235636,0.0295383769967743,0.008331763420655603,-0.023972865144314025,0.046819749097769134,-0.054005708741193606,-0.02008883890808262
FGD2,0.05180548335790316,-0.009179509429663458,-0.008446674794299214,0.027107773226073148,-0.040556016929127504,-0.03942188048007116,0.009964946675517665,-0.02559787006606347,-0.016553179469158567,-0.012971414429603492,0.02530304135994587,0.03440391721630559,-0.001249100148299946,-0.015650505207752838,-0.0074951663382487035,-0.009625621224318877
RASGRP3,0.039073020342016,-0.010564037936537103,0.034346122257255064,0.014886247372742332,-0.042963517698068485,0.05266544899668189,-0.020803078687862103,0.055342931491182815,-0.031022245980424655,-0.013228112271928109,-0.005474048501011576,-0.0065183119146447616,-0.013990729730992243,-0.004545125733375126,-0.017260358210564736,0.0324519523176591
EVI2A,0.0420301039906619,0.00551791167382131,-0.0125254104574213,0.005167175173393469,0.01617140559360081,0.051662401009083946,-0.0016790146948645916,-0.07400761133440828,-0.02411099453377436,-0.021552708547976963,0.031154449468887284,-0.0269328807454743,-0.023614132502854997,0.0029050615593791728,-0.013121999458612973,0.02646699865170148
MYOZ1,0.010438921062716443,-0.005984309551890741,0.01986762005638382,0.0015121028982152168,-0.03528563273161894,-0.014130573260656741,-0.011620464535736834,-0.004032496250149597,0.02381472606529704,0.02044299613664155,0.0009602786280142335,0.005836657029461885,0.0534649524238371,0.08153369928341511,0.04495405583939284,0.01370211259100423
PHKG1,0.016425344576264326,0.008434959216742335,0.021156202480282073,-0.029883004793734277,0.005926220385483328,-0.005596529605333254,-0.0017489945009332847,-0.019914827935326423,0.013636109210452248,0.023203624766657036,-0.003862898828210601,0.05372673922036657,0.05565938608978081,0.05409175981997357,0.051042328039106986,0.022225693591070034
PPIL1,-0.018507108284419968,-0.01708554939381815,0.0005649013747576616,0.03834659785002053,0.004924270353847997,0.00184487787472889,-0.028967380129015674,0.009965360283498892,0.001000727045227595,-0.034140309332643226,0.04042209397023113,-0.032086437199339124,0.009305772720360083,-0.002705697641118672,0.01711752901124938,0.02846360697282088
ITGB7,0.03066278780760632,-0.00363428786684796,-0.005080326394372798,0.043642886314535986,-0.02832909744821274,-0.049156489087233864,0.024183526775594325,-0.019463818979362977,0.00894211122424632,0.05230364243615193,0.025818995141135805,0.033319239095966575,-0.005025607514809642,-0.01889039848243929,-0.016527790651338903,0.047341882671574534
IER3,0.024577921850223762,0.0067490641353663535,-0.011738673850126738,0.013553134540025012,0.023274080011050722,0.017945984862890365,0.013027149636245145,0.033088290934221776,0.010670280334283997,0.0792603412113349,0.0223889373625552,-0.011395606752615946,-0.0330867871646698,0.06451973369639437,0.01931744317777178,0.014050630261738277
PTEN,0.026021137527107753,-0.0018513201722641856,0.02894877415932521,-0.0032240076039825425,-0.007353814409865054,0.005391536479755699,-0.04991264729359862,0.003292448188275992,0.01002805569539032,0.0024905867278577796,-0.06103317588249724,-0.01689557037744848,0.012804159089276814,0.002876304995881418,-0.022209127746799028,0.0018652049613757347
TPM1,0.012423577386859822,-0.007585513656110116,0.022504399116245615,-0.013294341557070478,0.03790900952729764,-0.0046650321280582744,-0.006554800531765744,0.004062317442663514,-0.010886987792315637,-0.017978250537779836,-0.001700890445661584,0.02442877320414271,0.02997396978103603,0.05746977627410192,0.029936125743065548,0.03127210987668683
CNTN1,-0.004654214712080469,0.019349593189942494,0.013149581872585383,0.028290861300531378,0.038333778012857526,-0.015594892198500762,0.03405325350569881,0.002169296055605086,0.0147306552336486,-0.03965754585899903,-0.002421177904296048,-1.4349346238187732e-05,0.01647976129010919,0.054136272803931074,0.03173440782671222,-0.007746274415172894
USP49,-0.018582378260681084,-0.018118253865700106,0.03521088259757713,0.014401300274536703,-0.017351824031417412,-0.02275530247177475,-0.044691743298330214,0.017929033739252313,0.04303561321474422,-0.039432858384120695,0.052780924399737306,0.01989857793563495,0.0008820930426602386,-0.003088214783939851,-0.0009819139450314568,0.027125580668737867
DEPDC1B,-0.018986356649069783,-0.01846851963788535,-0.01862004377969954,0.07813206752062284,-0.004352934477463805,0.018763047936463065,-0.03694563954922029,-0.0016086384892743076,-0.013256871051015945,0.02696950924672351,-0.00841343233797071,0.03367434299305745,0.023750232400783472,0.011726538102395472,-0.02294880044666721,0.022071692743255586
SDC3,-0.010491625440425196,0.01712505972260242,0.03537495706302013,0.005324778213176822,-0.006739414834825743,-0.03861415498449517,0.017270279432578937,-0.040740241331269245,-0.004332412718391794,-0.006853832123241206,-0.015648142476288568,0.010943303785092399,-0.003257414740319692,-0.03600541185580289,0.014912391243828912,0.012941628985493475
MYBL2,-0.031152665411874326,-0.015496906197158862,-0.018007412458880684,0.06614363564327945,0.0022084495656126838,0.025286252198567605,0.013159720639111005,-0.003983844032782756,-0.01057736157955095,0.014941635785828532,0.0488005927151732,0.05189764724914625,-0.004353637956125804,-0.007296536109741035,-0.004517846711125779,0.008508442267028262
DST,0.006354280754819783,-1.8414474148864286e-05,0.039226158602700636,-0.013560215986079895,0.027494710173445423,0.007245869852599458,-0.06874024747398803,-0.04400479235425291,-0.009573739696416221,0.012374967227636185,-0.04823275297483265,0.012054317845585404,0.0040070088184984,-0.021505168448430572,0.006392411025232475,0.007381959182683171
BLNK,0.0520322607955496,-0.016785396244348542,0.001006448328700371,0.02382013111651986,-0.00778383669958917,-0.028555677869486405,0.004760534089541737,-0.046763009354661156,-0.0023918670890494694,-0.03215120016301567,0.01820439091650137,0.021339170404255807,0.015615831901724317,-0.011884888325931178,0.004179100340375191,0.018726786622149248
SHC3,0.0126199650721951,-0.03526436949319736,0.03102005098573462,0.0007684165263076093,0.0605657743571766,0.04240235100298975,0.03879395769474688,0.0011863547079450313,0.036505969813837746,0.015741017772891237,0.01012714777090485,-0.004444945811164133,0.01225175039076603,0.009588144177973934,-0.008785316191764762,-2.868480685270505e-06
KLF9,0.016718579706817893,0.030718748606270645,0.016582548627266276,-0.02609065176056101,0.0022310632749322446,-0.003962669268777256,-0.035863297132565905,-0.0037176083919254234,0.0072809352753681715,0.030699235760899758,-0.023069284026109128,0.0177938474703703,0.01905011882137581,0.029174992638529875,-0.001360909021627645,-0.02847093223836869
CCDC69,0.03388626478452363,-0.006050927008657711,-0.0025710282437422646,0.0311037790317663,-0.050295151981099996,-0.017574936023294296,0.0025190410147505,-0.0039804118858271665,0.02140948045192372,-0.004807683163324597,0.002209915618906622,0.05031102533009918,-0.006525458373784945,-0.007466804818139545,0.02838694312853195,0.0008873481315205111
TPD52,0.006484539632598335,-0.029879674169897556,-0.0028027690543628533,0.03297714953655706,-0.0420437113953514,-0.0055336629036708525,-0.021133122719500907,-0.052601745389762485,0.030288819474923376,0.026841110527129466,0.018593044411623412,0.014179725832412341,0.02913481647361002,-0.009080016628473374,0.013716007112637903,0.00830808696444331
TMEM106A,0.03307858600966955,-0.026996071591175612,0.004932722250121684,0.024319764030840817,-0.013414720023932247,-0.016848496450187534,-0.0044177618878963685,-0.043621715300185326,-0.011150722155321865,-0.022474913995186394,0.030925406716541936,0.04363126981591593,0.03609248854743001,-0.04186407119335514,-0.018420220666197723,-0.010177257326161409
MICAL2,0.018651447874428347,0.017007753333692553,0.012877988624104273,-0.0015172077625561803,0.06120869490023425,0.02574210805127418,-0.01883674312958582,0.00474460994624561,-0.0009346674760116868,0.0005640030418620251,0.009209059777178081,0.051021094781904315,-0.010984360096101412,-0.024075365391283927,0.044598303512372796,0.06509875213198486
SAMD4A,0.0021189909989889556,0.03423528196921245,0.028814283056554365,-0.007592602317459728,-0.018824200113512053,0.0044324611431319424,-0.03541692019206144,-0.038700852320686596,-0.007261315765773565,0.02587340121614437,-0.025544386631625768,0.04240100272264439,-0.04592781285692486,0.017434249034855288,-0.012162221612884022,0.012227024272642013
SERINC5,0.0007848264151913719,0.015412155168633097,0.035403973208344056,0.010153837249744488,0.02747722593273911,0.02265506015980242,-0.02520661221028759,-0.025313046329234375,0.010735445405939525,-0.02104022907208153,0.018623114454163835,0.030133871911115946,0.015083517355102738,-0.049027594226435545,0.009394893326390178,-0.037364005541549644
CDH6,0.023819691975686754,0.021577471199743768,0.020470801430760466,0.01781799340942152,-0.02586076686131648,-0.0031646865521326576,-0.0026359424753158753,-0.01963710833803999,0.04920960859579662,0.004539436217421445,-0.009042443338429837,0.009370441321366864,-0.02844959185992262,0.008676478640320421,-0.03813389962946316,0.020531645129130752
NCF4,0.05419145220852892,-0.042905236882133095,-0.004422223949668132,0.0167403448972014,0.014051607063927649,-0.016005639614954003,0.03625877280112575,-0.014613632099028825,0.0014584817186172514,-0.027131534415146978,0.014789472794166928,-0.008401826025062946,0.009877058069907435,0.006049408352378512,0.002456040584787632,0.005601850440138178
SLC22A15,-0.005171821288214643,-0.018766383544897045,0.0057730451161673866,0.04058224267842431,0.014001631500435327,-0.01753421003174408,-0.04215388022811348,-0.01808434970878942,-0.024579196773503467,0.013429381872990288,0.00531798757727346,-0.0009919343378628053,-0.06601152751690027,-0.004872074166740182,0.029392602025649334,0.006526250394325819
ADAMTS6,0.01899064239702095,-0.01784628301104114,0.031252090998418074,-0.021226560072013678,0.0029309806692602663,0.009080326278893925,-0.032627155765281045,-0.031180671525872082,0.013788470461895465,0.019074948578440387,-0.03336889887250496,0.00777922251166422,-0.041819712130677394,0.016961036288348767,0.002388744187720361,0.051339211728100305
GMFG,0.047385032981320914,-0.026185048651519684,-0.006373587609226322,-0.0028956465243138696,-0.029074361587880106,0.012597248631518624,0.008664014778557058,-0.01956393443962358,-0.0002890163309009382,-0.017472963098495952,0.07879803063926133,0.015219784088263945,0.003461330903100368,0.013376563566578273,-0.0020455445911238407,0.04445267995944992
TMEM119,-0.02649910384528416,-0.016047383671399084,0.03821608339940345,-0.018810325083682793,0.00013113285803910304,0.009936632080252198,0.031796440197873116,-0.04126447175241568,-0.06865542189750473,0.005605584690039465,0.0093763224062501,-0.019403613397214796,0.001116771492977728,-0.011675055359056885,0.02294718271212621,0.02858818249957055
TNFRSF1B,0.05341751513097485,-0.00139185510623051,-0.006492196672930559,0.040925174079555565,-0.011776624928739217,-0.03520767271097447,0.023864069849609315,-0.009920735241840607,-0.0208848726885859,0.018459496674679707,0.006570321082251748,-0.03199087996659645,0.010735359896376851,-2.1615338238967002e-05,0.017165175504517502,-0.0006007075915287199
C1QTNF2,-0.0024276589819799727,0.0509897037310099,0.01241745729718637,-0.01274370069790352,0.0198465152054317,-0.003478246713577551,0.015549336153071039,-0.02912957717506663,-0.0004589280896163915,0.0285034995833918,0.04553442552129847,0.05630599812721711,0.015421626688938442,0.010215529951805,-0.03495796221329383,0.005732299573377241
SSPN,0.009493965951864245,0.03272452201066341,0.032731004698213106,-0.006598807157117638,0.03341898092575576,0.020819382748626356,-0.0011048828274516768,-0.02452688199474711,0.007149020895612632,-0.034335918161553305,0.01257326909392257,-0.04436748633201786,-0.018175972854350915,0.011539340020034074,0.021066063738484624,0.02205560825720945
CA13,0.029919496675967182,0.013646897051554939,0.008314254463082841,0.010802573238603798,-0.027461249609432303,0.018270764462588174,0.0005383249423581602,-0.04360896905993615,0.01592152493595876,0.046085854401728014,0.003382382134373341,0.04314992542020216,0.01305985185799696,0.004388742119593905,-0.016120915027578037,-0.035991849530479854
SPATA6,0.007753104105718738,-0.005079722914007354,0.043001959447119285,-0.008993534470916206,0.015371502797198892,-0.00818441035380003,-0.03177308248631354,0.02298987273042437,0.00041471589197645056,-0.00900187813320218,0.010627325409120524,0.012151879804624715,0.02440429461478179,0.025089925573882982,0.017599864704514988,-0.014996745901160846
RNASEL,0.03483229523190791,-0.022619719880066724,0.032501133735122416,-0.0034636456528227447,0.028154780603107946,-0.035765558311625215,-0.037168995021721,0.010708903706286032,-0.022799723428106936,0.027682389901062504,-0.0172876202043886,-0.01598682294367141,-0.013597795898379695,0.004832296254525938,-0.021997776116808948,-0.004736442211073353
MYH11,0.02591414333483924,0.02994030220486428,0.04232755214835095,-0.007224332196402708,-0.03553001506581979,-0.005745797157675831,-0.010719982860140335,-0.012073859991237775,-0.010608089240004559,0.02047850116304073,-0.025891833312374393,-0.008131052774676413,0.04725647953676989,0.021599924589775422,0.01899000279207948,0.019552376085653467
LHX2,-0.03534398462007739,0.010383920092881733,0.018852845352513647,0.03353218664814439,0.02150075179133351,-0.016421663401099202,0.010738133974921512,0.022854211025544312,-0.026880611028112365,0.0005396874690468782,0.00030666606802860763,-0.014910842278772304,-0.0019999741374576363,-0.010483745521643544,-0.004619145812119996,0.020926110687157738
ENTPD1,0.05152009383551689,0.00931240058459035,0.02348185483149096,0.005397317311322706,-0.041199915420295136,0.02689347635528078,-0.0032440351036664727,0.0333360503539247,-0.03678722822496419,-0.009224693365454586,-0.02826897782289528,0.018483198750338922,0.006294487589212883,0.0005350365625934068,-0.03018657835260455,0.0036188715973553866
RRM2,-0.019570778706704373,-0.0073302775988098885,-0.013187298903009764,0.07040460524380954,0.029512847225826276,0.04184916928784993,-0.015007248688721607,-0.006867601243080676,-0.03477490249180029,0.034489505923663934,-0.042306482431784004,0.011384453352926031,0.013267553151331464,0.012305112968291922,-0.023672522232598248,0.018759403558487472
SLA,0.0490618360029676,-0.021269960742570832,-0.007972129463271645,0.03825932768115175,-0.022215184270210846,-0.019191543269009386,-0.0009661523975261479,-0.0452402213388948,-0.02612907560142583,-0.008186304265365854,0.010202593056697334,0.006388032939450158,-0.027129801781410064,0.00044455282051005483,0.023785001136746878,0.012612000911980087
EHD3,0.018403059162631283,-0.03698191955486624,0.03280803358247999,-0.021279572256639828,0.014039078759472594,0.02050511811909511,-0.03530341843230708,-0.01694409453601281,0.004830113136632064,-0.0018016622462057128,0.018856605942909183,0.019236999896896985,0.012178779814703668,0.015767896992242077,0.0071431618980035754,0.011015011481925184
ARHGEF9,-0.003420271272832881,-0.007637031079384664,0.03817949434811808,-0.009010624786582964,0.025439240110194168,-0.04391007898652151,-0.0065133822078012014,0.02815221283081668,0.008974065932573235,0.012605744813418886,-0.0333931109206064,0.07254267114746273,-0.0020702638979294306,0.04283650236959103,-0.02455561115832531,5.945483944892169e-05
MAP1A,-0.00466804864594082,-0.006994837988408033,0.0407151176965567,-0.014763379404679595,0.03666299287533522,0.008264948331801431,-0.025934037338794905,-0.03416090751488172,-0.03211591680230711,0.011474657727538855,-0.004558347067486323,0.0152753431699266,0.00043563437246980875,-0.030869133116716598,0.039197751044597794,-0.007047197676084863
MMP28,0.027214776081214965,0.03290412245791923,0.02593326285515532,0.005064496070969021,-0.012656079985487522,0.027966404089247783,0.008018047370054524,0.04343579180902044,0.005767482172476019,-0.00940481569675829,0.054755439247677756,-0.023303113514426925,0.052655183962877064,-0.027312331580443584,0.007427214458909495,0.019872128067108582
PEX6,-0.015942707726965346,-0.02499394524869965,0.020851593465234585,0.027143139449242914,0.014890071028120476,-0.010393950603580223,-0.001725541688784988,0.03615480957921841,0.00698128273438214,-0.010046779627041431,0.04001448325779712,-0.06544605995673802,0.026102378256404372,0.003026634642008424,0.01455697523455756,0.041751313279809875
NR1H3,0.037441985264688234,-0.04206214498288219,-0.005527070898454895,0.021773641875508874,0.003646049798668561,-0.010022853583782573,0.03823124545496133,-0.002740642486575061,0.010419484242249488,0.016098587005991268,0.014768347441970335,-0.03211564302747818,0.034999207133017185,-0.011499467796948163,-0.017510730707151586,0.0310494145060184
TNFRSF25,0.0070376038423780995,0.00234309689550625,0.022094857257837164,0.009856593333014006,-0.017231524244080684,-0.05211475800776171,0.022725169624259522,0.009504685276895915,0.0002333049713144717,0.008695457286298754,0.016468381415783943,-0.042364518175561965,0.005912390752514036,0.0002738211501852783,-0.017524582287571186,0.03868982758329694
WNT10B,-0.03300973268757259,-0.015201194677811239,0.010276491258590164,0.013599824313391838,-0.01701590922385799,-0.00044773071067463375,0.04345385580805505,-0.03934063349673366,0.024142570177668063,0.027958290986629768,-0.0024547967129674025,0.0025264401872475,0.020577442019507418,0.016944964761279272,0.01684907721088508,0.05000224054865321
CREB5,0.015312932546947511,0.027249982669797907,0.02517236935546154,0.014148765042317091,0.01593699551212736,0.014043731170878176,-0.04382177828022677,-0.013148226820996136,0.029774017778234123,-0.013119894451295735,0.018378320231762554,-0.008816480956984812,-0.047023154931688925,0.033485798376534155,-0.010780433801118275,0.023169263869558084
ANTXR1,0.0037394070600711427,0.025745358586645107,0.04877260450863639,-0.011349328276100476,0.04410336017054966,-0.0005069833210655812,-0.03840600106665707,-0.01754409612665952,0.008529846676190101,-0.05073819059655104,0.02423959713909953,-0.0027382807227520553,-0.01482680303165546,-0.029342224097011968,-0.01341440101477931,0.018445475894620665
CSPG5,-0.01678212080313648,0.02153706405203104,-0.009404308450488024,0.033796909642620984,-0.037240694277227794,0.009152916693027912,0.011703449587364096,-0.02528208418264421,-0.0018558325713038271,0.04298869019812497,-0.0239614639198018,0.011636025649021012,-0.0073322441213807075,-0.03871064284835064,-0.027122572949986854,-0.03787918415566168
CD3G,0.03469986981702631,-0.010783398814990776,-0.004585545748830828,0.039201097532271245,-0.03436342376926098,-0.05071606823577563,0.009164908304712654,-0.00466998039466347,0.003919485868979316,-0.004525575044032959,0.00571863468845871,0.0065563298191565,-0.019152522969982592,-0.019137653343663186,0.013462210962994303,0.05434124598851633
APLP1,-0.024315759967498043,-0.014128198321198033,0.03315147151697132,0.005834893184069128,0.026196770052218196,-0.030497858922698188,0.017288011488463918,0.0013161558821664504,-0.01193298445442687,0.03608109990795568,0.025898931735768415,-0.03522703722135635,-0.012732105815593453,-0.0004269429186018539,-0.03614727756664061,-0.03709972740923925
FANCD2,-0.03051486608825945,-0.0040643112433721654,0.005327827358378841,0.08005185876518729,0.010527120661405698,0.03392341736750795,-0.022744751517215493,-0.015742164869270076,0.0007895347022205661,-0.014689530603630973,0.02159361270190847,0.010904036426338276,-0.0163952348225011,-0.00523982116583477,0.0029074337474363707,0.004087171702694463
ACACB,0.004674057223146576,-0.01139040943349997,0.031902026194648395,0.026966007127716157,-0.00674320719518856,-0.006030513395055732,0.0034922723964845703,-0.028867628253508137,0.0008360222761473399,0.005668468777305469,-0.02495897796948817,0.02007640690075605,0.04976468821394073,0.007556152827721396,0.009210395673934422,-0.012753199602552875
GALT,0.008281447752884455,0.027083741733379414,0.0016875999586084007,0.025437993823343014,-0.013569794568187264,-0.032637465582043834,0.02969130925286606,-0.023133776462733662,0.014003962973383554,0.018875033291122365,-0.017020880971810693,0.012517371273840906,-0.010319014174311495,0.004686747311677893,-0.025016100946890222,0.012640192823091903
ADAMTSL1,0.016598248486431502,0.035294154554882266,0.0213872106594174,0.013867111250596927,0.0019229027166864114,-0.017276862494522864,0.01640465646379943,-0.016807194307534162,0.0038707801457441007,-0.01612301228880943,-0.05071382319390438,0.011964160945740434,-0.05332895987881153,0.004397551134904351,-0.0005732091890519849,-0.004124245012297736
EPB41L3,0.001626678650306741,-0.017489164378775016,0.024031652530428677,0.026265202316401035,-0.028204409335029764,-0.04181108057150296,-0.0033108640998403133,-0.00800412758240851,0.0006349518196659312,-0.026035241249173835,-0.018134194602637238,-0.03729608843419963,-0.03492177891239757,-0.0017296850425699613,0.010312825979786219,-0.02651097183131397
MAP3K8,0.0415147295394162,0.0055875929036217405,-0.005677539873374456,0.01593312317061725,-0.007610849950201004,-0.0136540365445194,-0.03427521832474108,-0.010319154858050447,0.021104942652780984,0.026877472679742956,-0.013899458071177638,-0.0054989237384791044,0.004247280661079366,0.03477696696748103,0.026175639401033637,-0.006583207116153241
SIM2,-0.02520863158877162,0.03127390780375124,0.007904862000844008,0.045468981417572135,0.006666442755531848,-0.041688556264106356,0.01649184587739717,0.013591034439285148,0.029196823352726126,-0.02031044832403485,0.005345360945066955,-0.019215312595313783,-0.012846096678170774,-0.03276877580115047,0.02818078275246833,-0.015768907595485358
TAL1,0.005623448348964165,0.0030342657032850894,0.02891999958147512,0.016541759411897995,-0.02488983835350026,0.0014900655055853861,0.045184868483119395,0.03661972114201408,0.01781135316642661,0.021097725770678005,-0.024844016676946697,0.03725357382371372,-0.029580841677956857,-0.007122171314612222,-0.0423734354493555,0.044563603492532786
KL,0.003317274923086807,-0.02158139911036733,0.041549945386392645,0.0023939146026026458,0.0033259717670374705,-0.008639158994037855,-0.02283267065404941,0.007326162798245495,-0.0018045567011555422,0.01988699364953678,-0.01966539673816946,-0.02088578978828385,-0.05716656398334484,0.0006469097842322028,-0.012687579471130228,0.010405812593441583
LRRC2,0.0067076114300954285,-0.016037503962254854,0.032940511010206,-0.008004223027952291,0.014208794260627157,0.005594640268338406,0.015236413829686197,-0.01336074348453549,0.051427585689627374,0.016221460616983933,0.010912759847525093,-0.02863870841728637,0.11661755266001529,0.0313024963387642,0.023552366955274014,0.0013237128014237814
B4GALNT4,-0.027775181096517186,0.02178848063535922,0.01631169282373644,0.039480019804459095,-0.011288810776018525,-0.03666575858538304,0.02257789096614952,-0.015589811627988594,0.022206522085115615,0.0008741089998022247,0.008918744022004366,-0.024071588219502858,0.0019057991020317482,-0.02950006856060483,-0.010913645639372256,-0.015599627624311833
ARSJ,0.016186560521564718,0.03484846297505,0.003660333686287599,0.005589667678493552,0.0566002042176258,-0.006841620117596861,-0.020665035036876462,-0.0141294202009874,0.03128998248036269,0.01412609441426822,0.02631234565990226,0.02745989630644363,0.005516936421735279,-0.01930371722421834,-0.0047950841702746405,-0.015793109378334447
HOXA9,-0.019765481350095898,0.002408087611726979,0.009444871610932905,0.034142834228227066,0.010221894836807284,-0.02460236552072061,-0.005071298560918853,0.02157364677860664,0.004193739034930676,-0.01563629458589756,0.0047094551646044355,-0.0012505803257565635,0.02379623830326775,0.027226848781200037,-0.011837504974316699,0.04330299524669148
SH3RF2,0.009362825573509164,-0.008902048115522553,0.03199724504766467,-0.013634759108271591,0.01003302967159532,-0.021110933770929406,-0.02035232681131287,-0.005664718373936682,0.01315577566939271,0.009892557022702931,-0.009633628384320983,0.026074050259092384,0.05944080541680775,0.02076231278104953,0.038005550402651814,0.015371259273699547
TBXAS1,0.05668459503652874,-0.01688431823107741,-0.016236799255544554,0.020738160441248505,0.006849547082965633,-0.0019043371675945497,0.029219752514398175,-0.036765326266075156,-0.025113271082252395,-0.007241591672266412,-0.006770721034654138,0.004408824180181705,-0.04251857506443131,0.015682648793696505,-0.004756837045324307,-0.04321446478849792
TMOD4,0.025913684784500422,0.011579694774426521,0.019761457104302535,-0.002821362506873285,-0.040463678152628926,-0.011127141308357645,-0.006918306877737644,-0.02722477369063944,0.02279585502883856,0.019507739111885875,0.007307391302339426,0.031195393679457173,0.07338960312069992,0.05595368467949359,0.02632451011269199,0.01982617104989795
EFHC2,-0.004854229954861485,-0.005081529338275207,0.017034338454274007,0.01983333352605495,0.0038661928105813096,3.1626997998362646e-05,-0.01006323793817306,-0.011652448354611607,-0.024519346688656924,-0.018821646616687924,0.04979312359998661,-0.02172313545724757,0.0333018742049629,0.03249806963271058,0.006216631071305651,-0.0495139646496099
PARP12,0.04653034858016881,-0.029209312893021967,-0.0001800482767694376,0.0014036026987174245,0.0164004269299914,-0.04203690050273855,-0.023327219666433092,-0.005664380869792058,-0.0342976128203664,0.031881730107220944,-0.006421244719428325,0.0037475259474764495,0.006519691834579573,-0.0157611580372035,-0.02274502421542922,-0.0028324818037599054
PNMA2,-0.017257506028938423,0.004764188789551664,0.013249144555999518,0.03972424432001401,-0.003071629613254737,0.007263867398995331,0.011867799652645266,-0.020203485212511266,0.010912693140614368,0.02926013974307912,0.0024851283125603475,-0.009688628891801478,-0.045265537121650073,-0.027340624337149365,-0.03032738909980475,-0.05551706684777677
CHST2,0.008455183118599205,-0.003398450674145562,0.016347042951565208,0.04879495537736832,-0.03295065792188959,0.042262355398957924,0.010777328078219302,0.04450385325429958,0.026632061246525937,-0.0188774092435564,0.03551024484782757,0.012908785728296734,-0.03701476488803283,-0.020072161315546344,0.015413909264990724,0.004204857750899887
BAG3,-0.002147560299581622,0.0078191577589402,0.01937987935469762,0.0035316944910136205,0.002280593732666424,-0.020661240266367672,-0.03482351828268361,0.031670497903594545,-0.00020956027246987145,0.06753770516858483,-0.0483694695184356,-0.005344487022753674,-0.004568162467909946,0.05743793523844219,0.0612933199827498,-0.03270549589469703
GLT8D2,-0.00010827126585804918,0.007450167803280608,0.029258411056339327,-0.01433681164505967,0.05148290573459909,-0.026390665237423793,-0.007729869246242923,0.0015415921341546575,-0.00523876544553907,-0.025733389840061405,-0.01678775900854423,0.010246776055402978,-0.021782913409956632,0.033457391458789024,0.006820476937183342,-0.006021578633402245
CDH24,-0.02821855592749518,-0.014656862634869034,0.03730478821631307,0.016857021466542135,0.01601282128117082,-0.0441946763676727,-0.025453195683752892,0.023792379567571412,0.018329731333118694,-0.004573974395657419,0.031168434690104947,0.05424495601531192,0.00816184932666425,0.002917023236945677,-0.033408533774028006,0.014342536330271579
GPSM3,0.05401585599837202,-0.03685205316309887,-0.0034856022529062176,0.021194571414605696,-0.0073850022453734515,-0.01883586275448021,0.01898514759848008,0.00037427149874542356,-0.00690393361947435,0.00790730689008614,0.008438413841867462,0.011739950368541177,-0.012784446227739093,-0.005338568755529297,-0.00327599555905924,0.0041101681385463254
PRKCZ,0.0015447755396686238,0.02019429443683239,0.009279674315973877,0.01960031622721089,-0.012871365474255863,0.01904339710947457,0.0581213166335547,-0.00817216568368152,0.027358612458962622,0.039959806217788614,-0.05246602793732934,-0.030022718931895925,-0.010820534825462308,-0.028450282292600708,-0.021739899883428192,-0.0027719677791405396
IFT57,-0.011023709089791348,-0.021590741125246442,0.019969095816557876,0.005115392738504965,0.02767564082185662,-0.045549787561056626,-0.01630874549509394,0.025894354892505952,-0.008863573812811403,-0.0009434139832678614,-0.008908746813213495,-0.016854008794830566,-0.0042161650222900925,0.012066210130048815,0.06096358420382345,0.022257340364020294
MARCO,0.03094709547349977,0.005518174490274056,-0.029984084461440134,0.04372090987780001,0.00036337916052891703,-0.002086223339731648,-0.0001205014896607467,-0.01329314240611975,0.019229467167120363,0.015478625648209015,0.02949861283995335,0.03790571403461024,0.016862625692787445,0.04241645932907276,0.03333817558413987,-0.03561220668967152
USP13,-0.02149518925538239,-0.0034028398564823568,0.042315689769650104,0.020924081851176758,-0.0043735136382091954,0.007243653276776968,-0.05918560272216671,-0.01823185114048223,0.003309239527207016,0.0048100416287706945,-0.020969800559503784,0.01591852287444536,0.058521365811845576,0.004578040502106187,0.0438477761671121,-0.017222978924114687
SLC44A3,-0.010698342612155815,-0.03751855083558606,0.031337788267641734,-0.0029561791657093423,0.023575038093977083,-0.021864645592504194,-0.00992940897748171,-0.0016463156071461974,-0.014817179749747021,0.009275990098195755,-0.007866034434121243,0.01992709411386733,-0.03326587328133948,0.0484194249002171,-0.0031861150731097242,-0.028612503388403876
HECW2,0.004002344484686207,-0.003086312020481462,0.05145402056719832,-0.029016743903107878,-0.006779436705118004,0.03146301308481672,-0.03850995505437846,-0.03354511134259135,-0.019970094174555364,-0.019331712575759438,0.003343721176209619,-0.014962520657336241,-0.029631636154358442,0.0029679001465685653,-0.04421998610629704,0.013806272924521032
COTL1,0.03348922880544169,-0.0028153887612940203,-0.015875898191717856,0.04509786261126568,-0.0387569064390045,0.005594949912463703,0.008353704309757005,0.0030557578383805994,-0.019573159681324736,0.023491847662949063,0.043092831946238586,0.003266972494497574,0.00820722080920814,-0.006602089163460967,-0.027996314286156253,0.018860192031959058
ARVCF,-0.006032222845662098,-0.025696083486532677,0.03470496744586015,-0.01636314213135563,-0.017738443190199973,-0.03437155095099373,0.01749486828535588,0.010217149455090623,0.03212078633587567,0.031707096552996576,0.010171596556090633,0.024243639398710156,-0.007972938888486433,0.04093940088558465,-0.030602692444472418,0.040925908799376125
TMEM86A,0.05167201379615703,-0.037721564465421444,-0.00023156381091439526,0.013523032315789933,0.015189368109062502,-0.013666772410010302,0.029243074700506716,-0.019828942671777053,-0.01939169033244665,-0.00998250892581307,-0.016684649428178183,0.0009669206462821393,-0.0009161705324131023,0.002014480817541426,-0.02331866595585817,0.005311438531997713
OAF,0.015773324428288316,0.02544662290568352,0.01163962553755716,0.013012343470397073,0.016016284878627062,0.029693118535072238,0.04737779157697489,-0.01122186728399185,0.0010192128333859959,0.035496114458642355,-0.011836229321295235,-0.04082815999882094,0.04992458993257055,-0.002125611654289924,-0.07310712446168535,-0.023332783294080856
LRFN3,0.0032039308348830804,0.008863387994989137,0.03457180878161029,-0.005367752408693014,0.041722917490074014,-0.030595233267967606,0.0021206509053202215,0.020504943673751542,-0.0040866041528101115,-0.00185388860757631,-0.004220262745792921,-0.04330976142729702,0.0202073834258078,-0.00011576975302375614,-0.011731999285987182,0.01993344661017616
RET,0.008863075575577637,0.005774225666634603,0.039148422043466385,-0.02302770109317138,-0.0362634690099456,0.017943337875655913,-0.013303252038062974,-0.014670901909482486,0.013394151187729412,0.00267365023623672,-0.0027484596310179063,0.03113366816927621,0.015074355222856748,-0.014847647369198993,-0.01895710020983586,-0.028901759694030763
LDB2,0.03660234998553508,0.020171738890254448,0.04075628056866428,0.005526490109277107,-0.04120074716374087,0.03944629425779758,-0.011221879735293129,0.03956120276279482,-0.0300323252426253,-0.012571766519790617,-0.013950304483967314,0.000226344392916843,-0.024281550262073757,-0.00709683484051216,-0.0037094540711460136,0.023896915186036358
GPR68,0.03088931741731432,-0.03417511057668943,0.016562994391915033,-0.003787005236967831,0.06379849259793538,0.03870453166815765,0.04343921821419196,0.005003715882147337,0.03849606250621558,0.021469358492622357,-0.02408655918648539,-0.01585753499614068,0.006062882423727597,-0.011148828322708228,-0.023405077397552383,0.01869122784252502
TMEM88,0.013032928889061305,-0.007508080045726724,0.009000572262507103,0.0011669377836685912,-0.037005355336376305,0.0010954284092658919,-0.0058380540766275624,-0.010162151765022505,-0.0007197104457664465,0.00986257482750272,0.035986772729860624,-0.06688912310430184,-0.00970979682190984,0.020917219551993167,-0.04016131890468225,-0.0017218238682958336
FSTL1,0.010019600776162629,0.01929310821613764,0.0474208540252173,-0.019814441501307182,0.02925142145179974,-0.009624109638192688,-0.007105823180560974,-0.0037163702649423563,-0.012941817012962443,0.0013387014060236837,-0.02755368445391523,-0.013307961745886204,-0.021499087469797992,0.021435208454711054,-0.01157932758348762,-0.015931687346380036
CPNE7,-0.02217842450927443,-0.007882632358190957,0.007794265392512128,0.023568112217811542,-0.009222239752398408,0.009625510845768678,0.030755679765114702,-0.013931560241814387,0.03438832091744818,0.006978031594436579,0.046727529677569914,-0.010396336232832742,-0.0171669797082056,-0.013432664890948284,0.006481440277514131,0.014880348405354392
NPAS3,-0.0034498393606384927,-0.004189864948479849,0.032771998787729475,0.01715005179833366,-0.008903406793014403,-0.044348163422302266,0.015431346072607391,0.026096106238345875,0.06396721564093866,-0.034870208319569745,0.027702015242108788,0.017924307991203228,-0.023217720502974257,0.014121608136506439,-0.003713951106068844,0.0004337274081506314
DNM1,0.013946562470373404,0.01951631069610401,0.04124560391947642,0.0038728754368453815,0.06483728327313715,0.007392435227123392,0.011790609029212825,0.021909298345250232,0.01815154608538324,-0.0008631076357431509,-0.017326624796227083,-0.02459386544338819,0.014695451506931979,-0.009354484372067162,0.00391015046711574,-0.021062940429563234
TSPAN7,0.011888325436344719,0.029760272102510796,0.027529001128916,0.0013098294161065678,-0.008880558231155572,-0.04090663078936623,0.011527493657576326,-0.009673399818783877,-0.013033996550041347,-0.03529660093685527,0.005114028614577961,0.01311082530567709,0.0013001340201197987,0.054269565773558716,-0.00780887592295039,-0.029232263430002074
KLF5,-0.0019192124142357954,0.021319352936878082,0.018894225003206644,0.030241348168135975,0.009954497166427823,0.021249509910327813,-0.035635263998740827,-0.03029847334199966,0.0630731368953541,0.021187000657327877,-0.007522483296396829,-0.03554903163674811,-0.001799932251864816,-0.01725112130567713,0.04803615637627733,0.034569295465357995
ARHGAP9,0.05233315197689207,-0.029260498005946517,-0.01199741452022168,0.03411076060057834,-0.00727221930796364,-0.01648325426799894,0.04476765490613279,-0.01049073088461131,-0.00017304706076405,-0.009202130395374167,0.011473320472190587,-0.01700549747387263,-0.02044819097349252,0.013396483264642552,0.004716055976024828,0.014501984519345621
FAM107A,0.01907549728683123,-0.004519712777041572,0.040666987002907135,-0.024824057303502997,-0.013372278230428544,-0.04677532287745684,-0.019378094840504602,0.03593182199735389,0.01814011306027056,0.005854549663453387,-0.029231518499474966,-0.022289314248779554,0.010962094270832822,0.0006474622793674837,0.03019865609031221,0.033302155844040476
IGSF3,-0.024352603412920677,-0.0405113135233373,0.04003920109970146,0.02049631325951066,0.004913845314897498,0.0005743534617126192,0.016212040168036,-0.002985649195305202,-0.028673375728056883,-0.01939093477451424,-0.015278132894801259,-0.014048842006486848,-0.0049015804240923454,0.00874600861949815,0.0016806601817068814,-0.05585382756565527
PLXNB3,-0.01429624591254639,0.021344227167465885,0.023152684361837768,0.0024557944249044,0.017541666171280043,-0.021801435563350225,0.02115689750888511,-0.0071568016669161325,0.01092846885898512,0.012346486261104168,0.015666717694267085,0.013528382214781113,0.021327389335979673,-0.01805739882823202,0.05234711377241877,-0.01962432827777505
CIRBP,0.020778302439510933,0.017303102709313407,0.016511936407621424,-0.0017007723199460455,-0.010808389468266594,-0.02908011031170828,-0.002442300269305516,-0.009676662820473393,0.0036429975296458326,-0.00824829683581442,-0.010499890130803283,0.01965233469509458,0.04843285662578434,-0.01711740130022999,-0.052682228863756175,0.03128155572043875
NPTX2,-0.012088103742351402,-0.010534973187618335,0.01021286939672623,0.03559571663804232,-0.015407066554906031,0.018200762693696648,0.021128971248501823,-0.014711379455924429,0.04161332889580494,0.009683684910078684,-0.006928570470027482,-0.014796973591504671,-0.026269925236203535,-0.01632986787807012,-0.020946354402627848,-0.012481896840780538
PARP14,0.03624935261012179,-0.021621367573854522,0.011391810208168278,0.01762803371700788,0.004906059789186911,-0.04179917548592587,-0.029061033620560405,-0.02772434270349072,-0.05154675259902166,0.0142572254120911,0.016113121654047484,0.015863410053957805,-0.0063633418820859865,-0.024300499770436725,-0.023622870688918968,0.029124010984583795
DDAH1,-0.0024315626487950207,0.016022326087393866,0.010889206548386342,0.020575798125864745,-0.00858399183756451,0.008882429811530196,-0.05314401730728652,-0.034796546889386236,0.013146930454530342,-0.04254743717436731,-0.020066021849374414,-0.03446511094560499,-0.023301745372275338,0.021068086532565977,0.00868634286861697,0.023925270504813377
GNAZ,-0.02506927103924479,0.013781224453109446,0.010474622013992019,0.02076661171155597,0.00851606293630937,-0.04445136212207085,-0.035489315239720286,-0.017097089239948557,0.021381557732484503,0.02767954637175676,0.023878239656680334,0.005700370754945943,-0.011612814044246952,0.017305118739051613,-0.029786197613705493,0.010154873415980026
LMOD1,0.016546358171021357,0.03464472341333374,0.01768459517274819,-0.003984331516323181,-0.032182178194545656,0.012355166122447747,0.010836883878316382,-0.008648315373198589,0.0016583633983357588,0.018002246631705077,0.0041990701704235495,0.0006342060069478212,0.0020175795025898016,0.05461635661985027,-0.0003993604577606476,0.007928200254275477
HIC1,0.02743220076878808,0.03451900940690418,0.010222555045882088,0.017629253759686502,-0.003179694360396193,0.027971879031150216,0.014606662359652724,0.0384260060168663,0.007144406454559639,0.0029333553409599863,0.05577922480218164,0.025447544662920152,-0.005065577696361534,0.02964521772809375,-0.017513297610164083,0.006746942740740122
CDKN2C,-0.015028697794149419,-0.005673794595497296,0.0210889176039422,0.030654220316772365,0.035835863804782694,-0.021975706500273078,-0.011632063530023794,0.011981949920031331,-0.039054002183151276,-0.007270529480091695,-0.011163411784687471,0.021606074419598404,0.004339044986419151,0.04023486718269063,-0.050897537834962626,0.06773144037377513
TRIM22,0.049905790242123625,-0.01677878126739437,-0.001171881431584367,0.018514206144209858,-0.01064835074493075,-0.046977760431994885,-0.004420430083828872,-0.02677111953309745,-0.059175523997643774,0.006670023644751043,0.009728909221553571,0.0024888678472647138,-0.004171450349634357,-0.023217034723560556,-0.014070632225033082,0.01925898579127461
MBNL3,-0.003700636149334151,-0.0070937388789303335,0.019715735306095078,0.05886616359398441,-0.012135296153902797,-0.031412100409438724,-0.005290167883333459,0.005018841430526821,0.006694718597845053,-0.016863962732206503,-0.014128961956731457,0.019687622954506705,0.0012508122690446273,0.006672026750945724,-0.031196167882073703,-0.006680869104094296
PDE3A,0.026841117768671926,0.05166342419130921,0.008294606657221072,0.017394860973647324,0.0024914403390997957,0.022745749199591096,-0.009168858833602868,0.009779141075083621,0.026900924181112687,-0.005547678870172344,-0.0036390247553656184,-0.026608230940052262,-0.012481387446202008,0.004959893272385843,-0.011356756588715695,-0.01443235230348724
TFCP2L1,0.00041168441816942687,-0.029320576083614106,0.02724979918173298,0.01604343211817959,0.028507809337979164,0.004857145946552434,0.01528330780001487,0.019629864586562674,0.03480752919786629,-0.005787702390213599,-0.04542138215133651,0.033612017826649285,-0.030847758836446127,-0.0030760613979880736,0.005545212634086989,-0.062429912596805186
NAV3,-0.004995716287457439,0.036675713608185334,0.02141112983306631,0.03952594006493623,0.025450613548389726,0.01153747134381788,0.002915968756939502,-0.014056546432137799,-0.03391936656571395,-0.03164493609405184,-0.011596518456415822,0.03472487516167179,0.029638914910841044,0.04327732949194222,-0.03779858975781473,-0.022069056148544458
BMP1,-0.002566565670477662,-0.006801503391650091,0.03227768329269315,0.003356458825021735,0.03308309665942718,0.047931236838503956,0.03720243894020347,-0.02286526026152568,-0.017254900635743885,0.021147465921022908,-0.01666855009243109,-0.00478696093992052,-0.02301866156344024,-0.01500551542529287,0.049148637847315144,0.009820431364057167
SLC16A6,0.029507196162432858,-0.041656310536997136,-0.005951939879748079,0.028636273029986198,0.022779240334702355,0.04232195554621661,0.0016372111745644447,-0.007571591565102248,0.04872502489156984,0.005540464306164058,0.013239120992440609,0.03318697275134623,0.014501480242243398,-0.015257584910247441,-0.0012446091822100008,-0.037623322439039375
NRCAM,0.025377214797724323,0.022231340244413433,0.029236921930414765,0.01793927315189582,-0.025077250150117282,0.036569976145865615,0.007721309639798058,-0.026206336019376213,0.0304262400372013,0.004126894715156719,-0.033701895584019294,-0.013440960145056254,0.004268807876945835,-0.007431607946044513,-0.0020818543423192686,-0.021171825952922736
NPDC1,0.022831129003638206,0.024203043197999746,0.01639342077210382,-0.017361841212781896,-0.06065601660372058,0.002870608853107307,0.0180973639425454,-0.00272230884995468,0.03694463607084665,0.039464633293609275,0.01189700662984306,-0.05037831008824952,0.01162161072590381,-0.028290620835453126,-0.034686787896880275,0.00827080883173725
ITGA9,0.022353596890445276,0.005096954800311474,0.04637103566466614,0.028438017059048755,-0.012761893830377433,0.014964439306576566,-0.008989928973336503,0.02787382594944418,-0.014461040334959468,-0.050207912476466506,0.008055003500098953,-0.019631404200058135,-0.0025907694881410898,-0.04074346841834054,-0.011700763203314521,-0.007994942547482991
SLC16A14,-0.0047466441211760375,-0.01460402318408254,0.03353657522373068,0.03866002825189014,-0.023896621788112145,-0.036731570794114335,0.009212475247486581,0.03789792587293753,-0.000518629969979572,-0.03742930257705784,-0.01732258416466456,0.03602643254472333,-0.0004244649557270837,0.0036124768170819406,0.003190800377283899,-0.007649639051092226
CHRNE,0.0029344901742338224,0.028407920198082335,0.024959589464739432,-0.01341328909826442,-0.006572296992973248,0.005507147751727998,0.002773365897523394,0.009915192035837626,0.01787036939803722,-0.007274032914263031,0.059101956663493896,0.03089057870238085,-0.009322477665131557,0.03722721855174095,-0.02139401780834927,0.02662234454497482
MSI1,-0.032043129266865596,-0.0130782528034647,0.029468085107352247,0.022491024127311573,-0.025314519881400967,-0.03573717772591598,-0.00390153654182518,-0.007457842126868373,0.029948546280633592,-0.001562348054403885,0.015511508618537966,-0.009519091384211607,-0.022552935827674495,-0.0018581879715682198,-0.004324046871721003,-0.05043969516664516
APOLD1,0.018053163530901917,-0.00522956579670618,0.03903404937788504,0.005529251302737746,-0.027233641749381587,0.06263125873966921,-0.031597923308971654,0.03412575863875758,-0.015504431285573307,0.04773402597048091,0.0022211285706816098,0.005128020285478242,0.006231745976769811,0.013277854781383677,0.0028764994673483807,-0.007626949618595821
CCBE1,0.010335777716187372,-0.03287594860535458,0.020960406696719197,-0.01198005772012894,0.0034894427199068474,0.03175252718052861,-0.0309185881082199,0.008659029475461356,0.03338657003900233,0.002981048152668163,0.027273584878718633,0.0375742908179988,-0.04703288935844528,-0.0019293643992465775,0.024344843608708717,-0.003814979753900785
SYNPO2,0.017954958917541064,0.03866475596896613,0.02172990438146692,0.0030641783903681418,-0.03133224847377223,0.0032843539660622487,-0.012890786055849736,-0.01540089298075829,0.026830437234403905,-0.0017683531893673767,-0.01851142132280687,0.013920835499792098,0.021762124233525724,0.04398034266810421,0.0613839037438442,-0.00037517126513691816
GPR156,-0.024133894720241203,0.004586313463362535,0.013802982594275044,0.027849192076159393,0.0018919864763770828,-0.05604711788411298,-0.004540385776768796,0.012204083979920555,0.0008652205349795787,0.022745959126186245,-0.04490521512964619,0.06269216203581449,-0.012724804010298392,0.026051574229837955,-0.030291384406362455,-0.017450081213499006
TGFB2,-0.01073910882822226,0.017517878516289134,0.018345001272218945,0.0045698803992488745,0.024015237958370385,-0.008956141340135818,0.016844632586855954,-0.011754281054590948,-0.003341039373851218,-0.016107643082919385,0.014520016196579371,0.041079537791840925,0.022178811380177802,0.008369019368581556,0.0026154661142963297,-0.035478349783616636
MOSPD2,0.029705021891853575,-0.02507677310724062,0.026406125533063533,-0.0013792837793960189,0.029652072455385935,-0.03353605645978671,-0.05896036872174074,-0.013092635577700277,-0.02540775506679483,0.017847767338384873,-0.02125180767265201,-0.034019386263771004,0.016909888797260613,0.012528637581346619,-0.01584006768379174,0.019058721850853336
SHE,0.027648408963394593,0.006080759828235608,0.05099873694299678,0.007303176123734654,-0.050798108288417985,0.02008049756035586,-0.00698266953885388,0.05334422103792873,-0.010748639277391142,0.009602598159865805,-0.010814152456193899,0.04518524330268654,0.015716304885732613,-0.019797379063911973,-0.03515542168236248,-0.003929422269378544
JUNB,0.02629727963196623,0.01130782857092431,-0.0015351888101239077,-0.01119938424628494,0.020748986859702983,0.011854645439129646,-0.006124525146253398,0.004600058667978149,-0.006232220360478463,0.08357981312711286,0.039632825029639225,-0.043706742457860694,0.03199066125266977,0.03567711185758828,-0.003954836234085801,0.008279853949884146
MGST2,-0.010152617133433166,-0.026141273179591116,0.00359588123896733,0.010204791065674505,-0.021122239044596407,-0.008238695994620144,0.04662811323408047,0.005194040924601772,-0.04649286039200838,-0.0029435885665516862,-0.05447334464993747,-0.0015369279400158304,-0.006165056732220792,0.021515897326813412,0.03959126070478261,0.009642592041701883
LGALS3,0.026425623865627572,0.010575096933635713,-0.0026628651332616746,-0.0008347261670201818,0.057198228188670076,0.03133226061393115,0.0034997261212507905,-0.02879887393491994,0.03344775589098484,0.027315924313880722,0.07150412173406945,0.009772167313952024,0.00019206410612944435,0.004075056345935582,0.00024999082075639716,-0.0036350598214579567
PARP15,0.04530837884670456,-0.03244667627568744,0.008096759490116819,-0.003923783243414735,-0.007519149691081514,-0.01769702806117614,-0.040072902303427665,-0.026364067099217507,-0.005737009426895219,0.008544773692129621,-0.005052045589752089,0.01396166853582581,-0.0140489653049472,-0.00830360215331826,-0.010304104142382219,0.013786526749331694
FHOD3,-0.018746591896383294,-0.02252156466745021,0.03665419710054635,0.012010126811837399,0.013099250989572748,-0.007311647127593772,-0.025644037984620956,-0.017532047773414963,-0.013414055301924988,-0.016363691866937796,-0.03349524301651875,0.010824753180064595,-0.00939895780680413,0.039051589235308534,0.018500146654645378,-0.004183189991683661
DPEP1,-0.015087437575716359,-0.005147873601594761,0.026038511052415086,0.016187952816195145,-0.006924278985584537,0.0032706755199318482,0.055307110711957416,0.004001618604242608,0.02462883300429717,0.01353981402502754,0.04016632195760915,0.0023162407061627192,-0.033966877304435907,-0.03140347082239475,-0.0063662784015679754,0.053519952678615854
SLC16A10,0.03330376601197323,-0.006846493009951073,-0.006740883335146777,0.05585121947248736,0.021415310737826095,0.01202089161668382,0.015219696982848807,-0.01766655170888773,0.02777673156327415,-0.025305351106418406,-0.029181215385079187,-0.01473402266762718,0.01876204306879397,0.012469209877407546,0.033262043116145085,-0.029654160893979417
SLC26A11,-0.006082165755258035,0.007875297075911588,0.022541528899477387,0.013684439716310589,-0.008365539043453593,-0.04306065452640909,0.03139916036507036,-0.013478516545710952,-0.012911528211358981,0.01552606077460723,-0.033702708621747554,-0.025012515497391478,-0.04902049857425153,-0.016626944002115944,-0.024536710022319837,-0.06175362814921991
DKKL1,-0.01573273122767219,-0.008625244884336311,0.027341738355738728,0.014439784671790308,0.0018258887867242182,-0.0661486337611146,0.011223410947761523,0.02946667028244453,0.034230365946121354,0.022730743283787515,0.023287937123653738,0.026405847012078456,-0.028865579897566968,0.029746738401406975,-0.0354468239435745,-0.014819970427322774
ATOH8,-0.03307724949434837,-0.012941289705943805,0.030419191380162327,0.0014625772401787758,-0.019873321460577242,-0.031834852906159894,0.010012245907275024,0.012761364711119943,-0.03535890865925005,-0.011909379291336756,0.020584547878279385,-0.009670635020203005,0.0148505074537665,0.024220366431539096,-0.010791270504372914,0.011969651298709132
CARD9,0.04649007478002819,-0.026358432441232375,0.0017732568133933756,0.015736198872520802,0.006889285213919081,-0.02600303700441033,0.0394638984150885,-0.01915538212214043,-0.005293811301859005,0.016976420757516715,0.002665381560265724,-0.05502155996250032,0.03253770182965202,-0.010876181272481826,-0.011705544048252397,-0.002975724446837771
OSBPL3,0.03301899529403057,0.002102606595050257,0.029177820060239484,0.031035647963183973,0.016098299453205074,-0.006372014478905947,-0.021198901988740373,0.006078837881667173,0.011901403586905364,0.030424113456833886,-0.016603704582951264,0.007033555668145148,0.03356751124483305,-0.04597620594786098,-0.021211623631661583,0.02217083694809846
B4GALT6,-0.016452822625932784,-0.027368970224461196,0.02164344069280566,0.0215779913058465,-0.022503683372297918,0.003453188876626578,-0.019044644016496602,-0.04132333925530814,0.04684398150021601,-0.02277639567509337,-0.00042027161986303574,-0.006981802054407684,-0.026014353985286308,0.02104508619508206,0.014303743637927049,-0.0014796902167826089
CHAC1,-0.009219765127976955,0.002854464039592937,-0.0029887516397156897,0.008773474845466669,0.012076007230571999,-0.009220393164245598,-0.010874302667965997,0.0017931510943813207,0.0071212298449412036,0.017627606992497373,0.04112174431877375,0.038809835689397464,-0.019817272790306345,0.02222104617129466,0.05184514237733062,-0.0030079765605227145
IL17RB,-0.006872582197967153,-0.007633323127331692,0.020915789760214437,-0.009805331241422327,-0.006631362100466287,-0.03454287596767844,-0.05119010358325103,-0.04452893869680228,-0.003078308263173498,0.014399577161586437,-0.012985222336387374,-0.01920899813236443,0.035487416929104204,0.007712428991722703,-0.0011334156320140917,0.014795884585873501
SLCO2A1,0.03126814484295358,0.015116455566764136,0.044831878534611146,-0.001946752437235705,-0.03505409947045863,0.007107401741382625,-0.004540820535695961,0.029941761374827496,-0.02502348047543384,-0.009572396668400703,-0.04486719086043857,-0.010981561854196131,0.02077931644361366,-0.011423561228101238,0.006437015378560928,0.0022018657746072394
SALL1,-0.028407636592223038,-0.037391708031196014,0.02701587864122438,0.0014050367707786964,0.005252824135037382,-0.014618487294989171,-0.028963266885585055,-0.026352905949202345,0.021241266627425166,0.01202864020944843,0.021845961356293978,-0.035869323692928674,-0.05362044135030178,-0.007850711480213941,-0.0008985891660277879,-0.01011805984962338
ARHGAP20,0.005294922706881241,-0.010547974641262373,0.035074581492699465,0.02221179099876468,-0.030195146788193877,-0.002404941793969221,0.0027633236859946177,-0.015881719853605935,0.014692014622078392,-0.045373097507788784,0.030226169251870737,0.027770924757115133,0.0009474147996321163,-0.0324646769107827,0.021147007517106,-0.029539146115620175
SGCE,-0.008398290896830267,0.017725266913992177,0.009315942883213212,0.01596357316195173,0.016448773679148265,-0.0065673179727760225,-0.002462669441131728,0.011934925663187941,-0.02373080146890301,-0.018055705269750637,-0.017136091631681657,-0.01005330473919933,-0.008766630896689602,0.07059357681299938,-0.048896962336464234,-0.008657508963019802
PYGO1,-0.02270975181477216,0.016748280747722246,0.031242928925961814,0.005570636939170304,0.024110949200431532,0.010911691961529506,-0.050326580124308996,-0.043987184695506165,0.010082492379190967,-0.00915179240934233,0.00671345553941427,0.006606447898750273,0.008608363056657587,0.00549475139480799,0.008151536549712998,0.023903252149331273
PIK3C2B,0.02612589110843512,0.011448003692828246,0.040434844485740654,0.01608837042209891,-0.038911012858460874,-0.013559623155956577,-0.030074802588601637,0.04065382617085616,-0.010589894582679563,0.02284982322837068,-0.03816456979056787,-0.0032086443575914158,0.04801873184101128,-0.06809111891010093,-0.05182850358080553,-0.020744016121223056
LAMC2,0.03501859964357749,-0.005252559970675874,0.009993023936012407,0.005147395763796418,0.026790477867740005,0.04881331181635034,0.0034789185688985707,0.02399526508412025,0.03574289865575926,0.01837129090524318,-0.03390187393459437,0.011373793028464465,0.006891105213360763,-0.028589057351392576,0.012916523022718413,-0.002175421323590141
FIBCD1,-0.0071117603509719615,0.017540929402068643,0.020764567818881554,0.00951670782851692,0.016901150571064325,-0.028116647068333996,0.009254800690863572,0.008705332687418629,0.022765401971110495,0.03621411882971623,-0.02198857627087168,-0.0030186235165316376,-0.06779086706872893,-0.006966766827715217,-0.03809511791091588,-0.045957580840109515
PDK4,0.023679266454747213,0.003516653055603449,0.013738239482650032,0.0041352058256500426,-0.0388713774598549,0.023047647153223064,-0.03735279508983033,-0.026284509796859163,0.0036879748215788086,0.0030192948007223266,0.0038144555532700847,-0.01950035519758645,0.026505496883388966,0.06164508733178796,0.03673012002562138,-0.04656098458083303
ALDH1A2,0.020892825910393518,-0.008132357643619784,0.016515078636734508,0.026884552258052818,-0.0210127237510652,0.023163523177330673,0.03503562885293668,0.01973128063526696,0.04076762831411158,-0.006682906904631947,-0.029546217594364682,0.01798271184398866,-0.03954375682366269,0.030792275741390162,-0.0006527711737639597,-0.047671870738768586
SLC39A8,0.028990007810522037,-0.01744508634746706,-0.0034692547920258296,0.028286460187487244,0.038253875182889294,0.03707288426462892,-0.03207234254440561,-0.010163459183421583,-0.0010399365573763339,-0.0202661556925434,0.026930161631669267,-0.028142386553092077,-0.00134504000612202,0.003790397095694153,0.009540065876477002,-0.03605869487399088
NHS,0.0019361872023664435,0.022842034417000428,0.040747568076593084,0.007886585109124645,0.020471447793902777,-0.009432643775556693,-0.024793933144513815,0.0013595660239973956,0.02037785928205476,-0.030126171320806854,0.02328565432441612,-0.0047111626180525844,-0.02741805065104621,-0.015513362926864185,-0.002286649832088629,-0.026228238650306573
PEG10,-0.019128524180734085,0.029260895734980193,0.009427070405503432,0.042760681621315966,-0.008954948514609415,0.006433020537437681,-0.00429411274974564,-0.007795851155615357,-0.0022529196385745924,-0.03976555683938708,0.03538682637215345,-0.01829699424417889,-0.019713174821954782,0.024194336208651294,-0.025840247284294304,-0.0034036508557029194
PTPRB,0.03816812960903376,0.012921040206385931,0.04194885200819324,-0.0018780641652551473,-0.05352707536213375,0.02671765388258613,-0.03163001841954611,0.0357189106772157,-0.01067222262741814,0.0004604679231028696,-0.019973558202966563,0.019452554451918187,0.021114008455727806,-0.016844038023560447,-0.015882811666291456,-0.010863473405269546
SLC6A15,-0.02640767223479671,-0.015125074219324061,-0.0025505112218102708,0.024019775986377216,-0.024744198822335514,-0.01624832899575559,-0.01488300468764591,-0.020820895515553293,0.042277962759553915,0.0007195235592926761,0.007058622795655259,-0.015119971367105575,-0.024403360135617575,0.020804377104601875,-0.03572073324438425,0.012312793946876049
TMEM63B,-0.01590197027791641,-0.029461143735238927,0.018349700161572148,0.022641433950935364,0.017540834672535664,-0.01055170838870789,-0.03081433744555884,0.05363863281430167,0.02958420631196983,0.003471692022253745,0.0449635979457845,0.00649909617674322,-0.016639058139926104,-0.022314320249160607,0.017756718789741048,0.007764603354423291
MYL5,-0.01763915899048639,-0.0010307263314477556,0.011642050148548657,0.026771469008209932,-0.012211469025116349,-0.04226048401922213,0.02536127933749069,0.03082182565865421,0.008402820683464825,0.025322946005380955,-0.02199446016355322,-0.018468973922744963,-0.011451465735197761,0.019264743198875743,-0.009994095578870555,0.014249389495027456
CDC6,-0.027565294337854318,-0.01632872711148147,-0.01694721803109831,0.07460851166382813,0.016530544983214147,0.0070183812393827,-0.031402100696007296,0.010424153454604146,-0.02173369851996545,0.021739218430525023,-0.02094086044033408,0.03779790305327996,0.021725961612473824,0.015770222856440537,-0.013971928225199454,0.005915875723642241
LOXL1,0.017533838562811623,0.038194189910983944,0.013843088481157147,-0.003938231695870942,0.047492253506877795,-0.03251572268786377,-0.005205780385623532,0.009454317483759429,0.006793459334198943,0.005081587527416047,0.007241848214873162,-0.020528127303793758,-0.012701037785820813,-0.014584618535758959,-0.02708145482155193,0.050254623226597066
PIK3CD,0.04564271128270593,0.006161692822814325,-0.014334597605096349,0.04194176642542895,0.013462133263384276,-0.035372401984091695,0.007133476803497078,-0.01339241406066681,0.0025200336565492695,0.015436449080812821,-0.004704651194875196,0.04647458804642242,0.007993661991873324,-0.02611742329490054,0.03524424412993634,0.008359134841227056
SLC4A11,-0.009967849616900235,-0.006719497096563335,0.01598107064072937,0.02547535264282423,0.006906148939064891,-0.04087938850491906,-0.022913786427687044,0.016696883796903608,0.043843914683733595,0.027531734121977736,0.01150747085124993,0.01458945291050753,-0.036600580750515616,-0.05744418939236139,-0.02628477797120025,0.003341940702814521
ADARB1,0.009537885622484862,0.017316354986230385,0.04977917575406474,-0.011671929707419319,0.0005900449014180301,-0.004870652822592468,0.01666793400477079,-0.0010805246960527435,-0.003922730788409499,-0.019062687945409308,-0.02513381811674182,-0.03803415531445465,0.0019525016618560558,-0.03480503903604563,0.0253062979085264,0.040169529751472643
GSN,0.012702782325101343,0.021463692786846046,0.03446409933120178,-0.026694575697585553,8.178394977993763e-05,-0.003919138374315665,0.02229974646700369,-0.018477152217425307,-0.022834159951846043,0.05486501007999955,-0.0209791679939122,0.004486514492695502,0.022778859254809842,0.01633867425256317,-0.0005916084757667545,0.00803899418004016
RCN3,-0.01119431772828238,0.008584819161069472,0.012656546288135995,-0.012548935829713061,0.028716374214159353,0.04256331995615345,0.06425545401420767,-0.016510870889463784,-0.06643774404457535,0.02617255341818121,0.029412568974642703,-0.008709528761014367,-0.023548552241448188,-0.0020469212397756136,0.034591448853782805,0.021378433704511864
SYT13,-0.020702822624109333,0.0025907052505000083,0.016033892240475214,0.04062720329833384,-0.01843541330110647,0.007323561229185893,0.03377013711956198,-0.009231584176630874,0.022281051535658764,-0.004031623455026573,0.004773958950347905,0.009011910226751654,-0.03592033441910223,0.016188364461906534,-0.021171142966718504,-0.057738527762524854
LMNB1,-0.015902755073341136,-0.018164505545818912,-6.51394620959124e-07,0.08238130031544043,0.0064578333715493855,0.03206877319303282,-0.046054017046937554,-0.023088692067621833,-0.022412799809724156,-0.014827946916381162,0.013011038224052966,-0.028447572156504213,0.020628408519602424,-0.014832375993697682,0.008829963028899407,0.018366589247125246
TNFSF8,0.052331460673115726,-0.005020653083460566,-0.0018446813061508188,0.021456921933825854,-0.013185601559405721,-0.05013949539514153,-0.0014108963805406398,-0.026278155504067594,-0.009752912192991186,-0.013541523215097868,0.03590806294500214,0.03869019821245155,-0.008695273565105103,-0.01245734920976571,-0.0031581789811257655,0.021142444881581072
DDR1,-0.009160851653377086,-0.014117923547026661,0.029048464330051024,0.02915622672161458,0.0037270647944128003,-0.047555906360149,-0.009480258603195447,0.023200236744284144,0.052966523760628485,0.04156299103168458,0.0016795389362418431,0.013802026550110008,0.006677499297095055,-0.007326157573486265,-0.0034452051273059295,0.014337014943933848
CTNNAL1,0.009364607949915149,0.01360729897881528,0.021652895310845577,0.007776437125920749,-0.007890807884895724,0.01373416467149886,-0.04022093949763048,-0.03375347044276844,0.002450264153429752,0.008078322695918837,0.0029968276111948973,0.040183255988303176,0.06736465406462544,0.00836899607386916,0.004429556227999112,0.01060949164209653
GREB1,-0.013897459157837884,0.0019386121088916578,0.023511137907957162,0.028842716650389726,0.017740851370669063,-0.024760122099480586,0.0415721020782485,0.0041608341145241,0.051287539588194056,-0.0310051664749963,0.00038616997627318427,0.0025893163047834445,0.008071978099847598,-0.027774662042600987,0.018147428531691615,-0.02209181693228549
WASF3,0.00976131960167861,0.03245556474863362,0.028280826504288144,0.02075981970783332,-0.024047602535154915,0.0025833031498001596,0.01887326733668522,0.0017678571675908696,0.03129054296219139,-0.0047157967413784556,-0.02465297254272359,0.006676960228692317,-0.004053444854814958,0.00925301214960977,0.00432906930853212,-0.031679608078051084
TNFAIP2,0.018126715883285204,-0.022137626802023722,0.007541597617104325,0.04019404394609656,0.014802343050828967,-0.010686163604601503,0.03522036525892198,0.023783792054812732,-0.017476006424744627,0.03589726133303485,0.012132011316550801,-0.017959361612161974,0.029706837663482435,-0.029181950411629076,-0.010750336468356301,-0.004330195584101542
EXPH5,0.026894734337306637,-0.013430507284684985,0.024261587430928017,0.0065977598859878524,-0.017663408970709976,0.027232911540358236,-0.010557601388293765,-0.07318450323841838,-0.001989314401326804,-0.004978784185801919,-0.01913126879860793,-0.01408310732402077,0.025961705419774952,-0.020820841430482726,-0.0014847617876133767,0.008568925608874204
TYMS,-0.03617871201311657,-0.017136716614614005,0.009728226367645657,0.05939435293546821,0.003868273107272794,0.013373426316582775,-0.03011060259347552,0.003926582954405592,-0.01623028411956253,0.023993696035998165,0.003467945535924476,0.016777788275957935,-0.00213756456165506,0.025256199668389497,-0.022755205715671953,0.013731605693509084
SOSTDC1,0.003485344521488653,0.006863228846696493,0.024090414039824683,0.003502243146308286,-0.007499086600165653,-0.023530898109927326,0.012497342072227077,-0.019517291969537266,0.03282589342253039,0.0052759723530118536,0.03532424024402747,0.034118481995915405,0.006562444836598562,0.01300835522658948,-0.036245710119267874,-0.017388410101895253
RHOJ,0.03236923111676237,0.025676825158177524,0.02811571680630361,0.005152193952130013,-0.012561903898103343,0.03732293803773346,-0.03051741770802738,0.04670806981754958,0.0013875653418809139,-0.003689437324240699,0.004216118159807885,-0.002872674046266529,-0.010199359514989646,0.030036208082795453,-0.014598099151153888,0.008184323778913191
MYO1G,0.05368839728007562,-0.01949945802840704,-0.009013709177767585,0.029502902284422365,-0.004803987787782553,-0.03994599863369803,0.010250819385581408,-0.019557945962618613,0.011741919839312488,0.01567832393548537,0.018345911574858126,-0.017349881774321712,0.019458318282775916,-0.030608835304446132,0.006190793192978906,0.01715866463131604
DAPK2,-0.012536146493507346,-0.050548874645311166,0.0332018109463902,-0.011034257337329172,-0.002268590309650662,-0.019036456556639714,0.0035083895996608477,0.0008167096937259878,-0.023918300521754685,-0.006619151400778223,0.0021615416385637456,0.003959189543371148,0.025883678525992944,-0.00412166002873494,0.03653174716212647,0.02707934018829268
KLRG1,0.046105547656860264,-0.010368702282799213,-0.01214199766352804,0.03043494435752735,-0.014973127661837215,-0.027511154791548736,0.0012387649672822602,-0.022597711647679385,-0.0035406256563790643,0.0041939270916550005,-0.010250734856439257,0.009091131811154292,0.004603916577732092,0.011479325247502056,-0.024125138406187078,-0.022580550959700397
EHD2,0.016984130585421645,0.054067824611803046,0.022142287390152823,-0.004666639009139046,0.03422696361273667,0.024528697539960252,-0.009393665218047473,-0.01108442149560498,-0.014899568601764139,0.010297240765616297,0.0703398861598949,-0.0013544387929012667,-0.03569652436657998,-0.007424197226652943,0.0031908910455486373,-0.013489061692753745
MAP1LC3C,0.02535998714205946,0.00977658124871833,0.016572607421672624,-0.016457321323462736,0.0061717823442749686,0.01479344700260581,-0.014177441160454593,-0.03446144352369533,0.06533980148664922,-0.002272974044314817,0.00663780704881849,0.041522533976436904,-0.010048187266520733,0.014189044432425805,-0.004187392994007819,0.04035842962281837
EXT1,0.015127182726537866,-0.032349754593169903,0.031843325952891646,-0.0066948210081623945,0.04798852739254666,0.03501063674884046,0.03426896761125258,0.02337069845125201,0.036614464760687915,-0.016999780818802768,-0.022352479520978664,-0.010347336691892493,-0.009611074230410532,0.00406090943506293,-0.058765040259872975,-0.013711164378608654
GPC3,-0.008836960807481515,0.02497889559999821,0.03395726557751361,0.030426252584641267,-0.004320544216947258,-0.05913744444169372,0.005032899426060759,-0.0008560416413675069,0.033681308205715445,-0.010353836710525997,-0.004146064530806444,0.03539289052812338,0.0008157932382526262,0.007095147647781945,0.004451105279578983,-0.010235377067084108
FGD4,0.03960890946848229,0.014497863033421685,0.004485386868521317,0.02230016528047578,-0.016418854174446565,0.0008221796401852947,-0.022657747254250626,-0.012604988910143614,0.018270555913641545,0.01998725012752891,-0.007126701567121448,0.03386389377277918,-0.00890024204118792,-0.009617489985170558,-0.029780503068716227,0.00690776958028513
JUN,0.003754072686038787,0.04417762566783746,0.007404553797395024,0.016675290685479318,0.03706010295669977,-0.005760140992575224,0.010271569925841474,0.017075867411319688,0.0004568395810154481,0.03129100586114309,0.005789227202228103,-0.012463495081934681,0.00386604409408748,0.06096482648471355,-0.01417304027273554,-0.0031211677488381592
SCUBE1,-0.012568415123225209,-0.012999189080497093,0.04303071318766546,-0.014972543707980355,0.0020505878902665983,-0.05307838691530612,0.008567545012539965,0.0010174756776408814,0.02083308432908777,-0.0055304689820682065,0.004565045753993724,-0.003662795244137617,0.03605931052126879,-0.016020328073961778,0.03300842156631086,0.03975110904611128
GEM,0.015850203766892248,0.05886197648654979,0.0018636064913495386,0.01657144851585839,0.033739419973840445,0.005944621814897138,-0.0023473893840265216,0.014479913533358747,-0.0006205163040062271,0.031043319689740143,-0.013401452503746332,0.008419486464836728,-0.031885273602290695,0.04354173908498878,-0.0004041923249051443,0.0037202439774922315
POLR1C,-0.022572071906910227,-0.014640498353654656,-0.00793194322801882,0.0540249510681525,0.0018090277390687068,0.0017901593653995465,-0.007307525557861521,0.04350337647621387,-0.02250450022660703,-0.004131120023383237,0.030958881902754903,-0.059556010839233176,0.0037724607623880017,0.025272040179548313,-0.0021854228088835203,0.04567904186933955
ARL9,-0.019823636308986013,-0.010878095928025884,0.016421267908030956,0.01845703749111261,0.011768765609383953,-0.020542200367850736,-0.01733135715617907,-0.0009176143537775933,0.0006139869373843476,0.013950748080800742,0.0035738822244049196,-0.028188598880731143,0.010289622057562517,0.02729801095981503,-0.02060460161040356,0.03314000779380094
HSPB1,-0.005900046239573053,-0.00279180594884034,0.013795321984057732,0.02804667681290751,-0.017086538083953044,-0.01752616884577367,-0.011066439992964963,0.0032603070732943017,0.029692392983256016,0.04951924099040811,0.03457544657085034,-0.08437645568516339,-0.028350044981431007,0.013710817055700547,0.059104343831851744,-0.004034689895684694
IGF2BP1,-0.009846856046512548,-0.0012340641930657416,-0.00414025216756568,0.04769591058998757,0.0008817001993553829,-0.013071507174218198,0.05091875397024841,0.025927003064351632,0.022559326613090964,0.018938516018876767,-0.017478305853355913,0.041585556387693956,-0.04473740346038005,-0.009534554525961584,-0.003451209158803651,0.029461931934298722
EDARADD,-0.0060163978170686035,0.00937462573599557,-0.007298619658349798,0.04153924038289696,-0.021049849763581367,-0.014977161895616022,0.047620024836848185,0.023040785364206638,0.01918176965720465,-0.00847063058269687,-0.03550515766635954,0.0025555760836105923,-0.004614747714782748,-0.023032447241350368,0.003701980797673576,-0.0074220174279803226
RAVER2,-0.03162012743930935,0.001328145839706136,0.00873246118103,0.03432771938915314,-0.005795188263073275,-0.022435923125784355,-0.015224417040459747,-0.012577082570170919,0.027639785342666232,-0.006100585006986464,-0.024836777459782144,-0.03862027399315718,0.0052410389412280555,0.00309195000282735,-0.051030315223146945,0.007003338438329755
NR1D1,-0.0011018834962184783,0.02073658971049636,0.015317386601212573,-0.008905980754087479,0.029532533103519977,-0.012628726502993744,-0.038128692828227936,-0.029383007809765868,0.01338413921924104,0.0022869503606093387,0.03186499443184457,-0.020516622380247984,-0.01922492108266858,-0.032648503544326676,0.008571210135700447,0.011408534659109452
PLCB4,-0.026537586210097046,-0.005450449210008123,0.037419299992240924,-0.0011267400332619763,-0.04646046076448192,0.01708671556476255,-0.00525572320968439,-0.03156884742870245,0.019433518859331297,0.002559308335008681,-0.006657868368361771,0.054050067789940315,-0.0026360357614164907,-0.0005211268068928496,0.01015279824308908,0.02107792590719248
CD44,0.035555986395285934,0.01945067216450394,-0.014194998919355665,0.015693993782114214,0.04475437116697391,0.020883070170362103,-0.02001811402695509,-0.020811283876390103,-0.002059805794474871,0.023142667036789535,-0.03505733290898211,-0.01626669145638026,-0.03870577845268699,-0.05100628193337818,0.04469573758700687,0.002883100177811142
CHMP4C,-0.013161037071367556,-0.047146036291422076,0.02203131091026187,-0.02501844485270076,-0.019915500679780478,0.0034090337194092497,-0.03829454945997163,-0.044743213767177076,0.011748822932965901,0.012713893165137057,0.02438264535851673,-0.003571549605778242,-0.038317128446979265,0.06216718630335549,-0.023139514042626624,-0.012295258835663084
SARM1,-0.006286547439087109,0.038041599095542174,0.023333901360896282,0.011569966474838123,0.010367206291229837,-0.022255992359889572,7.17378986421764e-05,-0.021453944969165386,-0.013890517342840308,0.008057301706835466,-0.02983615685076253,-0.02493193720228,0.007548913014248872,-0.03396205671726576,-0.02292748163223531,0.029844867715540565
COL21A1,0.01697503498376612,0.006992959316738396,0.041787626183664106,0.005817029083868218,-0.012549793069207605,0.029203275565587102,-0.010194124002236555,0.039562975826735645,-0.021714573742974686,-0.050452480328124195,0.014590381934675538,0.012760146350880651,-0.016228417106682838,0.00912526656178961,-0.0002620481308220487,0.022166662783109872
PER3,0.0036603831211962524,0.02953271787372506,0.016758240381563094,0.01885663016424273,-0.005131207711693327,-0.017534707947737475,0.030098441536974545,-0.014533051793629155,-0.007549268653356245,0.00838012033996324,-0.031051941032759052,0.07892475758984459,0.003858044478283782,-0.006695857700367157,-0.029172339787099457,0.04494135591401073
SOD3,0.03722998548472211,0.03721619490344578,0.00747070404226495,0.0024714444248760477,-0.01204969705561117,0.011328535400417906,0.02020045003438943,0.036194699994918714,-0.019569393384089855,0.008731041057936524,-0.012066627622338247,0.006903560228050325,0.01687751371061749,0.013638123048191338,0.03811888992253408,0.0192716834000498
EFNA3,-0.028527455743239793,0.004643111231271889,0.020323006865374887,0.009367983895658582,0.006188750504049528,-0.057900283099692584,-0.010182866248840218,0.020075844350709013,-0.013695643496260233,0.03720393019008255,-0.013741988403790598,-0.0066559889519644125,-0.004620522654289994,-0.013650221200874868,-0.006195876877379042,-0.04786861959827774
CACNA2D2,-0.0215479278470215,0.006047876623768874,0.035167818229499985,0.009614933611758749,-0.009828799053652842,-0.020943225405372648,0.01000540233270852,-0.0127547971516603,0.010741872014192067,-0.007726484347664594,0.007811552419541375,0.008210719753879395,-0.025447799667159546,-0.03279947184208616,-0.038394448681656576,-0.07104543158092638
B4GALNT3,-0.030371654627731667,-0.04445936660366607,0.02576150003576707,0.0017603576132308534,-0.003737325790445314,0.009525913092013654,0.026960289254075887,-0.0074084711616055334,-0.012081577332841792,0.0035131991963207503,-0.02253400063767003,0.03375421553298656,0.006205109549762154,0.004454629138666249,0.014097100029682865,-0.01884203465273017
TNFSF10,0.05387753084813186,0.0018514008473721256,-0.0009157573072428879,0.003250017970309403,0.00972689381975148,-0.029344795583474772,-0.02910479888106526,-0.012262421196940106,-0.016219952204699968,-0.0031791602842756485,-0.0024236461966779047,0.0032581018325587192,-0.022673415116943887,-0.032706103913029035,0.005291808742209469,0.020377375141707097
COPZ2,-0.0014254392195387497,0.013861344005076763,0.015684702831727564,-0.04994008681626173,0.017159139288132227,0.018946392114269694,0.03816282065355878,-0.049089361971236575,-0.057892729376356984,0.02033597769573093,0.03474461899082642,0.0019623735707820326,0.02656722274188429,-0.005059292180760966,-0.020556331637585315,0.0006050202029568774
PROX1,0.013141742772208562,0.01556084927701359,0.02253649149376757,0.008628359172947356,-0.03996671719831242,0.02245151949652692,-0.037311717742112074,-0.02137693651401483,0.032464787600135284,-0.022251305166713385,0.00027490624848981217,-0.02545142852405406,-0.015907634997873135,0.00998886281700618,-0.018797392824114308,-0.02458973649136617
MSX1,-0.008347001115880966,-0.007937057156981937,0.023979238388054103,0.002277426315457916,-0.011306976321725263,0.0032653357342513805,0.03121002552723308,0.01825727416901868,-0.0021820124391022976,-0.008611707618576839,0.052360936248712325,-0.03641567919670884,-0.025144522304582858,0.041503862040643116,-0.06055610490089189,-0.010008372509862813
ADRA2A,0.016401215826888617,0.028176962587149818,0.03535062956338739,-0.01356469838852796,-0.017547798980639264,-0.0076793657591154325,-0.041635182826713926,0.003248865476643846,0.0025357982889240398,0.02066204825099581,0.04424633917897556,0.01792807402518671,-0.013350527839017617,0.002345066295038503,0.032217923921644645,-0.019587410668879653
NFIB,-0.011783164954917965,-0.008677304402537807,0.03522813485301592,0.004227975885082689,-0.021698702161345434,-0.030371061979467217,-0.036693400001279616,0.015542859195026723,-0.04336956529717784,-0.030541155133582146,-0.010054500095402975,-0.01384304311538066,0.007944226944668616,0.03908023039141317,0.004870145843260433,-0.004346197558946278
DECR1,0.014100699250678847,-0.016571945158187648,0.015365031977283321,0.030437198159610584,0.002057874214615446,-0.020290395070753774,-0.006392629239370115,-0.012663257714707459,0.01782767565873094,-0.0392750657168669,0.05751847920587411,-0.01817520397109882,0.030971173995022402,0.04384881746658712,-0.004648519693188911,0.038330345494845396
SUSD2,0.0018107442064860164,0.01174294844147631,0.032165249960827175,-0.016291544672018727,-3.4543923041719174e-05,-0.015308081595785943,0.021365658040512533,-0.002406493229836404,-0.024654807425990802,0.026655174857451006,0.022271310965710917,-0.011311080896148915,-0.011326009565739032,-0.0010741156152681256,-0.012583386033992467,-0.005076071749398463
MLLT11,0.0022013067892549484,0.00585967936071736,-0.009854530495642114,0.03250122707764386,0.01644268451722993,0.009133813794037158,-0.025323664057475777,-0.026319964504586305,0.012317261811041808,0.0289377762815156,0.008787018549235873,-0.04478728043183933,0.001661268096978562,0.054986862991795546,-0.022304111644757697,-0.010868141770254792
SLC30A3,-0.02003093788120293,-0.012702293243734165,0.022728935214684397,0.023395487685709607,-0.0005400662059038257,-0.012825752868364204,0.00014650672846199713,-0.00489723832977948,0.03731380377292794,0.03162274764239169,0.010193044007354686,0.013405219977962016,-0.060600942374725776,0.004657509463573583,-0.0059499727378361745,0.01090314600488344
LMCD1,0.022971067546010367,0.026498756726450294,0.01330179549038029,-0.01294196840171605,0.015543141405547734,0.00905473848024509,-0.022569355602746352,-0.012459757337514343,0.0038803404061496004,-0.0014078873611571441,0.006487726395107515,0.002829803585139393,-0.02699285951073258,0.027140712321992114,0.015458776698827184,0.057420722054174256
DOK5,-0.028728207745420214,-0.016340181440484866,0.007546233143492506,0.02318875723991404,-0.011284729896127936,-0.013115907225970513,0.01264819046100374,-0.02517720219238237,-0.01645875011427565,0.017789270853345144,-0.018085445070732876,0.00043160947478960976,-0.0010500390390794801,-0.004357848462566044,-0.022208147436979808,0.013772637592712487
LHX6,0.026398501786357442,0.021149073424754018,0.03105225578758481,-0.0010299032423846137,-0.03313951057407444,-0.00595087583731605,0.0017326304688254166,0.012751894918862663,-0.006364980146405991,0.01680450414635866,-0.0074275591012929135,-0.028507785542858412,0.009963813093959604,-0.004452432220532295,-0.012174439378065158,-0.030644761579029605
NKD1,-0.024803838726777414,0.019655444692840474,0.027755704841225533,0.0263367220861303,-0.01251971828577403,-0.029105876257486465,0.017120989811106154,-0.014100380097888686,0.016153971177133554,0.03596154332163319,0.035903252062692896,0.0026806309331879833,0.003937025425571044,-0.025107513957238467,-0.01594973693710932,-0.023284827908678092
GDPD5,0.01378989100180833,-0.048075892620709326,0.03498004699639419,-0.010062758306481968,0.009236050317904853,0.018132103851073274,0.01747576102211709,0.010852431148972223,-0.012915125646762244,0.013468897057187044,-0.014618296515889143,-0.038746659667331464,0.004153866768466364,-0.03630414367126514,-7.7050705630099e-05,0.006428729864932207
PIPOX,0.011550922426053335,-0.034567876932655395,0.018792065478623096,0.01249753208955759,-0.005210829736018598,-0.0017135433494581357,-0.008538315949981284,0.04277123430986417,-0.0008633625955681828,-0.03946739658021834,0.07948696877622406,0.0026276595981703497,0.004018359801754258,0.002938187569576641,0.009547752749266765,0.02690526351228486
RELN,0.017595782064498973,0.017015880014631626,0.026351053153861968,0.001973690412918322,-0.02406500423577958,0.04539257533300273,-0.009530966356929578,-0.035398134320739405,0.040579698282021154,0.020426734763443383,-0.013946603830655473,-0.014367099935532538,-0.03877796685318179,-0.022801229849117005,-0.03472867954458927,0.03846139042109203
SLC17A7,-0.01549548525606917,0.0013115479208666387,0.024557725489723112,0.026364701258841407,-0.006515927166953399,-0.011167370232351512,0.03343554063727947,-0.020868947592290136,0.03479719487243965,0.026691161634876278,0.04319712597456997,0.01886392837976872,-0.05193223523064356,-0.00020961199801158587,0.002631263124099314,0.0015853054848537715
BAG2,-0.007355686264025568,0.002098053471318166,-0.003447981222085097,0.005517364569075224,0.025179647952123536,0.02431662323011867,-0.031069769097162112,-0.009520403068133008,-0.014091841150077637,0.007233375320622494,0.02161931888514449,0.004788268660424132,0.003154590033849545,0.041216004056992855,0.0003292376180829555,0.021337087078004434
KCNC4,0.012172085365546512,0.012166512912196495,0.03272231862363633,-0.014600200936515746,-0.017553165658825715,-0.01949912926437085,0.008568632098910898,-0.00035795422543959815,0.047808499018354385,0.030193957805649336,-0.054148542641734874,0.011512634171315969,0.04921316067199075,-0.011381960246819865,0.056393482235289914,-0.011569811470215415
GSPT2,0.0032451223833066542,0.0113215125391122,0.01353287148634493,0.015533291844536666,-0.006425892572716715,-0.023914432605408098,-0.008827482381257336,0.003388857101427355,0.00652800487621181,-0.01040246486049341,0.0025328075645230097,0.04079267125385965,-0.014422987467331274,0.0418108154467157,0.003040495777226854,0.05309189936297707
ESPL1,-0.03469112979704998,-0.021467718466377957,0.0024776810616907825,0.06772595703009363,0.02221560606086807,0.0014117062907109878,-0.029781525955306955,0.021177002170945296,-0.014460688894541654,0.041253210330496934,-0.014413959113866727,0.015760843277487786,0.028033931411409703,-0.019370172574263936,-0.027151958234937122,-0.011431413732319628
SYT7,0.0239182374236609,0.027951575584523422,0.028467800023116174,-0.001327313142943793,-0.014152407410505045,0.003568699807762416,-0.00028068905941740197,0.04546606372599251,0.017914835085642115,0.011878211333306191,-0.0338409663901513,0.0508783640403989,0.049460685382519305,-0.02852302643098712,-0.011639163124584904,-0.008235793375113643
SPTBN2,-0.022602230112440284,0.01396138066250741,0.006526596237290504,0.0479603058500438,-0.026800785321019024,-0.0141430979240158,0.019457543125100334,-0.015957293928956295,0.05537493942280191,-0.004551408876601809,-0.021061649950545786,0.03456340482064278,-0.004866354525652824,-0.030574187209130594,0.015790129736522003,0.008167153922987513
CD4,0.04815950821603474,-0.022763448391037864,-0.015381671876261374,0.03736974915388404,0.0007501275412925661,0.014791434943411117,0.018958225316292612,-0.013765866234595622,-0.018022597528973113,-0.013906127889096268,-0.002850597135218653,-0.008469171603049053,-0.035820123792387096,0.013871488819651149,0.013761522872556511,-0.04776385964013605
SGCD,-0.024276342341581297,0.018971620257029625,0.04936134548719825,-0.0059207619116460174,0.027080678975179483,-0.0028399937076517097,-0.01720245290505651,-0.055028375949154516,-0.015076084186523267,-0.027753304365739598,0.020916231856510405,-0.007059810803829601,-0.004704539239024017,-0.01783836918355166,0.01761594372898367,-0.015078369560154455
HOXB7,-0.012098819189589669,-0.026887919801409713,0.012941982900263608,-0.0005008360686409538,0.005372883281662305,-0.03671684959718805,-0.027218702169201865,0.013914566514696044,-0.003349210581041784,0.013844261558849399,0.00464342835310232,-0.029121826264635622,-0.02976538808884162,0.020747400684168915,-0.06001139688212647,0.016299434507311035
WIF1,-0.01117228842079725,-0.044939973320069465,0.043528599409802596,-0.022149017944095677,-0.017516392034752977,-0.011320159700683894,-0.004147557022571081,-0.019964608196769984,0.019909231369786753,0.011261920174290226,0.025147856955246423,0.007663244210535684,0.006184922865779509,-0.009067631515179907,0.004891876242087442,0.025316405221559347
USHBP1,0.027579288396762065,-0.002592314205889563,0.0392773999012138,-0.009147153773470125,-0.056528640045788905,0.051073356804237614,0.006593045289608407,0.04377838447365121,-0.013748869904883155,-0.006414258187262431,0.04023000370020857,0.0005390085229027624,0.01004011997742841,0.0013660333965944823,-0.027200333114044795,0.01886951156499584
LAMA3,0.010100802742978917,-0.00567603610276921,0.037354148925323,-0.01776473163441433,0.008291583291836605,-0.03404784638399532,-0.04740585740172943,-0.036298482974930685,0.02655726253579762,0.023357254082630743,-0.035941356586316565,-0.0023619533644783407,0.019933160659411062,-0.020969777605253932,-0.017715153306225875,-0.009276871024166692
SOCS2,0.0024994915228288106,-0.023155060456541473,0.043000111411392594,-0.012590589179139695,-0.008129746826093623,0.014259007749780324,-0.01535562138227612,-0.008569744900646218,0.031052757985130842,0.017936260006598717,-0.0009345140309802999,0.0015631207418973676,0.015494090299971477,0.030358001107145545,-0.014848138999295935,0.004272347634156478
HGF,0.025424028098829272,0.03386214616833709,-0.0011862944408159918,0.025366487475493138,-0.0019346664556130371,0.02192115382231552,-0.030536445335746114,-0.01810244840451306,-0.0011105167977589429,-0.07059105026080116,0.02712622923663747,-0.012663751956039943,-0.015973544283783232,0.011059016675346969,0.003628843109276729,-0.025612287643028125
SRM,-0.024188303024453784,0.01666412411285068,-0.021928260999352526,0.03389922527016921,-0.00544581728579368,0.02589270740030685,0.0413147577574092,-0.005378715571880669,-0.05345180090848167,0.03613760308009772,-0.015286804053930146,-0.030084748111955786,0.01381176788866788,0.005611460135588545,0.012249821679216897,0.018928810106401368
HOXC10,-0.020997210228291353,-0.010350335431170376,0.021131066999123316,0.00499143209252243,0.016871277151912993,-0.041837160293722885,-0.007774677844164931,0.017514813641012303,-0.011780978895490242,0.04731317303304076,0.01602247863661846,-0.017418922350290817,-0.043233706928759816,0.007831206264442768,-0.015422838713374817,-0.007873162862498393
ZNF512,-0.01829936722303052,0.0010769241632428586,0.007291592807618305,0.01878313150376127,-0.024360350736614113,-0.0093300373160001,-0.016328624465787683,-0.011994817004070853,0.014318789119101248,-0.009245719260520887,-0.026466263987989642,-0.00996693880763379,-0.00917152967049429,-0.004269967229493695,-0.029915950187992126,-0.014851503288243565
TREM1,0.04045644069502772,0.007850658661316559,-0.028799346859293296,0.042816777177839806,0.00840649446740031,-0.007785144940292638,-0.013077309560729155,-0.01173044530763522,0.012966726394718568,0.03612856143575451,0.0552223334625736,0.02470945770644748,-0.002342023049778287,0.025388187732522414,0.04957247416769005,-0.021555203875084812
MCM3,-0.03111790720023807,-0.0184450999449364,0.0014860668144486772,0.07489955595792216,0.02106585284479822,0.006415833889327668,-0.022704420479383976,0.011061063220544913,-0.02450744400571515,0.008257720603059671,-0.008835400673493015,-0.018549160970716377,0.01716064905816855,-0.0006546168993199952,-0.015339465089927807,0.03390517518098567
FGL1,0.011020819891226982,-0.004289143931610862,0.031624755660448346,-0.013978032493820416,-0.04147620837092263,0.027627965719799627,-0.0019261388557491076,-0.024632347202206435,-0.009301402039936707,0.004475763652449137,0.02084497496716717,0.03922093598917974,0.020427993020458127,0.037777472531893834,-0.014066074215452478,-0.034346788811432445
TMC6,0.03138154428668817,-0.019367105786412066,-0.006037215263426991,0.039680849360215084,-0.037653958653578325,-0.027761485958809073,0.0184307808130305,0.010239545310108789,-0.00209530174361932,0.0353705108815176,-0.0011467498044539816,-0.04597753368733388,-0.002695644437631282,-0.0021862157608660265,0.0007182126936248825,0.021081501590523792
FRRS1,0.01589903523869373,-0.053564054036106826,0.028092818742535355,0.003576876536127776,0.03192794715850705,0.041951317250379615,0.01128034108192217,-0.01637854786152311,0.032084956647621996,0.0035701611749086194,-0.015616561724088297,0.020402916422415755,0.039091527687102307,0.022101623822112577,-0.0532747516658222,-0.013285371826977359
DUSP9,-0.028351666643379955,0.013800500515323461,0.00858753678193273,0.03662668322247657,-0.021762508422396683,-0.04285110664639504,0.04572136916534142,0.023300391784347084,0.022994325340951395,0.04027465950702568,-0.05148922486189925,0.013687628593183995,0.008640361809142275,-0.01859191023268654,-0.016964112289758387,-0.05029508407822855
KLHDC3,-0.026329737858444675,-0.02874151277403255,0.015286878932871471,0.029333672970604872,-0.01810256888161947,-0.01582511383975208,0.01614691316411188,0.03893140427207261,-0.024266821158935428,-0.024243839894885225,0.014453789746783532,-0.035637048234397034,0.014370418681976554,0.02974503781902018,-0.007262528203906362,0.0449457886643397
PDE1B,0.025666646700221743,0.024261153662218597,0.015000791290859579,0.00804607546979723,-0.029602814305023584,-0.009569265633703267,0.03701647115141739,0.003842080634721662,0.0151485159089723,0.01583760673045419,-0.02391199292838493,-0.010633122254078869,-0.043383703599830986,0.02287026343966786,0.0027873129070672973,-0.03155987748168704
EPB41L4B,-0.008675225900511162,-0.029892309179120596,0.0327263874980521,-0.006511291798974174,-0.013022636996786007,-0.02070679020846054,-0.025161208209974577,0.016327943964471344,0.03355774533856236,0.00417634666834852,0.063182165316735,0.018608338481917806,0.04682945606126514,-0.023269045720513006,0.002998934144092783,-0.005949437417899093
CBX7,0.042794767383235975,-0.005460723315086326,0.02308941931008903,-0.012035210654457701,-0.009565482849688183,-0.04685567671682593,-0.04319669723871257,-0.010131342596301303,0.028990277849437834,0.0066062374612788485,-0.005900208980536283,0.025426323516893,-0.011402674475269525,0.012682090207663178,-0.00825530953580195,0.028088256868326646
C1QL4,-0.025622441856267584,0.010337619259111855,0.019468791168577068,0.026020959225281595,-0.00255199328832882,-0.038549414685188035,0.010843075838030368,0.003811447931958545,0.019505266882198016,0.028576514445473246,0.015572430368075374,-0.017314941436134886,0.007343262677656335,-0.016591312720055398,-0.033729477041294274,0.02552468784766572
MIF,-0.0037685503782187773,0.013549474564764585,-0.02986306917601468,0.006202149354289982,0.002205182755824487,0.006716676391078051,0.017081567285484725,-0.0007227001646153298,-0.0036949269991700777,0.03195228557466105,0.018319247626607173,-0.06567573402273197,-0.008377544171938284,0.0790486295960279,-0.0385034117198757,0.03676210068170515
FARP1,-0.012666938381148882,0.02934522958623424,0.030231413734609594,0.03707908381009356,0.01659128372248539,0.014256915106237123,0.02482974338102375,-0.0236341632248501,0.005822801324028943,0.022465128650476104,-0.040652285412304666,-0.015823323082402724,-0.02861819319994025,-0.032916798412496985,0.002811727324975298,0.05036253809092677
FRY,0.016104982325432383,-0.0016173873807573472,0.03725717217636514,6.207704680871707e-05,-0.03897305819231048,0.053566284125985034,-0.0388625502775878,-0.02713498001182299,0.022297839495408804,0.005160519742355395,0.029281652163293564,0.030321366330168208,0.005624968446938649,-0.03683204161721159,0.036438802239756866,-0.009065893931826847
EPS8,0.018258703044740202,0.04153479803305858,0.018401859409834735,0.026903614407562657,0.0027615779271190164,0.004033202186227788,-0.029447640450699933,-0.011118506723181022,-0.012292553747502414,0.010607033508532086,-0.02697866753207737,-0.00048606894716255594,0.02162086264409713,0.014894910757932645,-0.02035666418122016,0.015346749564226185
ENPP6,-0.006354899784252411,-0.008458942514910335,0.04240087910654987,-0.029729117000566997,-0.006949450459567056,-0.01671002963954128,0.01872057678034185,-0.026412429934772615,0.0051964282104314625,0.004277828298798301,0.016120390828648294,0.019157674740978424,0.04573796367070846,-0.021159285400386613,0.017020111108856095,0.0037655759029814194
PTBP2,-0.022055855880384688,-0.02138795311339141,0.02994984847958166,0.028613571637631608,-0.006505589223813972,0.005561382448728951,-0.05016440139812331,-0.01306226185856649,0.001801138133746446,-0.038789460624751096,0.003378351395016188,-0.02796748815475253,0.014310482271657324,0.060573598617489406,0.009422871098055372,0.016880128498336328
ZC3HAV1,0.020750655541896187,-0.014398110759749075,0.023014509037146386,0.0058453070556576826,0.0044515292307778734,0.004208564132210436,-0.0690347517256276,-0.05160239519825158,-0.042544721434539176,0.019254736110322954,-0.013175315783816347,-0.03105708778412103,0.027959466788588044,-0.030540958074999933,-0.028992623498233398,-0.017537712014915958
FKBP11,-0.024749209272629368,0.006172158906135554,-0.001494099260931675,0.01920556318017637,-0.007621842972040103,0.042534351486528316,0.06511113907747842,-0.03901076859913695,-0.048809900911930264,0.03071111447176733,0.005339504056394689,-0.018064462413314518,-7.569561641139824e-05,-0.00724940565624543,0.019360400282509852,0.03363381415829918
KALRN,-0.0037064721865195157,-0.021299759657181516,0.04394695199336473,0.0026420038866744986,0.004454051096237118,-0.012144505486600819,-0.011080617260834582,0.04015125346203239,-0.013911952355712659,0.0012470994888395424,-0.06307585596213676,0.03148158092734676,-0.015077110790173322,0.036214932848873366,-0.0017535523050054118,-0.025960023605898726
PDE4D,0.008641633037742638,0.014510269975550528,0.01969269137754515,0.010277927524854477,-0.00896223313642866,-0.005493196037188916,-0.03423014684632956,-0.04240713444188158,0.018060287954066053,0.034343991631235034,-0.03099107967257727,0.012832535710971425,0.031736544442937255,-0.003698457152007246,-0.008216367755039729,-0.03326003225021242
RGS16,0.02839397251403521,0.0358354913203163,-0.0029754843131305723,0.0035100058635359433,-0.0048337839010142835,0.011228321601229538,-0.011886155823133512,0.01885009883245663,0.04853961733489376,0.03913858585539204,0.0019256291752135317,0.006861177063790608,-0.008019708471472037,0.0349558591916866,0.0475500801182093,-0.02258872142662277
PRRG1,-0.0008128249218249443,0.04256120667584641,0.013856772809553365,0.040051524030559595,-0.0009804422124153017,0.009699709775130537,-0.011922412597865235,-0.004738337520750593,-0.01824396730775732,-0.015370606253979076,-0.028251391893509316,-0.0032661429657209525,0.01948486817420703,-0.005411088480854263,-0.017294975347754718,-0.002489341650779165
DUOX1,-0.023515626350426203,0.008072519242687232,0.02744513860289591,0.004740907945791873,0.016894355567658455,-0.051389964512898886,0.014048348037787836,0.004087397227701649,-0.015038976935654452,0.027697981225008175,-0.022392175880547312,0.00873251971653668,-0.014659376335184642,-0.0169474958766916,-0.034450462054811594,-0.010923557712964327
WNT4,-0.0015682085430629138,-0.018591434271855996,0.035527994693269,-0.011390819396068404,-0.023920920091030466,0.010157095747275791,0.036121917060394776,-0.010593750735553267,0.009659091001050876,0.020086161444305965,-0.02567047479890443,-0.017718421650667886,0.017610053273313483,-0.023623318438040712,0.028857190733020927,-0.010659591317197532
KIF4A,-0.03130483335952744,-0.011330216148985325,-0.0063775413357928055,0.07532606123742622,0.0336335359767077,0.01575697259981302,-0.0300267825919839,0.020844279788363212,-0.03831205399132551,0.005282025950682018,-0.0093619960331858,0.028848123252068612,0.008545114303223321,0.02071877816973282,-0.006793337909852346,0.019588545090126024
DISC1,0.0192703215217235,-0.01832604838337664,0.02906027463251624,0.025911857489832744,-0.019433307062305193,-0.02425883595193468,-0.01109440664800564,0.027584035846222973,-0.001553337506354206,-0.04776596930485954,-0.013890642800317913,-0.03536834715893974,-0.017065029180047386,-0.007625109634521339,0.00036730817732143884,0.028278125649472748
HOXA4,-0.0327811867499547,-0.011947460731215085,0.012751792468092306,0.0174457082622455,0.011231964612162035,-0.024416451106452925,-0.021363937539374496,0.01823153789551602,0.0061795991975840785,0.03914037627465546,0.014102157884720131,-0.004293330522825644,0.004082754681617984,0.03841096344656325,-0.00883617961009836,-0.013857558452696643
PSMB9,0.03797759971053334,-0.03045565790780986,-0.017951225540614617,0.011968841945489386,-0.005983914166914333,-0.0378330954377778,-0.013832898767064242,0.008175788717739078,-0.03337701893826612,0.025161621997673942,0.02244106071229165,0.016787681117867093,0.003935900676426689,-0.010362124693196332,-0.01589066288174098,0.046494871722465775
PAX3,-0.012989892650713559,0.0058792869057507705,0.028902807122396606,0.017245715240878992,0.014847725958085482,-0.04033198515165926,0.012572880405120902,0.03019654549781849,0.030022505602189768,0.008288652061633515,-0.02557513361883991,0.03346802314350236,0.013699265107058486,0.0009555470515765366,0.014673352601757896,-0.023019910957130706
GLT1D1,0.01364567368025249,-0.00359072873129872,0.003066012815191755,0.002028237421044754,-0.015497543006601097,-0.022782988984155574,0.015928193089354954,0.0037988754377078805,0.025656321650490595,0.04350634996768525,-0.01067953628492639,0.023348909583619275,-0.007377358038555993,0.026036638598243598,-0.05626338261153262,0.020270204467783888
CKM,0.01311231405955105,0.002438374592891264,0.007524365714885497,-0.0013604615974694549,-0.03471739192677101,0.01218415132988044,0.005813817154486811,-0.024730339523035997,0.016141141076277232,0.03228143208177568,0.011865869411043709,-0.013663697496024703,0.06015230548141242,0.07175715805271753,0.061348405732060955,0.008742467393827518
GPR160,0.014879099033385699,-0.027840520742547514,0.02175654733933618,0.018786883267378617,-0.01669334231823519,0.00985956463904741,-0.04426838968922743,0.011916635053634408,0.025888220717898452,-0.01725835415458698,0.023216825618014057,-0.051407062326210826,-0.02257828287680217,-0.012560538970343767,-0.00951571792373166,0.03352674416926486
FAM20A,0.010244551084002924,-0.02985662945438492,0.014078734999339204,0.02946425108927985,0.03473421080090542,0.004127012987351771,0.033724732355521536,0.007881713871721636,0.0038281096950916276,-0.016688731541321083,0.0460201525158331,0.004040981876431865,-0.01783402838502845,0.007770268990245651,0.03177513499682351,-0.03441901213295355
MAGEL2,-0.000853187148180876,0.020441425042094844,0.026505315914639244,0.007514872883959338,-0.015350160551822669,-0.005482836986906431,0.04649208897813616,-0.03128437038403529,0.03560219661444057,0.0018675305953619655,0.0033036456598911725,0.05431202895084198,-0.022016314916123422,-0.008780714843030078,-0.027128894849317478,0.031024487214347845
TPP1,0.03936798774330588,-0.03283317123868153,0.0035507141053288294,0.009520838989521038,0.04057209695438535,0.00492962616091234,-0.0183230591588975,-0.010816199692361663,-0.01337203570793221,0.0010035120685875174,-0.04289327997514279,-0.014404576901264222,-0.03370585797325692,-0.020237596824510064,0.0031961906797465275,-0.06594869187675469
CLCN4,-0.022165831110303496,-0.005177319465516716,0.020361826601833985,0.016431293131851474,0.04408215980744017,-0.04421988936566242,-0.018680551618116055,0.01939914937897045,-0.039756163503400714,0.0008997713156306906,-0.005675856012580598,0.024817694225954104,0.018084471459786162,0.03227248903449129,0.028997493925720402,-0.012544645803407365
KCNMB4,0.015955680029788567,0.003999840210361007,0.025625258586713127,-0.0036293160009928487,-0.01237932858784832,-0.025085082609432964,0.003888135264842196,-0.009309362576955237,0.01731919949644463,-0.011862215266517297,0.029661923115835778,-0.03117828592566591,-0.04562149237036659,-0.003657963706507215,-0.031113238019429383,0.04380552417506038
HMGA1,0.0014543147471174675,-0.03866320578997715,-0.020189660980005644,0.027855700091963306,0.0022397272265666495,-0.026187043102971694,-0.026970560199087265,0.02402375479825243,0.02339650477536853,0.07038774332981546,-0.037510142922177296,-0.009493066396610128,0.002394159669418269,-0.0004662015660636797,0.0025921085331427705,0.004313840221981032
RERG,-0.02851594294036772,-0.010444099109411981,0.04158215416686545,-0.0033781918796360506,-0.018140078781534907,0.004183888727013445,0.009252279156714926,-0.033253806858312994,-0.007265283846286274,0.02126540035676871,-0.013679498519398352,0.006528892463039332,0.0029303933101721925,-0.01705172974104158,0.031618153141907,0.02147825521298618
IDI1,-0.024289957967538293,-0.02548989896331034,0.001982200577901639,0.041906810060821864,0.013552384531963509,0.005151421552510442,-0.04228130580059948,-0.022106816831381618,-0.006641460004633972,0.01095217543400058,0.036391248409947716,0.010913069686804841,-0.004779616618224037,-0.01491331985279321,0.034646158852203485,0.015838161992304048
CDC42EP1,-0.027748847804078405,-0.023340806617557684,0.03364233263827967,-0.0024341578572537144,0.010489238500177776,-0.0007888414695603188,0.013591180852071274,0.006335988883318922,-0.04944752380761697,-0.015490719604952234,0.07166694175532617,-0.010560344362046318,0.014916113971674057,-0.006478625729390139,0.024253190532815605,0.007225262615413565
ROBO4,0.037639300380287975,-0.005845441319565164,0.031481547855964166,0.006499227288380304,-0.042062687616233344,0.03221750192505498,-0.0022478701206427682,0.08600232009752219,-0.019034995101198555,0.013858534039361896,0.005578789776579118,0.02273889639025567,0.004882884039950974,-0.039397112413520216,-0.005452308361468191,0.024919850842834986
MGAT5B,-0.0006456061746445481,-0.006229049414140473,0.03585607595480117,0.0016788330293013584,-0.0073445639901903465,0.0021304910186173065,-0.006996653989145297,0.051065199056317616,0.029023845605835163,-0.006897041763428722,0.02563927155897422,0.04096590842339152,0.003198796517079016,-0.020227484621977935,-0.03252440374329965,-0.014416811909517577
RASL11B,-0.006688681801589794,0.02427862284834928,0.034532445335048886,0.014140123942934563,0.008045163444851393,-0.026866076605004258,0.006117604026278001,-0.022391620786935778,0.00674229354602165,0.00672761859731763,-0.03542120647452483,-0.028208045433847292,-0.024586725913063684,0.020348532865322566,-0.025566432242917096,0.009083680191068928
TM4SF18,0.0298456480306779,-0.01370392467588892,0.03151217097475345,0.005411609304382474,-0.04714245226544256,0.041883838010425584,-0.023817412320339033,0.07172164198606681,-0.028155530372455946,-0.017917344409682616,0.015069419670692762,0.023448847894267735,0.012056716735688745,0.0023994495530812792,-0.03226788025430892,0.024083694999755167
C1RL,0.03869431586418383,0.02229791147892832,0.015769515867427475,0.01028115759024314,0.03869034821079123,-0.024970623647150116,0.015859787792637976,0.0009593018633287207,0.023112526898036636,0.010055087799504113,-0.00444505820735121,-0.01754815685538086,-0.022169597456347938,-0.0220318634742206,0.031081597153332106,0.001636035408927124
ZMAT1,0.02894867709750293,-0.032793342192055555,0.023699187700855592,0.007753773908832884,-0.008202580015069485,-0.006126385912837786,-0.028810882698598893,-0.016872129896474228,0.04611324354232486,-0.04384959965721365,0.020101122454625055,-0.011033951204659748,-0.013388240250014744,0.0022278469389638445,-0.014188679997697623,-0.016219836824686935
GLI2,-0.02327576970922508,-0.016356743345279177,0.047031822138324464,0.0203878268174225,-0.018173398650008506,0.0034200767552077867,0.008569568047697304,-0.023766770717651736,0.009257347079188861,0.02086156387641764,-0.0021962821365296512,-0.0018363434930251665,-0.023019888516667086,-0.042702470257733965,0.001091822707465123,-0.006962617054158034
APOA1,0.017841894045334435,0.014033427340631479,0.025179562919992182,-0.014545992991416219,-0.0278478032111929,0.005249931002346586,0.006424551407029864,-0.023439554378051685,-0.003240661688611433,0.01578091039715161,-0.017911221753497027,-0.017884251021395577,0.017219595440984135,0.023121334252884932,-0.015182320713757243,0.028327284575555854
DNASE1L3,0.03701692605702815,-0.017157154196366278,0.026993880406385277,-0.008316195254460038,-0.0311323839901074,-0.007478446599535296,0.00732112020932666,0.024324127900584858,-0.016598395973234096,-0.0041429311389451495,0.011864366974332251,0.007041457799064541,0.03295124994897661,-0.01126938632539035,-0.032326504195260945,0.04447643932869839
CHST3,-0.011449348818750246,-0.009571207541128402,0.03796526067026276,-0.0015756477894007374,-0.0014255269033882651,0.0012576129218407873,0.008412649412040396,-0.010825318522372755,-0.0097074280897465,0.050837223868010165,-0.05799336080012833,0.026445925789562376,-0.00014104238274550204,-0.06640272390020166,0.03567189430725122,-0.022368037693901572
TFAP2C,-0.010120802554918268,0.005448752284760524,0.014298874435094363,0.03313983564965362,0.0011599126694380128,-0.013332316606364398,0.01778023406690766,0.02107089168933291,0.019092220117635887,0.04381423324550652,0.015149295946142192,-0.028987046280948982,-0.03017352342889086,-0.04786141645098153,0.01563275768622025,-0.058027275423051014
CCDC18,-0.022881696307560578,-0.001844791605035878,0.009810201062770422,0.056790306724993744,-0.008527302164999698,0.010949906433941295,-0.013145128275403577,-0.01495102701930992,0.009655368542670104,-0.04064001464243998,0.042848436463896494,0.029015084509964748,-0.0041223213769305735,0.014010439938956879,0.00789726437278408,0.03331140879998469
NFAM1,0.05063581631366748,-0.02891800380267529,-0.0016333365105406783,0.031151336503152563,0.006574885337894992,-0.013488289409890861,0.02063485383016015,-0.022195535804626104,0.013750725334303724,-0.023301631964053063,0.03915939179382915,0.009939923871419488,0.017315162354351113,-0.01852046485165168,0.005453357382598478,0.0028249898789903935
LSS,-0.018212335597638702,0.006676725605449267,0.008248363471138706,0.01992719820217901,0.04213574803253443,-0.008410229466769639,-0.00613321907753536,-0.0029477391168722094,-0.021621398658947882,0.04673200306389202,-0.007014145564224049,-0.03077183105553153,0.04240090633935701,-0.014559276851278436,-0.004093424776439468,-0.010525674851922533
RNF182,-0.011577705039219335,0.006316366862484538,0.018198827233488372,0.040420177846102974,-0.016859223306343683,-0.003155447165944526,-0.049989443478725984,0.028636763343175723,0.01860076270011763,-0.0021245254295961385,-0.00495130944704791,-0.014582421319722896,-0.022728847731398636,0.022515071914310864,-0.014359722281861071,-0.0014712305638928894
TBX15,0.01383171431030732,0.04004717650700793,0.02270216872234462,-0.006196273249046584,0.024673081328774885,0.007736148549504478,0.0013233894896774847,-0.00296115760195452,-0.026958619456527146,-0.007696955817349216,-0.050236666217942136,0.02023599779764715,-0.007102368249208858,0.029687034075745147,0.00622478553563817,-0.036122405748301105
TRPC3,-0.008325421403829797,-0.0308159539464846,0.02391458760380109,0.0038892450315443335,0.007708902728049614,0.012597209888067298,0.003652246812439383,0.001653054524834651,0.04837007737512479,-0.010632228190410107,0.01835119863930928,0.02394829165700987,0.0003862358804322518,-0.005393363171393772,-0.0435914625686683,0.038007728201129846
NR2F1,-0.0031214172797624272,0.032869610566506294,0.019867027667994704,0.04069571274882921,0.0005835562146952497,0.02589996738445099,0.00825672828830117,0.038990670589112396,0.009624144720416308,-0.02603232026009044,0.0059676154579302145,-0.029957658733277288,-0.024658261166573565,0.013143608665759261,-0.004587872170185359,0.009060285494923678
SIPA1L2,0.023891721993920603,0.004581207940930679,0.04735220031923191,0.026702246680316264,0.008374292614903698,0.03712349125420848,-0.015069120215713105,0.027693772134859865,0.026338254595279012,-0.024620271101894402,0.01722111346481626,-0.02418178975134698,-0.02281544784781524,-0.058383639742818114,0.03248781543525871,-0.018373778404941213
MDFI,-0.025627354586920906,-0.03642412910263542,0.019151001856908333,0.013580816013769283,-0.006498320649637349,-0.02725814856367616,0.03599658905276047,0.044303166935286804,0.016583753389910284,0.0002398419642689562,0.07250657431193393,0.02719947822707288,0.025950972514659127,0.01770827900085631,-0.01583007701801669,0.0025597466270881526
ANKRD22,0.04765549986921106,-0.03506283992177124,-0.015901847796257446,0.018742065417686186,0.007123128673614793,-0.040352991450489574,0.01386556161412861,-0.017437290802038163,0.019098465276819562,0.011026324393318406,0.0246763002387569,0.030321408835303397,-0.00013482487284091106,-0.014709071707371525,-0.006180985761410024,0.03794487295094852
BAIAP2L1,0.005224689092812362,-0.001282707951034484,0.01028848619545579,0.03368362354711498,0.06106818006981668,-0.02006407107831903,0.0293362178172927,0.026601085789617025,0.046694671234211914,-0.007859340386650836,-0.03609176301706543,-0.03092605520767727,0.01286831369745634,-0.018418264032491277,0.011672290900706487,0.037647434619567696
