,PC1,PC2,PC3,PC4,PC5,PC6,PC7,PC8,PC9,PC10,PC11,PC12,PC13,PC14,PC15,PC16
ABCC3,0.08692080920704318,-0.03252267392118435,0.016463047602207584,0.03356205985752625,0.0007642945678346114,0.021347970512177517,-0.06510793833445094,-0.018566146401728295,-0.041386821788905744,0.02135676566158814,-0.0019471041636352632,-0.01425745382698361,-0.031966118615881195,0.036421153153012836,0.030880063066236068,0.028379939668866566
ADAMTS1,0.01065279770835137,0.08374224327415855,0.03633433200344176,0.06524347597639316,0.0008243009719788585,0.025806121075996932,0.07796293492309403,0.027940481394503076,0.061309009626060784,-0.013253115435546983,0.005105322377020863,-0.10685420136129786,0.010877154758340831,0.03199528569157109,-0.021717361865982644,-0.03835816081704391
ADAMTS4,0.03208956678639452,0.06370785619006297,0.016419120651590374,0.05087853784370622,0.06607724173233492,-0.017154979657528435,0.06027094395339366,0.00484167974014095,0.0973645995545757,-0.0664569326497912,0.038435318091604186,-0.11572897716767022,-0.027662262388339236,0.024835326548053413,0.001969589967669813,-0.04355221062338924
ANGPT2,0.001280320802566015,0.0031477293006531015,0.011939232731509652,0.02144278592893767,-0.046674189840952875,-0.011597293941707554,0.09067906331072742,0.06694868269366674,0.09470576086157449,-0.004770754454167105,-0.006775837714051491,0.037380081635378565,0.009950449594262722,0.04703386574217776,0.1390299500320327,-0.05414184563013655
ARHGAP30,0.10688338757957602,-0.028873684895019514,-0.011920504661023151,0.06706718341799522,-0.026685175664161523,0.014989015890735383,-0.0790190648428025,0.016694738004611992,0.0007064169436727524,0.004597350178446837,0.018407838555741497,-0.011743929827551292,-0.016304781513487132,0.018100107144955843,0.029001679513084747,-0.002228251796439984
ARHGDIB,0.10385531672941223,-0.04502145417733705,-0.0007902538176628449,0.004174382255589609,-0.02702430091236452,-0.015698893699633176,-0.020718447477404422,-0.02124151841500585,0.043489820588343886,0.03506742937749564,-0.026318273901778672,0.037488094617749324,0.006403869774613977,-0.04092487832732274,0.01617865200733283,-0.0002742134597698287
B2M,0.08379219145554236,-0.04467024334610723,-0.01721599674627161,0.015563764539343827,-0.016634081444999095,0.028048211902165443,-0.020785964050922298,0.07555973006240341,-0.016743986106199562,-0.040651844384611176,-0.05303148149977579,-0.01056159842426381,-0.011818878868874588,-0.10323073680193892,-0.08259858582324005,0.018888678544858192
C1S,0.08080758410297045,0.04300093845113546,0.045628043100211735,-0.04796603831939639,-0.015454320483216377,0.053236255283633294,-0.007028955029871435,-0.011547228569044693,-0.003986013177086002,0.006023588897307849,0.08226763258979071,0.023339155548235846,-0.0373240820420056,-0.03063180924438952,-0.09067184341430315,0.013923810792606295
CARD9,0.07944538590916571,-0.04458437042486967,0.016304178679211464,0.03977744986605536,-0.012155627854157136,0.005719229885140578,-0.0722003396984185,-0.028431536106406696,-0.007231442795491483,0.10608289729252972,-0.03236779973923345,-0.04000645428203826,0.050727040753958716,0.006155244866490293,0.011121491420097822,0.005420970286458077
CCNA2,-0.053407997686466396,0.0031090380877674987,-0.012998868275593982,0.14273181073519667,0.04681951915420257,0.03678387844402081,0.0019463159727968124,0.0500841738623225,0.021710931351267046,-0.02481521694206229,0.03846678424945825,0.026157305735893477,0.024341026309735364,-0.062158435447735944,-0.049006233760045814,-0.03171905631310379
CD74,0.10183426532411424,-0.020655071294048942,-0.018047993053817418,0.038451986366882365,-0.07178424311741682,0.03479626691838267,-0.08407158422106505,0.020404790532549733,0.014634113336220528,-0.032639428147935044,-0.02318752978133806,-0.02862112201180075,-0.05044745805340396,-0.007610403604128305,-0.010042622664545192,-0.0014693777406202257
CD86,0.09285059389276862,-0.009443449998437348,-0.016760279684398832,0.05144601089125161,-0.029343577860242658,0.04965588334775026,-0.10848650516198002,0.040410950186969774,-0.01007847920960802,-0.011180968796893662,-0.002383657538171602,-0.026941441839176572,-0.017356904875286294,0.0018087221033344439,0.05939224815670835,0.010178547623788475
CDC20,-0.05891336068341753,-0.0035562368581395203,-0.012899573470584126,0.12076272043680973,0.05120740977057775,0.047140949371290104,-0.05110028281419576,0.03270028807364787,0.06554209433508634,0.021168067103613186,0.020417833323762263,0.025842722658859396,0.028709098535203568,-0.01309881710634965,-0.09125611809810108,-0.08196045763093185
CSF1R,0.08470487101586123,-0.08022230914043701,0.03809109686598402,0.03302363432468982,0.05758384932143188,-0.0451624236170247,-0.043652828348596406,-0.04488001622509126,-0.011024161795929077,0.0004355449745671591,0.008641393998977231,0.002302843240444292,-0.007522788162909022,0.028973752550337975,0.015609752809211914,0.015960578259498332
CTSH,0.06942684983012841,-0.03194045481796411,0.010034372033090898,0.0023427561299655354,-0.015546042089004583,0.09490731493232407,-0.08623678042490679,0.011927788505162268,7.459714151870044e-05,0.02450985474579105,0.001512062026173211,-0.025164347487888428,-0.06203028007452116,0.03215246870425377,0.023089291167885915,0.027176704460438017
CXCL14,0.058651275353123006,0.0584600639742074,0.062142459705974776,-0.048268486083721876,-0.02458622810371529,0.00808712025634947,-0.023152304574762805,0.011940602685765897,-0.005191561633128838,0.01147316342753707,-0.006685146820697485,-0.09611116623845414,0.03130799766186815,0.03073430923628838,-0.0332985895660264,-0.007350747088084572
CYP4V2,0.08465471256461665,-0.03004168769584417,0.021118748415565183,-0.009666593212110984,-0.006080302445163931,0.06399595300019655,-0.032028244646471304,0.030920377040336997,-0.03323141689973563,-0.005407671144490395,-0.010717827162361285,-0.01632605557786118,0.009853136859869896,-0.0019061472077974914,0.017288132001190518,0.003714642892278769
DAPP1,0.08817636499661323,-0.027523892276925695,-0.01784792217659787,0.051739111548999635,-0.04373476459217563,0.00969465198065857,0.010211797895189313,0.04665316662957947,-0.07165251904092501,-0.04094095517795007,-0.08247302588470984,-0.056575884567861584,-0.032067020777614696,0.013912006983054795,0.030596191198947725,-0.043909972150176765
DENND1C,0.09584351740490175,-0.0491577735203113,-0.012017667965963074,0.04903822746154513,-0.027606284682547545,-0.007152040373817698,-0.0408265914182312,-0.03133078379073995,-0.02900210192337116,0.03227837976746811,-0.04284420881329418,-0.033983948291225766,0.011753383288999053,0.021066192740309735,-0.010899956597010381,0.03483849754247392
DTX3L,0.04946947433134819,-0.04530889126063918,0.020625971835760662,-0.002872755796900382,-0.006404511019349999,0.11994917650565662,-0.027262083087547188,0.051810272726622475,-0.025557736281751592,-0.06780461696260631,0.005143702629534647,-0.006550094265589557,-0.003441640573025817,-0.06286887355588328,-0.07996862318922411,-0.06699123176970992
ECT2,-0.04554739654670977,0.0019015655547719313,-0.0003206891400416023,0.12893586420241474,0.06553641265591105,0.056591346690761955,-0.0058229188643246586,0.060083471297166284,0.018067968121546485,-0.029186917075804286,0.11095190901811486,0.028109209353798847,-0.0025878858003441363,-0.03262924766760257,-0.023107593577476798,-0.03959617681204561
EGR1,0.03286719902714669,-0.012633666476404229,0.04743532700684688,0.008952983937983428,-0.0069680632112184525,0.012738691900562532,0.07857903971977746,0.06995749043226124,0.0119754340079346,0.06688182273411031,0.034143933218612865,-0.017090919752821954,-0.02995752139663299,0.08202521239446528,-0.006906190270220337,-0.07413718393342539
ELOVL4,-0.06242425012182539,0.004889248141040145,0.04582321605492388,0.0634251353642241,0.016433046793451065,-0.0052511229095683,-0.029745539242510007,0.00042867324589551203,-0.004650543591504448,-0.005319845301055781,-0.008119374605643714,0.05988129925452599,-0.0616285855752353,-0.01433286688785454,0.04470697172973439,-0.02896396978730087
ENPP5,0.049621815863430514,-0.06513449823797522,0.028052654011705636,-0.005715527625529354,-0.017844056586282984,0.022116326157386852,0.05652567958861617,0.02670353432194965,-0.07290761059825465,0.0012822301401973768,-0.08236779424670149,0.05806560349202211,0.03755584499558649,0.04077161139251825,-0.03968816026824457,0.011162167258474381
EPAS1,0.07173710307443217,-0.024107241020584588,0.0677738132970598,-0.04744159453801736,-0.03494267958110196,0.04575862055874626,0.08116738936206706,0.026882556958001163,0.0037192585771726617,-0.024011690596646373,0.030167955897992316,-0.004833853623396167,0.03050813537323724,-0.03264114465497019,-0.017014467139216644,0.09343552204385569
EPHA2,-0.050749486480024274,-0.03666992454254297,0.042428668827136286,0.05029743105409632,0.03202827863882201,0.004072198003319547,-0.03612894924461805,0.05202235249660276,0.050957811274527524,-0.003433742604598035,-0.03625154626214386,-0.04029069233243961,-0.028625290340792642,0.008214672924902577,-0.03158032191953167,0.007563501055243088
EVI2A,0.0750835766316531,0.005463000473526829,-0.002012511075530595,0.03177942755301254,0.03521359034401841,-0.07703554198489104,-0.047609334918687234,0.11527870716704941,-0.02854268423205685,-0.04335778234575202,-0.09800028299240397,0.02586127510748811,0.0446756347986586,-0.012152856945640833,0.03207508147589632,0.022991964201193954
FANCA,-0.06642428385273913,-0.018348013305230344,-0.018631432664018618,0.10505864647916287,0.015412404701864177,0.00010167823080905141,0.05271080848725943,0.022691090726852915,-0.02684264737317537,-0.06464384626034107,0.01139863538425128,0.009259749300528447,-0.0855418687772679,-0.00728483645021355,-0.04727460224551723,-0.10585996648639567
FANCD2,-0.055421465568873396,0.0007560787470013525,0.0033867744517205047,0.14729657878496985,0.03482495275024698,0.017766005518429624,0.03635321177493861,0.0364300898637767,-0.019884688110651926,-0.050477184930355606,-0.030896766594412425,0.007811112997377013,-0.009698617815478362,0.010617575440049654,-0.04865763170330578,-0.00866791476579154
FCER1G,0.09868886915896266,-0.04025927677836019,-0.029628413403448354,0.045576725482794296,-0.0009469378419878726,-0.010886753406812593,-0.0928913379481701,-0.004557808776766529,0.012080230560781129,-0.02141034663079789,-0.014540237657206533,-0.009712135117369168,-0.019768777630728648,0.03780890328186948,0.010169680677710643,-0.010296312794829815
FGR,0.09445863179361189,-0.027673855658077805,-0.0050860489582771045,0.05185642377429844,-0.06060861364782677,0.0060748977952805264,-0.05278582131342128,0.04175393856170965,-0.008132850600205894,0.025701668999663512,-0.0045007377438401885,0.02178926777548116,0.0007407476002117813,0.03865610774732475,0.049713517318765964,-0.013614310097347607
FN1,0.05542478658181959,0.02536159801892982,0.07682060417755787,-0.032025730454819,0.06335282303017155,0.01645935890696541,0.029923003779330826,0.06605903596464617,-0.009136781116390474,-0.0077859719559396036,0.030798412149860004,0.031609480325003846,-0.06064321046446484,0.04087719996728551,0.0196888497956395,0.055356705681603405
GAB2,0.07659538701206056,-0.038302968636981724,0.04439761813157413,-0.002371624960275141,-0.006868377988373573,0.01784594882108817,0.06714751111471913,0.0332517150097797,-0.05286034546354393,-0.03692748350052068,0.08145662858742046,0.0023941103248855096,0.0013588108756274189,0.006005221881904593,0.06743497889291847,-0.0019794082460382317
GBP1,0.08486239556041564,-0.02327656838424898,-0.021875540553128854,0.026365887175315104,-0.02454230475704408,0.08861167623360816,-0.011421998317105001,0.017986424218552868,-0.008975601715870793,-0.03203995484514034,-0.010391962107267476,0.022064398259932658,0.004988788272930943,-0.08964794416705375,-0.022920771646445386,-0.00705261466171591
GLUL,0.06215082626936464,-0.039009768824341956,0.008806860386863917,-0.00506907792068654,0.009919683937279029,0.04515405035072415,0.02668543723783977,0.005460988160558923,-0.04821619432613407,-0.020425617673846944,0.09294059505183712,-0.0585345846962897,0.01350106046179429,0.07486312208795455,0.007741163173732082,-0.06368282440360434
GMFG,0.07977388748822813,-0.048988098943817025,-0.008932615811980084,0.006496159801409653,-0.04838513303042715,-0.05123283666486806,0.002421799235392417,0.03195419404677974,0.012004255758749801,-0.054493865928222994,-0.10058671611362666,-0.04391263867967536,-0.044217432095609355,-0.032978995009261165,-0.014122263234715899,-0.0892188972386984
GPRC5C,-0.05318401057494796,-0.018835725191755085,0.0838957238772897,-0.0014960179012944838,-0.02720219539182555,-0.04145458521690483,-0.07747023541566957,0.00045729494342332955,0.09056817798140154,0.0013363147375473395,0.051833645195730575,-0.07943447992253981,-0.0035254954196960848,0.0276648351025012,0.05586837493011859,-0.022828266441056712
HCLS1,0.1060444772645786,-0.0347457267744261,-0.014125063296392576,0.04041213806369406,-0.017530798397609952,0.022464427347812947,-0.028810210838607502,-0.02264120381226037,0.010696052503332876,0.003564964147268647,0.017405328755866763,-0.029202221097376233,0.0380574015087094,-0.051283171774049896,0.03575291772369876,0.01892222606904675
HELLS,-0.057844825222570555,-0.01268915538663592,0.0022466559981211918,0.1284773415085863,0.04078314294082234,0.036174008053580536,0.01782948784569226,0.033053052826843746,-0.0008215851292462245,-0.02569635723753639,0.07594280268211673,0.0466381959468203,0.013454455797287329,-0.06863637398571842,-0.019074771044397892,-0.07938869073853481
HNMT,0.07729551876445798,-0.02763296948223834,0.01522356074434253,-0.004912975968240418,0.008377602755437103,0.032371203362077744,-0.021597220964511388,0.03275906216216482,0.011739909883287636,-0.0009432361354364369,-0.035562045890781754,0.05321199018800601,0.06658249650459128,-0.013692970422672474,0.03176554071283418,-0.01973816282287665
HSP90AA1,-0.043724773471928255,0.004650874362140023,0.00802337253239252,0.11865907092926636,0.01843420775868786,0.0582960281904434,0.04307766207963216,0.02305355120493593,-0.04852544577507864,0.026295377313351274,0.03535003902064129,0.021903499295859722,-0.010344123731729543,-0.020601146332630275,-0.003940483910566483,-0.0065874523075493616
HSPH1,-0.025574712228079787,-0.008855951377489653,0.012374608069412762,0.10881714735506552,0.03346705558757081,0.02821339862573985,0.07808720156106386,0.004687815320488099,0.0044001220686896,0.06967084375285088,0.029608052458346718,0.025824555847930464,-0.022825255357051683,0.03305113796499111,0.0011222382170570338,-0.006670671199684111
IFI35,0.06485075015414282,-0.04943291302925593,0.00723926044475877,-0.01864327894578441,-0.010923046478783,0.10580111118926004,-0.08530360085797574,0.03546006198825129,0.04821479240792759,0.029022464938163538,0.0003810302634194695,-0.01412062534822775,0.044163836657290234,-0.06686424487179994,-0.07866432132249757,-0.07240701817664076
IGFBP3,0.008090844782127543,0.05594504906714012,0.02832836287461145,0.028392929243397674,0.009984372958524123,0.03334401102671732,0.07885198557945673,0.02746301746364996,0.13183888170157537,0.051743076228501717,-0.06512727564357564,-0.03804662230733045,-0.0015021643523574794,-0.0025151418507967866,0.09383936991705197,-0.04565440028380617
IL18,0.07808929315270975,-0.037472615480178786,-0.007911518721375918,0.052591340021450265,-0.05747424617149733,-0.014035887676876819,-0.01027456918049888,0.027197106778855812,-0.04939184607197041,-0.08858802526394549,-0.0922517430837849,-0.05922827471661226,-0.015744491974558312,0.01522914856922709,-0.009470568067321189,0.0117718704244137
IRF5,0.09147385404894058,-0.06083646670235341,-0.0041548237873476074,0.04026046408037213,-0.03845084351780374,0.029381881759828227,-0.053756042799094926,-0.011245934299861239,0.019548221116809122,0.04912887907643145,-0.01949563427205975,0.030445854698327376,0.02941000880937239,0.02184027390334229,0.011147329192824539,-0.008707341644991125
ITGBL1,0.051492813440732685,0.04273013941089494,0.04039719385969664,-0.048931031776179044,-0.004931926402873522,-0.024410960703249884,0.025717091675787087,0.07288782038294792,-0.09376302941777039,-0.05150328534666222,-0.0585749125446603,-0.02515095883866406,-0.05759928663435744,-0.013993437658413547,-0.10901012226638775,0.04277216281735677
KCNQ1,0.07986857795888289,-0.030721855037210866,0.02424123256391213,0.04826134558789578,-0.05902801404283364,0.016032519292423355,-0.0359077060089847,0.030844893669290406,0.04185151329651367,0.01095512530717408,-0.04782522744327354,-0.04348567327054906,0.0006679364552361304,0.022550744624085253,0.012623329257154018,0.04400644651115352
KIF15,-0.057071464966238744,0.013021471765208266,0.003374032997689667,0.1420134365236143,0.04993888418051339,0.04243927828488216,0.00822356832148831,0.05805870934460404,0.006852754146215044,-0.04809480349644522,0.01564866613028577,0.001522387112778347,0.03151880573881111,-0.03153401842824013,-0.04053739020924033,0.009303191380984859
KIF22,-0.056107106775334085,-0.00840106002594718,-0.008528992123672273,0.12332838053239299,0.030281588592652335,0.0722488995146234,-0.030518459018377773,0.0033388497245762836,0.060907081917934654,0.04088894680626566,0.06656707606655825,0.00869990202178212,0.020611059236227466,-0.0310433307938578,-0.10459117702629636,-0.021703045847463638
KIF23,-0.05683818724913866,0.004946912108080509,-0.01368740861091338,0.13320763194731683,0.058604374826791025,0.05170045413893915,0.005396949796062272,0.05326340186634652,0.009571173376496666,-0.04880012537638591,0.02146754079869681,-0.0033185117696791157,-0.00020328688669642945,-0.05967102879922144,-0.041233360640982625,-0.009818310561839497
LY96,0.10355724016107762,-0.010825440499995257,0.004704158955199461,0.012611445047907779,0.01822891983490399,-0.012520651842994317,-0.0331997282148466,0.011261691965470343,0.008612966773168423,-0.01914216688832859,-0.052621068664415085,0.04558528197481468,-0.025636320762666427,-0.0275017675445373,0.014474891196677381,-0.02178609391270137
MCAM,0.0028232510370240684,-0.002567610844761269,0.04391037443036954,0.07442677531502331,-0.08697422067399112,-0.07760135110663594,0.11944670268364786,0.09078927487560928,0.1265933801413233,-0.011246791646734497,-0.02639199833381958,-0.023758170896385985,0.09029536499227073,-0.01429482896360618,0.020133832288513,0.05202892718080197
MCM5,-0.05296428430682225,-0.020553349368482906,-0.016121442897600754,0.0985365005008195,0.03846850974670353,0.07179737492329422,-0.0002395722437502757,-0.028956707170607176,0.014601046682891299,-0.03956169544566344,0.04514706329581217,-0.010936687598508243,-0.05705767819230879,-0.04356352101242395,-0.09880687737873248,-0.1139709169755482
MXRA5,0.053164122874614264,0.0720741039762352,0.059102929951041265,-0.01786006595512163,0.05455086975722,0.04249374252207588,-0.03285919351437822,0.03614423510297471,0.027589468282646974,-0.0040507376798764524,-0.00905676337380562,-0.0015622049545927703,0.04690441433205209,0.04981559729161424,-0.01172319994591155,0.0876240224936171
NDUFB9,-0.046217158702145725,-0.0421837898716976,-0.02081950422283929,0.051116572048482606,-0.0025583417952350796,0.0037912251660719466,0.012600412798809697,-0.0058068565385164155,-0.006649554293359337,0.010741222608280886,-0.08331534640117974,-0.06645606835186275,0.020738858280305784,-0.05385791170082142,-0.0373877333480854,-0.015162027794422009
NR2F1,-0.004876787411995665,0.054908520375590186,0.024171188422544006,0.07982707373348899,-0.0037499100292545232,-0.02103697659953111,0.06435288284613719,-0.05037292294013548,0.04227694245068424,-0.006991822452181954,-0.03880097418153553,0.037601211650273726,0.011122689325262383,-0.0059361401358145275,-0.027938701625578787,0.041095427675334216
OAS1,0.05534433578564727,-0.04291061006655946,-0.002938608660332002,-0.003877890771025283,-0.00832107213673836,0.10596301690936652,-0.0905112755245107,0.05220589353750264,0.04588387579110425,0.02219948198971001,-0.017548030058751368,-0.010032333447942073,0.030270199069834965,-0.07667800304361022,-0.06280139232279137,-0.05226046020811072
OAS2,0.06932527276390761,-0.03748071528251253,0.005809097368826757,-0.0022373372621757705,-0.008825993877615932,0.08332788615435967,-0.04915895050928281,0.06480178682376643,0.05378236812870549,-0.0006049773601102648,-0.01488946871392483,0.003814582629698001,-0.0034668511936328836,-0.09370182150870128,-0.050623003120451565,-0.03421348997950836
OSBPL3,0.05759526322044031,0.0017269977617001514,0.043155608694519634,0.05525805768815565,0.005614915882733025,0.060678241305243616,0.04255883171896251,0.002997411673247115,-0.04503969819904902,0.02978765084502342,0.04290516731374572,-0.028390639045521766,-0.019112045025020744,-0.0688703590985037,0.06410896206051728,-0.011539019441486333
PARP14,0.06410743944950704,-0.03820994348256253,0.01811311792377526,0.024263846245516793,-0.034364495717580254,0.09936144780088647,-0.056508564831902926,0.06344993492207847,-0.007478237749966285,-0.054724914280903925,-0.005540590757125464,-0.005043192094831723,-0.012922041132357096,-0.07281895076338467,-0.05857523124924175,-0.042533708133798274
PARVG,0.10155490684607466,-0.03536331981344487,-0.0036693507656151087,0.06440013239185596,-0.023679876575925463,0.027374544677619194,-0.0867295136964548,-0.02753651905646913,-0.009515899504640088,0.015576177212357335,-0.02286903076827548,-0.0012110421668706176,0.02293866096069503,0.012011998094511853,0.004550636751096484,0.01896684836110288
POLE,-0.07049375244402423,0.001980615588531273,0.013915173757323387,0.1326676635422416,0.019066932577121994,0.06350676811277745,2.4242635897656156e-05,0.02244697121920355,0.005912865948555743,0.017868705164276244,0.023140007926835644,0.008099266486395884,0.022689451590282662,-0.05562635487580918,-0.004170400555060492,-0.023094455560194835
PRKAR2B,0.05169380791196175,-0.014508850391073339,0.01135574420345537,0.00928852084473354,-0.07898190899452916,-0.004578060303431553,0.02948461375636745,0.03842410659227028,-0.09463829722208678,-0.011320720963534902,-0.008641062549466571,0.0646126773581897,0.038840169222430825,0.033193360219721156,0.019371014231004978,-0.03641616902224544
PTK2B,0.08971789027116918,-0.058339666402659265,-0.0011079996627193797,0.033400951984722434,0.026659011675169753,-0.030165730024169224,-0.019757355620635124,-0.03427822476864323,-0.02984434337864739,0.015621228359623254,0.06042818187179089,-0.043640699340189285,-0.07623105718645849,0.030308229071515553,-0.015066258505526533,-0.04632702121661958
PTPRC,0.0967934822343939,-0.056649143303155465,-0.007406967006676647,0.05551485454658392,0.0034032415384092156,-0.006738041588235414,-0.022177240034975898,0.0002880942144284196,-0.05144902502640529,-0.02532430306130572,0.009259843764527117,-0.03846827757042921,-0.014139141393148001,-0.022621318301537442,0.012461963627481911,0.018746944413062933
PTPRO,0.08147941417356026,-0.03565225635632673,0.010876593262138487,0.04962746926153108,-0.05281825739133422,0.009048719918786117,-0.0412989459245907,0.02334773619719635,-0.05207389910331482,-0.03709768582237716,-0.039310430821701825,0.06847297645372909,-0.015913973713937934,0.037598027655369855,0.05281289147418472,0.049435334614260126
RASSF5,0.06172291735905756,-0.03337181853263089,-0.006596607301317671,0.018487933731404328,-0.04233505986942561,0.03446913949089136,-0.04848904549583927,-0.005991582075686822,-0.03217087265259885,0.00849477895513404,0.05825895508703141,-0.021782015837720242,-0.06046666698343922,0.02815738090920607,0.003567020838262922,-0.0014438782638664322
RCOR2,-0.08826491264511273,-0.017517846195016916,0.03952980481362107,0.05228705740709719,-0.0380794869672765,-0.05423644394923113,-0.1043161295217805,0.06020391564434018,0.05188954232824529,0.026269976798543104,0.028748051475351186,-0.007326788078780247,0.01406527594292569,0.010072826913459603,0.03351398851314438,-0.013644373318885298
RELN,0.02703485250558355,0.02214461317027357,0.03684239771770572,0.023487876863335734,-0.03933298515941125,-0.08563457948702087,0.060834307866100765,0.0827418236730111,-0.07581120549183526,0.02368922815538442,-0.015801880330185397,0.04630444525676475,-0.02922889910675871,-0.04704669119984899,0.041696063825378216,0.05014328888743009
RNASEL,0.06307313720768655,-0.03811909705425235,0.05175882092860461,-0.01666853155943789,0.003526216741499846,0.11214287933642611,0.01666044415742557,0.022849592352257482,-0.00856614058935961,0.019647722797875175,0.04141601914533648,0.06209708021694186,0.020444477842142438,-0.019731558393040655,-0.04236504351336367,0.0033320650319931364
SERPINB9,0.058659536058369474,-0.04135360846357245,-0.012787799307634453,-0.0036719697876315873,-0.0805030220348579,0.06402060892551867,0.03563277951947842,0.023750004747157268,-0.05420448587484195,-0.06638281730538623,0.0007767399670061157,0.0009468757019036904,-0.06308118222958022,0.004578074754806141,-0.03780554490421278,-0.01771604705420142
SFRP4,0.07473042376294174,0.027079930431810298,0.05413073413140185,-0.056533151854115754,0.047532811044971035,-0.0007581776105732676,0.0033291128719241214,-0.03315197378119503,-0.01660522474745459,-0.011280324653936429,0.031058603719290992,0.04592967829260298,-0.023590303339618795,0.014307111402439539,-0.03834072308964098,-0.09206233023893215
SLC13A5,-0.055211485803667686,0.00415162282643989,0.040667989258247966,0.062217559287252165,-0.05721572708816364,-0.1045097640635297,-0.07921907590272835,-0.008106008618167794,0.007402437864002442,-0.04258863753230806,0.002206564013390467,-0.049200904978191594,-0.02025545783206365,-0.015685949975968914,0.04318913646068914,-0.03930325112135511
SLC43A2,0.10267578521954218,-0.028952455128734744,-0.003895909507343633,0.06295306864425898,0.007093081113312269,-0.00118277031426627,-0.03522913080634682,-0.019404429256513606,-2.7968021003241325e-05,0.06338842533346091,0.04261133674416556,-0.017510201355874732,0.04866000568498643,0.05824156231026796,-0.006288649231549873,0.052187168294743756
SLCO2B1,0.10170123085657083,-0.02541816969548717,0.008268111220432733,0.07217837432314761,-0.058495036610586366,0.033777967237295856,-0.07882297814046312,-0.0005612367132818802,-0.007756255440314512,-0.04453685781207288,-0.0030964681844331825,0.004821465028235639,-0.009478896268827091,0.0016898697597679986,0.02882225884990289,0.03926118245995411
SP100,0.06491293595810317,-0.02790506757452118,0.019630822725966404,-0.006038217327476914,-0.02958406814164639,0.1251517013213298,-0.02158697546232609,0.08310028088592807,-0.009678752327250219,-0.003519672150727831,-0.04195339921036746,-0.007710930953104724,0.038251275521524956,-0.08355287993920216,-0.03342967771136027,0.015989498679533587
SRM,-0.0426924942354572,0.03131916708152612,-0.021659146224580587,0.06990038699008527,0.006458185037421335,-0.04221086748343189,-0.08491630100147157,0.03875530605908915,0.10362001842968592,0.05145858369142346,0.04817357644253357,-0.011893788070562279,0.04109035292722843,-0.0177823063586978,-0.04688597023483562,0.009614960737090766
SUSD1,0.03271123916006172,-0.08136945186676367,0.03840575361626371,0.008251677731246717,-0.024814951662431466,0.004940733374995038,0.0034145147400716433,0.04816469247758247,-0.039860208584861015,0.008135453678180605,0.057548321444826016,0.06008914278113518,0.06912804986535726,0.04812812065579068,-0.023614843905449625,0.050998393414640436
TAPBPL,0.07256821290519376,-0.05214795923106416,0.022984841496450394,-0.0049649550618545,-0.020031638109250023,0.05743177080313396,-0.02737329652610523,0.008624717346113992,0.02176891726437407,-0.010506927921019737,0.037392020617703664,0.02364358024578202,-0.03233335064026171,-0.026440510647152006,-0.056731421935298454,0.01121839580135357
TBC1D9,0.0458337182685292,-0.06433969731692088,0.053812618633574436,0.05785251806409264,0.04548910115808585,-0.03833837176069991,0.027774747650179406,0.03294985562718121,-0.10782113993850959,-0.026883296297076788,-0.09603321950958102,-0.029005068113357433,0.07446151988041805,-0.03450140078103107,-0.040897391589800436,0.04983556572586432
TMEM123,0.024270006437914417,-0.0448720083829424,0.03259860877962856,0.0026612640539829297,-0.011945986319232948,0.07887026648614966,0.051797314396193485,0.054746780275094956,-0.06737098468494206,-0.04729494940097023,0.06133875289528976,0.024838448603495343,0.01508469480264122,-0.10963474200586605,0.04926052611753332,0.01054698789530746
TOP2A,-0.06059542620726701,0.003902131576532237,0.009618892759755353,0.14131570073452698,0.05361078241474333,0.08132120120135053,0.007462501285405824,0.01414590567130177,-0.002521529293153672,-0.03773289734532404,0.05196341336640695,0.002348891718955079,0.07596244539568679,-0.042248647250553745,-0.04965127585725578,0.015050835172928838
TRIP13,-0.05302019552072632,-0.0014153944351890167,-0.009619165288918511,0.11021246661681512,0.061352727302921045,0.04784430981882081,0.004421792806303199,0.026668122387862044,0.06916777548813792,0.010114796168356957,0.014470066797164933,0.024154808901715303,0.09715877741903342,-0.023037076181806688,-0.051063418036921555,0.005605710831253508
TSPAN33,-0.018917880287207943,-0.0483653628957966,0.021226268181240886,0.07790099916722559,-0.07344639214634192,0.0076879080109548276,-0.05612868347109448,-0.03798021561049603,0.06174664243889891,-0.003210427445592911,0.06353131355248073,0.0036570010604210653,-0.05926637717657757,0.02375660730762088,0.05354766594586401,-0.03544202713908949
TYMS,-0.06509485774319632,-0.018529144466977853,0.009685171894291451,0.09600169551485606,0.02144598641875978,0.05476995198647731,0.029827324444611954,0.0432561085322625,0.005882892580055191,-0.02253999661725586,0.02746720145242491,0.02951678758520855,-6.366718878172937e-05,-0.02423970350413509,-0.08871037463845349,-0.09509048371148812
UBE2T,-0.07147814345512479,-0.02651363546497474,-0.029619910470179842,0.09881985157468329,0.027421289601782035,0.04707295851102002,0.021064940193165432,0.04455252161661821,0.026441788726559768,0.03971262983854559,-0.014091535818256016,0.012139240699420168,0.03044451627695508,-0.012505713724694178,-0.09709702732380375,-0.050340478865664604
UHRF1,-0.046555979259800415,0.01094911847160789,0.017978433622327802,0.13506452470044267,0.06269976668836874,0.07550735541508329,0.0079508127225246,0.02403576246993896,0.02987563969438628,-0.0012559711639048225,0.05598069318684911,0.013140376222549413,0.016272523774527082,-0.07360257370625854,-0.0029392303257983823,-0.0296733620214686
A4GALT,0.06516767495512031,0.040920284711937184,0.02460101270667711,-0.020177658229677462,-0.07310681882497057,-0.02147878984042409,0.01204682729249309,0.0339244604126767,-0.004361013354265149,0.015578979114308394,0.036597217711403,-0.05482846281946656,-0.04531462373932655,0.02192275312164721,-0.06164108292810871,-0.06882803169410254
AADAT,-0.04498094259860207,-0.025024686910926502,0.008222066824399608,0.02830927706847622,-0.004551799658154049,0.011041494049418978,-0.017298041404627595,0.05237697842125221,-0.011913671419030996,-0.013326975796665148,-0.04225833600573374,0.09261657272292456,0.06326217399062269,-0.028009522744673516,-0.007361239042801971,-0.07978490751212465
ABCA3,0.03809958170872379,-0.05244241757876869,0.011097417191391895,0.06925033650504299,-0.09855988016350303,-0.028757445191226395,-0.023680069683476176,0.028797219702782373,-0.0743184241599577,0.04375496335450908,0.025761218377887085,-0.005838789315180684,-0.05855156165685226,0.006483407751119888,-0.04199734802088011,0.053896192511533755
ABI3BP,0.05052046025388559,0.08356232692626664,0.04763655392325188,0.021484650367191518,-0.0576943402435868,-0.03545098228839512,0.009189257674062656,0.0026889020507372247,-0.026049321506726505,-0.0036227023331258487,0.0671825612406837,-0.022178404999809633,-0.0020131472268596433,-0.041079874139551574,-0.017902113046399482,0.002756391273941134
ACOT7,-0.030065394869630047,-0.005762717797026114,-0.025428377956047032,0.10658170777339838,0.03228705061083693,0.0017068168726045328,-0.02186881666263912,0.05232056687028385,0.02046648991563569,0.08170446608582829,-0.020338615434963004,-0.06973752097935021,-0.059455130638914666,-0.043029518128931306,-0.06418334961821351,-0.06396212018171739
ACTA2,0.05921876343728889,0.042823685372176214,0.029739779094557012,-0.005319516949907858,-0.00013522426070291754,0.04208349302132849,0.036355372912109274,0.0011782035802574077,0.04340115939933827,0.00018195935186398316,0.016271997907478918,0.0772183339117118,0.05473197012447703,-0.046535731654956065,0.03666748890704111,-0.015710407311308645
ADAM12,0.020504934149476156,0.014845576966066688,0.03349175766586156,0.04541843724518751,0.0670674049434249,-0.04614241537230818,0.022060134179256667,0.012957366212206119,0.0007572316006571405,-0.12308270298131885,0.05548730446186634,0.014887543092944672,0.049842230761639884,0.10703186152457891,-0.10920819577928187,0.057365149577755736
ADAM22,-0.05497136326130164,0.007414134686142795,0.03877130708251789,0.06283781397545801,-0.06582667473180522,-0.01809172368253167,-0.0056645296393976275,0.03766484747714778,-0.06895717567109452,-0.04843622572628377,0.021365451714512967,0.02411558971075542,-0.020191129265875775,0.03312289513950337,-0.011427571195536428,-0.07996231300741269
ADAMTSL2,-0.01004353197117032,-0.025505260397673632,0.10459328091489103,-0.03221124265603003,-0.037424117194999995,-0.026073006033414375,0.008841144668130496,0.04871142845101986,-0.004841330149317453,0.047418110323285516,-0.014141328541206795,0.019066722850141903,-0.037628700575436026,-0.02947831516745941,-0.04817591420203917,0.05913483896829275
AEBP1,0.053037606545925944,0.06687233007726565,0.07750970958274461,-0.04158671256160228,0.06334127092673741,0.024167408295920175,-0.03511487162792005,-0.0011955616580807762,-0.021809334533690654,0.041208173796940716,0.001087794283873451,0.0261835924218589,-0.004007863787248688,0.011819303922125846,-0.014021947211069306,0.021069837016159172
AHR,0.05253543494910173,0.053729375308828736,0.02705985546946185,0.03753143542940169,-0.029897869804472864,0.02614842881482214,0.06691213862360171,0.05182466400264973,-0.055553331868844306,-0.04275102510494612,-0.07261742211428748,-0.07428031312494612,-0.02436551367392187,0.0027844079880955763,0.023624214881273007,-0.024551219698484006
AIF1,0.10168536969433357,-0.02798143377023814,-0.03975965589480208,0.03933729040201973,-0.06018681284428659,0.0022420067135768915,-0.08013913348021073,0.0008283577751525874,0.009796642596232336,-0.03660361509128898,-0.018159541071870684,-0.03191851581941619,-0.04197801763217662,0.02323107901265672,0.023423740995851303,-0.03987167827919291
ALCAM,0.03900510368231505,-0.016404570977718337,-0.0029690972639121356,0.05061086079359358,0.0042697325278234725,4.180712744817165e-05,0.03287191332088772,0.05541568102542163,-0.1171840572623058,-0.007503683451036562,-0.11635021368794846,0.009394928466410575,0.017195245938190037,0.013643963748681442,-0.03023220743099661,0.039705876047811714
ALDH1A1,0.02086273954354715,-0.022852644299801207,0.001174557322684702,0.09052839367145298,-0.020413080904436408,-0.013759945595501411,-0.002383343106452571,-0.059117203463782804,0.060873972542541004,-0.03141234819040502,0.06479231487187043,0.01943324754708046,0.005320074336883714,0.04345951440233791,0.013134817531995073,-0.04409879666590229
ALDH1A3,-0.009190490383248328,-0.0030499820139185886,0.052504391954140424,0.04451310215540935,-0.0696466253932007,-0.0007510196652202295,-0.008304289715066,-0.05192289604641491,-0.027362138139190705,0.02114182662630736,0.002906744132243946,-0.06004815294347581,0.030406888708104277,0.024372353860854925,-0.05866904584295384,0.02088023794413467
ALDOC,-0.020026667839183165,0.01965710725142617,-0.03052686157259792,-0.01116829728298771,0.04246536283208788,0.0652401101616492,-0.05522445271091917,0.08876294346731854,-0.024793386949269886,0.0740368493739531,0.002946498715680535,0.001176171529191017,0.0208107129233027,0.12241056464006954,0.02460396311601388,0.01773157724854699
ALPL,-0.06511234978284006,-0.06878136195227195,0.07417512040120335,0.003421451904361568,-0.00586914733901789,-0.016687339547617905,-0.06222553847727131,0.03205762872089811,0.06202079214808482,-0.03884437846195503,0.004591773033486842,-0.05717096826899597,0.004359468535537548,0.022982110152289438,-0.003314840760323415,0.0377639643806494
ANGPTL2,0.011585779899304307,0.11420976683211853,0.03522178720374173,0.03871093434466568,0.03453250071011413,-0.008193430350470989,-0.06924507872769572,-0.003499305696903143,0.05123535242146496,-0.004814071996778196,0.01910440488548536,-0.01665137613430205,0.0005184124937283317,-0.040598338733254115,0.033054788891018407,0.003340006066489952
ANGPTL4,-0.030291762157431137,-0.008908524140378866,0.059371506635623295,-0.031006527904247416,0.0033945943551745984,0.061686419387688235,-0.005947124015934462,-0.01300650136628133,0.07384081638684227,0.06783327841354239,0.015962779120012368,-0.03698466512783127,-0.041812703793798464,0.05055235426525488,0.09545143653071174,-0.04605663369973801
ANKRD35,0.019238017425441362,0.04811715633309643,0.04876324270687711,0.0015514386010550144,0.0008565720670322091,-0.08249529004504866,-0.04844933378698227,-0.009773703728392391,0.0070248742923783945,0.019969227958199234,0.0651355189090947,0.0603278836786025,-0.04622341716637367,-0.018230543772971355,0.020350277077383128,-0.10391943888206659
APCDD1,-0.05991075558129605,-0.03710791669565918,0.05970208145765951,0.06557588683454252,-0.05070644293881214,-0.08062477978536951,-0.03921947874881409,-0.006257443731789901,0.023843728907696565,-0.012741991093245171,-0.004860581572286737,0.0024966274637333477,-0.007829625504313384,0.06963192742910301,-0.07887631011466123,0.042829406793423105
APOC1,0.07511577700832822,-0.036095705747646874,-0.034650659851875855,0.06840622953228297,-0.02860797113827847,-0.00921652231670315,-0.09155393706512568,0.015882346721924182,-0.004317315086614597,0.009037714987339136,-0.005539709765179437,-0.004165618478980987,-0.016845611132268932,0.04151484000594235,0.009772128667833786,-0.027321523268232117
APOE,0.08053090608843667,-0.025337957304754476,0.012662278821770344,0.02574887525457627,-0.03642401257972106,-0.009505335695613494,-0.07139748987441388,-0.020914578436720708,0.02856992784848874,0.07078043654119226,-0.03937402097262844,0.04024257919743456,0.02591675584762915,0.026897686697691853,0.00631540721853158,-0.03991704192083713
ARHGEF19,-0.012259333190387519,0.0422821983459086,0.07784015455814054,-0.08809252855696852,0.030934477978176212,-0.0042845730711436525,-0.08866792953570792,0.01399446547749899,0.016747596862096183,0.05229032463321174,-0.028084981677833725,0.0028255582903623745,0.044076850933792815,-0.0016199096174980012,0.03596025407062066,-0.05290839607118971
ASPN,0.012291375237976885,0.10513334743971585,0.04867946519846749,0.00966325608301721,0.0361749532158788,-0.030899309127237557,-0.07306908161202806,-0.01264529198183629,-0.0027031654893602333,-0.04673186628725777,-0.04371065541840797,0.020350481639960137,0.01763028099292197,-0.07921394405174874,0.022069581840780877,-0.04864593395819212
ATP6V0D2,0.03402033918726565,-0.08741411707282534,0.055866848600621966,-0.0017013706286487845,0.12429785082125622,-0.08596084220413222,0.012614158579699896,-0.049367732448808994,-0.0037874202873205347,0.042538371180041716,0.0072019976873942265,0.02542161534367068,0.047758053517436776,0.023618211800105714,-0.031162140365518252,-0.04608696065500706
ATP6V1A,0.028850336246942106,-0.08295804797016944,0.05622354743289777,0.04226468129342948,0.12102290363008712,-0.049135657228329924,0.02835995624615961,-0.00015443079546609653,-0.06738458677359493,0.02122445701776897,0.039160761119403836,-0.0038589474105190837,0.09469045441939959,-0.02920816178123393,0.004410442887585409,0.004646477578856194
ATP6V1B2,0.04343953089910324,-0.0854613862032816,0.04898814940367765,0.035517798288536455,0.1247707320612478,-0.056931767251786024,0.0012413094115272503,-0.03539958469847191,-0.020117554013456593,0.062220028105315316,0.039897864842978054,0.044680097155302585,0.0792180229672391,-0.003294297400481346,-0.0015530366278437703,0.012186099579850835
BAALC,0.02348685446027874,0.02001689680678039,0.018755609020680325,-0.022218434358403837,-0.02159683677208442,-0.0339923409889446,0.03921573271752114,0.025304441654429997,0.03729827975431114,-0.052665895609460986,-0.012553788108815977,0.10245407135497804,-0.09167813679954183,0.06578687813667575,-0.0489697173665671,-0.0792802791724887
BACE2,0.02564886935964904,0.039880119652313264,0.06392391725767006,-0.01004643443204557,0.015767852975045887,0.011543403137454054,0.011865737522772334,-0.03801506245469015,0.01470916134894425,0.08817529696574966,-0.019031768268895445,-0.012451756059987685,-0.05843437283437346,-0.07688917925644871,-0.06313256633958395,0.16648589466088698
BAIAP2L2,-0.0568263786368881,-0.020730376596406426,0.04736346674970278,0.005437850471062128,-0.05469992468194226,-0.022299066985219704,-0.0322813205668514,0.03162322200071734,0.025339320961188214,0.09927349256188747,-0.022368677884838307,0.0703540714966612,-0.019467904894593352,0.03574380185152035,0.06449321983900469,-0.04545137882040985
BAMBI,-0.06814729491956908,-0.08317495896176028,0.07193772469791171,0.008574827069754067,-0.02914904332538196,-0.05480571990709163,-0.035716468975186995,0.02341269522828848,0.012190756847819948,-0.0005054350611748354,-0.010307415586925781,0.002930911502202659,-0.03144334530867778,0.013432074354788725,-0.012735285495199651,0.0020133833615510856
BASP1,0.005984678654029005,0.05991705291734021,0.005842093106236006,0.06312225818178178,0.03652829145176766,-0.016991588631864857,-0.07812542500789459,-0.055479812461138416,0.0015141287312671957,0.00042763290206329147,-0.08623541847477505,-0.017744447369575048,0.08286385138070924,0.014187306928487338,0.024807470583112667,0.0200040768000408
BCAT1,0.007948523244866756,0.045685679676700404,-0.019054936187677587,0.11082017536104607,0.02104692160305627,-0.05624398673748834,-0.010485425796932379,0.10009138500785088,-0.03577483889523936,-0.003903509734406249,0.03138100201906993,0.10568386053360153,-0.06775837329349578,-0.022996438863934113,0.07457286435442625,0.03919329226413229
BCL11A,-0.029441374350363262,0.020738154951255874,0.004887307308944947,0.0869142517405795,-0.023922870805095836,0.008995324113862018,-0.007015998217711768,-0.11436941145865365,-0.008007669430193008,-0.013876023450884458,-0.05224432923178261,0.007987892161663743,0.005416838751732743,0.08991009991262618,0.036930402033357325,-0.0010792650023924086
BCL6B,0.03755152433276811,-0.017373341189272057,0.06439766367911914,0.005302748545040675,-0.0683625718367658,-0.042068850275622766,0.1327325916961116,-0.008832561775057967,0.11159536747116329,-0.08312869116233745,-0.010297101681445393,-0.031209842948363712,-0.02541599936636412,-0.11875144996160991,0.013296307475887496,-0.03724214832262146
BIRC3,0.06782521017528426,-0.06980445615721272,-0.007414606797939656,0.02089055633143458,0.07333755886966285,-0.04130148067791896,0.058126915195138386,-0.021548757814730257,-0.05976843961556298,0.000900240553193819,0.02500366162181376,-0.04851898667945736,-0.06893652934965334,-0.08703764491864796,-0.042039222060972575,-0.043202907549640755
BMP4,-0.05041418218281162,-0.07389050225684904,0.04865428155965327,0.0010234794419925455,-0.03478411371532043,0.0465307446901043,-0.05183926334089944,0.05478053122817834,0.039786241062986186,0.005003051894473353,-0.02119726939372968,0.05136626871768315,-0.02592941258467449,0.01416665906033854,-0.026903732520145572,0.01699013822761244
BMP7,-0.05005514924776185,-0.010006909603720351,0.03512560670467233,0.0714913462371159,-0.045228167185073415,-0.03480906167913419,-0.009384248180301608,-0.020008765500478302,-0.03308864711380479,0.060342541950601,-0.061081844190124156,-0.032163119580362186,-0.034974905788841736,0.12114797597283262,-0.07857188731479262,-0.01270828738944195
BNIP3,-0.034693452102349746,0.03683970347548445,-0.01928149328419995,0.011752163149860202,0.04779188311063136,0.018609235820658765,0.0003405642199028585,0.12453185465076247,-0.05837116752085586,0.11381696701290575,-0.01905539780456721,0.009417931559823128,0.06276102506195604,0.09473466578696146,0.1042525189959353,-0.003617999104464551
C1QB,0.09070734263987366,-0.028653185801463924,-0.01632245601085298,0.03484475649012812,-0.08071847303560047,0.0311293960576127,-0.09596080899442355,-0.008061184795911077,0.012049560471019901,-0.028164394860341033,-0.015394398057812536,-0.008809273840585295,-0.020957504533663282,0.011220338534767055,-0.029936523352972588,0.0022979499484198657
C1QTNF1,-0.004132307315790781,-0.06805071791212348,0.09667709942713236,-0.08611768666184835,-0.018578188890986367,-0.026234696276866296,-0.013434244797976544,0.09659843782509113,0.037335957985338855,-0.002917376862456196,-0.0177758416659608,0.03947086659984393,-0.0048165264667684345,0.056813713373680436,-0.07683015603681194,0.029373763057190815
CA12,0.03315966949684305,0.09379853116388856,-0.0021969982020493832,0.036462111074040356,0.044468225319557686,-0.04802039405152592,-0.026231884887179653,0.04776907017223362,0.020484316702271646,0.06859882618634713,0.07297756209910544,-0.00039623739794282184,-0.014577274336452502,0.030165692993276677,0.06911298031574147,0.035172276236648516
CA3,-0.04826419655485615,-0.04326493883797226,0.029685756974233275,0.016038977507744714,-0.06266096913788341,-0.08157316389420867,-0.03778042465281016,0.04822251028508932,0.0059519369324196,-0.025633645627901724,0.08054785859621783,0.0004954154823248408,0.03213016847595163,0.026817102147969334,0.035611930054937235,-0.12153062720956376
CADPS2,0.036809024636421814,0.006280110422391695,0.05974333869643146,0.009947124804784832,-0.03996819330584927,-0.024938981866803683,0.027150363912410456,0.062144236918119024,-0.04948136848253807,-0.06095603282374018,0.04736692261260853,0.047513719202903884,0.04291803069729823,-0.04873771536551399,0.008448041627178653,0.03596321669937784
CARD11,0.08648036668242076,-0.04251730854778178,0.011468120012117732,0.014524773131789534,-0.05862129401591105,0.05132980699717664,-0.009135168718832609,-0.04623111937395591,-0.023357419085773334,-0.0315555663921218,-0.009257305408809816,-0.028596033096194778,-0.09259856405863168,0.016184205595418555,-0.01146299951204055,-0.031889332873377314
CAV2,0.0725382759506261,0.06670890836171704,-0.010846783318904638,0.023752668883844082,-0.0004242539769429512,-0.006571662426671232,0.08689204055301816,0.029859476975761065,0.021108290888004363,-0.0439159962572117,0.007259755208494147,0.02371798591045037,-0.05863805489206088,-0.02654783139744187,0.02689049542930519,-0.07419792534222147
CBS,-0.05960161226155581,-0.0009162155127751327,0.04542788491573037,0.0608302724804367,-0.005529297718999526,0.06530172578211947,-0.03330436714700538,-0.024882046779808105,0.03728571436021327,0.03032616599912662,-0.017825427530041384,-0.05422904966663104,0.026687535490026518,0.004576089139815646,0.007703483471909138,0.0016821483940072314
CCDC68,-0.024867100903195466,0.018609866708217796,0.03496343087240691,0.005369608673918985,-0.027356628468754873,-0.017374570276709456,-0.04519795901695075,0.03605537192571487,0.0043313415054028765,-0.03637340236268881,-0.014771774809421526,0.008801630923886259,0.03719229519610369,-0.002280019772117052,-0.016466220737961237,-0.05757793201852347
CD248,0.026454149937662454,0.06681956959462294,0.06046482248673551,0.04505014591073272,0.006759505757480583,-0.06376371441605558,-0.04430819877311659,-0.02909262727976589,0.0637110893440899,0.011666799908665237,0.011624622551896443,0.006455187949966158,-0.01726583879319401,0.06762252572150218,-0.08989300181023786,0.05026187352770298
CD83,0.01161000429255683,-0.03333367880286961,0.022649964254263674,0.008318359987176428,-0.019049634701906702,0.12047396220459354,-0.041870941087465204,0.03304314633331236,-0.005374658528422403,-0.0025022898082351077,-0.005837706497405528,-0.05836829931383841,0.07091670998386491,-0.06730806361933916,-0.013079429955421083,-0.07488242703072695
CD84,0.052938183499880206,-0.09323853647566233,0.05312496700686809,0.0040421410272943005,0.09704288178532448,-0.0814500194972631,0.00315689924887441,-0.06595568267585483,-0.02409103023717626,0.009411418028395365,0.038429471085183,0.024755436262064237,-0.00455369081977819,0.005182419920052815,0.004197694952779772,-0.03700794927423355
CDA,0.07984655236674058,-0.03308835468562427,-0.024899682499339985,0.025104839009616946,0.02214200305515318,0.004550488797188452,-0.02211481573100603,0.001567110166693305,0.02464512660520043,0.07680066458861817,0.03328754085465692,-0.02757006975570297,0.07356507146047116,0.013831847017164,-0.03206489789487636,0.036680889323235356
CDC42EP5,0.01745426163515172,0.04239574520019809,0.05149403448488646,-0.05537858833947347,-0.03257807552501738,-0.03531910053806415,-0.02891476574933922,-0.0002794290901308571,0.06333560967585461,0.08641358259928023,-0.05694259376567248,0.01222459120642412,-0.010385567833243412,0.0037911240994124673,-0.05824257468656411,-0.14111599259565677
CDH15,-0.02988950564773634,-0.08425499364588417,0.066747855496375,-0.0011225677523478198,-0.02311102609725655,-0.035116149113426004,-0.03196917781751281,0.030770961706948215,0.09994216332418818,-0.02374404673968207,0.01604409954903841,-0.03494218593804652,-0.02013782468984328,0.05978113594025471,0.027731756833712325,-0.040698898585810744
CDH23,-0.006418314752110285,0.03801661966613346,0.07073372094548565,-0.01872729451624862,-0.01212367947184618,0.05458983597763768,-0.0010351894938280645,-0.019488962750235206,-0.05184649392708876,0.02456939177422915,0.04409933973187331,-0.07145577666392182,-0.06308253616826175,0.00947013583347921,0.05031859193614652,0.03309694615434376
CDO1,-0.02077724583277744,0.027717425479896134,0.034764905386056436,0.025502985399543758,-0.07163083607643528,-0.07197882774456123,-0.00802599134057435,-0.012929983447685155,-0.05973455348204012,0.008684035854830116,0.04817996120071555,0.10872365659566809,-0.02803984747358135,-0.02428587626054548,-0.029156331435317547,-0.016886628104002425
CFI,0.07032241981244713,-0.010095390992542105,0.02543001181717556,0.015039866520823402,-0.024920079894226767,-0.048063536682949194,0.04936326367147375,-0.05782397536772086,-0.03692100769546973,-0.0052708442081118015,0.034243251219790306,0.04676327477370292,0.007775664179611984,0.06531541700244305,-0.0556811661068531,-0.052689013315193635
CGNL1,0.033486350434493564,0.05879262146668225,0.05925477993791302,0.01373852105776708,-0.02772647194108036,0.016084776049125185,0.054407878968794114,-0.016784989232192724,-0.005707100803107854,0.010989916697673269,0.026326128819163172,0.07809575869680345,0.007421680994034334,-0.02922707949129354,-0.027408915791885254,0.09759782027385497
CHAD,-0.00543920967860713,-0.016722245382913645,0.0856954754579913,-0.05776084251480578,-0.05868972618286618,-0.05894526670146853,-0.04960734537884527,0.02178357735288131,-0.005309553987624961,-0.035901537088986475,0.0017608941737433483,-0.05459138382450561,0.036100333650443864,-0.027886514817592325,0.03709989201595845,-0.09186669310580114
CHPF,0.012012123526932952,0.05951840044569563,0.032719862712519955,-0.043566328296306946,-0.011711023922896132,0.01056766140713935,-0.0473132311690673,0.0031964539919009907,0.058459139320167296,0.1004632162119816,-0.07166688174039915,0.014603874767937706,-0.022820795259661752,-0.051341914464453714,-0.10118735141761485,0.04664952975734112
CILP,0.03648173026314978,0.03599372382541174,0.035239088404026175,-0.009095073901955096,-0.027585982145458668,0.0736541234193056,0.057394329010054514,-0.005778670135764132,-0.03619437279559196,-0.0021684544937143717,0.07005812562267248,0.014773546595633158,0.018690842727550117,0.05118414173483775,-0.002874127146685992,-0.04958486191855718
CLDN5,0.06005178256071593,-0.0012871501901716392,0.028720919143713417,-0.0052595829417388575,-0.08527224321608769,-0.07511629439055031,0.058523089185355516,-0.021721661430929153,0.13524553506609233,0.018060728761097895,0.006301478656840779,0.019253381833954582,0.07125924009787106,-0.0856198348249455,-0.01635994836763518,-0.0378309199320628
CLIC3,0.024478652135879738,0.021915287997888264,0.05114632712917608,-0.021779857095102044,0.04239948649975833,-0.05444642610649929,-0.04580326120590297,0.05268033998165926,-0.058107801996226116,0.14048203777828003,-0.03356995496291405,-0.09508759221387743,0.05623437386222005,-0.06300122962538163,-0.024476721463049134,-0.0025699819879334658
CNTNAP1,-0.01649976601431953,0.02583845293045213,0.07255365162426634,0.0618412962367193,0.002183193333939805,0.0937756841822678,0.007877404703643575,-0.09104960291035825,0.010458139574266402,0.03634970799766355,0.002492345034801529,-0.05365630388950191,0.03243779150116123,-0.058967204503695775,0.04467612587150168,0.00839404682727327
COBLL1,0.010143274664708915,0.027329041024972193,0.027992448182872713,0.003437354117448515,-0.06524726994933583,0.03649328697676219,0.06957888509427976,0.1288851294676858,0.0034501423339623576,0.03643125740581724,0.07614630009366004,0.03913264722706233,0.023443310540743167,-0.012828384983566483,0.04242828900198072,0.06674468989447359
COL11A1,-0.003831799740330947,0.08398754825541492,0.0526819065285655,0.016672284354853354,0.002321200769884379,-0.02668979278748854,-0.08200823206556747,-0.001533032922114271,-0.05017729386991204,0.03767579636057745,-0.09708504412163368,0.02346960386850171,0.025826882939174713,-0.09714460553550229,0.09459712623355752,0.0014462366074180482
COL11A2,-0.06493917916997555,-0.0009440953291806501,0.04764765058822113,0.011018425659709494,-0.06675841354148442,-0.07681666204599828,-0.04250431619075265,0.02722158279883077,-0.03902928817129852,0.06394032632695933,-0.04340721799643058,-0.051619016192966626,-0.03237898317208246,-0.09312480718025756,0.06660118751890318,-0.030936111544013236
COL12A1,0.016769492974256114,0.07453239641399315,0.057065444195254875,-0.003991784579153749,0.07139945482337745,-0.05582489828465674,-0.05232703212099919,-0.010390393603786281,-0.02777792139689112,-0.07992227117147507,-0.015986957150277217,-0.032260345359677665,-0.03583257531297051,-0.036545481631755486,0.027785904611586233,-0.05300546461306854
COL13A1,-0.058492864812016994,-0.05373917793519405,0.09964986305596671,-0.019657063386037017,-0.038774724864916746,0.002611117051265928,-0.034487990948504126,0.01711756530952968,0.02491534765426606,-0.02520234723881547,0.0016037976503612006,-0.027965420371736167,-0.01903161737770586,-0.004748893839815098,-0.0096625380965326,0.022788147576815652
COL14A1,0.031245489372519638,0.10320268488410099,0.02806389963630258,0.023339556308383493,-0.022969194744175234,-0.01575483906535445,0.04728000322607825,-0.04469481137439878,0.0013283657901138482,-0.0460241952631019,0.04278286495827387,-0.030068785915200253,-0.061714018672557054,-0.028823590855559158,0.002490538948731436,-0.08772459535565379
COL15A1,0.06630323972956208,0.030015319502456395,0.045362358501698535,0.03164209198873969,0.02745102513324878,0.009582260669213648,0.07795214506423724,0.07192368911814187,0.08398154342024226,0.0010562727989320312,-0.001874729628937663,-0.03541440890205187,-0.05654113737125305,-0.07442652814275108,0.006532591268207877,0.049093848959907684
COL18A1,0.04662972907610293,0.03354674382311992,0.06291480446647202,0.027323968765772835,-0.05639859343995064,-0.0363233665412431,0.08810900424205621,0.010314718834681996,0.14107024785741765,0.09975667638253975,-0.037461707377380526,3.753733818734205e-05,-0.0054756646120481004,-0.019695165991342262,-0.013295733784008036,0.004359211633967998
COL1A1,-0.005023899660969953,0.05453366153002103,0.08732063985586315,-0.025649947537023113,0.046467267418190655,-0.06954232857925753,-0.0973395427061937,0.03333305377465716,0.06913423976257263,-0.051591796654232684,0.0575900428947841,-0.04857128351051941,-0.01850579109964936,-0.017820530877354485,0.02686091206166709,0.055344106416187346
COL22A1,-0.03967102116246433,-0.07137736423370061,0.07448814976980389,0.009114344773921309,-0.0454569271787408,-0.10338990111713667,-0.05057665594007475,0.032115961604914124,0.010268118307635635,-0.004728882739224952,0.021787862784985727,-0.005876362548592191,-0.04417776896892795,-0.032536382175379165,-0.0009811478273458255,0.05138401902603945
COL2A1,-0.04945130504093267,0.04400208426057618,0.043356109151946556,0.02946123046263108,-0.035103463999179116,-0.038550432251925074,-0.012092405811700856,-0.024018021249453084,-0.04611311902502795,0.0804692863581852,-0.01648558374467803,-0.0639147188335091,-0.029714363802129377,-0.10205817844322379,0.09720894296805148,-0.03917574843618013
COL3A1,0.021441204885098965,0.11389393822746621,0.05285581929841003,0.013383881161681639,0.03744766691153546,-0.040847994929622156,0.0035166107483473805,-0.008555450789408135,0.02286152317657299,-0.06633426343395653,-0.010686703949324328,-0.04856396409725347,0.006573069299149827,0.008805820331334986,0.011720645897819898,-0.01605635989621206
COL5A1,0.007758798062624971,0.07429657771057142,0.08689160364512999,-0.017328606977695823,0.07331700720076921,-0.02709100343588005,-0.0516961707663395,0.02722133713182678,0.025095274153381093,-0.06121309734396578,-0.014659372655673918,-0.053193640833863985,-0.037658142831932785,0.03788978201348938,-0.011391813498102393,0.053878720863447305
COL5A3,0.03191741713524852,0.020575358877772877,0.07076613342682611,-0.004697183102008518,-0.007479788328270948,-0.010496994559044416,0.09376096618251115,-0.010392032222501171,0.15513487322593397,-0.03909286427630213,0.010934939289770435,-0.027238933100778025,-0.03239968406401778,0.02041256508808853,-0.025608739656876076,-0.02896402200437463
COL6A1,0.04334678721655319,0.0803471088859951,0.06699845024560752,-0.03628981311467709,0.06483674268264955,0.06450711260392401,0.019951408314530936,0.022164205472121102,0.07154182450178641,0.03667004963785003,-0.04245400849844534,0.02250967239935377,-0.014053162780338998,0.013126047658612167,-0.02192970211729065,0.007655430005232016
COL6A3,0.02618973075978946,0.08772388893787404,0.07045007028559096,0.01211042370454618,0.0669894825320052,0.029516877456580826,0.013710919943523464,0.02487069187181345,0.05137006864276391,-0.014890396708870919,-0.01868614324104547,0.016970180303254274,-0.049606539281192394,0.03934109281625925,0.0508346562714576,0.01481835509196287
COMP,0.025217029431157934,0.08927898655156988,0.04403006198785207,-0.009326290623529541,-0.045259470670122814,-0.00620708657706189,-0.025211746271917083,-0.005178242165090721,-0.0007836012347521385,0.08647701574623412,0.040005428772934545,-0.020392998204335728,-0.040518249685172196,-0.06532183809291355,0.0029837178181942176,-0.0021876123122686582
CPE,-0.07366546038627247,-0.03763946626430508,0.09063175649142909,-0.005985218418546964,-0.049775728114887924,-0.030103702146441768,-0.034269216803287636,0.05867599343752093,-0.00760757346335664,-0.03989567046785802,-0.021083992994196697,-0.014531029493917571,-0.007443490520527486,-0.001251116738797623,0.02867653917300552,0.059694417783770666
CPNE8,-0.007204921966013371,-0.005518129086466942,0.03541574797053942,-0.00391634716347405,-0.02181767134184645,-0.02617225409782002,-0.05338264933645596,0.034277914416928505,-0.05813910968824377,0.038282132255262974,0.058761991373543265,0.10064742503051943,0.001756167226158427,-0.04964500435703638,-0.06175005778760896,0.008864088631243237
CRYAB,-0.006210815208891837,-0.0237888755405215,0.05051515903775182,-0.025754211524991952,0.007033924736050419,-0.03165474322841487,0.03534376560121504,0.07998110781749128,-0.048494350035600646,0.15464535317988956,0.04955587241888731,-0.052966483642706716,0.0526283678992542,-0.08370918755708484,0.006534074121334202,-0.055167670869257834
CSF1,0.061379882088148006,-0.08072073860983357,0.04497221533060187,-0.0033673119315883473,0.05615570236528756,0.011287172920002694,-0.01899782243517827,-0.04141561843687422,0.0045693437217764,0.032940764832723506,-0.047151559729537926,-0.02292993478569196,0.0010142569817674228,0.05268392636697835,-0.027321382645250213,-0.016089767163201416
CSPG4,-0.024582501887713444,0.009202775036946347,0.0951453291985786,-0.03362992504704357,0.023470524662611302,0.005507769472668938,0.0036737589435043762,0.08339387217331837,-0.017249283290209888,0.006800345826558756,0.00037670182112834426,0.011956874733451061,-0.1413550699509624,-0.05935942535695822,0.046495614574284694,-0.024843748556110264
CTHRC1,0.0168489066027498,0.02330586298612706,0.036148267705358415,0.025115284463742803,0.06509683679015432,-0.09747678180197117,-0.019955768698341675,0.07251645236806156,-0.010557506540742105,-0.03874903463477151,-0.04938107379173737,0.059742861877227736,-0.06847269612695192,-0.028457616824983233,-0.06256251072940064,0.041839437857847134
CTSK,0.0512525068570892,-0.07691128917093681,0.0606760719109046,-0.0006173205411502158,0.12640554746381222,-0.06622855569051755,-0.008373974359907737,-0.04275506867856631,-0.02087742301059441,0.042567687653774194,0.036673171029341166,0.009589496275620625,0.05930976558376166,-0.01347403416076712,0.002018124171068094,0.004825317301236307
CTSS,0.10086912519122224,-0.020687010570790598,-0.02566438432389274,0.06537107400639353,-0.03788532870357765,0.01892875636548671,-0.09675841886217346,0.049442398727907774,0.009547793551838813,-0.044757525360338425,-0.017311467914010923,-0.0169303722008551,-0.04186195837109952,0.016945916917626855,0.04266153467349456,-0.01848731218194989
CXCL12,0.07488052426912808,0.019029726692698073,0.03868612406013282,0.01718327865836189,-0.05480520561986704,-0.005459856149683166,0.03158834580366759,-0.09088222175745476,-0.010238724795403895,-0.03555093000704192,0.07707915733925937,-0.003221004195692391,0.01686768879514686,-0.018690451674272007,-0.07143105852423946,0.02884635055526016
CYBRD1,0.02740624484765352,0.02678769847090611,0.06993570427491927,-0.07411095275880798,0.007419098306243955,0.10124480146715935,0.008482342992823582,0.05438495688632083,-0.053501489715414574,-0.03086761844826466,0.04944465440330601,0.010196671438281953,-0.00223633149642722,-0.053610366298585795,0.00845556666984156,0.013975474091989671
CYGB,0.017206590618252318,-0.051451541781175794,0.09552866068911833,-0.016391483635749344,-0.010460015358993761,-0.03317856293595077,0.032791981744689544,-0.013765937270828494,0.05410354518851281,0.0805607238824521,-0.020207416758065692,-0.014775459380720984,0.08239126671917774,-0.03275991621273229,-0.004969379066920348,-0.0050486418535610885
CYP51A1,-0.052083111988136865,-0.0026733874693417184,0.017355812533660933,0.05819868331244389,0.0816185542220589,0.09304701577778662,0.02100088240771198,0.0602786433659898,-0.02353849617745536,-0.045750095172292136,-0.04742003473395166,-0.03832461138878217,0.018473819578304556,0.0023983813180691914,-0.04535874714331235,0.007443212597855744
DAAM2,-0.03664988056466862,0.0027336083942512738,0.07093877066095612,-0.0181636047585922,-0.010920876284993471,0.07374701367965658,0.01652114887566046,-0.011412317834416293,-0.010371025612780716,-0.08022613689510784,-0.06521746122830221,-0.042149570815668565,-0.06339343073881717,-0.0016028011550044156,0.0774096948177809,-0.04717793307935506
DCN,0.03811570110598926,0.061695182953574526,0.05328652577862767,-0.06992745391471723,0.048634735173019514,0.023045628009600166,-0.07387084948977986,0.050610328258068674,-0.019770220399048584,-0.07819343223530341,0.05259424326982127,0.001564462599111607,0.049445393718238535,0.02581026801321406,-0.030088782690072802,-0.0857215456838781
DDIT4L,0.02219520076251298,0.06615923518519841,0.036276483094806786,-0.02495668615977431,-0.051254422110580934,0.06199742322297959,0.001065810208416424,-0.024712961366897414,-0.048740448924964784,0.021586807567294142,0.04523354152382057,0.04956624874217024,0.0248029202909404,0.010940371590310917,0.042458034084153246,-0.04163800466423017
DHRS3,0.03281646988793288,0.00380787604592756,-0.014892325742347386,0.035621160771630994,-0.08151886910760756,-0.06108338128607512,-0.03478293069992566,-0.012117233556060506,-0.0669105529561904,0.03605981665941854,0.00748871455252639,0.0002180939358010405,0.016864426236815895,0.05151044101045757,-0.07784030533599325,-0.049505906981034686
DKK1,-0.02664077913194904,-0.027500474437070124,0.04063616673504934,0.012841718223528148,-0.08160699471388098,-0.07587234469314143,-0.0075572708625163375,0.034258507514323695,-0.04895686132565156,0.014413737894496981,-0.030494371388269978,0.06088047063712907,0.02136299715876839,-0.034448787230890295,-0.04017046915992823,-0.023359549124789682
DKK3,0.022532312355828164,0.08483323940586637,0.039601844558180326,0.0015823271962646665,-0.00846617918477609,-0.01536008434077195,-0.04348642680889106,0.06798412882516676,-0.02421534256973428,0.005100973722786041,-0.07438110340746851,0.05110668513668489,0.027748974268559504,0.012750061825613246,-0.02785535141298677,-0.0182070137991286
DLX1,-0.07026194720864318,-0.02864742163204983,0.007357553454087496,0.056095034726868866,-0.017353030208382084,0.025923541939123412,-0.0004179314670805276,0.029777744888521182,-0.028691388340136174,-0.021017963185829432,-0.025200498704153418,0.005364846239304366,-0.025914266453799743,-0.055248619363512975,-0.03041633194423138,-0.017206741338435517
DLX3,-0.0610386529676023,-0.09233937716872687,0.07950401605381491,-0.006180787356310748,-0.05001939795313625,-0.006844666419063425,-0.015586154236420454,0.050668878259758264,0.004277929828109123,-0.014253658062379418,0.005308375415122352,-0.032738526534793026,-0.0004637328787203097,0.030795593302121522,-0.021892138484101514,-0.01002513789692955
DPP4,0.025308350952982624,-0.06862981880019962,0.04889880257118923,0.006132231553208284,0.11535547809973727,-0.08124087257189509,0.05285198175380086,-0.047995752972928206,-0.06960913960782927,-0.02037335941150587,-0.0497565789863115,-0.008048772226689965,0.0001592147809115612,-0.028564544369253774,0.001273627711705496,-0.030837929689672836
DPT,0.025586832541074023,0.01995893499352938,0.06278204838178872,-0.08207590616809633,0.04492634955975721,0.005542015817017758,-0.0766567031664688,0.059370973807825085,0.038334395284623575,-0.059508102390567204,0.07128974840297005,-0.011364990777244257,0.012597951373377077,0.04148982287194169,-0.03660595661434397,-0.037924778180599326
DTNA,-0.015271265401057735,0.00829557009252485,0.018305731490158177,0.011348937620122982,-0.10306263583762967,0.015115470428991536,0.028026103948750384,0.040616020005025434,-0.10492076624301087,0.0026699922869903156,0.02778669698670826,0.11446148012362879,0.04779907940033556,0.07015725923226009,0.07040230765433353,-0.06881917685536473
DUSP1,0.05563673225308965,0.020502529289950396,-0.015174695183985726,-0.0022856226652490795,0.017820506226986957,0.028870588298126842,0.05537929545943231,0.09069188644883966,0.03209998410688841,0.07771857511490698,0.07094811802807395,-0.032663958663555634,0.008135486154819495,0.06137062282799688,0.01823979275291764,-0.05417991071294255
DUSP10,0.06316396680139522,0.0014261391537379084,0.009151664718970826,0.045267171892143056,0.05401406217275613,0.03951130925507728,0.049375763420061614,0.018483008724098686,0.022795107505931018,0.09572021609546116,-0.002797990172595674,-0.0011504812149708595,-0.0015247170935583643,0.038599149436246726,0.03669558354615028,0.0009752279862914525
DUSP2,0.03775943624145764,-0.04744377196563919,-0.01611788193529177,0.011510157413989449,0.05153492374757885,-0.0025564514725241686,0.055646047252831614,-0.09771002361127672,-0.07245311752677473,0.08719930983719995,0.01773829869618074,-0.1278597234196321,0.0003359131840671769,-0.06198180382759652,-0.03639367924307756,-0.06381717482448512
ECHDC2,0.003755301777015267,0.00544619136025879,0.01679222488401374,-0.004961223528668825,-0.008837346608503579,-0.047088049299255336,-0.05621418593101449,0.03559514475861921,-0.003346706351308925,0.028349609813784902,0.05752114176322923,0.08598194916576778,0.035248427091686255,-0.019170061341276447,-0.07764682854136071,-0.05631627403081621
ECM1,0.056726207171619254,0.021892543517671267,0.05523064164901958,-0.032132743085492424,0.01949151149658757,0.019085279073523594,-0.017109604075329285,0.07624858293691605,0.004433174583142687,0.0570190485254348,0.13252750105522607,0.05658330895860141,-0.037909796857896035,-0.0030419760978056733,-0.04236111019846686,0.007508622500271176
ECM2,0.026083691225516577,0.07551870167246577,0.06254580247121443,-0.024104721860543132,0.04817070840112915,0.0318596707602828,-0.04221186605453534,-0.020229652103550586,0.049460570671596205,-0.051517952286612934,0.0008446614050435871,0.0020929284687598005,0.05049498909449271,-0.08361032103870804,-6.517659622450912e-05,-0.07092541315256935
EDIL3,0.0071924832581708835,0.08491303421349068,0.02555309086019697,0.028815320254325278,0.06481691441737321,-0.02561064331081714,-0.06947411601776589,-0.03293997333309957,-0.032008450770575125,-0.0483198856140317,-0.09430861397037955,0.01815261357596852,0.0545003175779632,-0.04059621168556424,0.08026685205767893,-0.048852163627347525
EEF1A2,0.002531748221563781,-0.02171746199192703,0.028950619807553802,0.003844382922983051,0.0021351397447646526,-0.02838522714591717,0.04317115614939915,-0.027743292728849657,-0.11445271068637913,0.13022437412860635,0.013852510868758282,-0.13746566814305738,0.10680521206863158,-0.01855421510947413,0.027767604423549516,-0.07433690368471241
EFEMP1,0.029512636704022686,0.062224137660967356,0.0233167493523576,0.026798819726947726,-0.03855442043569368,-0.03679401962593332,-0.01705454561743125,0.016296340799957582,-0.06351137401348636,0.04745574098263374,0.04142378383598061,0.01461697608373057,0.06251995351627676,0.008900707673632494,-0.07264373470141884,0.031221328400413254
EMILIN1,-0.03629968242981988,-0.009925456679426745,0.07711088699015053,0.039648138468978134,0.06308281464583491,0.0439589305048312,-0.05269484381781579,-0.056912424986024876,0.08256851985873892,0.020284728012803677,-0.05715642932994544,0.037088791381196556,-0.03954643979423904,0.026092173084714024,-0.051298881037175934,0.013888896333341606
ENC1,-0.009049633325868344,0.007971759911698136,0.024435393359336286,0.07755358434947984,-0.08741808712486134,0.0007019061576894826,0.03206597650124578,-0.0006767567661164506,0.0071874494437386876,-0.07318353559009408,0.009634820360644019,-0.022781172162229395,-0.03610940755692807,0.12140622778243121,-0.01217306683398887,0.08678862134220242
ENO2,-0.0012214588079754313,0.03854374218959965,0.008866758923303143,0.03320500876626003,0.009180866992903736,0.05231286578150636,-0.009293567981639193,0.023851052443325593,-0.05929215535769427,0.12074574298081392,0.01852795912796991,0.10257894314142364,-0.06449102646656026,0.05770672919375669,0.0031863832040128354,-0.03697791463065009
ENPEP,-0.017490704635723518,0.021797863646774922,0.0748743257378852,0.05028262992984479,0.006276745641667672,0.03333286088074381,0.03512220777076071,-0.05463257840552276,0.01370836087271514,-0.04635996252481686,-0.06642996312082787,0.019223230704319784,0.007761060835531819,-0.03579897116491001,0.06746411040450424,-0.05040034481671213
ENPP2,0.0032864345807850017,-0.05026937420074222,0.09736827336381837,0.0038292443072593906,0.022356602714464508,0.05178165805686941,-0.027738146863636213,0.003797407304671033,0.04589050790363517,0.021932663217865526,0.007099515834958234,-0.055883896477797276,-0.05265922631749566,-0.0019486260011959235,0.051223367908156486,0.030433476184379478
ENTPD3,-0.00883566494996428,-0.06309787186865869,0.06201641866679958,0.001945979220464198,0.0020602315743305844,-0.032476662586208925,0.010046438769094732,0.07718117884473881,0.02259405179833154,-0.09263385991439292,0.11212779194252893,-0.03810474198616126,-0.06814610268443412,0.06394023388099222,-0.020448929622926378,0.018588422312893607
EPDR1,0.0267108427243025,-0.04330361126832208,0.06483078667830909,-0.043716186980007836,0.05450186546506995,0.009820875942066768,-0.04742566299405379,0.027572347342764366,-0.01035255919967572,0.009880925413592189,-0.04895019104610714,0.08833957577245032,0.03661123900432943,0.04792379077831683,-0.02458467914670027,-0.062451853195893636
ESM1,-0.015311318260058472,-0.018772067062793215,0.005855459167361388,0.04709720632158216,-0.015601082584121292,-0.027352235308009138,0.06744258367431763,0.11838207263873471,-0.021664773112632516,0.030846745633118778,-0.1253837037534373,0.06841797648346042,-0.04117965874340789,0.028767607410936747,0.13245687581457735,-0.0314717138859705
F11R,0.06224104703648973,-0.0058706059602864095,0.023337982562008794,0.020922361083197193,-0.04929247546207548,-0.06628772878827621,0.12443847000389457,0.01431249772119176,-0.01851140868073575,-0.08920158059102479,-0.060694024197535584,-0.043819195490465916,-0.037664958068760794,0.003954554446519977,-0.028088560135183845,0.007258061179017688
FBLN1,0.0265229580971378,0.03406179731435273,0.08157520056070183,-0.0306653643469998,0.01764144771992567,0.09000432803889506,0.013441425410825549,-0.08956877900368114,-0.009889247104160217,0.0616804201020466,0.04870732773721144,0.0009080301850992357,-0.006166554429372548,0.0018466563038562285,-0.042638242450232955,0.09755612918706341
FBLN2,0.03549322858524142,0.06346750768938508,0.043735537162144206,0.011925299804275353,-0.06300129920951904,-0.05000529410466437,-0.017009304016723206,0.0715856202374577,0.01099324329934041,0.024385489165614532,0.024248343535388288,-0.007212680180932615,0.06078224219473133,0.025177584626373352,-0.11634861310086106,0.008609950015749209
FBLN5,0.03466740957174261,0.04888024226516294,0.08206655524620828,-0.03960311133126509,-0.017683540839648362,0.05744707346040916,0.039477034667401184,-0.02905290259485606,-0.014846643176805152,-0.018129745706030695,0.007214461438080484,0.003556884164582205,-0.0015501055892376578,0.051432902562766045,-0.07642947944011176,0.014993048898351517
FBN1,0.07012580023332118,0.06571790295381255,0.05835143604420773,-0.004144034644065745,0.02196761445006563,0.0254350191884429,0.0440162965132742,0.044360379257090195,-0.013937221065811817,-0.01352601907374242,0.02889067272808258,0.017306159213662475,-0.034902839597679515,0.00046275631480369064,-0.08341359485236685,0.030504197304496737
FBN2,-0.01565335606657734,0.02558572052639803,0.035151962953889754,0.0982087095997028,-0.0599252900376658,-0.06725984123135852,0.004077667937628028,-0.01272878166828366,-0.06019596792470904,0.023722917960477083,-0.042044081907291045,-0.006929385736303032,0.034717931759374016,0.04783059518800543,-0.07106431825400444,0.11782027352429966
FEZ1,-0.019462125459745707,0.027470208398254984,0.028974071994490317,0.031265269305610736,-0.06461887083605282,-0.044757600885910326,0.00749947689585172,-0.03692969560446511,-0.03619499025922591,0.01438315819739545,0.03844315024731277,0.001886019027157423,-0.04040436317391721,-0.0049359734530150055,-0.03461099254012481,-0.06340092963516744
FGFR1,-0.02657836126525846,-0.03033058680392,0.10366971939435685,-0.037199247954813316,0.040760034916456606,0.07672188571889578,-0.022805064956371753,0.0012510105831975136,-0.05007685957854774,-0.002648775480058664,0.0030680478085188894,0.0020186487938401217,-0.02782857402413869,0.0447064626174346,0.01634540702147684,0.00933007908924832
FLNC,0.007641150560121414,0.07913317451797196,0.005707276202077058,0.04227696100609291,0.019170756116958235,0.029783232805370614,0.039806380799023794,-0.005036363887260333,-0.06160481405738284,-0.02188919935565952,0.028167438189172195,0.01119438219961867,0.051414861532139255,0.034606748434314535,0.024071027169477496,-0.05378119057806337
FNDC1,0.019680695215181444,0.07124911952030404,0.07722489266265442,-0.03366777417382044,-0.007849474383717208,-0.03497263798015128,-0.07640090068470176,0.006848682007240308,-0.04097078010313902,-0.04635279748074103,-0.03727251821579839,0.0234128472942736,0.031527417843892104,-0.01836098062728167,-0.0355160691119243,-0.03968500520323484
FOSB,0.013918221898149608,0.010283360248965144,0.01609459995888467,0.0019015608860868658,0.004544642614936037,0.01241186528938685,0.09860820592425681,0.08940299873658247,0.04828460315000995,0.05948785281198068,0.07814808094507802,-0.04755000183213789,-0.04945122614816928,0.03753115982433114,-0.013794048051487831,-0.07280207999304732
FRAS1,0.0022272582921987606,0.03202891922736743,0.023239033703528707,0.057177618514452695,-0.03850010236868795,0.008855714375136561,-0.022302174073846655,-0.018702258971886345,-0.026987713049221575,-0.0041182033240038315,-0.02490806467287874,0.03167335642490728,0.04427362198570657,0.09840926318050917,-0.010765703043977965,-0.022224507309472157
FZD1,0.01981480935599041,0.10261057355448364,0.03155167631006983,0.027760504978617203,0.038414179928869314,-0.01739248702935066,0.009158522984290419,0.023129093310085416,-0.06031494421379776,-0.07435876823986894,-0.07609736252482016,0.017006804511817176,0.03987432466234233,0.013704896334779539,-0.06084527687755534,0.015443131161515479
FZD3,-0.03655795373666223,0.008171470000258363,0.01650808006959727,0.07831345348609217,-0.0027638901981488456,-0.03307648896264653,-0.007882013013594369,-0.024820924508002978,-0.0348984839204977,0.01936447425672821,0.057709904671913066,0.1180538604368243,-0.03046165566842673,0.02406916905557488,0.023383532769380422,-0.03485279583200586
FZD7,-0.006082870707882624,-0.033984762051332065,0.06149971277089672,-0.0036125500502440073,0.018645310640001998,0.07083361851823451,0.11630173561633071,0.003182763762178171,-0.05952029279286742,-0.04287478019038362,-0.006403229044977024,-0.016055587618900153,-0.11805819479458982,0.011983002022552581,-0.03737175802228189,-0.04243227653621041
GABBR1,-0.022346763627598694,0.025062012320165365,0.060014981731911304,-0.01912980961517283,-0.05533505173624946,0.014722777373939113,0.02556637417970101,-0.030255535314996078,-0.059560443214079856,0.030135298865296145,-0.004816837333237093,-0.0679917455204924,-0.08362835166173657,0.020556210936224326,-0.035097543027791334,-0.003394454480599054
GABRE,0.0005987654078676735,0.04557650966638941,0.042604477888334887,0.029381262112344507,-0.06040489751831832,-0.04908891516702889,-0.0004744750102267768,-0.0527160610962298,0.02790596613753072,-0.01718875059837519,0.015683282815225644,-0.07947197334507022,-0.054723446370056536,0.0688832729821935,0.02365629009810876,-0.07945805255412998
GALNT3,-0.044990681922030755,-0.05693498751583514,0.06662299541832846,-0.031046829580277303,-0.028258322512885393,0.02059937187910108,-0.009962522894987072,0.06628463981146789,-0.06156685530278261,-0.02618757169215197,-0.03509647269935285,-0.04835937810009272,-0.0367164194834221,-0.07024493315617542,0.022376662536623227,0.035994675000582906
GAS1,0.05302910817970315,0.059557604258227426,0.03235012384147557,-0.020477785893727576,0.02417226929491473,0.0025955240099357884,0.06150618700335308,-0.017272510200352125,-0.014585423157728164,-0.009301169630756662,0.01213937301145442,0.012571281598677172,0.02126709427383949,0.039720662255772955,-0.09350323680949105,-0.045528102789450804
GCNT1,0.015404179308388439,0.009919606421424023,0.0006051355764878046,0.0557117288171151,-0.005887038488441346,0.026284115733567023,-0.003138469800151983,-0.013730851331717048,-0.046350515361807045,0.007214294169331689,0.06802867605019763,-0.06394199117448944,-0.009585256915664518,-0.09744031411603563,0.10401899952074374,0.10160425474331991
GHR,-0.009688022609173196,0.00826018875625477,0.09031178440851563,-0.03966168867348789,-0.04559068725524767,0.043741206874827486,0.015449635091791652,0.04449350233730882,-0.06338335900386985,-0.08720100337220388,-0.04098445222585375,-0.02500955508908671,0.11998570543801494,0.11678730749966025,0.060066627839223126,-0.016011523108878593
GIMAP4,0.091218010238053,-0.03309246219115728,-0.028210424741006896,0.06066858925051345,-0.08603864139671642,0.027929740509308756,-0.0876281862363021,0.009630244716268551,0.03906576464214738,-0.03776289752927338,-0.006764169306384092,2.8919634277744312e-05,-0.04834875427377082,-0.02898839962072506,-0.00024240315381140673,-0.016896960576925572
GIMAP7,0.08811368769656415,-0.02230357634002805,-0.021787142701246518,0.057745730750066324,-0.0976124596719481,0.024131537604643292,-0.0670949160418692,0.006202547451294285,0.008699078676614784,-0.04543511109966398,-0.012186826711855918,-0.032432487642564616,-0.021905881377038635,-0.026204292331362355,-0.0006311683843520776,-0.023896039194466093
GJA1,-0.012271803707907482,0.0016774454150811728,0.0720643279563653,0.021953637137911597,0.08600208647419413,-0.03391479866025716,-0.010202057002205259,0.06189868094828917,-0.03545223961950968,-0.1049468372937904,-0.05509817014027893,-0.023583248457274587,0.12339924810232272,0.051395542164379374,-0.01903584253264943,-0.020919882065394867
GLDN,0.008603685718670987,-0.04710778381247171,0.09580462771977583,-0.061034650681804824,-0.000470742528039579,0.08176220213882517,-0.002142242232250928,0.003240543293324038,0.026224942631228137,0.023679698391956775,0.0006430323614004,-0.011591527765911134,0.04675337154723922,0.013762691019485532,0.04485603605486842,-0.02823816879702248
GNPTAB,0.04492172116901289,-0.08130182375670136,0.042611987119269494,0.004051914278816632,0.10395587811121232,-0.05386429169692537,0.03255742171616418,-0.042206807962737236,-0.08424690566902285,-0.03436123909984779,0.07888317244672767,-0.01703391624149105,0.010511427731903755,-0.01677035109330875,0.0005586956001824867,-0.045461381881345866
GPC2,-0.03244251603558306,-0.00725187659883214,0.023222658652147864,0.0985999219557885,-0.002267764252674055,-0.006768277539569802,0.006998743137013804,-0.07242925716708669,-0.03408821089289537,-0.021721301363013368,-0.05815329735057603,-0.005864850101650127,-0.010864872437441475,0.03437389291586031,-0.05826353070685392,-0.059492484797350906
GPC6,0.02033686828375259,0.04026865775218301,-0.001709756511465512,0.046010308285537385,-0.001976452427293339,-0.07352007097006356,0.04874049310371586,0.034082919784772306,-0.10655491928398753,-0.02439037393887828,0.06655532890360485,0.053991248257054314,-0.08513096660104148,-0.0054098896605298645,-0.04500316166258915,0.01953946647603096
GPR137B,0.051962390759268666,-0.07289663839408878,0.06764288875925266,0.002813391254117798,0.10545624335308426,-0.06113919046340408,0.02824722635890344,-0.041009640634991074,-0.04894317239423317,0.050781636933677265,-0.008436746163237755,0.0023719160083995904,0.028566216843058018,0.0440069505843337,-0.01438960639740721,0.004092110271552108
GPR65,0.09051964695196553,-0.023062794581205266,-0.014976969759854766,0.061251918652092355,-0.0444297530817261,0.011302925911671178,-0.04314658682237822,0.04120716070873423,-0.04291265701214848,-0.06568331316776324,-0.12488209853849028,-0.006796509677903079,-0.0014632892343527833,0.028210924374344616,0.021451967441108534,0.01536125697371248
HAPLN1,-0.013366468853527493,0.09129129259119474,0.03256883209425429,0.02327680461249802,0.0020187352560924812,-0.014581267144864594,-0.08449979574990754,-0.014851142246054602,-0.027572935425667182,0.02737628646113835,-0.07557741334262014,-0.027796756861055864,0.015729704308943507,-0.0751081948130838,0.0653210108606157,-0.05978532851079491
HAS2,0.005251127391992016,0.07943592578016616,0.00444151340310416,0.058622111255560244,0.03266613122514762,-0.018034142111770818,-0.005604803349631084,-0.021773764746932482,0.002770399851833915,-0.06801290069461502,-0.08449584747732383,-0.10775462318535142,-0.006468845589679285,0.0023938304927827755,0.010464275152533276,-0.01261667924510875
HERC5,0.035623607903314584,-0.06574843098027978,0.016631196218487205,0.027883005438480674,-0.008567761405215821,0.09556911677420762,-0.03862763238798131,0.021751012282532303,-0.012640816443072366,0.03848563773568444,-0.016459034770610222,0.023162376719908076,0.06448057452942342,-0.08643854739789254,-0.07357906791273328,-0.01708574087992782
HES4,-0.025079002141931397,-0.04609899542541333,0.06682296895155833,0.022100629088556454,-0.057620102338349896,0.0185591510092948,0.08325679590938995,0.0008133358582267362,0.12825114478179991,0.06083462006189172,-0.05134670354576046,-0.009996233110482474,-0.017419718760820883,-0.0175568369536283,-0.031876176205530474,-0.07528798146781668
HEY1,-0.044823178290778684,-0.06773171343578768,0.05038563191608453,0.025427997249996927,-0.03697460476631354,-0.008952980235621294,0.0555873753380623,-0.0013505829377768945,0.05554046471274875,-0.05550133318300615,-0.08565520336227665,0.044920181508500655,0.06119967788608705,0.08047051660355632,0.003358323495400779,-0.027909134753524918
HEY2,-0.0016638899805889353,-0.06458429944561789,0.095932242655167,-0.029001879100531845,-0.007435119139993354,0.0284579187391568,0.046838912025861594,0.023104726191146542,0.034510098340670745,0.011012970146569918,-0.06762823673426832,-0.009009852153618485,0.10234889909136878,0.03634760875594978,0.05810046975408709,-0.03356333822934272
HEYL,0.018846634167471513,-0.027219470641945794,0.07924755436407771,0.032879832672359874,-0.05739055476537675,-0.04031349261868517,0.09756650255879108,-0.0019975038167590596,0.14577943170492438,0.006033251617931028,-0.041092268531889596,0.01130625280097411,0.022593427652196584,0.000372447207974759,-0.0007952094338976069,-0.031617313643718226
HK2,-0.02573186435547311,0.036123665516157484,-0.022660776977780357,0.08921499581486507,0.05906784129684991,0.02177305268361341,0.02125658174185373,0.05409664691267517,-0.032375846118659644,0.051331049601108424,0.04853107700827711,-0.07194438180229501,-0.09177515753862235,0.09771852940855046,0.08357360120467387,-0.048224396955121644
HOXB8,-0.0333648071219173,-0.014998641587983154,0.033496790791378135,0.019060877605373398,-0.046020324311942765,0.011480575745674454,0.015515996292072872,0.0055464420401846876,-0.0008307523255908138,0.044061040079492866,-0.09187123741103662,0.09562607263296742,-0.029936334450710922,0.03431520263361457,-0.001612453467727256,0.04505321648181361
HS3ST3A1,-0.013026549293918594,0.03560350874780435,0.03578842383790244,0.07055099079418407,0.008891055699265156,0.032158986068041136,-0.015305603935250376,-0.08683518381035861,-0.025532498430078564,0.03879795021140964,-0.048935993474437334,-0.026151298448681443,-0.0632669624705669,0.009382898873550491,0.049833266677020024,-0.011925617040564664
HSPA2,-0.025085371299744162,-0.027139276026606318,0.05510688157808314,0.00734604159456101,-8.632808265137995e-05,0.09061121030011283,-0.01227321643488532,0.017532714794329763,0.008613144743954507,-0.010015007361580805,0.023111155766802886,-0.0074332257075249075,-0.04225814352983609,0.09269644647749653,-0.08915138452516955,-0.03087319899934094
HSPB6,-0.0026246271049610477,0.07012033521013261,0.01999212938256353,0.01110878454236138,-0.015872484797633674,0.0004572978554434388,0.012028261977153093,0.011295571256763979,0.017236863631685584,0.03543015470702984,0.09161165641547311,0.02577197030810269,0.028199767841733985,0.0037203624679795957,-0.01176028379503672,-0.04591089396946786
HSPB8,-0.011833240197951666,0.02180568257546092,0.021797823454569754,-0.0375242444002526,-0.0025275517527919215,0.03930060824107191,0.03124038516974286,0.1039248392390649,-0.04288192693307185,0.07204746755477848,0.06932461138931688,-0.04626032217287997,0.045321505436867825,-0.022852103911825995,0.040758685328527916,-0.0768831285487728
HYOU1,-0.03266664966454692,-0.031509676578515264,0.013634995602497643,0.08547010879630301,0.02899011954852314,0.03190687967587519,0.029635388702654166,0.09726921814965118,-0.002778315935934058,-0.043396912505998975,0.0055287759012495165,0.01621072728568512,-0.07106960838005807,-0.00074466423767278,-0.04707336545583276,0.0424871809561454
IBSP,-0.03896797105955014,-0.062344971988391513,0.06651734496599104,0.010462203573880157,-0.012954038760612147,-0.1267958802916834,-0.04124006240226632,0.00020308080100820192,0.015630837989670895,-0.03119185563071888,-0.006971209549877496,-0.0349530202272414,-0.09589203105528953,-0.046724584729866764,0.044279771280367114,-0.027533308231070103
IGF2BP2,-0.03065352368330978,-0.006247970099389813,0.015120406425632064,0.059620651834459956,-0.011367841051407248,0.003213186708009675,0.015580171195660728,-0.009839350685461452,-0.06335679863644626,0.04226963548983505,-0.0294501194973741,0.06847117860668483,-0.009097889906566799,-0.051669851755339946,0.0688010151362014,0.06588795279403112
IGFBP4,0.06798438223492959,0.035501436348780946,0.0628671398315953,0.013585900231121821,-0.02490429193661218,-0.005201400955779955,-0.005644639442403074,-0.06924674395594761,0.049332081370064125,-0.0037677005493976044,0.037675145136276456,-0.04790059400829332,0.023855591532542433,0.026181495157150823,-0.10116451187767019,0.06601611195054216
IGFBP5,-0.013176734440496387,0.042571205979604704,0.07393149999350783,0.04942345838985386,-0.0019050070659112487,0.01288687394647119,0.015354210768213505,-0.03991497172927605,0.040177182955648476,0.012742030949149082,0.00917794989840761,-0.05778069789340411,0.02626305390653158,0.08387544411619718,-0.023006214690434304,-0.01832279358211484
IL11RA,0.005564604146451128,0.07936920252728862,0.03933393014375932,0.042695236200756936,-0.056498312895726016,-0.010687976644428237,-0.0392055241740394,-0.06972223222718389,-0.08091792737589315,0.05232433676707341,0.024254280445722698,-0.03778358898809218,0.035666917650362194,-0.03269128745932018,-0.06616735237275595,-0.033078651326113
IL1R1,0.032826024935727116,-0.006622894462677167,0.07231518603306397,-0.056929514252339275,0.03633587092231079,0.04109598106331245,0.07119638067958371,0.06365967762939281,-0.04696090997093022,-0.09497999323903855,-0.042972280628994615,-0.03625112758429355,-0.030059300449593807,0.0696946073341198,0.01227206736442164,0.036344174893295035
IL21R,0.057437842237578675,-0.0483232130618618,0.02340909423589892,0.05042014385924593,-0.006511402097290737,-0.028008008377417862,-0.0020391603232221096,0.012428334356883291,-0.02150620663502577,0.04767178296735918,-0.05264188984405173,-0.01724457386228531,-0.015131119855407793,-0.023958568575399172,0.003262156706441373,0.0009080881440428195
INSIG1,0.0036415876380538025,-0.03927244600854542,0.04211484787556169,0.016545154630546163,0.13395813491632602,0.011708240792607238,0.036974682107104855,-0.00781266570445753,-0.07737985553910388,0.026569601497075546,0.042702111001595565,-0.10713288192989788,0.03234265009500455,-0.04487544607056743,0.004267150641131831,-0.04943762995047742
IRX2,-0.03905304188827535,0.006657381016954668,0.02754787754240113,0.039906919488039004,-0.03498079475855216,0.03951146983842696,-0.041871616312644556,-0.04807046925536953,0.006965130863985767,0.07443289323545538,-0.03524375679167282,-0.008366922896527603,-0.01528324735486645,0.007791024636308883,-0.011694102991556068,0.03397540624764372
IRX5,-0.045813877826003435,-0.049194680981495015,0.0758062567021223,-0.03627201734218031,-0.008321255750484757,2.443509911958207e-05,-0.0313508282302795,0.047885533000527204,-0.06499727398045516,0.023378815416073662,-0.037846294286462044,0.040166838189293716,-0.06106309925739565,-0.05000117586779458,0.006445851643305715,-0.06092077025825325
ISG20,0.06951599567863065,-0.006255330313623868,-0.018762577084117455,0.046462453207539396,-0.004082397167435857,0.08584074623436072,-0.06312216332325203,0.06706665713086693,0.0399900889821734,0.058141719116583786,-0.02276136143219488,-0.007904084299584065,-0.0371951303428625,-0.11515406100984223,0.01576141220042888,-0.07859779107823651
ITGA10,-0.0455356306376277,-0.04544393400223897,0.08391912275934915,0.014845088442257648,0.009550873456100485,-0.003473102178330943,-0.0010694726134415642,0.03404203172238192,-0.007185678502936216,-0.0010426082239498428,-0.004560929456595417,0.10703666672354963,-0.09413629903527211,-0.0830183012427576,0.03796728734359118,0.061990992993158356
ITGA11,0.017345411236894568,0.037646372961691,0.07132577677342276,-0.03630854102184278,0.12281120987128619,0.04063821519824859,-0.06615736592209645,-0.03212460618499807,-0.017713858439998082,0.01080306123687182,-0.03288580073071364,0.046527230800031155,-0.038880407166949266,-0.0419105389665622,0.06040611551741268,0.06405197842584151
ITGA2,0.029280020807104522,-0.0748338839898795,0.06635452121514637,0.036336315016405024,0.07518779250117272,-0.07294372890984377,0.0785453177314698,0.019091166672734465,-0.0023485180245480276,0.0005592570035663295,0.030838484542076085,0.03530386309103669,0.022861365244845427,-0.07463197719924948,0.04318798129547255,0.031668975887566855
ITGAL,0.08962895248751818,-0.041080129488428645,-0.01636574328311113,0.08636094269704728,-0.06196546984566106,0.027877837231056034,-0.06710914326876734,0.018182223703637774,-0.01723054382064781,0.008151154666421731,-0.006693092196849595,-0.00722610895539923,0.00867262205561239,0.006692623835630969,0.020059135713037506,0.06903898274134017
ITGB2,0.10563017243977525,-0.036233039889432044,-0.0096636213706042,0.06336775036696192,-0.02083863540650865,0.020551660383032466,-0.08162681038149651,0.01464504334513907,0.010516470396069424,0.03305636047835494,-0.023754727677169355,-0.00782269762133692,-0.015669756627530056,0.03699765765250658,0.03473846431694088,0.008050423993987409
JDP2,0.037013328364508186,-0.04914868450788927,0.08138843161941506,-0.030169559923858086,0.12034104240011521,-0.05488541172691824,0.02034764870525789,-0.057858839801613084,-0.024742710872688537,-0.004954948395433234,-0.0040556461432545545,-0.04747962523603706,-0.03070526174945562,0.010199723908001447,-0.029653975320278057,-0.09427707635828844
JPH1,-0.019489704191948853,0.04555362366289462,0.003806542247116814,0.018046129140408842,-0.08692370432014798,-0.009169833870482669,0.04169759964841152,0.013452277654761653,-0.11280588161526613,0.03607552088547354,0.07629505717326408,0.0010200380216589427,0.07603553591851422,-0.06875817551686236,0.10448277372103226,-0.07781674504660062
KCNG1,-0.050857821935334904,-0.0010207866478243073,0.02552561690420961,0.05923561101492992,-0.010342463247969835,-0.013005988335493107,0.00749423333574751,0.022024401538134956,0.001089465436605771,0.06705039293868632,-0.10095816760847968,0.0033753258059777353,-0.061673688704241815,0.09048600506170028,-0.08984708861859997,0.04407027034745102
KCNH3,-0.06839407538649019,-0.00017454715919628413,0.03973102601487931,0.05666432729810264,-0.03958064945256525,0.012671522244261598,-0.019212110084851446,0.012472840554124915,-0.04993879472947689,0.08318671341439576,-0.06335903119232231,-0.008693530396030987,-0.041566214591625385,0.0060435781956980775,-0.07106096054229265,-0.05318484883239455
KCNMA1,-0.02096572491271854,0.024816583763494,0.054198474592645186,-0.0053851712310286565,-0.04544783809192585,-0.02877154434048873,-0.05737332543817387,0.09114863593296878,-0.02472472184436548,-0.013212956216309895,0.1369940163817364,-0.08330241942562591,-0.04767294386078674,-0.011919580936144071,0.016378116444329686,0.09722788082845298
KIT,-0.014839309941312617,0.0007676312177743653,0.07140420862518974,0.021519482101002307,-0.04887004967676569,0.053608767757807485,0.04864007813394412,-0.035057853584323284,0.001989887131198649,-0.0871824399932635,-0.04916127140233069,-0.06525359966557083,-0.008216267009909692,0.025187130845470442,0.011158269388455638,0.06781472397298637
KNTC1,-0.04733583137605992,-0.016833374150284908,0.006769327065789193,0.10766480882042688,0.03791745531182749,0.0780318552463599,0.001989618452266027,0.021081814207396608,-0.021565782643216944,-0.01565248767850289,0.05442474651229191,0.009884437787685886,0.029905251327241335,-0.06109932105704967,-0.007929406254621473,-0.023611830606919293
LAMC3,-0.01849834810232037,0.0015174278683646463,0.08296975292419387,-0.03855246034990832,-0.0512742347253199,0.0616419540814848,0.012336857116144424,-0.03863802015274325,-0.045187077702875895,0.06143408837247302,-0.05594448940964797,0.03751846864506965,0.002966021550963552,0.018266558431383025,-0.0015815925359068074,-0.01437964104404679
LCP2,0.07260821428821113,-0.07134568371831838,0.005418558676736956,0.06860389955685042,-0.004724868597691655,0.025676737673889782,-0.02626090026010402,-0.06174854776200535,0.034165933358658224,0.017682349204725563,0.0029064976600332313,-0.0032884658382151127,-0.047098790167455544,0.0036500945763051264,0.060535782699241425,0.026456929833581288
LDLR,-0.024580752098159797,0.021684676438744454,0.028747666699511547,0.052425679870417165,0.05311493493806643,0.05546644083824345,0.00608563194949908,0.08551171619575373,0.03859720400066789,0.015946665802365867,0.04655853123466309,-0.05457809152453095,-0.009045201484998362,-0.03159385226241476,-0.08422778909190173,0.04529128342061126
LEF1,-0.03484203030177041,-0.004626380130097674,0.0881989815876193,0.021099350580933617,0.002262465358885341,0.0658923276507246,0.02036857006293289,-0.039183687195740294,0.02350636055655812,0.0014568340681267182,-0.012624103913908908,-0.07242153378551901,-0.0022166412150249706,0.019628060129636464,0.0210382530560958,0.09060270878484791
LOX,-0.002514306033456552,0.032867880926506825,0.03328791724364935,0.023106179535969162,0.015184361215430882,-0.0908285530501204,-0.0569552244258855,0.1699185435407608,-0.05679669307757417,-0.016079005822095233,0.026707746114146096,0.038163370057735416,0.0048416236165116705,-0.0046013027198451885,-0.010189301218148424,0.06317622585423263
LRP4,-0.053199915653699935,-0.06211794439604858,0.07051518937480976,0.012180304224469064,-0.017270765475862353,0.034403965398235606,-0.026482094207929407,-0.002949229426128151,-0.02285354598584041,-0.010505544786979744,0.030634987647407567,-0.06200083940147337,0.0317608202208104,0.0036022502881187363,-0.0007912992748814046,0.04862792322616414
LRRC15,0.01730892619986575,0.009829163640045676,0.07282096533001305,-0.04839412085940939,0.08190956701047354,-0.003475290571976429,-0.04850122599575638,0.02517273043487698,-0.018705091587466336,-0.02884504185512214,0.012040777394140645,0.02253799990103382,-0.09673580083189795,0.03215470533854156,-0.01644016099055962,-0.055325061278504555
LRRC17,0.009882746387306936,0.05967416680008254,0.04687787757658681,0.026910847905439794,0.02606867445804954,-0.04452821981820102,-0.06258657636217811,0.004063419623776927,0.021273738155449046,-0.05353113235091654,0.08069357261522607,0.09563814360997633,0.05522374449282395,0.04429973980247272,0.029274490210265177,0.02829953490650468
LRRC25,0.09341845642002782,-0.05980112286883103,-0.0015759968365846326,0.061544850508515034,0.028988971033516775,-0.01920087319206861,-0.07085493001167205,-0.05191700483771382,0.025943789926011384,0.03238987732519909,-0.013304962794127689,-0.013444160005705783,0.00920386658034461,0.02997831445903572,0.016287375737255593,-0.008447110285666783
LRRC32,0.05947522463272762,0.053898833057611915,0.04244561124331929,0.03197715677926095,0.0006557448092064491,0.001713943232502753,0.056058732624348385,0.04573318834618225,0.10047558969398297,0.0448263779304195,0.013935341415736264,-0.008377678089046289,-0.00923067301389632,-0.014225191692460025,0.012890485442762223,0.11238885061222863
LRRN3,-0.033619072509294856,0.034029537914258216,0.05716639265522789,0.04961131001538965,-0.006143994586646141,-0.033679840127657006,-0.04264768494557138,-0.06039598466721619,-0.052886060169704645,-0.025540662034801407,-0.04403184441862983,0.012506169312405562,0.025160596455641223,-0.018214682712975532,0.07409958325062216,-0.08617695346431194
LSP1,0.06814769715677342,0.060470517388672616,0.02120339018733042,-0.0009433164165689197,-0.005416727823174214,-0.03343572433959853,-0.04728170396236189,0.027948516962687752,0.044536149149798414,-0.060407134732141536,0.02732464460105252,-0.02168175260220356,0.04724893682651054,-0.03853102692696911,0.010702732305839572,-0.0635727550384734
LTBP2,0.03751335609186145,-0.01239572572218105,0.07210940121751624,-0.04503746251989767,-0.01300671918192142,0.06913502644148704,0.030681980261144232,-0.044132270393472756,-0.03883721397209104,0.022420823241438265,-0.01084750085490684,0.013077882879326432,-0.12495458150096146,-0.05666262513338139,0.002104174225350093,0.0674953850811524
LTBP4,0.0166873323206653,0.06466663635376993,0.05215494613180839,-0.029777594450895326,-0.06730684534038382,0.004572855403993742,0.03885239902441168,-0.04295280917055735,-0.03633345688061078,0.0919299662237989,-0.0004100431692110654,0.00998498619117806,-0.032894259061562514,-0.004694138647585224,-0.10075813344321483,-0.0604238107387869
LUM,0.034991252179979594,0.05510350244242942,0.06445672193952622,-0.08012100472088104,0.06610704031016858,0.015435591365706528,-0.099848364839577,0.06406323812382386,-0.01761482906619699,-0.061244359518921196,-0.007340424489478118,0.020570444905323712,0.07470508354007219,0.024902939055661794,0.0014529919751738278,-0.05369894198714709
LXN,0.0063283459697119175,-0.05521100152661775,0.04109215159510419,-0.042114251488339666,0.0011952856127708039,0.01333720811967599,0.037580981037351226,0.061171558507030634,0.04158405317305496,0.024933218276411824,-0.051598404909455255,0.04788232749454334,-0.010890821141575706,-0.07312979973204584,-0.00611703529083784,-0.013644717667189535
MAB21L2,0.007788984050128037,-0.0287620650775942,0.032245715412172235,-0.04913570084577284,-0.020599976786810813,-0.01707488575688902,-0.014286270625926488,0.05472864570075133,-0.06849351638143018,-0.02735018151321079,0.0014513284927995874,0.10048696455982142,-0.006895123681202683,0.014031866376141207,-0.016389022514924932,0.007201428010306946
MAF,0.05325825265193496,0.05602277439799001,0.0219747685083335,0.04931012603711128,-0.045314161456554314,0.01622186577890953,-0.026911490052753825,-0.0506250676434602,-0.0034387510038784,-0.008196658818170575,0.03202651184644782,0.05521932467279024,0.026983566958206195,-0.0014808856715771029,0.07526360388591302,-0.010204661910812438
MAMDC2,-0.02039871577761047,-0.06118403245386031,0.09336620060663216,-0.006998554446273428,0.025945237260320452,-0.03340580532570679,-0.01860072794556326,0.09184932772807862,0.011103916958557098,-0.03705110496700037,-0.027309689579562146,0.03210031799264791,-0.0304535645523733,-0.030497335372290952,-0.0021968986196843204,0.031853261327830173
MAPK13,0.02670493978666335,-0.00014794494002223925,0.003034956277952883,0.061159670334460285,-0.01139720808192339,-0.07144843576938795,-0.052412778210545644,-0.034045929585268045,0.04671679568205765,0.008431733673205367,0.07672082055323286,0.10929925476290613,-0.01867692946029668,0.09956435541027385,-0.03662592729433212,-0.011425412137222639
MET,0.03506245678566218,-0.011299292778654312,0.0022331431246806798,0.04606422740393334,0.060074023523797725,-0.03874980049257048,0.12497994240061516,0.00453618923165906,-0.14124278754836753,-0.06771433241153703,-0.02529158156117094,0.0001358895637739295,0.041599215254569104,-0.07761228837263102,-0.06061373980339299,-0.010020250328047776
MFAP2,-0.010096762978409704,0.047122881186483556,0.07013881042479389,0.018419321861125826,0.045640423547124095,-0.014644660481582328,-0.018803760155716182,-0.08583929138441948,-0.028921951699561802,0.07047579464641722,-0.07044624389178576,0.009523799657738388,-0.042272952464688165,-0.012745312026272661,-0.11583793546195191,0.04444342051179142
MFAP4,0.039272826961325495,0.10514728781149034,0.026658525083779583,0.02411735674510255,-0.032021647940788,-0.0012567953460870696,0.006828236444068482,-0.05975279902663147,-0.021485792629360987,0.0251437328258766,0.07211084814677662,0.0034993922617139453,0.007499962199294405,-0.00038365839852823997,-0.026899620945629484,0.02861269889004574
MMP11,0.029309847351418745,0.0037617751887503727,0.03446852232865057,0.00035118140392119505,0.036335908260088465,0.05111811421042859,-0.02322209712492165,-0.03924343890519428,0.03638530153618839,0.02840519303278189,-0.07161377618434814,0.1469361169722948,-0.05043519409570914,-0.013679696993709738,-0.004325833865035062,0.012779442991585692
MMP13,0.0027978674199833718,-0.05890269440700576,0.058592115231127215,0.024034821245167957,0.05134600075038985,-0.07214451266974703,0.025328865460719833,-0.07048743316611815,0.03137221000521041,-0.007762745647590068,-0.02629524563111539,0.05247467282744941,-0.056449868411795806,-0.0616342390982266,0.05647851331439406,-0.08623237626906662
MMP2,0.028573219187186596,0.08752598653329599,0.05886322718490832,-0.027636966893945465,0.015283002896180585,-0.003598073519270855,-0.06347619498844716,-0.014963357615661222,-0.01520719294428511,-0.04358266519379644,0.03077601984864679,-0.021731734945434053,-0.06456991621299582,0.024523990227986462,-0.025588508651227304,-0.012388828904948477
MMP9,0.022745279028253098,-0.08956970403404363,0.0707763317850437,0.005596868266199075,0.10435346879414316,-0.07773900131278359,0.017615535224284266,-0.0361204483837259,0.010749552813694907,0.057535104541899716,0.01068097502984405,0.020517513986461306,0.048700811177051544,-0.029738259917041245,-0.0045657613702529114,-0.03138576359714578
MRC2,-0.029812080299646805,-0.05611850712715121,0.09203790004206713,-0.008627298548957529,0.032633747179223155,-0.017226565828986976,-0.05318850277595646,-0.021647431265255646,0.023050708882899285,-0.04661180835635559,0.005790785308555062,0.02434314218741352,-0.019956330255257487,0.062230863769038525,-0.08103096855872845,0.04403763136384996
MTAP,0.01441053083975242,-0.013801781979795355,0.007038731625524739,0.0106327555139056,0.017508649380236625,0.06442199871484966,0.032046615149213,0.05924125502698427,-0.07592195513733127,-0.06678057491486769,0.019069824829818453,-0.011683207706815933,0.1325298347184114,-0.02564586661937737,-0.013346086237198738,-0.0367899098707907
MTMR11,0.001394097431447144,0.04687444080962165,0.051987687304331405,-0.028631931475264032,-0.013598826147986375,0.060104120989608635,0.008123053565287874,-0.02061822956277751,-0.0553901371219944,0.03250042548322784,0.013080916919175624,0.09678605616194082,-0.07220387141626801,-0.05475934358511245,0.024966656395295866,-0.0013731639144797117
MTSS1,-0.004647242119611387,-0.09083675189731209,0.0450122146216909,0.044909950553039604,-0.05314186997153661,-0.03999916294563115,0.04041989409786848,0.017149353742902166,0.05093604574010608,-0.017506315590024624,0.07840544447616063,0.05287330591133572,-0.016338789194394084,-0.04912929176599548,-0.0009241022213568109,0.09468683348738063
MYH10,-0.012844449163190925,0.024475988837070313,0.046295897815180294,0.05384512462376948,-0.020209412123329065,0.056182046441208784,-0.019738273096595257,-0.09565687669343663,0.01289756589188948,-0.06474370726699077,-0.023713128142977533,0.13135357787083404,0.04552125800908997,0.09544373605717403,0.038296143093086245,-0.04889123786993266
MYOM1,0.002308969342246473,-0.014841492594186774,0.03182148956971388,0.011791262791306547,-0.08403209483797232,-0.02655762355283266,0.061460267473008014,-0.029118380414899787,-0.05317317617731964,0.009628060833446316,0.1254949069802979,0.04823841064128195,0.06922221203961558,-0.05216760700752469,0.07717754297471953,0.019790284854791874
NCALD,0.009458989177786812,-0.016188311516209856,0.04456355872576933,-0.01727179621009677,-0.045599255751633955,0.04447179057690905,0.01678929334828224,0.020246976070234193,0.003934088718610138,0.011792745419635672,-0.022065365531713017,0.16463427482756318,0.03101377118529974,0.042811846508230646,-0.014622520304250215,-0.007115398920965975
NCAM1,-0.060027853458976724,-0.043511866300839884,0.07046347242975165,-0.004754811057646537,-0.02193087879142104,-0.013449602952312461,-0.005629861072730647,-0.009930641405551017,-0.07712732814837277,-0.05082029451354123,0.014748205472078179,0.06461116382316028,0.0010521986368857116,0.0078092061593169025,0.0002490969903342858,-0.058198821877629495
NDN,-0.010367633729358946,0.0028587097760642546,0.014504056852041869,0.015643155612659946,-0.0568404037992568,0.001771510661330141,-0.02258098676420007,0.005439696980086136,-0.07562164210620337,0.03775293156397227,0.0004414536721973762,0.03241928872681352,0.0432214506067068,-0.0026704167581977226,-0.08868925304248809,0.006734923468671975
NDRG2,0.0054786196708684985,0.004045170350433278,0.02406912271701029,-0.035358269609437915,-0.11608567296672563,0.008700640736844002,0.02866114865893096,-0.042850113987657194,-0.09102159655450824,0.037842617855689153,0.10314436046862073,0.010206855009119895,0.027996994236116405,0.026789184939578742,0.00864213077371048,-0.10881402382441538
NETO2,-0.040572136378274025,-0.0124661251217535,-0.010171973856875119,0.09915591903158233,-0.013893656599763795,0.0060178272742671315,0.003373308189717839,0.014562517503485136,-0.029392412825963273,-0.02562925687177,-0.05829898434906081,0.11939415329915185,0.06341853507759684,-0.06051407773447476,0.029174962431240924,0.04037684591937652
NFIX,-0.015058192710395971,0.09066352215949879,0.06357667698592066,-0.023778321554968455,-0.008619226072605601,0.07897880478192004,-0.03781142450938041,0.00810392814519933,-0.036539574967907024,-0.04503357171680924,0.019358038916608842,-0.04461992433166664,0.047000176348674406,0.0002831589104368887,0.005781585804322645,0.022484704767950656
NFKBIZ,0.05219421081407441,0.041206375424314504,0.010221787425095955,0.03603720202885066,-0.00869316112685985,0.020703291194697337,0.05606903570061376,0.05463520244961535,-0.00486934186588228,-0.019781986721424838,0.026090843765691766,-0.023799752204396302,-0.017718568089130998,0.09478201204587607,0.060120015528131114,-0.09257254520502342
NGEF,-0.025481496952023636,0.029712783411524227,0.06295954592337635,-0.05322902106244276,-0.032012906366448116,-0.004681703564944172,-0.06193926091130372,0.12697142880735612,-0.03662144175482198,0.10750415752308888,-0.036885791206303344,-0.04340828913625059,0.004697784491360134,-0.03978156039599506,0.007294358510060415,0.009064892133261856
NID2,0.01775245186446298,0.06930729351047123,0.025151982193175926,0.10767810452814348,0.05029183605700312,-0.016133114888416466,0.07527317515081978,0.013826967197241372,0.024894448002056962,-0.04813961528580839,-0.07520246878906796,0.008424279505676702,0.0036889343368772596,0.026907828812347,0.018263974471726882,0.07980899730836198
NINJ2,0.003907691672300289,-0.019241323258512757,0.07441803319139823,-0.05667577272338432,0.009760758010183836,0.012239062995201565,-0.059979641579262936,0.013992045108128353,0.025113616408174205,0.07608270123673856,0.023421171655275266,0.09177664257463407,-0.06114940829987958,-0.02496802437191655,0.015641227342746936,-0.03155932440367865
NKD2,-0.01580148059627443,-0.012611535017390074,0.08868402953490248,-0.059941598699322654,-0.0020546832320889738,0.08935398105834122,0.013454551206641338,-0.03767969537967872,0.010772471935086587,0.06318672702223846,-0.08857862004991414,-0.04930568120445762,0.0363277654651284,0.028967421546640323,0.01399807873731828,-0.048616294375814946
NOTCH3,0.0036306898794369324,-0.013665198423498653,0.10929470622034015,-0.015841329792077627,0.009858582603250702,0.06719216728271575,0.09195971775657748,-0.052670125611635074,0.10735570804572707,-0.018130042048730272,-0.015350293894245566,-0.0244517956277066,-0.04173566255764457,-0.010750618529154534,0.04204144583599581,-0.02431494607742277
NQO1,0.018633813717963098,-0.027601997768839735,-0.011305221224084137,-0.000926959801303314,-0.00021894970752238963,0.057808134521688224,0.009977830558515059,0.11240607098574386,0.04523387188274962,0.08530201099772113,0.03211985016931542,0.037651823992028544,-0.014004727364583462,0.044429606050291434,-0.018126384400332134,0.04601476274446965
NR4A2,6.26932172877054e-05,0.04569365553410501,0.002036813052657861,0.03073604020192156,-0.01855091128532502,-0.01392521574228654,0.07086640124792801,0.129586843614681,-0.03539987880468304,0.05563722150742251,-0.044711712353628814,-0.08089247078447695,-0.015317033666232374,-0.04018985501097693,-0.002438553906567862,-0.03964878325105605
NRIP3,0.02745650028024804,0.00905391585702481,0.03923276617473921,0.062034996280697585,0.03462718404853964,-0.08522426306254081,0.0012816149007456976,-0.0069331073297970005,0.02052399657843678,0.0033772050099243876,0.05680169343853692,0.07393566747905911,0.03172505168725893,0.0914874037557832,0.02992054319082856,-0.03842408149454146
NRXN2,0.002159009292406054,0.025615579137471495,0.0654363019823426,-0.011476568064953029,-0.058543095710190604,0.05446819822912286,0.029963498404302055,-0.06732194494988665,0.012173126077543034,0.09256872060245505,-0.012434791799150855,0.048583475856187316,0.01071687103767535,0.06681931674964729,0.030880699830479766,0.006636520859118846
NT5E,0.0419609318864476,-0.003013071501849469,0.06222188864779264,-0.04906894822460087,0.08070286631039919,0.01454284742668091,0.07341488841792901,0.029625508930948515,-0.06316895913837313,0.010686142638652347,-0.051493000535206536,0.022157636228468724,-0.01811996021127322,-0.09112149844772566,-0.01953873122973248,0.011244518652777223
OMD,-0.04431987919159036,-0.008134152626602779,0.09392884328492788,-0.04469566051040553,0.017331555251231638,-0.013841407784952835,-0.09847918504124999,0.00040409276013306076,0.010025288151786252,-0.059649500432429746,-0.020470085152276378,-0.08323860382618448,0.00941988028047622,-0.10416863149127438,0.01949704643838237,-0.035822199597312185
OSMR,0.07107496965785391,0.02354592776137884,0.04200220250674536,0.003915954575860127,0.06906014788173873,-0.028112646216082473,0.005208218615232994,0.04472726173764084,-0.005834572785805445,0.003919173338892729,0.07634693574454954,-0.03731366233595159,-0.02181443427234549,0.09836360907974585,-0.035048736349355944,0.031545174174678565
PALM,0.01167199463490783,0.04782235321782494,0.038090752730362686,-0.013425642538341581,-0.13017821132047283,-0.023812366041399052,0.0045652215821521515,-0.016478232138988955,-0.039653014095866884,0.11701933659713422,-0.005058330124998572,-0.037939417540711534,-0.00479519126063896,-0.04345625676598544,-0.08062643789514878,-0.04444439774532348
PAQR8,-0.0019433252869827187,-0.03363399163495044,0.05347639405275993,0.03828376796493655,-0.006235849285981707,0.05158337998475139,-0.0005843720292694529,-0.0660646640072368,-0.0937366849206365,0.0008867851881297791,-0.050600714728277804,0.04560141962317012,0.009977926956751803,0.016413770083294348,0.003595881824453983,0.02690830843105687
PCDH12,0.033505476377200034,-0.034133236541679525,0.06635333746321304,0.012675667082862425,-0.05903973694537,-0.00667863262393474,0.09469116502860361,-0.041189606130379884,0.12190521606478179,-0.025694873005113587,0.01282157788065124,-0.002010540322696053,0.03920224606069873,-0.12381669438943389,0.021333967290869484,0.048928136395512085
PCDH17,0.028156964731505005,-0.017241365935386575,0.05858214731284123,0.04241017047534725,-0.06483168605694052,-0.04977921482497773,0.12335278726626575,0.00137016067776609,0.04453145769042593,-0.07806821851632002,-0.07108258233026238,-0.05384993298493102,0.03182518265445822,-0.052112501389303914,0.0278483557455815,0.01936322259378593
PCSK5,0.010852559416338066,0.02806499598258015,0.06265442761860493,-0.0262696652522233,-0.012146819526784326,-0.02916886494489118,0.0226160458237152,0.041348535298278186,-0.07153470057879216,-0.04676837890341937,0.05226009093284825,-0.021179730552278054,-0.026137238232950003,0.05579904555386456,-0.06366463907327274,0.08529677415974128
PDGFRL,0.021945439407171582,0.050803206483570264,0.07201866182781232,-0.07182058466225846,0.017147756301190312,0.029879695614728717,-0.07926394313152138,0.013515226897685919,-0.0009700513822886164,0.01885271209210788,0.053058688743263596,0.013713286607264728,0.03387739454779343,-0.10009086074531034,-0.02383658474518602,0.022330419057287675
PDZRN3,0.0007044724024498217,0.0929915610731534,0.020340101925972354,0.028219969861848524,-0.003684545996738808,-0.049260074910547916,-0.0035825523813559235,0.028920777539706465,-0.06965906479269078,-0.026399132821404846,-0.06825772169280511,-0.06511781979675937,0.016668337066848754,-0.004142886587620489,-0.04494496805434581,-0.009801419067636952
PFKFB3,0.03264825912774135,-0.0029222718302057767,0.0060348990013944365,0.03464016241773474,0.05960825271328534,0.05746493499130604,0.0395793652018382,0.10556949132179248,-0.0506443338419312,0.1014278549895592,0.042911163015058575,-0.06810245733264592,-0.011329789706016382,0.09379082044468523,0.11689456260717082,0.032436901872453884
PFKM,-0.025166672167344886,0.009740631934705096,0.03492600404398853,0.05451931790599993,-0.024634366826982095,-0.013022859894573975,-0.006455578430602762,-0.0335916597679267,-0.04734671937891096,0.1284734890888287,0.11257921004434701,-0.015814422460720057,0.02048002538944725,0.010739674474525448,-0.01566054067166973,0.05168911488665564
PHOSPHO1,-0.061625593345666974,-0.05380066987285683,0.06114325603027132,-0.010115369345506671,-0.062257285582437136,-0.10156926114557877,-0.06425549018854622,0.05424868408167502,0.002166658501444899,-0.0033376887365101204,0.019781936502972622,-0.05168948545984522,0.0008276781695660447,-0.03770298324607007,0.03280966175999172,-0.014455165325264053
PI15,0.030031682748648744,0.08022104111083946,0.03789231599038131,0.030324551171162676,0.004112795506596002,-0.02110205409402373,0.005508416464202617,0.01779831564481097,-0.03336115082065356,0.017234598398200025,0.009639296495096346,-0.0673143189971634,0.06952097641349417,0.03895587624809209,0.05436073251458485,-0.027653715830531764
PITX2,-0.03422028695815786,0.025189204122423706,0.021554590303703446,0.020667797348818764,-0.031655260612603306,0.0674793119541543,0.002735243312815376,-0.04134690167470439,-0.041290394108958586,0.05069861097942166,-0.06486156958935725,0.04284427954847906,-0.00829829216698252,0.010953961340318192,-0.03957217187651148,-0.09987375964490854
PLAG1,-0.012252753691062511,0.012941885644528597,0.02602236106799952,0.08097875908620143,-0.050678879058912246,-0.038410861546871664,0.05025915477384546,-0.0640209237910913,-0.06775765971672734,0.013458366566848741,-0.07085011295205144,0.07733307226525042,-0.10691146176690379,0.005064577235526871,0.00779476520934122,-0.00942527262273174
PLCB1,0.001954821648053767,0.07358998331160074,0.03370103492777255,0.06191706380416548,-0.0651455320257037,-0.02234932350652877,0.06293068073556396,0.04003491138758749,-0.036505218297864135,-0.06648136937441486,-0.0568647355836942,-0.023654312397597514,0.05216791631094498,-0.005842826299113352,0.028765767923812812,-0.04398687087462395
PLEK,0.09801343256152921,-0.061265508153475895,-0.013572273912496019,0.06320303516813522,0.02578674988684193,-0.007832155352174252,-0.04422257356251399,0.0008874233999533957,0.006720152194667955,0.030229434963434377,0.02108932567883407,-0.002619610215925319,0.007965005157870684,0.014912496710445566,0.03091112365645732,0.015995616723559914
PLEKHA4,0.022350227365594423,0.027434559409796472,0.03619874968753635,0.002222819648369216,-0.043029299132317296,0.020240855379859316,-0.011229473470744477,-0.009771423420804228,-0.01582864204897141,0.05822167369785203,-0.0086459294405337,0.045371916401055486,-0.05152091568555766,0.018237292839040218,-0.13833853942298435,-0.1359311606890554
PMP22,0.017387731891599433,0.07145216001382165,0.028406995794416204,0.019932266654927082,0.032167583912305106,0.015256764500080079,-0.046610833778004165,0.03053647554973042,0.02004905815234884,0.07841818691054198,-0.01791583651261151,0.04775757965687304,0.005967064167925935,0.0485963820719388,0.01120336214413202,-0.005983344764921375
PODN,0.0540349035356504,0.09943415404342841,0.03298212669814994,0.0073758365226845495,0.0022246620473791744,-0.03612712030557735,-0.025310487854238506,-0.02162383525567331,0.012937642891545512,0.004732810660995829,0.03137185708901458,0.02705249989491817,-0.020892597910355054,0.0033088340617293726,-0.07635785020907884,-0.046675560205380204
POSTN,0.01813382972745164,0.09150729164681443,0.02946060823795883,0.015835227268687146,0.03973142363097171,-0.0367012894535095,-0.00888039346633124,-0.042223613730537235,0.029453675339541113,-0.0621697710714254,-0.0607865467120883,0.022012285302870128,-0.0049912388024160185,0.01181978845077604,0.0070827606796972364,-0.01432604342854043
PPARG,0.030110265167599064,-0.04230472798951,0.008595554971804227,0.051378414122712414,-0.033398559873567546,0.04586477868659159,-0.015746331222229855,-0.028287777754085884,0.10451225121195712,-0.06099819683865709,-0.009784971137781302,0.05560343549161243,0.026128732027536763,0.04732866576719197,0.08384002160903808,-0.0696088782499796
PPFIA2,-0.026364961209848797,-0.06763992824178254,0.08005656949232566,-0.03788127205134937,-0.016338040492706204,0.05353276122989968,-0.005398620755312768,-0.01265245022318221,0.0059353214693677134,-0.04447078636338483,-0.020656976389856564,0.07837759464108843,0.017725380080182894,0.07801915167377074,0.04224193281196024,-0.011764239965232886
PPFIA4,-0.020663145339826248,0.027630072401457775,0.04700662766632678,-0.026420401181183495,-0.03716464447645571,0.019985447773475582,0.016077483236832574,0.021127365655990753,-0.09126392284191293,0.09699139541771067,0.026599815381497024,-0.010254279256177752,0.06962400890930988,0.025050494211974937,0.09067422565816123,-0.030070763854246625
PPFIBP2,-0.05389405516761623,-0.06992686246175955,0.0869289075131651,-0.0022916241172374918,-0.041470641805850084,0.040922034445058965,-0.05103016883639458,0.0040668056891970785,-0.005706796478293519,-0.02742442624230027,-0.003473971540822831,-0.042282745703310684,0.06223677210604248,0.03590973432671272,0.027760517921028745,0.04701230543427841
PRICKLE1,0.014225145070067313,0.07634457535815069,0.024066330221966817,0.07266679350228299,-0.041642066194764224,-0.05019816919519548,0.003145111001292704,-0.008247242877049714,-0.05697265003276919,0.03267363339860522,0.01847037889404421,0.008158164387565938,-0.02818787013280883,-0.022881137893479012,-0.012607257130707272,0.07349008109994332
PRND,0.03602504299665248,-0.014549204288717336,0.07564291168700317,0.02721786598317588,-0.06688503934535374,-0.038547182801548195,0.0891867598665223,-0.009231183241056276,0.08789107426813896,-0.04513738633593331,-0.0002215195859061076,0.03593283862823608,0.07001850178598501,-0.05434970883934342,-0.022353731534368922,-0.025135133693816272
PROS1,0.03102783339282011,0.004212474797526986,0.07184953112845002,0.014660580187073452,-0.03143833897308048,-0.03995002974391813,0.014237150382118388,-0.03654824105675735,-0.018728539547213055,0.021857500556566045,0.03832858752819601,0.07221192129975056,0.054499622983612044,-0.029232491313217115,-0.03142620661482337,0.01133035962328306
PRPH,-0.04977023534293264,-0.007811467201343208,0.01568912956648457,0.026575200210529358,-0.06599526452130484,0.06249988065799509,0.00917125355191611,-0.00418792301486536,-0.013617885650012094,0.08245494329764383,-0.016890493838526373,0.02002335749245237,-0.01541609170809444,0.005288719682056164,0.0008764432935207578,-0.08687622739495429
PRSS23,0.06216719663531653,0.058902693708296025,0.04083018162488787,-0.023980731954388518,0.03989843869597953,0.014701571302674294,0.019419853911602933,0.04197520020409185,0.061525680208890196,-0.02050697979108646,-0.047474294478810415,0.012626907773430042,0.020047120273367407,-0.034362822493197734,0.019490099114028023,-0.04371231362896643
PTGER4,0.07771310796032545,0.014393461379228858,0.013620728936438004,0.002825458575588189,-0.026869348055648164,0.04162765243335683,0.07643473783851885,0.07508059974884458,0.023417959920403884,0.009071088755285148,-0.020657809777920567,0.0018795341851491267,0.006055918726622298,0.013325375041417188,0.02525085395596755,-0.0024728829126858696
PTGFRN,-0.013457651338682515,0.023463235425252308,0.06711430233185572,-0.01636988687158033,0.03184295769193761,0.14410356717110873,-0.007869028606018456,-0.04780654138732779,0.0020812219386615685,-0.05972431951790063,0.06707578836887078,0.020059895064819998,0.05954721108508595,0.05991327979576033,-0.00850743750922875,0.05766646826265465
PTGS2,-0.009485972115319308,0.02625722986593442,0.014246969912041543,0.07712412883425118,0.06589993717988839,-0.02043612573685554,0.03644028091813089,0.09172804832326843,-0.01227857566423205,0.08412464260788093,-0.04986048358168894,-0.08142308118703073,-0.03179623888288419,0.0745642126180947,0.009287647511708162,-0.03656198221129024
PTK7,-0.012963478521916962,0.0404495181335395,0.04092177057785251,0.0858154845567132,0.05581952733758845,0.044208558891885796,-0.03966031589131594,-0.07073815555108058,0.04830389578602001,0.05221562668898512,-0.0882763369505498,0.04647355998558224,-0.040612477676906185,-0.030531917473100533,-0.005350405673331142,0.04916814051807476
PTPRE,0.0908785297301203,-0.05988771555821485,0.022085383817738908,0.03724813189736722,0.04277026867176536,-0.05316573463040129,0.02568589326386196,-0.015849486637724435,-0.007672346575702394,0.006200572370854465,0.02764719503897009,-0.017338697499928588,-0.04087685429109904,0.0006894569248496701,0.04803203659051847,-0.000289781312577322
RARB,-0.03461100032807455,-0.07713472453080032,0.05324006674927294,0.01963662849288221,-0.04410233626384825,0.008843154603801015,0.02027346458121575,0.0019250108391047187,-0.0355499179179017,-0.04611682421520193,0.031954037123610154,0.059573842170385666,-0.03528398191418596,0.06310117371102358,-0.05504129652129376,-0.009217013985160522
RGS2,0.054456908525614876,0.006746407220726789,0.004775605852764952,0.03911160162672434,0.02563683464109177,0.029111821498907037,0.08291565205577808,0.06061585393932918,-0.033501202824630025,0.059874415704933286,-0.04468777318058373,-0.07116080844389731,0.016099633969813076,0.06900396532338829,0.08472193351572573,-0.04105861288724591
RGS5,0.04361353209996653,0.033529163590869424,0.06581121175340081,0.000896030495342109,-0.08170595046911562,-0.030128934740789735,0.05072424883555854,0.015109743111750049,-0.0021397157884164727,-0.035179654332657,0.0024882691537456334,-0.058765580611820085,0.0694050392979847,-0.034241651883352146,0.013713583900086179,-0.016423699183530024
RHBDL2,-0.07134553256038438,-0.06196957962145409,0.05014048012517417,-0.031065899257316697,-0.031469950478902886,-0.01967421168343191,-0.055714854768937075,0.032709907471371306,-0.024216082963301955,-0.05453586510981191,-0.0077582054361560945,-0.08239680630929985,-0.09149048420464719,-0.018503476989857413,-0.031648847363316926,-0.020837045237241923
RHPN2,-0.07404766747763251,-0.01131904211661277,0.03161927144558258,0.04635387891559099,-0.09213686982235672,0.0024539417018384522,-0.021915433997156467,-0.032057268339906464,-0.030066221638123225,0.06729839655869733,0.006808276648821381,0.010267964550335698,-0.02908652517806701,0.017593458900489058,0.03308547058930436,0.027182725041513613
RNF150,-0.0032366456212033746,0.04293648428777487,0.05613981012749969,0.06981848477534756,-0.038260606714892974,0.001659658187725173,0.0067543608952756904,-0.11309206992303411,-0.031104811011552033,0.021324757788240507,0.02684256518118731,0.03649843986438872,-0.017845229550326466,-0.07182252194647541,0.0698772837734438,0.0699579239100471
ROR2,-0.008688531232549068,0.10000006961960392,0.010861728971360658,0.0784252194287708,0.008682647332128623,-0.0013847644996647977,-0.07221560598637247,-0.030212703945360825,-0.04061734756629792,0.01138432970994079,-0.013986225780000033,-0.010234328069818851,0.03129756520707721,-0.0003486107028334236,-0.03351377460356199,0.005553806871180913
SCARA3,-0.018755437430576956,0.006084997674202422,0.04927600618068678,0.033763713578828736,0.010103806026635477,-0.0279826202831948,-0.028183512963717273,0.02435879110244691,0.04057296157809704,0.013993046732800761,0.04065033679372566,-0.01272400075942667,-0.003424713687915413,-0.007438654885094698,-0.06633334711482161,0.06647420055558242
SCD,-0.04591904284055835,-0.017845437763778123,0.011569417995695394,0.036553214082307724,0.02331238137257774,0.08336036475352833,-0.016529062456290874,0.03501662810816969,-0.056272091996327,0.013868107844282392,0.046485872455358214,-0.08092930358890309,0.013055104927361299,0.010381996627965611,0.03688023073578087,0.10635615583940597
SDK2,-0.06900176449541232,-0.038858880109235036,0.0858701850290978,0.004692299324163887,-0.04684741872743271,-0.00208373296717795,-0.022329804122460342,0.031907118429064955,-0.0403186476533814,-0.015581574593318178,0.04297376345330364,-0.06023006012256165,-0.032005406683190796,0.0543812394897025,0.02718042779605343,0.003359155561061132
SELENBP1,-0.010709951643137447,0.03011519190296094,0.037685062914035374,0.0257319672602929,-0.09782169734501019,-0.016929496645932268,-0.04829846303885099,0.006868887312948887,0.010510019219621587,-0.03546061688017944,0.0559027580596789,-0.054186647462823354,0.014781426665798,0.03976135812849652,-0.10463127377623048,-0.11084976629038457
SEMA3B,-0.03559088435125973,0.034114790485178,0.05284128908557158,0.013623158076948881,-0.04673336205805646,-0.11042225875219568,-0.07246569472250583,0.055291566017083696,-0.03184775164048456,0.0533404123312384,-0.04159581369188378,-0.03726131057960804,0.01177194533709717,-0.04084939879045197,-0.04732466349178224,0.029396111965423393
SEMA6A,0.007242843393057765,0.03769086548830367,0.05021746573129091,0.07280693567148784,-0.08177367030792544,-0.023994606590302604,0.06266457568678989,-0.03686125525170623,0.004403492631626344,0.009719836603980295,0.00233596697756805,-0.09173642182000451,0.0765113663993326,0.043814355311847394,0.02577992151292502,0.08849563972178603
SEMA6B,0.029869460660142812,-0.05272825467655327,0.06786521091161175,-0.021207539207544448,0.02943994594668916,0.015468324012615331,0.11590273909254689,-0.0118844657657892,0.049367735013806056,0.03346756781852011,-0.06592791520684803,-0.031114182793282378,-0.055689599829751905,0.002158104212422564,-0.04090226555773726,-0.01440298602040759
SERPINA1,0.07301011823708764,-0.008738484118732584,-0.053517106230075696,0.056172433176811545,-0.01116107095673,-0.003037975168900843,-0.05167696373297012,0.033689206873176274,-0.0014746515247005584,-0.01308667957821556,-0.020500529371749773,-0.07670511000432462,-0.12033621002618516,0.029233043395264544,0.056831882406033984,-0.06634446219622148
SETBP1,-0.01644825341309857,0.018840561609228607,0.09898387492649606,-0.03186769566154703,-0.026206677188524003,0.10601341147109247,0.03426664970937709,-0.048901470981620836,-0.08604539183843918,-0.06364604005376515,0.030087703221352537,0.01293682940250015,-0.06139053092914484,0.05225312991328207,0.026414518340215954,0.032431874448129006
SKP2,-0.07134392719070946,-0.009313058435143653,0.02992178987049837,0.0917191165940426,0.008061733512744444,0.08337904547748742,-0.00640942800367828,0.004464621998762241,-0.03225217432829237,-0.030796323737606504,0.02262173261448242,0.009130410151246387,0.0823341084149804,-0.020033031199542462,-0.02518233816365722,-0.021468951988515325
SLC16A3,-0.014885405493120668,0.016808921058058222,0.008052797937313826,0.020984462551976602,0.08414346470037952,-0.025163247786789113,-0.004374716664966154,0.09021292891029423,-0.03416688755251686,0.11318610211482968,-0.11097409675656283,-0.061883640279376054,-0.0839994748068031,0.13341103258920947,0.023701264270528308,-0.04647837752936259
SLC16A9,0.03003001482252605,0.05012355545162653,0.024174012623200472,0.037386856698022504,-0.05509722542572221,-0.01907247340620346,0.02965966272954756,-0.005294310520635593,-0.06237233268117853,0.0015020124401313745,-0.008109241728868448,-0.008859690139876999,0.14231485637067504,0.06069858221347754,-0.012948137502829117,-0.014638077344732308
SLC1A3,0.002443773052499085,-0.02688824028910457,0.035881727086127406,0.040274857861185905,0.05021294240567089,0.07615827548141517,-0.057634477872268094,-0.0723798184674692,0.06760180347173983,-0.05407016186933114,-0.03180354763146285,0.03186590774813653,0.05334526281205729,0.0173917016792227,0.044928238904890956,0.026938721880880007
SLC20A2,-0.0014749891693869102,-0.039520745967889834,0.06209296976451638,-0.025063695281473654,-0.031992801581318064,0.03728329500389274,0.006217149936633979,-0.009630658264451959,0.00960973318272379,0.01697829778500092,0.04846309022376404,-0.09566964418749789,0.1595911185427191,0.03316254904282153,-0.04871154461921552,-0.01864692423983762
SLC29A1,-0.00563749773326653,-0.07613499733037649,0.0702949907130084,-0.037490527281014034,0.015126171135024125,0.049947401743480765,0.038578138964737184,0.03200293014993552,0.032358533359780846,0.034176298369210975,-0.013765676891839685,0.046172696170615986,-0.02097207060072883,-0.019508885559337646,0.04871536062576883,-0.07095404932253643
SLC29A4,-0.05068151828363549,-0.03501857312752594,0.06772011127248388,-0.00563114607505872,-0.010503114375828229,0.04042633859056011,-0.04301855562092673,-0.09369270987932006,-0.004738126605632952,0.055870168414162105,-0.061350951592462726,-0.04774964909346037,0.01275448204005495,0.08158304824008725,-0.02962061457393926,-0.0075441668844093476
SLC36A2,-0.06442358118364944,-0.06254860011686891,0.07065460410873692,0.015241432226554682,-0.059917986283344514,-0.06406582823254398,-0.07818393579531324,0.05713756700203292,0.04301505137348445,-0.018224929657830166,0.034748476949876275,-0.035319290877144895,0.02491591410158022,-0.014149948708566383,0.03487221963967625,0.036979193215401836
SLC38A5,0.008343452980931613,0.05290741111245428,-0.029960140738424575,0.013587341933885166,0.03331453783556923,-0.039906094286895025,-0.008573400107170979,0.06870402764265283,-0.041010709238422906,-0.010624481345099161,0.07209756253604134,0.001525654135632627,-0.1357685239968207,-0.0004126735054541643,0.00030194217596931673,-0.06356717375006513
SLC7A5,-0.047233299466056186,-0.002066414805458855,-0.0018992755206458157,0.06973725084577244,0.026983386951074374,0.058484614460047005,-0.026728005945646127,0.0840320159243275,0.04657303338958817,0.08604595922337671,0.05905570661893891,0.005503225082789371,-0.0685864684798619,-0.021228186699756516,0.03711861319695809,0.035982443750718726
SLC7A8,0.06414996582194014,0.022468943477084276,-0.005921028960633573,0.04162702265446515,0.02052640096112107,0.05248519287331331,-0.03900054395861074,-0.03958881633952753,-0.023837625301081192,-0.08429497295817494,0.05517337100456453,-0.08864598777555381,-0.029766562424437728,0.05559352966736123,0.05536931773742958,-0.009120522919764822
SLC8A3,-0.08253942955260768,-0.050498176502929114,0.0744188827758896,0.019059861784283177,-0.051505637931403864,-0.04166740439279974,-0.06424230560140087,0.03435757300948196,0.0012690504702820647,-0.038216252307565916,0.04668546127928335,-0.015587655961421608,-0.015610752316584419,-0.020647908186031468,0.03666909029296728,0.041126455426598464
SLIT2,-0.009401880325948665,-0.009964042604813232,0.10301768734419514,0.025352420091989916,-0.04147548653028516,-0.0004332047248161556,0.001126792112531765,-0.09461665472823087,0.023775174831588995,-0.010091232127535505,-0.019343029620783228,0.01553169684877434,0.05429261973967438,-0.011621423906961074,-0.02564139365797278,0.023680394907839724
SNCAIP,-0.039790418273944264,-0.03844456374776744,0.05831943944492205,0.009294740711514989,-0.03525181742324223,0.03468047150858167,-0.04973075513483469,0.040173968433153955,-0.011098879290924776,-0.032759194958458894,-0.014968523649379934,-0.03377638954796959,0.11729499411358134,0.04290329373292066,0.040175820499993395,-0.032192691503754214
SNTB1,0.009762830510144057,0.023511565238434878,0.05577837354691048,0.030515212891108603,-0.01909293821711382,0.07131705656296379,0.026593535884964735,-0.04349533993183437,0.0054202528989667105,0.03156231082092318,0.015082903566690481,0.024286789972573202,-0.012185220749778425,-0.010503474137991811,0.17240446879156016,0.06745371585462205
SOCS3,0.06545774192195129,0.0051298808191113775,-0.002461474108925228,0.022657148662832735,0.03359941060475882,-0.0439928004005391,0.0711649521617268,0.025631586867787996,0.038481962683002954,0.046765522066033294,0.03670790965377734,-0.08551482474361347,-0.03822737172091514,0.07254587221050084,-0.03083071870325515,-0.06731308243347987
SOX18,0.034017399111752236,-0.005913888736446861,0.03400872815706311,0.006568942423215858,-0.08506402559147448,-0.07770743048182638,0.04095742266567546,0.03212646250979082,0.12131427252997376,0.1095270581201312,-0.059958559695559126,-0.00607531973587393,0.10161971674037776,-0.04156279390601263,-0.03790353350100638,-0.022811028883248874
SPI1,0.08441683050994349,-0.08799235040028283,0.024625604486495346,0.036025052345077316,0.0612843130435512,-0.04963583867052322,-0.025526970724591667,-0.03833330920994992,0.00923937999297124,0.034722361033800254,-0.04083786586160812,-0.006205023103179768,0.0034383484317174156,0.022636397242902593,-0.008176260519932359,-0.008117525993752192
SPOCK2,0.049518114574275525,-0.03783209609572728,0.033187354408609177,0.026962806028970325,-0.08271478074472025,0.02481574971695517,0.0016598953686827185,-0.08745690078924519,-0.02067285117445662,0.010289359591430696,0.024487479461940614,-0.02271066506744404,-0.04345395393881562,-0.06387968420522656,-0.0010897998387934434,0.06421420233492087
SPON1,-0.01757424123811233,0.0726898023228398,0.06083914247491965,-0.0038713867758999143,-0.011561437750847624,0.010666665041057947,-0.062213031987694796,-0.03398124859456565,0.01597658434970897,-0.0020607981342173048,0.0022823293038565597,-0.019021892916503223,0.0027109433491903086,-0.027546343197950043,0.02261659563393733,0.027349114414552282
SPP1,0.03263789483455092,-0.08619171949271609,0.04575933454488182,0.015930336379466305,0.05161645802496461,-0.11406373791454223,-0.04264286332836947,-0.012292435811451735,-0.02040433382899477,0.003847444255714416,0.00818576572823942,-0.0043671300843288645,-0.015504561371658817,0.004165156683988789,0.05124084651700628,-0.0947506471201035
SRPX2,0.05262386890097225,0.00583338943091948,0.041914067407515486,-0.03355230524012683,0.09527600504063834,-0.0057614776523289245,-0.00460330580445475,0.08547726733495227,0.020775282051467836,0.020659041349926226,-0.018304799683858702,0.1309576568847842,-0.04179072336057377,0.005583181178611271,0.045992178586195503,-0.010482585429025611
ST3GAL6,0.025981734492800175,-0.07666879477167673,0.02965779747397527,0.03848872749089766,-0.025120084030505238,-0.060056820327154994,0.06493689627557672,-0.05567302525215562,0.006617892814211014,0.0064787203851561425,0.0431651686910182,0.07683393758068807,0.009491725833102349,-0.0031738422611140996,0.10360010331487948,0.020315956836434224
STC2,-0.010008264125665602,0.0032521878394802654,0.013283208760879706,-0.0007418120537816421,0.010312920322112213,0.03176289185751324,0.016147407382237924,0.11016888601753315,-0.012179724221545766,0.0820669380881763,-0.06879222021383274,0.048075616838383226,-0.027040829759214,0.0672556185651234,0.09100858165674264,0.08430045001705416
STEAP2,0.02511047719728295,0.041303861927351235,-0.007875798861105046,0.07096310804297971,0.0019798967108281343,-0.03281300373889087,0.004289446651305977,0.0005384472011321089,-0.0025243675972254852,-0.025131729668329637,0.0835532133228476,0.09595498529228828,-0.012872421278123245,0.09383005494389424,0.04817156853414452,0.0027772457461773064
STEAP3,-0.0176319845183494,-0.05350506630769736,0.04111708646980316,-0.022766629019903104,0.005182403888375991,-0.018759885231677487,-0.02166744800528493,-0.0405888171933764,-0.024107783435908275,-0.01571330559420689,0.12006667277059561,-0.05766913688348027,-0.14887220286836578,-0.03776049148461594,0.028203731942786414,0.02652640799992668
STK32B,0.030827433495675082,0.057107719730268326,0.04913365454731843,0.02340819785079097,-0.006879839929041175,-0.037636531649657065,-0.006056517202749402,-0.03212313582901908,0.0085851049663422,-0.021166806913452633,-0.055896311832860146,0.08371119613259013,0.03707808688692589,0.04906491747850672,0.0154338208737305,0.02776738966810411
SULF2,0.02611835484193671,0.02977610742494471,0.01501114556404806,0.0487782592084969,0.010894956510035872,0.05520120750034168,0.054896463032216285,-0.012019700889656976,-0.018905402406920107,-0.02598903475269171,-0.0792455444344398,-0.018932666759010976,-0.026833774700059303,0.03049725045964877,-0.10104141869961046,0.06323964070755066
SV2A,-0.03789124206142227,-0.003005464647739558,0.059214436034991796,0.04351963068731554,0.004035734237448357,0.0431566151004514,0.023973571135369527,-0.04798388350797688,-0.04240569040353325,-0.0037267938427853788,0.017473695009212288,0.07614203697724113,-0.045215520467366405,0.01122391299364799,-0.02090404105018427,0.012849275146181817
SYTL2,-0.02851048506086701,-0.005527454929825327,0.046201687645060274,-0.024575753852450664,0.014747025746251256,-0.015714224943322072,-0.037352146857888305,0.11133634678964326,0.02783830376691303,-0.14103887633113102,-0.019345207718790825,0.03686405639416905,0.03477185426797083,-0.026009618481159867,0.06254691373506,-0.036415576032972505
TBX2,-0.040763969615527036,-0.0586615160094319,0.08089971822412553,-0.031485638744455216,-0.040276734866732625,0.01789085950443256,-0.010674563890723843,0.03669250431048286,0.011470530542725023,-0.007768987527823189,-0.017023115397376123,-0.034792423757780334,0.032104763477196596,0.08327336990438486,-0.03526528766392675,0.0448083019994522
TBX3,-0.035675742117727414,0.012440218862646596,0.0794745772263453,-0.026386899947869663,-0.017053517849349113,0.09828897899603775,0.024542954885930966,-0.08180535529116051,-0.006712116483689314,-0.008807312794265304,-0.03406070583293171,-0.022354658290130027,-0.037801053991779236,0.07167534602028923,0.004619304117346432,-0.06156569115108921
TCIRG1,0.04808332028979746,-0.09026806491723278,0.04417074474244185,0.01190206616146313,0.10806494945443637,-0.08087836717765315,-0.003801275671688108,-0.04848002596752764,0.004011881479764707,0.07637970441579009,0.008399008462141332,0.00589058665125667,0.038233592195410074,-0.004105458215551638,-0.04232342086942879,0.002954018674827937
TFAP2A,-0.03505496700105993,0.009482845355977796,0.017067697021664316,0.05251421862202408,-0.03013788551728713,0.03069790249721552,-0.007354039529546876,-0.0030287750706501247,-0.03924052545346947,0.06154871243558411,-0.12697651108646457,-0.019483142730383908,-0.016040664944111833,0.011460614318853762,-0.04539510619199238,0.05067866154860026
TGFB3,0.01864621263523762,0.08072944272724912,0.04801294101789789,0.057483265120859564,0.05085155536615471,-0.018348102894168366,0.02630086965810696,-0.010126893275094834,0.06631343383685243,-0.00893647478591424,0.005139611349965753,0.007306220463560432,0.0018633951366560178,-0.05439256353296427,0.05602857180934748,0.05049538990826567
TGFBI,0.024157749491252815,0.06333788673388456,0.03692387569803274,0.07223279689924687,0.07227825709232845,-0.013452466058728588,-0.07241352500707438,-0.03599872926724179,0.017300464951619878,0.004110073618818572,-0.006280703203558757,-0.08260755809400223,-0.03198686891068381,0.03287927334255932,0.067808692394304,0.05142623734092595
TGM2,0.07779363223148326,-0.034831834183344124,0.008832784086966968,0.061928932104503204,-0.03247911208614577,-0.015068255546530022,0.024018363047402094,0.03592806710395623,0.06327549427652358,0.03315454384152004,0.04716073178847052,0.01611712791029742,-0.023393556610022705,0.02450235699950342,0.012437143675685568,-0.0024823916444452303
THBS2,0.038953600678869174,0.10418707759001997,0.0344976712229456,0.018628140167461924,0.03980733836599813,-0.04710591899684756,-0.04777164166307268,0.0006378214325502908,-0.023456901748887538,-0.012793362678430025,-0.0006967910183458706,0.03294356657392727,0.01805984833232416,-0.07883969934873016,0.03273461217565252,0.031914561546548106
THBS3,0.0092537926410255,0.09488288995536942,0.04403965007019038,0.023712348370802862,-0.01548968152513202,-0.04856390036120086,7.70864421333681e-05,0.018220137652083593,-0.040630787141783115,0.021640281201500095,-0.017351463529934337,-0.04444115936238892,-0.07131452048048283,-0.014020610310940661,-0.06370896527158235,-0.0008303461452792379
THY1,0.04380763801487964,0.08953250305842973,0.03844851130582693,0.010003258657822226,-0.0008203210047132046,-0.024612922994537483,-0.008645734974798432,0.011969593111340316,0.08979386350617632,0.003694994504104463,0.009757125780051798,0.05086409262071613,-0.022172267265209496,0.012083595652134422,-0.03969267030776891,0.04694924811708606
TIAM1,0.011403199559437782,-0.018654990951229466,0.07831774091633324,0.06203014448143172,0.0752575470663471,-0.010009164460139096,0.0007743273361111306,-0.10173351139663571,-0.04777012232911049,0.04202811205140561,0.10075583017874022,-0.07198818474155257,0.06823110448973867,-0.040618119804500155,0.026753254359808368,0.00426055651534492
TM4SF1,0.08214506582429376,0.040335696675588166,0.010452374119188266,0.01376367331463597,-0.03746255718459676,-0.02663248533875677,0.05707406617112444,0.015662906807767926,0.06450443142892981,0.02080688500729321,0.031289821008385614,0.055663231545356684,-0.008447851233522475,-0.07153956188167865,0.00138399416453526,-0.01621035844645443
TNC,-0.009531464379039213,0.017009793497315646,0.08203967082928001,0.00810588540433712,0.05790499588495247,0.06597585258863752,-0.04684449807274991,-0.004050446873231272,0.044655147210227994,-0.07677406085409991,0.06214753695992808,-0.003663729131145233,0.023946417066956414,0.07941807203189866,0.0061794991929367445,-0.05030556494647181
TNFAIP6,0.04264407880963696,0.07677370777240321,0.035978408799850495,0.03384434141073199,0.01568474396870169,-0.04705269673587909,-0.02057312339386093,0.04024213182555748,0.02357934361618481,-2.3709675068206575e-05,0.021091928178389268,0.026116989698833876,-0.02827878649226691,0.038470240841358014,0.026112959932323234,-0.017572284031405903
TNFAIP8L3,-0.03622840355926093,0.04374058945667583,0.048604664283007,0.0011827939123196464,0.002988525531588711,0.06295131124959481,-0.05352909599866073,-0.037975497092013415,-0.01341739978903583,-0.019456379856534495,0.011600382014976932,-0.006974496282450006,-0.04944167123315597,-0.04530338251291034,0.020370845330146124,-0.03904856046865011
TNFRSF11A,0.04441442911391618,-0.08574138402559747,0.05678727409487423,0.010259482516800726,0.10075913201116261,-0.0747284198346045,-0.004626634809098026,-0.0600226094489775,-0.03396995801718566,-0.005273392105916707,0.008350647209286195,-0.005129481559072987,0.031224250106773647,0.045018047457786196,0.003843017371527214,-0.03865139530855775
TNFRSF12A,0.04320701525263831,0.039974495085422314,-0.02031929798778066,0.03508899444079471,0.09789774562694871,-0.0154234740362097,-0.0009192002015119285,0.06616452231519261,0.0324259875413164,0.06816769774944563,-0.06094346969720749,0.07832039571799979,-0.086534426145066,0.015471434568645255,-0.05385180394223174,-0.029778446826580245
TNFRSF19,-0.021631592222038164,0.02730180532728311,0.05718485288344877,0.057673560128107045,0.03477996643518522,0.02389475385229783,-0.05859374918889471,-0.10356181424840674,-0.031043637839837945,-0.04095528138889872,0.01396356924514186,0.030345998309387306,-0.014306080172289536,-0.10107850023670635,0.06265238201652243,-0.018123059872587322
TNFSF11,0.0026374730188999836,-0.05743976964296306,0.05844600834691088,0.01574232396292876,0.0875543272404953,-0.06300840028466678,0.05923206746671154,-0.011409661760749439,-0.023130560990380297,0.05702753171597027,-0.08433499706630772,-0.005270406624677087,-0.05259852512713332,-0.03491431949050981,-0.00834826645252969,-0.034087068310883165
TNN,-0.02665752691143665,0.0705657749414664,0.052941360603138705,-0.0014893944935171844,0.016095741757456726,-0.03580145906090609,-0.09497481728167656,0.024681332496333842,0.03584586362320042,-0.02289813983565566,-0.04035943311553621,-0.002431052247398679,0.03193617326275469,-0.01077719405328523,0.028581425246929738,-0.002461628328301066
TP53INP1,0.03489350787879509,-0.035026040702503605,0.043118437666536676,0.01647281757003218,-0.04347215769415543,-0.00022983124593733476,0.029481332244320528,-0.07336995851226931,-0.11450167220702494,-0.05832602700420278,0.023418190491314467,-0.029141215855898288,-0.020575474366121473,-0.04629474338684968,-0.011116099792296576,-0.017042515935202427
TPM2,0.028107108640171886,0.016469150025680643,-0.013718363129394156,0.011327362040085125,0.0336288277322999,0.00787555105822269,0.005677058244301593,0.059877905427957075,0.032970839999817834,0.0239906340852109,0.0012602324877759453,0.03375422003728035,0.16632021799234026,0.055420608215611636,0.012324516604233744,-0.037687679703762925
TSC22D3,0.028763388297607877,0.0014813839227583554,0.040142183586077206,-0.05293500956298737,-0.028638135829414556,0.07841979208043513,0.017111028244408535,-0.05519009759633046,-0.008977607846222925,0.028279811737613833,-0.002427367910933024,0.10265401304211175,-0.08235595044285624,0.0034543418149182094,0.061442654329219776,-0.07913845098166773
UNC5B,-0.043098109858030566,-0.06412173962602066,0.09658249202196406,-0.0032335766341850193,0.007488907079044276,0.03636364011388308,0.008635325304052477,0.010282461123567904,0.01341989383182703,-0.009081751870302046,-0.006421709107889054,-0.010227122221521312,-0.07485666200252988,0.02726696142194634,-0.011067812589988853,0.056303123868364176
VCAM1,0.06503118818171313,0.020798687189695454,0.050065600108284654,0.033801326572046486,-0.008693649730262407,0.014390998414541386,0.03414441373170517,-0.023503632156487236,-0.021077957429247715,-0.05082569358076475,-0.11091935505802675,0.04334492046373452,0.010597409014048912,-0.030264305487343147,-0.025670559564286488,-0.0481107004583884
VDR,-0.0025163201947141314,-0.03578585585085473,0.07057690324017103,0.06002096972070142,0.02454675319331379,-0.001602578988464178,-0.025475775004490494,-0.0766594368022733,0.04000905270873718,-0.0242531040793969,0.07815374605347186,0.018324348926124487,-0.09645919674540267,-0.021885068231142668,0.04008672301166455,-0.04928903103440381
VWF,0.05090500422162227,0.050202970519651606,0.023340127247297338,0.04591564984263967,-0.07754307655954804,-0.044351491888105866,0.07335447378542592,0.03950948340978744,0.07354531015318289,0.007574229572278517,0.08987305133221055,-0.013401368461293708,0.00030963610737642065,0.016388166570619526,0.03614426022090705,0.00018997513909926119
WNT5A,-0.021057105964593405,0.01242881362177752,0.031268579218668074,0.04384147418409688,0.0631186493249333,0.04199256365305227,0.036091239329912095,-0.011930393674732065,-0.05399903008089865,0.0035493259570951426,-0.05616827037438483,-0.04646293741832011,-0.0646986708512139,0.024409722996159178,0.05519193936382446,0.005340433925419885
XPR1,0.005892069380293846,-0.08630862515611767,0.05927786704606749,0.06085749771420133,0.08158850838385265,-0.04511352955509348,0.022156586370899015,0.034594055702469435,-0.08908989681732067,0.00034499539051605706,0.04670522537620957,0.014535857139568467,0.07851097192427048,0.029811959962015393,0.030458758501286317,0.04916699274106083
ZNF521,0.018458839321941013,0.10751561441547372,0.04076659067356164,0.030202781244719187,-0.01917865055332639,0.02750069733520008,-0.0038664919465271337,-0.024891134378092938,-0.06259608775564049,-0.030993829274216764,-0.028694049663516227,0.03193722914996687,0.006776744797033467,-0.03401245569186076,0.0727192345504237,-0.038204526769066924
