,PC1,PC2,PC3,PC4,PC5,PC6,PC7,PC8,PC9,PC10,PC11,PC12,PC13,PC14,PC15,PC16
COMP,0.02826525648326802,0.07374625586857661,0.025375143162776986,-0.00829903585455821,-0.027766331665367874,-0.0009368244356317001,0.041392727759930914,0.0015304464505906234,0.007626895707822053,0.05731627265176013,-0.030067215346615078,0.015964871426716373,0.015080109435270089,0.026108364934599428,0.02871789560727211,-0.022557582957703708
CA12,0.035048758210999995,0.07436431257483074,-0.0092926570092557,0.02219436792207788,0.03632095673659758,0.047079946858989,0.012827660675531602,0.00806811152270815,-0.009606545458864387,0.06051188831527442,-0.06179770554642849,-0.008186712781849499,0.003342332468239336,0.03723715158129706,0.030800440914912477,0.05579932244062695
SLC36A2,-0.055061059273608104,-0.045982868833423486,0.05361527659586472,-0.00044449351137605913,-0.052349787008817684,0.07216526501515834,0.043664467548278775,0.04768554326716294,-0.041442588452880284,-0.009322436309255971,-0.02474972828518762,0.0037187596224403903,-0.015905248381894367,0.047352119581424316,0.008437388033826737,0.04793093965200128
CHAD,-0.003498097418473161,-0.010073875426912047,0.059828685951988966,-0.05268520225987646,-0.0505759047537842,0.04976688661039656,0.028189522301061906,0.02933009468873686,0.0016548084039513938,-0.02259464230654605,0.00774083052898656,0.03832684063851829,-0.007783891914990472,-0.036549103631260065,0.03068282240072727,0.00784460942558803
FBN2,-0.00921430020771915,0.02338450509678066,0.025222343143132785,0.06995715618998986,-0.04507052697959221,0.046408945527789076,0.00985478096332519,0.009300417683579015,0.0541596825193997,0.0059287074645031895,0.018958314580757495,-0.02338573990097403,-0.03115115926535551,0.05478464850006721,-0.03379356244650403,-0.05488641007385906
COL11A1,0.0018073191673098723,0.07205811142556776,0.03386358551924528,0.004677532649889758,0.015677454589157244,0.03007419817751297,0.05119821794346159,0.03653774326933772,0.042220962159919384,0.004785605300442097,0.04448525346243185,-0.020527899415241982,-0.06544940712622538,0.017293363598756526,0.09791305115624646,0.008009349514078229
COL22A1,-0.03537085328256994,-0.05509881190216792,0.05356106800721461,-0.006792289344545301,-0.04763121534229285,0.08957295108006165,0.02943761995715072,0.03137346952436437,0.0052066335323286365,0.008801454237539795,-0.014306196845065617,-0.031613310938694586,0.030891543286200952,0.0471594129144602,-0.014960211077866055,0.021286828891063418
MMP9,0.012729420833326855,-0.07934973977868928,0.05040296038698862,-0.010391789446872673,0.058717947787333906,0.068133693370377,-0.004567741472201235,-0.06396389920953814,0.038974600879603666,0.03592012223235429,-0.023269799152370523,-0.006843273546716386,-0.028678829501289086,-0.011846620437901577,0.0009333692671614473,-0.03654614038655684
MFAP4,0.0405972869143782,0.08659545953477765,0.01631638297395132,0.019241364854977978,-0.016294427490309852,-0.012470778945579426,0.029247876529833322,-0.020198274135713727,0.03848689723728713,0.009511708238062636,-0.037808564521370505,0.01351685230421363,-0.00039257899413902043,0.03174696715871722,-0.059793744699304784,0.03904344118471764
IGFBP5,-0.007434111258711398,0.038059725939639945,0.052956026191902324,0.03581500533778299,0.0023941682287111003,0.0060946124448800305,0.03579262817165285,-0.04002109540027333,-0.019147640731407137,0.0028572617973145103,0.00916936031646137,0.03832091294552862,0.008706553934315506,0.013472926496003783,-0.05777087899713006,0.011001333861247582
COL2A1,-0.03710651346219426,0.04241969137875354,0.027295843270383743,0.017192438115815924,-0.032435729187006594,0.02741705376952573,0.02795226457380277,-0.009114979214293564,0.05811954976466945,0.04153487721501062,0.005409785950313668,0.04189833181362601,0.007602427627395178,0.026348182411054737,0.10222918703575548,0.004730373487524316
HAPLN1,-0.005507639016235161,0.07723499454257353,0.016370614443396467,0.01191164364380346,0.011923203617778625,0.020205272799703643,0.06884520093637635,0.016257571488857692,0.029653945528268787,0.004075204712181911,0.02557480461296848,0.016813187058131063,-0.03408937392285251,-0.0376368972552565,0.11999718523417063,-0.05588631678105568
NGEF,-0.01812741101161404,0.02981508246694871,0.04188653097051481,-0.04544604778829984,-0.02427183960695801,0.02301982744322459,0.01087106710796769,0.08692205393956465,-0.01812506360216047,0.10229453238552294,0.02296456077568056,0.03612938165606137,-0.03524341919864731,0.018977743333159224,0.0713402258783975,-0.0844863000801093
NKD2,-0.01471281510806623,-0.00729282520852869,0.06699118949861721,-0.043888971143141525,0.0071676112256304015,-0.057615813918093936,0.022955949951726957,-0.030078243301874752,-0.0028006738842407536,0.03442368413933241,0.07178111605349193,0.061702516322253015,-0.040925974084275146,-0.028142490083186478,0.007151174463955853,0.038348695943016396
ANGPTL2,0.017014916258989425,0.09495401654203656,0.019460622132466132,0.024156061711006194,0.03523881152089084,0.03001028310082121,0.060205857912714336,-0.003252975380684138,-0.027024592526686844,-0.005424764437055618,-0.024052992572496084,0.009968813695778275,-0.002816332490409445,0.013816766381701548,0.04914218692002921,0.0007963422502089614
SFRP4,0.06262483012373918,0.016905470517806713,0.03710754016263747,-0.047030316156377636,0.038072773530242354,-0.009808579204838018,0.010678152564838362,-0.0207146194707601,0.025687429548268338,-0.0020826525156016516,-0.014883601612669821,-0.015160564947409215,0.02649221714771277,-0.07955976805491291,-0.03341679633496948,0.025155189923986337
C1QB,0.07193396152572977,-0.03358599349441578,-0.013557875119027936,0.023577205326804435,-0.037291565296224266,-0.030178006851890704,0.07771932378575183,0.05256765791857057,-0.017135160389211118,-0.03184251505667228,0.03319744736382212,-0.004774376339312349,0.01632358598689167,0.0065319120345676135,-0.019914367019062847,0.021359716794425908
FNDC1,0.021323466230371138,0.060403194369196965,0.0515267548707336,-0.03316167376944453,-0.0006707817776087964,0.03233786930409057,0.041989804083799,0.04670978001045481,0.02332483633928386,-0.03400634730872214,0.018835658133146957,-0.016992595817019188,-0.022832551913401878,-0.05190456639022248,0.014121609422201763,-0.04911810228754799
CD84,0.03686845271653863,-0.08511009590286363,0.03817407205403033,-0.011452572795498536,0.058286851299058785,0.05838095984340277,0.0066951502618431,-0.049476752220986284,0.06870503801732336,-0.006154642115713585,-0.036330511464757895,-0.013508571597219859,0.01805126304083482,-0.02142038033647861,-0.00032433738823762354,-0.022923714589357855
POSTN,0.020969316339757436,0.07688687777515256,0.017424087797552282,0.009116158064516303,0.03061061196501381,0.0355333283066086,0.020784959863537178,-0.03503120776350886,0.002158429806382028,-0.0425273688765221,0.04815659798547682,-0.033570982676156456,0.004782019861761245,-0.028423521169693895,0.0018053084324120682,0.012575033510046284
C1S,0.06839464271258928,0.031214006140122944,0.03209840957538523,-0.038507167151711215,0.002293428125081133,-0.04987138868311013,0.02626127224529336,0.007930627664754449,-0.006717715706956806,0.008440292625262785,-0.03512244048646403,-0.008076718584126816,0.03376954730283402,0.013113852704897257,-0.07572998719030907,-0.018519785959959255
THBS2,0.03944683308759394,0.08513744172939301,0.020785928155970846,0.005842860663098798,0.03452908919865841,0.044321142064236575,0.024346999958790697,0.013370826914885864,0.028119703576152465,-0.018012375956577193,-0.027247937718159566,-0.03152189171249002,-0.022280092771727933,0.009021946883201407,0.056457911609590086,-0.026757940928789435
FBLN2,0.03651650597944681,0.05168008084374803,0.028594796635707402,0.010649301333124979,-0.048124763958488456,0.04513655023206488,0.008472726888559285,0.044929846836071693,-0.023757999900066176,0.02918230843117082,-0.024212732652513426,0.0135844638761128,-0.030492905188766344,-0.029538179367755366,-0.061322821812416835,-0.06527866087206782
CRYAB,-0.0042398530525513105,-0.019911924334040064,0.0356861956225822,-0.02751270817540828,-0.0063731974066176846,0.024392690185120258,-0.03296173141161112,0.017336057868833084,0.027151990514176036,0.13030845513438183,-0.0492738418993732,0.051645642371677576,-0.0502275063804537,-0.013479163701625907,0.034237251104551905,0.057448431320808666
SEMA3B,-0.02489713220046712,0.03354408971635334,0.03257017674094183,-0.00021853158397313732,-0.044721905178641365,0.0996007648022694,0.03214675305089334,0.05770193387750784,0.027370594226087737,0.048218706579820775,0.02092456461119002,-0.002016828285096252,-0.026202124288974706,0.025223728883607584,-0.011335060629198463,-0.023523605469519947
CXCL14,0.05341945850640999,0.04577299077427723,0.040658285808923285,-0.03881278354362493,-0.013032586998054138,0.00178852486901597,0.024635605478781387,0.022667487603798664,-0.007079523362966747,0.01159002773552921,0.01841972585255489,0.08353152023128771,-0.011647025519723617,-0.015817130104022914,-0.013284420874464005,-0.009995813945324339
TGM2,0.06328331021464169,-0.036562280778123984,0.006755344013403468,0.04725393798402388,-0.023233415891939415,0.012151554636275607,-0.0028352911053626875,-0.007629631704698926,-0.03671464550229491,0.037253926767773,-0.024506162331694004,-0.01843039255544084,0.023359773499708854,0.026188761133761198,-0.012570097004329817,0.031384120020003556
PI15,0.030920330514692503,0.06611385133297455,0.023936535766283403,0.02259322336129083,0.0034346811270461273,0.027313039870431037,-0.0012869918810427938,0.012923840038151755,0.03032987252080359,0.01925289323342505,-0.009865185936435998,0.06400106463602362,-0.04422684321549172,-0.006952499428875562,0.013111319178535929,0.04356051245553193
DLX3,-0.055494614867622034,-0.07051729803600396,0.06389329751076527,-0.009964915118717563,-0.04374245056762975,0.019786045291316237,0.001835676769025756,0.03648198117999787,-0.022736343216410465,0.00653690270372236,0.0020482041903591096,0.02507742898270108,0.012262931343602672,-0.008263725720849636,-0.008740783800716164,-0.001123370191823962
IGF2BP2,-0.025199928375775785,-0.0008829453225016565,0.015826320666070783,0.04413713789455519,-0.007595482433848757,-0.013041674507064763,-0.015438888112352653,0.003545082881733599,0.05752179445157996,0.013969415957392595,0.0016753108707810178,-0.06103149362763276,-0.024450359086498754,0.06790606837210192,0.06104894635590354,0.005589578785189741
APCDD1,-0.050090262035025646,-0.026396400415489872,0.043499047769214226,0.040077253497645245,-0.04729785843770199,0.07146792376498688,0.04183254099202216,0.0018617199405242604,0.004153536124998998,-0.006425974983695103,-0.000238250061602302,-0.03526023780583416,0.015727163419221465,0.00249526813311367,-0.04235045917858005,-0.03850961083661134
NDN,-0.00837460601750791,0.004009196829803474,0.012760024250694143,0.011676943085189575,-0.03632535029452343,-0.013940261223861855,0.015552135333899327,0.04011675266026124,0.04306366904350299,0.021346343841957296,-0.003554870149345225,-0.025220104172524842,-0.028568242772210144,-0.008719980503109716,-0.04737585828764891,-0.0396873466783231
SLC13A5,-0.04311424196348417,0.008552908704007892,0.024227492691265295,0.03501191315033776,-0.04950916583954898,0.08902562460280372,0.06344831624992099,0.0208882884288968,0.017819838246469998,-0.027549008069945157,-0.006974531684864151,0.007827757546421527,0.02225126106569977,-0.012703392350492539,0.03560004700627884,0.05331094608029911
CD74,0.08185605208796379,-0.02758739749167413,-0.014742004145683307,0.02943084112979167,-0.030283336809105926,-0.026152986136686394,0.061070452091376896,0.06188594341459179,-0.03280452654545833,-0.028736986015228724,0.035771072484488624,0.0088420674496967,0.03855439495687275,0.011852363105691543,0.011681619373154074,-0.006444451841799129
EEF1A2,0.0012938085738524218,-0.019013962066838155,0.02149180640016427,0.0004302843256105376,-0.010712129531690325,0.011127925083108062,-0.014541351722550432,-0.009242451355651268,0.11159041676196221,0.08267440805496258,-0.005839139616929286,0.13206642804851113,-0.0735635025465228,-0.026850954678196114,0.0033287952808342515,0.09289073831680794
SLC8A3,-0.069706721970574,-0.03315095711657828,0.057452325006763255,0.0025509914111694937,-0.04572492872811604,0.04965500541487214,0.03214502174102946,0.04407472759981881,-0.010305174569646004,-0.021775718445057376,-0.033655598718139765,-0.009377124412753016,0.01670907429901898,0.043032752128945986,0.029939969786867256,0.018033585237069376
LAMC3,-0.015273626002495213,0.006050984181174806,0.064031274790494,-0.028021699094043707,-0.033496843261682493,-0.05740798984417816,0.02185813409389916,-0.009115001756328399,0.03384766340879182,0.03742629266445861,0.044356870941917856,-0.0035914234223915235,-0.023075534453626607,-0.008788009130527566,0.006571969716711477,-0.06668969125297687
PRND,0.03269730894547828,-0.013351274356290025,0.06236593443926963,0.027116370870270447,-0.06528510666473993,0.02856206640973885,-0.028867465279988742,-0.0708510723077038,-0.0473335949270745,-0.021794114204940367,0.005875996702920454,-0.016010496355981323,-0.02850505226009444,-0.04301664024273635,-0.019490682455329738,-0.02442314709159207
DCN,0.03412965805668544,0.05047765540233314,0.03545355130911091,-0.05912373053342062,0.04545805943040193,0.0038297945942970487,0.02391027888780208,0.0653269019062106,-0.022138220640592395,-0.03051716425746661,-0.03447782018073536,0.024521953958473848,-0.012008322021873241,-0.07796672961047664,-0.02281822662335242,0.005968447187254439
ATP6V0D2,0.021383211226895207,-0.07897441431772453,0.038810513607050776,-0.015200397011213795,0.07589467774003733,0.07062405642769264,-0.0036500357617635457,-0.06045147183298522,0.05374327295882428,0.023095783178952826,-0.012991132490492455,-0.012702781611887488,-0.02401621730102394,-0.03147667756387788,-0.036766870560094915,-0.014759630135895653
ENO2,-0.0002545444321408381,0.03243999060557726,0.00602182705785615,0.027509697395514683,0.02034776426168205,-0.050866965501210476,0.015472261992814727,0.025814916647641087,0.026554754858911914,0.09834980959533998,-0.01762274333847613,-0.05387593275903501,0.013994506075139145,-0.0041461116722402575,-0.009250843082089677,-0.016980478405721113
SLC29A1,-0.010153372436274077,-0.06240262742266542,0.058503066234462754,-0.025866742809595784,0.008116938742227194,-0.03333816311053859,-0.02343308364576905,-0.021266910360413754,-0.032387164736339055,0.039768288839337494,0.014031013638836142,-0.008951470719082637,0.0026284908220582126,-0.038282423473179755,0.05602736059044934,-0.0296340415804656
ENPP2,-0.001444981437997803,-0.04206742201393614,0.0737008396769248,-0.0074277529028421545,0.021533984061599204,-0.012355641912665501,0.031354613332633646,-0.00654071046761521,-0.03424058655267199,0.025483350344938455,0.015069171552511418,0.03257534584362451,0.03765322981123782,0.04331510485940523,0.04131215374734942,0.018195291619640584
PALM,0.015431648330013786,0.040456656043428164,0.023695442850415815,-0.005436863824877947,-0.09736470164392091,-0.009952434676486906,0.039657337929043704,0.004944742711860305,0.044030167013194677,0.0885837182459238,0.015587915277290403,0.0368275120698168,-0.013363848973717106,-0.029649561115105316,-0.0222607273826921,-0.04550005977105783
CTSK,0.03704585681537946,-0.07121340264834612,0.04354204284299903,-0.01660219865010118,0.08137752729695137,0.06102213241184817,0.002183994060170915,-0.04231306294274686,0.05634435656769389,0.011602319838275022,-0.038713206037565534,-0.00034851336170020446,-0.03338534067057216,0.012418106137501026,-0.008433852964341779,-0.03199727328989807
MAB21L2,0.005320962325277221,-0.023249574752823833,0.02555260172191052,-0.040914683176296776,-0.01382651571805824,0.00313360962105794,-0.021086276932022786,0.06124229921185238,0.016091061787191822,0.005438886932278656,-0.013664479486121844,-0.06088117203099863,-0.004246698018950713,-0.04892900907112266,-0.022328757894392943,-0.013483148738468927
MMP13,-0.0009869783812186017,-0.05080503143801819,0.041728934393575466,0.00760245809222557,0.025531235204688352,0.05003978324380126,0.01229691443172905,-0.0791393981467566,0.03425164212744426,-0.010711762387510692,0.008936287490314582,-0.0550735189658858,0.03758137656831732,-0.03969343838873524,0.04385442297924741,0.040869979870303316
STC2,-0.007418862416212263,0.0038520525559918254,0.012793172815635967,0.0003256196646215159,0.014780210576156878,-0.015195698097332892,-0.04372224598260084,0.04637086652157511,-0.03177557932519405,0.07212635221592155,0.035620664127098925,-0.05924756689006694,-0.013407030783092598,0.05563786456117871,0.0681631128449777,0.008393157925170518
MXRA5,0.047364814092943595,0.05758641497313488,0.04336744188806416,-0.01866130444638282,0.05787425598174761,-0.006385743154807283,0.011455113129818069,0.02605399999731719,-0.038041889341463894,-0.004119599685280653,0.006591224507250212,0.005559853063296434,-0.04104865911479656,0.0443145765305488,-0.02233881878377411,-0.000775647694487137
ROR2,-0.0021596176841001138,0.08423800302896037,0.004113282253344398,0.05794408041192097,0.02095746903851529,0.010035945345074408,0.061140567716730376,0.023781238808749636,0.03750453950758831,-0.008106064527539637,-0.0009843712179775435,0.011983011581682293,-0.032379539745073,0.00602379338643954,-0.004738693463665113,-0.037053077172421386
BAIAP2L2,-0.047313083403853734,-0.01326931578760014,0.034002051694368096,9.942984203579726e-05,-0.0428374384126521,0.014177999928953189,0.03967119870044751,0.008156634936282664,-0.012844767407468751,0.07724572277062186,0.010959667690026764,-0.055621648458740375,-0.01812876926175258,-0.013512228656150545,0.045178881499147686,0.05329508479688004
TNFRSF19,-0.017777879830755104,0.024573842251308355,0.044111924467644975,0.0357071585718268,0.039022339920424816,-0.014120560229236443,0.0657148920238839,-0.025188124878118952,0.054507972061549045,-0.058921057972286056,-0.022941337410671912,-0.022201527837326193,0.004123802391945396,0.0101830200241411,0.055293006863328935,0.0384463558701502
RCOR2,-0.07301777140751062,-0.0076135437752688166,0.02662711393885244,0.029234307513947837,-0.0325155954073812,0.07189404715567851,0.06660804092323186,0.045380227428871246,-0.04525463471150172,0.025977366608781655,-0.03652559340193039,-0.004111250952438585,-0.019705546260900125,0.010262993960450882,0.0356164526879065,0.011857327909643967
LUM,0.03113690831088504,0.044993259618940164,0.04376690356376636,-0.0705100290994789,0.05945269031723995,0.015445819559522758,0.02628680933349998,0.0748035933609507,-0.02375051886180511,-0.026728036282700346,-0.007297539076816434,0.00045381867716514116,-0.055942951400363455,-0.0640677360817405,0.021708391654244492,-0.0046145934569999545
SERPINA1,0.05880928070599748,-0.017179390753902138,-0.04382906205596474,0.04392038471347569,0.0017554552309550732,0.004700307185386921,0.03150643311533202,0.04252540874097095,-0.006091231100675453,-0.00354326004332374,0.026868570607708815,0.0341319056406569,0.09737948618058286,-0.031431355703238475,0.086172091904247,0.030250017444753058
EFEMP1,0.03008914821820549,0.05056272491316943,0.01443747155701197,0.01762410039976086,-0.02797530298544392,0.022817430766517814,0.01779205917250596,0.03244560955096413,0.04483005752060942,0.03505053702629046,-0.034405408365877965,-0.0031911093667367435,-0.04612119375803641,-0.009857644572748563,-0.028120328408201372,-0.0494242460240151
OMD,-0.037600283086622874,-0.0013161184935815825,0.06599369743467277,-0.048361859802130425,0.011833603739752892,0.042465944602856166,0.05397111160551211,0.03046411462367072,-0.010329988852874188,-0.050153615076290056,0.0021452871622013097,0.05764600157798648,0.0050604944181546745,-0.028278063824719455,0.06814255748700249,-0.03532857543950398
NCAM1,-0.05199855418783971,-0.029008474503244886,0.05672785376347264,-0.008456987760784417,-0.02354201893535599,0.0006041288782164013,-0.0059720220595414816,0.025256577792127026,0.05168803441395541,-0.03820119773536881,-0.021642948357638685,-0.04279628959645956,0.009906676312543014,-0.061271180969783796,0.018241708739026405,-0.0203956824797074
SPON1,-0.009134766718049508,0.06432093846864805,0.041309784351449975,-0.008600359573938248,0.003739999024483332,0.006429949431777723,0.06381846453631387,-0.004092630664302226,-0.006627282526717099,-0.021041730356562517,-0.005809646678990734,0.00789822860430371,-0.011674139371253257,0.032604829897900214,0.031216299172008802,-0.004015823268050551
CXCL12,0.06487245391661405,0.010459785060941251,0.02892718044455203,0.015057550039430729,-0.03665935335832506,-0.018160592028554357,0.018331886284760728,-0.039409047091141264,0.04089304509564651,-0.04487110837148956,-0.036534401600870535,0.00015564076593603624,0.020796061602141272,0.0019743759425656735,-0.07627133028189645,-0.0029287686991799284
GPRC5C,-0.04371926777108584,-0.010811570594580298,0.05734497554772736,-0.015217612765312175,-0.027732438383206902,0.06325320584625034,0.07664237955577377,-0.0027094235144429855,-0.04818553935552922,-0.00022050039498981364,-0.028635438172939953,0.046957589246334225,0.018809044008984567,0.03548887483510935,0.015335257443131696,0.04818233816158543
MYOM1,0.004912771241550467,-0.010793785662833127,0.03100443007735281,0.010334905791816677,-0.07221602997790427,-0.011813734716843455,-0.03275197715013635,-0.013220756712177867,0.060028035261137196,-0.00834386527248427,-0.09263000836723372,-0.03247751893646103,-0.038099301787233086,0.028758611594053955,-0.018715609583148878,0.16145725453037438
PRSS23,0.05565758439670788,0.045021462066168,0.030117656802474517,-0.01552126069563061,0.03991728956093685,0.0011546953014168874,-0.016481703539054662,-0.007712946611412676,-0.05259008075969484,0.00893908217963052,0.03453660540496209,-0.005018865228077743,-0.022479337998851934,-0.045031474877548744,0.025280769098261383,0.04329908384332602
ABI3BP,0.04903234500063277,0.06800425777805216,0.03210461422111735,0.01872384910950486,-0.04032441948944123,0.018425165843334597,0.0098393352782409,0.016720722210934763,0.024443163454538543,0.003188388930968882,-0.03965410911399838,0.020555836445549848,0.011829945625094465,0.004673389918792658,-0.013963628837103531,0.005152807996585167
RHPN2,-0.06064778849239987,-0.0022300223578078054,0.026060961844863822,0.03487291012845887,-0.0679083403987594,-0.018764745847747222,0.043505260810464234,0.00529085895299455,0.03725761819794398,0.03552824802492362,-0.004013407121195506,-0.027900670803670202,0.005457682586120531,0.03442120043849098,0.025430771538597276,0.00884280313927431
BMP4,-0.046251750401061546,-0.05860284622309472,0.0422895635027976,-0.0030665714844906227,-0.015333529639217873,-0.023890079911354674,0.02871511748282736,0.042935424217587025,-0.05653228380391761,0.020615861787819715,0.01278807299616121,-0.047542636625048734,0.0011151850890370766,-0.022793538087415112,0.0043321702452055535,0.02477406581922189
OAS2,0.05328909055301255,-0.03774922345043225,0.006185319705188128,-0.00218452343088178,0.012618183520916707,-0.04241286919459724,0.02177793982977721,0.045174802008578645,-0.07720431367948799,0.00129081584632083,0.009575956209932093,0.014517028604533183,0.0022915806643434176,-0.005181762776142617,0.014472352721780402,-0.05164476978720695
GLDN,0.0039344581384424225,-0.03831486609729464,0.07523553657638563,-0.04878757607378424,0.006542078366604863,-0.04953618850910706,0.009779109615474695,-0.005310501654943979,-0.036768267410473746,0.006817761266946694,0.0013666429234029543,0.04204520085480815,-0.04253306570386872,-0.016675943776448567,0.02799771108330377,-0.008487637676453467
DKK1,-0.021349100248998908,-0.019891676104971934,0.03003449246098757,0.006458364666399739,-0.06727225352209837,0.04115599882886787,0.001542361101385439,0.045159214662167525,0.038013187728414694,0.023968557466269927,0.004403978129370924,-0.06296215185623029,-0.018926674965942553,-0.03578467916219078,-0.023296280937401166,-0.003364053202248229
ASPN,0.016496165262235754,0.08839501799486585,0.031445798603905416,0.0022175813875007213,0.03708350928672841,0.03958271913891308,0.05060742846424076,0.017092765024915364,0.010773048834526726,-0.034235097676147595,0.017010322445558022,-0.020102985024156965,-0.02320946909902929,-0.04291345409633204,0.05165125930633601,-0.005808117681031378
TFAP2A,-0.028840187347268162,0.011863322731928427,0.011812934332886877,0.03867002428158724,-0.017269050128257336,-0.015111475050801793,0.019908858642923116,0.010602193222381992,0.019670988772453414,0.04266588990403019,0.0969763261481193,0.00422452426103166,-0.0008140548743323043,0.05645445072897971,-0.01095861851490244,-0.0671687426140247
COL3A1,0.02547192346953486,0.09631751594672122,0.03466782464556373,0.0071730274674650105,0.028798099306882763,0.05340022017022128,0.010072616597290942,-0.016283094994646224,-0.007189413975569207,-0.033827885042185556,0.018384467698912794,0.03951047248305548,0.014543889262520742,-0.005898822686467395,-0.0003421714256731153,0.015794170239588828
SPP1,0.021687245572361742,-0.07768879798792051,0.02895700091129848,-0.0028564106843892633,0.024584254035097695,0.09438451768981912,0.028074868501659918,-0.0008741005014640587,0.05560790467335626,0.007825371883468157,-0.012617574441223835,-0.009789992292716961,0.018068456153307353,-0.05877342267118614,0.036721211662174,0.0378639689581379
ESM1,-0.01289629372323057,-0.013396770147352136,0.008904174106170181,0.03913001605629021,-0.016195984229140575,0.02058231785650487,-0.06940663806103671,0.02719833799063033,-0.012597445240334099,0.06810973536800038,0.08929028355788604,-0.07262565154851088,-0.004462648290703869,-0.025884552109135928,0.10462224995398729,0.05473782670349832
BIRC3,0.050226838471889836,-0.06606219519311164,-0.005255932785456674,0.010880678774794508,0.04345163955708163,0.021580226985868794,-0.04303642041612385,-0.024865181494415592,0.060710185614671536,0.005284567119219999,-0.016096453139267025,0.036569899303966494,0.07807951078615144,-0.004779381353384647,-0.0010193094847604396,-0.050987372648028884
TCIRG1,0.03386680075178496,-0.08307241686558228,0.030043022196664916,-0.007527362305541142,0.06500030150585638,0.0668043232067255,0.007845326010847347,-0.056579728816633784,0.05017342255069978,0.03723987496595162,-0.01803802173506549,-0.0024052750190239587,-0.023629080287489872,0.00708324705366585,-0.026844070377818528,-0.04609797695088477
OAS1,0.040040681796156996,-0.042797564805665426,-0.0012217210991376654,-0.003817144159681144,0.01740685639991029,-0.057016935412373244,0.05334710437638085,0.05483546017464028,-0.07406134885809927,0.00680584896584098,0.010732639979699452,0.03475497926337441,-0.030899755483240147,-0.02207287943402187,0.011636599746677495,-0.053135599284867004
CD248,0.027553730034888223,0.054078928130048685,0.036785551320767676,0.026144009201026167,0.011095498338515655,0.06490088625471653,0.059311442929607966,-0.021824269772675216,-0.01087817444682216,0.005504423059170142,0.0024355645103645886,-0.015938352554589613,0.017830798175702094,0.022856147054821606,-0.0884181850165812,0.015891046906269447
TNC,-0.008411413135741475,0.015498511639984926,0.06318777725971982,-0.0016409706684942325,0.05354017209435492,-0.016398984010063032,0.04012683320775036,0.011519715026644613,-0.04567981420633452,-0.047836420448710656,-0.04421534107126037,0.033386871137341276,0.013895287822179787,-0.017383144742624,-0.027398413285855048,0.0284049284634559
COL5A3,0.030308684188490698,0.016366425369908417,0.05377034759244065,-0.0015660596137669893,-0.0123685208581534,0.01963880425065982,-0.019130778167218834,-0.09190915603446326,-0.08759157699751181,-0.01087127315542196,0.010418682250673389,0.01630412238482623,0.053768079769957566,0.0009359929167586387,-0.04793209342103473,0.021808928691169342
APOC1,0.057900986708320244,-0.04055310180888791,-0.029489092289091755,0.04906312078096124,-0.004103023783462927,0.01371841188761341,0.06203693266209775,0.052197789519819474,-0.005794844314355006,0.0004685668560393437,0.008579474475671846,0.0012357660919763039,0.005414690223881882,-0.01291039597292334,-0.003114591192286607,0.0397681014516376
COL6A3,0.026992883875328767,0.07364589824767925,0.05016432545468843,0.0059354772657742964,0.06208446787852725,0.003597604043366523,0.0013244643253016099,-0.014944940422092733,-0.039846806118451136,0.00993214993920127,0.018616384160090767,-0.014915230952290616,0.03855521365841405,0.02977092244083155,0.025917819167074262,0.012710511300799502
ENPEP,-0.014674422652403324,0.02110628375758805,0.058029414541962324,0.03992589987278321,0.014948383649708956,-0.01491563425714088,0.007942085019939996,-0.04231291920768767,0.011224067225434885,-0.040326427206145106,0.06047865155733421,-0.007620647853180057,-0.00533478630691901,-0.006966419748494757,0.020591795548689725,0.0653614111922988
ECM2,0.02517732309910793,0.062217129848573506,0.04443954692507023,-0.020989326600315494,0.046603343614010806,-0.006293989922196378,0.038551808442858285,-0.012473159867305223,-0.026236116122253406,-0.04142941534208324,-0.013704781782294903,0.02035321875074337,-0.03373771937725388,-0.07034210581382894,0.04114582024011642,-0.022318622925264847
SRPX2,0.04403488141314675,0.0004374407521446082,0.030576052281703844,-0.03127954571089907,0.07481621358966141,0.016697406964706493,-0.029005403328411165,0.0224579209531054,-0.03303427196778723,0.04302754923568477,-0.006503144260625748,-0.09559118195938424,0.00597490974580717,-0.040956473504594,0.049258218538470934,0.005855750037758817
AIF1,0.08175012390999317,-0.03528719844690416,-0.031627714058816474,0.02903505907960046,-0.026283071914375553,-0.00744438052362303,0.06263434138911671,0.04953772616801029,-0.010279373233173645,-0.0359067205052646,0.028156215497759995,0.00663367422049904,0.036052148510005357,-0.03236026477372686,0.028541353667865033,0.020238312301340745
LRRC17,0.013266403575902185,0.049470313730846475,0.03353416638037923,0.010444859562198313,0.022595962736312192,0.04884290609493298,0.03952640300996326,0.01888823912944925,-0.007543926207367423,-0.03723038800895323,-0.07118378958054097,-0.06949879127169531,-0.03700353521069879,0.0011401641681016293,-0.0273002873924749,0.06171755499766969
GAS1,0.047851450767554427,0.04720421968955707,0.021991309053599487,-0.014078857521519016,0.019779581349082774,-0.008469939052997873,-0.027353891473814625,-0.02754196135275467,0.013918234474293894,0.005060422979810351,0.012265646534219863,0.00513418241244297,0.012136819515357845,-0.04752708922327015,-0.11837123796311196,0.03393510680905225
ITGA11,0.0146725372684074,0.03042567185420315,0.051062219569689704,-0.041964624416538115,0.10434664671457361,-0.012302141942340616,0.035103900335879165,-0.004008620397856481,0.02177288498407241,-0.00819662415481095,0.015697841647275626,-0.035610329839731225,-0.0012478747092370072,0.03353083831202554,0.06085759765784089,0.0015095717972801173
ALDH1A1,0.014727907921152077,-0.022702809807113877,0.003574164342740216,0.06869686542004226,-0.010635526237232183,0.00984392085665747,0.04475659699810634,-0.04517275879733502,-0.006851216832955247,-0.029088254182570588,-0.03280631311512054,-0.01853098600500835,0.016866151882295635,-0.01628532727865159,-0.018451335233808284,0.05722754413431079
PRICKLE1,0.018782133518913734,0.0639222404213265,0.016463255620716058,0.05327504745480899,-0.027486527215377695,0.030142438632613927,0.015702427204684177,0.013339515299561346,0.04527695256610028,0.019845959594865036,-0.021650344091402596,-0.02298810806348546,0.019215166676069647,0.04223620694677197,0.004203061519035305,-0.018802922639081975
HAS2,0.008676627669655587,0.06741471759887363,-0.001471501586787531,0.042852096057398426,0.029104964163640903,0.03980129658919599,0.006608632031536787,-0.008256675253815874,0.015154576647239437,-0.04901299050900679,0.06525909849162212,0.06036423443902764,0.018656842607637683,0.003531450510590131,0.015378883254075566,0.01860871989358525
COL14A1,0.03373453018698252,0.08605464353584152,0.016682529585136618,0.02102307692643653,-0.01829501950500983,0.004711752061833017,-0.0004953365617032385,-0.037657637073429305,0.022733048561220805,-0.024308673959929347,-0.018724946513418782,0.03827829276721707,0.06779692242188268,-0.05082974108015216,-0.0008716358998740554,0.034425057648339356
CDO1,-0.012384997112427819,0.027308541319631174,0.02362019790856342,0.01555440071667773,-0.05509815118156031,0.028874765175165136,0.018059358599081594,0.008691984650696828,0.05611636363706066,0.013094702597153167,-0.04711146884653426,-0.08522819001415197,0.01924956690619293,-0.04508158620994878,-0.005858385665229667,-0.01748535978351607
MAMDC2,-0.020291586061871904,-0.0474779899535942,0.07337889282352178,-0.018054447082287855,0.015280583305753385,0.05427954565145647,-0.021169600659231052,0.05026253468446127,-0.03535406381091908,0.006412020014719382,0.014423621438150321,-0.029382103136261044,0.016234792929663608,-0.006230497905841704,0.02320792831096089,-0.005605389263599024
DDIT4L,0.022922586883192056,0.055482621107435535,0.026841267436397573,-0.014273063076337182,-0.022972431727181542,-0.06445854032707504,0.014358645135188319,0.012424634037946292,0.025050402362066793,0.014691901396108825,-0.022134554247626028,-0.008309789885870623,-0.027341325863137818,-0.013322703164262316,-0.028405541366912226,0.08801228709316121
COL18A1,0.0448069750312968,0.024949151970627886,0.04602325683112461,0.022387905814729693,-0.05188661862756776,0.028404895356604072,-0.0014338103883787222,-0.09124301093548039,-0.07147565362278067,0.08696988890199193,0.038347452584235775,-0.005010777424344257,0.0012696446321368345,0.016913593106595928,-0.0019088720519389087,-0.011840431100359827
TNFAIP6,0.04140049472025312,0.06031342699174825,0.02153818920016656,0.023016451316622805,0.014266881024533388,0.049774951166526395,0.018727112939898767,0.017348074123096552,-0.017546056447698563,0.026953386228481018,-0.016419839993810352,-0.03852834620735915,0.02174888000882903,-0.015978861507583826,-0.01027821156452913,0.05639678047345921
HSPA2,-0.024565249726702473,-0.019260472265324246,0.045006347544710446,0.0040110430723609165,0.012742527409889662,-0.054168404375040516,0.01896816927523264,0.026213543506733317,-0.03462911044042836,0.020956284702659235,-0.0034358204657107295,0.01691981153459661,0.045509422827263675,-0.02789428472019602,-0.06936941749215002,-0.006137601807492684
NT5E,0.03380221588113274,-0.004096246028957902,0.04800961624853878,-0.03619776724209335,0.057776004104680256,-0.008167154051459385,-0.0737818766495574,-0.00444721190855968,0.03686407528008108,0.028246558233455787,0.03945681427497914,-0.012216254673932532,0.007753365282623721,-0.0025310976290342027,0.001995708915460254,-0.0001367118412902782
PHOSPHO1,-0.05223635088679991,-0.03920937439339442,0.042528120860001094,-0.01972173460613593,-0.062418171047561824,0.0919787868801544,0.031851845191015,0.046922614758987194,-0.0018079437087825622,0.012548300043207157,-0.012304760594055851,0.01945516520107401,-0.0005934893309645667,0.0006749956833121701,0.02488401744758411,0.03777999533773958
RGS5,0.041608044731209895,0.026754904745224885,0.05341594984172773,0.005210430198832892,-0.06937393633288584,0.013781002660351004,-0.017230883667138874,-0.007179127992423204,-0.0007993542344501887,-0.01620444748572416,0.001890190015334847,0.044566188087182546,-0.03183597768020084,-0.028411386665265784,0.03381835664467436,-0.017411806709464673
SYTL2,-0.023524078610970025,-3.977431105462608e-05,0.04048425292448872,-0.022199190033577645,0.011677708793710237,0.037919858882614635,-0.027305639567589402,0.07056731093680749,-0.06774782507502963,-0.06733467412307069,-0.0101121638990419,-0.03497934198116902,-0.022734588274524986,-0.0719406637567463,0.07346214328910973,0.04183713700391905
BAALC,0.02171165794432264,0.015488678292537259,0.014102598774582357,-0.013161400689523619,-0.017543643684550206,0.0132359607500406,-0.019284384801478448,-0.015528377186675065,-0.03101378047698474,-0.0033143631819364146,0.007850867534329349,-0.0727316053716319,0.07329508765136454,-0.08664217471756613,-0.013802830487856004,-0.012654211015834619
SLCO2B1,0.08161227389414243,-0.031130222314358472,0.008650769865972957,0.055251437287620185,-0.020806043759742772,-0.024425053684362243,0.056640415333400855,0.055510528713163323,-0.006522538359419112,-0.049938776733005966,0.014755211071094256,-0.0094031398009025,0.0029147346349135874,0.031074977811448943,0.016360573437625214,0.0020691552270063933
NID2,0.019871112655493132,0.058487713877681105,0.02261231910798446,0.0875621252998754,0.03729396759928251,0.03471259839906449,-0.04938204931594496,-0.03280220839920093,-0.011851274145283051,-0.017478080063923353,0.059908017317679696,-0.028772439663956886,0.0032761427706444537,0.06329136516966738,-0.00779823509382177,0.01742404689968294
SLIT2,-0.006908776312052202,-0.004775832925453667,0.07961631577164642,0.010472294729516978,-0.029032190164151414,-0.0012621849398375487,0.04618903441685932,-0.05182172065076998,0.020136675288338034,-0.03589424257468267,0.014877123207145659,-0.023207098090957917,-0.03451941821976036,0.0268642704758194,-0.032451556293632965,-0.03151250698574707
CA3,-0.039575165476708696,-0.031525671070385224,0.021025540077200488,0.0039404840098242145,-0.06339621260768623,0.06563133721624195,0.012758396659439751,0.03277595887836239,-0.0076945597974998675,-0.005647611241769722,-0.05693043265854032,-0.000976767920733538,0.0054070892942420234,-0.07009474485301707,0.005020349236882072,0.10306814595533115
OSMR,0.06024969502040558,0.013988989078299765,0.027656355913953313,-0.005857466703926823,0.05184086996422006,0.038387136661241154,-0.01475294136949009,0.015436840387179292,-0.0019138636340694584,0.01887380250047116,-0.054898551018012186,0.016589471996727664,0.04064173594791711,0.02933678541345103,-0.035772322322986716,-0.0183345281877457
EGR1,0.026904852520123528,-0.011740868686550703,0.039775900728414304,0.00998907666887175,-0.006830553005364105,-0.010658032430404332,-0.039760140507878614,0.0001609906671594906,-0.017560510170486876,0.08281708375964057,-0.016866619746978517,0.01585982235834969,0.031477271962990626,-0.03129920390318406,-0.01405911100709221,0.028383716852763682
FZD1,0.02254575379800277,0.08761966187180989,0.02464439226440724,0.022193435257017866,0.036051637237392395,0.02245462734567515,-0.02451602122847228,0.03515403789197231,0.02814562004900032,-0.03284071534485611,0.06116912717341133,-0.02274952580066379,-0.017695551580255604,-0.02164812188765589,-0.055814286284952046,-0.007377137278158021
TGFB3,0.0226615417324367,0.06675013555610826,0.034518902753992206,0.03870560263271168,0.039695646184998316,0.03482694570368927,-0.0008304970413350824,-0.051045529546639816,-0.032101979448009355,-0.006694282554867368,-0.015682266948678122,-0.019221667905868364,0.0034707744370948528,0.039580488865493514,0.028777343951766957,0.026862737704315846
SLC7A5,-0.03961754243932422,0.0009052843289548151,0.001602500413441866,0.04798612096146602,0.029151583666018548,-0.023867461788000005,0.011084667413057825,0.026827349264468562,-0.06432844990896108,0.07827876784512136,-0.05569497399371883,-0.01287534538326417,0.028394298461949675,0.06922339257833168,0.061240549572271326,0.0061775268850832
COL12A1,0.018480137386787512,0.06265254153099634,0.035151051771948896,-0.015968161614166615,0.05235239130156491,0.062335311657907656,0.020663201560739638,0.01353326841686289,0.03280733859017798,-0.056376462527596816,-0.003225402982503658,0.02519941424917595,0.04463074949623972,-0.05509883663862438,0.06788115680240685,-0.016561626046785398
CPE,-0.06271400549283178,-0.022329005889700555,0.07027298473915371,-0.013527485552580678,-0.0410030657094134,0.043238397194889984,0.0053208900169623395,0.054214037649528556,-0.01622640405360655,-0.008465423027039062,0.026780734131093494,-0.016179166519819807,-0.0012747221313650105,0.05831009525838444,-8.990667744785893e-05,0.04920374034121651
CTSS,0.08031918229151125,-0.0288339289571869,-0.020807502292788403,0.048861671795405244,-0.006103051724270499,-0.0022133965252269247,0.057173564143416095,0.08220381686142998,-0.032375630387533175,-0.02715086669919889,0.026574108892360518,-0.0021121012875798123,0.028751126034311895,-0.0018468085919160415,0.042173340342300324,0.03868347030932756
TSPAN33,-0.017730022405738795,-0.04102549226817628,0.01873412671757498,0.05461521103221739,-0.04758492867258966,-0.009219835893328105,0.07804613457076076,-0.007646404586061242,-0.025123278122227574,-0.0053333653091737696,-0.039486893507004205,-0.018353386500387738,0.050289624122909056,-0.005116907614222826,0.03950742538124611,0.08076892796786037
DPT,0.022487587913379754,0.014484406756739922,0.04305179650634049,-0.06841776384974875,0.040291677221598675,0.022311111579587685,0.029449200778492737,0.05013659245429245,-0.06412138207562598,-0.021791389101205004,-0.04628455182497898,0.024736108386519216,0.00844424867060194,-0.048460696890010535,-0.0424500773543747,0.02913880490404752
MAPK13,0.022468472524151722,-0.004032227326650157,-0.002467555518834723,0.03853962416657978,-0.009216178623395504,0.04630790092620911,0.06513951816954812,-0.019257373589894277,-0.0008049087853546225,0.0029217041320932368,-0.05574898472531278,-0.09885666126524771,0.026308993494843082,-0.006361967113702262,-0.06264428135236949,-0.0036669717502685953
FLNC,0.01046715745698342,0.06783083251599378,0.00825328690617928,0.03748069642729136,0.020864872444113874,-0.026078023011212093,-0.028221088129061225,0.004936429135169406,0.039164045995859154,-0.0049767318258041645,-0.012232802712641398,0.013536689855686526,-0.024345197181385093,-0.025951139866327137,-0.028963212867892624,0.12689803206669598
LRP4,-0.04772552779376449,-0.045686372676463555,0.05718573252584199,0.002516104214684077,-0.012864389839002253,-0.009736366585591426,0.012166852148060348,0.015270775705898552,0.005159566977946814,-0.01651408276862434,-0.026590279803157958,0.04617090063787948,-0.01379789377506764,0.03396697572054189,0.006181037958155734,-0.03080242508145086
ITGA2,0.021621063641036446,-0.06463481397449602,0.055925657437514355,0.018625557203624795,0.03561026564549797,0.06038364975104816,-0.06550521420714649,-0.049491382619534514,0.021227146399527694,0.00983975640317029,-0.051349420686081074,-0.027124648681726215,-0.0009761947579022303,0.018653695841962324,0.06175252295386449,-0.06084829578773385
ENTPD3,-0.010030663251149591,-0.05080697780174527,0.0496415455426369,-0.006667885869572274,-0.006063311975577016,0.04658598847115568,-0.027625931414562488,0.04224096452663481,-0.04443883978757402,-0.02390385821634133,-0.057710114976514126,0.02201500638236651,0.09284755183960666,0.00010475990597781995,-0.05438249789658156,0.0633261005968252
C1QTNF1,-0.006970632612501457,-0.05409600408846475,0.07361618848215858,-0.07303655027817496,-0.018495243225360176,0.03537467276154217,-0.012046249865250679,0.04610542755869324,-0.05800340336367986,0.02956782476841241,0.03238700572554518,-0.037518279559748055,0.0021645011153204655,0.00013445561956028362,-0.0677219348797246,-0.020818996238359474
NRIP3,0.024593119353922246,0.004970309169391989,0.026374812573292092,0.0392462693359552,0.016263971212518297,0.06787150813582296,0.01580547995527333,-0.024699844342469163,0.013664912526453335,0.011945817221983703,-0.04698792755743969,-0.049893821328980216,-0.0014740722036778002,-0.022019961461747072,-0.016064426945206125,-0.006961486662166191
FBLN1,0.022855443479912592,0.027604492430975413,0.06298440891823384,-0.026972261668353065,0.02827296423273375,-0.07623918653567634,0.036962332258769166,-0.043736762369854826,0.025116410682350022,0.024928941862731507,-0.012456444308617547,0.012051381725041166,-0.006101082112359553,0.06596298051219625,-0.07585643183460869,-0.007864496873590653
VCAM1,0.05301843307403327,0.014595194466587524,0.039036660423802,0.029783312900622434,0.009854203132924403,-0.011978535163880037,-0.00910124258877895,-0.0024638212781391312,0.021956249892704522,-0.03442411066873521,0.09790446829902932,-0.030807323190700845,-0.015696695846280823,-0.02301768237124048,-0.04021594649898993,0.03804094082709018
RNF150,0.0013110488173597155,0.03748994639101977,0.04468095454607492,0.04951519384840347,-0.021018837867421338,-0.013735938352635781,0.04264711843665271,-0.04854201909395529,0.06655564270082841,-0.021810712212680723,-0.025674047609486886,-0.03316453780963659,0.0002064184418351933,0.07121510477534053,0.02043866235628117,0.060967653286566954
IL11RA,0.01050092663348505,0.0679578449871452,0.023991854167857023,0.03108588007898305,-0.033681679983247365,-0.001138023510146857,0.06243908974008182,0.012678149874804413,0.08730385392938399,0.022483121751319404,-0.013184124919533946,0.04509437276617248,-0.017350898182216187,-0.011437347057315334,-0.05215456731830295,-0.024814392204554586
HERC5,0.022729952713782912,-0.059001788438056,0.01878399640726146,0.021064567547383093,0.011849382500248098,-0.061601066793481325,0.022310460104362412,0.04065774213991772,-0.018106916150679987,0.01648598533059808,-0.0008739798075881947,0.01289748572704731,-0.062046325764043175,-6.46798112431228e-05,-0.00530461144183649,-0.06005278328289257
RHBDL2,-0.06325847336142673,-0.044739751702819346,0.037506172482378974,-0.03372951157047994,-0.032272139429520626,0.030813033756233683,0.02124580698334816,0.053364162073993415,0.000289900941367412,-0.02246122846875878,0.017939072713304152,0.042103283524540576,0.08336761455378766,-0.01291063761434083,0.018762586186916702,-0.030368811669072966
AHR,0.04754034536045563,0.04415311590667199,0.023684381489467658,0.03399077263258882,-0.015767683739112123,-0.017571797614983682,-0.05186185094639753,0.03482706649988429,0.009876763333935397,-0.0027467214519435812,0.06554393200011253,0.059109353061537855,0.03413738814689781,-0.004620707639521175,0.03770724343942255,-0.01573019426968457
MMP2,0.028871063394350922,0.07220486109185802,0.03786345308124392,-0.028300105480678454,0.024293688016005552,0.009778226913988776,0.053468122039912414,0.028506452011977094,0.010711873934804198,-0.024913503962302633,-0.011744200624472165,0.013969925496639262,0.06408615838485462,-0.023833959909910926,-0.015962670545262,0.0045148056194019535
DTNA,-0.010291425006749729,0.011132786196618602,0.018493055896035407,0.015679489123008476,-0.07468648970694976,-0.03953869886721945,-0.026732970303828145,0.05684106480113707,0.04765509259814405,0.019886819640361847,-0.023762376519745797,-0.06552246044383836,-0.037231646798201554,-0.052363901502744795,-0.003463862886760577,0.08742428519368713
ECM1,0.0485772968952903,0.01487125639030771,0.040124142443009075,-0.027257635181733856,0.020489210184150043,-0.009335730465572708,0.0030057106889471025,0.044684331652894135,-0.02951198346795996,0.07726378734102352,-0.08711262230407352,-0.019023336303522435,0.027410050767917412,0.008699066780585515,-0.06196804247745261,0.0070860782784961185
KCNG1,-0.042275316008548704,0.004480230046963885,0.01983210111951378,0.04429609506070777,-0.007746313589233865,0.021108448896158562,0.0074454101223508234,0.0017532360729455448,0.0028794452500734346,0.06045006188835269,0.08139060909824591,-0.02532787192709698,0.03263870786871231,0.0254059307466443,-0.030768413792434043,-0.0772380414272886
HEY1,-0.0405615175591456,-0.051483854375507704,0.04546006338753684,0.021651306205632766,-0.03591310276777916,0.013373756423273927,-0.030396649018776877,-0.03896023560381284,-0.03256434091560061,-0.03629517663977015,0.06348955854924282,-0.04009664730630695,-0.04073580184358538,-0.055550659686673554,-0.014303378518191308,0.04237586037603811
GCNT1,0.012863172838355343,0.0063414307999612885,0.004530479708775825,0.04216657517311003,0.002351592634623848,-0.015476792065186392,0.0020881458339137267,0.019802618354259095,0.031197442120320194,-0.00855251791954176,-0.03853825195209486,0.0501631833412908,0.00552173865919721,0.10373573671841536,0.03498463437530437,0.06746206280459995
GPR137B,0.03718208277415754,-0.0668590934272562,0.05082724660636244,-0.008991408602131339,0.06674645589224129,0.04932698615977062,-0.01610289252826775,-0.038438783813300896,0.07721814955227731,0.03223076388883126,0.013403589008135992,-0.0020422062570717653,-0.013664452292723936,0.010527641733748485,-0.02625043574527497,-0.007777410225969977
ITGB2,0.08358596802780174,-0.04301048005535222,-0.008310356728777762,0.046340903720323484,0.006216576285198696,-0.00913443479079704,0.061975776275055586,0.048626485662316726,-0.012214522874426167,0.01535536943429631,0.029348930686934244,-0.0031160820801024915,-0.002725719098896927,0.025183974865674863,0.02024184089786061,0.0310162930117657
DKK3,0.024582176426981288,0.07096855751304959,0.026503627729242817,8.432864790095321e-05,0.005929810728567617,0.021072220294109108,0.01598724534450851,0.06047168496173043,-0.00485963889866124,0.028696167926801294,0.044336803187934336,-0.0425637854303097,-0.03816427184127124,-0.041962178817539,0.024096701703705103,-0.04966619777974678
EDIL3,0.009645415044183103,0.07042314199703319,0.014580533330425818,0.016511373852763297,0.05921752322850753,0.036354017152541836,0.043365172831311985,0.007580400818159991,0.03982639864231953,-0.0491991317469925,0.04205891467076022,-0.015661661217902738,-0.05724857273402123,-0.05555625968301914,0.09185868080699036,-0.009350008500203955
CLIC3,0.02228903596613828,0.015388812744038216,0.03121035323910009,-0.025087206882937193,0.02960264899687754,0.057692842192673364,0.016525802330438936,0.040445326943775235,0.0442379249161695,0.1030117937825091,0.005736162584068276,0.08010384353734547,-0.06668222881065444,0.006218177753869689,0.02200343494694145,-0.02316102364462063
CNTNAP1,-0.013282554069409924,0.023841590910993117,0.05870147030154815,0.04555167845243488,0.01686819493612792,-0.06267937948822978,0.04506359541575658,-0.048995038935284604,0.018169453328579804,-0.007203688136505033,0.0020118576473942057,0.05653001336490671,-0.027339702859696495,0.04645074359151358,0.030125576309908402,0.021910522188429017
IGFBP3,0.012332032883946135,0.04627001399395252,0.021432230554191405,0.027908653535550356,0.003366404999699704,-0.004768910332936089,-0.019735593600535103,-0.07817167185826879,-0.09102182068224546,0.055956299297027605,0.05435647958585511,0.03672840384530428,-0.005976990587750485,0.001636056111533151,0.06386885807190079,0.0499643299447944
TBX2,-0.036200232896463236,-0.04328670707735229,0.06679340794845115,-0.03047786582814028,-0.03405045440002362,-0.0004751964946250742,0.0033579705902158138,0.027770268298301932,-0.029120357171719458,0.01041944806416769,0.022718605877420212,0.02341651955188561,-0.014126872992752438,0.02305303008019397,-0.05132538124701294,-0.0034720222485210873
HK2,-0.020698433217753137,0.031175863860284325,-0.0173347124693051,0.06751515447458682,0.04747126869850694,0.0026198984296263096,-0.014475466748406104,0.023005591363344423,0.00811214436874387,0.06590316567267121,-0.02709044590105112,0.04289339416444522,0.08093650669590097,0.015528620972824968,0.04737143560807211,0.052902499012195306
FGFR1,-0.025724918069663004,-0.020414591065606422,0.082920181807701,-0.035380356695693,0.03829611673505526,-0.04557732900405941,0.013040329204118042,0.02932762190473584,0.016690757468167755,0.009108236308482362,0.004481012829592573,0.007231737299328371,0.02397893312117791,0.0066299835752272225,0.01509037141212184,-0.01492065424188092
LDLR,-0.02038299173445069,0.020618005668330826,0.026160411369132393,0.03694594200158481,0.045819783053001974,-0.007398045054263882,-0.013993320716567776,0.026059725940708288,-0.06781932369701696,0.03778092145545152,-0.035855910921860266,0.04301796363719358,0.019279216899070334,0.038059791714426944,-0.018778408938319474,-0.0369641916538357
IL18,0.06152952569476941,-0.037061533125406394,-0.0020739350655509083,0.042168659176323516,-0.03297100502616803,0.013220859877977659,-0.011041342130849122,0.06497481178334362,0.011846273256961927,-0.06085325216104864,0.0959095599289504,0.02365436778713863,0.026398747831583507,0.009322427239686666,-0.01480731572925186,0.0027066028340285916
THY1,0.04386963412067714,0.072424187641789,0.02325910968750803,0.005482362789708867,0.006090092709974357,0.027338755146227613,0.0280858968039316,-0.021930935774148966,-0.056675611943474744,0.015144655285209096,6.260092269981185e-05,-0.04794049386062045,0.012824930428647768,0.02220125917878579,-0.03855285675416773,-0.005524893688209873
NFIX,-0.007188473805300948,0.08162555990726408,0.047994380745209196,-0.017310360741892492,0.009298463364578723,-0.04717447704074348,0.019612750482157788,0.043786896341162646,-0.006772095125233196,-0.039662662453258876,-0.002672091633777688,0.04780523913292131,-0.020949166470045293,0.032088861018399896,0.00017896128892901098,-0.017598765630990148
LTBP4,0.019384108625587478,0.05619850919143488,0.03505143374359073,-0.01886873773853896,-0.04948309893626116,-0.029438995883149605,0.022606956280875484,-0.02932803637611915,0.0437927499623805,0.0698397573683603,0.020614048738759147,0.016338603230581502,0.022376831972933775,-0.03589478167766265,-0.07059729367999362,-0.05720469740952017
PDZRN3,0.007216336779984633,0.0803952747080526,0.011334101600747418,0.022218632142554207,-0.0026251551735662747,0.04843048303068229,-0.013396101832732054,0.04155096894836894,0.04222030461513178,0.004679165804219818,0.0562573238095806,0.037713276994898494,-0.005537432627758987,-0.019046574090202967,-0.026003082037549186,0.006919983295852809
SLC7A8,0.05250384340684686,0.012769644475323519,-0.004381718839060704,0.031211089168163036,0.03055784576169663,-0.02593819541479034,0.030593414446849272,0.025170628464457816,0.020550071638165305,-0.0730919802022158,-0.01881325467929274,0.08506781456101016,0.050127582980295446,0.00943615299615644,0.00477338221724225,0.04697361220070173
LRRC15,0.01329825110655618,0.00682648552312373,0.051020346909685856,-0.04709975404295952,0.065603716016305,0.018839349558830865,0.019347447849377086,0.029134437794471488,0.002993961585466943,0.006550985306187861,0.00037042200563231105,-0.012319574637467537,0.08105675549578285,-0.06235522572594686,0.006143815572286643,0.015336355681831297
ITGA10,-0.04017616672057657,-0.03217673997989373,0.06894821804405564,0.0043954490821196505,0.006171091189520826,0.005797936843308342,-0.008745501829861882,0.017645203712619642,-0.006271341552362626,0.0163473966191749,0.004900572197652324,-0.10760357324651405,0.04451495861394312,0.03617059254971377,0.026141777282456712,0.021835798079378542
ADAMTSL2,-0.007852966003532155,-0.01730827665984709,0.07899934225516718,-0.03098104096511478,-0.03276891636769457,0.02498772368746935,-0.004909910695503837,0.01741504888319011,-0.005695209288983551,0.055156755007491995,0.013212263815641882,-0.031453733653711166,0.017274558040348,0.024468254552007657,-0.0164128578938777,-0.033859517254948346
HSPB6,0.0035587021544660645,0.060315725984691794,0.012677464929916319,0.011092203321340303,-0.011327164165252056,-0.005216079739888604,0.007707754155903322,-0.012077150690249248,-0.011683557494629355,0.03150448443435228,-0.061935130293718166,0.00582245334056309,-0.010784426163864134,-0.023717884204650024,-0.033702018667042255,0.05047371955362167
PODN,0.05215246829211962,0.07936481255647564,0.017314268545736165,0.004179231696662743,0.0073260298325453265,0.02454938353187235,0.039629968224602255,-0.00781778419238427,0.012150855292410289,0.008415975594900198,-0.01827109854655563,-0.014897205657558263,0.027488636461145494,-0.04822099283592754,-0.04515821525096217,-0.010456383399739498
COL13A1,-0.050978653068228526,-0.03766723357536592,0.07627807329789194,-0.02505415406002399,-0.03387520248101321,0.01495374455936625,0.02829354846645125,0.0196249529380694,-0.028122797548419683,-0.00851359700278205,0.005871182614285795,0.013761400188664001,0.02082040004916746,0.020292988524539306,-0.001682787907157101,0.008693540147791192
BASP1,0.008169880905192911,0.04817309475819256,0.0004426630808194755,0.04338214470788051,0.042243710362243565,0.029858180613938846,0.06358019108794445,-0.004244216019314099,0.02698104479165079,-0.03638198357087643,0.04309661877857023,0.0051995779308280365,-0.07948713828328462,-0.0015855694468789108,0.025101240606908902,0.003763202759482536
SLC20A2,-0.0019891752987073606,-0.03173805434404124,0.049925830088019,-0.022205385323837475,-0.027475503545739636,-0.01840195746666918,0.011331016653985244,-0.009802048792396644,-0.010223729609756009,-0.0002510885000290529,-0.04521377741343694,0.10161137966077717,-0.08747628813575728,-0.0187077085339809,-0.04538544588266424,0.022964834007444795
FEZ1,-0.01237380764625356,0.026174631598933212,0.019817629292871963,0.02053109228818087,-0.05847783994337261,0.015937013358797433,0.020757613709462025,-0.017313241394111223,0.04985353976744876,0.002511593041731333,-0.035543762723404954,-0.006701440991385168,0.04277988038926233,-0.033506099444613247,0.016574676302153868,-0.03037394941148423
PLEK,0.0761968288978501,-0.06458107853802315,-0.00937258813937519,0.0438945921358215,0.030808363958107994,0.008525058353751797,0.0347745915983137,0.017704650298944177,0.003226352806257613,0.007612350643346536,-0.01315287320238355,-0.012274883638798448,-0.00662169387441288,0.022798206467870293,0.013524091643511947,0.024025499995656643
CLDN5,0.05548764044516795,-0.006717288705921525,0.020554576339472216,-0.0006595999389073346,-0.07930806102725912,0.04267406535288565,0.006101436931418803,-0.0913250960242439,-0.06185675795035931,0.008886022282560385,-0.009489309617686015,-0.010816562785684694,-0.04136573099528114,-0.04996838990594865,-0.001294208894584019,-0.011679127511257608
THBS3,0.013956206420514355,0.08158667463476096,0.02645956788753521,0.016434707243315104,-0.011525139482301433,0.0455230045973831,0.009963765272976943,0.025987372743990236,0.03174917109943052,0.04113288533157747,0.03534744251533975,0.023267701653758965,0.05580112318915721,0.014705453656067496,-0.036970390056323146,-0.007755919576986264
LXN,0.0024070670343340804,-0.04666821136518634,0.03463008808440402,-0.030133786246718135,-0.002568346069564907,-0.0028252029340730617,-0.033985796228419365,-0.00675355631144109,-0.04961631389685745,0.03687607379780999,0.035443228848266894,-0.03708922500517222,-0.004766851414276501,-0.03582942575858538,0.028836057719324723,-0.015497700549392288
NDRG2,0.0074831972152123016,0.0055412606315932604,0.02229364192036958,-0.022301958097294714,-0.09404601983224357,-0.04841444166569642,0.005371122345256794,0.009073707150032511,0.07886110382148268,0.024449357078849755,-0.0727550152454689,0.01445080799556096,-0.0010720745889650843,-0.07535102846873518,-0.012679260471708592,0.038882036004792536
SNCAIP,-0.035246322996073866,-0.027150754199706237,0.047799533516654294,0.0048251007856306245,-0.01842261483823819,-0.004271197735097485,0.017428170354928385,0.04960930441869901,-0.023272693997554227,-0.02571485000757171,0.004420411065002097,0.04820095538867491,-0.07719249176015211,-0.02235869503016602,0.03544155237967152,0.012745335345077564
DPP4,0.015225547465009885,-0.060710727010422655,0.037339485736048526,-0.004993297591737496,0.07201745738743935,0.06149664895500773,-0.04143232640306834,-0.040611970419602864,0.0915816599213437,-0.008793427845437577,0.03782389114677183,0.0058165803872760775,0.011319061808205279,-0.021593190750923513,-0.010591917939030693,0.010889400053169813
GALNT3,-0.04129771159808811,-0.040663871674706885,0.05608693876779754,-0.028334646192559137,-0.02275474499733162,-0.006843844570184161,-0.024765859277891322,0.06875358987890734,0.007154596549305585,-0.0008570090042456274,0.04172226791878324,0.017069931403534848,0.020467068736952285,0.03842502594050437,0.033904560574413996,0.007043730615908958
PTK7,-0.010336333130153155,0.0335782050569387,0.031027613807994084,0.061213505548020984,0.059859217306975736,-0.014203814061247004,0.06259403820152429,-0.051719759113316305,0.0004449070980845995,0.01222470847447946,0.05180778487053394,-0.031888313661903894,-0.014503518060122823,0.03342683321775339,0.03345583643568458,-0.017064964537695487
IGFBP4,0.059964289024751066,0.024347181421632277,0.04345099667772355,0.005790571766609999,-0.014114554231141465,0.005867696725166155,0.04413476743721154,-0.04297928096116106,-0.0009124582585853464,-0.018497054927088398,-0.006526439915769459,0.02923086958599033,0.002800787507014008,0.022361694849198133,-0.0896750022120879,0.0018229636429760163
FZD7,-0.009114553294116538,-0.024363328162436353,0.054908382108210654,0.0033447424943475034,0.014238795538530032,-0.05658792124370149,-0.07166819011007225,-0.005582909588576274,0.024016251033533834,0.005166818316947692,0.04490038560544119,0.02313786708006757,0.10924001379149295,-0.020237347481328556,-0.05191204091085652,0.045077703674696344
ADAM22,-0.04374196065759588,0.012906045914181565,0.03329381954384587,0.04962640244038066,-0.051963944824600476,0.009151125018370143,-0.0018556616783887425,0.05546585458275756,0.027456560091822898,-0.006640823166812886,-0.01989763768222454,-0.018319468333819068,0.03168882079122158,-0.07171034730879478,0.019615429521507938,-0.028580279555213087
LOX,0.0015328244584245946,0.029296516914210955,0.022143378432867362,0.008284127548421841,0.008764096248061841,0.09538681199836614,-0.02996109382887332,0.12255619259017002,-0.013682668408311248,0.025695805634461458,-0.043134259061667,-0.0555451652006166,0.0019303869681150804,0.02195939315546675,0.030903144993581825,-0.022372980382279094
MMP11,0.022475529416398084,2.807391200586101e-05,0.02824976974565125,-0.0007128616247075552,0.04653382490958469,-0.038822419616060505,0.03439123539024225,-0.026628803936315233,-0.011722259428250791,0.007586188065446489,0.038376511563350146,-0.09900433723564163,-0.012830369690166685,-0.009712255952744286,0.00469219172170624,0.003912670380481011
PDGFRL,0.02095727252649853,0.04245895861047257,0.048500186900066265,-0.06347193642627263,0.02625128467282577,-0.00791624722252813,0.050956225333328234,0.03706657114710903,-0.018853009043235308,0.009424780675198734,-0.04128875220099354,0.012164952800942002,-0.031211168562961224,0.023144066498865242,-0.019546763741673655,-0.019693143450428163
IBSP,-0.03449974647030524,-0.04963935254536746,0.043825708721842466,-0.006796881031241141,-0.02629329320800104,0.10499633845995635,0.02976716114980946,0.003757379362369781,0.019668831795263464,-0.009126335865715176,0.005963277411864726,-0.021924060702920484,0.07197002720022881,-0.0008001278445235191,0.034779198173332915,0.05297379492560099
GPC2,-0.027993158450362616,-0.002746713442299124,0.019549894024276024,0.0715065028995242,-0.001455025494192156,0.006244564379628575,0.027264734471731562,-0.0330207307976258,0.05529297231299707,-0.030707914424998956,0.030560539809277594,0.012609834737503434,0.024914746828574988,-0.057178635712860325,-0.005708747192277526,-0.050332197329302254
IRX2,-0.03341823735163977,0.00947451290841032,0.0201430496405457,0.027935548436898265,-0.019105296651986934,-0.02933791766662206,0.06432432246731447,-0.010641519452744424,0.010185568118806422,0.03323744761059619,0.03337656192351217,0.006382411520386157,-0.01053722210247917,0.04896490944661887,-0.007579815170971307,-0.020372396871502222
IFI35,0.04745543021349504,-0.049390564523851245,0.006443285250874289,-0.01336231893630355,0.018585585413259654,-0.06285100844221955,0.059772912799103836,0.050966366926197625,-0.0697196288734796,0.021785660628618704,0.004836626592356674,0.04682989253282918,-0.04150741787013744,-0.03797491876289078,-0.022839131213589502,-0.023863042123887818
CTSH,0.05251714820938384,-0.035640192808898984,0.007956505620138159,0.00047183131539492716,0.014449400699920314,-0.0643925851671456,0.06310528637939877,0.06092433850923798,-0.02009683996650699,0.011607399507168565,0.021846504579675647,0.02676315698405854,0.026190626859002177,0.03133350859134171,0.015358093784194947,0.03589172212352067
LRRN3,-0.025674310210939306,0.0319594400870512,0.03895649748002926,0.03402625134117205,-0.004134103139185061,0.029673779482560062,0.047459300104578585,-0.0014251026123206535,0.06556932204323895,-0.03012451852236838,0.018118021042651554,-0.005323863321067749,-0.0317248254438265,-0.05463908999430931,0.05390250299909666,0.03781383894644585
CADPS2,0.03330993399342367,0.005153254580441959,0.04943223323352254,0.0081493014612531,-0.03417954213469556,0.015209074049266379,-0.03563680860299796,0.04338804704622559,0.000664351059018296,-0.020853086402112718,-0.041314530757024535,-0.021381216774264248,-0.021710311820160453,-0.001333696294051158,0.002510262321371288,-0.036348742486973375
ADAMTS4,0.03146338322440999,0.050265147823551085,0.01078366849362146,0.036811847906409983,0.041236482180432854,0.04475072929758044,-0.02275336830602216,-0.06263388469434764,-0.05671134770321033,-0.02923787733275248,-0.018976763298382215,0.09123658617726416,0.06483535845896173,-0.01425779740992746,-0.010061442350806651,0.05595810437086567
WNT5A,-0.017619416305882377,0.012844517321259363,0.026072919914071516,0.03232843856599655,0.04889381101165788,-0.02347800035941603,-0.021769189803917257,-0.014063262868018993,0.04094181416671292,0.013900893653757188,0.03482619794651762,0.022219814534504563,0.05066085966410188,0.00527507808264538,0.06591883453497475,-0.020051083793142348
GIMAP4,0.0726964956510106,-0.03822960401667466,-0.021564482793125735,0.046110320630479866,-0.04139202544223176,-0.022907557522004546,0.07162708350627076,0.04836673361576914,-0.04148454384830986,-0.035364377286443066,0.013375359233891194,-0.01434608582825422,0.03842183792751993,-0.006548008579434025,0.03202109671873909,-0.009929819191363338
TM4SF1,0.07404981714051402,0.02659909599195543,0.008013902273781792,0.011551839369469276,-0.02921271604111532,0.0015187168495146485,-0.012973888864234444,-0.04013582843607093,-0.03527547848535458,0.02834756421471458,-0.031775327182251234,-0.047023816856462466,0.010644371790636514,-0.030347602115491375,0.02076888926851843,-0.002010500046923065
HSPB8,-0.006841588474418054,0.021185296445234248,0.018780635758816406,-0.02673033563680745,-0.006453546921795734,-0.025824669332163205,-0.05014148399611267,0.04897005437717228,-0.00874215961242468,0.08749812314972308,-0.03747785105240501,0.061779922672570466,-0.028736629939993038,-0.03087213689146017,0.013134756673879523,0.10543671070880875
DLX1,-0.06071784077404049,-0.016997844003514808,0.011737831760603012,0.04590761698188611,-0.01316324924102363,-0.011236049689594137,-0.010234033130079132,0.02719284467282819,-0.0014905443935449908,-0.005450753909460888,0.010613289004047255,-0.0018347121742607391,0.014140499965100143,-0.033608619896188394,0.028284281567742445,-0.04426102675980367
ATP6V1B2,0.02970314987595019,-0.07861866369205571,0.03754413041338055,0.013398127273793853,0.08296410004690749,0.05269883682789949,-0.0022052324507410136,-0.04087536247284721,0.05305454808971476,0.02754839607873376,-0.05003934289318185,-0.027131007811339345,-0.057139473539783256,0.011480644449637801,-0.018153865457140296,-0.02128628695338817
ACTA2,0.05261347889806876,0.03125340011572973,0.025745220788020554,0.002778592864989859,0.011809184893600918,-0.03525398146476058,-0.012321123506625814,-0.02138166587039429,-0.0301297301052436,0.0015669820920374763,-0.011725888030964929,-0.0248284190990538,-0.04808713571726499,-0.026444726497364422,-0.006686298135392893,0.07463776818932488
SPI1,0.06261349905529914,-0.08437006038787759,0.0160805754264247,0.01916640191657655,0.04627497292382075,0.04428544506311859,0.02871316911742683,-0.02400860231426634,0.03153962526691556,0.012220953553019415,0.03866797222313922,0.0019424945959887457,-0.005097198854119464,0.0034919103971311136,-0.009177689650852097,-0.01543464873674712
CDC20,-0.05163608090045463,-0.0013550982774459582,-0.006947028555882095,0.09495302903248055,0.05248842149979409,0.0022430029097676623,0.039453725716248084,0.015267247649071088,-0.06412909452701199,0.03589648146436296,-0.03384154466088923,0.012437970852816635,-0.02216083393045756,-0.06073734391454399,-0.06016979401146419,-0.01346805940142512
RARB,-0.03360999707378792,-0.06044465009440497,0.04639324249388034,0.014191323315111278,-0.03664187015857395,-0.016075983274881817,-0.009322195667140005,0.020923757766886045,0.014575374480409992,-0.01614867059500704,-0.00809358779533385,-0.047567163768375345,0.03942397119497548,-0.03159267078727087,-0.055098795357611884,0.00868973037387004
SULF2,0.02170211081084223,0.02316359969769035,0.014339599763393631,0.04340776327547333,0.02247613926091549,-0.03524729822352493,-0.026378824182625,-0.007532066344082046,0.0035910943105777323,-0.01420396478863781,0.08348416234468531,0.005927925360485689,0.03272328236647777,0.03816724786866164,-0.08754428582875301,0.00924977403448626
APOE,0.0643822206246009,-0.030607785924900054,0.004160523053523053,0.01491333572685035,-0.013370340674937189,0.0029223560793457844,0.073803565711642,0.0005928263870179536,-0.0021272920733690845,0.02686655172870061,0.032164760154408625,-0.03416838084069988,-0.039596090631234315,-0.01912597929484852,-0.003075043563888289,0.010011636550414435
PITX2,-0.028502103455423717,0.023585769932131243,0.017089613141666314,0.016287099306102306,-0.01079660500838782,-0.061227722117902596,0.03229800623398498,-0.005660255457142318,0.033253970670528724,0.03914340025802988,0.041435172465986644,-0.004576482198762159,-0.007077012284748295,-0.06548746850065745,-0.015440526435790781,0.03187808389070431
SLC29A4,-0.045885632038837804,-0.024961534246400675,0.05013998870118775,-0.009083472801405933,-0.0029499599308754204,-0.02750998045104574,0.06386139780532442,-0.03415100597647686,0.03629493025915102,0.011347752320153354,0.05546854916920911,0.036650923316019546,-0.013801747605444977,-0.0017310019906410646,-0.015321526797067771,-0.016062788483201078
SPOCK2,0.039544410199158185,-0.03651599442442771,0.027979298340781427,0.01927958775834684,-0.05471392770326299,-0.04202628297919414,0.040722475736915315,-0.02299781638620949,0.0403457302377005,-0.01640193909514099,-0.011652692311736969,0.006337385539189552,0.029128831117115554,0.05236018257739768,0.006475397278954858,-0.015187919029026158
LRRC25,0.07245872381131843,-0.06358175087591965,-0.0029761393880869567,0.04054833413385955,0.03175196110940203,0.02239813410052608,0.07021970510180724,-0.01135814247343195,0.018634999270397305,-0.0013876543921693034,0.005748704105026477,0.011197906585493326,-0.016228986810713178,-0.010721589686080796,0.018423214770490408,0.01221962835360141
CDC42EP5,0.01779858999331068,0.03480877467133688,0.02893969970932038,-0.045553316504275916,-0.02571063116602004,0.02726588761178379,0.05796221887045409,-0.025539059494358935,-0.02307600293320609,0.07820908855677668,0.06115096360849077,0.0014602190619390377,-0.0020863788032243046,-0.08966410582190457,-0.031440270336174275,0.009618635750597532
ISG20,0.05447299852130799,-0.014341391057439357,-0.013895660666731634,0.03845047115261701,0.024764019224768567,-0.04825383987602814,0.045126901544523416,0.049023737082935157,-0.06445300961057017,0.05210267600654316,0.017274313475056077,0.019255683633487786,0.0022124801487425835,-0.020680634622722308,0.05744945224607336,0.02453328015315301
FBN1,0.06257615684367647,0.05164345122504323,0.043865558867960126,-0.0032106594482488766,0.02768878330891269,-0.014581623520213418,-0.029247539964386008,0.021744459786437027,-0.017251178625480465,0.018169037747599814,-0.01470373284308293,-0.004684112610804305,0.04216907702867728,-0.007312359745027978,-0.05014150050003806,-0.054475632933505054
GABBR1,-0.017463935509113668,0.02555696667737406,0.04506677139246432,-0.01493676344302151,-0.04321904967196389,-0.02159766762724243,0.012094042390273695,-0.00019204769389640592,0.04993387998532861,0.02940756137391027,0.030096814775312775,0.05440501656065009,0.06696513448185236,0.013857787816550188,-0.023667670298797704,-0.017011031036729737
NRXN2,0.004075970954751536,0.023828145451318845,0.049268975966621185,-0.004477592940440421,-0.03183611685911115,-0.06194097146499232,0.031068801811462442,-0.049604088088552274,0.015577700880841792,0.039018472413189405,0.0218733311871967,-0.02292098031686542,-0.02972878087804338,0.031811406887236424,-0.0025125418951680205,-0.0008008164706361769
NINJ2,0.0026146565920794037,-0.01654810953766248,0.050979640879745707,-0.05203429941204299,0.015729873979663786,-0.009902318819213354,0.04841793200670569,0.01310171575080494,-0.018269328192409062,0.060510109587816836,-0.02560339746057437,-0.06377465684914463,0.018462616112079635,-0.0369720608551946,0.021742738291287415,0.011619458997095126
PROS1,0.027487657690951788,0.0025147792416299847,0.05313828406785081,0.008679108094578574,-0.0253704255734267,0.012447764759236112,0.014501286319674227,-0.02525396411181995,0.03703011314217902,-0.0074141250033753865,-0.0352235610400128,-0.055063345527494714,-0.03889053260237837,0.0029659946301014185,-0.017121410149905075,-0.0422681010406596
PPFIA2,-0.027180540394098805,-0.05262110682059708,0.06731366069395042,-0.031893851846883585,-0.009647322361377652,-0.04151831622359915,0.006621547410368991,0.007926768890733802,-0.017805850084930464,-0.030322583742539374,0.02502325268225032,-0.057238612588860094,-0.009593339957968685,-0.017531215389823968,-0.015552210594412535,0.03059552948295684
TNFAIP8L3,-0.027796672026367344,0.040558868933311884,0.03633235914609545,0.0007691780777144587,0.013059902280804642,-0.03754863023819891,0.04970661707498684,0.010224835731559783,0.0017892362197013288,-0.02284080107241316,-0.009204155268273602,0.010008905219687348,0.03212746368859373,-0.0302327380224057,0.04883887263389777,-0.044205381761879284
TSC22D3,0.02374511439028073,0.0002130838830175486,0.03247469259649873,-0.03413165482889483,-0.007663976127743581,-0.08639095086623973,0.019869278371712984,-0.021171413806545462,0.012971909394365766,0.01819333093929455,0.023173642622027955,-0.06353793821944224,0.03144920533807615,-0.045104219443779875,0.011778662619470807,0.07007999469349024
BMP7,-0.042306677968454186,-0.003318300866385391,0.02372311885583019,0.05503899195488592,-0.03648266485107212,0.03108305582134495,0.0341057104356456,0.005175770471798241,0.04210810884104155,0.05109707440602279,0.061113942918879074,0.005454082466693737,0.02906436729867456,0.006806277333076827,-0.049167219774835846,-0.05711986202136651
FN1,0.047339623398661344,0.018673203269182544,0.058074658173466354,-0.031248467200132742,0.05268730939362487,-0.0014516483366340104,-0.03586635616196078,0.019071261589749474,-0.016934026438269467,0.023274411465511277,-0.023553366914833805,-0.020486732393095737,0.05186258648918765,0.010984025394907896,0.01813153540163649,-0.016011124695476633
CAV2,0.0661254128747564,0.05023752444849714,-0.006082554764911042,0.027926895950691463,0.0004141911750274981,-0.005775837579068799,-0.05018731709345234,-0.02390644204116793,-0.020431043206453843,0.0004920246410392709,-0.0026848778879337235,-0.007210250723469671,0.05883615783584123,-0.06955495174858159,0.04043883318982537,0.022193965013761793
STEAP3,-0.018828183352984605,-0.043550948464274694,0.030740976869120973,-0.028629690535853854,-0.0026838159713780457,0.010085264277511021,0.021762061453833737,-0.001728742951052663,0.034615768123199595,-0.009889601623730777,-0.06403128718637782,0.02371715916778966,0.13300201151123078,0.062163704427463905,0.00018994468831828783,0.0362660031541134
LCP2,0.05457830680281089,-0.06924566185683388,0.006189544680390379,0.051260206783979544,0.008227196974204832,-0.022527459262750807,0.04580900707169181,-0.026214695144577502,0.004939602180036646,-0.015761566441935968,0.008321820172381793,-0.015303629113827719,0.026441105846647998,0.04488390258901161,0.04452379572725735,0.017629246886660642
COL15A1,0.059381020399343676,0.02066224211910144,0.03724481745634926,0.026968723500349564,0.01926344977830851,0.014473715379321966,-0.05105366195938714,-0.029328825831825226,-0.07857886036336813,0.027971292855688987,-0.003474654749379866,0.026324710664187366,0.04951476595044562,0.03134728194388697,0.0650692610974234,-0.06928912394997644
SDK2,-0.05900957967744107,-0.023747702363608375,0.06802866673929828,-0.0023284498765175584,-0.03992096084822666,0.014077679991117574,0.010972502223275216,0.04612721713554862,0.01271295151692759,0.0030408707493891785,-0.017260997588738385,0.03793303985066748,0.036347253578196057,0.0322479038429914,0.013337386892232236,0.009343950208507232
LSP1,0.06117519163485164,0.04570888603177361,0.009880502279963602,-0.00114655155284802,0.00046818094197754925,0.04204325011661031,0.028355697281567754,0.022104398258450026,-0.03890073354728783,-0.03493684661614883,-0.02428119636277924,0.03249427936287125,-0.01888936039152232,-0.04116864044348236,0.004546362101719386,-0.009981918171041645
SLC38A5,0.010274462853394235,0.04346979276956064,-0.02662576873530107,0.009279095548119157,0.0225093589335792,0.02998402907706236,-0.020829012946773508,0.042013460077373915,0.010857949200776082,0.030958358394788395,-0.05489603593612675,-0.00788868031508034,0.10634810693452326,-0.04294434159448199,0.022614038783639226,0.018551978986259675
COL11A2,-0.05218540166344855,0.006406093497480331,0.030248193790336164,0.0007744390278369885,-0.06092073765901818,0.057393400491191654,0.02797822773813995,0.03226466964680013,0.03679897815683319,0.039019999746932744,0.02241299506940562,0.013929679969374532,0.001596346474694875,0.02308991375365043,0.08614164930678218,-0.004897970164015074
BAMBI,-0.06080182065231419,-0.06359677867769965,0.05516214948783195,-0.003264909270010849,-0.03161206986255854,0.05440065623429057,0.02511220736800727,0.02228807613380632,-0.004559776862207185,0.01161718722195422,0.010230650030845927,-0.02610802394128989,0.023159401796729602,-0.0016807036588772162,-0.005372794629768237,0.01633341743847077
AEBP1,0.0466127719624907,0.0525245337569642,0.054072919404066326,-0.039435083198003755,0.0608211369061668,-0.0034648661945773703,0.026942618067350488,0.012782322813117933,0.015356097514644739,0.03173817037937716,0.0036772335950378977,-0.0030435137286968696,-0.017363954225114175,0.014028320601451042,-0.03422097825344669,0.02343216613591314
TGFBI,0.022817377412015224,0.0494750885538472,0.020451121217187965,0.043920909580674475,0.06508239133332851,0.04211241884895054,0.06338345860016008,-0.0031825519609447895,0.01431712460117157,-0.006942517177541073,0.008997093527741152,0.04773454752977038,0.023250355209926556,0.06352238637924398,0.044917947238742206,0.0162736385151666
SNTB1,0.010178320362234705,0.020550398194733796,0.04632621368712172,0.023997899245376972,-0.0034354078902449,-0.054642977561151725,0.005378543868228758,-0.03357771330766575,0.003178005721834321,0.007764860420957186,-0.004502384434507196,-0.012986470555043856,-0.013393972780298247,0.07717221599967938,0.06684892104718174,0.07939586198360368
ANGPTL4,-0.02565435233448662,-0.005995220099320237,0.04286324435290552,-0.027119873985981702,0.009205291070742637,-0.036585328582091986,0.03939089177025668,-0.0339638931180089,-0.047679299933737325,0.04847372701542492,0.0022458020478000173,0.02861799439773451,0.02548633282798897,-0.0054050301111306254,0.03902699884443904,0.0860265459249362
SCD,-0.04078951693623264,-0.010702935569811436,0.015560243413047016,0.024910021368880327,0.02502017320004772,-0.04463310340016158,-0.011582927160100984,0.048134249286004835,0.0036812674386682244,0.004393643866513139,-0.02433710140506936,0.056299427700826535,-0.005913996447488516,0.09608521658876414,0.013679445329484513,0.03407615874060535
GIMAP7,0.07102819319027115,-0.027883795522867873,-0.016435220141771404,0.04434679882219092,-0.05351417117484948,-0.025316620289682033,0.05693689489154262,0.05278093637642745,-0.021663712337141476,-0.04199407056055495,0.018062305484899947,0.010600222855474817,0.027589895829564844,-0.005061528245886183,0.028860910698562683,-0.022805371324231695
RGS2,0.04519797619819543,-0.00018744630740404332,0.007334845612279274,0.0373558842510665,0.021627283518002166,-0.01462819278321135,-0.058352244315780684,0.01287484111902132,0.008636876354835971,0.07294954147339262,0.05071724240473241,0.05741183548452566,-0.010081791848824441,-0.01284751363126876,0.01654491385133592,0.0965916560354019
CFI,0.0577364204288505,-0.014898233082218146,0.017828890402648918,0.012882207660000455,-0.020697683277205614,0.009625251710282026,-0.008543265168078136,-0.029391323415437046,0.06070479540850339,-0.0009203483782137818,-0.010495605631100562,-0.033700999140960614,0.004988187238754592,-0.047077060676644945,-0.08943938411107444,0.04707286357568313
CPNE8,-0.0051505152792831145,-0.0037895984213046725,0.027360950119435335,-0.01025956738768494,-0.018045734920910703,0.009127595928835042,0.023244334059014448,0.0527961127337517,0.02888185195209233,0.02574503241855466,-0.06288927950393385,-0.09158256123293454,-0.00777159774161865,-0.02757610905960218,-0.006249625748424305,-0.05277993491273579
MTMR11,0.004506193598000024,0.041784084462440675,0.04152059145800502,-0.02018003072800297,0.0009324924708676218,-0.06819243477583715,0.007609274621304054,0.004932022782668984,0.035739299811098815,0.029613809042157584,-0.007530144557543913,-0.0779107935826163,0.024971119583795963,-0.0007861712046709733,0.014502965830703006,0.009522012939530583
EMILIN1,-0.03338290119563546,-0.006353421511799123,0.059612566487720224,0.01938453956517768,0.060603674639575084,-0.0027843572673979513,0.0748019748017824,-0.03629129906947708,-0.033908100241068544,0.0058617132343914986,0.04728412411897306,-0.03645183891231052,0.01244355305854902,0.020269757723455153,-0.06306135793531362,0.032586516592423356
BCAT1,0.009944750404908023,0.03729431393329817,-0.011980547758250349,0.08458693690623713,0.0204032651925772,0.05204127804096013,-0.024203639663042998,0.06389641036911277,0.002177329412233552,0.03171025524795789,-0.0363944949020093,-0.10182834008775848,0.03259595391774807,0.042210043504381796,0.043264441336206313,0.023780310479062122
LRRC32,0.05517995083488833,0.040920733811992724,0.03239015026291618,0.026849955181960983,0.0028821120106732826,0.011980672802932635,-0.021538430498535367,-0.03921001650049748,-0.07403841100561091,0.047536068739964056,-0.004197798610843297,-0.0028183499944008407,-0.0017238941066388958,0.06414826939787782,0.002073467406432371,0.016481996041446685
TAPBPL,0.055318883602094755,-0.05037813621121471,0.022391216406251527,-0.00491539948735948,-0.00017388158533799235,-0.0428962869835947,0.023900084910194914,0.03090453516878773,-0.03333608199414179,-0.00021039624133655822,-0.009855450513645465,-0.005061202770872649,0.026822999451235306,0.014014091310124929,-0.051918619482410014,-0.006931173182799504
CHPF,0.013268395417210482,0.049358002430496185,0.017844709427150465,-0.038797724260748546,0.0016821481502195187,-0.0003082900170028116,0.061620885523929275,-0.011274123975847976,-0.040517224321537045,0.061742340348606047,0.05442097759335857,-0.014892628208375088,-0.014311263964359382,0.03195909447286106,-0.02331109236318277,-0.08126685244890164
NQO1,0.013302788636673743,-0.026870545088998617,-0.003409463916025101,0.0034465981285380243,0.013288604251477347,-0.033149192572209656,-0.021158751729258705,0.043832842117567446,-0.08024341195056195,0.08448677394525997,-0.019296130442481553,-0.026495303034328184,-0.012954388260505,0.013842273606303045,-0.01308494129568218,0.016621157796945098
XPR1,-0.001224905439671571,-0.07386190763845828,0.05286597847463119,0.03735929221062782,0.0509355463964791,0.04383177251486913,-0.04739968284603995,0.026657321063531927,0.06367348493402675,0.009468067880727245,-0.0587696676720459,-0.011691558209189322,-0.04598627330424514,0.024210697631184448,0.013804459878789546,-0.008688323254780764
HS3ST3A1,-0.009352143947246004,0.03005188919088823,0.023444016921389647,0.052263245721566404,0.020350153647033943,-0.023879439279218817,0.05101884417220468,-0.03477649167415952,0.046626645896400615,0.004905430647375435,0.0294338621108139,0.02830496277825976,0.03418576321532132,-0.000349121440689556,0.06902796045611817,-0.04009718731766256
SELENBP1,-0.005763893056454607,0.02776477284155537,0.0244642053899866,0.021625747333963618,-0.06830695255877305,0.020825407126316323,0.05366485941037758,0.04372317965848645,-0.01631070032157085,-0.018568855746243264,-0.022363739516460736,0.05055416154088838,0.019430000677951913,-0.06323465786965607,-0.09241082177725685,0.008654771584593483
ALCAM,0.029533154621675797,-0.016375033495406907,0.001923781087087892,0.04038534850716756,0.00892648177513016,0.0019225050863718868,-0.05134113204089545,0.06552423749814028,0.052459282854744965,0.008962985695590099,0.07996055434330902,-0.016350743609545578,-0.019674788766521435,0.006159131866255657,-0.014321213068659959,-0.020200880460755972
MYH10,-0.009743910137547643,0.02340160728290395,0.040649488218657256,0.043295499838293026,0.0037470435388284404,-0.04775924736145705,0.0481781589300629,-0.032873277805379617,0.012436765534091418,-0.07845398570455578,0.01437186131926055,-0.07021729452014873,-0.036871087716256086,-0.04112240629466321,-0.020584907583827108,0.037231342024475436
NFKBIZ,0.04621975823821527,0.031241919277903284,0.01000794322700083,0.033816969010400745,-0.00194921838809833,-0.020239131150855686,-0.0341230420744317,0.012573212240459692,-0.014340991814063616,0.012241362304490968,-0.007660115537329879,0.01662091285886166,0.03528324678630568,-0.050456601079906745,0.029829912465277237,0.06386989529907897
IL21R,0.0440799083830643,-0.046086826699450044,0.01653232283173261,0.03586188166813234,-0.0004554915595595705,0.02791239163418703,0.005883785502694372,0.01637069982278892,0.022007342420606084,0.037215602315464426,0.040229579733243065,0.006829955019503073,-0.0001540721668281536,0.01428304613555378,0.009325748533959257,-0.03084840484355869
ANKRD35,0.02096525391327388,0.038850791164648846,0.0281566930386299,-0.00881247431602052,-0.0016549520591318482,0.05534614305561446,0.05262785205834104,-0.0045392169527970466,0.023847437035190648,0.022101859764153967,-0.06600633953177602,-0.04380443080499638,0.030016924749920657,-0.07942414838716773,0.03228122701542745,0.014758326322072518
TP53INP1,0.027410316450283533,-0.030689435690386433,0.039651743260502054,0.012308145693431118,-0.03349311689420862,-0.022327836330757418,-0.011243939268199917,0.009181617739830512,0.09729173880370201,-0.06007951655563687,-0.012289195098196355,0.028580792178741092,0.03690339946992223,-0.027252564621067045,-0.006444356117787509,0.004882459385072011
PPARG,0.022298300349948612,-0.03904656524033556,0.011641412842664185,0.04147239088353402,-0.010693244458078306,-0.027994773936567817,0.0372235021427216,-0.02567700023422882,-0.062170101586005014,-0.05735730159391841,0.018134609128989922,-0.02698598607536829,-0.014830542839486704,-0.04036863568098423,0.016643341300362106,0.06879771419313874
ADAMTS1,0.015159938086425705,0.07058434406437712,0.027493324231634836,0.05537783666536759,0.0008650941293578979,0.0036849948617755767,-0.024844276656644203,-0.03677240398352858,-0.052691849953545734,0.016070298734152506,0.004572525949904635,0.08236028717115705,0.02855977393844542,-0.014337590396730163,-0.007603302008709436,-0.002604066843758147
BACE2,0.023966688195710982,0.032578182204873976,0.0437292574638138,-0.012828828996407719,0.01738851790728038,-0.0035297987720154245,0.021957290314995576,-0.0363719317800656,0.012265500880773104,0.05138730010651184,0.031000910905461962,-0.004680259083811131,0.021984463650852226,0.12455325442584175,-0.045757719681511703,-0.04231558124012403
SEMA6A,0.01209446996683895,0.03376773447998012,0.04028715016971089,0.05555638136854773,-0.06636778153048521,0.02033700247001577,-0.006073735309283127,-0.039767177801485296,0.015337690909338501,-0.00725890100613084,-0.00021465737404698353,0.06380901891093449,-0.03376724318319556,0.08059850813461443,-0.008905255888356261,-0.03055101162962198
HES4,-0.021449001203476266,-0.03523298833792818,0.054147934031908186,0.02108374659564444,-0.05113482914237569,-0.00618724531943345,-0.006938383133546026,-0.08040451403956182,-0.0761085510469543,0.056587799901723815,0.04775707373561155,0.026644570579303938,0.011075679216668568,-0.04518964484598249,0.006195199431603385,-0.02047216095609387
BCL6B,0.03475640748685439,-0.015543060375925496,0.054188993403316066,0.00994123403558492,-0.0718519488262375,0.026847927911235067,-0.05594629382222881,-0.09821731038825911,-0.0661387556110274,-0.04079803982708839,0.01328397505316635,0.02235552878701267,0.048428599864976815,-0.04436867133143916,0.04988548486920141,-0.02058157190692212
MAF,0.049340702392901635,0.04343564474870176,0.017847965042318118,0.041643020301181916,-0.01924741806694902,-0.027335618540961244,0.04709591685044898,-0.01000359227341639,0.01917601360108809,-0.03726804724359628,-0.030328511283501856,-0.034076397628833854,-0.02740824852593801,-0.01380546078921614,0.049764065234800696,-0.001444773596859727
ADAM12,0.018437740617790903,0.01194759637190768,0.028947629330051905,0.03133628005387928,0.04445151550905968,0.05819754711237721,-0.03754949757282725,0.006410964862628916,-0.003887527813891543,-0.07169747022239788,-0.04703556665753964,-0.013625115444745248,0.0068992884855037205,-0.015006151821195107,-0.11756919177231112,-0.006540515107976534
PCDH12,0.030934735561429654,-0.030341822462443678,0.05809693601812112,0.01280174301355477,-0.05812878343507045,8.300017610798297e-05,-0.02637262143349047,-0.1154568149565411,-0.06457260951310216,-0.0376007919587443,-0.023904908781360788,0.011267698632595942,-0.012301911299856874,0.00771971236649458,0.058489946987665783,-0.05866265367611503
PARVG,0.08000329008729126,-0.041319027373139174,-0.002598824371052937,0.04843692192722984,0.004777884027200908,-0.018770916154251895,0.06792756656579471,0.03927725977327322,0.013557651557223412,-0.01166277776293045,0.024422293564732987,0.003380578702504135,-0.03398772878211883,0.015550129904639585,-0.01583096240209854,0.02348542600557055
CD86,0.07420015415726125,-0.0179117252193574,-0.013054117789202988,0.03719041129950924,0.004605522922474569,-0.025875222888544634,0.06266562069603465,0.08418544414089767,-0.020483308062781848,-0.0137518877796892,0.007887834568861368,0.024397189133960297,-0.0005175202094023701,0.021128613443303544,0.05769668919672606,0.00937566319914144
FOSB,0.013527656769888288,0.008368249517568413,0.015812618530896685,0.006360886637154584,-0.006760449182772255,-0.007191585613652641,-0.056900144763062196,-0.01678226808586579,-0.052525313031820016,0.08439736310274852,-0.04557466568785713,0.037997046590464816,0.06129556132505089,-0.03723590683191529,0.01915222144559097,0.001325469671486777
ARHGDIB,0.08406375717676627,-0.04900690040917737,-0.0010299857928969501,0.0013419642715633267,-0.011771881634472115,-0.0021234861014783734,0.029722975546290935,-0.018444080846228388,-0.013713435540306367,0.011104630382184736,0.01619970754326837,-0.030986722920199355,-0.018146243751667505,-0.007169635227745524,0.024927148579435406,-0.020608720419731216
CYBRD1,0.024153124335903612,0.024162691883268132,0.05801074593581862,-0.05341618382274904,0.016422439145165297,-0.07170478883902084,-0.030931792605971824,0.05560720920706057,-0.015547074982555023,-0.010049655948860706,-0.027854245199253638,0.01569355904594311,0.009034965892181569,-0.017601406713087107,0.02432854175202216,-0.03294791616722597
KIT,-0.012051173052021545,0.0056573990346934335,0.05979163327377434,0.0203794410603895,-0.032583620250317726,-0.03297979173831332,-0.014225573216026303,-0.02044697585681781,-0.008374989838204975,-0.06732642707546421,0.06166047422257358,0.04329583257584884,0.022609212317212878,0.04032368251766633,0.007343965656896162,-0.019404561088799413
GJA1,-0.01143634444212371,0.0031824041604774636,0.05691917059400247,0.011203845486043262,0.059945649372088364,0.0681327364075897,-0.0323531740779684,0.043181867096646995,-0.0012484167523079512,-0.04913130839810619,0.03277624912915646,0.029005399213350252,-0.07096256634409975,-0.05005410627081204,-0.031480802769671426,0.040942037737643815
CDH23,-0.003093115577514116,0.036032157088128944,0.052715451139904314,-0.016694505566494156,-0.0021849743433998313,-0.04251157334619861,0.015018745696681268,0.006696156772649041,0.02750507128717883,0.010176698775078,-0.010138366435633423,0.05948656385260494,0.05284374219610798,0.0613909187666511,0.04406868496559769,-0.04060072241892192
TNFRSF12A,0.03699303039529426,0.027874510861332115,-0.0184911644409481,0.025320300398793814,0.08400416886208688,0.02541066323977369,-0.005062218617709464,0.0026655579692055047,-0.026331722415618247,0.0938148923787635,0.037006640388517316,-0.07115779816461723,0.04169514894924573,-0.053994205165188665,-0.002714005425040855,0.0029191915365314102
DUSP1,0.04825138695886316,0.011554896734540408,-0.010221141350774107,0.004589364822947995,0.013221922443357754,-0.021972712001133706,-0.039783295145424835,0.007960114341061631,-0.04597788815545543,0.0866415449230914,-0.046306364485726864,0.023157541513068123,0.006214357319159362,-0.028025864734820122,0.011483979707580465,0.03875369316306487
PLCB1,0.008621725912643484,0.06529995268154386,0.029969594215851287,0.05733507394350775,-0.0508587452989235,0.01827513418105889,-0.046624138446875685,0.015769413007002412,0.008170656581811268,-0.023948835545724828,0.049251011951647036,0.022404973160844152,-0.024763018377817636,-0.038499065678770296,0.01967263882294005,0.001281163336397266
NETO2,-0.03392983538042599,-0.0062344500153108705,0.0011151714691458002,0.0778975019912796,-0.005698521507447276,-0.009326714393184865,-0.01589276064192207,0.014970106775278942,0.010775571400997571,-0.021435996069888455,0.016205637937732966,-0.09638910689989573,-0.06750483614637699,-0.007288527510691759,0.030706022181780524,-0.0255214326426559
HEYL,0.017961621392818792,-0.022383082570648964,0.06279986234119271,0.028768030246640895,-0.05475669752160911,0.04136389403891253,-0.021751495541569778,-0.08956626327028001,-0.07277969339975683,0.014868292796026968,0.03756395973222552,-0.0018678405690150395,-0.00865298868690859,-0.015500253848746638,-0.018470430050644766,0.014701421382015299
SV2A,-0.03247374778845421,0.001643782389842566,0.05100086814411052,0.03237592711076877,0.009854980256473168,-0.03952920875578463,0.0067219205565443325,-0.01597252909458366,0.03323350267053455,0.007238371877030027,-0.005018546790834411,-0.052236469167072266,0.03156386293120006,0.015953205064612386,-0.049580974429451405,0.015292648393548795
SLC43A2,0.08317742494299261,-0.036428210427727745,-0.0021663454495832735,0.04394007440988927,0.01608638338117592,-0.0009123660842747837,0.035352093780564364,0.0073531972062782745,0.02011669753111244,0.026456263074413178,-0.0315701480465525,0.016367526509916158,-0.038803859508877686,0.05045482626775711,-0.026432172952722707,0.016548455103823675
LTBP2,0.029879063079106788,-0.011416294285251457,0.055552459301825105,-0.037841901585033894,0.002924277688403064,-0.07384463613169588,4.9769784067819206e-05,-0.01396300099878742,0.034461992809650045,0.017761876946634933,0.029031989024759525,-0.02703625445734458,0.08348175662273047,0.04283989585636726,0.01848166873842362,0.0010720016755517408
PTGER4,0.06603514385975068,0.006906653300126151,0.015164463228848082,0.011795030323988836,-0.013426005133354887,-0.03241686955587265,-0.05252366548083187,0.017159426481232254,-0.04680657259613186,0.03584484713013839,0.03797763607192896,-0.003413812114370014,0.003039386726323718,0.002453107143362633,-0.014730869576155159,0.05168780348546773
SKP2,-0.061087596595955286,-0.0011481397471572688,0.032415432424617974,0.07420292405528893,0.013706292071911182,-0.043117669902781396,-0.002325873827496286,0.022260123459611498,-0.002905562827336086,-0.03328560384542918,-0.03263247718366677,0.025058363058127787,-0.04623451886369658,-0.012253285720491164,-0.018190183677842697,-0.0021604228300578284
A4GALT,0.05897889322093013,0.030215812214402546,0.013905837805148983,-0.011772865740274932,-0.05211735145400132,0.0050330389233235505,0.006522608575571125,0.025364413689836482,-0.003386810477594146,0.040591847027559816,-0.007086213409387896,0.04384058384676916,0.05092888812866449,-0.055344487681496066,-0.03451611494774649,-0.00018444140728019875
JDP2,0.025876924627289348,-0.045084905899113965,0.057801243532025384,-0.037129451839851696,0.07792082935822962,0.04962281906918058,-0.0035247302603566314,-0.04835984761564087,0.060232859399024875,0.002646705630664229,0.010881760269894647,0.05304298629746624,0.04810941923869777,-0.06784699803045585,-0.014486086230666658,-0.02098968148857548
SOX18,0.032821128668909086,-0.00892507444634779,0.021860844765888707,0.007208594919329899,-0.0790642347291319,0.05511315762851303,0.010187522238504743,-0.06673609136022919,-0.06851603803925392,0.07793277340662055,0.033207144169796296,0.010004202060057078,-0.08293176353822332,-0.034256469119574764,0.013926310311630738,-0.063615694553761
PCSK5,0.013565322584081035,0.026187720967226533,0.04705202566044209,-0.02806828759355334,-0.014422606722959454,0.021747693649285273,-0.037831365935693,0.04859495486234399,0.025952484430906024,-0.008666313495776835,-0.029636782884345986,-0.0010897754806338446,0.04546446022538166,0.0189553205679237,-0.07028292698411233,0.010499894692924176
DUSP2,0.02664082388940536,-0.04662785064437713,-0.011687853634510085,0.010076400019726987,0.0290608974520456,-0.013864290274098225,-0.007542158295514315,-0.06417795709368695,0.1017095082640591,0.039652641876313295,-0.012927420507082054,0.12083939785235248,0.00513604003216692,-0.02522646856852578,0.0030473070420097958,-0.0030289139857491
MTSS1,-0.006801096014479753,-0.07583565085243726,0.04259901357713088,0.03266633398546274,-0.04965865581911464,0.026716862928981268,-0.019901250581414204,-0.015385587998417743,-0.030780918675942907,-0.005396709819325758,-0.05387677632793224,-0.05291473669545396,0.017355730362392217,0.0602776985668143,-0.028314741619454752,0.040909570986028786
PRPH,-0.04177325623500958,-0.002711168706305886,0.014443585191147662,0.02702392060792223,-0.0422202394908696,-0.05838475258673229,0.024318563393704695,-0.0011625461467049724,0.003534233180136767,0.06500416865394565,0.02485850128905257,0.008133938966207635,-0.006277299762649487,-0.042077754258426386,0.007941061155338842,0.04352891952752501
PLAG1,-0.008165281251847305,0.013791225707525393,0.02131517735996966,0.06188796136398113,-0.03819298714721063,0.0020748341517884215,-0.0004215254845125471,-0.028100411401719226,0.08416360352894767,0.007254524423247833,0.0578272294816525,-0.0720757224178218,0.06132604469601026,-0.012346277427200632,0.014689423165396613,0.019884123714586574
ABCA3,0.028471570796010745,-0.047513182411999616,0.010220558240985736,0.049248464853366876,-0.06809973316989387,0.002953940502063027,0.024872639107939087,0.06459537417549492,0.0434963585262052,0.039042179372924354,-0.010347211167872407,-0.003613235792348497,0.03774053822883283,0.04178979689069472,-0.01950585818406858,-0.05806797205294012
UNC5B,-0.03947893666459794,-0.04774168018014039,0.07947579913692222,-0.010758136101457545,0.0026761239710896005,-0.012578222448212986,-0.0020366374937000353,0.00020098473395460063,-0.016328131563921988,0.007533318236991223,0.01440069020080712,0.0023724829821409558,0.06105716290686136,0.03671146020522816,0.006269213196863059,-0.013755493147910502
EPAS1,0.060361435955549686,-0.022940281365558906,0.058527316497475106,-0.03361237229783716,-0.027714413277894787,-0.04406713626208923,-0.05916003081962129,-0.008759280955299176,-0.025416741851272212,-0.017874383284943365,-0.01668187748089802,0.0018031187211926467,-0.0049338101752809,0.051885411451259036,-0.010553349007203797,-0.03935432443332927
CYGB,0.013414482409427712,-0.04458615085461396,0.07237902983311949,-0.01705725392113672,-0.019141085434665223,0.030228057973862268,0.0037238298881908695,-0.05550146894767359,-0.00539797571495274,0.045441090745075075,0.004556857371199631,0.021951301260364292,-0.07144541856882689,-0.0002635632880720719,0.008459488175028259,-0.02066503858652318
STEAP2,0.02485799012023155,0.031069079562864754,-0.0035638188405975125,0.056921876771331766,0.002995522273383536,0.016993363182285788,0.0034094770362542662,0.00466604556895908,0.01409244039947542,-0.011619019060338647,-0.0678823179953783,-0.07694036719683915,0.016259093493676803,-0.015552814550197153,-0.0005061451577426136,0.0643093045936999
CGNL1,0.034055983946952195,0.04963066445768514,0.04780309012975207,0.014030403065739147,-0.016214669194573553,-0.026966552480059986,-0.014049869442601613,-0.028865416197366402,0.001373100003954614,0.006828755460038359,-0.02689161843457076,-0.0555651381936377,-0.00873052475384535,0.04908578905556202,-0.017500916188319407,-0.08597946766288293
CDH15,-0.02938535664012429,-0.06735209589000736,0.04990542117894423,-0.011474302347910114,-0.022895992980213675,0.05212041690584053,0.029256522089883694,-0.006003584058179137,-0.06620758360466593,-0.004504891555008393,0.005502255054127898,0.015745667924726762,0.031010619579443822,-0.006895411250260955,-0.006411574728923196,0.06857691842366487
TNN,-0.0171737853539704,0.0624705018465403,0.03399913537966386,-0.011158760040466054,0.01535898381068607,0.05168982132501029,0.0547810199829475,0.02460061211150359,-0.02764076099848458,-0.024173378190957363,0.008608653649586767,-0.012418357871503806,-0.02749231331480276,-0.013750435504545383,0.07416079971520564,-0.030758118453136116
DAAM2,-0.03150604148328446,0.008429785795787278,0.060049693468085905,-0.01036390664048905,-7.986265172187524e-05,-0.04375110457722195,-0.007956168556814639,0.0026743319781752494,-0.0057118737515776796,-0.056057742488003034,0.06441195567782047,0.04891552414563216,0.0450307681986056,-0.025512021834357183,0.07461248683416875,0.03254847016668416
BNIP3,-0.026413202322335336,0.03336281705528353,-0.013445300209456522,0.010972074053045254,0.03629504324356149,-0.0012854594015477817,-0.042130505823511674,0.06584444569223262,-0.003445103921176032,0.09977883080205968,-0.007799815424067433,-0.00864565701556141,-0.07063575791763882,0.011571568070495373,0.05691245612936841,0.058559590119042874
IL1R1,0.0257449825860878,-0.004225436668749512,0.06065325070232349,-0.039814497121916204,0.027920124622396916,-0.014666390461478971,-0.08089966370778662,0.04026792019596334,-0.008230279256729686,-0.03490895486761381,0.06343625370980198,0.026603867392259978,0.03698771262968386,0.025512226413356872,-0.032868699737119964,0.0385649127739167
LEF1,-0.028717804066520126,0.0009695216851710329,0.06909241636701745,0.01212362590589715,0.004795248429758972,-0.02964042630444811,0.011697790410575903,-0.037857279495414925,-0.017172472161241785,-0.010084450233840407,0.016798108002935574,0.054625273678814756,0.004141246021747969,0.07025537644473015,0.006513369148784143,-0.007235627925763039
BCL11A,-0.024683729066043117,0.02009809635567939,0.00495652020781324,0.06873237873416146,-0.01176092725133437,-0.016705978661469837,0.050886247967818286,-0.049493075004872655,0.050010344629143444,-0.036994707177476924,0.04511888317660533,-0.020499321440519445,-0.009655946286158335,0.017652752648647015,-0.001172434099230825,-0.004179034660263244
SLC1A3,-0.0017365814316026053,-0.025472250433045008,0.030272212309635962,0.02596017799914182,0.05638437191448087,-0.03757060839892025,0.05647733980850192,-0.030763797946745056,-0.030980259613683614,-0.06786559808779916,0.011727993948908371,-0.02354111878804832,-0.039667146508408815,0.011046709461389335,0.011372040903450346,0.07656741420106357
PTPRE,0.07184596414372728,-0.06025172814561096,0.017240893239919387,0.022907532950381303,0.024257193565255505,0.03843823123821543,-0.011389507269530249,-0.02426188422349963,0.03456760120809092,0.0009210983057213245,-0.024715853488193436,0.00923394299840116,0.04174704299542221,0.01540051477088187,0.040021846313192826,-0.02570773042573501
SETBP1,-0.012997471220881247,0.023206985520119145,0.0826960700250454,-0.023529384723848766,-0.008589184424688458,-0.09158060900328215,-0.012114179841309847,0.013079347833030391,0.04240618489774317,-0.04946582090344634,-0.002681125320097597,0.005696025390863715,0.06420482343022076,0.022170554051908434,-0.003037666331868926,-0.01816814430171559
COL5A1,0.010799222995793632,0.06432102422845463,0.06031964991464111,-0.0292778706028056,0.05943204649281385,0.059411632606436074,0.02300519676547447,0.024946777826065893,-0.022626265212169913,-0.030371104658197052,0.016965649214628155,0.03220869156008729,0.041694987527223615,0.04972528848585902,-0.012186018352698277,0.011117871312897572
TBX3,-0.029785547767959837,0.016433068065507064,0.06162514343352226,-0.019322277538916688,-0.0021642917752536335,-0.08078346943343837,0.026758451744497324,-0.04254781678791415,0.013641944498592132,-0.014240990236850892,0.04553466443183797,0.030229421235215083,0.039895516311860446,-0.039888929833160974,-0.010773500788908473,0.03382916326995668
CSPG4,-0.019467195746031927,0.013343141181572945,0.07242981984429285,-0.035730965991338334,0.014269402002549685,0.01163586137924685,-0.016992856681724205,0.039242529560191565,-0.011721798335864647,0.054766187714450354,0.006677254089915845,-0.007927912662245198,0.09570857007267067,-0.0108884664052196,0.0730837906140471,-0.009192401260398768
MET,0.028072543106591526,-0.010843549800274115,0.010552145629989546,0.04056090143725522,0.034238328668189974,0.016899516262980203,-0.11508392305001819,-0.001311497265490201,0.100719583607896,-0.031705238217280995,0.008620462154908234,0.020651724000108125,-0.014067139697292019,-0.029102145720564868,-0.03387878194410167,-0.01584345135268274
ZNF521,0.02288765991702267,0.09166736588590835,0.032298158430226424,0.027383370544769615,-0.0010524423319753882,-0.028273123512958694,0.013935876547263259,0.012664336453550293,0.03883152768147432,-0.027202776233620905,0.00962708417414852,-0.012526568172751659,-0.012902262526446804,-0.025319612509298837,0.07332245310820149,-0.027436747396884113
INSIG1,-0.0014596302145048964,-0.03496976527324407,0.03394011991630324,0.0042152058307647865,0.09123677618673749,0.011818901416134368,-0.03580125071515358,-0.012993516579719231,0.06026380680019458,0.01733755241995085,-0.03747226161830907,0.11139059896134117,-0.007232911761693248,-0.023519626992179063,0.020297035010114716,0.01107092599491889
PPFIA4,-0.014988356977372577,0.02800935513432032,0.03662897280419015,-0.017848976663369612,-0.02870543654869377,-0.022178942798334496,-0.015957240122908445,0.031045485710059925,0.05335964308280018,0.06714653632813489,-0.01588157729966002,0.03155787631111103,-0.0618215103167249,0.02983253483879893,0.0011400122652574032,0.09068893148736498
CTHRC1,0.01593055622881383,0.018535422945808316,0.02434106703289464,0.010108732999438156,0.045574113610221845,0.09895712815323125,-0.020427142692928425,0.03676683630448106,0.004010373008748648,0.009699273181566237,0.03397159883069994,-0.06841714877301687,0.03816494068089937,-0.0029756384172315437,-0.03229001340542966,0.029218434216253003
ST3GAL6,0.019249418789615617,-0.06641586368992831,0.027283499685202914,0.028859625608516452,-0.03530585058269692,0.021287146652974362,-0.02550799784247472,-0.06249141674885519,0.039934066296308704,-0.011028629446534193,-0.029664662546598757,-0.07255386712600949,-0.003711905306940511,0.02047873455073661,0.027025169796539385,0.0453866825883939
HEY2,-0.004549117252799991,-0.05148047543079095,0.0768287053569093,-0.022907015007834482,-0.010646660188562432,-0.008424569383515426,-0.029275751439245427,-0.022410142660742403,-0.029103181834487523,0.010029061652030134,0.04339356323007333,0.02416737942416442,-0.07602736113646316,-0.03687192013123724,0.03584861396579397,-0.010738335457451353
PMP22,0.019349702594061484,0.05884032588030968,0.014577938773755525,0.009639096518161994,0.03558839901682813,-0.002012217431161233,0.039375224104969964,0.008965598870659595,-0.01612469951214411,0.06072850368619938,-0.0009395918264569203,-0.036033424248465507,-0.026123477068995878,-0.014815563409893116,0.03784518177575491,-0.049665101164103775
FBLN5,0.032468169369381725,0.04183108727457588,0.06227260438274896,-0.030223441270715162,-0.004936501238500774,-0.04850460738989405,-0.00020553704769662832,-0.011964579551302864,0.008415264634919935,-0.001962676182333871,0.018359116428912418,0.01216690096469059,0.013258619160865853,-0.012783944441783797,-0.07032164290284659,-0.017017526641463068
MFAP2,-0.0065431368919038535,0.04023783801368317,0.046830870110447106,0.00389202109902046,0.03857391451183721,0.01445759206024363,0.048984645525606337,-0.03774734005946148,0.06472866976048827,0.04650979529116338,0.05927350614100636,-0.012168447211495558,0.016598186265898048,0.011541821590073708,-0.07734658364198764,-0.0021097047506152215
UBE2T,-0.06322435461824513,-0.019062710197083756,-0.01646090568344404,0.08551355491997543,0.02433587978866464,-0.015619291923914728,-0.014914285067820112,0.004778936058835661,-0.0449118051457719,0.04871763080724184,0.004913847134404162,0.011679771101048956,-0.020603694673717476,-0.04450352843637227,-0.06624584035189314,-0.037023771487473586
SLC16A3,-0.013648416430092746,0.01339517860250511,-0.0006742799416560892,0.012306324665491569,0.06143391419005608,0.047857163706326075,-0.015240827963658303,0.041408021794126434,0.014781631351163716,0.12222278292702793,0.09511900694261116,0.030537680000696017,0.042370825656966205,-0.005976403810877133,0.027974249953164408,0.031946118245021776
NOTCH3,0.00207035691687705,-0.008513162330027225,0.08877700095314824,-0.011093809897297038,0.009571547463597941,-0.03816601073495273,-0.012756046549268206,-0.09509066576027479,-0.04955587623543224,-0.015373533985742796,0.034915321188709145,0.03540833204213777,0.044955238028613446,0.007787316447225702,0.009603549942500695,0.04759455003738962
B2M,0.06425488588303324,-0.04500685027288013,-0.010054052479084122,0.01394980320312576,0.0036569684601589405,-0.00992307816288972,-0.014777724276239575,0.07336575781997778,-0.037481210317175044,-0.007017314124504874,0.05820359205770649,0.0019518420913136377,0.008424066064198018,0.01710685960279711,-0.04374072369539983,-0.014569889644617393
PLEKHA4,0.019120012366610206,0.023463633983347394,0.025610878183520532,0.005650381681651778,-0.02108668506901093,-0.02448495503411004,0.0416499962547546,0.010893206798972536,0.015553309986835653,0.05719310553703408,0.02455092062558727,-0.022501915087937283,0.03421423477940338,-0.07097893148910603,-0.08940775808063545,-0.02450314279561394
EPDR1,0.017390109864940925,-0.037665394533227946,0.04937127884294882,-0.038880383843127836,0.04710428937736922,0.005446358766737528,0.015402562761011937,0.029503443298490858,-0.002246504075055447,0.012991361589919431,0.02713180596465175,-0.0503423965588001,-0.04714087747125066,-0.06091049646414082,-0.023102444136690742,-0.013587606471075223
DUSP10,0.05206581204148379,-0.0057469057326556515,0.008426474505964902,0.03859931875036037,0.04480851349443075,-0.024427781097651265,-0.023302760225452305,-0.036572887753668064,-0.00879073549790092,0.0717460152342004,-0.007240279481887536,0.011344814170483976,-0.012649544684021368,-0.002143690192803128,0.03862549060320877,0.010433847888114727
ENC1,-0.005674206752214613,0.009103780444501042,0.024843657050343394,0.06469813079869491,-0.06168141052094393,0.0023914153214578335,-0.004944810550733073,0.012941902532604676,-0.014483073902087383,-0.04455434247019736,0.012807916500954156,-0.0012339993895750774,0.044194717995606966,0.046790641996663836,-0.04859703212973271,0.013302628878419596
STK32B,0.030052511559910386,0.04689818593736137,0.034334634336282345,0.015558056350197203,-0.0018893147808773068,0.0260763232702266,0.020455339115963058,-0.01755186227873748,0.011791400265909944,-0.02113645520212329,0.03205649588100079,-0.06885432263134458,-0.0344419741782241,-0.0016364658784192507,-0.008364351611145321,-0.024209173835429094
CCDC68,-0.01835197424696949,0.019435466836407376,0.02447044633705697,0.002627711343714904,-0.01846185218558673,0.022135535320864104,0.019421110198412368,0.031863040149961754,-0.019145061563063514,-0.023540512193630726,-0.0034432947536658497,-0.0005394706432231711,-0.025867713201789405,-0.051285817055344116,0.017634052773759325,-0.03631011267112585
GABRE,0.005407309457835326,0.039376966093263716,0.026303836182514622,0.021342103181169046,-0.05114732973415806,0.03416221932417559,0.04064417329864335,-0.033493365741053556,0.014286499128739655,-0.010610881070374258,0.018480491076655132,0.05030235034981009,0.06444663719004007,-0.02884047776878708,0.004796701648109724,0.027194202487961734
EPHA2,-0.04462094578110156,-0.026708522071369874,0.034839260067384234,0.029918503502619005,0.021905789522186116,0.02801077840230729,0.019171030618981774,0.017893596905029528,-0.041686276205589234,0.022660456289043826,0.011215934860622662,0.015471307157748191,0.02264725645278822,-0.006428441667974127,0.05264901789630333,-0.051660667963506934
ALDOC,-0.01794421598592231,0.016996728966091595,-0.02244285166161367,-0.006026526611411791,0.04402106190330989,-0.032755084782082285,0.00635788185665837,0.07430749938770176,-0.03286100571398405,0.062184457651638124,-0.007082195940585354,0.004092907009590725,-0.03635216706274398,0.029846796742599005,0.009297351555769546,0.003998528171063569
JPH1,-0.010010907663655158,0.04327420210676693,0.006427363622863135,0.019279946557609492,-0.07313169554839666,-0.02388928726843525,-0.03168804290510343,0.02244374262667067,0.07367409611093234,0.020842308129441812,-0.06981654694006892,0.01862900123107942,-0.045010569664706686,-0.02180085429494898,0.06202231621864088,0.05364390472649569
FRAS1,0.0038826986630017372,0.027403961241926088,0.016886619686734675,0.0434397550203697,-0.018544108072726162,-0.009433370321406339,0.02699648039861067,0.01695248413939388,0.023879437422674503,-0.003756821735994241,0.015853410783697397,-0.027249112027662475,-0.026691253700706116,-0.007849948378521373,-0.038904461877743324,0.0078103821730143965
AADAT,-0.03840743755961453,-0.016579420837501142,0.010839508345238506,0.023005973736011143,-0.00400809711746728,-0.0037300498080864468,-0.012571904656190678,0.032901368507165164,-0.011060677032572547,-0.00028719487298093684,-0.0017390053393209984,-0.055867129537869556,-0.05712118597963253,-0.08322574568965448,0.035844459110943534,-0.03139538679427437
ATP6V1A,0.017431965770641242,-0.07342896937657958,0.04763251004672987,0.02242188355065053,0.07669991470967244,0.051924823299979286,-0.0420036653488165,-0.010246390665079411,0.06754102215559302,0.010051968507964021,-0.04634966828228948,0.01482657338651386,-0.055273662394123436,0.00974194259199598,-0.006316325609329546,-0.010529315013315152
ALDH1A3,-0.006865319106699669,-0.00032657608414661705,0.03765832303743427,0.033229510053162103,-0.04752214710841687,-0.006108442693701666,0.03978211573890712,-0.00999891543258373,0.03917682305828636,0.005558182216408762,0.008722636266931037,0.03952428970201756,-0.013365531508497747,-0.0025055588558875424,-0.038096361674657506,0.0014688976574155285
ECHDC2,0.0037661953380494083,0.004104683256195571,0.011348405564440313,-0.006301024192834162,-0.0031050589269289554,0.027387742024224036,0.028953659181133982,0.0393678818495284,0.0016218119111615949,0.02551526482036461,-0.05630089151409668,-0.06221526275002602,-0.036025226620266776,-0.06587950823909815,-0.022040043260046875,-0.03272624549939307
CSF1,0.044189164560791985,-0.07436832973120112,0.03504371558694679,-0.010753621576875715,0.04504558683409965,-0.0023868250378776285,0.023560893990569653,-0.01906061329622081,0.026641981094495303,0.014501192956071156,0.04338674098110665,0.0217834484685865,-0.0009456013700534869,-0.007348502314435709,-0.01426576842040333,-0.022761922657097367
TIAM1,0.008092940458855018,-0.017631239594243828,0.05859847892251025,0.03602416558687794,0.049571559031265366,0.01363209086422481,0.02879991202573741,-0.05125924280470349,0.08695479802761305,0.0015897149800179877,-0.08272528132619555,0.07702287838258841,-0.024374046853976608,0.03331206139568309,0.004625798302335341,-0.02388358064028411
FZD3,-0.02888083365433894,0.009954150083518628,0.013979001035212768,0.05594572297435989,-0.006566268943248056,0.01202612669015205,0.02110474391834971,-0.0086665804407975,0.050950680107268234,0.010982023332100334,-0.06310826081158147,-0.09489468984094046,0.023278369053619408,-0.015149761006406769,0.03170968777025567,1.97707894173324e-05
F11R,0.05376464261085608,-0.00695886894204586,0.021104218947157513,0.024473578639865316,-0.0541076907943059,0.039270222931610005,-0.08468758814182709,-0.022638750952024937,0.015295717045605495,-0.04120460315332128,0.06755585740821159,0.014355528133306206,0.05695151232869601,0.0006619236824265892,-0.024992466789794422,-0.02791967957011735
PTGS2,-0.006649874012285668,0.02165045366457939,0.008673016492829278,0.05496404156896729,0.04567453428481662,0.04069373215380596,-0.03217690813000004,0.016957503183463826,-0.002720753316722023,0.09907095824482597,0.04042984930449647,0.02860064383649865,0.02555948791805842,-0.0010796333110818148,0.02874317741225254,0.05202532585111745
COL6A1,0.040612191287950454,0.06581132548517185,0.04886172014390875,-0.030151314441031613,0.06203470478505003,-0.0315099233046504,0.004268328700071927,-0.03127434608988207,-0.058484184176189016,0.04469509348576778,0.0334854548477117,-0.0008837779937304405,0.0014975429289529976,0.0021205015315491444,-0.00030956220460939213,-0.027376710486632753
CBS,-0.051087224038370904,0.004493063859760443,0.03715015510499972,0.043381662322909506,0.005855644082757811,-0.024696122114993627,0.04923741933314005,-0.010463797170076812,-0.025165073735261865,0.011492689260135061,0.015225580705781994,0.04840041963656613,-0.03194062776478045,0.027678739645805854,-0.00414919345466466,0.03265402611514587
MCAM,0.008147999714889638,-0.00020522774443919528,0.03911372087830009,0.06403922349336864,-0.08757379991295262,0.07691789661535173,-0.07277961566231955,-0.04328423728296788,-0.09593049535599328,0.017981046603348982,0.015792630277133447,0.008075116022678647,-0.05361304676605526,0.028701125783995293,0.00167487429335235,0.01312916494940865
VDR,-0.004932668340791254,-0.030588861477559934,0.05238830720879175,0.03639575700539806,0.020577850861496265,0.014505795106380141,0.05492116579104836,-0.039594167349623836,0.01299051696719347,-0.029221234465017273,-0.04029557645702295,-0.007703139820282291,0.08502354080896413,0.011916625576974201,-0.009939975811735474,0.06991059268299499
DHRS3,0.028951065716226892,-0.0008806465516938398,-0.015039704836181769,0.029548409229060435,-0.05745650824319007,0.02534875902534265,0.033839395398155676,0.03568143745309862,0.05921361365905982,0.023228553173581915,0.0034296013257983805,-0.00471633662649104,-0.009772319414733218,-0.04616898061717824,-0.06419190611917663,-0.01385241753927563
ARHGEF19,-0.006705125145877047,0.037538223812665514,0.05152711353970415,-0.0766855086517085,0.02608372842130218,0.019927121581050138,0.056430910436022046,0.0183811264512015,-0.010331654700390432,0.033724917578061814,0.0077868628339088745,0.00895383405971761,-0.05672238136896236,-0.04890094645545916,0.035049052736933706,0.000942745741414168
ITGAL,0.07080642961850614,-0.044630006870261286,-0.009204075572608071,0.06719041574550633,-0.023521363422883104,-0.02291011089508603,0.041958423079549265,0.05937788512578618,-0.0017068077374130484,-0.01179391396081849,0.009516878456404358,-0.008966693979619259,-0.017154662849553134,0.0612264380313776,0.01952697641915984,0.002784160052993115
GHR,-0.006970146228185187,0.013422362112491251,0.07393044002150662,-0.02739701789136117,-0.028809440346683618,-0.025089395339541187,-0.032807686019003454,0.05826096687910719,0.004529467481945544,-0.055254660773753406,0.04240371477880453,0.02694897937696216,-0.06331127430294971,-0.012372821769372332,-0.006724350786319525,0.03159022073825612
GNPTAB,0.031442328473840195,-0.0728694781648572,0.035546525814898665,-0.008814983113102632,0.058649271149721155,0.03798789325419258,-0.036356884881999896,-0.022789516917211778,0.09199013237962951,-0.03246584582976417,-0.07418184199991801,0.02672650184936001,0.02983089769016551,-0.03604858055513572,0.018935071771149743,-0.05609418664806784
ITGBL1,0.045091546926247277,0.03495219825967825,0.028274866297520487,-0.03584689735662975,0.00041227929277964405,0.02189555684078545,-0.05289929250158871,0.07387026247995368,0.027233879731918084,0.0033494375011380896,0.06429725110626669,0.005701113218001357,0.04724086097486825,-0.009892005239748602,-0.07376131460945601,-0.042054375772144256
PTPRC,0.07497316662236414,-0.057455957134902896,-0.0030527885267121547,0.0378713587841336,0.00954058247744825,0.004135070150975141,0.004784876597240934,0.036613844940959046,0.03431489267691789,-0.030338743835537064,-0.0013829959246149512,0.02482275204408221,0.03263675402120658,0.02822639441514651,0.01767828350596661,-0.024978806604837214
CD83,0.004557504807652056,-0.030762032007345556,0.022918954198640384,0.009658337592422574,0.004432591253526428,-0.07433674982921867,0.02866694056047446,0.04658237876674031,-0.04461231634385655,-0.00573232326966354,6.30932739323492e-05,0.06995631771791574,-0.05045071588078591,-0.04767523022807229,0.029026774390701896,-0.017889673102593283
COBLL1,0.01285151302512437,0.025174517876047804,0.028602835258373885,0.009425598782770123,-0.04910758468495619,-0.030186158251096565,-0.06013165043185513,0.0412164067081217,-0.05934416334822825,0.05720680264220987,-0.06204066866197095,-0.01564043561733598,-0.016004672092261175,0.04797292339486318,0.04934406984820349,-0.038931668914808606
ECT2,-0.03934571823659787,0.0033462340955545673,0.008264187248503162,0.09984294833216673,0.05579813216057804,-0.009504671713111725,-0.006548292278337212,0.023335470103717105,-0.04712840974697158,0.0006446256971339888,-0.10820994881776044,0.010809389280654561,0.0234305764431266,-0.048357103503351956,0.024688315898747603,-0.03674715819193826
PAQR8,-0.005493392439288767,-0.027464974814187856,0.04560708621793099,0.03121190674887809,0.009088885715432203,-0.04978996805735381,0.012783146650888168,0.005658520857742649,0.07700452972425195,-0.014882701231897407,0.03302665464705097,-0.013740210513713958,-0.030309148494177506,-0.011386425186769572,0.007732796337518356,-0.023296042357962968
PFKFB3,0.026807940765603996,-0.0062413935990101276,0.008538455400364818,0.02830330121843624,0.047423227153134476,-0.025541058200581536,-0.05272219512463765,0.050810635140257805,-0.010043623693978761,0.09380496745626175,-0.02861208678994939,0.0622958840551358,0.004549246145000692,0.05232758045807485,0.03861433032659229,0.06458011149293955
MRC2,-0.028920996580899604,-0.044219150638711784,0.07096977583217298,-0.021976969067376704,0.025543105296855835,0.031489613937981865,0.040817684991954,0.0029521099694953187,-0.008481399137605719,-0.029598442270499556,0.003966757121171506,-0.025435696973019496,0.027228964031668468,0.005894810649188412,-0.061884133425440205,-0.004739027804644322
KNTC1,-0.04181332405840773,-0.011200763497462069,0.015697397361604765,0.08383362356833178,0.0358495390907835,-0.040761601338041936,-0.012694579028980722,0.018156605266332785,-0.011048576785076186,-0.01561925325758571,-0.06038791486170438,0.025853210296407227,-0.0073700671903322666,-0.021316322104471874,0.0189075178413425,-0.042527475676927634
ACOT7,-0.027214398911746773,-0.006015837711021786,-0.018999414587348017,0.08277040285372295,0.03147845594231276,0.02260217776120523,0.023916613674453257,0.025532918243782867,-0.020646089912420416,0.08906035549327539,0.014681656291557144,0.058324580519242705,0.03479682095487314,-0.026096983461626276,0.007377578188653518,-0.010623485514244737
CDA,0.06376469855164137,-0.0386994818379876,-0.01976319945377305,0.018322305549941468,0.021482611961004674,-0.00029517240691273984,0.021686039067147153,-0.00640526665811265,-0.007053568209974558,0.038569270709198286,-0.029855859323135593,0.029318106294650613,-0.06119560334763173,0.01730007983434699,-0.02165112335895536,0.003163345333664716
NR4A2,0.003821564919837527,0.0402134861848675,0.004267166833511937,0.03050781312774865,-0.022291045452498486,0.01853445544850775,-0.07017333061142692,0.045996128252958596,-0.011195174143801702,0.0869134738228267,0.03964426354332686,0.03929636216352203,0.009792728554047638,0.007223945585586823,0.043821472241738664,-0.020438317159487365
TPM2,0.024684963701070043,0.010686576225336896,-0.00810926833044915,0.008993482855229775,0.028012530854441716,0.011908029653142999,-0.021737512211948383,0.015999173914445348,-0.03781567846271675,0.023113040144928144,-0.014319218032313716,0.0018065940631114864,-0.11850884164490813,-0.04078771280320945,-0.047912996077748626,0.11998743427219302
PTGFRN,-0.011493450110358497,0.023285927074878802,0.0596069101499959,-0.01287511037322415,0.039899923195730304,-0.09684847191175484,0.015178274549365,-0.005887778387949215,-0.02402099161959428,-0.0648671158858291,-0.050898292627505,0.014394371339990351,-0.02729574346000488,0.03959687648130112,-0.0329612537466101,-0.02048552293734738
TNFRSF11A,0.030129847914956036,-0.07720483435766876,0.04124643887739832,-0.005403717713206473,0.06246875152832589,0.06073764287294148,0.002968825681283134,-0.03421219608151934,0.07284513748588552,-0.014797840730319107,-0.011177538248630058,0.00897127805603818,-0.005383827334922887,-0.01519058865762008,-0.008505492543402524,-0.019420124124215874
HYOU1,-0.03014839664106559,-0.023490332575582383,0.018375200353193007,0.06334390472923315,0.023131959819289283,0.0008619708687887216,-0.041955425356902644,0.041893186626253506,-0.04196284772278106,0.005817194986901754,-0.0112373583708788,-0.02364633105890131,0.06562898306798869,0.014130292221202111,0.009769935275544834,-0.04372865063172983
HOXB8,-0.02826306271824099,-0.009663813432702149,0.027420609593585586,0.01615347244411853,-0.030215403857975304,-0.016163798957894503,0.0072779406877136075,-0.004074604006785665,-0.006953718264053665,0.030237514234493983,0.059908773117948615,-0.07944043804245882,-0.009117038347108936,0.014099932575292105,0.022157459775954423,-0.015776535361488757
MTAP,0.010652444327260719,-0.010353021561829052,0.01597200816020961,0.014263324427301133,0.012926407094372597,-0.036211385184045715,-0.06562471809819345,0.05456943361526251,0.006830631468605868,-0.04492841270289612,-0.033979374322302955,0.055995555203929334,-0.06695627347306221,-0.04256685555241514,-0.001310434979257983,-0.01920997533501532
SLC16A9,0.028536627041454023,0.04204205541348555,0.01763636588599132,0.03550613103597411,-0.043548141192755324,0.008119397807314183,-0.012595399894609227,0.010013138872945582,0.044714606749537845,-0.005114812629596329,0.00974970340817602,0.028599335991070077,-0.09492818910341477,-0.010945127559315215,-0.043892658244970816,-0.01418916936049561
VWF,0.0503824062663672,0.03912077554169782,0.02054795351170106,0.039481808296172344,-0.06780378683007483,0.026707524254652355,-0.021962886857585934,-0.032543712206470704,-0.0522052326056938,0.02628458343651334,-0.060733832869301466,0.006717211350333978,0.028446924978077222,0.005508466691785062,0.03090536765058955,0.004476487782608102
TNFSF11,-0.002358017998180012,-0.048790015065227794,0.04100854675375766,0.004874643946389331,0.04757305161517949,0.05416898874702196,-0.03541759787452952,-0.05456220680146079,0.048354678542109036,0.05132394856145508,0.05939863637102678,-0.013895755083448575,0.03096897913339705,-0.015569027473843148,0.03358647425195667,-0.05361780727147058
NCALD,0.00749324802790139,-0.014107395298169054,0.04076815529974066,-0.007143563190813345,-0.0266480270759676,-0.0497931419156665,-0.005473752017079951,0.006333426606913465,-0.02077599970577551,0.01706786197956546,-0.0014525895891575906,-0.1092938262754463,-0.04709469269372162,-0.057948885326795985,-0.001732946363231097,0.005813188090914103
PFKM,-0.018577697337617046,0.009855155903055444,0.026915909808313182,0.03487741694749966,-0.02209782853689434,0.006004879412201284,0.03114901966410209,-0.011191435968130471,0.0557213865793469,0.07365828021178678,-0.08062193398617676,0.013274237455894846,-0.019606194666132948,0.07583893737984333,-0.04762397990153656,0.04360550255388948
FGR,0.07644518524676246,-0.03268377836779499,-0.003136104513097927,0.04171661435983783,-0.029034292739640512,-0.008624837342734462,0.035863726679614925,0.059613480091724076,-0.011491199356751351,0.01705980123481801,0.008922392257048111,-0.02004001365739918,-0.007725609288859415,0.008893677850644759,0.020176162997289054,0.021763423404562325
CYP51A1,-0.04707073853813086,0.002502045658235254,0.023120073894624893,0.048864344701276256,0.0700875940529434,-0.03746200101231796,-0.040563315011062424,0.03974068376813354,-0.030671306706194355,-0.006966428143915479,0.04388868618646367,0.03612821375766936,-0.012135669678076723,0.004731935743031131,-0.02779655272447638,0.0174473571507513
IRX5,-0.041322680965503615,-0.035380470966466224,0.059197837908973885,-0.03453699002444474,-0.006275828923226137,-0.002682143254153673,0.004799175891093407,0.052985776355448766,0.028306798289177235,0.043273384786830064,0.02468471425193964,-0.029679817330660992,0.0286840544066298,-0.07305073645594386,0.042938184191884596,0.0006565439966990903
ARHGAP30,0.08521567264201828,-0.03623110821524564,-0.009055866857425165,0.047846679909996824,0.0016239203959499994,-0.010848926352373538,0.05568645778788439,0.054890208982749496,-0.005770357972457646,-0.007165147883648269,-0.01052327450922156,0.0033862601104912293,0.013505976353200187,0.014922510628246184,0.026462712068883194,0.00494541019708657
CARD11,0.0669499893068839,-0.04383418828437287,0.01144270252637607,0.014571188448035212,-0.02637542982121283,-0.05734760236381756,0.03178073578404885,0.012451442320162286,0.018723450036735104,-0.029313702201778875,0.033735190213918166,0.023511277970678,0.07457696999439017,-0.008299559645599447,-0.0032959043884287775,0.01709397603813263
COL1A1,0.0001882807297155229,0.04800802804643826,0.05830275843373838,-0.039245158059372745,0.03445209817265951,0.09603112892724691,0.05747526199021844,0.021764172510856637,-0.04934341529657395,-0.03297998979945178,-0.04047046443341172,0.017393596872353024,0.02635111163407269,0.07082923929900237,0.008573076478141796,0.03450414942006551
KCNMA1,-0.012860280546505017,0.02507835136389258,0.039667913783109084,-0.01281915872967406,-0.03845299792981557,0.0383250877759712,0.0107496754082812,0.08225922674398259,-0.014964213376082384,0.015891491169537843,-0.10164086237520617,0.03743351213758491,0.05348063637146366,0.08102103785799314,0.030402934924619346,-0.017285893029327468
ALPL,-0.05789747283840709,-0.05245307528924477,0.05728960527660694,-0.00914125219425433,-0.008623704067349008,0.04460476916480593,0.03554187521684971,0.023452396004209966,-0.05202690809315673,-0.016877259156203868,0.0011430656139424997,0.021301083659845396,0.006141519869702533,0.01719109693457966,-0.009996731700510205,0.029087920824033196
SOCS3,0.05588299291991923,-0.002715076050951862,-0.004299760221138232,0.017305319609634506,0.012902381556721508,0.030898576620142892,-0.033306056138116866,-0.03928495761759953,-0.007638958239468479,0.060317547849500566,-0.010921905986107715,0.04029868999912167,0.0638220542524958,-0.04179442118911528,-0.02620883983516361,0.037526595336547966
MCM5,-0.04741815914545701,-0.015388320362939713,-0.0055913213016202095,0.07983885594565049,0.035740164543363824,-0.03803984746730286,0.01739943036555809,-0.014697741819324803,-0.01796156856202398,-0.018130609740518736,-0.032898140191064344,0.04375081323926941,0.06965005143636907,-0.07961540509384404,-0.03741280028415837,-0.04951436505486935
GPC6,0.020559539527236294,0.033399223449259996,-0.0006206385759398251,0.03307214868044327,-0.006962974069921756,0.03504985870039632,-0.044430656928467954,0.03620714577109786,0.06945884547354446,0.016533809241707012,-0.04843180899200478,-0.05987573181273505,0.08455742317893666,-0.008085201731098873,-0.03471316639325631,-0.01142710549539953
PCDH17,0.025874337195779716,-0.013919124871519738,0.05116656013774509,0.038137496355946286,-0.0643344844706467,0.04195739156913489,-0.06777112211025928,-0.05635727989839381,-0.021715561695461183,-0.04758295651469924,0.05151761455686504,0.029961222527428236,-0.004535951629721438,0.004548454805159306,0.0308444626343611,-0.019753215483855724
SCARA3,-0.013586489440945369,0.0078856763775667,0.03651237798875866,0.01887195387333322,0.00676907465379303,0.042485515047577624,0.022106545099344788,0.003240375242405223,-0.024345190156336155,0.015584779633767889,-0.04151802198127838,-0.004423614124991218,0.00857130073515916,0.04172251887481873,-0.027224961806774407,-0.0749862144353524
GPR65,0.07103371321676642,-0.02721984600395507,-0.00893391582935648,0.05092941657018279,-0.011806663197492635,-0.002398319100433269,0.008271899282119587,0.08041805376896005,0.0040009226099372505,-0.04187210118646584,0.11115627948303025,-0.011607836843081261,-0.013501869815731808,0.01864420612134492,-0.0006430928620531594,0.030245428152167415
PPFIBP2,-0.04919307252465199,-0.05201847966958591,0.07134484793151948,-0.008139843862462144,-0.0273848589188509,-0.011136193920482146,0.031202723851886882,0.039128825803504276,-0.009291663320467334,-0.029171157967544718,0.012294802075964714,0.036379777851560505,-0.04103217333249008,0.047138100349239015,-0.009512494460713573,0.020031518275459084
CILP,0.03215537479508168,0.028863883925253724,0.03157630446152791,0.0008610510653951295,-0.012879065998993041,-0.06412217056828241,-0.02651625068464141,-0.00014665290993911336,0.010889593097642097,0.011673548003643803,-0.026249447263005155,0.028669365869681537,-0.0008891712644335178,-0.013702035271943245,-0.060832938071625056,0.08957275438533485
SEMA6B,0.021066785951783188,-0.04597521624695137,0.05731713503328347,-0.015402105308402057,0.016140010414082022,-0.011395408173961634,-0.04731228983996631,-0.0706285258845293,-0.01338887423156191,0.04587000525601651,0.07427726504943555,0.02518389516180914,0.04567186436534712,-0.018660761565838763,-0.018815787876797066,0.006045729460914161
KCNH3,-0.057913383784305064,0.006546710470837385,0.02929011322666664,0.04400987725524615,-0.026594612195745364,-0.00393304847105113,0.029389600712914268,0.027501294852603206,0.0324674712666249,0.0723025114546075,0.05210253035462412,0.010526509371029896,0.011847965672920908,-0.024658095539469595,-0.0032741887499748382,-0.05991282513458554
CES2,-0.004752524496524273,-0.0043355653214317775,0.0193024137288592,-0.03487131599588596,-0.014826480016848949,-0.08385673399546469,0.010437638930722139,-0.032427852838803485,0.05367172095320781,-0.02137633458893042,-0.019562114704756994,-0.061058373116820525,0.06268458479214459,-0.03267948345091695,-0.029353497135661686,-0.009003455609287003
BOC,-0.02580205738788374,0.023859233612771792,0.059484342963463936,-0.028147349919493282,-0.03555194501974142,-0.029426693923729864,0.018506126112923838,0.031112028317957046,-0.005258634613965998,-0.0259937341973153,-0.01584576947335997,-0.028214032456030068,0.05476444439566917,0.017213388482596546,-0.0480749774584937,-0.028938128563795327
ASPM,-0.05598993255632473,0.0021934900035686803,0.027612769261824287,0.1027293903628545,0.04624477971513456,-0.010784992405149817,-0.0434616128240523,0.053059313212143216,-0.050313565989703476,-0.017637848052801552,-0.021625172690145036,0.0038539494443137444,-0.02979190234624001,0.010067798122461455,-0.04059578653716404,-0.010065079427035908
LOXL4,-0.044907862922068366,-0.0142263632080131,0.04906367959706383,-0.008749984038456294,-0.014916099375173412,0.07298344732197731,-0.006441844768056556,0.06763931664283211,0.01310814640927979,0.015504571379526783,0.04312779896224248,-0.025153910856060453,0.029787153032307768,0.031186333499834316,0.028104872360426882,0.036608528497069664
NTRK2,0.015417934615274931,0.04790844005666012,0.029396108202716365,0.00948442917245585,-0.03931236643486012,0.004812249915504463,0.015404209283888306,0.02019024579242653,0.03806082675258732,0.04353654064375581,-0.04361635983014783,0.020668906412701863,0.04040153293723164,-0.017907513392098517,0.03883501910353486,-0.06986194608423342
PANX2,-0.03229282201704308,0.0003444230554448148,0.022686762361300086,0.0312524198139801,0.016795293930684574,-0.04760803391469197,0.010741429438803086,-0.013195006628591436,-0.01603553943521211,0.07329902916378235,0.03790865404463241,0.029175590930504015,-0.04106666175608253,0.023178648826878763,0.007757801337568763,0.0010077236808845886
MEPE,-0.008593238977662787,-0.03476267523455564,0.0322628955273066,-0.011749864597982806,-0.034563452175620415,0.08108895715099347,0.023467184226757788,-0.011537109109260008,0.04834096745661689,-0.003251587973475905,-0.01546827061049184,-0.025983371909037593,0.009532332308324124,-0.05688463605626347,0.022354929923692007,-0.0004476004270178389
LY96,0.0837182846191849,-0.019747380804772233,0.0012322461992949254,0.007887716254234243,0.029428578657558234,0.012613085529671737,0.019431103765185642,0.022266959555748075,-0.006301676360230829,-0.007860496008232763,0.04735482818103129,-0.03623578273485369,0.002908881703917822,-0.030700506698874485,0.007533740798829023,0.05015235852078215
GREM1,0.03637076400266088,0.02721242779128293,0.01926062664891883,-0.0026664126864773922,0.04937936128357587,0.015686285195333747,-0.01650889931675914,0.015084589537820147,0.025550554227479785,0.011330100944473918,0.01557241722329538,-0.03786016722579442,0.06274801943017302,-0.07414787129247624,0.05611838151989998,0.04128050195110255
MYO6,-0.027927418209393557,-0.06820095199743194,0.03920085780083919,-0.026900707198838116,-0.011369943481972004,-0.016072927850969823,-0.04567442074579397,0.041445754740561454,0.0182908082263514,-0.01342143172815458,-0.05048608124531285,-0.05415385892262774,0.06346865447210151,-0.046947925879975955,0.04537449066456109,0.018299727889372033
IRX3,-0.015423253244502114,-0.037841983241548305,0.05279519158854956,-0.02457228304247036,0.061464064423732034,-0.056853491001664036,0.006091346179059761,-0.01862730850561255,-0.011454738656519314,0.04569952675970279,0.04935947186917824,-0.027278574301894034,0.04271295930221068,-0.06351204058644816,-0.0008615399696005584,0.023271110931523026
IRF1,0.0573833239767718,-0.054449966615005785,-0.0007703372132262789,0.025400263776315997,0.003305343042379655,-0.06684642184698096,0.03107592886367806,0.04326904969755816,-0.07306914800627891,0.012109966537139139,-0.010581019193370489,-0.009069267040802707,0.018377141998504105,0.0010642673796352163,-0.024935894711117106,-0.014064080188362707
OLFML2B,0.03688323542534964,-0.001407662567953133,0.06460390873911317,-0.03505991342007102,0.05615381177462997,0.002967750064479728,0.02957808621872645,-0.030112484041836106,-0.0586162494990374,-0.03955452328075326,-0.031653459449488774,-0.023329052585346725,-0.033570639713416166,-0.0036060286780366362,-0.07761427832615493,0.04255362308172334
FAM81A,-0.037915944690827916,-0.0013878512844735756,0.01566122065038264,0.05144858104152534,0.005338040945694675,-0.01075906562665195,-0.045199666518761686,0.03186914070459957,-0.014589098399199505,0.0034454078918359945,0.005553140255720593,-0.04689562320133951,0.007732912424933604,-0.028435531946740995,0.020139949614579294,-0.07844215189275208
SLC2A6,0.0032554991757277134,-0.02872687956488913,-0.0013804713140339467,0.02485727844255054,0.016525002917921607,-0.026496491573993083,0.0420054007254528,0.031205594458299065,-0.07414757318263367,0.07618563803398384,0.00515348425002221,-0.013217283677668019,0.036756417405775434,0.04933078562343718,-0.030434488642873594,-0.0452679196693901
C1QTNF6,-0.0031202227092302455,0.0019666158091885305,0.06356862178389253,-0.02323497910959731,0.046604118161574705,0.03930537351319009,0.07912534909826839,-0.05869146917497724,-0.06281498081661956,-0.04025131305072765,0.03608090418291658,0.02476699369136125,0.010722062616615185,0.006994544827028501,-0.04045536879350332,0.011293688317272375
PAPLN,0.03124408365005038,0.03279534558906993,0.03260185998984388,0.006575098026152073,-0.03434877615307004,-0.00997113049401169,-0.06310441186812077,0.012367841180228272,0.03786585153934487,-0.03936879047481465,0.017245690595253563,0.016690484816010036,-0.0038431425033007404,0.01019137787916128,-0.06813515887614653,0.011360970793612665
FHL2,0.025642245662168207,0.028747923567127378,-0.02493036541758648,0.020239266889704503,0.06952440256296225,0.009551290650684234,-0.016465126981778752,0.009318230348892618,0.06367850678017853,0.0032782468750015906,-0.011965649962352339,-0.06539222739819531,0.050929377498117184,-0.08845017729052408,0.06080416408504886,-0.059881998446614404
OLFML3,-0.019393280427922134,-0.006519000027621924,0.060310684754578056,0.01541771325040701,0.06703650201439275,-0.009898177431570978,0.04640188294014595,-0.032965402999872516,-0.04890499673014294,-0.037962750512609875,-0.012160175235546345,0.05466413399283146,0.011561970566888919,0.03207042942103747,-0.03274818678255033,0.028787072807354736
KLF4,-0.02066691911686628,0.012725185539335222,0.04488325438960498,-0.024580566384304087,-0.025275918450574746,0.01084118793007256,-0.03360074098486092,0.10899333054171312,-0.03107851102945138,0.04799403893583024,0.01104649497754235,0.04169004432003008,0.08610823227058231,-0.0405268523251045,-0.04199061662396829,0.009811077297274632
LAMB2,-0.00190378864919886,-0.013233177081778841,0.07007772325632923,-0.04252544546801448,-0.010601424377122876,-0.035981459346244075,-0.044611763695754855,0.04322553379508655,-0.00944480636651673,0.05129267704082349,0.006517281786052497,-0.02898376434325568,0.03341806603015152,0.036392334216155724,-0.027059019772121683,0.0034900704727660213
FBXO32,0.009287091427735735,-0.01742801175186107,0.0371943310470891,-0.012339766381283427,-0.027872645057086868,-0.04904367602079404,-0.03426258187423395,-0.02676916097641778,0.046647926217311515,0.027583286795918947,-0.059141048255306514,-0.05537111459850757,-0.02068131165517766,-0.041415324172782035,0.012763566049097019,0.10310060701284894
HNMT,0.0616831983491911,-0.03098247849677497,0.013167234165270304,-0.0009685320790218076,0.0186613463973686,-0.016207674855194865,0.0024689220520730925,0.02835548429266722,-0.026566958236932944,-0.008974179719533761,0.015035062773776383,-0.027910802182640526,-0.059434952003954676,-0.02358275737930686,0.017266936973371373,-0.02812870032398534
PLXNA3,-0.03717145113524509,-0.00327355737616784,0.06200314845346877,0.014234063731177533,-0.032121093870028455,-0.001796686189132475,0.03704712150663946,0.023392451144607092,0.01090809418267031,0.04384491667531546,0.03634631748643034,-0.0024491360538754156,-0.01757389553653623,0.08866618834113468,0.00020590188169099417,-0.010201751198504297
PAWR,0.012683979343573501,0.031544423716066625,0.012522904834281024,0.010058585595324356,0.04393251475128153,-0.06927069810288905,-0.019856219772634527,0.0022435884154208656,0.019337259648308812,0.006939681921642319,-0.002637839197381059,-0.046266415939288895,-0.06306833521788659,-0.010309433902387135,0.005420076878156434,0.017110026915363178
FGFR3,-0.06220495642409146,0.01661446350559856,0.048711549975438556,0.0037429062655439417,-0.04690352804074737,0.015930239232794127,0.05782284025391201,0.009119734042133468,0.008346444682903466,-0.015423365171070305,0.029875121504356002,0.02173156515505364,-0.041571081954828094,-0.043790908560334796,0.08567356959497546,0.0036174424918376125
PDGFRA,-0.0027499916230857282,0.005985372286023011,0.0688267668624581,-0.0056028981292392845,0.022444857168500327,-0.0038993075361393754,-0.02590886850574578,0.0012338135901641904,-0.004665408777436998,-0.06422274776216184,-0.019522747852689426,-0.04985678164029192,0.06899984566667894,0.008324458249335451,-0.07654541777375196,0.004961470487950956
EGLN3,-0.022517070408571066,0.016959962113535683,-0.012067300950548787,0.06638074274618867,0.03177694573472125,-0.006374709113160485,-0.028709787151760684,0.025799811109275466,-0.001580199155426872,0.08842429206993768,0.07830737133890037,-0.011536004274704335,0.010429148016975587,0.02490795344080314,0.06751902681171061,0.06607420977139374
SHANK3,0.0408540644799722,0.009358851212385801,0.06447767642447275,0.018590264350692304,-0.09519418067763799,0.004204107280606502,-0.041637814673057404,-0.07003651842873981,-0.0340414508601062,-0.011716675947466892,-0.01179901748804104,0.026849625024018105,-0.038658967475954854,0.030165970450097213,0.038223244307829564,-0.047179928632150696
RASSF2,0.06210258726910032,-0.043171840150043536,0.030009370076104377,0.013497380918610124,-0.026043011043014024,0.00022550226765476536,-0.030994675524298246,0.03118748377516881,0.030670725126299273,-0.04633802851858283,-0.03109664790809725,0.04674160156623157,0.0731388711431753,0.017244612871099886,-0.0002635056013250139,-0.057121385151663796
FZD9,-0.025018149372313024,0.04787959900533173,0.016533485160527314,0.022636761441696487,-0.009974338698051317,0.01774912599455246,0.06794558787539179,-0.009666036203975808,-0.004261805375607545,0.02698939559294623,0.020731579364505395,0.03425311015823437,-0.030746375363923197,-0.03258565494555976,0.10968414539395163,0.025404560829972788
CLEC7A,0.06286817828260167,-0.044945928400371524,0.0042992049873408975,0.0398756167006328,0.03135819736206605,0.03670748294426867,0.02476004242384563,0.04413135967794417,0.01784473214339135,-0.013513297681874946,0.05770142466719888,0.008157482189329403,-0.00875164724659188,-0.02936572351344295,0.052825907210444265,0.02052507179170603
KLHL8,-0.000908931344597718,-0.04944588248087674,0.0497359085169852,0.0327008467424013,0.03108390510100133,0.03669551088469371,-0.05909354541311358,0.022792233118167478,0.06135581439458065,-0.005372895321473605,-0.013345449696315927,0.05797169724096037,-0.1027428296691392,-0.046745421042259365,0.004683120811593736,0.014873364380646919
SDSL,0.01965801057192037,-0.035780071426599475,0.018749897703696325,0.0046834994627240984,0.010608765713910548,-0.029722534448152118,0.07138817699741465,-0.024046144742409167,0.008788423323951834,0.04931828783824821,-0.018723564703797584,-0.05305558178917606,-0.019131861894762615,0.02608207944519352,-0.04589582176920529,0.018442536236654906
DPYD,0.05811534343344626,-0.00355998552670076,0.0013004580665899464,0.05848685779185097,0.04029973637292729,0.009453892627596718,-0.05408531640023399,0.07112823991214968,0.024281914750880026,-0.035167617080817504,0.06319514409673008,-0.0262346330247439,0.010141048142956932,0.014838365336863424,-0.04559346057732902,-0.016581196663895546
PLK1,-0.050291837264962364,-0.004972880693101865,0.004954430167469581,0.1085267191256969,0.03939803484701109,0.02501103887798842,0.002093861421350568,0.016327436234016696,-0.03655590781987302,0.023905037639992365,-0.015782280290106074,0.046127685028954965,0.029950628731011203,-0.01968234244933425,-0.05978137107234508,-0.026036023333254648
CCND1,0.007385325619148547,-0.019261647082534198,0.04061796778968853,0.006478063008664288,0.02937589486375517,-0.018239688423556902,0.025485766408309823,-0.03211730493209647,-0.03294636995603898,0.03911653573969531,0.010976137482145517,-0.04705665974775883,0.04347721127338245,0.09461964801215944,0.06307504424460587,-0.02961726030499737
CSF3R,0.056167921100764795,-0.024883105433591683,-0.022752476416269336,0.06485793555796401,-0.006989611137770571,-0.00851917249426527,0.021276970453412467,-0.0011371984710133666,0.0021771229455533336,0.004807816946502299,0.031331020822493824,-0.01597689661407936,0.018998337750662064,-0.038114168165886794,0.05058228974147691,0.08110624126358505
TTK,-0.047367883194099174,-0.005093151866919758,0.00391748637425424,0.10348605044695583,0.055769891796672945,-0.001862214806742291,-0.04119534863949889,0.028616955900742206,-0.03453298532189246,-0.02324768179252014,-0.013891167928734134,0.02464893609637905,0.01177761364435553,-0.05334216531003405,-0.04878717157352806,-0.0011610029355880857
PSMB10,0.05419471824172528,-0.035727161470445065,-0.02798034605127946,0.029389928034246345,-0.027236574326190817,-0.012259639367551249,0.07819637570409517,0.030655756897851848,-0.08337128854175661,0.022435193626453267,0.0001356566041852969,-0.026132766075838525,0.008012549468361229,-0.015086664387864985,-0.007274631995553331,-0.014276902052041011
ME3,0.047223943999662565,0.0004390392775091806,-0.00847768570143172,0.013330832180777208,0.0033864413419154335,0.01609040502015413,-0.025887485776244366,0.021312012643231563,-0.033246408029539626,-0.010050631259576944,-0.016233056355029432,-0.03623069111092957,-0.0520959207522735,-0.06070006568577689,-0.01963789468843,0.018914248636887575
BLVRB,0.025813859367249642,-0.02211284851359125,-0.026831414064740565,0.03333559640905307,0.024057325450001533,-0.011129754451917356,-0.011050070075466857,0.028853269971121538,-0.03052628640473401,0.03255621770192281,0.12796415689712648,0.0709055805458623,0.040493878004594044,-0.05837442851455477,-0.01341919203283469,0.0394697981590642
SERPINF1,0.019786994934292215,0.025947162703576877,0.050784575128577106,-0.01902396859786072,0.004776088545346087,0.10720308553462532,0.054118602349774024,0.00709665476915119,0.03413032310249031,0.004027527298603249,-0.03598964683225049,-0.013846244601539673,0.03422619552510553,0.025774487411805425,-0.015182014829384936,0.07196023906811336
CDCA3,-0.05747062237577075,-0.003398726059384805,-0.002585665541576083,0.09868741356165665,0.02721336043171443,0.029938154197078563,0.011956109355832873,0.012105860922107711,-0.04617308768409857,0.03047325884827455,0.03527775087814904,-0.0004074617971745894,-0.00920400291817747,-0.017231639702491666,-0.06418594073553499,-0.02012603400133539
CSF1R,0.06366786953092694,-0.07674643388371497,0.028371140493949842,0.013957267645126729,0.04530160003118528,0.03890164773510757,0.03287029239856477,-0.006431036792755635,0.04224806946098837,-0.018868047752649834,-0.005044267299714016,-0.008302340554757008,0.013550321278756508,0.024014989351045703,0.0019511144076997146,-0.03149567510867219
LEPR,0.018533396541439005,-0.04131973853532751,0.05522595633653525,-0.012072975171632735,0.02248508098806489,-0.021002266842764187,-0.017486139164486502,0.01562529594135749,0.04162298916644963,-0.027336595513938126,0.012430317673478325,-0.06729553306876901,0.000175137658286844,-0.10337406669952863,0.040273991444776086,-0.023007286207401563
PRRX2,-0.04318989624622515,0.020710217016070554,0.0476656208756305,-0.02160576854754741,-0.019097800340783996,0.004998636146869801,0.05853588755600366,0.032287783178750376,-0.012450695793318547,0.07780164966406926,0.09657190084541954,0.014335229592322885,-0.020035715060525358,-0.059263575678978754,0.009201513704603743,-0.08565687076163758
PRR11,-0.0356165448597482,-0.003253816171342025,-0.009204124709986479,0.09060487656564416,0.0498522730829718,0.01684435857671257,0.004712566481516533,0.0020832228092006254,-0.05323246632559073,-0.04017293365137575,-0.047127795929181995,0.021895786571763533,0.022112984107059763,-0.013589316278327941,-0.03469104827638816,-0.04221874181043934
SEMA7A,0.035920428826406614,-0.06211897365741614,0.019291157327020546,0.01274592299535329,0.0673289311440211,0.0048535647477567605,-0.010682088773954056,-0.06078150379970659,0.0051523776784541805,0.06315782138270633,0.010017433750402864,-0.0054990615076946575,0.01485127848273346,0.024073874777039768,0.007754902322965634,-0.027708929671136924
RUNX1,0.061315397190924305,0.027774669344574905,0.027152887474683994,6.536408604707142e-05,0.03764618040381807,-0.018897883535440037,-0.040129354970796144,0.015715636907645943,-0.014197252309254766,0.02389565513362729,-0.026137565249171636,-0.037221394622268936,0.0175465435901304,-0.012769063424366891,-0.04592798153234981,0.01388540402908046
NEK2,-0.05336697423481802,-0.02882739922150602,0.007128387125221496,0.10305899846466604,0.03418014000169086,-0.02184321881007823,-0.014293835183315555,0.00689657119712359,-0.05117687285130236,0.034874191499242244,-0.04634420310607086,0.01486730755711081,-0.007390856823191887,-0.05730629717504892,-0.049049584865574786,-0.020185013129068625
NPL,0.0799427174907357,-0.031050807336238988,0.0032099267739354427,0.023903280654276927,-0.006804653269906484,-0.018853378938472703,0.031007385645454227,0.04084799854635476,-0.02098489438792893,-0.029985985547487357,0.0030851611982157137,-0.056944657792122655,-0.054235716780018386,0.0019580996952908644,0.009045910070698595,0.03259876660556265
ITGB4,0.05401772784804313,0.018863183426548517,0.029223931885432153,-0.002709197731803219,-0.05919418576421235,0.007060677660428871,0.003956133442239542,-0.03744490395261109,-0.003932124386470932,-0.01926245438403668,-0.08742990765601193,0.0703021643010663,-0.01823739040102087,0.0035391053424527535,0.006832951457253803,-0.06515273162162531
ENPP5,0.03485159935398082,-0.05822637396679586,0.028213736474930338,0.002577295823887083,-0.006879783931886612,-0.026975818879006602,-0.05067427631536527,0.024007976288968585,0.033563857067213175,0.007990949929499879,0.07089309314442921,-0.022862928541727078,-0.040541049853934655,-0.024705132830578694,-0.04300339068538776,-0.011828125631839902
ACOT11,0.01107183892006768,-0.036128620301712336,0.05040106178127493,0.007701187690454027,0.016484881281705683,0.067221934709397,-0.030208436665008005,0.022141557225648253,0.0456624681759639,0.045989385115776125,-0.07758591635967285,0.02116636305400522,-0.06192597648829509,-0.026822023764151107,-0.023601148235039972,-0.010424754091480245
LMO7,-0.00941510582431344,0.018011065079377185,0.035886132060744785,-0.023794195979665214,-0.002613645600597765,0.012772219887669333,-0.01891287827091601,0.09302756921467605,0.032269269324585924,-0.026269910380542355,-0.04949027670988658,-0.06950644276235012,-0.017633119085047368,-0.04442940426205065,0.001690293814605991,-0.02430975922210793
DDIT3,-0.011609472899624839,-0.010470515838525042,-0.0064530135655916105,0.007823332892939565,0.014607837888889332,-0.029118715863382418,0.033356737285502785,-0.030870090575233038,-0.061344150900263815,0.0597118344932288,-0.008212424147295035,-0.04677474292025968,0.00926506435803956,-0.07137851126280546,0.0423348318263721,0.04985210301428652
GFRA2,-0.02451550329014319,0.021659700173586732,0.04622740586542281,0.031230276959647835,-0.05540353210616599,-0.017156603023065244,0.04208429710623754,-0.029993638326686677,0.04253270986992929,-0.007384223182917147,0.007650412796653561,0.0019257147004023267,0.08236296563930334,-0.021586002660443096,0.0206531652913456,0.03186579305284707
KREMEN1,0.0020404531955007747,0.041434363899958186,0.028947026072920334,0.004835827307989284,0.03730676151653549,0.006599364377926359,0.031010724340401495,-0.009424570923074565,0.02703422394176769,-0.014153345360284982,-0.05251582932535234,0.0003466280024519014,0.005575705627926463,-0.0490503013799706,0.02871428292442072,-0.06866085361738682
DAB2,0.07561028310280134,0.0283484266752058,0.013385614019466988,0.03659548674013519,0.0004221160266772712,0.01096523485263485,0.03482503406145078,0.02187260612652027,-0.010139904771741494,-0.06423860290771508,-0.04404912212780906,-0.025674714758993883,0.02401272282945272,-0.03428354147594758,0.042235846153818674,-0.002894553802263694
TPBG,-0.003229671033866572,0.03202908540971048,0.0332064401433665,0.04178008084605522,0.05224126626585249,0.04443137012164992,-0.02257712287658767,0.022059709667755757,0.030670637228046724,0.007530076927657077,0.03264232917670495,-0.01874372450332678,0.057269022108854185,0.05315450639522633,-0.005975417103206149,0.0004919264419792654
MID1,-0.024278165585350557,0.019140772696993217,0.050342055225624405,-0.007058752027962871,0.04290408294011368,-0.04540147101555522,0.005566093287288922,0.008421623052096316,-0.017172418740919376,-0.041304502155682564,-0.0067711962035419985,-0.011816044326837648,0.00202695606108441,-0.05436764605948463,0.04089984590094011,0.0756265560615689
RAB3IL1,0.0594010657087653,0.04682022621751443,0.0007364982661890182,0.043012084171880974,0.005201506759695025,0.008534981695067893,0.062311137045327016,0.004680283781863509,-0.02244732529613306,0.021353895171243812,-0.015486846668811376,-0.00392332229681653,-0.015446267771503656,-0.02899880364390963,-0.0007746291067877002,0.016748505063690262
COL1A2,-0.014298459260044215,0.03129072885988309,0.07020059471335226,-0.048613252599327576,0.03210847636289654,0.08857568141326885,0.040701902754598805,0.03947842415201861,-0.04038256106585723,-0.07215194705710674,-0.034960765319230314,0.018044199284019187,0.035341218311882146,0.030912765331952276,0.012276934588592595,0.040607979151541795
MATK,0.02303579817508254,-0.06962997973461578,0.03024454697011862,-0.01209321436295015,0.059988914621506934,0.059716066319617254,0.03435921845279155,-0.055447953543584116,0.06536782155456695,0.04406267981159383,-0.016148368857849534,0.04865505405162801,-0.0590444494020905,-0.04986666756171568,0.007860005242108484,-0.026264164568243976
CYP4V2,0.06600406396529021,-0.0324548374944546,0.01886565204730066,-0.005861051976190929,0.011771951027321453,-0.04174527084664241,0.010733166462042257,0.055242479122644204,-0.0053607267929875095,-0.009050383809156374,0.013286468715613581,0.03429230543144056,-0.01567882148236546,0.004064019898509085,0.018831737775309484,-0.03880165801218972
ESAM,0.03848139611875938,-0.01151088601122376,0.044285951214207635,0.026586001691116475,-0.08494030669331926,0.06717796122935034,-0.06506657516978566,-0.05982306761135933,-0.09060446822964725,-0.004399431770250017,0.05793056843206351,0.005826047090547979,-0.05208283936908882,-0.0037795246144177626,-0.0007124799570791367,0.004485873904937494
CTSW,0.04532983116422791,-0.021364202099712692,-0.019654649777289653,0.05066879771901116,-0.038187878673375024,-0.03926093622918204,0.052333867374718526,0.03171514857343873,0.003811398877449287,0.02288982036972017,0.01907683866531756,-0.010041676828143688,0.035255379165578346,0.015943836443215835,-0.038953776060532595,-0.016059358459007765
TGFBR3,0.048328896999998615,0.0386284214428572,0.03629363069548223,0.00915184461300993,-0.049535328994800204,-0.049089052007626914,-0.017671641696119275,0.01289046127016568,0.0032801227825431534,-0.05321334263119655,-0.04184864597008679,-0.007185614333193256,-0.011399619207357431,-0.011299133695982896,-0.07837079420323771,-0.02508420049244908
GNAI1,-0.028606535512815168,-0.028518547776182054,0.06605157928446517,-0.014956463743855978,-0.028936026977851134,0.02715311497504336,-0.04502583575050059,0.07898127200927929,0.035609446715954444,0.02141658897100216,0.028400671449037948,0.013340479845040097,-0.015854617065989424,-0.022247246997925508,-0.0085209156168012,0.020172571899599104
TP53I11,-0.03769006518040116,-0.04768732791223895,0.06199128121003191,-0.02541773359100743,-0.061536637977825354,0.017846418858515973,0.06776211199198416,-0.002996158666653053,-0.034153907986165674,-0.02687558442575099,-0.018544360585041674,0.003986794952512477,0.07650479415272937,-0.009804782151137201,0.008154459816847703,-0.0007019148775071458
CREB3L1,-0.0363976730197246,-0.002244163322772174,0.04723454214392118,-0.007448584044224424,0.013967629016561019,0.10270105579332975,0.006341594160854702,0.0518465649978974,-0.05033497212057926,-0.03285436041286,0.02407674995332883,0.03681922041222531,0.05961221730521814,0.032838962778003127,-0.036035857969214734,0.03893286806357998
COL16A1,-0.0001911815050196393,0.042939499540099714,0.06742646607078923,-0.03320427952014396,0.06917612724871149,0.02879201337562682,0.04017659826302343,-0.02420752017626097,-0.016282077054689568,-0.029840909289330288,0.003274657290640453,0.06451775943409893,0.002201476996959673,-0.0037694926206806294,0.005314534873941804,0.04431085672324552
IRX1,-0.04614646132694538,-0.00017019680927286688,0.014483401088554084,0.033511594166249194,-0.022392862733312327,-0.03610400864308203,0.07066168954107012,-0.03615537339547603,0.0026743793474796815,-0.008684821401526741,-0.009445304875959702,0.04917200351860494,0.09542045529966495,-0.0786884198043433,0.012406338339050556,-0.04269438659820899
ABCA1,0.05085397588773656,-0.04006152183773542,0.029351834474397927,0.05745459765784135,-0.016295885625596064,0.01280700202625281,-0.015754629323552222,0.06072560022051964,0.036624454718880005,-0.015286654612667747,-0.039585551023413074,-0.023994349187461156,-0.005165300793664064,0.054850199587230884,0.008478207115345537,0.03128358376711569
FCGRT,0.02891073051577509,-0.029237485792217927,0.012574340295751288,0.05300223129696217,-0.04341943890261922,0.013474428188096474,0.11942689722099045,-0.033488708273497404,-0.000744176847279389,-0.012554908646397361,0.0005586030498482275,-0.06843076813597339,-0.0011547858513162833,0.02095393414813405,-0.04480421721866966,0.006370893023007679
PARP3,0.05263834999106064,-0.000852027246472264,0.031592877959037195,-0.02096043453053008,0.02328916414707785,0.015634819191126463,0.0009442754392205988,0.022326624885777885,-0.012292131712947345,0.03633249236603605,-0.054183992604733944,0.025960750135845687,-0.03648758445388149,-0.02800458176988268,-0.014116020140654684,-0.019360125506210114
NOX4,0.0563592234761909,0.011859191148247995,0.02500131221685926,0.021763597503125277,-0.025007667787733848,0.014525640286337705,-0.10675936816456476,-0.015778374670331944,-0.03883485323869967,0.04386385336188397,0.0036854700353348997,-0.05999078137511518,-0.040034677122187196,0.03220254473046491,0.00956979821327756,-0.04142550808879292
HELLS,-0.04871193867137823,-0.0065275903337189455,0.010460746271955309,0.10061319236861663,0.028256207793186276,-0.006512484194379431,-0.019664520577307613,0.007377986082852094,-0.017041224783375962,0.0011995406324850507,-0.0823792947214561,-0.009087442441426473,0.007747126510126822,-0.06305885928637549,0.021707616031354356,-0.031361036642855444
PTPRU,0.02476747250968169,0.04049608098485373,0.01354140614358405,0.009288884005380292,-0.012509809171045664,-0.018343211658059525,0.00017368616593871518,0.007326093394344404,0.06868768780107987,0.03809201303811955,0.03143962425022191,0.026768404432131798,0.029735739165253332,-0.030881179177159816,-0.025410814170068914,-0.06915219884524888
TOP2A,-0.052056159132040224,0.007730662689917843,0.017254629993451873,0.11300347645313423,0.05110835328389809,-0.028574724052829237,-0.0176968272315276,0.010507898309652038,-0.024344286370241983,-0.032042196105290036,-0.05755633832920397,0.03312692127253551,-0.03860959669446702,0.005728069559938852,-0.032912148162621266,-0.03297254560603625
GAL3ST4,0.04535530080898056,0.010819723743478993,0.03357321346237193,0.03134527929812024,0.03615859690053659,0.012272403718394762,0.060460136822305034,0.015285928826190814,0.015392259142376961,-0.040284093240869706,0.08007140478941265,0.0034356246391942045,0.02740396113718869,-0.007797851051174523,0.01401248919086864,-0.03901858352132731
KIF21A,-0.047952115979258664,-0.0050228595240638975,0.033542936273428,0.005095283774995651,-0.020654497820165214,-0.03345781308676184,-0.02312283621650211,0.046757975483157105,0.057314965764527576,0.04006498644210212,0.004663241753688398,-0.012530834805474272,-0.00489936728372579,0.027633840236180957,0.03108112360610822,-0.009217691891515363
COL4A1,0.05245488262600938,0.021632182717053538,0.060176773098903805,0.047112181459644964,-0.03413607205016187,0.007176540965537227,-0.05728583436253349,-0.07410967366719194,-0.08496261878106309,0.031801424600830415,-0.04707883974050471,-0.007720490978265836,-0.004086773162978688,0.05275603570096237,0.052344652269871776,-0.01318113980519113
CLDN11,-0.01913026632964352,-0.05761475517393575,0.049635704598546125,0.0018966482495107978,-0.02952416087683178,-0.01761033191085455,-0.007010318837794361,0.018566187055575018,0.007145564474089736,0.0071395870910628155,0.03543172062534243,-0.01638850327795137,-0.016707693096910847,-0.03409769211621287,-0.050259748633848654,-0.017736261048550275
TIE1,0.04541822535075233,-0.023300722249306783,0.06097485996260451,0.009601410873330867,-0.054611026217387455,0.03499425716588451,-0.02474168840691253,-0.11345922332071295,-0.07783531320333378,-0.011443468758785203,-0.036380016879174026,0.025422053367004944,-0.009735086200765651,-0.0063393906739675834,0.0346286193024513,-0.05573805081774327
ATP6V1C1,0.008208346133766788,-0.07109096673106612,0.028369359857366997,0.018575142431349716,0.054638128401540934,0.035862130499036755,-0.04479611360413483,-0.019953977666108357,0.057813916669985914,0.03738525758533352,-0.02394176214349424,-0.019488723576659532,-0.0690716629873833,-0.006477341980662472,0.01846341763375677,-0.0034278524357881793
GAB2,0.06261381878888628,-0.03704573039696695,0.04273219318468405,0.0013740683972223618,-0.008350718068060613,-0.022764111607233354,-0.06033414219910814,0.022707826774361856,0.0205098868478374,-0.008811033923233427,-0.05339702274643325,0.015914369751913814,0.018236983161551597,-0.007501962979925017,0.019973428055602198,0.03591453272974009
PTPN4,-0.009043776072502636,-0.05282471939419304,0.06976868380961024,-0.02151260928659287,-0.018800757105168486,-0.02420306946435251,-0.03974571286096734,0.04421443420678894,-0.02544976128017546,0.006310845771560917,-0.06636291596445931,-0.016297842558142057,0.011574218850644694,0.026622373673340135,-0.0027239153704453753,0.012470057606724164
MYL3,-0.005528773254969793,-0.021014923513259533,0.024088974206302207,0.004404148657745944,-0.052720553529998694,0.05036701046362023,-0.007672919035342346,0.037872174262207126,0.022755916683235955,0.033991062339146186,0.0017047526176086208,0.04520198387499902,-0.026401673843777326,-0.03964917924501,0.002732099776465463,0.12287010694367759
NDRG1,0.02315431790866579,-0.016088818099003116,0.029299580769360633,-0.005353410629117188,0.06796885688022812,-0.03903900376697317,-0.058658794309169426,0.03414583370565321,0.036979608591891484,0.07042520852757256,-0.02376140295194483,0.07346716241909287,0.005410598317439045,0.04108867368832345,0.03418235070170586,0.030490029005881512
PRCP,0.04016473111786894,-0.02668822832183012,0.05728641472559753,0.00197237097629267,-0.028448116787265523,0.030333154345123025,-0.013045328070942226,0.005078158723720876,-0.06608630750901953,-0.04297028194147066,-0.054518646838650334,-0.00957723160485452,-0.03768973875148542,-0.0337814390218033,0.026505157343107676,-0.06615587724554495
MFAP5,0.05219387602156132,0.061479274825624874,0.002479918555381409,0.016734116523285724,-0.04550820285525854,0.02621611943599087,-0.005010237987312732,0.014432617530023645,0.016219073366782886,-0.0024028556287451226,-0.039937532344329424,0.026542236003270353,0.04216166891345026,0.0011158407972432843,-0.015514780765024416,0.023870006189167268
HOXC4,-0.037293421054391956,-0.002231569866122431,0.04082315770711157,-0.008298900495396042,-0.026675722977178375,-0.04071641551252206,-0.011611021805082866,0.01668587618206119,0.00539188588824452,0.05154258616316596,0.04830187247743602,-0.0059453659142019236,0.008447689432706518,-0.016310218840885276,-0.010028819346073518,0.015078220833435182
ANKRD6,0.006660866079104266,-0.012027678864919178,0.030476892806286265,0.024142646685362357,0.018217367113314044,-0.030574521735173145,0.022045322822180177,0.0009606179553990684,0.04429101877477397,0.025257719901161824,-0.0708431103532701,-0.04239179493300474,0.0023294841439697785,-0.01969884343890833,0.0549780745410511,0.050665099043637654
LYZ,0.08173337032843105,-0.030202929575974202,-0.005677312826355919,0.0521593057728606,-0.032866806157422594,0.016588809716776665,0.015577334540770794,0.026628628417519954,-0.008651105363619006,-0.028447215452765406,-0.026185374380214815,-0.0203479215904439,0.013544593292900158,-0.005096833344770851,0.022529253801033315,0.004723473665683971
NFE2L3,-0.0016532871830112882,-0.039679309740895445,-0.008496298010425753,0.03222107007993544,-0.014099059282645683,-0.08828909350409662,0.026472062742914325,-0.004386533886920971,0.024381295162196143,0.02392061857299993,0.004760391759342841,-0.047381568759766325,0.0030111163180099438,0.03311956662395704,-0.02336209044383322,-0.04705108930417952
EDNRA,0.02000811721797132,0.04689161578872974,0.040399168908480346,0.026328250808839663,0.014081036478859388,0.022166114910491565,-0.013468222877011963,-0.08402491522409108,-0.021000637430146463,-0.04388100556113348,0.025098018004014053,-0.03994216625823215,0.006445699059279309,-0.040297541825839,0.062101857609394476,0.008566296205203291
PTK2B,0.0695653011291005,-0.05900945760201367,-0.0031402731412866775,0.018287658411245133,0.02008342967257966,0.016145456338389007,0.024604031814190408,0.003828445597325262,0.04780955407310658,0.0062071004155252185,-0.036502637526243685,0.035728041968584034,0.08123370649387301,-0.0018515214404529884,-0.0005077573088609205,-0.037905110126380405
RXRG,-0.0016903140535114965,0.02489082531462888,0.01875912363021369,0.009100005604679464,-0.011601123248497477,0.032656340612737006,-0.008469331827809033,0.00266995329619104,0.025353612824290883,0.0200431979787133,0.0627939197620271,0.005749789134720842,-0.016464120738789,-0.010134675402730983,-0.01281684612685726,0.05532149821153943
MEOX2,0.01412304212391419,-0.0035133856620071812,0.048754561379170155,-0.023961021929688818,-0.028217827911781707,-0.005838625325195703,-0.0694692148088019,0.03472024909432034,-0.0269231283390635,0.03303760831436432,0.05893436134736226,-0.06771553569775927,-0.031943471500562676,0.028353975806993444,-0.06454644006807789,0.0409583206759844
POLE,-0.05908097632603159,0.006767366566393332,0.018524796705199246,0.10429564551953872,0.020407629667109108,-0.022538523024758485,0.0062487583280563,0.008529997121489535,-0.02258998324892782,0.015396924833626903,-0.03708095447259431,0.02312346962592276,-0.01665777454480854,-0.004161668706220535,0.026653674581756284,-0.04529005702078755
ADRA1B,-0.017279840873892387,-0.005452653309329704,0.02724093133172616,0.021618876957467694,0.018766896298553472,-0.03830112157425386,0.04344755496907072,-0.03716249311275092,-0.026030259886568895,-0.026497624050272086,0.05158558023362054,-0.025440765059995193,0.009708801702369697,-0.06444049933661149,0.04130887427687381,-0.024067565923780676
NRP2,0.003085228698725061,-0.051410824658239936,0.04983479275028161,-0.02763453514813802,0.033139663861044,-0.03628774748592201,-0.031059897698289436,0.009459496099994632,0.014865438896012766,-0.00961038424438342,-0.010108529769429032,-0.06627507117380824,0.03658490798907692,-0.0024968606386718255,-0.018764368870658278,-0.027835871005344813
CD14,0.07154691254635749,-0.05849205791506206,0.009563692206143505,0.015372355949250663,0.02758686005108768,0.021148916161535476,0.05396629600367054,-0.0186245225249227,0.038875955608096126,0.021540552261440346,0.024504531136590145,0.027259920923220826,0.0022424323327664003,-0.02051579163887269,0.03730271983516275,0.026689381357023284
ZDHHC14,-0.021097642958929182,-0.04085165488408129,0.052423588896725284,-0.005065764969772926,-0.02902416214167153,-0.03144814387031275,0.03248575315504863,-0.041025815211996434,-0.004855714289683756,-0.0020988851833938747,-0.01859651233085853,-0.032694434065803656,-0.02899945322038621,-0.032148036609739764,0.07902677653670252,-0.05674579086901882
FANCA,-0.056915093420955624,-0.009714806380801548,-0.006441249812766719,0.0854005752446965,0.005592543973255168,0.006370698298929635,-0.04073400919476733,0.004269272773542493,0.009935159751690131,-0.015288696479310433,-0.008585734208468962,0.001766367191239987,0.093508159482878,-0.08407857647744689,0.0013478208970227534,-0.02128598194288428
ELOVL4,-0.0514967566904259,0.00922605754405741,0.0363041734622827,0.03948390918164985,0.01807627283990665,0.01837875184774545,0.030823093021925138,0.006418526611872957,0.004059340824212656,0.0117906190489269,-0.005604749249136176,-0.04693200330665326,0.03738648834810618,-0.012939260806790094,0.04092561111119625,0.05712371957403845
DTX3L,0.034228249565010055,-0.041216902963012406,0.02370658203473384,0.0016599568426037652,0.014741119027748856,-0.07681034301162544,0.0003194599317078717,0.07328724787241589,-0.04071562462477653,-0.03631583508557845,0.009860938201469535,0.038991426230664344,0.017094769787472187,-0.03543417861263051,-0.022990052566345957,-0.031720626515630714
CLK1,-0.006675045523753183,-0.015604158559119957,0.036853588353766946,0.005651913648961352,-0.026237824159868226,-0.009472732620358578,-0.060653445632873254,0.006500928661111485,0.011358981376918497,0.024295828040426726,0.0820915140997385,-0.009229991669216384,0.069094878119455,-0.08917650348316664,0.012593693911578064,0.05186455678308481
RUNX1T1,0.001659992784550955,0.057492759590521095,0.0338846532868508,0.041118716610975894,0.007412444936530937,0.0029786048321089648,0.03080122941440968,-0.0453871881823754,0.047355680285057336,-0.06508757543059938,0.01464661935437353,-0.0053190737918342515,-0.011801666871579122,-0.04019236449118587,0.007965241623174253,-0.027316495456689023
SPARC,0.006479580963419966,0.018755329182569544,0.07031805099404423,-0.07985750040839149,0.012558664673257116,0.07138484782619092,0.027221567179045385,0.052335329281793755,-0.0646695599934427,-0.03080053477990998,-0.009551035206115627,-9.73896457574612e-05,-0.004622800617501569,0.08589784603369079,0.01208815878016714,0.030336024221107462
SLC25A27,-0.029959834690910694,-0.0367848167411452,0.04228656539230544,0.005605575044031466,-0.02797504712526575,-0.04245599573503688,-0.005629521774111874,-0.03400843126335376,0.02273270901198696,-0.036122823944359124,0.05769006055172458,0.006763251248414632,-0.03892932254906241,-0.041804636708540184,0.02574708606777665,0.011491062564546099
ITGA8,0.0359394865780947,0.03275629650898142,0.04128657680717204,0.005294077507098874,-0.052789256037979286,0.00560824439226765,-0.07883966619555674,0.025490036378506255,0.0171541428352921,-0.03370179315488617,0.030397208544931047,-0.056869337800652404,-0.01707333355801994,-0.0017079948766818356,-0.03571046549618441,0.0038878660987451998
CDH11,-0.025377365772542144,-0.0009957465311798187,0.09427398481072964,-0.003985783092792239,0.047614687665830664,-0.03280740554222886,-0.008924283303858953,0.030040841739972644,-0.04610937763552414,-0.054212064327484794,0.06764100034501372,-0.024390171722561853,-0.027235171812312765,0.024213815604510712,-0.036309694032597165,-0.002511677763199084
HTATIP2,0.02745494652376201,-0.05337957402376079,0.007182922475783896,-0.0043829543318179304,0.019276068600223135,-0.051125063456160705,-0.01714425014204682,0.04346598715778517,-0.03389069521579021,0.02805449779632427,-0.028183806700237703,-0.0071812073473504524,-0.04229718321091234,-0.04452168662614875,-0.039617975474998186,0.03100529973767572
TIMP1,0.02456586888185973,-0.04476488383691581,0.03710528980456024,0.0036848121913258106,0.04947904015261724,-0.012900982999210681,0.022763799957336787,-0.03378888661805852,-0.021139197179523273,0.06648703240726865,-0.0209353089149135,-0.05574548535467664,0.06293375807352125,0.009322019653749528,-0.031101117395215004,0.10012681665851156
PBX1,-0.027209122040789895,0.004119692578327306,0.04925151439536012,0.06167878439206338,-0.03948972669373141,0.0017334556610399479,0.016660058817343257,-0.015313579020413567,0.02382079638343078,-0.03847707984998312,-0.027112348595223303,-0.03065664582679248,-0.03986393797658905,-0.016013237597637155,-0.09917983153762347,0.05449735748317695
CIITA,0.08062591939396929,-0.01979828869733572,-0.010118953908122856,0.028598046935992116,-0.0377835970563597,-0.021054140758898,0.05085850042305212,0.056632560423472436,-0.015842354049759394,-0.026731881610644465,0.012660734535424878,0.0058985734466216085,0.07057628109812927,-0.008065760848441766,0.03391455256206959,0.031846011042280783
MDGA1,-0.005276873470441768,0.020941781036746265,0.04769477069617328,0.04363655274627143,0.02926893162142172,-0.02557138095849723,0.00314196482527734,-0.03914272822637017,0.001604574595494534,-0.018978254897189052,0.03477042143115669,-0.03451529982513351,0.018464383122033145,0.04613923467275699,0.0055223024366340065,0.03763513320986514
ABCC9,0.022974987283902584,0.03159944227065771,0.05238773261659566,0.03174251158836169,-0.07112564155602935,0.028049809081471953,-0.07021491898081111,-0.002817982189993849,-0.026414032204000626,-0.02818104152134501,0.014498199497799218,0.012546291033410593,-0.0418507023503071,-0.002348417414557922,0.01766008994783663,0.060685235292703664
SORBS1,0.026260166878141013,0.04233660399732735,0.023668221270826253,0.01937263295256184,-0.07563474457550627,-0.016855573381022743,-0.04305596457874396,0.004576426755172452,0.08112900137126083,0.007436815573855178,-0.0722488586534494,0.02674231399787931,0.010044066810292695,-0.0012962794626940055,0.047901436153951316,0.026195823424786803
SMAD6,-0.03914243197802851,-0.05132359080708323,0.058244080140664845,-0.025635377486341964,-0.045546789086504856,0.031202723363618696,-0.0026279430974094267,0.018643351555882016,-0.0230895251280517,0.044381708095136106,0.03557630437815851,0.027263452423228158,-0.01661994608061859,-0.07379653959869487,-0.014493556311636005,-0.026145027671027277
RALGPS2,-0.00464657742028823,-0.005778639424983821,0.012175755521447512,0.03238924355681136,0.008961273740136272,0.018639393930895226,-0.0473471467200198,0.024169312540154458,-0.004958764464078607,-0.03767520402880022,-0.0344385376401714,-0.050360901223245144,-0.08266961984810178,-0.02709573055629466,-0.04573734415060858,-0.004310991958139467
HCLS1,0.08582153462916402,-0.040820407807575704,-0.008133212774099284,0.029926435044911468,-0.002107596750602049,-0.020074698218608383,0.0309553531502718,0.0019893735805732865,-0.002274697768061972,-0.02054132810197401,-0.014467073191766185,0.030922777393040668,-0.024978796826745434,0.02757135107096518,0.025714267937048254,-0.006229697312729087
DENND1C,0.07500803913992986,-0.051119294594002135,-0.009086309393622809,0.034778177261228435,-0.009953403821210058,-0.002815889668189058,0.038972579502129824,0.02009289487644742,0.03563367448003341,-0.003288351269626519,0.04129324574601398,0.02207747122355098,-0.010724675692814992,0.0362843054471467,-0.010771055076409158,-0.03171049009629055
HMCN1,0.027394434203416366,0.06455623621021289,0.04811236253078395,0.04231409160517066,0.004097755807112853,0.012567159938529632,-0.04802345797909616,0.019735248641096804,0.03602757210412339,-0.020212226673460267,0.04836849299562601,0.01862900618399856,-0.03698890534103362,0.0032058163178973857,-0.026470040786809885,0.03905480656127776
CSTB,0.039370000781015185,-0.06442480219977231,0.0030369764274731912,-0.0074032495704490185,0.07475324042097486,0.0635746796310424,0.022575655574349138,-0.02973832541754508,0.04621843606533984,0.053220099588966466,-0.01796077515133662,0.03442605622256754,-0.004415185795316655,-0.05498580100495128,-0.02614847523764119,0.002134076645673479
TBC1D16,-0.019712868892340144,0.017039848168976773,0.05116677293090435,0.038346939164948045,-0.0011523879859589477,-0.03876472144344256,0.060935024565363816,-0.03503303348588997,0.03687085215277182,-0.007628874710739657,0.015710705010378967,-0.007663510972450299,0.07713619608390795,0.01519237622778509,-0.037283982803944425,0.030458495911677073
ARHGAP18,0.03661173708175329,-0.050702537640534534,0.05759962189218144,0.0494152010629183,0.04955679581516301,0.03188943927987635,-0.04620533088971487,-0.026907634876396875,0.0413582767296732,-0.01346356293551848,0.06832017715652582,0.02176952805171866,-0.06757496442071624,0.03482255770325676,0.011368042999956147,0.047379009768479745
MYO10,-0.03446492333482843,-0.020887853884387585,0.08097855475070266,0.012353546958647533,0.023333421085372855,0.006486137077891287,-0.042408774642857965,0.03187316638728254,-0.021103953308580677,-0.032676721496280814,0.008534883781264206,0.01878888143292321,0.04200129938097723,0.06112743285073072,0.040063648479512104,-0.009678873633333574
ABCC3,0.0675903039032175,-0.03624061245056347,0.010225679347443367,0.021481293443614637,0.01793897568331259,-0.014312704058380489,0.04340956641047773,0.03762538551431969,0.030256759896162,-0.009582062684080047,0.006410123223795791,0.010758800086412355,0.013428940077959427,0.039375803950716555,0.016175705138901365,-0.02380707774941681
ANGPT2,0.004716533890381064,0.002858885902282868,0.013380588131290996,0.02360405104439086,-0.04681995512398539,0.011418507073523512,-0.04582240969164657,-0.03594038308201316,-0.08108317758211832,0.017726421103599357,2.1946931315769413e-05,-0.028350698008847635,0.002721016317559624,-0.036861597166010944,0.0943435733980773,0.023825984386719797
DMPK,-0.005226807709522337,0.006661939598737909,0.05093434850402321,-0.009867760529248626,-0.06044544887384468,-0.02553496575597644,0.009773844889526564,0.0003742202817752704,0.040338557718930856,0.07110776044425289,0.004916335496691283,-0.02145860198408508,-0.0027355374955209647,-0.004385267573902786,-0.07563082407467234,0.13170177218405116
CRIP1,0.02961463679691034,0.008302282109885806,0.005910741172256147,-0.022186459228765568,-0.034651365226957144,0.02131860222639461,0.012136886778873781,0.046433879984461274,-0.06187481482934744,0.12443421635287767,-0.017940662334188718,0.0288431553190127,0.013903535034801434,-0.039978499202576595,-0.04474791403091217,-0.057055975840075004
SUSD1,0.021827756676025902,-0.07109318723952414,0.03630172472825129,0.007200091300323248,-0.017932374630747858,-0.006641124610962168,-0.022368037780162563,0.05084357490546064,0.005205303986902849,0.006088321527467462,-0.04271896643014757,-0.027701446369667232,-0.054299181155254346,0.03054641201371309,-0.0565110713529797,0.008504892943417323
RCN1,0.009889356140227939,0.0599959153493347,0.011630430717216388,7.77548447995751e-05,-0.006838212848605678,0.08159819951928798,0.022106397478741657,0.022030159310542342,-0.04214337232382369,-0.03483721951269834,0.05022382050330869,-0.0032034422501093715,-0.026377318209664685,0.06124666386091554,-0.05826686997738264,0.03170382535389174
GPRC5B,0.031752263530403085,0.03218049402317952,0.02721078526510303,0.02956532659475764,-0.07842268415481769,0.014666814218251795,-0.04586851210967264,-0.014490605802312057,0.010276147140648964,0.032912409545063546,-0.07436072279913197,0.011610635678034803,0.05889106031018859,-0.05781182727678141,-0.0007292528120848522,-0.039666942293952234
MFAP3L,-0.026331678013267766,-0.04268868791440472,0.035128697228333894,-0.009753880763497572,-0.01883026965857825,0.024905349441521916,-0.052008810696752124,0.022748347777801603,0.05048244062961472,0.0014615866816192705,0.01094390206387052,0.0209653146061186,0.003999599884444705,-0.02469511373452647,0.05428738133761876,0.014684137181931132
SLC6A9,-0.02869878512888366,0.023584870181846095,0.055468817734182385,-0.0018613669706204006,0.005350197504088812,-0.010542730165006686,0.06977619192439448,-0.005601083916378659,-0.048936894514951625,0.013345507941701385,-0.011826686195630716,-0.03241538953367771,0.02016272026046335,0.06903723424820735,-0.01023173184897546,0.02955455483250202
CNTFR,-0.02200804139470539,0.057727588345825726,0.023688363756710507,0.043070549190841106,-0.05430110769134354,0.003829146893850858,0.03609189684036055,0.0303449516895197,0.031632854633974444,-0.0041611081858936765,0.0082181007423886,0.06703504034822681,-0.02217172340709379,-0.006269066399228379,-0.027864596688365523,0.01623297293893789
RGMA,0.03147379366035856,0.05979788186325074,0.01255119841513359,0.029212492088379137,-0.04897207224833069,-0.03960863688171524,0.0011928904269369947,-0.025666324204598908,0.0646990757954261,0.025090482541893847,0.049752758926909446,0.016209478391172545,-0.02832262157305639,-0.059525561558650894,-0.06547724357636539,0.00785379091190159
COL4A2,0.051054760011023916,0.023937160600640807,0.051178116822471795,0.03301589176746943,-0.0380246205339593,0.002067209260189486,-0.06959209726919441,-0.07924460617403879,-0.056011785796418356,0.031258425939394735,-0.001020219150903166,0.02468681225083177,0.06432262042340581,0.01032196779666619,0.028567141137254327,-0.03298946558820327
SYNGR1,-0.0388428915230642,0.00245914212154042,0.005785835477381799,0.030447219866471448,-0.007556625799704627,-0.045719531982144394,0.07524070339226321,-0.03429598179359819,0.058968518511612264,0.02346827933558673,0.0486578775645738,-0.0008443855262183862,-0.020668293593236048,-0.04861810256671099,0.007943624164824794,-0.017889047778414102
HMGB2,-0.03386444171588307,0.012281978097872868,-0.013802230881632856,0.10921650062469533,0.011922400020881017,-0.017058042113705884,0.010890015378505329,0.017972053131979363,-0.018219017665349356,-0.0028464423505063256,-0.01395966623768551,0.009040538622147026,-0.016474986663142274,-0.0762218816936615,-0.023624084732763225,-0.012867211174820153
CD34,0.04614264117166176,-0.013762882392913725,0.0540956503124389,0.027348752655819607,-0.07901174308328558,0.012107514919093041,-0.03166944638394171,-0.08526288563694144,-0.09042158043467154,-0.009914393064166633,-0.030081901023377836,-0.004006740615951888,-0.036594809303722206,0.0153206304901954,0.026204548336966716,-0.06665609266542248
CBX6,-0.013837754529875502,0.012570155151079301,0.0649339689677251,0.021992423829081245,-0.01007364319671451,-0.09935060612652903,-0.0020000106103717913,0.012853032634702161,0.02644194870605843,-0.000554146939913912,0.023088814647101535,-0.04677701819944871,-0.002054901924761537,0.04172776766860731,-0.02309773665518359,0.0339263022839809
IGF2R,-0.026376037958288363,-0.014948802992880483,0.0510416809939086,0.05194118657255329,0.03299173377080938,-0.052656822174277584,0.01717917283858355,-0.016085824924225885,0.027853298103680684,0.015371346936022897,-0.056080429850459246,-0.07136887666532994,0.020652361728631566,0.057312796568805384,0.0510786716920845,-0.012007884830152648
SLC4A8,-0.028804862541345885,-0.010428001439491068,0.02609485229389741,0.07502800741993335,-0.042501370151289256,0.03128072257853363,-0.01983007909995197,0.02528430757788845,0.0320742401681725,-0.030166837598245008,-0.008111082243519196,-0.10763277688452552,0.04466124993470224,0.021575960017118586,-0.03396890953324225,-0.03375495989485177
PHLDB2,0.0392856104184241,0.057938151133961835,0.019396851079462093,0.02914358327590992,0.021022304361004555,-0.0066498917774902655,-0.03820125034887724,-0.007874216094360011,0.04917719688470014,-0.03391630604359337,0.04317113631065454,-0.010679459088237468,-0.03885107749773604,0.020325066549289637,-0.004785618730401166,-0.0032897085840319085
KIF14,-0.058280137026943145,-0.00490334980452504,0.011010871122254774,0.09489917905373425,0.04402520198488161,-0.018624483369769324,-0.049358133575968244,0.02185432571162483,-0.03205883297311757,-0.028787838546124045,-0.02984303938310867,0.05641547276648315,0.0320917674124946,-0.018099683053328333,-0.04376618279142997,-0.02960802390257137
IRF5,0.0712254369345605,-0.06163375465501131,-0.0015266048988598886,0.03183408296591718,-0.013449263011150764,-0.02834995123088706,0.05167932793873046,0.018987459710322264,-0.00768130033243943,0.015218787641894365,0.019516312458079603,-0.01078888193747704,-0.04065858032205792,0.0004549810462252425,0.003196393106690811,-0.0052208429497059535
KLHL3,0.028846092073100963,0.0026241145374501806,0.02040114490655032,0.059291415162218135,-0.023228760835771845,-0.019521738715778343,-0.018446629713964383,-0.021599548284105423,-0.01606069783495117,-0.010742124901556726,-0.029656138788572872,-0.0756989259535754,0.019608856108693107,0.015925016675140763,0.05287177864388637,0.01240875994573809
CCNA2,-0.04585901274871162,0.004821869669031781,-0.0031834327700513525,0.11469815363942208,0.04104564391032584,0.010645986143449877,-0.014332656620201795,0.019500735935053776,-0.04275482356233666,-0.001194057717183018,-0.050638383314229436,0.013689552585470253,-0.00983184554343149,-0.033998726612211705,-0.02323507964389082,-0.03353497026573432
KIF22,-0.04851371063968267,-0.004879630879718384,0.00023446820363530376,0.09630207774615579,0.03523630758313335,-0.027642039977141132,0.0385305050107428,-0.005990327401892433,-0.054099599918549776,0.03127143705591834,-0.0633300364495841,0.02395128122492006,-0.005409894062726357,-0.018508747258704085,-0.062000742869347085,-0.04531765197372142
GPR162,-0.012660272128167088,-0.0031958605792052636,0.036489655817480544,0.04603598317466175,-0.03768468875193448,-0.009901438887895849,0.056093819422093634,-0.029638322017640734,0.01200190965648979,0.06620217262126604,0.0389494118983042,-0.05894568301198902,0.0441250150363867,-0.03301024939879425,0.015110314806620898,-0.012773904006964055
GJA5,0.03830633392884299,-0.027887763539438018,0.04867899802510402,-0.024839794720125322,-0.031788122541208996,-0.04373102358573136,0.0016044189416074151,-0.08006742489987735,-0.058490271109713526,-0.041268659198587694,-0.04878383118381706,0.033930140072400625,0.002918776644899793,-0.04607821328714416,0.014862242398638217,0.02642159443371244
RGS17,0.010561822417884191,0.06500110455884645,0.007135537884860152,0.06263312843890316,-0.00785420534410653,0.000562454417996512,-0.011355115808280719,-0.01297050420426573,0.048378026128682874,0.03878968469885427,0.01022410444675223,-0.030350839687763323,-0.00087689973368053,0.009620625951438562,0.027776600595687213,-0.017226720277480668
CCNF,-0.04218438818862974,-0.040110334599744946,0.025525444131198213,0.0870783923332205,0.058958162028124886,0.028390069871904174,0.007746467602969465,-0.013703509563034892,0.03285228894536141,0.009520550956265573,-0.034410012558625136,0.031045075829276396,-0.06394423874150068,-0.024705762821665048,-0.043460238350832216,-0.022014567656905962
TXNIP,0.049561250207564404,-0.03580425364115259,0.03731629342620313,-0.005867912127408457,-0.004624538501778853,-0.05765408770620852,0.01833808497657289,0.00982616945005277,0.031334261217243926,-0.04456787402958691,-0.036335300460647535,-0.01790558540507882,-0.0386501257179479,0.013395872260900155,0.011337625529185533,0.0354488603008753
PLD1,0.0024352716897821725,-0.011032950858651362,0.06847341917803136,-0.020222573350471243,0.05722455965493683,-0.044119382722782,-0.007302016471290132,-0.006511965459545298,-0.009735354669973953,-0.062413387188982435,-0.009552341291317618,-0.03423344820802214,-0.015422028160968236,-0.04319594477455964,0.033962275268048514,-0.00045571520090936443
ACSL5,0.08437920250608498,-0.039005338624530234,0.01863425635676369,0.021613765918971965,-0.021226683429779965,-0.0025199391665614865,0.025312621588556693,0.0012264484359949864,-0.05028361397418947,-0.01124359003809489,-0.041195310690982825,-0.0076837084454529705,-0.018790938168850656,0.0015907015227649094,-0.008389817329399162,-0.025712901116633102
MFGE8,0.013941723813531901,0.01589921407656119,0.03951822257759634,-0.0392531219432717,0.04254785497791421,-0.05697637744565473,-0.00943441108735618,0.009983035214165624,-0.014143165290742572,0.05550819617792402,0.018440780321718316,0.03990718942870964,0.03139460111205892,-0.06661398885914185,0.08701138424538207,-0.010315544266142966
BRSK1,-0.004719486766273086,0.027847221201162155,0.030063423336965992,-0.026801391455800162,-0.01940367349683144,-0.0291084311476819,0.045566181402681746,0.027697054989533086,0.036422785281197786,0.05040202843969672,-0.06479175082559192,-0.016464363302659844,-0.026815113334608683,-0.05105557447811909,0.038791542349007724,-0.046689351323509945
ENOSF1,-0.03477824591422938,0.03384489960738001,0.011599888071644734,0.07166971547399276,-0.006947001166039382,0.01807197643744892,-0.022421801064873983,0.022126297047490973,0.0006096402983040237,0.008413198323067828,0.03978938372318547,-0.058889207264831,0.005980337805601824,-0.024766155918074025,-0.006527803111036526,0.015494167184805376
CREG1,0.054416190631784205,-0.03129040235762531,-0.02208670488035771,0.050892196426646885,0.0024694382554913377,-0.028729252822514137,0.04806905813512129,0.04358542226314502,-0.034980164702425945,-0.01840137961480097,-0.041306389232601715,-0.006014761088677266,-0.003976770889487969,-0.009897528725528956,0.0003635198662427161,0.03715333446879146
LRRC1,-0.05255893690448027,-0.01835883779579792,0.039508639483100585,0.03593296433667561,-0.009416551427747156,0.0022063170268987135,0.005541934482800606,0.018485089652169683,0.05038978980565837,0.018720618709915114,-0.01702829251983617,0.008987944159334746,-0.042854351984236545,0.021411633843275792,0.08017756607279067,0.033690252964699866
MFNG,0.08650723980309907,-0.024854978217286956,0.01024111021807456,0.03347954041086392,-0.051855006574795574,0.004844733291175832,0.051202056456470295,0.004238626321962596,-0.02997336888503728,-0.026442911291068242,-0.007333168695067256,0.00777744261207957,-0.01187088536166304,0.004833092533642166,0.015753162981026872,-0.003529420908378055
GPR4,0.03338995620998779,-0.0058369185101229066,0.04017861147127111,0.04006685199896294,-0.06974957685333595,0.06094397772283811,-0.06064854320199943,-0.061988092257036616,-0.06304525502960918,0.020452021715735114,0.004321268429358784,0.022313347302119306,0.021427787268315346,-0.015741044892039598,0.03173750558112528,-0.04008130390911405
DACH1,0.02062054072131558,0.02356416315300516,0.03143728831212374,0.06287342403354787,-0.08780026652889392,0.04166061249751424,-0.060020733858894726,-0.017067740129818446,0.004805538693422101,0.01562632264183636,0.032038184311707345,0.021072780321497814,-0.03665286286615344,0.03319914664205666,-0.034638323594821295,-0.007329325232339769
DPYSL3,0.041570524155990815,0.04714231553110936,0.04278777019172238,-0.008074235519786019,0.04303683900811161,-0.011708697725636298,-0.017716942476743373,0.056798770785140965,0.00642327233617845,-0.028793212778380883,-0.03393879698218273,-0.05797602781407956,-0.03459047325993183,-0.009551479299143467,-0.00295323932029219,-0.03332961133979196
HTRA1,0.027619612372536316,0.05156468076960433,0.03821749357216244,-0.047513510783289276,0.07429200750135123,-0.0004337746884654388,0.051030767432702184,-0.004242104923722042,-0.029194180602155458,-0.001052326650437212,-0.012439700375762818,-0.06555604173173127,-0.012982291940468824,-0.029869706098303174,-0.0003461955411533258,-0.00725893800995559
RHOB,0.035300888539771105,0.014554023754867512,0.012949031292259397,0.028872271331503087,-0.02410969506322046,0.03076139107717625,-0.06656673497814827,0.02959715923225393,-0.009787005467989381,0.09227359894443946,0.04059033544519134,0.031862024598345855,-0.010960271568760296,-0.0014473413736793388,-0.05606962211936959,-0.004057590175725203
FOXP1,0.06120194843264068,0.04912445428976103,0.004195465614040234,0.014115127506073959,0.011484696576714378,-0.00880255790559854,-0.042555162973871574,-0.006826782293314503,0.05605071599262339,0.005432948312468103,-0.030541495310258886,-0.040022130126023965,0.02238980321420625,0.028507120450586072,-0.0280321044321084,-0.03858100564152559
ATP6AP1,0.02131359627488649,-0.07822681702436579,0.03880985385651963,0.003044975370988197,0.06957246288339292,0.02347580088596993,0.028614942426765665,-0.0258233240789874,0.028433134604664193,0.041464865445323525,-0.01452158747823385,0.011245612424685142,0.0039122364637552524,-0.009762360090645416,0.011910530844669524,-0.03753201340551557
ATP1B1,0.011943729886906802,-0.035118211354798846,0.011712362864173162,0.029384844526508035,0.03334539758581639,-0.019215858367342235,-0.009253367636917479,0.013270124161016887,0.012158621386645394,0.0004922283079420937,-0.01632015884679525,0.022429101329652923,-0.06477317034579311,-0.0054686765312606,-0.03880051090349537,0.010414620856506539
PER2,0.013216963352239403,0.039682877681429564,0.06207235135900189,-0.002767154359162154,-0.028224359477376986,-0.033875701867009625,-0.022961107429833167,0.012896173558608354,0.028319618244804355,0.029941714997469945,0.020729818022803437,-0.01613374470482567,-0.045364952497616975,0.009449378037666604,-0.020922263049968172,-0.033849045678586626
NBL1,0.026524472046795488,0.009341447059812545,0.03358806121691965,-0.0594261581791447,0.023325738589413166,-0.024725884451967557,0.035940192527608786,0.006126893240552874,-0.06053054453912798,0.036221798067987476,-0.0475277296141385,-0.03746581426237881,0.02376217127434876,-0.001337062207026946,-0.08625637655558493,-0.025298321758623284
TMEM97,-0.056098721773347314,-0.004738771530997219,0.03409564052079961,0.03425150905268468,0.02117546109285075,0.024490088293581142,0.03370725983936887,0.013361121099521565,-0.033957396813810464,-0.03194217173378489,-0.028958081006134867,0.06561805648793613,-0.038324784347363576,-0.005777029157924217,0.020559389629009717,0.03945983510126705
SFMBT2,0.04682950673298296,-0.022149240776706873,0.04806565217848257,0.03234017247251163,-0.07993294820499056,-0.04801909828935222,-0.0027789556743609374,-0.0021086244864444367,0.041717908052847176,-0.015754227964307553,0.0006106663174869668,0.0028730088599480145,0.009029192082874716,0.05059301137525337,0.0185283762311763,-0.037287997452128935
KCNF1,-0.009139218889955128,0.00011801641565293251,0.024989486640591422,0.048125114528360186,-0.04963096066338463,0.024828772141663694,0.0011971173847108293,-0.04967455491883941,-0.011462377449931036,0.08330914705379779,0.03608077925763509,-0.033227893041539204,-0.004903119155943953,0.032530163619219926,0.004263556823617633,-0.019450948730289512
DNMT3B,-0.05365771557707908,0.008401598027668265,0.015728520182828117,0.0775913883012036,0.007766659867376344,-0.021105865509936858,-0.0023131932025384303,-0.04097728039782125,0.010927757811651728,-0.05334548122069536,-0.017012770761853802,0.04959230642242385,0.03621500071886678,-0.023491085992177817,-0.05417009514934285,-0.01992878289174605
EFEMP2,0.018400116257668693,0.03554113541818683,0.04283358454748828,-0.02082611481257846,-0.0018408468665889323,0.03951564597306253,0.05399585824200149,0.03405251872138588,0.004742869074612296,0.012969768973810481,-0.016574601899649287,-0.03605967642743696,-0.017759075134674316,-0.03153739731731636,-0.05841176379320483,-0.043569627095522236
P4HA2,-0.022558902488707552,-3.156545151979627e-05,0.034387973869579355,0.015100221581382366,0.059271465876822214,0.06989708415880598,0.018032904981057394,0.06473089835039328,-0.054171324656641436,0.01763305186086344,-0.03212162870793407,0.02379016587146853,-0.002297075704673704,0.06897574880201544,-0.04363747804016077,0.03274292474360686
ANK2,-0.028669813353483134,0.026214162438355698,0.04232516116546457,0.006215401055924853,-0.028152084128507213,-0.011522413594273686,-0.06167879423202039,0.0595444627749363,0.05663290900210488,1.8845656202991223e-05,0.011414370729729187,0.009996587842920127,0.03278835468002461,-0.04186152526514388,-0.0204589041444896,-0.014915147110494744
DENND2A,0.024753271071222785,0.0166938282825242,0.025864800194623536,0.0008154358923209374,-0.05282962199971894,0.018587644316011308,-0.05075454445512122,0.05921128706466132,-0.0386033219121543,0.0060638177294000985,0.013956723490859258,-0.05867343211944066,-0.05589040448563276,-0.04479391384698361,0.007113678541782012,-0.03858923668450752
RECK,0.018425093882307956,0.05356416065702658,0.062282362570393865,0.010382633730978355,-0.0027003837296552305,-0.06449308640035625,-0.021357600513075278,0.020578102041927577,-0.005748862851700486,-0.05271511788826054,0.00028802683312449673,-0.030252964237643544,-0.003554750989310875,0.029004279737102703,-0.02446591928534178,-0.0159005000454977
SDF2L1,0.008418942441486556,-0.051770178759497604,-0.007404969062838173,0.01809905135110364,0.006804338605828679,-0.002210727856234852,0.0558975907559508,-0.00379701426435035,-0.05350442439542278,0.07606042230467441,0.0012870476625383084,-0.04196296829797669,0.04635570075809639,-0.08805800199917282,-0.03569802198859631,0.013278293714930937
ATF5,-0.016029910046161996,0.01635302173791448,0.02134560925677683,0.019755172534289482,-0.011818379847110311,-0.06749725038931205,0.06420655576588041,-0.032455614314466225,-0.0226212647530565,0.048783638054381746,-0.05684669240558175,-0.04625990098547856,0.06763885066723979,-0.05338447014620859,-0.02156035664980776,0.0329023852044399
NEO1,-0.04476345159369991,0.0036224650376506687,0.06808345675659332,0.011445532152515508,-0.0005341240939772212,-0.034724953220439156,0.010160693562496976,0.03139897031303082,0.03700468244166089,-0.055649496350739826,0.04056824362920959,0.0447642072378344,0.03175034652124733,-0.021761258133505487,4.446619156218967e-05,0.0029598743522075335
ATP10A,0.029673600639819758,0.023583383637707633,0.011714898074813152,-0.0413587431355976,0.01590820483886942,-0.04923660997034992,-0.021819505934826896,0.031724717347288434,0.008405490918391633,0.022997422351160597,-0.06538894416552533,0.0005628738057865002,0.12577510167588088,-0.02430681207378489,0.06663793955468507,-0.06311161154513326
TRIM9,-0.001211712874751711,0.004707377776595926,0.04283585089960001,0.0020515501562075747,0.062268195609559915,-0.09277070085865038,-0.02957278033203354,-0.05496657641807388,0.01390074219549797,0.019779918776186737,-0.004911218408221684,0.014509051143648349,-0.0008037559259579906,0.03286290645716472,0.02968070283017552,0.058530677945074654
GJC1,0.005015042368694603,0.04215927432562497,0.039357695777919546,0.0762267278324515,0.002799807186784781,0.03616240294556745,0.01353334078082106,-0.03197516587662235,0.007951606272047022,-0.02372550393551772,-0.04704046677661551,0.04053226663482325,0.02384627077821946,-0.026213092565066508,0.05938773574101859,-0.0207629287555876
SSBP2,0.011201758139463561,0.017136669151217653,0.008671873044179875,0.046199199813603264,-0.024828697203302896,-0.04612179913151369,0.00018928456745177184,0.017373407501341014,0.04458209052244333,0.04594092262694938,-0.04326155653607959,-0.07661272476962128,-0.06546452619618537,-0.018845751491592944,-0.0004094056848310875,0.044460103994786074
KCNN3,0.005115669375486413,0.005971426933128084,0.06477536465533289,-0.020920935245971453,-0.05278164260448795,-0.04746897996038519,-0.03885152475456198,-0.03614502690757521,0.017941887197436952,-0.03287785720249483,-0.04614747730433677,-0.0014423278225364385,0.052547247224959334,0.01721332398521439,0.02134514241870322,0.03417349709459561
KITLG,0.03833564266902989,0.020138615745488798,0.050774977761589055,0.04492867221173496,-0.008527541245587423,-0.016288471293605986,-0.06971658699157685,-0.021207678157835516,-0.03916056811912657,-0.06032112041685379,-0.03214607913039266,-0.0015669415985977877,-0.027997332959946945,-0.010938852708653154,0.03667024205344785,0.044979950410293526
PHKA2,-0.015372438573559404,-0.0014623802567841878,0.05165872168972046,0.0014874045764153585,0.015670756228669976,-0.09856752436798853,0.02362331464815206,-0.013492019303490622,0.011977263546582101,-0.015170971873932956,-0.001023152274766468,0.008518706025824071,-0.01245210528656833,-0.009186002910514374,0.0031876257989797603,0.02366469297596683
UHRF1,-0.03988392082994462,0.011527149894099675,0.02130963785678531,0.10432266566139083,0.05700640254169905,-0.025670324552616836,0.002117223332116649,-0.004203844163741961,-0.03897283394862844,0.014996859631579283,-0.052762896248437274,0.021342763445495138,-0.004730397725323763,-0.004140746783442013,0.0007093042698341542,0.004987697315632803
MMP16,-0.038863301076879776,-0.0273209966827676,0.07313450083623045,0.006248490425750041,0.008872747098142359,0.028170417676934144,-0.0045515924527394155,0.025151859291339684,-0.015222488452996017,-0.049901460772699115,0.015280344165252967,-0.017352513331068273,0.02046344413217128,-0.029544376260620422,-0.008742484735725163,-0.015928083006458593
ABCA8,0.05004654961673025,0.046211703724821966,0.025491435083410764,-0.000338400336225805,-0.059838690447985524,-0.03398138743276757,-0.0007094363575975756,0.026095892326382004,0.042883774519720405,-0.006730942078587515,-0.023160872012356913,0.09236831209388564,-0.03133682133122681,-0.006119189219362099,-0.016035932483849265,0.02180805152964392
TRIP13,-0.0455487117442212,0.0005717523425368921,-0.001387385697453772,0.08635947582592589,0.050976874236881964,0.0006184279154465159,-0.0009671892808477967,-0.01660268341868493,-0.06386297089853023,0.007689635092964858,-0.029739425409177525,0.009519125262614406,-0.06269795192543043,-0.006230062611988026,-0.04939592016076178,-0.0016311940374425472
PDLIM5,0.01410437054256271,-0.0026147715606927666,0.025224890802511724,-0.03232369081458722,0.016864566079304838,-0.015301204821560267,-0.05458959622794076,0.062174071622513774,-0.0012869659543698168,-0.0033316769902617034,-0.09153082986086244,-0.03513124347004801,-0.05588985621778499,-0.03204928513596855,0.07484061753367058,0.020247335463810225
SP100,0.04911084130849342,-0.028183481549453885,0.02274713209617051,0.002687784905899061,0.0049811586130969355,-0.07944624374649704,-0.007560011411597709,0.08122799613377764,-0.05936543077356821,0.0020677328559562586,0.045697315485702876,0.03011211071237419,-0.044657441425907385,0.03105267094569977,-0.0055541171151014075,-0.018915392465072033
BRCA1,-0.049097873940152616,0.011781803686429962,0.015202273550829095,0.09321833684896749,0.05545672860509126,-0.03826655045120619,-0.045117778810903224,0.028270807132347295,-0.04285985408169428,-0.02290694675042214,-0.018786398555112598,0.023569530856735004,-0.03724131284887089,0.03186183785198872,-0.026251515612175154,-0.032081642352611156
YIF1B,0.03171447718109879,-0.023765339599704637,-0.013413774565417327,-0.009226132040837484,0.02592835046448632,0.008465840869850954,0.06732246106029996,-0.009443613148799096,-0.032065341524206044,0.08362481923920384,-0.026393356135642865,0.0242439486904174,-0.06765324745321577,-0.07768744322806762,0.007117124844712153,-0.01959591388962523
GAP43,0.020308190278242624,0.03463605242960063,-0.007925552640291086,0.024779871712557966,-0.005832688139710338,1.0461526769956235e-05,-0.0017383048852154309,0.0452788462040284,0.001642375680624498,0.03953913521938777,-0.01315809898077433,0.016044633218592216,-0.016160071936629744,-0.014036849137094458,-0.07622887214110499,0.00971521740932426
PROCR,0.05985296038564963,0.008230008167559302,0.017531489028878473,0.019693278708145235,-0.016592022210588,0.03827622805774633,-0.018799558769336176,-0.051813593499326197,-0.04170876570824375,0.061174901414583455,-0.08245943667361283,-0.01431165788740583,-0.0063207098583079185,-0.023701669631180557,-0.0027257448260309784,-0.02529966177634731
KIF15,-0.0471723723551546,0.015744330116707186,0.011782449078682967,0.11231346758933626,0.044564251518292464,0.006490052037123822,-0.027248190518241684,0.02877821069077944,-0.03808900217740099,-0.01552999277037059,-0.026805248800174278,0.012761376104749969,-0.007926890171753421,-0.0012191566994205327,-0.03478205249309447,-0.020919543137862068
TMEM117,-0.009032637117926828,0.00175036355897208,0.02130408958391665,0.023200685894990393,-0.04151618804606341,0.028794242167166858,-0.028096387909579155,0.0945654704906408,0.06257845913751406,0.023481597474056093,0.02190982068850842,-0.09446846036138853,0.03212446867812583,0.008857513449346554,-0.05774343854245151,-0.009337592891670111
HSPH1,-0.0217772813995863,-0.006624662129807418,0.01507050994908526,0.0809296319745864,0.020334445795825523,-0.019735475430908422,-0.028840499334039458,-0.04392610154310509,0.005271172917375036,0.06857689555158698,-0.018982721608423937,-0.02766507553900957,0.0222109401552809,0.019252012883084216,-0.01048187844494165,0.03672663723984565
GAMT,0.007817658075622822,-0.030902903682152403,0.0075522252327257676,-0.02434930463567794,-0.03678633431576667,-0.01585364619753816,0.04815666930721463,0.033848394853561364,0.03192624164876721,0.1054954652489753,-0.021047457954224698,0.05881819605710796,-0.0615251694333218,0.01122241810548809,-0.039419319342189396,0.039471385074558905
ANLN,-0.032259709650612874,0.010276134963962895,0.011115021059561104,0.08385631043215966,0.0804748631090128,-0.03376721879828492,-0.07478616471728002,0.05257535029500708,-0.03195884964275869,-0.030156305187888918,0.005788974349630844,0.014355994526568838,-0.00013746413151471612,-0.0634667333372661,-0.054528366642650664,-0.018137351896907246
GRK5,0.06695789787519557,0.029556063624134255,0.013738713126190386,0.03810072449064868,-0.059780238319532567,-0.0069439255930537035,-0.035029295513382804,-0.028855761397379595,-0.025582266241023027,0.018301108274001547,-0.020106758369168913,0.034178438172000586,0.07225653880629385,-0.027842534995390886,0.017540636252694246,-0.0376950914463106
CMTM4,-0.02188227570320328,0.027867355844523854,0.06051895274076395,-0.01156582401077913,0.04139040932599662,-0.05953675088568806,-0.01203952354674373,0.015060350127762318,0.02186091025817012,-0.007227641238304587,-0.02347431871496583,-0.033174357479768476,-0.028377388602685398,-0.0067981420249428465,0.06702787625546801,-0.01836816466257757
NEDD9,0.02376256713466944,0.006874048665880137,0.048173575058885997,-0.028546141078441993,0.0002923598659158571,-0.0838940179302874,-0.00645395971068541,0.03693587493045565,-0.0048324430558463125,-0.02647345187833304,-0.008269922888542704,-0.03621843440156969,-0.012930617930316074,-0.0316177470672648,0.03478136164020344,-0.03247631124617654
FCER1G,0.07738069370393871,-0.04506501438370474,-0.025914488725757186,0.030196329904554464,0.014196293155272826,0.012627574735645162,0.056846213034437536,0.040177919516126336,-0.0020423897118712056,-0.028754486989343162,0.02216147223307841,-0.0074677194618009025,0.01941618370852187,0.004202739456449519,0.002817339801762434,0.006573125340389279
CD36,0.00654894706049288,-0.03568081769896184,0.030044487052170492,0.027203592349094353,-0.024038186349176708,0.09670818973911306,-0.009726770505960247,0.08096565298165752,0.003492941446767597,-0.0393236779953938,-0.001414434869235083,0.03563437597279397,-0.06110096471871533,-0.022076576200439145,0.03379135714480038,0.006394609724735122
FRMD6,0.0015396956603556974,-0.01987068172674831,0.07867960018100931,-0.011225451520585617,0.05517792479410561,-0.025399871814802633,-0.05025823951748134,0.0023011188217424896,-0.01794244521106176,-0.037254249753364256,-0.00912080682423421,0.024379515223485568,0.05751710263614958,-0.029734977400801263,0.0027361036654899237,-0.0061085142383221535
TWIST1,-0.03448376829737662,0.031964204662611635,0.02926703908357208,0.01802047520661313,0.0699854277801897,-0.03448445121465802,0.07105391528295522,-0.04151004680407337,-0.028881396580293983,0.028261843965891053,0.03227253432751692,0.014052043522739057,-0.017679595848632542,-0.07506727059870985,-0.0121662401519415,0.0030204017629714432
NAGLU,0.024652132560314073,-0.044013802790301426,0.04487852118388365,-0.034562053996295077,0.0702744616665692,0.0160893057424728,0.01538864473011466,-0.009829984534113084,0.010072551677674091,0.009863163680004302,0.007151474637779331,0.04854470015715604,-0.0661171961082482,0.009551995137924183,-0.013961864703212262,-0.019524903382066115
ADCY3,-0.022536476806040536,0.03975914569715324,0.05411025644847003,0.02572950746755511,0.04589827592835658,-0.01543330232447202,0.0379609139671257,-0.009206184232796531,-0.03179593831410062,0.014065623428799929,-0.01245503623414776,-0.01711858183810294,-0.021929146327720944,0.009220678679885116,0.008799471100698675,-0.05561903722727991
RUNX2,-0.043368665265942755,-0.04156298357482635,0.06710148647516795,0.011233282928863433,0.025237613373226754,-0.029743596816252632,-0.024394317094050995,-0.006729532142489935,0.010341003634750484,-0.05792662869499259,0.02445285003558723,0.0030336281621059424,0.008547320927337256,0.0037474791142516253,0.046746437106386235,-0.00809540211645101
ARHGEF6,-0.0012285135239303514,-0.03335024466409673,0.055984817583552296,-0.018895744375840715,-0.001041186604505172,-0.06936000867656046,0.01929579976821886,0.06266552883378344,-0.03951218271170826,-0.053999039059952215,-0.031179025184860664,-0.08604876588150671,0.016030079389407197,-0.007997879640741619,0.04899012708498811,0.008932484678928562
SLC9A2,-0.05666000959186907,-0.028119654694445714,0.04932319030057725,0.02221233536467093,-0.048481926532538,-0.012832604756995228,0.032452518225373726,0.019415951654506842,0.0065910317813131485,-0.030361125635027478,-0.0016451683702058545,0.09317279894027133,-0.0028805003282749327,-0.010425506791831513,-0.015438804067157726,0.03932759758740297
SLC25A10,-0.059437917691050064,-0.03216092822303509,0.006470876445122661,0.030664425262427814,-0.0012946948390484333,0.0019822483187097624,0.04913116367830695,-0.004869146678884467,0.024250793729517547,0.026939230713481022,0.0014794791948282218,0.08498778577381245,0.062169899840743295,-0.08389768423601823,-0.044939780761290155,0.0031438994559050927
PRRX1,0.026219388919466714,0.031351635122812804,0.06311755142219384,-0.046854371965462986,0.05739484088852215,-0.05865208253975884,-0.010767014459889212,0.02451472595911113,-0.0462261028976395,-0.00808443860738889,-0.022871718930362418,0.02074654463611289,-0.033625811387538895,0.004819578710552272,0.001472217169975581,-0.01795079113106069
STK38L,0.04071020799931917,0.042731232355241684,0.016368780016364916,0.035070465413520206,0.008923339305432987,0.005138271658805708,-0.08890252382417846,0.0625972464644236,0.01009228070291038,0.042242470125149124,0.03379101837323726,-0.03700516458669241,0.03763040093520559,0.0036503774012690386,0.04488511837099757,-0.0140085959632431
TLE2,-0.018386179006749586,-0.0038643747964600193,0.03686874623358168,-0.010209806228481895,-0.037977806347270424,-0.061667354417304865,0.058803910403977505,-0.037820182982215636,0.07000371742936812,0.06842520020606345,0.004850255312209532,-0.011471056815254402,-0.010191310842487806,-0.018388271995441404,-0.016514619062351937,-0.05817658834196278
RAPH1,-0.014699413704094859,-0.0280637130430125,0.0792356253138946,-0.018471367872676336,0.02001481232719501,-0.0341713750628029,-0.04631684537057153,0.016785622902205338,-0.005774086995390371,0.021272208250571335,-0.056612453407020216,0.04907192415655078,-0.024627264490870576,0.02484812962355746,0.07831473618547127,0.007737966002026787
EDN1,0.05954770735293191,0.027616163795949274,-0.0029176888745601594,0.021489831274174632,-0.0386642952839414,0.021638418209282036,-0.018022303179967503,0.0230625763053184,-0.00417661015442366,-0.016423813328725487,0.001898215801353997,0.05862334909658699,0.044027662071333434,-0.02179841075222453,0.004801701703657629,0.029783223623039895
TBC1D9,0.032293580856775916,-0.05748356487955105,0.04646495960347152,0.039512456765736656,0.032543416327393396,0.04543490670530037,-0.051232732741818644,0.04424809760206434,0.06995735704661696,-0.009593316070788305,0.06756884471863014,0.023811449005051777,-0.05200446295891896,0.017190059688686088,-0.01675414162700207,-0.03626537202208143
PDGFRB,0.0441307670603009,0.011628562275583386,0.06881879062206055,0.001271381920529258,0.021588672064554674,-0.03988704496373558,-0.035193998470196684,-0.07273714744635072,-0.04027048397671697,-0.027193474392849977,0.01340920647545444,-0.01849546617955162,-0.0047230596779722885,0.05997590330394746,-0.0067523842115972815,0.028684892889343637
YES1,-0.02217544672166101,0.02874079375376862,0.02880064584471671,0.09256043139673044,0.006225188899025585,0.045884032355083156,-0.05072324357291,0.005733984079110496,-0.026657241740591014,-0.030012547398552702,-0.0007853201076393791,-0.02550922804660514,-0.030538637038053994,0.03321782131487238,-0.019658665314284753,0.02924054724921782
PON2,-0.02000758080146417,-0.02378049809892302,0.018545082982647225,0.072228225075617,0.028255568156541917,0.01561235658404828,-0.0010988420018009783,-0.022286168978083814,-0.019987755701841914,-0.032909177951284875,-0.02059555512291703,-0.05410453513934856,-0.06294292568519708,-0.02026282623235299,-0.03987570451721914,0.02333719239978113
UNC13D,0.06193212699269884,-0.05815848643088342,0.00113913629800685,0.04331426524187873,0.02176710360312944,-0.005076966475730013,0.019898056566219458,-0.004733731994033997,0.06329873257651525,0.024310789918743223,0.014771571563620241,0.04155735724415237,0.012386783620052615,0.0516710294652354,-0.008437055783395098,-0.010361154037093456
KIF23,-0.04876058749073777,0.007718041083222028,-0.0016333025647967906,0.1064579835738774,0.052293810424366705,-0.002701679985023596,-0.026538919638460563,0.02667508817019001,-0.04206822276648047,-0.013679936304229041,-0.029761930933888445,0.026684714620119426,0.012105855889923288,-0.019780637994430625,-0.018962513388644773,-0.014768717288908492
PCBD1,0.015757127789464836,-0.07431330388400388,-0.019946643144379474,-0.022565706322270822,-0.018332403088515286,-0.041095657422883444,0.016316216556222674,-0.011451225380931717,0.05671716184037096,0.04503123182107581,-0.053234290736444916,0.04070683899820326,0.050797667147481906,-0.053606906321398626,-0.04200385746123609,0.009143539662197804
CBX2,-0.04578998018162512,0.0008201454213945774,0.034167129991840926,0.08209849188503802,-0.02390809487199971,-0.05645229854578594,0.01955648535653548,-0.00773581505467945,0.03216394094975333,-0.004302321315549654,-0.017867114141027245,0.029010185819460035,-0.05454088734731615,0.013417248530302727,-0.020387723786488187,-0.06015584264472165
NOSTRIN,0.039837646216681566,-0.008651813312943294,0.031448364359469926,0.002509683656272797,-0.09270868050049748,0.019399111149109822,-0.01845477380245494,0.0031914576682310885,-0.03777070720213328,-0.010946746317167461,-0.07925004493579871,0.05664313427481046,-0.05291193288629342,-0.05636128824961056,0.005798687783659463,-0.04141887668374501
FAM43A,0.012917295301719622,-0.027678211620950362,0.04610745741166961,-0.014744064150936768,-0.09353550130683996,0.023884979244795122,-0.02645433388409631,-0.005689633987350473,-0.045829627740462495,0.01853405972668757,0.02740915969296416,0.05467120412605179,0.02928523767565415,-0.015602920491171627,-0.009940466123686703,-0.03174589825760167
MARCKS,0.005551755701305405,-0.002716610398319305,0.0339988571151274,0.055219527501335915,0.0147963464017959,0.029984492222021025,0.04466399525647051,-0.0071966819818316255,-0.04393375682578844,-0.03165286642091221,0.06890918206347763,-0.017471914611453178,-0.04318470374841403,-0.051413851485671604,-0.0266530319224232,0.03474042505046689
ITPR3,0.010561712887169514,0.009438374081284775,0.054454664394912554,-0.01732898891547627,0.037296316736306935,-0.08877777692331705,-0.04143443857638701,0.0195803599355145,0.0029790230738972853,0.060683989136455445,-0.039010577556037235,0.045481460852523574,0.04387615136438093,0.07920848814205457,0.03355696810929593,-0.07399214737100612
STOX2,0.014995408118439893,0.012839445025098314,0.052115620154784346,-0.00012722631441568644,-0.0715028325212398,-0.04934896582450671,-0.031498787061750695,0.011928424474493476,0.017848719064243943,-0.01846496900244833,-0.019420175462203683,0.038326567191204454,-0.07449798945391879,-0.00487139875544759,0.04102625356552525,-0.03680841631167328
PTP4A3,0.02868236584220131,0.01771078757085468,0.01435277654336339,0.010003143043790116,-0.09763157962564915,0.026640442715249322,-0.018199402132662815,-0.0669743006521006,-0.01903269580978811,0.03371260850636381,-0.005384736945817646,0.05010560183401438,-0.03553011755965582,-0.060015489626984914,-0.002171636201202304,0.03334686045132854
CALD1,0.04529028001052978,0.05803097986125421,0.04094954423438509,-0.0054725992140737785,0.036388474593283995,0.016963226471515384,-0.06398974772554955,0.028228062685369724,-0.004838415119812811,-0.05042150072209063,0.056488931997021576,-0.007097507939181742,-0.008816414903392616,-0.05776212076076605,0.029367111432940678,0.024439157706928973
FGD2,0.06884897809625103,-0.02916409218532592,-0.020554982657118227,0.037321163416271355,-0.05318048313108781,-0.018104832426660385,0.04405435516720273,0.052121049263157325,0.002158642730851439,-0.04843313769030996,0.047551367027891873,0.028566784766602897,0.0455991224230698,-0.01767890043070701,0.024059853851021554,-0.005082053512537486
RASGRP3,0.05221225912589971,-0.024935122713060982,0.03956843335447953,0.04135356183926807,-0.0657642539406629,0.02286180547807747,-0.05707341012785973,-0.055810195650732176,-0.07969349113842736,-0.025270234945075895,-0.026341852727020852,-0.026267723225485498,-0.02631872214809096,0.0032927607612008736,0.07721940304560043,-0.023834589752711466
EVI2A,0.062040304516370645,-0.0021668732200729917,-0.0035728141590185072,0.020041484969266235,0.031551612356635436,0.081853586463593,-0.026018045082830996,0.08906142108358317,-0.013722029219724876,-0.011189030682571653,0.06439857748552105,-0.044588713961380644,-0.05114817453381502,-8.8247821958376e-05,0.02453108165690234,0.006068677444466181
MYOZ1,0.012510786163861868,-0.01177779112466071,0.012547360378054966,0.005427609331930662,-0.05431024087559602,-0.024538532813076056,-0.01230699334358258,0.003282694115513459,0.032787314043580026,0.024301864042627165,-0.03696141650732932,0.03365838727906227,-0.027942881063950042,-0.07237790819828968,0.00165044244590919,0.10590109353781586
IER3,0.03807224729656506,0.00046235874786480953,-0.008032653585910621,0.013791686870990173,0.02852313152019101,0.012010914720970859,0.004514542429181052,-0.0403414951630051,-0.041500910580321744,0.11106534243813572,-0.011380347520391472,-0.030251016341092396,0.045650614695173564,-0.0647626005317207,0.012236355511926667,0.04524386467481201
PTEN,0.036959249600422274,-0.009181046150995801,0.029745169295833665,0.0025436102269577165,-0.021392030172415172,-0.04635818336487028,-0.06452976528156813,0.008480000488340888,0.027337708310532127,-0.00944389714666461,-0.06844587553289419,-0.027203265140141788,-0.05581749731577159,0.011490654211042067,0.008980783440094712,-0.05248210737471704
TPM1,0.018908713877924754,-0.010277296371683313,0.03567085205655388,-0.023611122349993276,0.04545729627889643,-0.01381254519661773,-0.00021713356559617536,-0.0014854555560493902,-0.0028049232272746904,-0.04155937219781012,-0.027024620224952677,0.003701714289950312,-0.027517835148385537,-0.060809144284045505,-0.038788021694306424,0.07845159507611123
USP49,-0.03143145091238284,-0.01552859355671593,0.03481293935617142,0.020235019219962774,-0.029350849126453443,-0.0692148509068813,-0.06090459697143936,-0.023436989140635335,0.04328945051063982,-0.04855684574304127,0.0851867609942208,0.013370900817881452,0.04553727449962011,-0.03741847667033552,0.025697245012454895,0.020357348787537723
DEPDC1B,-0.03449754999470389,-0.021179563165894456,-0.024226394530039747,0.10999713348389258,0.023314680545880068,-0.009187740108622344,-0.024744161063224555,0.030881287674483823,-0.0338162485142704,-0.002154749816571219,-0.06127449848431603,0.03638925602653429,0.01274351251177542,-0.050844266868913274,0.008952707225626293,-0.028164023686680764
SDC3,-0.013069569331178112,0.028994460899955183,0.04060555512498632,0.0013937141445136327,-0.026590179276685874,-0.023862136251394647,0.053239175507060664,0.05767295065549625,0.04316724393584079,-0.018409671994184272,0.0002973294600424996,0.016447331624425365,0.036389706905261915,0.036339448483983475,-0.006627497248934783,-0.025691174214717755
DST,0.009476036472284838,0.00269648659819363,0.05720938482001371,-0.01771094804991622,0.023659953732940595,-0.04346796713437717,-0.0750761665649888,0.08867840919696508,0.01570263667456547,-0.014992833512417859,-0.0673846263422715,-0.0007581133783783535,-0.00916297654132782,0.04185656211520779,0.026710576025173214,-0.020921191748994473
TPD52,-0.0004238998697424566,-0.04342151001374474,-0.012212160172840096,0.05164587707789435,-0.04707610933657418,-0.003760104646060577,-0.02383113882328415,0.07931455838679712,0.0372056940770986,0.025360566101184836,0.006013696803726248,0.054091004648388424,0.032608477849711076,-0.007133959068454021,-0.004952862499422812,0.049344718102009424
TMEM106A,0.0401670427392085,-0.04458503551588186,0.00368426223734878,0.033967016468009786,-0.013637677867439477,-0.002279427975621466,0.011440927442053498,0.06681152368794097,0.016606955117193407,-0.07743896788523769,0.03373059800407743,0.08271573677671476,0.030511655428801705,0.0005670241663193673,-0.024041413609180384,-0.02501171827143697
SERINC5,0.003609998841443675,0.025657042842370633,0.04728406143647471,0.014326658153278599,0.03196616416725928,0.00506284086527454,-0.0529360116645871,0.02280041100978323,0.024494876221650978,-0.04015552559947706,0.025092836368685773,0.035937758533932204,0.010570199757478027,0.051418038305581185,0.09162147583738542,-0.007503040422124221
SLC22A15,-0.012079112238429167,-0.020462261856947692,0.016324976128927266,0.05482332757482766,0.022421070435367764,-0.05388581471942074,-0.012428615957023364,0.06102806272895395,-0.037473617755862255,0.015924439217457002,0.019366081511037383,-0.06791684344357106,0.04818133250326897,0.01987798271955805,0.021245493128439825,0.018845532209170207
GMFG,0.06276420690413737,-0.04892754926684868,-0.007548034337790811,0.009736516771351678,-0.03349806580024861,0.036401928421833055,-0.009455751799688779,0.02755136647825209,-0.010204084914057774,-0.018164231620369127,0.09986954335534842,0.021440468638883024,0.03280106429500045,-0.0730671386277214,0.0007628278549057302,0.02549483963866619
TMEM119,-0.03993710190113299,-0.009201982377639917,0.06617932465648249,-0.0286698780641233,-0.009578164783617697,0.044660912704473206,0.0496274142590246,0.054244006950276716,-0.05087480263679253,-0.01214577166350067,0.01140515497793192,-0.005740404765006144,-0.03414799706279348,0.03623044917466771,-0.02725342423007395,0.014465700438371889
TNFRSF1B,0.07556490139205489,-0.01711601712432665,-0.0070267083464712506,0.05856150560428555,-0.020671463465434352,-0.02454081862219858,0.0750776144477529,0.024898248160966963,-0.004204646731364609,0.02725667514520319,0.01244383425761605,0.02173577071599211,-0.007246255139081747,0.01861875175163117,0.017072639427691855,0.02639753054057931
SSPN,0.02291826573119518,0.04743021327731429,0.050281900736108553,-0.0037799471263798732,0.030038096899192887,0.01754564516285761,-0.02209309376350085,0.007580965666536079,0.028490267552606245,-0.0025237351680711465,0.05078230676824228,-0.05616755776440291,-0.03939250052061672,0.020797642556515693,-0.04079966166625438,0.052229388149864955
RNASEL,0.04792685441286444,-0.03674169023880104,0.046235180912203806,-0.009694571515367682,0.018727470223672008,-0.08554171256094242,-0.007130435271972657,0.02090183617298007,-0.0308139109582897,0.017104694273642973,-0.025952329571454328,-0.009307488364633056,-0.013944839406535372,0.003437993878948961,-0.03567723757663421,-0.03475123223040162
MYH11,0.042249557923226176,0.03416652545334899,0.042668490339611585,-0.001138127208184102,-0.0695769191678096,-0.02030010148451291,-0.008051356683984842,0.025803514814565057,0.01414886510631848,0.004242655924360745,-0.06628021264733783,0.03533484002619201,-0.042818229545095246,-0.020942942648321222,-0.0027657679038755635,0.026558172168077758
SLA,0.06367234008397908,-0.0432041875670557,-0.00900725610432292,0.058630294657198545,-0.026232485163114563,-0.006620617804327437,0.02995823908465156,0.0802542133738376,-0.008286730976442287,-0.021098815010475332,0.03218747250784553,-0.023986682511016988,0.025482156223688417,0.006822603088240432,0.04092853656542439,0.04127912965915015
PEX6,-0.026298640954492837,-0.026105736168571737,0.035399192734371795,0.03855236727414111,0.018489620411502403,-0.04095838531635215,0.006243974274862729,-0.05611490547050924,-0.001421135668225011,0.0296056351261515,0.06593599380405496,0.0070695651069409065,-0.06361773104815081,0.007664038499716604,-0.01947106821933333,0.04285571085353419
NR1H3,0.046204107399536246,-0.0683409015645482,0.003001819622995645,0.033477971084513426,0.005471215613934959,0.009051150181362965,0.05329661751361446,-0.009871571953027361,0.024749521854509748,0.049581042787602184,0.020277935388341328,0.0472601804388758,-0.03236919471586921,-0.01837215875510023,0.011784929163360843,-0.010068136898950128
ANTXR1,0.012570724595013068,0.0416407502305931,0.06412928268671116,-0.014660410984222204,0.04173553578134342,-0.030222336156491312,-0.05534416632453805,0.0169491590037172,0.033266645400087974,-0.06463705471311444,0.059712992889815686,-0.023502863602034997,-0.016265319818034522,0.018693441798794612,-0.015833027233824824,-0.050555297501164845
APLP1,-0.03551468300762376,-0.007367030458395072,0.052095378640676974,-0.002758382435852442,0.02022117537534693,-0.03566628830107383,0.049524578929146884,-0.006606281094331584,-0.007031405001695977,0.060618341671746734,0.032282300921144966,0.008153898409714656,-0.023665726910526118,-0.021284718759942624,-0.017556180090957912,-0.059108009580917525
FANCD2,-0.047456021807806205,0.0056406094758058665,0.012905228278549466,0.11900534968115747,0.03068657216018188,0.01281183467188975,-0.035791286161362665,0.02021325451545418,-0.004745359046171628,-0.014571253894047792,0.01901612864549178,-0.0023547549646706044,0.02433414166864833,-0.024642373968380774,-0.03564727282716896,-0.018354753167776492
ACACB,0.0038243932134058183,-0.014660290664886076,0.042538982947459794,0.03695967838619284,-0.015197989515043527,-0.010875727221917594,0.008863888572103707,0.03741856775560144,0.04711537653131852,-0.007183703799673044,-0.06072802670200051,0.04826738954991515,-0.017216507902951136,-0.026987888275370506,0.034195512149479815,0.04509593597821014
GALT,0.015693770283523183,0.034174384090917456,-0.005690675186849119,0.03285382169736353,-0.025001969925101078,-0.009223146731876354,0.0602444364747132,0.027637601673201048,0.04677706272742287,0.023126915414511392,-0.029291454743396714,-0.0009604015524242575,0.031760954571140726,-0.03429550814069393,-0.020212936626331005,-0.036885334193536554
EPB41L3,-0.00331322140460017,-0.022182562136214765,0.02492131280903487,0.04177214466942696,-0.04476900644556715,-0.05459401401380381,0.036559097464096045,0.01384999116021933,0.03156349803663048,-0.0034977133061267884,0.024710254581048106,-0.05234819104083631,-0.031047921418570226,0.05417374144893375,0.01634356481297481,-0.0010687944065408718
HOXA9,-0.02790762163743803,0.010653586193142816,0.012113255821666506,0.04761708203224991,0.012924621475021434,-0.04678311138471493,0.02408954736701731,-0.030093661989157007,0.01376035842826387,-0.02451030501004773,-0.012720218812909405,0.0046017436760254675,-0.008726437616054109,-0.06347802873139635,0.014137407254466019,0.025697039358464346
SH3RF2,0.011963597920512326,-0.011981150886309895,0.03910585052537344,-0.022256011367047166,-0.0005346228255664158,-0.04298795306563473,-0.011281608036277702,0.0219265460344326,0.031366988340861116,-0.009442474057628977,-0.053435159151498324,0.07733895050800187,0.008626240799871863,-0.021876486326642096,-0.020167615562275892,0.08782420466673424
BAG3,-0.001289690849794166,0.010832183496341566,0.01967992941798641,-0.0029563017051987463,-0.00866834327181197,-0.07505276308452662,-0.016367223221021056,-0.014567130055659034,-0.01868027936496616,0.08046998740587745,-0.1006777631386287,-0.01661732590438393,0.02331725135409172,0.0006704589896723429,-0.022394766651655604,0.06421828658649877
PRKCZ,0.004797921848267241,0.025876119739447416,0.00979431628661797,0.028056520604717704,-0.024093899966461267,0.05746474909809409,0.04530774106000176,-0.01953192708574615,0.04525122053002915,0.08124015115969405,-0.05409264841112722,-0.010767064798805091,-0.012661315478276744,0.037255521504921535,0.04195683783683521,-0.07552643959327633
IFT57,-0.01790523184692441,-0.022722910813751055,0.032700172696736605,-0.0008978585772688541,0.028169607245163066,-0.08157608071872317,0.02211925707355681,-0.013020909679650368,-0.0005738365367376121,0.009268923817822888,-0.00868621092928752,-0.02094043900409489,0.004764045723214478,0.026342610499323495,-0.01508169119642986,0.04540294208883736
HECW2,0.00589418488616875,-0.0011844944694811709,0.06935251335225662,-0.027496318940848266,-0.02656709402669495,0.011534862947258234,-0.07036222360714976,0.05242321314879878,-0.005781554370151241,-0.03057070465224218,0.024059744500728626,-0.055870252253708355,-0.05630708859989372,-0.027729019921350104,0.010019626995916235,-0.05624633779186111
COTL1,0.04466109037017827,-0.01669781844141583,-0.0250472511752949,0.06882274387727452,-0.041627878410767975,0.015422082079456284,0.023138869752327543,0.010675301809413009,-0.04924169498874654,0.014038668917592482,0.03903062806716143,0.0401091287684551,0.01733266420810755,-0.04018619361366996,0.037687322829319886,-0.028135451992993207
LRFN3,0.009238631891599841,0.01523277641245974,0.0513418933319295,-0.01117340810488551,0.036446354113752244,-0.05162742357497026,0.029036423095072678,-0.028260013178491937,0.01001267968594476,0.016453097263704274,-0.004315353809492746,-0.0036507696467817513,-0.06294326468281408,0.007441417820401695,0.015259800501090904,0.0030041365155355666
DNM1,0.027125803270079456,0.03025538533412073,0.06301400055592457,0.002549163735006877,0.06693371499240125,-0.017256841826877582,0.0007723521130083497,-0.054257374899196645,0.04492588598281389,0.017900141855051448,-0.022859902479453232,0.012384854589785763,-0.013511726354972973,0.04610759254014874,-0.026203426762419824,-0.0018708242348694868
KLF5,0.0006076871700479401,0.034288708786261536,0.018933439900858395,0.04688464892913806,0.010521939732772295,-0.008908720459281226,-0.07162833964250485,0.028006157418224445,0.07008248698490308,0.0635758581988543,0.013136338077732613,-0.00787094583842591,0.02159668429913518,0.0581073655361625,-0.02030225476763517,0.017795821620688684
ARHGAP9,0.06894678514386084,-0.055340030075524696,-0.010342271827930221,0.0496684119824923,-0.009453762699390196,0.010441220567221422,0.06726353974247576,0.002559184242225579,0.022259703589555115,0.01134484813321476,0.037639939060353164,-0.026481279690874417,0.018272262344553977,-0.004725284917842629,0.00898135787155637,0.011924391748591223
CIRBP,0.03311296274451713,0.018490470354452827,0.010310716451609064,-0.007070445485463123,-0.02395120063274564,-0.03427391751782157,0.014938567237570784,0.01467464390759643,0.034285757531108185,-0.04479821758522027,-0.014002052615390045,0.05189021460790405,-0.012805939248895832,-0.042377486646574584,0.0437693483043219,-0.06440549842259366
PARP14,0.04767049913758117,-0.037053585566017906,0.019684158271059217,0.02030690649092473,-0.0002959529756482908,-0.05759823647966852,0.02415476579551485,0.08517428313762813,-0.0510679680463521,-0.02934648699653432,0.012961815101357257,0.022438572494255495,0.01662141804462754,-0.012472152602238794,0.005801016512850485,-0.04813931879521298
GNAZ,-0.03413414027857212,0.02849858891549721,0.006476306460246266,0.021106019987991248,0.010402697366681032,-0.07648168790222241,-0.0049895682746834355,0.04226099839148396,0.021441016714662975,0.04591873641935647,0.019311889099369543,-0.008550717084810786,0.01517431629698406,-0.08146653020809594,0.00881779095228422,-0.0326621848524246
CDKN2C,-0.02108615262538921,0.00011173158066522283,0.03556769560395594,0.034069269527637835,0.041908135835058355,-0.04952347951995488,0.030801005076103206,0.008436994226327826,-0.02632673944279483,-0.041274582567937174,-0.040621008686629156,-0.026062545229905427,0.0035173699360796463,-0.11512681669504739,-0.015210491087940217,-0.059214368399397206
BMP1,-0.0033735492337903837,-0.004055649094792642,0.06183737333048119,0.006008852944527637,0.03704491486313624,0.07695445973687413,0.014016529352922252,0.013367492400311346,-0.005976892845689235,0.031115388963892206,-0.03261227056058606,-0.015924036160846575,0.037205546131331535,0.06281192554294437,-0.041512567519771754,0.014888404029315617
ITGA9,0.032506423265594685,0.004712924301779219,0.05830895933547461,0.05483773231307121,-0.031003816820037996,-0.011761161204252876,-0.022807520462899,-0.04515893086522781,-0.00177579219722219,-0.05855256694763204,0.032340190096926576,0.0010032834425829674,-0.024457754117759932,0.03267961817777881,0.03017374710872562,-0.04412958898769407
CCBE1,0.008811756980270567,-0.04411065102420235,0.02885617341885762,-0.011655083294426698,0.00325558519470104,0.010441233556951937,-0.08778185814916431,-0.0178355999833736,0.002777921389995615,-0.0036194768740802994,0.03879336925690195,-0.026041369833240652,0.0905903059362527,-0.00871762178578899,-0.03093491845243563,0.0023143919791842296
LGALS3,0.043009232820257974,0.010321139107649582,0.0098556668919511,0.0016485910624603958,0.08024205296407723,0.039854374198729184,-0.03380534690430632,0.02336430382563548,0.028642789720001803,0.0642881807005431,0.07605448841930963,0.04692794108260977,0.044029843267508015,-0.061002307042922296,0.00636956610702142,0.01538034581802533
SLC16A10,0.04502924132563403,-0.018689912059784316,-0.0037915383545419866,0.08570236306454904,0.03515752397990406,0.016109387738823415,0.014601288565866826,-0.00214167653293534,0.07345217661280806,-0.0011121997355372781,-0.02583835834058921,-0.004437931257101077,-0.01611801026407244,0.03767301521929385,0.032979530983092975,0.06797125140583514
SLC26A11,-0.006719688858667383,0.013977374017295074,0.026348448276451775,0.013202739182459722,-0.028346948780112555,-0.029962026414772962,0.07513308318400866,0.01870526229546891,0.026299136628777406,0.028072554515320827,-0.010565696864161943,-0.04172782194988266,0.00434530768107079,0.02873768613902002,-0.02456405168326885,-0.08231580582172877
CARD9,0.062101797466773426,-0.04791955056587343,0.010206091121582828,0.023015469646235753,0.004669601992790302,-0.0037917282434208723,0.07177700263119279,0.016380188949512813,0.028164069919385432,0.04647044316169488,0.02086702818046878,0.03930868358578061,-0.06430803395904841,0.02287952076600819,0.014031730890626742,-0.007453906965998
OSBPL3,0.0479302533289709,-0.0027036624366704566,0.037815399427992294,0.04567357808400275,0.012271664039182104,-0.044393742028146,-0.01605514001445378,0.005166587606701471,0.01848933853402939,0.021849253812448417,-0.041815543633943575,0.05586395730048843,0.016267098533218966,0.012080068696775428,0.07145538670962301,-0.038937046171276975
ADARB1,0.01832446505603902,0.02593261824878064,0.06313794281409103,-0.014281706783313603,-0.024779744166820862,-0.004730113994151481,0.01162388813730321,-0.019605736043072773,0.028605433182282602,-0.010892783155564693,0.009403962539955148,-0.029290476752319782,-0.023694617122215628,0.06562493014121039,0.014914744270549618,-0.0017589116011343612
GSN,0.024866865032850266,0.027932136069105405,0.046383281880261695,-0.040601181104182496,-0.021897823538027664,0.007737630783897212,0.02732050184751674,0.03134634002754837,-0.005448245350582895,0.04320852943442904,-0.060883706096344775,0.04005777086552842,0.021004665900850046,-0.017750101248941157,-0.0503528003120378,-0.02989357195826598
RCN3,-0.011802985534703082,0.01699848402969054,0.04126489538145626,-0.01978340034049539,0.03660169183547823,0.10051613585644473,0.06374223997341644,0.012242856202589861,-0.08812217062667048,0.030947203538746255,0.013910041173473445,-0.002943595367881309,0.020231714785082282,0.020266005497428477,-0.06621010859377047,0.03297351152660934
LMNB1,-0.0285682799573511,-0.0174658726005253,0.00880360631905436,0.1295123855921117,0.028948587618626506,-0.0028070938673571506,-0.041051389830383644,0.04960247097988598,-0.029751004143840624,-0.010656556169193563,0.00939792251862815,0.022196437798946762,-0.03878503889881243,0.015194065614242091,-0.03132816493577777,-0.001252305672552273
CTNNAL1,0.01513771179391014,0.01805998053841831,0.020272320154119,0.012184955219145591,-0.01218153550385267,-0.005429262691335611,-0.05265056647856545,0.055501428903649466,0.011205120016310292,-0.04118873443627544,-0.04914489879223192,0.08811375215065236,-0.0006107871898899768,-0.04445136330815562,-0.016454455584693054,0.021140617099872912
TYMS,-0.056343261998184305,-0.010874367032639888,0.015308261938634623,0.08188345448960754,0.020097929643028766,-0.019326456945889896,-0.022929935211237425,0.013663730117555001,-0.038159530872636585,0.008393621843576783,-0.02997047762479075,0.0013940440202138671,0.019514136957847084,-0.0728918201906838,-0.0441783252747996,-0.0434205884734438
RHOJ,0.052136812588765985,0.02698947430758404,0.029116714600103025,0.019969539910118864,-0.028613646485715856,-0.001557572656914049,-0.07036648382510174,-0.056447324417804826,-0.03728667177526012,-0.008810084864052527,-0.013484924113479482,-0.024548864607198424,0.004184118841501781,-0.03563809219954856,-0.00817951617803862,-0.00184365435724544
EHD2,0.037213217070316926,0.07472446745294165,0.033736584568127614,0.0008036708134711028,0.03335984976733258,0.022366929315362605,-0.03173525356658968,0.014347182662978563,-0.04567072215941727,0.022436311721419334,0.07312730965217656,0.0004796313350320606,0.027118993394069865,-0.024216008770061685,-0.047103785472995034,-0.012282257523069757
EXT1,0.018755391613618604,-0.04429904508339689,0.053879355431159785,-0.009608013105478194,0.052910574396216846,0.04012398210595243,-0.007388067735762995,-0.07523409043967584,0.062122494211356204,-0.0020808204719853837,-0.005400880126495759,-0.02312205064782629,-0.015410257190366037,-0.019573732700218123,-0.04082784675489286,-0.09488699358022365
JUN,0.015930089735271352,0.06044484822685635,0.013606358237718937,0.018050064479397564,0.03982653877576675,-0.021743038948613107,0.024402849349506033,-0.02844755085473999,-0.0023229502541016016,0.04856049544280709,-0.031142509664247787,-0.00894734982515822,-0.014138786450630637,-0.08531096414273798,0.033962838359986355,0.028120833646960282
POLR1C,-0.03580020846048486,-0.013399643235278145,-0.0035143106026646414,0.07832868434885845,0.016634463943238094,-0.028406612014218388,0.016203953401246893,-0.05137730274573325,-0.0556197780271789,0.028372218376813984,0.046206416463362196,-0.03225731373673134,-0.07257574982885226,-0.016126318567254227,0.03287541908080267,0.03879043360037681
HSPB1,-0.008804229141386781,0.00023552872189324444,0.015406168110340974,0.04564215018560763,-0.030641156856960214,-0.04438195076251392,-0.0037880872338873876,-0.00874130142874164,0.005551008960117089,0.13371995741346257,0.059973580149595127,-0.013680703681664247,-0.011756159582246609,0.03449196744450422,-0.07896000405225657,0.04815756870469248
NR1D1,0.003149657196316119,0.033372464293446355,0.021719388927846448,-0.011296480676394344,0.03377796760136359,-0.03932534420988303,-0.03759141100207636,0.04895861614601151,0.01720983443809399,0.024699200619240923,0.06602210474760394,-0.0010125785871245652,-0.004316992889459628,0.033366655739491005,0.007904254576540249,-0.019034068951350052
CD44,0.05523707924179927,0.019005795244896467,-0.0065876155097356935,0.026712246182947638,0.06295763569152371,0.004683489174721147,-0.021514466796840555,0.04790428448252569,-0.0045016601938037745,0.04290539146586273,-0.03367524031290975,-0.029582243702577372,0.033234389917690565,0.11144438073821882,0.04218642388756866,-0.015185460930711393
COPZ2,0.003921500098197435,0.021568155477800093,0.03173118416442786,-0.07552761157364825,0.018422470238681488,0.07314654803478879,0.0441176184950391,0.06425310023747949,-0.053908178176144066,-0.0003684946844166215,0.028623990157339123,0.053204645738700804,-0.043591058737751306,-0.011063020933281853,-0.058766907657942194,-0.01860200836563601
